
****** Vivado v2024.2 (64-bit)
  **** SW Build 5239630 on Fri Nov 08 22:35:27 MST 2024
  **** IP Build 5239520 on Sun Nov 10 16:12:51 MST 2024
  **** SharedData Build 5239561 on Fri Nov 08 14:39:27 MST 2024
  **** Start of session at: Fri Aug  7 04:18:50 2026
    ** Copyright 1986-2022 Xilinx, Inc. All Rights Reserved.
    ** Copyright 2022-2024 Advanced Micro Devices, Inc. All Rights Reserved.

source run_impl_dwconv_only_200mhz.tcl
# set_param general.maxThreads 1
# set part      "xc7z020clg400-1"
# set proj_name "fastvit_dwconv_only_200mhz_proj"
# set script_dir [file normalize [file dirname [info script]]]
# set proj_dir   "$script_dir/$proj_name"
# set ip_dir "$script_dir/../fastvit_ip_w8a4/tier_b_single_ip/dwconv"
# create_project $proj_name $proj_dir -part $part -force
# set_property ip_repo_paths [list [file normalize $ip_dir]] [current_project]
# update_ip_catalog -rebuild
INFO: [IP_Flow 19-234] Refreshing IP repositories
INFO: [IP_Flow 19-1700] Loaded user IP repository 'e:/codes/microzed/fastvit_hls/fastvit_ip_w8a4/tier_b_single_ip/dwconv'.
INFO: [IP_Flow 19-2313] Loaded Vivado IP repository 'E:/Xilinx/Vivado/2024.2/data/ip'.
# create_bd_design fastvit_bd
Wrote  : <E:\codes\microzed\fastvit_hls\vivado_impl\fastvit_dwconv_only_200mhz_proj\fastvit_dwconv_only_200mhz_proj.srcs\sources_1\bd\fastvit_bd\fastvit_bd.bd> 
# create_bd_cell -type ip -vlnv xilinx.com:ip:processing_system7:5.5 ps7_0
# set_property -dict [list \
#     CONFIG.PCW_USE_S_AXI_HP0            {1} \
#     CONFIG.PCW_FPGA0_PERIPHERAL_FREQMHZ {200} \
#     CONFIG.PCW_EN_CLK0_PORT             {1} \
#     CONFIG.PCW_USE_M_AXI_GP0            {1} \
# ] [get_bd_cells ps7_0]
# make_bd_intf_pins_external [get_bd_intf_pins ps7_0/DDR]
# make_bd_intf_pins_external [get_bd_intf_pins ps7_0/FIXED_IO]
# create_bd_cell -type ip -vlnv user.org:hls:dwconv_only_top:1.0 worker_0
# create_bd_cell -type ip -vlnv xilinx.com:ip:proc_sys_reset:5.0 rst_ps7_0_200M
# create_bd_cell -type ip -vlnv xilinx.com:ip:axi_interconnect:2.1 ps_ctrl_ic
# set_property CONFIG.NUM_SI 1 [get_bd_cells ps_ctrl_ic]
# set_property CONFIG.NUM_MI 2 [get_bd_cells ps_ctrl_ic]
# create_bd_cell -type ip -vlnv xilinx.com:ip:smartconnect:1.0 sc_main
# set_property CONFIG.NUM_SI 4 [get_bd_cells sc_main]
# set clk [get_bd_pins ps7_0/FCLK_CLK0]
# connect_bd_net $clk [get_bd_pins rst_ps7_0_200M/slowest_sync_clk]
# connect_bd_net $clk [get_bd_pins worker_0/ap_clk]
# connect_bd_net $clk [get_bd_pins ps7_0/M_AXI_GP0_ACLK]
# connect_bd_net $clk [get_bd_pins ps7_0/S_AXI_HP0_ACLK]
# connect_bd_net $clk [get_bd_pins ps_ctrl_ic/ACLK]
# connect_bd_net $clk [get_bd_pins ps_ctrl_ic/S00_ACLK]
# foreach i {00 01} {
#     connect_bd_net $clk [get_bd_pins ps_ctrl_ic/M${i}_ACLK]
# }
# connect_bd_net $clk [get_bd_pins sc_main/aclk]
# connect_bd_net [get_bd_pins ps7_0/FCLK_RESET0_N] \
#                [get_bd_pins rst_ps7_0_200M/ext_reset_in]
# set rstn [get_bd_pins rst_ps7_0_200M/peripheral_aresetn]
# connect_bd_net $rstn [get_bd_pins worker_0/ap_rst_n]
# connect_bd_net $rstn [get_bd_pins ps_ctrl_ic/ARESETN]
# connect_bd_net $rstn [get_bd_pins ps_ctrl_ic/S00_ARESETN]
# foreach i {00 01} {
#     connect_bd_net $rstn [get_bd_pins ps_ctrl_ic/M${i}_ARESETN]
# }
# connect_bd_net $rstn [get_bd_pins sc_main/aresetn]
# connect_bd_intf_net [get_bd_intf_pins ps7_0/M_AXI_GP0]    [get_bd_intf_pins ps_ctrl_ic/S00_AXI]
# connect_bd_intf_net [get_bd_intf_pins ps_ctrl_ic/M00_AXI] [get_bd_intf_pins worker_0/s_axi_control]
# connect_bd_intf_net [get_bd_intf_pins ps_ctrl_ic/M01_AXI] [get_bd_intf_pins worker_0/s_axi_ctrl]
# set idx 0
# foreach m {gmem0 gmem1 gmem2 gmem3} {
#     set si [format "S%02d_AXI" $idx]
#     connect_bd_intf_net [get_bd_intf_pins worker_0/m_axi_dwconv_$m] [get_bd_intf_pins sc_main/$si]
#     incr idx
# }
# connect_bd_intf_net [get_bd_intf_pins sc_main/M00_AXI] [get_bd_intf_pins ps7_0/S_AXI_HP0]
# assign_bd_address
INFO: [BD 41-3093] Triggering Legacy Auto Assign Algorithm
Slave segment '/ps7_0/S_AXI_HP0/HP0_DDR_LOWOCM' is being assigned into address space '/worker_0/m_axi_dwconv_gmem0' at <0x0000_0000 [ 512M ]>.
Slave segment '/ps7_0/S_AXI_HP0/HP0_DDR_LOWOCM' is being assigned into address space '/worker_0/m_axi_dwconv_gmem1' at <0x0000_0000 [ 512M ]>.
Slave segment '/ps7_0/S_AXI_HP0/HP0_DDR_LOWOCM' is being assigned into address space '/worker_0/m_axi_dwconv_gmem2' at <0x0000_0000 [ 512M ]>.
Slave segment '/ps7_0/S_AXI_HP0/HP0_DDR_LOWOCM' is being assigned into address space '/worker_0/m_axi_dwconv_gmem3' at <0x0000_0000 [ 512M ]>.
Slave segment '/worker_0/s_axi_control/reg0' is being assigned into address space '/ps7_0/Data' at <0x4000_0000 [ 2K ]>.
Slave segment '/worker_0/s_axi_ctrl/reg0' is being assigned into address space '/ps7_0/Data' at <0x4000_0800 [ 2K ]>.
# validate_bd_design
INFO: [BD 5-943] Reserving offset range <0x0000_0000 [ 512M ]> from slave interface '/sc_main/S00_AXI' to master interface '/sc_main/M00_AXI'. This will be used by smartconnect on path for routing.
INFO: [BD 5-943] Reserving offset range <0x0000_0000 [ 512M ]> from slave interface '/sc_main/S01_AXI' to master interface '/sc_main/M00_AXI'. This will be used by smartconnect on path for routing.
INFO: [BD 5-943] Reserving offset range <0x0000_0000 [ 512M ]> from slave interface '/sc_main/S02_AXI' to master interface '/sc_main/M00_AXI'. This will be used by smartconnect on path for routing.
INFO: [BD 5-943] Reserving offset range <0x0000_0000 [ 512M ]> from slave interface '/sc_main/S03_AXI' to master interface '/sc_main/M00_AXI'. This will be used by smartconnect on path for routing.
INFO: [xilinx.com:ip:smartconnect:1.0-1] fastvit_bd_sc_main_0: SmartConnect fastvit_bd_sc_main_0 is in High-performance Mode.
CRITICAL WARNING: [xilinx.com:ip:smartconnect:1.0-1] fastvit_bd_sc_main_0: RUSER_WIDTH (1) of S00_AXI must be integer number of bits per byte of RDATA (32).
CRITICAL WARNING: [xilinx.com:ip:smartconnect:1.0-1] fastvit_bd_sc_main_0: WUSER_WIDTH (1) of S00_AXI must be integer number of bits per byte of WDATA (32).
CRITICAL WARNING: [xilinx.com:ip:smartconnect:1.0-1] fastvit_bd_sc_main_0: RUSER_WIDTH (1) of S01_AXI must be integer number of bits per byte of RDATA (32).
CRITICAL WARNING: [xilinx.com:ip:smartconnect:1.0-1] fastvit_bd_sc_main_0: WUSER_WIDTH (1) of S01_AXI must be integer number of bits per byte of WDATA (32).
CRITICAL WARNING: [xilinx.com:ip:smartconnect:1.0-1] fastvit_bd_sc_main_0: RUSER_WIDTH (1) of S02_AXI must be integer number of bits per byte of RDATA (32).
CRITICAL WARNING: [xilinx.com:ip:smartconnect:1.0-1] fastvit_bd_sc_main_0: WUSER_WIDTH (1) of S02_AXI must be integer number of bits per byte of WDATA (32).
CRITICAL WARNING: [xilinx.com:ip:smartconnect:1.0-1] fastvit_bd_sc_main_0: RUSER_WIDTH (1) of S03_AXI must be integer number of bits per byte of RDATA (32).
CRITICAL WARNING: [xilinx.com:ip:smartconnect:1.0-1] fastvit_bd_sc_main_0: WUSER_WIDTH (1) of S03_AXI must be integer number of bits per byte of WDATA (32).
WARNING: [BD 41-237] Bus Interface property AWUSER_WIDTH does not match between /ps7_0/S_AXI_HP0(0) and /sc_main/M00_AXI(1)
WARNING: [BD 41-237] Bus Interface property ARUSER_WIDTH does not match between /ps7_0/S_AXI_HP0(0) and /sc_main/M00_AXI(1)
WARNING: [BD 41-237] Bus Interface property BUSER_WIDTH does not match between /ps7_0/S_AXI_HP0(0) and /sc_main/M00_AXI(1)
# save_bd_design
Wrote  : <E:\codes\microzed\fastvit_hls\vivado_impl\fastvit_dwconv_only_200mhz_proj\fastvit_dwconv_only_200mhz_proj.srcs\sources_1\bd\fastvit_bd\fastvit_bd.bd> 
# generate_target all [get_files fastvit_bd.bd]
INFO: [BD 41-1662] The design 'fastvit_bd.bd' is already validated. Therefore parameter propagation will not be re-run.
WARNING: [BD 41-2384] Width mismatch when connecting pin: '/sc_main/S00_AXI_arlock'(1) to pin: '/worker_0/m_axi_dwconv_gmem0_ARLOCK'(2) - Only lower order bits will be connected.
WARNING: [BD 41-2384] Width mismatch when connecting pin: '/sc_main/S01_AXI_arlock'(1) to pin: '/worker_0/m_axi_dwconv_gmem1_ARLOCK'(2) - Only lower order bits will be connected.
WARNING: [BD 41-2384] Width mismatch when connecting pin: '/sc_main/S02_AXI_arlock'(1) to pin: '/worker_0/m_axi_dwconv_gmem2_ARLOCK'(2) - Only lower order bits will be connected.
WARNING: [BD 41-2384] Width mismatch when connecting pin: '/sc_main/S03_AXI_awlock'(1) to pin: '/worker_0/m_axi_dwconv_gmem3_AWLOCK'(2) - Only lower order bits will be connected.
Verilog Output written to : E:/codes/microzed/fastvit_hls/vivado_impl/fastvit_dwconv_only_200mhz_proj/fastvit_dwconv_only_200mhz_proj.gen/sources_1/bd/fastvit_bd/synth/fastvit_bd.v
WARNING: [BD 41-2384] Width mismatch when connecting pin: '/sc_main/S00_AXI_arlock'(1) to pin: '/worker_0/m_axi_dwconv_gmem0_ARLOCK'(2) - Only lower order bits will be connected.
WARNING: [BD 41-2384] Width mismatch when connecting pin: '/sc_main/S01_AXI_arlock'(1) to pin: '/worker_0/m_axi_dwconv_gmem1_ARLOCK'(2) - Only lower order bits will be connected.
WARNING: [BD 41-2384] Width mismatch when connecting pin: '/sc_main/S02_AXI_arlock'(1) to pin: '/worker_0/m_axi_dwconv_gmem2_ARLOCK'(2) - Only lower order bits will be connected.
WARNING: [BD 41-2384] Width mismatch when connecting pin: '/sc_main/S03_AXI_awlock'(1) to pin: '/worker_0/m_axi_dwconv_gmem3_AWLOCK'(2) - Only lower order bits will be connected.
Verilog Output written to : E:/codes/microzed/fastvit_hls/vivado_impl/fastvit_dwconv_only_200mhz_proj/fastvit_dwconv_only_200mhz_proj.gen/sources_1/bd/fastvit_bd/sim/fastvit_bd.v
Verilog Output written to : E:/codes/microzed/fastvit_hls/vivado_impl/fastvit_dwconv_only_200mhz_proj/fastvit_dwconv_only_200mhz_proj.gen/sources_1/bd/fastvit_bd/hdl/fastvit_bd_wrapper.v
INFO: [IP_Flow 19-5611] Unable to find an associated reset port for the interface 'M_AXI_GP0'. A default connection has been created.
INFO: [IP_Flow 19-5611] Unable to find an associated reset port for the interface 'S_AXI_HP0'. A default connection has been created.
INFO: [BD 41-1029] Generation completed for the IP Integrator block ps7_0 .
INFO: [BD 41-1029] Generation completed for the IP Integrator block worker_0 .
INFO: [BD 41-1029] Generation completed for the IP Integrator block rst_ps7_0_200M .
INFO: [BD 41-1029] Generation completed for the IP Integrator block ps_ctrl_ic/xbar .
WARNING: [IP_Flow 19-4994] Overwriting existing constraint file 'e:/codes/microzed/fastvit_hls/vivado_impl/fastvit_dwconv_only_200mhz_proj/fastvit_dwconv_only_200mhz_proj.gen/sources_1/bd/fastvit_bd/ip/fastvit_bd_ps_ctrl_ic_imp_auto_pc_0/fastvit_bd_ps_ctrl_ic_imp_auto_pc_0_ooc.xdc'
INFO: [BD 41-1029] Generation completed for the IP Integrator block ps_ctrl_ic/s00_couplers/auto_pc .
Exporting to file e:/codes/microzed/fastvit_hls/vivado_impl/fastvit_dwconv_only_200mhz_proj/fastvit_dwconv_only_200mhz_proj.gen/sources_1/bd/fastvit_bd/ip/fastvit_bd_sc_main_0/bd_0/hw_handoff/fastvit_bd_sc_main_0.hwh
Generated Hardware Definition File e:/codes/microzed/fastvit_hls/vivado_impl/fastvit_dwconv_only_200mhz_proj/fastvit_dwconv_only_200mhz_proj.gen/sources_1/bd/fastvit_bd/ip/fastvit_bd_sc_main_0/bd_0/synth/fastvit_bd_sc_main_0.hwdef
INFO: [BD 41-1029] Generation completed for the IP Integrator block sc_main .
Exporting to file E:/codes/microzed/fastvit_hls/vivado_impl/fastvit_dwconv_only_200mhz_proj/fastvit_dwconv_only_200mhz_proj.gen/sources_1/bd/fastvit_bd/hw_handoff/fastvit_bd.hwh
Generated Hardware Definition File E:/codes/microzed/fastvit_hls/vivado_impl/fastvit_dwconv_only_200mhz_proj/fastvit_dwconv_only_200mhz_proj.gen/sources_1/bd/fastvit_bd/synth/fastvit_bd.hwdef
generate_target: Time (s): cpu = 00:00:09 ; elapsed = 00:00:10 . Memory (MB): peak = 712.281 ; gain = 84.535
# make_wrapper -files [get_files fastvit_bd.bd] -top
WARNING: [Vivado 12-818] No files matched '*'
# set wrapper_files [get_files -filter {NAME =~ *fastvit_bd_wrapper.v}]
# if {[llength $wrapper_files] == 0} {
#     set wrapper "$proj_dir/${proj_name}.gen/sources_1/bd/fastvit_bd/hdl/fastvit_bd_wrapper.v"
#     add_files -norecurse $wrapper
# }
# set_property top fastvit_bd_wrapper [current_fileset]
# update_compile_order -fileset sources_1
# puts ">>> Launching Synthesis (jobs=4)..."
>>> Launching Synthesis (jobs=4)...
# launch_runs synth_1 -jobs 4
INFO: [IP_Flow 19-6930] IPCACHE: runCacheChecks() number of threads = 8
INFO: [IP_Flow 19-6921] IPCACHE: Adding cache check func to thread queue for IP fastvit_bd_ps_ctrl_ic_imp_auto_pc_0
INFO: [IP_Flow 19-6921] IPCACHE: Adding cache check func to thread queue for IP fastvit_bd_ps_ctrl_ic_imp_xbar_0
INFO: [IP_Flow 19-6921] IPCACHE: Adding cache check func to thread queue for IP fastvit_bd_rst_ps7_0_200M_0
INFO: [IP_Flow 19-6921] IPCACHE: Adding cache check func to thread queue for IP fastvit_bd_sc_main_0
INFO: [IP_Flow 19-6921] IPCACHE: Adding cache check func to thread queue for IP fastvit_bd_worker_0_0
INFO: [IP_Flow 19-8020] IPCACHE: runCacheChecks() calling threadPool finishWork()
INFO: [IP_Flow 19-6924] IPCACHE: Running cache check for IP inst: fastvit_bd_ps_ctrl_ic_imp_auto_pc_0
INFO: [IP_Flow 19-6924] IPCACHE: Running cache check for IP inst: fastvit_bd_ps_ctrl_ic_imp_xbar_0
INFO: [IP_Flow 19-6924] IPCACHE: Running cache check for IP inst: fastvit_bd_rst_ps7_0_200M_0
INFO: [IP_Flow 19-6924] IPCACHE: Running cache check for IP inst: fastvit_bd_sc_main_0
INFO: [IP_Flow 19-6924] IPCACHE: Running cache check for IP inst: fastvit_bd_worker_0_0
WARNING: [Vivado 12-7122] Auto Incremental Compile:: No reference checkpoint was found in run synth_1. Auto-incremental flow will not be run, the standard flow will be run instead.
[Fri Aug  7 04:19:10 2026] Launched fastvit_bd_ps7_0_0_synth_1, fastvit_bd_worker_0_0_synth_1, fastvit_bd_rst_ps7_0_200M_0_synth_1, fastvit_bd_ps_ctrl_ic_imp_xbar_0_synth_1, fastvit_bd_sc_main_0_synth_1, fastvit_bd_ps_ctrl_ic_imp_auto_pc_0_synth_1...
Run output will be captured here:
fastvit_bd_ps7_0_0_synth_1: E:/codes/microzed/fastvit_hls/vivado_impl/fastvit_dwconv_only_200mhz_proj/fastvit_dwconv_only_200mhz_proj.runs/fastvit_bd_ps7_0_0_synth_1/runme.log
fastvit_bd_worker_0_0_synth_1: E:/codes/microzed/fastvit_hls/vivado_impl/fastvit_dwconv_only_200mhz_proj/fastvit_dwconv_only_200mhz_proj.runs/fastvit_bd_worker_0_0_synth_1/runme.log
fastvit_bd_rst_ps7_0_200M_0_synth_1: E:/codes/microzed/fastvit_hls/vivado_impl/fastvit_dwconv_only_200mhz_proj/fastvit_dwconv_only_200mhz_proj.runs/fastvit_bd_rst_ps7_0_200M_0_synth_1/runme.log
fastvit_bd_ps_ctrl_ic_imp_xbar_0_synth_1: E:/codes/microzed/fastvit_hls/vivado_impl/fastvit_dwconv_only_200mhz_proj/fastvit_dwconv_only_200mhz_proj.runs/fastvit_bd_ps_ctrl_ic_imp_xbar_0_synth_1/runme.log
fastvit_bd_sc_main_0_synth_1: E:/codes/microzed/fastvit_hls/vivado_impl/fastvit_dwconv_only_200mhz_proj/fastvit_dwconv_only_200mhz_proj.runs/fastvit_bd_sc_main_0_synth_1/runme.log
fastvit_bd_ps_ctrl_ic_imp_auto_pc_0_synth_1: E:/codes/microzed/fastvit_hls/vivado_impl/fastvit_dwconv_only_200mhz_proj/fastvit_dwconv_only_200mhz_proj.runs/fastvit_bd_ps_ctrl_ic_imp_auto_pc_0_synth_1/runme.log
[Fri Aug  7 04:19:10 2026] Launched synth_1...
Run output will be captured here: E:/codes/microzed/fastvit_hls/vivado_impl/fastvit_dwconv_only_200mhz_proj/fastvit_dwconv_only_200mhz_proj.runs/synth_1/runme.log
# wait_on_run synth_1
[Fri Aug  7 04:19:10 2026] Waiting for synth_1 to finish...


*** Running vivado
    with args -log fastvit_bd_wrapper.vds -m64 -product Vivado -mode batch -messageDb vivado.pb -notrace -source fastvit_bd_wrapper.tcl



****** Vivado v2024.2 (64-bit)
  **** SW Build 5239630 on Fri Nov 08 22:35:27 MST 2024
  **** IP Build 5239520 on Sun Nov 10 16:12:51 MST 2024
  **** SharedData Build 5239561 on Fri Nov 08 14:39:27 MST 2024
  **** Start of session at: Fri Aug  7 04:21:24 2026
    ** Copyright 1986-2022 Xilinx, Inc. All Rights Reserved.
    ** Copyright 2022-2024 Advanced Micro Devices, Inc. All Rights Reserved.

source fastvit_bd_wrapper.tcl -notrace
INFO: [IP_Flow 19-234] Refreshing IP repositories
INFO: [IP_Flow 19-1700] Loaded user IP repository 'e:/codes/microzed/fastvit_hls/fastvit_ip_w8a4/tier_b_single_ip/dwconv'.
INFO: [IP_Flow 19-2313] Loaded Vivado IP repository 'E:/Xilinx/Vivado/2024.2/data/ip'.
WARNING: [IP_Flow 19-4995] The host OS only allows 260 characters in a normal path. The IP cache path is more than 80 characters. If you experience issues with IP caching, please consider changing the IP cache to a location with a shorter path. Alternately consider using the OS subst command to map part of the path to a drive letter. 
Current IP cache path is e:/codes/microzed/fastvit_hls/vivado_impl/fastvit_dwconv_only_200mhz_proj/fastvit_dwconv_only_200mhz_proj.cache/ip 
Command: synth_design -top fastvit_bd_wrapper -part xc7z020clg400-1
Starting synth_design
Attempting to get a license for feature 'Synthesis' and/or device 'xc7z020'
INFO: [Common 17-349] Got license for feature 'Synthesis' and/or device 'xc7z020'
INFO: [Device 21-403] Loading part xc7z020clg400-1
INFO: [Synth 8-7079] Multithreading enabled for synth_design using a maximum of 1 processes.
INFO: [Synth 8-7078] Launching helper process for spawning children vivado processes
INFO: [Synth 8-7075] Helper process launched with PID 6560932
---------------------------------------------------------------------------------
Starting RTL Elaboration : Time (s): cpu = 00:00:03 ; elapsed = 00:00:03 . Memory (MB): peak = 1124.191 ; gain = 468.840
---------------------------------------------------------------------------------
INFO: [Synth 8-6157] synthesizing module 'fastvit_bd_wrapper' [E:/codes/microzed/fastvit_hls/vivado_impl/fastvit_dwconv_only_200mhz_proj/fastvit_dwconv_only_200mhz_proj.gen/sources_1/bd/fastvit_bd/hdl/fastvit_bd_wrapper.v:13]
INFO: [Synth 8-6157] synthesizing module 'fastvit_bd' [e:/codes/microzed/fastvit_hls/vivado_impl/fastvit_dwconv_only_200mhz_proj/fastvit_dwconv_only_200mhz_proj.gen/sources_1/bd/fastvit_bd/synth/fastvit_bd.v:13]
INFO: [Synth 8-6157] synthesizing module 'fastvit_bd_ps7_0_0' [E:/codes/microzed/fastvit_hls/vivado_impl/fastvit_dwconv_only_200mhz_proj/fastvit_dwconv_only_200mhz_proj.runs/synth_1/.Xil/Vivado-6568120-DESKTOP-GBLH5MP/realtime/fastvit_bd_ps7_0_0_stub.v:6]
INFO: [Synth 8-6155] done synthesizing module 'fastvit_bd_ps7_0_0' (0#1) [E:/codes/microzed/fastvit_hls/vivado_impl/fastvit_dwconv_only_200mhz_proj/fastvit_dwconv_only_200mhz_proj.runs/synth_1/.Xil/Vivado-6568120-DESKTOP-GBLH5MP/realtime/fastvit_bd_ps7_0_0_stub.v:6]
WARNING: [Synth 8-7071] port 'S_AXI_HP0_BID' of module 'fastvit_bd_ps7_0_0' is unconnected for instance 'ps7_0' [e:/codes/microzed/fastvit_hls/vivado_impl/fastvit_dwconv_only_200mhz_proj/fastvit_dwconv_only_200mhz_proj.gen/sources_1/bd/fastvit_bd/synth/fastvit_bd.v:264]
WARNING: [Synth 8-7071] port 'S_AXI_HP0_RID' of module 'fastvit_bd_ps7_0_0' is unconnected for instance 'ps7_0' [e:/codes/microzed/fastvit_hls/vivado_impl/fastvit_dwconv_only_200mhz_proj/fastvit_dwconv_only_200mhz_proj.gen/sources_1/bd/fastvit_bd/synth/fastvit_bd.v:264]
WARNING: [Synth 8-7071] port 'S_AXI_HP0_RCOUNT' of module 'fastvit_bd_ps7_0_0' is unconnected for instance 'ps7_0' [e:/codes/microzed/fastvit_hls/vivado_impl/fastvit_dwconv_only_200mhz_proj/fastvit_dwconv_only_200mhz_proj.gen/sources_1/bd/fastvit_bd/synth/fastvit_bd.v:264]
WARNING: [Synth 8-7071] port 'S_AXI_HP0_WCOUNT' of module 'fastvit_bd_ps7_0_0' is unconnected for instance 'ps7_0' [e:/codes/microzed/fastvit_hls/vivado_impl/fastvit_dwconv_only_200mhz_proj/fastvit_dwconv_only_200mhz_proj.gen/sources_1/bd/fastvit_bd/synth/fastvit_bd.v:264]
WARNING: [Synth 8-7071] port 'S_AXI_HP0_RACOUNT' of module 'fastvit_bd_ps7_0_0' is unconnected for instance 'ps7_0' [e:/codes/microzed/fastvit_hls/vivado_impl/fastvit_dwconv_only_200mhz_proj/fastvit_dwconv_only_200mhz_proj.gen/sources_1/bd/fastvit_bd/synth/fastvit_bd.v:264]
WARNING: [Synth 8-7071] port 'S_AXI_HP0_WACOUNT' of module 'fastvit_bd_ps7_0_0' is unconnected for instance 'ps7_0' [e:/codes/microzed/fastvit_hls/vivado_impl/fastvit_dwconv_only_200mhz_proj/fastvit_dwconv_only_200mhz_proj.gen/sources_1/bd/fastvit_bd/synth/fastvit_bd.v:264]
WARNING: [Synth 8-7023] instance 'ps7_0' of module 'fastvit_bd_ps7_0_0' has 107 connections declared, but only 101 given [e:/codes/microzed/fastvit_hls/vivado_impl/fastvit_dwconv_only_200mhz_proj/fastvit_dwconv_only_200mhz_proj.gen/sources_1/bd/fastvit_bd/synth/fastvit_bd.v:264]
INFO: [Synth 8-6157] synthesizing module 'fastvit_bd_ps_ctrl_ic_0' [e:/codes/microzed/fastvit_hls/vivado_impl/fastvit_dwconv_only_200mhz_proj/fastvit_dwconv_only_200mhz_proj.gen/sources_1/bd/fastvit_bd/synth/fastvit_bd.v:710]
INFO: [Synth 8-6157] synthesizing module 'm00_couplers_imp_6S90OJ' [e:/codes/microzed/fastvit_hls/vivado_impl/fastvit_dwconv_only_200mhz_proj/fastvit_dwconv_only_200mhz_proj.gen/sources_1/bd/fastvit_bd/synth/fastvit_bd.v:1181]
INFO: [Synth 8-6155] done synthesizing module 'm00_couplers_imp_6S90OJ' (0#1) [e:/codes/microzed/fastvit_hls/vivado_impl/fastvit_dwconv_only_200mhz_proj/fastvit_dwconv_only_200mhz_proj.gen/sources_1/bd/fastvit_bd/synth/fastvit_bd.v:1181]
INFO: [Synth 8-6157] synthesizing module 'm01_couplers_imp_YPELF9' [e:/codes/microzed/fastvit_hls/vivado_impl/fastvit_dwconv_only_200mhz_proj/fastvit_dwconv_only_200mhz_proj.gen/sources_1/bd/fastvit_bd/synth/fastvit_bd.v:1296]
INFO: [Synth 8-6155] done synthesizing module 'm01_couplers_imp_YPELF9' (0#1) [e:/codes/microzed/fastvit_hls/vivado_impl/fastvit_dwconv_only_200mhz_proj/fastvit_dwconv_only_200mhz_proj.gen/sources_1/bd/fastvit_bd/synth/fastvit_bd.v:1296]
INFO: [Synth 8-6157] synthesizing module 's00_couplers_imp_XWRLGY' [e:/codes/microzed/fastvit_hls/vivado_impl/fastvit_dwconv_only_200mhz_proj/fastvit_dwconv_only_200mhz_proj.gen/sources_1/bd/fastvit_bd/synth/fastvit_bd.v:1411]
INFO: [Synth 8-6157] synthesizing module 'fastvit_bd_ps_ctrl_ic_imp_auto_pc_0' [E:/codes/microzed/fastvit_hls/vivado_impl/fastvit_dwconv_only_200mhz_proj/fastvit_dwconv_only_200mhz_proj.runs/synth_1/.Xil/Vivado-6568120-DESKTOP-GBLH5MP/realtime/fastvit_bd_ps_ctrl_ic_imp_auto_pc_0_stub.v:6]
INFO: [Synth 8-6155] done synthesizing module 'fastvit_bd_ps_ctrl_ic_imp_auto_pc_0' (0#1) [E:/codes/microzed/fastvit_hls/vivado_impl/fastvit_dwconv_only_200mhz_proj/fastvit_dwconv_only_200mhz_proj.runs/synth_1/.Xil/Vivado-6568120-DESKTOP-GBLH5MP/realtime/fastvit_bd_ps_ctrl_ic_imp_auto_pc_0_stub.v:6]
INFO: [Synth 8-6155] done synthesizing module 's00_couplers_imp_XWRLGY' (0#1) [e:/codes/microzed/fastvit_hls/vivado_impl/fastvit_dwconv_only_200mhz_proj/fastvit_dwconv_only_200mhz_proj.gen/sources_1/bd/fastvit_bd/synth/fastvit_bd.v:1411]
INFO: [Synth 8-6157] synthesizing module 'fastvit_bd_ps_ctrl_ic_imp_xbar_0' [E:/codes/microzed/fastvit_hls/vivado_impl/fastvit_dwconv_only_200mhz_proj/fastvit_dwconv_only_200mhz_proj.runs/synth_1/.Xil/Vivado-6568120-DESKTOP-GBLH5MP/realtime/fastvit_bd_ps_ctrl_ic_imp_xbar_0_stub.v:6]
INFO: [Synth 8-6155] done synthesizing module 'fastvit_bd_ps_ctrl_ic_imp_xbar_0' (0#1) [E:/codes/microzed/fastvit_hls/vivado_impl/fastvit_dwconv_only_200mhz_proj/fastvit_dwconv_only_200mhz_proj.runs/synth_1/.Xil/Vivado-6568120-DESKTOP-GBLH5MP/realtime/fastvit_bd_ps_ctrl_ic_imp_xbar_0_stub.v:6]
WARNING: [Synth 8-7071] port 'm_axi_awprot' of module 'fastvit_bd_ps_ctrl_ic_imp_xbar_0' is unconnected for instance 'xbar' [e:/codes/microzed/fastvit_hls/vivado_impl/fastvit_dwconv_only_200mhz_proj/fastvit_dwconv_only_200mhz_proj.gen/sources_1/bd/fastvit_bd/synth/fastvit_bd.v:1140]
WARNING: [Synth 8-7071] port 'm_axi_arprot' of module 'fastvit_bd_ps_ctrl_ic_imp_xbar_0' is unconnected for instance 'xbar' [e:/codes/microzed/fastvit_hls/vivado_impl/fastvit_dwconv_only_200mhz_proj/fastvit_dwconv_only_200mhz_proj.gen/sources_1/bd/fastvit_bd/synth/fastvit_bd.v:1140]
WARNING: [Synth 8-7023] instance 'xbar' of module 'fastvit_bd_ps_ctrl_ic_imp_xbar_0' has 40 connections declared, but only 38 given [e:/codes/microzed/fastvit_hls/vivado_impl/fastvit_dwconv_only_200mhz_proj/fastvit_dwconv_only_200mhz_proj.gen/sources_1/bd/fastvit_bd/synth/fastvit_bd.v:1140]
INFO: [Synth 8-6155] done synthesizing module 'fastvit_bd_ps_ctrl_ic_0' (0#1) [e:/codes/microzed/fastvit_hls/vivado_impl/fastvit_dwconv_only_200mhz_proj/fastvit_dwconv_only_200mhz_proj.gen/sources_1/bd/fastvit_bd/synth/fastvit_bd.v:710]
INFO: [Synth 8-6157] synthesizing module 'fastvit_bd_rst_ps7_0_200M_0' [E:/codes/microzed/fastvit_hls/vivado_impl/fastvit_dwconv_only_200mhz_proj/fastvit_dwconv_only_200mhz_proj.runs/synth_1/.Xil/Vivado-6568120-DESKTOP-GBLH5MP/realtime/fastvit_bd_rst_ps7_0_200M_0_stub.v:6]
INFO: [Synth 8-6155] done synthesizing module 'fastvit_bd_rst_ps7_0_200M_0' (0#1) [E:/codes/microzed/fastvit_hls/vivado_impl/fastvit_dwconv_only_200mhz_proj/fastvit_dwconv_only_200mhz_proj.runs/synth_1/.Xil/Vivado-6568120-DESKTOP-GBLH5MP/realtime/fastvit_bd_rst_ps7_0_200M_0_stub.v:6]
WARNING: [Synth 8-7071] port 'mb_reset' of module 'fastvit_bd_rst_ps7_0_200M_0' is unconnected for instance 'rst_ps7_0_200M' [e:/codes/microzed/fastvit_hls/vivado_impl/fastvit_dwconv_only_200mhz_proj/fastvit_dwconv_only_200mhz_proj.gen/sources_1/bd/fastvit_bd/synth/fastvit_bd.v:447]
WARNING: [Synth 8-7071] port 'bus_struct_reset' of module 'fastvit_bd_rst_ps7_0_200M_0' is unconnected for instance 'rst_ps7_0_200M' [e:/codes/microzed/fastvit_hls/vivado_impl/fastvit_dwconv_only_200mhz_proj/fastvit_dwconv_only_200mhz_proj.gen/sources_1/bd/fastvit_bd/synth/fastvit_bd.v:447]
WARNING: [Synth 8-7071] port 'peripheral_reset' of module 'fastvit_bd_rst_ps7_0_200M_0' is unconnected for instance 'rst_ps7_0_200M' [e:/codes/microzed/fastvit_hls/vivado_impl/fastvit_dwconv_only_200mhz_proj/fastvit_dwconv_only_200mhz_proj.gen/sources_1/bd/fastvit_bd/synth/fastvit_bd.v:447]
WARNING: [Synth 8-7071] port 'interconnect_aresetn' of module 'fastvit_bd_rst_ps7_0_200M_0' is unconnected for instance 'rst_ps7_0_200M' [e:/codes/microzed/fastvit_hls/vivado_impl/fastvit_dwconv_only_200mhz_proj/fastvit_dwconv_only_200mhz_proj.gen/sources_1/bd/fastvit_bd/synth/fastvit_bd.v:447]
WARNING: [Synth 8-7023] instance 'rst_ps7_0_200M' of module 'fastvit_bd_rst_ps7_0_200M_0' has 10 connections declared, but only 6 given [e:/codes/microzed/fastvit_hls/vivado_impl/fastvit_dwconv_only_200mhz_proj/fastvit_dwconv_only_200mhz_proj.gen/sources_1/bd/fastvit_bd/synth/fastvit_bd.v:447]
INFO: [Synth 8-6157] synthesizing module 'fastvit_bd_sc_main_0' [E:/codes/microzed/fastvit_hls/vivado_impl/fastvit_dwconv_only_200mhz_proj/fastvit_dwconv_only_200mhz_proj.runs/synth_1/.Xil/Vivado-6568120-DESKTOP-GBLH5MP/realtime/fastvit_bd_sc_main_0_stub.v:6]
INFO: [Synth 8-6155] done synthesizing module 'fastvit_bd_sc_main_0' (0#1) [E:/codes/microzed/fastvit_hls/vivado_impl/fastvit_dwconv_only_200mhz_proj/fastvit_dwconv_only_200mhz_proj.runs/synth_1/.Xil/Vivado-6568120-DESKTOP-GBLH5MP/realtime/fastvit_bd_sc_main_0_stub.v:6]
WARNING: [Synth 8-7071] port 'M00_AXI_awuser' of module 'fastvit_bd_sc_main_0' is unconnected for instance 'sc_main' [e:/codes/microzed/fastvit_hls/vivado_impl/fastvit_dwconv_only_200mhz_proj/fastvit_dwconv_only_200mhz_proj.gen/sources_1/bd/fastvit_bd/synth/fastvit_bd.v:454]
WARNING: [Synth 8-7071] port 'M00_AXI_aruser' of module 'fastvit_bd_sc_main_0' is unconnected for instance 'sc_main' [e:/codes/microzed/fastvit_hls/vivado_impl/fastvit_dwconv_only_200mhz_proj/fastvit_dwconv_only_200mhz_proj.gen/sources_1/bd/fastvit_bd/synth/fastvit_bd.v:454]
WARNING: [Synth 8-7023] instance 'sc_main' of module 'fastvit_bd_sc_main_0' has 114 connections declared, but only 112 given [e:/codes/microzed/fastvit_hls/vivado_impl/fastvit_dwconv_only_200mhz_proj/fastvit_dwconv_only_200mhz_proj.gen/sources_1/bd/fastvit_bd/synth/fastvit_bd.v:454]
INFO: [Synth 8-6157] synthesizing module 'fastvit_bd_worker_0_0' [E:/codes/microzed/fastvit_hls/vivado_impl/fastvit_dwconv_only_200mhz_proj/fastvit_dwconv_only_200mhz_proj.runs/synth_1/.Xil/Vivado-6568120-DESKTOP-GBLH5MP/realtime/fastvit_bd_worker_0_0_stub.v:6]
INFO: [Synth 8-6155] done synthesizing module 'fastvit_bd_worker_0_0' (0#1) [E:/codes/microzed/fastvit_hls/vivado_impl/fastvit_dwconv_only_200mhz_proj/fastvit_dwconv_only_200mhz_proj.runs/synth_1/.Xil/Vivado-6568120-DESKTOP-GBLH5MP/realtime/fastvit_bd_worker_0_0_stub.v:6]
WARNING: [Synth 8-7071] port 'interrupt' of module 'fastvit_bd_worker_0_0' is unconnected for instance 'worker_0' [e:/codes/microzed/fastvit_hls/vivado_impl/fastvit_dwconv_only_200mhz_proj/fastvit_dwconv_only_200mhz_proj.gen/sources_1/bd/fastvit_bd/synth/fastvit_bd.v:567]
WARNING: [Synth 8-7071] port 'm_axi_dwconv_gmem0_AWVALID' of module 'fastvit_bd_worker_0_0' is unconnected for instance 'worker_0' [e:/codes/microzed/fastvit_hls/vivado_impl/fastvit_dwconv_only_200mhz_proj/fastvit_dwconv_only_200mhz_proj.gen/sources_1/bd/fastvit_bd/synth/fastvit_bd.v:567]
WARNING: [Synth 8-7071] port 'm_axi_dwconv_gmem0_AWADDR' of module 'fastvit_bd_worker_0_0' is unconnected for instance 'worker_0' [e:/codes/microzed/fastvit_hls/vivado_impl/fastvit_dwconv_only_200mhz_proj/fastvit_dwconv_only_200mhz_proj.gen/sources_1/bd/fastvit_bd/synth/fastvit_bd.v:567]
WARNING: [Synth 8-7071] port 'm_axi_dwconv_gmem0_AWID' of module 'fastvit_bd_worker_0_0' is unconnected for instance 'worker_0' [e:/codes/microzed/fastvit_hls/vivado_impl/fastvit_dwconv_only_200mhz_proj/fastvit_dwconv_only_200mhz_proj.gen/sources_1/bd/fastvit_bd/synth/fastvit_bd.v:567]
WARNING: [Synth 8-7071] port 'm_axi_dwconv_gmem0_AWLEN' of module 'fastvit_bd_worker_0_0' is unconnected for instance 'worker_0' [e:/codes/microzed/fastvit_hls/vivado_impl/fastvit_dwconv_only_200mhz_proj/fastvit_dwconv_only_200mhz_proj.gen/sources_1/bd/fastvit_bd/synth/fastvit_bd.v:567]
WARNING: [Synth 8-7071] port 'm_axi_dwconv_gmem0_AWSIZE' of module 'fastvit_bd_worker_0_0' is unconnected for instance 'worker_0' [e:/codes/microzed/fastvit_hls/vivado_impl/fastvit_dwconv_only_200mhz_proj/fastvit_dwconv_only_200mhz_proj.gen/sources_1/bd/fastvit_bd/synth/fastvit_bd.v:567]
WARNING: [Synth 8-7071] port 'm_axi_dwconv_gmem0_AWBURST' of module 'fastvit_bd_worker_0_0' is unconnected for instance 'worker_0' [e:/codes/microzed/fastvit_hls/vivado_impl/fastvit_dwconv_only_200mhz_proj/fastvit_dwconv_only_200mhz_proj.gen/sources_1/bd/fastvit_bd/synth/fastvit_bd.v:567]
WARNING: [Synth 8-7071] port 'm_axi_dwconv_gmem0_AWLOCK' of module 'fastvit_bd_worker_0_0' is unconnected for instance 'worker_0' [e:/codes/microzed/fastvit_hls/vivado_impl/fastvit_dwconv_only_200mhz_proj/fastvit_dwconv_only_200mhz_proj.gen/sources_1/bd/fastvit_bd/synth/fastvit_bd.v:567]
WARNING: [Synth 8-7071] port 'm_axi_dwconv_gmem0_AWCACHE' of module 'fastvit_bd_worker_0_0' is unconnected for instance 'worker_0' [e:/codes/microzed/fastvit_hls/vivado_impl/fastvit_dwconv_only_200mhz_proj/fastvit_dwconv_only_200mhz_proj.gen/sources_1/bd/fastvit_bd/synth/fastvit_bd.v:567]
WARNING: [Synth 8-7071] port 'm_axi_dwconv_gmem0_AWPROT' of module 'fastvit_bd_worker_0_0' is unconnected for instance 'worker_0' [e:/codes/microzed/fastvit_hls/vivado_impl/fastvit_dwconv_only_200mhz_proj/fastvit_dwconv_only_200mhz_proj.gen/sources_1/bd/fastvit_bd/synth/fastvit_bd.v:567]
WARNING: [Synth 8-7071] port 'm_axi_dwconv_gmem0_AWQOS' of module 'fastvit_bd_worker_0_0' is unconnected for instance 'worker_0' [e:/codes/microzed/fastvit_hls/vivado_impl/fastvit_dwconv_only_200mhz_proj/fastvit_dwconv_only_200mhz_proj.gen/sources_1/bd/fastvit_bd/synth/fastvit_bd.v:567]
WARNING: [Synth 8-7071] port 'm_axi_dwconv_gmem0_AWREGION' of module 'fastvit_bd_worker_0_0' is unconnected for instance 'worker_0' [e:/codes/microzed/fastvit_hls/vivado_impl/fastvit_dwconv_only_200mhz_proj/fastvit_dwconv_only_200mhz_proj.gen/sources_1/bd/fastvit_bd/synth/fastvit_bd.v:567]
WARNING: [Synth 8-7071] port 'm_axi_dwconv_gmem0_AWUSER' of module 'fastvit_bd_worker_0_0' is unconnected for instance 'worker_0' [e:/codes/microzed/fastvit_hls/vivado_impl/fastvit_dwconv_only_200mhz_proj/fastvit_dwconv_only_200mhz_proj.gen/sources_1/bd/fastvit_bd/synth/fastvit_bd.v:567]
WARNING: [Synth 8-7071] port 'm_axi_dwconv_gmem0_WVALID' of module 'fastvit_bd_worker_0_0' is unconnected for instance 'worker_0' [e:/codes/microzed/fastvit_hls/vivado_impl/fastvit_dwconv_only_200mhz_proj/fastvit_dwconv_only_200mhz_proj.gen/sources_1/bd/fastvit_bd/synth/fastvit_bd.v:567]
WARNING: [Synth 8-7071] port 'm_axi_dwconv_gmem0_WDATA' of module 'fastvit_bd_worker_0_0' is unconnected for instance 'worker_0' [e:/codes/microzed/fastvit_hls/vivado_impl/fastvit_dwconv_only_200mhz_proj/fastvit_dwconv_only_200mhz_proj.gen/sources_1/bd/fastvit_bd/synth/fastvit_bd.v:567]
WARNING: [Synth 8-7071] port 'm_axi_dwconv_gmem0_WSTRB' of module 'fastvit_bd_worker_0_0' is unconnected for instance 'worker_0' [e:/codes/microzed/fastvit_hls/vivado_impl/fastvit_dwconv_only_200mhz_proj/fastvit_dwconv_only_200mhz_proj.gen/sources_1/bd/fastvit_bd/synth/fastvit_bd.v:567]
WARNING: [Synth 8-7071] port 'm_axi_dwconv_gmem0_WLAST' of module 'fastvit_bd_worker_0_0' is unconnected for instance 'worker_0' [e:/codes/microzed/fastvit_hls/vivado_impl/fastvit_dwconv_only_200mhz_proj/fastvit_dwconv_only_200mhz_proj.gen/sources_1/bd/fastvit_bd/synth/fastvit_bd.v:567]
WARNING: [Synth 8-7071] port 'm_axi_dwconv_gmem0_WID' of module 'fastvit_bd_worker_0_0' is unconnected for instance 'worker_0' [e:/codes/microzed/fastvit_hls/vivado_impl/fastvit_dwconv_only_200mhz_proj/fastvit_dwconv_only_200mhz_proj.gen/sources_1/bd/fastvit_bd/synth/fastvit_bd.v:567]
WARNING: [Synth 8-7071] port 'm_axi_dwconv_gmem0_WUSER' of module 'fastvit_bd_worker_0_0' is unconnected for instance 'worker_0' [e:/codes/microzed/fastvit_hls/vivado_impl/fastvit_dwconv_only_200mhz_proj/fastvit_dwconv_only_200mhz_proj.gen/sources_1/bd/fastvit_bd/synth/fastvit_bd.v:567]
WARNING: [Synth 8-7071] port 'm_axi_dwconv_gmem0_ARREGION' of module 'fastvit_bd_worker_0_0' is unconnected for instance 'worker_0' [e:/codes/microzed/fastvit_hls/vivado_impl/fastvit_dwconv_only_200mhz_proj/fastvit_dwconv_only_200mhz_proj.gen/sources_1/bd/fastvit_bd/synth/fastvit_bd.v:567]
WARNING: [Synth 8-7071] port 'm_axi_dwconv_gmem0_BREADY' of module 'fastvit_bd_worker_0_0' is unconnected for instance 'worker_0' [e:/codes/microzed/fastvit_hls/vivado_impl/fastvit_dwconv_only_200mhz_proj/fastvit_dwconv_only_200mhz_proj.gen/sources_1/bd/fastvit_bd/synth/fastvit_bd.v:567]
WARNING: [Synth 8-7071] port 'm_axi_dwconv_gmem1_AWVALID' of module 'fastvit_bd_worker_0_0' is unconnected for instance 'worker_0' [e:/codes/microzed/fastvit_hls/vivado_impl/fastvit_dwconv_only_200mhz_proj/fastvit_dwconv_only_200mhz_proj.gen/sources_1/bd/fastvit_bd/synth/fastvit_bd.v:567]
WARNING: [Synth 8-7071] port 'm_axi_dwconv_gmem1_AWADDR' of module 'fastvit_bd_worker_0_0' is unconnected for instance 'worker_0' [e:/codes/microzed/fastvit_hls/vivado_impl/fastvit_dwconv_only_200mhz_proj/fastvit_dwconv_only_200mhz_proj.gen/sources_1/bd/fastvit_bd/synth/fastvit_bd.v:567]
WARNING: [Synth 8-7071] port 'm_axi_dwconv_gmem1_AWID' of module 'fastvit_bd_worker_0_0' is unconnected for instance 'worker_0' [e:/codes/microzed/fastvit_hls/vivado_impl/fastvit_dwconv_only_200mhz_proj/fastvit_dwconv_only_200mhz_proj.gen/sources_1/bd/fastvit_bd/synth/fastvit_bd.v:567]
WARNING: [Synth 8-7071] port 'm_axi_dwconv_gmem1_AWLEN' of module 'fastvit_bd_worker_0_0' is unconnected for instance 'worker_0' [e:/codes/microzed/fastvit_hls/vivado_impl/fastvit_dwconv_only_200mhz_proj/fastvit_dwconv_only_200mhz_proj.gen/sources_1/bd/fastvit_bd/synth/fastvit_bd.v:567]
WARNING: [Synth 8-7071] port 'm_axi_dwconv_gmem1_AWSIZE' of module 'fastvit_bd_worker_0_0' is unconnected for instance 'worker_0' [e:/codes/microzed/fastvit_hls/vivado_impl/fastvit_dwconv_only_200mhz_proj/fastvit_dwconv_only_200mhz_proj.gen/sources_1/bd/fastvit_bd/synth/fastvit_bd.v:567]
WARNING: [Synth 8-7071] port 'm_axi_dwconv_gmem1_AWBURST' of module 'fastvit_bd_worker_0_0' is unconnected for instance 'worker_0' [e:/codes/microzed/fastvit_hls/vivado_impl/fastvit_dwconv_only_200mhz_proj/fastvit_dwconv_only_200mhz_proj.gen/sources_1/bd/fastvit_bd/synth/fastvit_bd.v:567]
WARNING: [Synth 8-7071] port 'm_axi_dwconv_gmem1_AWLOCK' of module 'fastvit_bd_worker_0_0' is unconnected for instance 'worker_0' [e:/codes/microzed/fastvit_hls/vivado_impl/fastvit_dwconv_only_200mhz_proj/fastvit_dwconv_only_200mhz_proj.gen/sources_1/bd/fastvit_bd/synth/fastvit_bd.v:567]
WARNING: [Synth 8-7071] port 'm_axi_dwconv_gmem1_AWCACHE' of module 'fastvit_bd_worker_0_0' is unconnected for instance 'worker_0' [e:/codes/microzed/fastvit_hls/vivado_impl/fastvit_dwconv_only_200mhz_proj/fastvit_dwconv_only_200mhz_proj.gen/sources_1/bd/fastvit_bd/synth/fastvit_bd.v:567]
WARNING: [Synth 8-7071] port 'm_axi_dwconv_gmem1_AWPROT' of module 'fastvit_bd_worker_0_0' is unconnected for instance 'worker_0' [e:/codes/microzed/fastvit_hls/vivado_impl/fastvit_dwconv_only_200mhz_proj/fastvit_dwconv_only_200mhz_proj.gen/sources_1/bd/fastvit_bd/synth/fastvit_bd.v:567]
WARNING: [Synth 8-7071] port 'm_axi_dwconv_gmem1_AWQOS' of module 'fastvit_bd_worker_0_0' is unconnected for instance 'worker_0' [e:/codes/microzed/fastvit_hls/vivado_impl/fastvit_dwconv_only_200mhz_proj/fastvit_dwconv_only_200mhz_proj.gen/sources_1/bd/fastvit_bd/synth/fastvit_bd.v:567]
WARNING: [Synth 8-7071] port 'm_axi_dwconv_gmem1_AWREGION' of module 'fastvit_bd_worker_0_0' is unconnected for instance 'worker_0' [e:/codes/microzed/fastvit_hls/vivado_impl/fastvit_dwconv_only_200mhz_proj/fastvit_dwconv_only_200mhz_proj.gen/sources_1/bd/fastvit_bd/synth/fastvit_bd.v:567]
WARNING: [Synth 8-7071] port 'm_axi_dwconv_gmem1_AWUSER' of module 'fastvit_bd_worker_0_0' is unconnected for instance 'worker_0' [e:/codes/microzed/fastvit_hls/vivado_impl/fastvit_dwconv_only_200mhz_proj/fastvit_dwconv_only_200mhz_proj.gen/sources_1/bd/fastvit_bd/synth/fastvit_bd.v:567]
WARNING: [Synth 8-7071] port 'm_axi_dwconv_gmem1_WVALID' of module 'fastvit_bd_worker_0_0' is unconnected for instance 'worker_0' [e:/codes/microzed/fastvit_hls/vivado_impl/fastvit_dwconv_only_200mhz_proj/fastvit_dwconv_only_200mhz_proj.gen/sources_1/bd/fastvit_bd/synth/fastvit_bd.v:567]
WARNING: [Synth 8-7071] port 'm_axi_dwconv_gmem1_WDATA' of module 'fastvit_bd_worker_0_0' is unconnected for instance 'worker_0' [e:/codes/microzed/fastvit_hls/vivado_impl/fastvit_dwconv_only_200mhz_proj/fastvit_dwconv_only_200mhz_proj.gen/sources_1/bd/fastvit_bd/synth/fastvit_bd.v:567]
WARNING: [Synth 8-7071] port 'm_axi_dwconv_gmem1_WSTRB' of module 'fastvit_bd_worker_0_0' is unconnected for instance 'worker_0' [e:/codes/microzed/fastvit_hls/vivado_impl/fastvit_dwconv_only_200mhz_proj/fastvit_dwconv_only_200mhz_proj.gen/sources_1/bd/fastvit_bd/synth/fastvit_bd.v:567]
WARNING: [Synth 8-7071] port 'm_axi_dwconv_gmem1_WLAST' of module 'fastvit_bd_worker_0_0' is unconnected for instance 'worker_0' [e:/codes/microzed/fastvit_hls/vivado_impl/fastvit_dwconv_only_200mhz_proj/fastvit_dwconv_only_200mhz_proj.gen/sources_1/bd/fastvit_bd/synth/fastvit_bd.v:567]
WARNING: [Synth 8-7071] port 'm_axi_dwconv_gmem1_WID' of module 'fastvit_bd_worker_0_0' is unconnected for instance 'worker_0' [e:/codes/microzed/fastvit_hls/vivado_impl/fastvit_dwconv_only_200mhz_proj/fastvit_dwconv_only_200mhz_proj.gen/sources_1/bd/fastvit_bd/synth/fastvit_bd.v:567]
WARNING: [Synth 8-7071] port 'm_axi_dwconv_gmem1_WUSER' of module 'fastvit_bd_worker_0_0' is unconnected for instance 'worker_0' [e:/codes/microzed/fastvit_hls/vivado_impl/fastvit_dwconv_only_200mhz_proj/fastvit_dwconv_only_200mhz_proj.gen/sources_1/bd/fastvit_bd/synth/fastvit_bd.v:567]
WARNING: [Synth 8-7071] port 'm_axi_dwconv_gmem1_ARREGION' of module 'fastvit_bd_worker_0_0' is unconnected for instance 'worker_0' [e:/codes/microzed/fastvit_hls/vivado_impl/fastvit_dwconv_only_200mhz_proj/fastvit_dwconv_only_200mhz_proj.gen/sources_1/bd/fastvit_bd/synth/fastvit_bd.v:567]
WARNING: [Synth 8-7071] port 'm_axi_dwconv_gmem1_BREADY' of module 'fastvit_bd_worker_0_0' is unconnected for instance 'worker_0' [e:/codes/microzed/fastvit_hls/vivado_impl/fastvit_dwconv_only_200mhz_proj/fastvit_dwconv_only_200mhz_proj.gen/sources_1/bd/fastvit_bd/synth/fastvit_bd.v:567]
WARNING: [Synth 8-7071] port 'm_axi_dwconv_gmem2_AWVALID' of module 'fastvit_bd_worker_0_0' is unconnected for instance 'worker_0' [e:/codes/microzed/fastvit_hls/vivado_impl/fastvit_dwconv_only_200mhz_proj/fastvit_dwconv_only_200mhz_proj.gen/sources_1/bd/fastvit_bd/synth/fastvit_bd.v:567]
WARNING: [Synth 8-7071] port 'm_axi_dwconv_gmem2_AWADDR' of module 'fastvit_bd_worker_0_0' is unconnected for instance 'worker_0' [e:/codes/microzed/fastvit_hls/vivado_impl/fastvit_dwconv_only_200mhz_proj/fastvit_dwconv_only_200mhz_proj.gen/sources_1/bd/fastvit_bd/synth/fastvit_bd.v:567]
WARNING: [Synth 8-7071] port 'm_axi_dwconv_gmem2_AWID' of module 'fastvit_bd_worker_0_0' is unconnected for instance 'worker_0' [e:/codes/microzed/fastvit_hls/vivado_impl/fastvit_dwconv_only_200mhz_proj/fastvit_dwconv_only_200mhz_proj.gen/sources_1/bd/fastvit_bd/synth/fastvit_bd.v:567]
WARNING: [Synth 8-7071] port 'm_axi_dwconv_gmem2_AWLEN' of module 'fastvit_bd_worker_0_0' is unconnected for instance 'worker_0' [e:/codes/microzed/fastvit_hls/vivado_impl/fastvit_dwconv_only_200mhz_proj/fastvit_dwconv_only_200mhz_proj.gen/sources_1/bd/fastvit_bd/synth/fastvit_bd.v:567]
WARNING: [Synth 8-7071] port 'm_axi_dwconv_gmem2_AWSIZE' of module 'fastvit_bd_worker_0_0' is unconnected for instance 'worker_0' [e:/codes/microzed/fastvit_hls/vivado_impl/fastvit_dwconv_only_200mhz_proj/fastvit_dwconv_only_200mhz_proj.gen/sources_1/bd/fastvit_bd/synth/fastvit_bd.v:567]
WARNING: [Synth 8-7071] port 'm_axi_dwconv_gmem2_AWBURST' of module 'fastvit_bd_worker_0_0' is unconnected for instance 'worker_0' [e:/codes/microzed/fastvit_hls/vivado_impl/fastvit_dwconv_only_200mhz_proj/fastvit_dwconv_only_200mhz_proj.gen/sources_1/bd/fastvit_bd/synth/fastvit_bd.v:567]
WARNING: [Synth 8-7071] port 'm_axi_dwconv_gmem2_AWLOCK' of module 'fastvit_bd_worker_0_0' is unconnected for instance 'worker_0' [e:/codes/microzed/fastvit_hls/vivado_impl/fastvit_dwconv_only_200mhz_proj/fastvit_dwconv_only_200mhz_proj.gen/sources_1/bd/fastvit_bd/synth/fastvit_bd.v:567]
WARNING: [Synth 8-7071] port 'm_axi_dwconv_gmem2_AWCACHE' of module 'fastvit_bd_worker_0_0' is unconnected for instance 'worker_0' [e:/codes/microzed/fastvit_hls/vivado_impl/fastvit_dwconv_only_200mhz_proj/fastvit_dwconv_only_200mhz_proj.gen/sources_1/bd/fastvit_bd/synth/fastvit_bd.v:567]
WARNING: [Synth 8-7071] port 'm_axi_dwconv_gmem2_AWPROT' of module 'fastvit_bd_worker_0_0' is unconnected for instance 'worker_0' [e:/codes/microzed/fastvit_hls/vivado_impl/fastvit_dwconv_only_200mhz_proj/fastvit_dwconv_only_200mhz_proj.gen/sources_1/bd/fastvit_bd/synth/fastvit_bd.v:567]
WARNING: [Synth 8-7071] port 'm_axi_dwconv_gmem2_AWQOS' of module 'fastvit_bd_worker_0_0' is unconnected for instance 'worker_0' [e:/codes/microzed/fastvit_hls/vivado_impl/fastvit_dwconv_only_200mhz_proj/fastvit_dwconv_only_200mhz_proj.gen/sources_1/bd/fastvit_bd/synth/fastvit_bd.v:567]
WARNING: [Synth 8-7071] port 'm_axi_dwconv_gmem2_AWREGION' of module 'fastvit_bd_worker_0_0' is unconnected for instance 'worker_0' [e:/codes/microzed/fastvit_hls/vivado_impl/fastvit_dwconv_only_200mhz_proj/fastvit_dwconv_only_200mhz_proj.gen/sources_1/bd/fastvit_bd/synth/fastvit_bd.v:567]
WARNING: [Synth 8-7071] port 'm_axi_dwconv_gmem2_AWUSER' of module 'fastvit_bd_worker_0_0' is unconnected for instance 'worker_0' [e:/codes/microzed/fastvit_hls/vivado_impl/fastvit_dwconv_only_200mhz_proj/fastvit_dwconv_only_200mhz_proj.gen/sources_1/bd/fastvit_bd/synth/fastvit_bd.v:567]
WARNING: [Synth 8-7071] port 'm_axi_dwconv_gmem2_WVALID' of module 'fastvit_bd_worker_0_0' is unconnected for instance 'worker_0' [e:/codes/microzed/fastvit_hls/vivado_impl/fastvit_dwconv_only_200mhz_proj/fastvit_dwconv_only_200mhz_proj.gen/sources_1/bd/fastvit_bd/synth/fastvit_bd.v:567]
WARNING: [Synth 8-7071] port 'm_axi_dwconv_gmem2_WDATA' of module 'fastvit_bd_worker_0_0' is unconnected for instance 'worker_0' [e:/codes/microzed/fastvit_hls/vivado_impl/fastvit_dwconv_only_200mhz_proj/fastvit_dwconv_only_200mhz_proj.gen/sources_1/bd/fastvit_bd/synth/fastvit_bd.v:567]
WARNING: [Synth 8-7071] port 'm_axi_dwconv_gmem2_WSTRB' of module 'fastvit_bd_worker_0_0' is unconnected for instance 'worker_0' [e:/codes/microzed/fastvit_hls/vivado_impl/fastvit_dwconv_only_200mhz_proj/fastvit_dwconv_only_200mhz_proj.gen/sources_1/bd/fastvit_bd/synth/fastvit_bd.v:567]
WARNING: [Synth 8-7071] port 'm_axi_dwconv_gmem2_WLAST' of module 'fastvit_bd_worker_0_0' is unconnected for instance 'worker_0' [e:/codes/microzed/fastvit_hls/vivado_impl/fastvit_dwconv_only_200mhz_proj/fastvit_dwconv_only_200mhz_proj.gen/sources_1/bd/fastvit_bd/synth/fastvit_bd.v:567]
WARNING: [Synth 8-7071] port 'm_axi_dwconv_gmem2_WID' of module 'fastvit_bd_worker_0_0' is unconnected for instance 'worker_0' [e:/codes/microzed/fastvit_hls/vivado_impl/fastvit_dwconv_only_200mhz_proj/fastvit_dwconv_only_200mhz_proj.gen/sources_1/bd/fastvit_bd/synth/fastvit_bd.v:567]
WARNING: [Synth 8-7071] port 'm_axi_dwconv_gmem2_WUSER' of module 'fastvit_bd_worker_0_0' is unconnected for instance 'worker_0' [e:/codes/microzed/fastvit_hls/vivado_impl/fastvit_dwconv_only_200mhz_proj/fastvit_dwconv_only_200mhz_proj.gen/sources_1/bd/fastvit_bd/synth/fastvit_bd.v:567]
WARNING: [Synth 8-7071] port 'm_axi_dwconv_gmem2_ARREGION' of module 'fastvit_bd_worker_0_0' is unconnected for instance 'worker_0' [e:/codes/microzed/fastvit_hls/vivado_impl/fastvit_dwconv_only_200mhz_proj/fastvit_dwconv_only_200mhz_proj.gen/sources_1/bd/fastvit_bd/synth/fastvit_bd.v:567]
WARNING: [Synth 8-7071] port 'm_axi_dwconv_gmem2_BREADY' of module 'fastvit_bd_worker_0_0' is unconnected for instance 'worker_0' [e:/codes/microzed/fastvit_hls/vivado_impl/fastvit_dwconv_only_200mhz_proj/fastvit_dwconv_only_200mhz_proj.gen/sources_1/bd/fastvit_bd/synth/fastvit_bd.v:567]
WARNING: [Synth 8-7071] port 'm_axi_dwconv_gmem3_AWREGION' of module 'fastvit_bd_worker_0_0' is unconnected for instance 'worker_0' [e:/codes/microzed/fastvit_hls/vivado_impl/fastvit_dwconv_only_200mhz_proj/fastvit_dwconv_only_200mhz_proj.gen/sources_1/bd/fastvit_bd/synth/fastvit_bd.v:567]
WARNING: [Synth 8-7071] port 'm_axi_dwconv_gmem3_WID' of module 'fastvit_bd_worker_0_0' is unconnected for instance 'worker_0' [e:/codes/microzed/fastvit_hls/vivado_impl/fastvit_dwconv_only_200mhz_proj/fastvit_dwconv_only_200mhz_proj.gen/sources_1/bd/fastvit_bd/synth/fastvit_bd.v:567]
WARNING: [Synth 8-7071] port 'm_axi_dwconv_gmem3_WUSER' of module 'fastvit_bd_worker_0_0' is unconnected for instance 'worker_0' [e:/codes/microzed/fastvit_hls/vivado_impl/fastvit_dwconv_only_200mhz_proj/fastvit_dwconv_only_200mhz_proj.gen/sources_1/bd/fastvit_bd/synth/fastvit_bd.v:567]
WARNING: [Synth 8-7071] port 'm_axi_dwconv_gmem3_ARVALID' of module 'fastvit_bd_worker_0_0' is unconnected for instance 'worker_0' [e:/codes/microzed/fastvit_hls/vivado_impl/fastvit_dwconv_only_200mhz_proj/fastvit_dwconv_only_200mhz_proj.gen/sources_1/bd/fastvit_bd/synth/fastvit_bd.v:567]
WARNING: [Synth 8-7071] port 'm_axi_dwconv_gmem3_ARADDR' of module 'fastvit_bd_worker_0_0' is unconnected for instance 'worker_0' [e:/codes/microzed/fastvit_hls/vivado_impl/fastvit_dwconv_only_200mhz_proj/fastvit_dwconv_only_200mhz_proj.gen/sources_1/bd/fastvit_bd/synth/fastvit_bd.v:567]
WARNING: [Synth 8-7071] port 'm_axi_dwconv_gmem3_ARID' of module 'fastvit_bd_worker_0_0' is unconnected for instance 'worker_0' [e:/codes/microzed/fastvit_hls/vivado_impl/fastvit_dwconv_only_200mhz_proj/fastvit_dwconv_only_200mhz_proj.gen/sources_1/bd/fastvit_bd/synth/fastvit_bd.v:567]
WARNING: [Synth 8-7071] port 'm_axi_dwconv_gmem3_ARLEN' of module 'fastvit_bd_worker_0_0' is unconnected for instance 'worker_0' [e:/codes/microzed/fastvit_hls/vivado_impl/fastvit_dwconv_only_200mhz_proj/fastvit_dwconv_only_200mhz_proj.gen/sources_1/bd/fastvit_bd/synth/fastvit_bd.v:567]
WARNING: [Synth 8-7071] port 'm_axi_dwconv_gmem3_ARSIZE' of module 'fastvit_bd_worker_0_0' is unconnected for instance 'worker_0' [e:/codes/microzed/fastvit_hls/vivado_impl/fastvit_dwconv_only_200mhz_proj/fastvit_dwconv_only_200mhz_proj.gen/sources_1/bd/fastvit_bd/synth/fastvit_bd.v:567]
WARNING: [Synth 8-7071] port 'm_axi_dwconv_gmem3_ARBURST' of module 'fastvit_bd_worker_0_0' is unconnected for instance 'worker_0' [e:/codes/microzed/fastvit_hls/vivado_impl/fastvit_dwconv_only_200mhz_proj/fastvit_dwconv_only_200mhz_proj.gen/sources_1/bd/fastvit_bd/synth/fastvit_bd.v:567]
WARNING: [Synth 8-7071] port 'm_axi_dwconv_gmem3_ARLOCK' of module 'fastvit_bd_worker_0_0' is unconnected for instance 'worker_0' [e:/codes/microzed/fastvit_hls/vivado_impl/fastvit_dwconv_only_200mhz_proj/fastvit_dwconv_only_200mhz_proj.gen/sources_1/bd/fastvit_bd/synth/fastvit_bd.v:567]
WARNING: [Synth 8-7071] port 'm_axi_dwconv_gmem3_ARCACHE' of module 'fastvit_bd_worker_0_0' is unconnected for instance 'worker_0' [e:/codes/microzed/fastvit_hls/vivado_impl/fastvit_dwconv_only_200mhz_proj/fastvit_dwconv_only_200mhz_proj.gen/sources_1/bd/fastvit_bd/synth/fastvit_bd.v:567]
WARNING: [Synth 8-7071] port 'm_axi_dwconv_gmem3_ARPROT' of module 'fastvit_bd_worker_0_0' is unconnected for instance 'worker_0' [e:/codes/microzed/fastvit_hls/vivado_impl/fastvit_dwconv_only_200mhz_proj/fastvit_dwconv_only_200mhz_proj.gen/sources_1/bd/fastvit_bd/synth/fastvit_bd.v:567]
WARNING: [Synth 8-7071] port 'm_axi_dwconv_gmem3_ARQOS' of module 'fastvit_bd_worker_0_0' is unconnected for instance 'worker_0' [e:/codes/microzed/fastvit_hls/vivado_impl/fastvit_dwconv_only_200mhz_proj/fastvit_dwconv_only_200mhz_proj.gen/sources_1/bd/fastvit_bd/synth/fastvit_bd.v:567]
WARNING: [Synth 8-7071] port 'm_axi_dwconv_gmem3_ARREGION' of module 'fastvit_bd_worker_0_0' is unconnected for instance 'worker_0' [e:/codes/microzed/fastvit_hls/vivado_impl/fastvit_dwconv_only_200mhz_proj/fastvit_dwconv_only_200mhz_proj.gen/sources_1/bd/fastvit_bd/synth/fastvit_bd.v:567]
WARNING: [Synth 8-7071] port 'm_axi_dwconv_gmem3_ARUSER' of module 'fastvit_bd_worker_0_0' is unconnected for instance 'worker_0' [e:/codes/microzed/fastvit_hls/vivado_impl/fastvit_dwconv_only_200mhz_proj/fastvit_dwconv_only_200mhz_proj.gen/sources_1/bd/fastvit_bd/synth/fastvit_bd.v:567]
WARNING: [Synth 8-7071] port 'm_axi_dwconv_gmem3_RREADY' of module 'fastvit_bd_worker_0_0' is unconnected for instance 'worker_0' [e:/codes/microzed/fastvit_hls/vivado_impl/fastvit_dwconv_only_200mhz_proj/fastvit_dwconv_only_200mhz_proj.gen/sources_1/bd/fastvit_bd/synth/fastvit_bd.v:567]
WARNING: [Synth 8-7023] instance 'worker_0' of module 'fastvit_bd_worker_0_0' has 217 connections declared, but only 140 given [e:/codes/microzed/fastvit_hls/vivado_impl/fastvit_dwconv_only_200mhz_proj/fastvit_dwconv_only_200mhz_proj.gen/sources_1/bd/fastvit_bd/synth/fastvit_bd.v:567]
INFO: [Synth 8-6155] done synthesizing module 'fastvit_bd' (0#1) [e:/codes/microzed/fastvit_hls/vivado_impl/fastvit_dwconv_only_200mhz_proj/fastvit_dwconv_only_200mhz_proj.gen/sources_1/bd/fastvit_bd/synth/fastvit_bd.v:13]
INFO: [Synth 8-6155] done synthesizing module 'fastvit_bd_wrapper' (0#1) [E:/codes/microzed/fastvit_hls/vivado_impl/fastvit_dwconv_only_200mhz_proj/fastvit_dwconv_only_200mhz_proj.gen/sources_1/bd/fastvit_bd/hdl/fastvit_bd_wrapper.v:13]
WARNING: [Synth 8-7129] Port M_ACLK in module s00_couplers_imp_XWRLGY is either unconnected or has no load
WARNING: [Synth 8-7129] Port M_ARESETN in module s00_couplers_imp_XWRLGY is either unconnected or has no load
WARNING: [Synth 8-7129] Port M_ACLK in module m01_couplers_imp_YPELF9 is either unconnected or has no load
WARNING: [Synth 8-7129] Port M_ARESETN in module m01_couplers_imp_YPELF9 is either unconnected or has no load
WARNING: [Synth 8-7129] Port S_ACLK in module m01_couplers_imp_YPELF9 is either unconnected or has no load
WARNING: [Synth 8-7129] Port S_ARESETN in module m01_couplers_imp_YPELF9 is either unconnected or has no load
WARNING: [Synth 8-7129] Port M_ACLK in module m00_couplers_imp_6S90OJ is either unconnected or has no load
WARNING: [Synth 8-7129] Port M_ARESETN in module m00_couplers_imp_6S90OJ is either unconnected or has no load
WARNING: [Synth 8-7129] Port S_ACLK in module m00_couplers_imp_6S90OJ is either unconnected or has no load
WARNING: [Synth 8-7129] Port S_ARESETN in module m00_couplers_imp_6S90OJ is either unconnected or has no load
WARNING: [Synth 8-7129] Port M00_ACLK in module fastvit_bd_ps_ctrl_ic_0 is either unconnected or has no load
WARNING: [Synth 8-7129] Port M00_ARESETN in module fastvit_bd_ps_ctrl_ic_0 is either unconnected or has no load
WARNING: [Synth 8-7129] Port M01_ACLK in module fastvit_bd_ps_ctrl_ic_0 is either unconnected or has no load
WARNING: [Synth 8-7129] Port M01_ARESETN in module fastvit_bd_ps_ctrl_ic_0 is either unconnected or has no load
WARNING: [Synth 8-7129] Port S00_ACLK in module fastvit_bd_ps_ctrl_ic_0 is either unconnected or has no load
WARNING: [Synth 8-7129] Port S00_ARESETN in module fastvit_bd_ps_ctrl_ic_0 is either unconnected or has no load
---------------------------------------------------------------------------------
Finished RTL Elaboration : Time (s): cpu = 00:00:04 ; elapsed = 00:00:06 . Memory (MB): peak = 1239.242 ; gain = 583.891
---------------------------------------------------------------------------------
---------------------------------------------------------------------------------
Start Handling Custom Attributes
---------------------------------------------------------------------------------
---------------------------------------------------------------------------------
Finished Handling Custom Attributes : Time (s): cpu = 00:00:04 ; elapsed = 00:00:06 . Memory (MB): peak = 1239.242 ; gain = 583.891
---------------------------------------------------------------------------------
---------------------------------------------------------------------------------
Finished RTL Optimization Phase 1 : Time (s): cpu = 00:00:04 ; elapsed = 00:00:06 . Memory (MB): peak = 1239.242 ; gain = 583.891
---------------------------------------------------------------------------------
Netlist sorting complete. Time (s): cpu = 00:00:00 ; elapsed = 00:00:00.009 . Memory (MB): peak = 1239.242 ; gain = 0.000
INFO: [Project 1-570] Preparing netlist for logic optimization

Processing XDC Constraints
Initializing timing engine
Parsing XDC File [e:/codes/microzed/fastvit_hls/vivado_impl/fastvit_dwconv_only_200mhz_proj/fastvit_dwconv_only_200mhz_proj.gen/sources_1/bd/fastvit_bd/ip/fastvit_bd_ps7_0_0/fastvit_bd_ps7_0_0/fastvit_bd_ps7_0_0_in_context.xdc] for cell 'fastvit_bd_i/ps7_0'
Finished Parsing XDC File [e:/codes/microzed/fastvit_hls/vivado_impl/fastvit_dwconv_only_200mhz_proj/fastvit_dwconv_only_200mhz_proj.gen/sources_1/bd/fastvit_bd/ip/fastvit_bd_ps7_0_0/fastvit_bd_ps7_0_0/fastvit_bd_ps7_0_0_in_context.xdc] for cell 'fastvit_bd_i/ps7_0'
Parsing XDC File [e:/codes/microzed/fastvit_hls/vivado_impl/fastvit_dwconv_only_200mhz_proj/fastvit_dwconv_only_200mhz_proj.gen/sources_1/bd/fastvit_bd/ip/fastvit_bd_worker_0_0/fastvit_bd_worker_0_0/fastvit_bd_worker_0_0_in_context.xdc] for cell 'fastvit_bd_i/worker_0'
Finished Parsing XDC File [e:/codes/microzed/fastvit_hls/vivado_impl/fastvit_dwconv_only_200mhz_proj/fastvit_dwconv_only_200mhz_proj.gen/sources_1/bd/fastvit_bd/ip/fastvit_bd_worker_0_0/fastvit_bd_worker_0_0/fastvit_bd_worker_0_0_in_context.xdc] for cell 'fastvit_bd_i/worker_0'
Parsing XDC File [e:/codes/microzed/fastvit_hls/vivado_impl/fastvit_dwconv_only_200mhz_proj/fastvit_dwconv_only_200mhz_proj.gen/sources_1/bd/fastvit_bd/ip/fastvit_bd_rst_ps7_0_200M_0/fastvit_bd_rst_ps7_0_200M_0/fastvit_bd_rst_ps7_0_200M_0_in_context.xdc] for cell 'fastvit_bd_i/rst_ps7_0_200M'
Finished Parsing XDC File [e:/codes/microzed/fastvit_hls/vivado_impl/fastvit_dwconv_only_200mhz_proj/fastvit_dwconv_only_200mhz_proj.gen/sources_1/bd/fastvit_bd/ip/fastvit_bd_rst_ps7_0_200M_0/fastvit_bd_rst_ps7_0_200M_0/fastvit_bd_rst_ps7_0_200M_0_in_context.xdc] for cell 'fastvit_bd_i/rst_ps7_0_200M'
Parsing XDC File [e:/codes/microzed/fastvit_hls/vivado_impl/fastvit_dwconv_only_200mhz_proj/fastvit_dwconv_only_200mhz_proj.gen/sources_1/bd/fastvit_bd/ip/fastvit_bd_ps_ctrl_ic_imp_xbar_0/fastvit_bd_ps_ctrl_ic_imp_xbar_0/fastvit_bd_ps_ctrl_ic_imp_xbar_0_in_context.xdc] for cell 'fastvit_bd_i/ps_ctrl_ic/xbar'
Finished Parsing XDC File [e:/codes/microzed/fastvit_hls/vivado_impl/fastvit_dwconv_only_200mhz_proj/fastvit_dwconv_only_200mhz_proj.gen/sources_1/bd/fastvit_bd/ip/fastvit_bd_ps_ctrl_ic_imp_xbar_0/fastvit_bd_ps_ctrl_ic_imp_xbar_0/fastvit_bd_ps_ctrl_ic_imp_xbar_0_in_context.xdc] for cell 'fastvit_bd_i/ps_ctrl_ic/xbar'
Parsing XDC File [e:/codes/microzed/fastvit_hls/vivado_impl/fastvit_dwconv_only_200mhz_proj/fastvit_dwconv_only_200mhz_proj.gen/sources_1/bd/fastvit_bd/ip/fastvit_bd_ps_ctrl_ic_imp_auto_pc_0/fastvit_bd_ps_ctrl_ic_imp_auto_pc_0/fastvit_bd_ps_ctrl_ic_imp_auto_pc_0_in_context.xdc] for cell 'fastvit_bd_i/ps_ctrl_ic/s00_couplers/auto_pc'
Finished Parsing XDC File [e:/codes/microzed/fastvit_hls/vivado_impl/fastvit_dwconv_only_200mhz_proj/fastvit_dwconv_only_200mhz_proj.gen/sources_1/bd/fastvit_bd/ip/fastvit_bd_ps_ctrl_ic_imp_auto_pc_0/fastvit_bd_ps_ctrl_ic_imp_auto_pc_0/fastvit_bd_ps_ctrl_ic_imp_auto_pc_0_in_context.xdc] for cell 'fastvit_bd_i/ps_ctrl_ic/s00_couplers/auto_pc'
Parsing XDC File [e:/codes/microzed/fastvit_hls/vivado_impl/fastvit_dwconv_only_200mhz_proj/fastvit_dwconv_only_200mhz_proj.gen/sources_1/bd/fastvit_bd/ip/fastvit_bd_sc_main_0/fastvit_bd_sc_main_0/fastvit_bd_sc_main_0_in_context.xdc] for cell 'fastvit_bd_i/sc_main'
Finished Parsing XDC File [e:/codes/microzed/fastvit_hls/vivado_impl/fastvit_dwconv_only_200mhz_proj/fastvit_dwconv_only_200mhz_proj.gen/sources_1/bd/fastvit_bd/ip/fastvit_bd_sc_main_0/fastvit_bd_sc_main_0/fastvit_bd_sc_main_0_in_context.xdc] for cell 'fastvit_bd_i/sc_main'
Parsing XDC File [E:/codes/microzed/fastvit_hls/vivado_impl/fastvit_dwconv_only_200mhz_proj/fastvit_dwconv_only_200mhz_proj.runs/synth_1/dont_touch.xdc]
Finished Parsing XDC File [E:/codes/microzed/fastvit_hls/vivado_impl/fastvit_dwconv_only_200mhz_proj/fastvit_dwconv_only_200mhz_proj.runs/synth_1/dont_touch.xdc]
Completed Processing XDC Constraints

Netlist sorting complete. Time (s): cpu = 00:00:00 ; elapsed = 00:00:00 . Memory (MB): peak = 1239.242 ; gain = 0.000
INFO: [Project 1-111] Unisim Transformation Summary:
No Unisim elements were transformed.

Constraint Validation Runtime : Time (s): cpu = 00:00:00 ; elapsed = 00:00:00.005 . Memory (MB): peak = 1239.242 ; gain = 0.000
---------------------------------------------------------------------------------
Finished Constraint Validation : Time (s): cpu = 00:00:08 ; elapsed = 00:00:10 . Memory (MB): peak = 1239.242 ; gain = 583.891
---------------------------------------------------------------------------------
---------------------------------------------------------------------------------
Start Loading Part and Timing Information
---------------------------------------------------------------------------------
Loading part: xc7z020clg400-1
---------------------------------------------------------------------------------
Finished Loading Part and Timing Information : Time (s): cpu = 00:00:08 ; elapsed = 00:00:10 . Memory (MB): peak = 1239.242 ; gain = 583.891
---------------------------------------------------------------------------------
---------------------------------------------------------------------------------
Start Applying 'set_property' XDC Constraints
---------------------------------------------------------------------------------
Applied set_property IO_BUFFER_TYPE = NONE for DDR_0_addr[0]. (constraint file  e:/codes/microzed/fastvit_hls/vivado_impl/fastvit_dwconv_only_200mhz_proj/fastvit_dwconv_only_200mhz_proj.gen/sources_1/bd/fastvit_bd/ip/fastvit_bd_ps7_0_0/fastvit_bd_ps7_0_0/fastvit_bd_ps7_0_0_in_context.xdc, line 2).
Applied set_property CLOCK_BUFFER_TYPE = NONE for DDR_0_addr[0]. (constraint file  e:/codes/microzed/fastvit_hls/vivado_impl/fastvit_dwconv_only_200mhz_proj/fastvit_dwconv_only_200mhz_proj.gen/sources_1/bd/fastvit_bd/ip/fastvit_bd_ps7_0_0/fastvit_bd_ps7_0_0/fastvit_bd_ps7_0_0_in_context.xdc, line 3).
Applied set_property IO_BUFFER_TYPE = NONE for DDR_0_addr[10]. (constraint file  e:/codes/microzed/fastvit_hls/vivado_impl/fastvit_dwconv_only_200mhz_proj/fastvit_dwconv_only_200mhz_proj.gen/sources_1/bd/fastvit_bd/ip/fastvit_bd_ps7_0_0/fastvit_bd_ps7_0_0/fastvit_bd_ps7_0_0_in_context.xdc, line 4).
Applied set_property CLOCK_BUFFER_TYPE = NONE for DDR_0_addr[10]. (constraint file  e:/codes/microzed/fastvit_hls/vivado_impl/fastvit_dwconv_only_200mhz_proj/fastvit_dwconv_only_200mhz_proj.gen/sources_1/bd/fastvit_bd/ip/fastvit_bd_ps7_0_0/fastvit_bd_ps7_0_0/fastvit_bd_ps7_0_0_in_context.xdc, line 5).
Applied set_property IO_BUFFER_TYPE = NONE for DDR_0_addr[11]. (constraint file  e:/codes/microzed/fastvit_hls/vivado_impl/fastvit_dwconv_only_200mhz_proj/fastvit_dwconv_only_200mhz_proj.gen/sources_1/bd/fastvit_bd/ip/fastvit_bd_ps7_0_0/fastvit_bd_ps7_0_0/fastvit_bd_ps7_0_0_in_context.xdc, line 6).
Applied set_property CLOCK_BUFFER_TYPE = NONE for DDR_0_addr[11]. (constraint file  e:/codes/microzed/fastvit_hls/vivado_impl/fastvit_dwconv_only_200mhz_proj/fastvit_dwconv_only_200mhz_proj.gen/sources_1/bd/fastvit_bd/ip/fastvit_bd_ps7_0_0/fastvit_bd_ps7_0_0/fastvit_bd_ps7_0_0_in_context.xdc, line 7).
Applied set_property IO_BUFFER_TYPE = NONE for DDR_0_addr[12]. (constraint file  e:/codes/microzed/fastvit_hls/vivado_impl/fastvit_dwconv_only_200mhz_proj/fastvit_dwconv_only_200mhz_proj.gen/sources_1/bd/fastvit_bd/ip/fastvit_bd_ps7_0_0/fastvit_bd_ps7_0_0/fastvit_bd_ps7_0_0_in_context.xdc, line 8).
Applied set_property CLOCK_BUFFER_TYPE = NONE for DDR_0_addr[12]. (constraint file  e:/codes/microzed/fastvit_hls/vivado_impl/fastvit_dwconv_only_200mhz_proj/fastvit_dwconv_only_200mhz_proj.gen/sources_1/bd/fastvit_bd/ip/fastvit_bd_ps7_0_0/fastvit_bd_ps7_0_0/fastvit_bd_ps7_0_0_in_context.xdc, line 9).
Applied set_property IO_BUFFER_TYPE = NONE for DDR_0_addr[13]. (constraint file  e:/codes/microzed/fastvit_hls/vivado_impl/fastvit_dwconv_only_200mhz_proj/fastvit_dwconv_only_200mhz_proj.gen/sources_1/bd/fastvit_bd/ip/fastvit_bd_ps7_0_0/fastvit_bd_ps7_0_0/fastvit_bd_ps7_0_0_in_context.xdc, line 10).
Applied set_property CLOCK_BUFFER_TYPE = NONE for DDR_0_addr[13]. (constraint file  e:/codes/microzed/fastvit_hls/vivado_impl/fastvit_dwconv_only_200mhz_proj/fastvit_dwconv_only_200mhz_proj.gen/sources_1/bd/fastvit_bd/ip/fastvit_bd_ps7_0_0/fastvit_bd_ps7_0_0/fastvit_bd_ps7_0_0_in_context.xdc, line 11).
Applied set_property IO_BUFFER_TYPE = NONE for DDR_0_addr[14]. (constraint file  e:/codes/microzed/fastvit_hls/vivado_impl/fastvit_dwconv_only_200mhz_proj/fastvit_dwconv_only_200mhz_proj.gen/sources_1/bd/fastvit_bd/ip/fastvit_bd_ps7_0_0/fastvit_bd_ps7_0_0/fastvit_bd_ps7_0_0_in_context.xdc, line 12).
Applied set_property CLOCK_BUFFER_TYPE = NONE for DDR_0_addr[14]. (constraint file  e:/codes/microzed/fastvit_hls/vivado_impl/fastvit_dwconv_only_200mhz_proj/fastvit_dwconv_only_200mhz_proj.gen/sources_1/bd/fastvit_bd/ip/fastvit_bd_ps7_0_0/fastvit_bd_ps7_0_0/fastvit_bd_ps7_0_0_in_context.xdc, line 13).
Applied set_property IO_BUFFER_TYPE = NONE for DDR_0_addr[1]. (constraint file  e:/codes/microzed/fastvit_hls/vivado_impl/fastvit_dwconv_only_200mhz_proj/fastvit_dwconv_only_200mhz_proj.gen/sources_1/bd/fastvit_bd/ip/fastvit_bd_ps7_0_0/fastvit_bd_ps7_0_0/fastvit_bd_ps7_0_0_in_context.xdc, line 14).
Applied set_property CLOCK_BUFFER_TYPE = NONE for DDR_0_addr[1]. (constraint file  e:/codes/microzed/fastvit_hls/vivado_impl/fastvit_dwconv_only_200mhz_proj/fastvit_dwconv_only_200mhz_proj.gen/sources_1/bd/fastvit_bd/ip/fastvit_bd_ps7_0_0/fastvit_bd_ps7_0_0/fastvit_bd_ps7_0_0_in_context.xdc, line 15).
Applied set_property IO_BUFFER_TYPE = NONE for DDR_0_addr[2]. (constraint file  e:/codes/microzed/fastvit_hls/vivado_impl/fastvit_dwconv_only_200mhz_proj/fastvit_dwconv_only_200mhz_proj.gen/sources_1/bd/fastvit_bd/ip/fastvit_bd_ps7_0_0/fastvit_bd_ps7_0_0/fastvit_bd_ps7_0_0_in_context.xdc, line 16).
Applied set_property CLOCK_BUFFER_TYPE = NONE for DDR_0_addr[2]. (constraint file  e:/codes/microzed/fastvit_hls/vivado_impl/fastvit_dwconv_only_200mhz_proj/fastvit_dwconv_only_200mhz_proj.gen/sources_1/bd/fastvit_bd/ip/fastvit_bd_ps7_0_0/fastvit_bd_ps7_0_0/fastvit_bd_ps7_0_0_in_context.xdc, line 17).
Applied set_property IO_BUFFER_TYPE = NONE for DDR_0_addr[3]. (constraint file  e:/codes/microzed/fastvit_hls/vivado_impl/fastvit_dwconv_only_200mhz_proj/fastvit_dwconv_only_200mhz_proj.gen/sources_1/bd/fastvit_bd/ip/fastvit_bd_ps7_0_0/fastvit_bd_ps7_0_0/fastvit_bd_ps7_0_0_in_context.xdc, line 18).
Applied set_property CLOCK_BUFFER_TYPE = NONE for DDR_0_addr[3]. (constraint file  e:/codes/microzed/fastvit_hls/vivado_impl/fastvit_dwconv_only_200mhz_proj/fastvit_dwconv_only_200mhz_proj.gen/sources_1/bd/fastvit_bd/ip/fastvit_bd_ps7_0_0/fastvit_bd_ps7_0_0/fastvit_bd_ps7_0_0_in_context.xdc, line 19).
Applied set_property IO_BUFFER_TYPE = NONE for DDR_0_addr[4]. (constraint file  e:/codes/microzed/fastvit_hls/vivado_impl/fastvit_dwconv_only_200mhz_proj/fastvit_dwconv_only_200mhz_proj.gen/sources_1/bd/fastvit_bd/ip/fastvit_bd_ps7_0_0/fastvit_bd_ps7_0_0/fastvit_bd_ps7_0_0_in_context.xdc, line 20).
Applied set_property CLOCK_BUFFER_TYPE = NONE for DDR_0_addr[4]. (constraint file  e:/codes/microzed/fastvit_hls/vivado_impl/fastvit_dwconv_only_200mhz_proj/fastvit_dwconv_only_200mhz_proj.gen/sources_1/bd/fastvit_bd/ip/fastvit_bd_ps7_0_0/fastvit_bd_ps7_0_0/fastvit_bd_ps7_0_0_in_context.xdc, line 21).
Applied set_property IO_BUFFER_TYPE = NONE for DDR_0_addr[5]. (constraint file  e:/codes/microzed/fastvit_hls/vivado_impl/fastvit_dwconv_only_200mhz_proj/fastvit_dwconv_only_200mhz_proj.gen/sources_1/bd/fastvit_bd/ip/fastvit_bd_ps7_0_0/fastvit_bd_ps7_0_0/fastvit_bd_ps7_0_0_in_context.xdc, line 22).
Applied set_property CLOCK_BUFFER_TYPE = NONE for DDR_0_addr[5]. (constraint file  e:/codes/microzed/fastvit_hls/vivado_impl/fastvit_dwconv_only_200mhz_proj/fastvit_dwconv_only_200mhz_proj.gen/sources_1/bd/fastvit_bd/ip/fastvit_bd_ps7_0_0/fastvit_bd_ps7_0_0/fastvit_bd_ps7_0_0_in_context.xdc, line 23).
Applied set_property IO_BUFFER_TYPE = NONE for DDR_0_addr[6]. (constraint file  e:/codes/microzed/fastvit_hls/vivado_impl/fastvit_dwconv_only_200mhz_proj/fastvit_dwconv_only_200mhz_proj.gen/sources_1/bd/fastvit_bd/ip/fastvit_bd_ps7_0_0/fastvit_bd_ps7_0_0/fastvit_bd_ps7_0_0_in_context.xdc, line 24).
Applied set_property CLOCK_BUFFER_TYPE = NONE for DDR_0_addr[6]. (constraint file  e:/codes/microzed/fastvit_hls/vivado_impl/fastvit_dwconv_only_200mhz_proj/fastvit_dwconv_only_200mhz_proj.gen/sources_1/bd/fastvit_bd/ip/fastvit_bd_ps7_0_0/fastvit_bd_ps7_0_0/fastvit_bd_ps7_0_0_in_context.xdc, line 25).
Applied set_property IO_BUFFER_TYPE = NONE for DDR_0_addr[7]. (constraint file  e:/codes/microzed/fastvit_hls/vivado_impl/fastvit_dwconv_only_200mhz_proj/fastvit_dwconv_only_200mhz_proj.gen/sources_1/bd/fastvit_bd/ip/fastvit_bd_ps7_0_0/fastvit_bd_ps7_0_0/fastvit_bd_ps7_0_0_in_context.xdc, line 26).
Applied set_property CLOCK_BUFFER_TYPE = NONE for DDR_0_addr[7]. (constraint file  e:/codes/microzed/fastvit_hls/vivado_impl/fastvit_dwconv_only_200mhz_proj/fastvit_dwconv_only_200mhz_proj.gen/sources_1/bd/fastvit_bd/ip/fastvit_bd_ps7_0_0/fastvit_bd_ps7_0_0/fastvit_bd_ps7_0_0_in_context.xdc, line 27).
Applied set_property IO_BUFFER_TYPE = NONE for DDR_0_addr[8]. (constraint file  e:/codes/microzed/fastvit_hls/vivado_impl/fastvit_dwconv_only_200mhz_proj/fastvit_dwconv_only_200mhz_proj.gen/sources_1/bd/fastvit_bd/ip/fastvit_bd_ps7_0_0/fastvit_bd_ps7_0_0/fastvit_bd_ps7_0_0_in_context.xdc, line 28).
Applied set_property CLOCK_BUFFER_TYPE = NONE for DDR_0_addr[8]. (constraint file  e:/codes/microzed/fastvit_hls/vivado_impl/fastvit_dwconv_only_200mhz_proj/fastvit_dwconv_only_200mhz_proj.gen/sources_1/bd/fastvit_bd/ip/fastvit_bd_ps7_0_0/fastvit_bd_ps7_0_0/fastvit_bd_ps7_0_0_in_context.xdc, line 29).
Applied set_property IO_BUFFER_TYPE = NONE for DDR_0_addr[9]. (constraint file  e:/codes/microzed/fastvit_hls/vivado_impl/fastvit_dwconv_only_200mhz_proj/fastvit_dwconv_only_200mhz_proj.gen/sources_1/bd/fastvit_bd/ip/fastvit_bd_ps7_0_0/fastvit_bd_ps7_0_0/fastvit_bd_ps7_0_0_in_context.xdc, line 30).
Applied set_property CLOCK_BUFFER_TYPE = NONE for DDR_0_addr[9]. (constraint file  e:/codes/microzed/fastvit_hls/vivado_impl/fastvit_dwconv_only_200mhz_proj/fastvit_dwconv_only_200mhz_proj.gen/sources_1/bd/fastvit_bd/ip/fastvit_bd_ps7_0_0/fastvit_bd_ps7_0_0/fastvit_bd_ps7_0_0_in_context.xdc, line 31).
Applied set_property IO_BUFFER_TYPE = NONE for DDR_0_ba[0]. (constraint file  e:/codes/microzed/fastvit_hls/vivado_impl/fastvit_dwconv_only_200mhz_proj/fastvit_dwconv_only_200mhz_proj.gen/sources_1/bd/fastvit_bd/ip/fastvit_bd_ps7_0_0/fastvit_bd_ps7_0_0/fastvit_bd_ps7_0_0_in_context.xdc, line 32).
Applied set_property CLOCK_BUFFER_TYPE = NONE for DDR_0_ba[0]. (constraint file  e:/codes/microzed/fastvit_hls/vivado_impl/fastvit_dwconv_only_200mhz_proj/fastvit_dwconv_only_200mhz_proj.gen/sources_1/bd/fastvit_bd/ip/fastvit_bd_ps7_0_0/fastvit_bd_ps7_0_0/fastvit_bd_ps7_0_0_in_context.xdc, line 33).
Applied set_property IO_BUFFER_TYPE = NONE for DDR_0_ba[1]. (constraint file  e:/codes/microzed/fastvit_hls/vivado_impl/fastvit_dwconv_only_200mhz_proj/fastvit_dwconv_only_200mhz_proj.gen/sources_1/bd/fastvit_bd/ip/fastvit_bd_ps7_0_0/fastvit_bd_ps7_0_0/fastvit_bd_ps7_0_0_in_context.xdc, line 34).
Applied set_property CLOCK_BUFFER_TYPE = NONE for DDR_0_ba[1]. (constraint file  e:/codes/microzed/fastvit_hls/vivado_impl/fastvit_dwconv_only_200mhz_proj/fastvit_dwconv_only_200mhz_proj.gen/sources_1/bd/fastvit_bd/ip/fastvit_bd_ps7_0_0/fastvit_bd_ps7_0_0/fastvit_bd_ps7_0_0_in_context.xdc, line 35).
Applied set_property IO_BUFFER_TYPE = NONE for DDR_0_ba[2]. (constraint file  e:/codes/microzed/fastvit_hls/vivado_impl/fastvit_dwconv_only_200mhz_proj/fastvit_dwconv_only_200mhz_proj.gen/sources_1/bd/fastvit_bd/ip/fastvit_bd_ps7_0_0/fastvit_bd_ps7_0_0/fastvit_bd_ps7_0_0_in_context.xdc, line 36).
Applied set_property CLOCK_BUFFER_TYPE = NONE for DDR_0_ba[2]. (constraint file  e:/codes/microzed/fastvit_hls/vivado_impl/fastvit_dwconv_only_200mhz_proj/fastvit_dwconv_only_200mhz_proj.gen/sources_1/bd/fastvit_bd/ip/fastvit_bd_ps7_0_0/fastvit_bd_ps7_0_0/fastvit_bd_ps7_0_0_in_context.xdc, line 37).
Applied set_property IO_BUFFER_TYPE = NONE for DDR_0_cas_n. (constraint file  e:/codes/microzed/fastvit_hls/vivado_impl/fastvit_dwconv_only_200mhz_proj/fastvit_dwconv_only_200mhz_proj.gen/sources_1/bd/fastvit_bd/ip/fastvit_bd_ps7_0_0/fastvit_bd_ps7_0_0/fastvit_bd_ps7_0_0_in_context.xdc, line 38).
Applied set_property CLOCK_BUFFER_TYPE = NONE for DDR_0_cas_n. (constraint file  e:/codes/microzed/fastvit_hls/vivado_impl/fastvit_dwconv_only_200mhz_proj/fastvit_dwconv_only_200mhz_proj.gen/sources_1/bd/fastvit_bd/ip/fastvit_bd_ps7_0_0/fastvit_bd_ps7_0_0/fastvit_bd_ps7_0_0_in_context.xdc, line 39).
Applied set_property IO_BUFFER_TYPE = NONE for DDR_0_cke. (constraint file  e:/codes/microzed/fastvit_hls/vivado_impl/fastvit_dwconv_only_200mhz_proj/fastvit_dwconv_only_200mhz_proj.gen/sources_1/bd/fastvit_bd/ip/fastvit_bd_ps7_0_0/fastvit_bd_ps7_0_0/fastvit_bd_ps7_0_0_in_context.xdc, line 40).
Applied set_property CLOCK_BUFFER_TYPE = NONE for DDR_0_cke. (constraint file  e:/codes/microzed/fastvit_hls/vivado_impl/fastvit_dwconv_only_200mhz_proj/fastvit_dwconv_only_200mhz_proj.gen/sources_1/bd/fastvit_bd/ip/fastvit_bd_ps7_0_0/fastvit_bd_ps7_0_0/fastvit_bd_ps7_0_0_in_context.xdc, line 41).
Applied set_property IO_BUFFER_TYPE = NONE for DDR_0_cs_n. (constraint file  e:/codes/microzed/fastvit_hls/vivado_impl/fastvit_dwconv_only_200mhz_proj/fastvit_dwconv_only_200mhz_proj.gen/sources_1/bd/fastvit_bd/ip/fastvit_bd_ps7_0_0/fastvit_bd_ps7_0_0/fastvit_bd_ps7_0_0_in_context.xdc, line 42).
Applied set_property CLOCK_BUFFER_TYPE = NONE for DDR_0_cs_n. (constraint file  e:/codes/microzed/fastvit_hls/vivado_impl/fastvit_dwconv_only_200mhz_proj/fastvit_dwconv_only_200mhz_proj.gen/sources_1/bd/fastvit_bd/ip/fastvit_bd_ps7_0_0/fastvit_bd_ps7_0_0/fastvit_bd_ps7_0_0_in_context.xdc, line 43).
Applied set_property IO_BUFFER_TYPE = NONE for DDR_0_ck_p. (constraint file  e:/codes/microzed/fastvit_hls/vivado_impl/fastvit_dwconv_only_200mhz_proj/fastvit_dwconv_only_200mhz_proj.gen/sources_1/bd/fastvit_bd/ip/fastvit_bd_ps7_0_0/fastvit_bd_ps7_0_0/fastvit_bd_ps7_0_0_in_context.xdc, line 44).
Applied set_property CLOCK_BUFFER_TYPE = NONE for DDR_0_ck_p. (constraint file  e:/codes/microzed/fastvit_hls/vivado_impl/fastvit_dwconv_only_200mhz_proj/fastvit_dwconv_only_200mhz_proj.gen/sources_1/bd/fastvit_bd/ip/fastvit_bd_ps7_0_0/fastvit_bd_ps7_0_0/fastvit_bd_ps7_0_0_in_context.xdc, line 45).
Applied set_property IO_BUFFER_TYPE = NONE for DDR_0_ck_n. (constraint file  e:/codes/microzed/fastvit_hls/vivado_impl/fastvit_dwconv_only_200mhz_proj/fastvit_dwconv_only_200mhz_proj.gen/sources_1/bd/fastvit_bd/ip/fastvit_bd_ps7_0_0/fastvit_bd_ps7_0_0/fastvit_bd_ps7_0_0_in_context.xdc, line 46).
Applied set_property CLOCK_BUFFER_TYPE = NONE for DDR_0_ck_n. (constraint file  e:/codes/microzed/fastvit_hls/vivado_impl/fastvit_dwconv_only_200mhz_proj/fastvit_dwconv_only_200mhz_proj.gen/sources_1/bd/fastvit_bd/ip/fastvit_bd_ps7_0_0/fastvit_bd_ps7_0_0/fastvit_bd_ps7_0_0_in_context.xdc, line 47).
Applied set_property IO_BUFFER_TYPE = NONE for DDR_0_dm[0]. (constraint file  e:/codes/microzed/fastvit_hls/vivado_impl/fastvit_dwconv_only_200mhz_proj/fastvit_dwconv_only_200mhz_proj.gen/sources_1/bd/fastvit_bd/ip/fastvit_bd_ps7_0_0/fastvit_bd_ps7_0_0/fastvit_bd_ps7_0_0_in_context.xdc, line 48).
Applied set_property CLOCK_BUFFER_TYPE = NONE for DDR_0_dm[0]. (constraint file  e:/codes/microzed/fastvit_hls/vivado_impl/fastvit_dwconv_only_200mhz_proj/fastvit_dwconv_only_200mhz_proj.gen/sources_1/bd/fastvit_bd/ip/fastvit_bd_ps7_0_0/fastvit_bd_ps7_0_0/fastvit_bd_ps7_0_0_in_context.xdc, line 49).
Applied set_property IO_BUFFER_TYPE = NONE for DDR_0_dm[1]. (constraint file  e:/codes/microzed/fastvit_hls/vivado_impl/fastvit_dwconv_only_200mhz_proj/fastvit_dwconv_only_200mhz_proj.gen/sources_1/bd/fastvit_bd/ip/fastvit_bd_ps7_0_0/fastvit_bd_ps7_0_0/fastvit_bd_ps7_0_0_in_context.xdc, line 50).
Applied set_property CLOCK_BUFFER_TYPE = NONE for DDR_0_dm[1]. (constraint file  e:/codes/microzed/fastvit_hls/vivado_impl/fastvit_dwconv_only_200mhz_proj/fastvit_dwconv_only_200mhz_proj.gen/sources_1/bd/fastvit_bd/ip/fastvit_bd_ps7_0_0/fastvit_bd_ps7_0_0/fastvit_bd_ps7_0_0_in_context.xdc, line 51).
Applied set_property IO_BUFFER_TYPE = NONE for DDR_0_dm[2]. (constraint file  e:/codes/microzed/fastvit_hls/vivado_impl/fastvit_dwconv_only_200mhz_proj/fastvit_dwconv_only_200mhz_proj.gen/sources_1/bd/fastvit_bd/ip/fastvit_bd_ps7_0_0/fastvit_bd_ps7_0_0/fastvit_bd_ps7_0_0_in_context.xdc, line 52).
Applied set_property CLOCK_BUFFER_TYPE = NONE for DDR_0_dm[2]. (constraint file  e:/codes/microzed/fastvit_hls/vivado_impl/fastvit_dwconv_only_200mhz_proj/fastvit_dwconv_only_200mhz_proj.gen/sources_1/bd/fastvit_bd/ip/fastvit_bd_ps7_0_0/fastvit_bd_ps7_0_0/fastvit_bd_ps7_0_0_in_context.xdc, line 53).
Applied set_property IO_BUFFER_TYPE = NONE for DDR_0_dm[3]. (constraint file  e:/codes/microzed/fastvit_hls/vivado_impl/fastvit_dwconv_only_200mhz_proj/fastvit_dwconv_only_200mhz_proj.gen/sources_1/bd/fastvit_bd/ip/fastvit_bd_ps7_0_0/fastvit_bd_ps7_0_0/fastvit_bd_ps7_0_0_in_context.xdc, line 54).
Applied set_property CLOCK_BUFFER_TYPE = NONE for DDR_0_dm[3]. (constraint file  e:/codes/microzed/fastvit_hls/vivado_impl/fastvit_dwconv_only_200mhz_proj/fastvit_dwconv_only_200mhz_proj.gen/sources_1/bd/fastvit_bd/ip/fastvit_bd_ps7_0_0/fastvit_bd_ps7_0_0/fastvit_bd_ps7_0_0_in_context.xdc, line 55).
Applied set_property IO_BUFFER_TYPE = NONE for DDR_0_dqs_p[0]. (constraint file  e:/codes/microzed/fastvit_hls/vivado_impl/fastvit_dwconv_only_200mhz_proj/fastvit_dwconv_only_200mhz_proj.gen/sources_1/bd/fastvit_bd/ip/fastvit_bd_ps7_0_0/fastvit_bd_ps7_0_0/fastvit_bd_ps7_0_0_in_context.xdc, line 56).
Applied set_property CLOCK_BUFFER_TYPE = NONE for DDR_0_dqs_p[0]. (constraint file  e:/codes/microzed/fastvit_hls/vivado_impl/fastvit_dwconv_only_200mhz_proj/fastvit_dwconv_only_200mhz_proj.gen/sources_1/bd/fastvit_bd/ip/fastvit_bd_ps7_0_0/fastvit_bd_ps7_0_0/fastvit_bd_ps7_0_0_in_context.xdc, line 57).
Applied set_property IO_BUFFER_TYPE = NONE for DDR_0_dqs_p[1]. (constraint file  e:/codes/microzed/fastvit_hls/vivado_impl/fastvit_dwconv_only_200mhz_proj/fastvit_dwconv_only_200mhz_proj.gen/sources_1/bd/fastvit_bd/ip/fastvit_bd_ps7_0_0/fastvit_bd_ps7_0_0/fastvit_bd_ps7_0_0_in_context.xdc, line 58).
Applied set_property CLOCK_BUFFER_TYPE = NONE for DDR_0_dqs_p[1]. (constraint file  e:/codes/microzed/fastvit_hls/vivado_impl/fastvit_dwconv_only_200mhz_proj/fastvit_dwconv_only_200mhz_proj.gen/sources_1/bd/fastvit_bd/ip/fastvit_bd_ps7_0_0/fastvit_bd_ps7_0_0/fastvit_bd_ps7_0_0_in_context.xdc, line 59).
Applied set_property IO_BUFFER_TYPE = NONE for DDR_0_dqs_p[2]. (constraint file  e:/codes/microzed/fastvit_hls/vivado_impl/fastvit_dwconv_only_200mhz_proj/fastvit_dwconv_only_200mhz_proj.gen/sources_1/bd/fastvit_bd/ip/fastvit_bd_ps7_0_0/fastvit_bd_ps7_0_0/fastvit_bd_ps7_0_0_in_context.xdc, line 60).
Applied set_property CLOCK_BUFFER_TYPE = NONE for DDR_0_dqs_p[2]. (constraint file  e:/codes/microzed/fastvit_hls/vivado_impl/fastvit_dwconv_only_200mhz_proj/fastvit_dwconv_only_200mhz_proj.gen/sources_1/bd/fastvit_bd/ip/fastvit_bd_ps7_0_0/fastvit_bd_ps7_0_0/fastvit_bd_ps7_0_0_in_context.xdc, line 61).
Applied set_property IO_BUFFER_TYPE = NONE for DDR_0_dqs_p[3]. (constraint file  e:/codes/microzed/fastvit_hls/vivado_impl/fastvit_dwconv_only_200mhz_proj/fastvit_dwconv_only_200mhz_proj.gen/sources_1/bd/fastvit_bd/ip/fastvit_bd_ps7_0_0/fastvit_bd_ps7_0_0/fastvit_bd_ps7_0_0_in_context.xdc, line 62).
Applied set_property CLOCK_BUFFER_TYPE = NONE for DDR_0_dqs_p[3]. (constraint file  e:/codes/microzed/fastvit_hls/vivado_impl/fastvit_dwconv_only_200mhz_proj/fastvit_dwconv_only_200mhz_proj.gen/sources_1/bd/fastvit_bd/ip/fastvit_bd_ps7_0_0/fastvit_bd_ps7_0_0/fastvit_bd_ps7_0_0_in_context.xdc, line 63).
Applied set_property IO_BUFFER_TYPE = NONE for DDR_0_dqs_n[0]. (constraint file  e:/codes/microzed/fastvit_hls/vivado_impl/fastvit_dwconv_only_200mhz_proj/fastvit_dwconv_only_200mhz_proj.gen/sources_1/bd/fastvit_bd/ip/fastvit_bd_ps7_0_0/fastvit_bd_ps7_0_0/fastvit_bd_ps7_0_0_in_context.xdc, line 64).
Applied set_property CLOCK_BUFFER_TYPE = NONE for DDR_0_dqs_n[0]. (constraint file  e:/codes/microzed/fastvit_hls/vivado_impl/fastvit_dwconv_only_200mhz_proj/fastvit_dwconv_only_200mhz_proj.gen/sources_1/bd/fastvit_bd/ip/fastvit_bd_ps7_0_0/fastvit_bd_ps7_0_0/fastvit_bd_ps7_0_0_in_context.xdc, line 65).
Applied set_property IO_BUFFER_TYPE = NONE for DDR_0_dqs_n[1]. (constraint file  e:/codes/microzed/fastvit_hls/vivado_impl/fastvit_dwconv_only_200mhz_proj/fastvit_dwconv_only_200mhz_proj.gen/sources_1/bd/fastvit_bd/ip/fastvit_bd_ps7_0_0/fastvit_bd_ps7_0_0/fastvit_bd_ps7_0_0_in_context.xdc, line 66).
Applied set_property CLOCK_BUFFER_TYPE = NONE for DDR_0_dqs_n[1]. (constraint file  e:/codes/microzed/fastvit_hls/vivado_impl/fastvit_dwconv_only_200mhz_proj/fastvit_dwconv_only_200mhz_proj.gen/sources_1/bd/fastvit_bd/ip/fastvit_bd_ps7_0_0/fastvit_bd_ps7_0_0/fastvit_bd_ps7_0_0_in_context.xdc, line 67).
Applied set_property IO_BUFFER_TYPE = NONE for DDR_0_dqs_n[2]. (constraint file  e:/codes/microzed/fastvit_hls/vivado_impl/fastvit_dwconv_only_200mhz_proj/fastvit_dwconv_only_200mhz_proj.gen/sources_1/bd/fastvit_bd/ip/fastvit_bd_ps7_0_0/fastvit_bd_ps7_0_0/fastvit_bd_ps7_0_0_in_context.xdc, line 68).
Applied set_property CLOCK_BUFFER_TYPE = NONE for DDR_0_dqs_n[2]. (constraint file  e:/codes/microzed/fastvit_hls/vivado_impl/fastvit_dwconv_only_200mhz_proj/fastvit_dwconv_only_200mhz_proj.gen/sources_1/bd/fastvit_bd/ip/fastvit_bd_ps7_0_0/fastvit_bd_ps7_0_0/fastvit_bd_ps7_0_0_in_context.xdc, line 69).
Applied set_property IO_BUFFER_TYPE = NONE for DDR_0_dqs_n[3]. (constraint file  e:/codes/microzed/fastvit_hls/vivado_impl/fastvit_dwconv_only_200mhz_proj/fastvit_dwconv_only_200mhz_proj.gen/sources_1/bd/fastvit_bd/ip/fastvit_bd_ps7_0_0/fastvit_bd_ps7_0_0/fastvit_bd_ps7_0_0_in_context.xdc, line 70).
Applied set_property CLOCK_BUFFER_TYPE = NONE for DDR_0_dqs_n[3]. (constraint file  e:/codes/microzed/fastvit_hls/vivado_impl/fastvit_dwconv_only_200mhz_proj/fastvit_dwconv_only_200mhz_proj.gen/sources_1/bd/fastvit_bd/ip/fastvit_bd_ps7_0_0/fastvit_bd_ps7_0_0/fastvit_bd_ps7_0_0_in_context.xdc, line 71).
Applied set_property IO_BUFFER_TYPE = NONE for DDR_0_dq[0]. (constraint file  e:/codes/microzed/fastvit_hls/vivado_impl/fastvit_dwconv_only_200mhz_proj/fastvit_dwconv_only_200mhz_proj.gen/sources_1/bd/fastvit_bd/ip/fastvit_bd_ps7_0_0/fastvit_bd_ps7_0_0/fastvit_bd_ps7_0_0_in_context.xdc, line 72).
Applied set_property CLOCK_BUFFER_TYPE = NONE for DDR_0_dq[0]. (constraint file  e:/codes/microzed/fastvit_hls/vivado_impl/fastvit_dwconv_only_200mhz_proj/fastvit_dwconv_only_200mhz_proj.gen/sources_1/bd/fastvit_bd/ip/fastvit_bd_ps7_0_0/fastvit_bd_ps7_0_0/fastvit_bd_ps7_0_0_in_context.xdc, line 73).
Applied set_property IO_BUFFER_TYPE = NONE for DDR_0_dq[10]. (constraint file  e:/codes/microzed/fastvit_hls/vivado_impl/fastvit_dwconv_only_200mhz_proj/fastvit_dwconv_only_200mhz_proj.gen/sources_1/bd/fastvit_bd/ip/fastvit_bd_ps7_0_0/fastvit_bd_ps7_0_0/fastvit_bd_ps7_0_0_in_context.xdc, line 74).
Applied set_property CLOCK_BUFFER_TYPE = NONE for DDR_0_dq[10]. (constraint file  e:/codes/microzed/fastvit_hls/vivado_impl/fastvit_dwconv_only_200mhz_proj/fastvit_dwconv_only_200mhz_proj.gen/sources_1/bd/fastvit_bd/ip/fastvit_bd_ps7_0_0/fastvit_bd_ps7_0_0/fastvit_bd_ps7_0_0_in_context.xdc, line 75).
Applied set_property IO_BUFFER_TYPE = NONE for DDR_0_dq[11]. (constraint file  e:/codes/microzed/fastvit_hls/vivado_impl/fastvit_dwconv_only_200mhz_proj/fastvit_dwconv_only_200mhz_proj.gen/sources_1/bd/fastvit_bd/ip/fastvit_bd_ps7_0_0/fastvit_bd_ps7_0_0/fastvit_bd_ps7_0_0_in_context.xdc, line 76).
Applied set_property CLOCK_BUFFER_TYPE = NONE for DDR_0_dq[11]. (constraint file  e:/codes/microzed/fastvit_hls/vivado_impl/fastvit_dwconv_only_200mhz_proj/fastvit_dwconv_only_200mhz_proj.gen/sources_1/bd/fastvit_bd/ip/fastvit_bd_ps7_0_0/fastvit_bd_ps7_0_0/fastvit_bd_ps7_0_0_in_context.xdc, line 77).
Applied set_property IO_BUFFER_TYPE = NONE for DDR_0_dq[12]. (constraint file  e:/codes/microzed/fastvit_hls/vivado_impl/fastvit_dwconv_only_200mhz_proj/fastvit_dwconv_only_200mhz_proj.gen/sources_1/bd/fastvit_bd/ip/fastvit_bd_ps7_0_0/fastvit_bd_ps7_0_0/fastvit_bd_ps7_0_0_in_context.xdc, line 78).
Applied set_property CLOCK_BUFFER_TYPE = NONE for DDR_0_dq[12]. (constraint file  e:/codes/microzed/fastvit_hls/vivado_impl/fastvit_dwconv_only_200mhz_proj/fastvit_dwconv_only_200mhz_proj.gen/sources_1/bd/fastvit_bd/ip/fastvit_bd_ps7_0_0/fastvit_bd_ps7_0_0/fastvit_bd_ps7_0_0_in_context.xdc, line 79).
Applied set_property IO_BUFFER_TYPE = NONE for DDR_0_dq[13]. (constraint file  e:/codes/microzed/fastvit_hls/vivado_impl/fastvit_dwconv_only_200mhz_proj/fastvit_dwconv_only_200mhz_proj.gen/sources_1/bd/fastvit_bd/ip/fastvit_bd_ps7_0_0/fastvit_bd_ps7_0_0/fastvit_bd_ps7_0_0_in_context.xdc, line 80).
Applied set_property CLOCK_BUFFER_TYPE = NONE for DDR_0_dq[13]. (constraint file  e:/codes/microzed/fastvit_hls/vivado_impl/fastvit_dwconv_only_200mhz_proj/fastvit_dwconv_only_200mhz_proj.gen/sources_1/bd/fastvit_bd/ip/fastvit_bd_ps7_0_0/fastvit_bd_ps7_0_0/fastvit_bd_ps7_0_0_in_context.xdc, line 81).
Applied set_property IO_BUFFER_TYPE = NONE for DDR_0_dq[14]. (constraint file  e:/codes/microzed/fastvit_hls/vivado_impl/fastvit_dwconv_only_200mhz_proj/fastvit_dwconv_only_200mhz_proj.gen/sources_1/bd/fastvit_bd/ip/fastvit_bd_ps7_0_0/fastvit_bd_ps7_0_0/fastvit_bd_ps7_0_0_in_context.xdc, line 82).
Applied set_property CLOCK_BUFFER_TYPE = NONE for DDR_0_dq[14]. (constraint file  e:/codes/microzed/fastvit_hls/vivado_impl/fastvit_dwconv_only_200mhz_proj/fastvit_dwconv_only_200mhz_proj.gen/sources_1/bd/fastvit_bd/ip/fastvit_bd_ps7_0_0/fastvit_bd_ps7_0_0/fastvit_bd_ps7_0_0_in_context.xdc, line 83).
Applied set_property IO_BUFFER_TYPE = NONE for DDR_0_dq[15]. (constraint file  e:/codes/microzed/fastvit_hls/vivado_impl/fastvit_dwconv_only_200mhz_proj/fastvit_dwconv_only_200mhz_proj.gen/sources_1/bd/fastvit_bd/ip/fastvit_bd_ps7_0_0/fastvit_bd_ps7_0_0/fastvit_bd_ps7_0_0_in_context.xdc, line 84).
Applied set_property CLOCK_BUFFER_TYPE = NONE for DDR_0_dq[15]. (constraint file  e:/codes/microzed/fastvit_hls/vivado_impl/fastvit_dwconv_only_200mhz_proj/fastvit_dwconv_only_200mhz_proj.gen/sources_1/bd/fastvit_bd/ip/fastvit_bd_ps7_0_0/fastvit_bd_ps7_0_0/fastvit_bd_ps7_0_0_in_context.xdc, line 85).
Applied set_property IO_BUFFER_TYPE = NONE for DDR_0_dq[16]. (constraint file  e:/codes/microzed/fastvit_hls/vivado_impl/fastvit_dwconv_only_200mhz_proj/fastvit_dwconv_only_200mhz_proj.gen/sources_1/bd/fastvit_bd/ip/fastvit_bd_ps7_0_0/fastvit_bd_ps7_0_0/fastvit_bd_ps7_0_0_in_context.xdc, line 86).
Applied set_property CLOCK_BUFFER_TYPE = NONE for DDR_0_dq[16]. (constraint file  e:/codes/microzed/fastvit_hls/vivado_impl/fastvit_dwconv_only_200mhz_proj/fastvit_dwconv_only_200mhz_proj.gen/sources_1/bd/fastvit_bd/ip/fastvit_bd_ps7_0_0/fastvit_bd_ps7_0_0/fastvit_bd_ps7_0_0_in_context.xdc, line 87).
Applied set_property IO_BUFFER_TYPE = NONE for DDR_0_dq[17]. (constraint file  e:/codes/microzed/fastvit_hls/vivado_impl/fastvit_dwconv_only_200mhz_proj/fastvit_dwconv_only_200mhz_proj.gen/sources_1/bd/fastvit_bd/ip/fastvit_bd_ps7_0_0/fastvit_bd_ps7_0_0/fastvit_bd_ps7_0_0_in_context.xdc, line 88).
Applied set_property CLOCK_BUFFER_TYPE = NONE for DDR_0_dq[17]. (constraint file  e:/codes/microzed/fastvit_hls/vivado_impl/fastvit_dwconv_only_200mhz_proj/fastvit_dwconv_only_200mhz_proj.gen/sources_1/bd/fastvit_bd/ip/fastvit_bd_ps7_0_0/fastvit_bd_ps7_0_0/fastvit_bd_ps7_0_0_in_context.xdc, line 89).
Applied set_property IO_BUFFER_TYPE = NONE for DDR_0_dq[18]. (constraint file  e:/codes/microzed/fastvit_hls/vivado_impl/fastvit_dwconv_only_200mhz_proj/fastvit_dwconv_only_200mhz_proj.gen/sources_1/bd/fastvit_bd/ip/fastvit_bd_ps7_0_0/fastvit_bd_ps7_0_0/fastvit_bd_ps7_0_0_in_context.xdc, line 90).
Applied set_property CLOCK_BUFFER_TYPE = NONE for DDR_0_dq[18]. (constraint file  e:/codes/microzed/fastvit_hls/vivado_impl/fastvit_dwconv_only_200mhz_proj/fastvit_dwconv_only_200mhz_proj.gen/sources_1/bd/fastvit_bd/ip/fastvit_bd_ps7_0_0/fastvit_bd_ps7_0_0/fastvit_bd_ps7_0_0_in_context.xdc, line 91).
Applied set_property IO_BUFFER_TYPE = NONE for DDR_0_dq[19]. (constraint file  e:/codes/microzed/fastvit_hls/vivado_impl/fastvit_dwconv_only_200mhz_proj/fastvit_dwconv_only_200mhz_proj.gen/sources_1/bd/fastvit_bd/ip/fastvit_bd_ps7_0_0/fastvit_bd_ps7_0_0/fastvit_bd_ps7_0_0_in_context.xdc, line 92).
Applied set_property CLOCK_BUFFER_TYPE = NONE for DDR_0_dq[19]. (constraint file  e:/codes/microzed/fastvit_hls/vivado_impl/fastvit_dwconv_only_200mhz_proj/fastvit_dwconv_only_200mhz_proj.gen/sources_1/bd/fastvit_bd/ip/fastvit_bd_ps7_0_0/fastvit_bd_ps7_0_0/fastvit_bd_ps7_0_0_in_context.xdc, line 93).
Applied set_property IO_BUFFER_TYPE = NONE for DDR_0_dq[1]. (constraint file  e:/codes/microzed/fastvit_hls/vivado_impl/fastvit_dwconv_only_200mhz_proj/fastvit_dwconv_only_200mhz_proj.gen/sources_1/bd/fastvit_bd/ip/fastvit_bd_ps7_0_0/fastvit_bd_ps7_0_0/fastvit_bd_ps7_0_0_in_context.xdc, line 94).
Applied set_property CLOCK_BUFFER_TYPE = NONE for DDR_0_dq[1]. (constraint file  e:/codes/microzed/fastvit_hls/vivado_impl/fastvit_dwconv_only_200mhz_proj/fastvit_dwconv_only_200mhz_proj.gen/sources_1/bd/fastvit_bd/ip/fastvit_bd_ps7_0_0/fastvit_bd_ps7_0_0/fastvit_bd_ps7_0_0_in_context.xdc, line 95).
Applied set_property IO_BUFFER_TYPE = NONE for DDR_0_dq[20]. (constraint file  e:/codes/microzed/fastvit_hls/vivado_impl/fastvit_dwconv_only_200mhz_proj/fastvit_dwconv_only_200mhz_proj.gen/sources_1/bd/fastvit_bd/ip/fastvit_bd_ps7_0_0/fastvit_bd_ps7_0_0/fastvit_bd_ps7_0_0_in_context.xdc, line 96).
Applied set_property CLOCK_BUFFER_TYPE = NONE for DDR_0_dq[20]. (constraint file  e:/codes/microzed/fastvit_hls/vivado_impl/fastvit_dwconv_only_200mhz_proj/fastvit_dwconv_only_200mhz_proj.gen/sources_1/bd/fastvit_bd/ip/fastvit_bd_ps7_0_0/fastvit_bd_ps7_0_0/fastvit_bd_ps7_0_0_in_context.xdc, line 97).
Applied set_property IO_BUFFER_TYPE = NONE for DDR_0_dq[21]. (constraint file  e:/codes/microzed/fastvit_hls/vivado_impl/fastvit_dwconv_only_200mhz_proj/fastvit_dwconv_only_200mhz_proj.gen/sources_1/bd/fastvit_bd/ip/fastvit_bd_ps7_0_0/fastvit_bd_ps7_0_0/fastvit_bd_ps7_0_0_in_context.xdc, line 98).
Applied set_property CLOCK_BUFFER_TYPE = NONE for DDR_0_dq[21]. (constraint file  e:/codes/microzed/fastvit_hls/vivado_impl/fastvit_dwconv_only_200mhz_proj/fastvit_dwconv_only_200mhz_proj.gen/sources_1/bd/fastvit_bd/ip/fastvit_bd_ps7_0_0/fastvit_bd_ps7_0_0/fastvit_bd_ps7_0_0_in_context.xdc, line 99).
Applied set_property IO_BUFFER_TYPE = NONE for DDR_0_dq[22]. (constraint file  e:/codes/microzed/fastvit_hls/vivado_impl/fastvit_dwconv_only_200mhz_proj/fastvit_dwconv_only_200mhz_proj.gen/sources_1/bd/fastvit_bd/ip/fastvit_bd_ps7_0_0/fastvit_bd_ps7_0_0/fastvit_bd_ps7_0_0_in_context.xdc, line 100).
Applied set_property CLOCK_BUFFER_TYPE = NONE for DDR_0_dq[22]. (constraint file  e:/codes/microzed/fastvit_hls/vivado_impl/fastvit_dwconv_only_200mhz_proj/fastvit_dwconv_only_200mhz_proj.gen/sources_1/bd/fastvit_bd/ip/fastvit_bd_ps7_0_0/fastvit_bd_ps7_0_0/fastvit_bd_ps7_0_0_in_context.xdc, line 101).
Applied set_property IO_BUFFER_TYPE = NONE for DDR_0_dq[23]. (constraint file  e:/codes/microzed/fastvit_hls/vivado_impl/fastvit_dwconv_only_200mhz_proj/fastvit_dwconv_only_200mhz_proj.gen/sources_1/bd/fastvit_bd/ip/fastvit_bd_ps7_0_0/fastvit_bd_ps7_0_0/fastvit_bd_ps7_0_0_in_context.xdc, line 102).
Applied set_property CLOCK_BUFFER_TYPE = NONE for DDR_0_dq[23]. (constraint file  e:/codes/microzed/fastvit_hls/vivado_impl/fastvit_dwconv_only_200mhz_proj/fastvit_dwconv_only_200mhz_proj.gen/sources_1/bd/fastvit_bd/ip/fastvit_bd_ps7_0_0/fastvit_bd_ps7_0_0/fastvit_bd_ps7_0_0_in_context.xdc, line 103).
Applied set_property IO_BUFFER_TYPE = NONE for DDR_0_dq[24]. (constraint file  e:/codes/microzed/fastvit_hls/vivado_impl/fastvit_dwconv_only_200mhz_proj/fastvit_dwconv_only_200mhz_proj.gen/sources_1/bd/fastvit_bd/ip/fastvit_bd_ps7_0_0/fastvit_bd_ps7_0_0/fastvit_bd_ps7_0_0_in_context.xdc, line 104).
Applied set_property CLOCK_BUFFER_TYPE = NONE for DDR_0_dq[24]. (constraint file  e:/codes/microzed/fastvit_hls/vivado_impl/fastvit_dwconv_only_200mhz_proj/fastvit_dwconv_only_200mhz_proj.gen/sources_1/bd/fastvit_bd/ip/fastvit_bd_ps7_0_0/fastvit_bd_ps7_0_0/fastvit_bd_ps7_0_0_in_context.xdc, line 105).
Applied set_property IO_BUFFER_TYPE = NONE for DDR_0_dq[25]. (constraint file  e:/codes/microzed/fastvit_hls/vivado_impl/fastvit_dwconv_only_200mhz_proj/fastvit_dwconv_only_200mhz_proj.gen/sources_1/bd/fastvit_bd/ip/fastvit_bd_ps7_0_0/fastvit_bd_ps7_0_0/fastvit_bd_ps7_0_0_in_context.xdc, line 106).
Applied set_property CLOCK_BUFFER_TYPE = NONE for DDR_0_dq[25]. (constraint file  e:/codes/microzed/fastvit_hls/vivado_impl/fastvit_dwconv_only_200mhz_proj/fastvit_dwconv_only_200mhz_proj.gen/sources_1/bd/fastvit_bd/ip/fastvit_bd_ps7_0_0/fastvit_bd_ps7_0_0/fastvit_bd_ps7_0_0_in_context.xdc, line 107).
Applied set_property IO_BUFFER_TYPE = NONE for DDR_0_dq[26]. (constraint file  e:/codes/microzed/fastvit_hls/vivado_impl/fastvit_dwconv_only_200mhz_proj/fastvit_dwconv_only_200mhz_proj.gen/sources_1/bd/fastvit_bd/ip/fastvit_bd_ps7_0_0/fastvit_bd_ps7_0_0/fastvit_bd_ps7_0_0_in_context.xdc, line 108).
Applied set_property CLOCK_BUFFER_TYPE = NONE for DDR_0_dq[26]. (constraint file  e:/codes/microzed/fastvit_hls/vivado_impl/fastvit_dwconv_only_200mhz_proj/fastvit_dwconv_only_200mhz_proj.gen/sources_1/bd/fastvit_bd/ip/fastvit_bd_ps7_0_0/fastvit_bd_ps7_0_0/fastvit_bd_ps7_0_0_in_context.xdc, line 109).
Applied set_property IO_BUFFER_TYPE = NONE for DDR_0_dq[27]. (constraint file  e:/codes/microzed/fastvit_hls/vivado_impl/fastvit_dwconv_only_200mhz_proj/fastvit_dwconv_only_200mhz_proj.gen/sources_1/bd/fastvit_bd/ip/fastvit_bd_ps7_0_0/fastvit_bd_ps7_0_0/fastvit_bd_ps7_0_0_in_context.xdc, line 110).
Applied set_property CLOCK_BUFFER_TYPE = NONE for DDR_0_dq[27]. (constraint file  e:/codes/microzed/fastvit_hls/vivado_impl/fastvit_dwconv_only_200mhz_proj/fastvit_dwconv_only_200mhz_proj.gen/sources_1/bd/fastvit_bd/ip/fastvit_bd_ps7_0_0/fastvit_bd_ps7_0_0/fastvit_bd_ps7_0_0_in_context.xdc, line 111).
Applied set_property IO_BUFFER_TYPE = NONE for DDR_0_dq[28]. (constraint file  e:/codes/microzed/fastvit_hls/vivado_impl/fastvit_dwconv_only_200mhz_proj/fastvit_dwconv_only_200mhz_proj.gen/sources_1/bd/fastvit_bd/ip/fastvit_bd_ps7_0_0/fastvit_bd_ps7_0_0/fastvit_bd_ps7_0_0_in_context.xdc, line 112).
Applied set_property CLOCK_BUFFER_TYPE = NONE for DDR_0_dq[28]. (constraint file  e:/codes/microzed/fastvit_hls/vivado_impl/fastvit_dwconv_only_200mhz_proj/fastvit_dwconv_only_200mhz_proj.gen/sources_1/bd/fastvit_bd/ip/fastvit_bd_ps7_0_0/fastvit_bd_ps7_0_0/fastvit_bd_ps7_0_0_in_context.xdc, line 113).
Applied set_property IO_BUFFER_TYPE = NONE for DDR_0_dq[29]. (constraint file  e:/codes/microzed/fastvit_hls/vivado_impl/fastvit_dwconv_only_200mhz_proj/fastvit_dwconv_only_200mhz_proj.gen/sources_1/bd/fastvit_bd/ip/fastvit_bd_ps7_0_0/fastvit_bd_ps7_0_0/fastvit_bd_ps7_0_0_in_context.xdc, line 114).
Applied set_property CLOCK_BUFFER_TYPE = NONE for DDR_0_dq[29]. (constraint file  e:/codes/microzed/fastvit_hls/vivado_impl/fastvit_dwconv_only_200mhz_proj/fastvit_dwconv_only_200mhz_proj.gen/sources_1/bd/fastvit_bd/ip/fastvit_bd_ps7_0_0/fastvit_bd_ps7_0_0/fastvit_bd_ps7_0_0_in_context.xdc, line 115).
Applied set_property IO_BUFFER_TYPE = NONE for DDR_0_dq[2]. (constraint file  e:/codes/microzed/fastvit_hls/vivado_impl/fastvit_dwconv_only_200mhz_proj/fastvit_dwconv_only_200mhz_proj.gen/sources_1/bd/fastvit_bd/ip/fastvit_bd_ps7_0_0/fastvit_bd_ps7_0_0/fastvit_bd_ps7_0_0_in_context.xdc, line 116).
Applied set_property CLOCK_BUFFER_TYPE = NONE for DDR_0_dq[2]. (constraint file  e:/codes/microzed/fastvit_hls/vivado_impl/fastvit_dwconv_only_200mhz_proj/fastvit_dwconv_only_200mhz_proj.gen/sources_1/bd/fastvit_bd/ip/fastvit_bd_ps7_0_0/fastvit_bd_ps7_0_0/fastvit_bd_ps7_0_0_in_context.xdc, line 117).
Applied set_property IO_BUFFER_TYPE = NONE for DDR_0_dq[30]. (constraint file  e:/codes/microzed/fastvit_hls/vivado_impl/fastvit_dwconv_only_200mhz_proj/fastvit_dwconv_only_200mhz_proj.gen/sources_1/bd/fastvit_bd/ip/fastvit_bd_ps7_0_0/fastvit_bd_ps7_0_0/fastvit_bd_ps7_0_0_in_context.xdc, line 118).
Applied set_property CLOCK_BUFFER_TYPE = NONE for DDR_0_dq[30]. (constraint file  e:/codes/microzed/fastvit_hls/vivado_impl/fastvit_dwconv_only_200mhz_proj/fastvit_dwconv_only_200mhz_proj.gen/sources_1/bd/fastvit_bd/ip/fastvit_bd_ps7_0_0/fastvit_bd_ps7_0_0/fastvit_bd_ps7_0_0_in_context.xdc, line 119).
Applied set_property IO_BUFFER_TYPE = NONE for DDR_0_dq[31]. (constraint file  e:/codes/microzed/fastvit_hls/vivado_impl/fastvit_dwconv_only_200mhz_proj/fastvit_dwconv_only_200mhz_proj.gen/sources_1/bd/fastvit_bd/ip/fastvit_bd_ps7_0_0/fastvit_bd_ps7_0_0/fastvit_bd_ps7_0_0_in_context.xdc, line 120).
Applied set_property CLOCK_BUFFER_TYPE = NONE for DDR_0_dq[31]. (constraint file  e:/codes/microzed/fastvit_hls/vivado_impl/fastvit_dwconv_only_200mhz_proj/fastvit_dwconv_only_200mhz_proj.gen/sources_1/bd/fastvit_bd/ip/fastvit_bd_ps7_0_0/fastvit_bd_ps7_0_0/fastvit_bd_ps7_0_0_in_context.xdc, line 121).
Applied set_property IO_BUFFER_TYPE = NONE for DDR_0_dq[3]. (constraint file  e:/codes/microzed/fastvit_hls/vivado_impl/fastvit_dwconv_only_200mhz_proj/fastvit_dwconv_only_200mhz_proj.gen/sources_1/bd/fastvit_bd/ip/fastvit_bd_ps7_0_0/fastvit_bd_ps7_0_0/fastvit_bd_ps7_0_0_in_context.xdc, line 122).
Applied set_property CLOCK_BUFFER_TYPE = NONE for DDR_0_dq[3]. (constraint file  e:/codes/microzed/fastvit_hls/vivado_impl/fastvit_dwconv_only_200mhz_proj/fastvit_dwconv_only_200mhz_proj.gen/sources_1/bd/fastvit_bd/ip/fastvit_bd_ps7_0_0/fastvit_bd_ps7_0_0/fastvit_bd_ps7_0_0_in_context.xdc, line 123).
Applied set_property IO_BUFFER_TYPE = NONE for DDR_0_dq[4]. (constraint file  e:/codes/microzed/fastvit_hls/vivado_impl/fastvit_dwconv_only_200mhz_proj/fastvit_dwconv_only_200mhz_proj.gen/sources_1/bd/fastvit_bd/ip/fastvit_bd_ps7_0_0/fastvit_bd_ps7_0_0/fastvit_bd_ps7_0_0_in_context.xdc, line 124).
Applied set_property CLOCK_BUFFER_TYPE = NONE for DDR_0_dq[4]. (constraint file  e:/codes/microzed/fastvit_hls/vivado_impl/fastvit_dwconv_only_200mhz_proj/fastvit_dwconv_only_200mhz_proj.gen/sources_1/bd/fastvit_bd/ip/fastvit_bd_ps7_0_0/fastvit_bd_ps7_0_0/fastvit_bd_ps7_0_0_in_context.xdc, line 125).
Applied set_property IO_BUFFER_TYPE = NONE for DDR_0_dq[5]. (constraint file  e:/codes/microzed/fastvit_hls/vivado_impl/fastvit_dwconv_only_200mhz_proj/fastvit_dwconv_only_200mhz_proj.gen/sources_1/bd/fastvit_bd/ip/fastvit_bd_ps7_0_0/fastvit_bd_ps7_0_0/fastvit_bd_ps7_0_0_in_context.xdc, line 126).
Applied set_property CLOCK_BUFFER_TYPE = NONE for DDR_0_dq[5]. (constraint file  e:/codes/microzed/fastvit_hls/vivado_impl/fastvit_dwconv_only_200mhz_proj/fastvit_dwconv_only_200mhz_proj.gen/sources_1/bd/fastvit_bd/ip/fastvit_bd_ps7_0_0/fastvit_bd_ps7_0_0/fastvit_bd_ps7_0_0_in_context.xdc, line 127).
Applied set_property IO_BUFFER_TYPE = NONE for DDR_0_dq[6]. (constraint file  e:/codes/microzed/fastvit_hls/vivado_impl/fastvit_dwconv_only_200mhz_proj/fastvit_dwconv_only_200mhz_proj.gen/sources_1/bd/fastvit_bd/ip/fastvit_bd_ps7_0_0/fastvit_bd_ps7_0_0/fastvit_bd_ps7_0_0_in_context.xdc, line 128).
Applied set_property CLOCK_BUFFER_TYPE = NONE for DDR_0_dq[6]. (constraint file  e:/codes/microzed/fastvit_hls/vivado_impl/fastvit_dwconv_only_200mhz_proj/fastvit_dwconv_only_200mhz_proj.gen/sources_1/bd/fastvit_bd/ip/fastvit_bd_ps7_0_0/fastvit_bd_ps7_0_0/fastvit_bd_ps7_0_0_in_context.xdc, line 129).
Applied set_property IO_BUFFER_TYPE = NONE for DDR_0_dq[7]. (constraint file  e:/codes/microzed/fastvit_hls/vivado_impl/fastvit_dwconv_only_200mhz_proj/fastvit_dwconv_only_200mhz_proj.gen/sources_1/bd/fastvit_bd/ip/fastvit_bd_ps7_0_0/fastvit_bd_ps7_0_0/fastvit_bd_ps7_0_0_in_context.xdc, line 130).
Applied set_property CLOCK_BUFFER_TYPE = NONE for DDR_0_dq[7]. (constraint file  e:/codes/microzed/fastvit_hls/vivado_impl/fastvit_dwconv_only_200mhz_proj/fastvit_dwconv_only_200mhz_proj.gen/sources_1/bd/fastvit_bd/ip/fastvit_bd_ps7_0_0/fastvit_bd_ps7_0_0/fastvit_bd_ps7_0_0_in_context.xdc, line 131).
Applied set_property IO_BUFFER_TYPE = NONE for DDR_0_dq[8]. (constraint file  e:/codes/microzed/fastvit_hls/vivado_impl/fastvit_dwconv_only_200mhz_proj/fastvit_dwconv_only_200mhz_proj.gen/sources_1/bd/fastvit_bd/ip/fastvit_bd_ps7_0_0/fastvit_bd_ps7_0_0/fastvit_bd_ps7_0_0_in_context.xdc, line 132).
Applied set_property CLOCK_BUFFER_TYPE = NONE for DDR_0_dq[8]. (constraint file  e:/codes/microzed/fastvit_hls/vivado_impl/fastvit_dwconv_only_200mhz_proj/fastvit_dwconv_only_200mhz_proj.gen/sources_1/bd/fastvit_bd/ip/fastvit_bd_ps7_0_0/fastvit_bd_ps7_0_0/fastvit_bd_ps7_0_0_in_context.xdc, line 133).
Applied set_property IO_BUFFER_TYPE = NONE for DDR_0_dq[9]. (constraint file  e:/codes/microzed/fastvit_hls/vivado_impl/fastvit_dwconv_only_200mhz_proj/fastvit_dwconv_only_200mhz_proj.gen/sources_1/bd/fastvit_bd/ip/fastvit_bd_ps7_0_0/fastvit_bd_ps7_0_0/fastvit_bd_ps7_0_0_in_context.xdc, line 134).
Applied set_property CLOCK_BUFFER_TYPE = NONE for DDR_0_dq[9]. (constraint file  e:/codes/microzed/fastvit_hls/vivado_impl/fastvit_dwconv_only_200mhz_proj/fastvit_dwconv_only_200mhz_proj.gen/sources_1/bd/fastvit_bd/ip/fastvit_bd_ps7_0_0/fastvit_bd_ps7_0_0/fastvit_bd_ps7_0_0_in_context.xdc, line 135).
Applied set_property IO_BUFFER_TYPE = NONE for DDR_0_reset_n. (constraint file  e:/codes/microzed/fastvit_hls/vivado_impl/fastvit_dwconv_only_200mhz_proj/fastvit_dwconv_only_200mhz_proj.gen/sources_1/bd/fastvit_bd/ip/fastvit_bd_ps7_0_0/fastvit_bd_ps7_0_0/fastvit_bd_ps7_0_0_in_context.xdc, line 136).
Applied set_property CLOCK_BUFFER_TYPE = NONE for DDR_0_reset_n. (constraint file  e:/codes/microzed/fastvit_hls/vivado_impl/fastvit_dwconv_only_200mhz_proj/fastvit_dwconv_only_200mhz_proj.gen/sources_1/bd/fastvit_bd/ip/fastvit_bd_ps7_0_0/fastvit_bd_ps7_0_0/fastvit_bd_ps7_0_0_in_context.xdc, line 137).
Applied set_property IO_BUFFER_TYPE = NONE for DDR_0_odt. (constraint file  e:/codes/microzed/fastvit_hls/vivado_impl/fastvit_dwconv_only_200mhz_proj/fastvit_dwconv_only_200mhz_proj.gen/sources_1/bd/fastvit_bd/ip/fastvit_bd_ps7_0_0/fastvit_bd_ps7_0_0/fastvit_bd_ps7_0_0_in_context.xdc, line 138).
Applied set_property CLOCK_BUFFER_TYPE = NONE for DDR_0_odt. (constraint file  e:/codes/microzed/fastvit_hls/vivado_impl/fastvit_dwconv_only_200mhz_proj/fastvit_dwconv_only_200mhz_proj.gen/sources_1/bd/fastvit_bd/ip/fastvit_bd_ps7_0_0/fastvit_bd_ps7_0_0/fastvit_bd_ps7_0_0_in_context.xdc, line 139).
Applied set_property IO_BUFFER_TYPE = NONE for DDR_0_ras_n. (constraint file  e:/codes/microzed/fastvit_hls/vivado_impl/fastvit_dwconv_only_200mhz_proj/fastvit_dwconv_only_200mhz_proj.gen/sources_1/bd/fastvit_bd/ip/fastvit_bd_ps7_0_0/fastvit_bd_ps7_0_0/fastvit_bd_ps7_0_0_in_context.xdc, line 140).
Applied set_property CLOCK_BUFFER_TYPE = NONE for DDR_0_ras_n. (constraint file  e:/codes/microzed/fastvit_hls/vivado_impl/fastvit_dwconv_only_200mhz_proj/fastvit_dwconv_only_200mhz_proj.gen/sources_1/bd/fastvit_bd/ip/fastvit_bd_ps7_0_0/fastvit_bd_ps7_0_0/fastvit_bd_ps7_0_0_in_context.xdc, line 141).
Applied set_property IO_BUFFER_TYPE = NONE for FIXED_IO_0_ddr_vrn. (constraint file  e:/codes/microzed/fastvit_hls/vivado_impl/fastvit_dwconv_only_200mhz_proj/fastvit_dwconv_only_200mhz_proj.gen/sources_1/bd/fastvit_bd/ip/fastvit_bd_ps7_0_0/fastvit_bd_ps7_0_0/fastvit_bd_ps7_0_0_in_context.xdc, line 142).
Applied set_property CLOCK_BUFFER_TYPE = NONE for FIXED_IO_0_ddr_vrn. (constraint file  e:/codes/microzed/fastvit_hls/vivado_impl/fastvit_dwconv_only_200mhz_proj/fastvit_dwconv_only_200mhz_proj.gen/sources_1/bd/fastvit_bd/ip/fastvit_bd_ps7_0_0/fastvit_bd_ps7_0_0/fastvit_bd_ps7_0_0_in_context.xdc, line 143).
Applied set_property IO_BUFFER_TYPE = NONE for FIXED_IO_0_ddr_vrp. (constraint file  e:/codes/microzed/fastvit_hls/vivado_impl/fastvit_dwconv_only_200mhz_proj/fastvit_dwconv_only_200mhz_proj.gen/sources_1/bd/fastvit_bd/ip/fastvit_bd_ps7_0_0/fastvit_bd_ps7_0_0/fastvit_bd_ps7_0_0_in_context.xdc, line 144).
Applied set_property CLOCK_BUFFER_TYPE = NONE for FIXED_IO_0_ddr_vrp. (constraint file  e:/codes/microzed/fastvit_hls/vivado_impl/fastvit_dwconv_only_200mhz_proj/fastvit_dwconv_only_200mhz_proj.gen/sources_1/bd/fastvit_bd/ip/fastvit_bd_ps7_0_0/fastvit_bd_ps7_0_0/fastvit_bd_ps7_0_0_in_context.xdc, line 145).
Applied set_property IO_BUFFER_TYPE = NONE for DDR_0_we_n. (constraint file  e:/codes/microzed/fastvit_hls/vivado_impl/fastvit_dwconv_only_200mhz_proj/fastvit_dwconv_only_200mhz_proj.gen/sources_1/bd/fastvit_bd/ip/fastvit_bd_ps7_0_0/fastvit_bd_ps7_0_0/fastvit_bd_ps7_0_0_in_context.xdc, line 146).
Applied set_property CLOCK_BUFFER_TYPE = NONE for DDR_0_we_n. (constraint file  e:/codes/microzed/fastvit_hls/vivado_impl/fastvit_dwconv_only_200mhz_proj/fastvit_dwconv_only_200mhz_proj.gen/sources_1/bd/fastvit_bd/ip/fastvit_bd_ps7_0_0/fastvit_bd_ps7_0_0/fastvit_bd_ps7_0_0_in_context.xdc, line 147).
Applied set_property IO_BUFFER_TYPE = NONE for FIXED_IO_0_mio[0]. (constraint file  e:/codes/microzed/fastvit_hls/vivado_impl/fastvit_dwconv_only_200mhz_proj/fastvit_dwconv_only_200mhz_proj.gen/sources_1/bd/fastvit_bd/ip/fastvit_bd_ps7_0_0/fastvit_bd_ps7_0_0/fastvit_bd_ps7_0_0_in_context.xdc, line 148).
Applied set_property CLOCK_BUFFER_TYPE = NONE for FIXED_IO_0_mio[0]. (constraint file  e:/codes/microzed/fastvit_hls/vivado_impl/fastvit_dwconv_only_200mhz_proj/fastvit_dwconv_only_200mhz_proj.gen/sources_1/bd/fastvit_bd/ip/fastvit_bd_ps7_0_0/fastvit_bd_ps7_0_0/fastvit_bd_ps7_0_0_in_context.xdc, line 149).
Applied set_property IO_BUFFER_TYPE = NONE for FIXED_IO_0_mio[10]. (constraint file  e:/codes/microzed/fastvit_hls/vivado_impl/fastvit_dwconv_only_200mhz_proj/fastvit_dwconv_only_200mhz_proj.gen/sources_1/bd/fastvit_bd/ip/fastvit_bd_ps7_0_0/fastvit_bd_ps7_0_0/fastvit_bd_ps7_0_0_in_context.xdc, line 150).
Applied set_property CLOCK_BUFFER_TYPE = NONE for FIXED_IO_0_mio[10]. (constraint file  e:/codes/microzed/fastvit_hls/vivado_impl/fastvit_dwconv_only_200mhz_proj/fastvit_dwconv_only_200mhz_proj.gen/sources_1/bd/fastvit_bd/ip/fastvit_bd_ps7_0_0/fastvit_bd_ps7_0_0/fastvit_bd_ps7_0_0_in_context.xdc, line 151).
Applied set_property IO_BUFFER_TYPE = NONE for FIXED_IO_0_mio[11]. (constraint file  e:/codes/microzed/fastvit_hls/vivado_impl/fastvit_dwconv_only_200mhz_proj/fastvit_dwconv_only_200mhz_proj.gen/sources_1/bd/fastvit_bd/ip/fastvit_bd_ps7_0_0/fastvit_bd_ps7_0_0/fastvit_bd_ps7_0_0_in_context.xdc, line 152).
Applied set_property CLOCK_BUFFER_TYPE = NONE for FIXED_IO_0_mio[11]. (constraint file  e:/codes/microzed/fastvit_hls/vivado_impl/fastvit_dwconv_only_200mhz_proj/fastvit_dwconv_only_200mhz_proj.gen/sources_1/bd/fastvit_bd/ip/fastvit_bd_ps7_0_0/fastvit_bd_ps7_0_0/fastvit_bd_ps7_0_0_in_context.xdc, line 153).
Applied set_property IO_BUFFER_TYPE = NONE for FIXED_IO_0_mio[12]. (constraint file  e:/codes/microzed/fastvit_hls/vivado_impl/fastvit_dwconv_only_200mhz_proj/fastvit_dwconv_only_200mhz_proj.gen/sources_1/bd/fastvit_bd/ip/fastvit_bd_ps7_0_0/fastvit_bd_ps7_0_0/fastvit_bd_ps7_0_0_in_context.xdc, line 154).
Applied set_property CLOCK_BUFFER_TYPE = NONE for FIXED_IO_0_mio[12]. (constraint file  e:/codes/microzed/fastvit_hls/vivado_impl/fastvit_dwconv_only_200mhz_proj/fastvit_dwconv_only_200mhz_proj.gen/sources_1/bd/fastvit_bd/ip/fastvit_bd_ps7_0_0/fastvit_bd_ps7_0_0/fastvit_bd_ps7_0_0_in_context.xdc, line 155).
Applied set_property IO_BUFFER_TYPE = NONE for FIXED_IO_0_mio[13]. (constraint file  e:/codes/microzed/fastvit_hls/vivado_impl/fastvit_dwconv_only_200mhz_proj/fastvit_dwconv_only_200mhz_proj.gen/sources_1/bd/fastvit_bd/ip/fastvit_bd_ps7_0_0/fastvit_bd_ps7_0_0/fastvit_bd_ps7_0_0_in_context.xdc, line 156).
Applied set_property CLOCK_BUFFER_TYPE = NONE for FIXED_IO_0_mio[13]. (constraint file  e:/codes/microzed/fastvit_hls/vivado_impl/fastvit_dwconv_only_200mhz_proj/fastvit_dwconv_only_200mhz_proj.gen/sources_1/bd/fastvit_bd/ip/fastvit_bd_ps7_0_0/fastvit_bd_ps7_0_0/fastvit_bd_ps7_0_0_in_context.xdc, line 157).
Applied set_property IO_BUFFER_TYPE = NONE for FIXED_IO_0_mio[14]. (constraint file  e:/codes/microzed/fastvit_hls/vivado_impl/fastvit_dwconv_only_200mhz_proj/fastvit_dwconv_only_200mhz_proj.gen/sources_1/bd/fastvit_bd/ip/fastvit_bd_ps7_0_0/fastvit_bd_ps7_0_0/fastvit_bd_ps7_0_0_in_context.xdc, line 158).
Applied set_property CLOCK_BUFFER_TYPE = NONE for FIXED_IO_0_mio[14]. (constraint file  e:/codes/microzed/fastvit_hls/vivado_impl/fastvit_dwconv_only_200mhz_proj/fastvit_dwconv_only_200mhz_proj.gen/sources_1/bd/fastvit_bd/ip/fastvit_bd_ps7_0_0/fastvit_bd_ps7_0_0/fastvit_bd_ps7_0_0_in_context.xdc, line 159).
Applied set_property IO_BUFFER_TYPE = NONE for FIXED_IO_0_mio[15]. (constraint file  e:/codes/microzed/fastvit_hls/vivado_impl/fastvit_dwconv_only_200mhz_proj/fastvit_dwconv_only_200mhz_proj.gen/sources_1/bd/fastvit_bd/ip/fastvit_bd_ps7_0_0/fastvit_bd_ps7_0_0/fastvit_bd_ps7_0_0_in_context.xdc, line 160).
Applied set_property CLOCK_BUFFER_TYPE = NONE for FIXED_IO_0_mio[15]. (constraint file  e:/codes/microzed/fastvit_hls/vivado_impl/fastvit_dwconv_only_200mhz_proj/fastvit_dwconv_only_200mhz_proj.gen/sources_1/bd/fastvit_bd/ip/fastvit_bd_ps7_0_0/fastvit_bd_ps7_0_0/fastvit_bd_ps7_0_0_in_context.xdc, line 161).
Applied set_property IO_BUFFER_TYPE = NONE for FIXED_IO_0_mio[16]. (constraint file  e:/codes/microzed/fastvit_hls/vivado_impl/fastvit_dwconv_only_200mhz_proj/fastvit_dwconv_only_200mhz_proj.gen/sources_1/bd/fastvit_bd/ip/fastvit_bd_ps7_0_0/fastvit_bd_ps7_0_0/fastvit_bd_ps7_0_0_in_context.xdc, line 162).
Applied set_property CLOCK_BUFFER_TYPE = NONE for FIXED_IO_0_mio[16]. (constraint file  e:/codes/microzed/fastvit_hls/vivado_impl/fastvit_dwconv_only_200mhz_proj/fastvit_dwconv_only_200mhz_proj.gen/sources_1/bd/fastvit_bd/ip/fastvit_bd_ps7_0_0/fastvit_bd_ps7_0_0/fastvit_bd_ps7_0_0_in_context.xdc, line 163).
Applied set_property IO_BUFFER_TYPE = NONE for FIXED_IO_0_mio[17]. (constraint file  e:/codes/microzed/fastvit_hls/vivado_impl/fastvit_dwconv_only_200mhz_proj/fastvit_dwconv_only_200mhz_proj.gen/sources_1/bd/fastvit_bd/ip/fastvit_bd_ps7_0_0/fastvit_bd_ps7_0_0/fastvit_bd_ps7_0_0_in_context.xdc, line 164).
Applied set_property CLOCK_BUFFER_TYPE = NONE for FIXED_IO_0_mio[17]. (constraint file  e:/codes/microzed/fastvit_hls/vivado_impl/fastvit_dwconv_only_200mhz_proj/fastvit_dwconv_only_200mhz_proj.gen/sources_1/bd/fastvit_bd/ip/fastvit_bd_ps7_0_0/fastvit_bd_ps7_0_0/fastvit_bd_ps7_0_0_in_context.xdc, line 165).
Applied set_property IO_BUFFER_TYPE = NONE for FIXED_IO_0_mio[18]. (constraint file  e:/codes/microzed/fastvit_hls/vivado_impl/fastvit_dwconv_only_200mhz_proj/fastvit_dwconv_only_200mhz_proj.gen/sources_1/bd/fastvit_bd/ip/fastvit_bd_ps7_0_0/fastvit_bd_ps7_0_0/fastvit_bd_ps7_0_0_in_context.xdc, line 166).
Applied set_property CLOCK_BUFFER_TYPE = NONE for FIXED_IO_0_mio[18]. (constraint file  e:/codes/microzed/fastvit_hls/vivado_impl/fastvit_dwconv_only_200mhz_proj/fastvit_dwconv_only_200mhz_proj.gen/sources_1/bd/fastvit_bd/ip/fastvit_bd_ps7_0_0/fastvit_bd_ps7_0_0/fastvit_bd_ps7_0_0_in_context.xdc, line 167).
Applied set_property IO_BUFFER_TYPE = NONE for FIXED_IO_0_mio[19]. (constraint file  e:/codes/microzed/fastvit_hls/vivado_impl/fastvit_dwconv_only_200mhz_proj/fastvit_dwconv_only_200mhz_proj.gen/sources_1/bd/fastvit_bd/ip/fastvit_bd_ps7_0_0/fastvit_bd_ps7_0_0/fastvit_bd_ps7_0_0_in_context.xdc, line 168).
Applied set_property CLOCK_BUFFER_TYPE = NONE for FIXED_IO_0_mio[19]. (constraint file  e:/codes/microzed/fastvit_hls/vivado_impl/fastvit_dwconv_only_200mhz_proj/fastvit_dwconv_only_200mhz_proj.gen/sources_1/bd/fastvit_bd/ip/fastvit_bd_ps7_0_0/fastvit_bd_ps7_0_0/fastvit_bd_ps7_0_0_in_context.xdc, line 169).
Applied set_property IO_BUFFER_TYPE = NONE for FIXED_IO_0_mio[1]. (constraint file  e:/codes/microzed/fastvit_hls/vivado_impl/fastvit_dwconv_only_200mhz_proj/fastvit_dwconv_only_200mhz_proj.gen/sources_1/bd/fastvit_bd/ip/fastvit_bd_ps7_0_0/fastvit_bd_ps7_0_0/fastvit_bd_ps7_0_0_in_context.xdc, line 170).
Applied set_property CLOCK_BUFFER_TYPE = NONE for FIXED_IO_0_mio[1]. (constraint file  e:/codes/microzed/fastvit_hls/vivado_impl/fastvit_dwconv_only_200mhz_proj/fastvit_dwconv_only_200mhz_proj.gen/sources_1/bd/fastvit_bd/ip/fastvit_bd_ps7_0_0/fastvit_bd_ps7_0_0/fastvit_bd_ps7_0_0_in_context.xdc, line 171).
Applied set_property IO_BUFFER_TYPE = NONE for FIXED_IO_0_mio[20]. (constraint file  e:/codes/microzed/fastvit_hls/vivado_impl/fastvit_dwconv_only_200mhz_proj/fastvit_dwconv_only_200mhz_proj.gen/sources_1/bd/fastvit_bd/ip/fastvit_bd_ps7_0_0/fastvit_bd_ps7_0_0/fastvit_bd_ps7_0_0_in_context.xdc, line 172).
Applied set_property CLOCK_BUFFER_TYPE = NONE for FIXED_IO_0_mio[20]. (constraint file  e:/codes/microzed/fastvit_hls/vivado_impl/fastvit_dwconv_only_200mhz_proj/fastvit_dwconv_only_200mhz_proj.gen/sources_1/bd/fastvit_bd/ip/fastvit_bd_ps7_0_0/fastvit_bd_ps7_0_0/fastvit_bd_ps7_0_0_in_context.xdc, line 173).
Applied set_property IO_BUFFER_TYPE = NONE for FIXED_IO_0_mio[21]. (constraint file  e:/codes/microzed/fastvit_hls/vivado_impl/fastvit_dwconv_only_200mhz_proj/fastvit_dwconv_only_200mhz_proj.gen/sources_1/bd/fastvit_bd/ip/fastvit_bd_ps7_0_0/fastvit_bd_ps7_0_0/fastvit_bd_ps7_0_0_in_context.xdc, line 174).
Applied set_property CLOCK_BUFFER_TYPE = NONE for FIXED_IO_0_mio[21]. (constraint file  e:/codes/microzed/fastvit_hls/vivado_impl/fastvit_dwconv_only_200mhz_proj/fastvit_dwconv_only_200mhz_proj.gen/sources_1/bd/fastvit_bd/ip/fastvit_bd_ps7_0_0/fastvit_bd_ps7_0_0/fastvit_bd_ps7_0_0_in_context.xdc, line 175).
Applied set_property IO_BUFFER_TYPE = NONE for FIXED_IO_0_mio[22]. (constraint file  e:/codes/microzed/fastvit_hls/vivado_impl/fastvit_dwconv_only_200mhz_proj/fastvit_dwconv_only_200mhz_proj.gen/sources_1/bd/fastvit_bd/ip/fastvit_bd_ps7_0_0/fastvit_bd_ps7_0_0/fastvit_bd_ps7_0_0_in_context.xdc, line 176).
Applied set_property CLOCK_BUFFER_TYPE = NONE for FIXED_IO_0_mio[22]. (constraint file  e:/codes/microzed/fastvit_hls/vivado_impl/fastvit_dwconv_only_200mhz_proj/fastvit_dwconv_only_200mhz_proj.gen/sources_1/bd/fastvit_bd/ip/fastvit_bd_ps7_0_0/fastvit_bd_ps7_0_0/fastvit_bd_ps7_0_0_in_context.xdc, line 177).
Applied set_property IO_BUFFER_TYPE = NONE for FIXED_IO_0_mio[23]. (constraint file  e:/codes/microzed/fastvit_hls/vivado_impl/fastvit_dwconv_only_200mhz_proj/fastvit_dwconv_only_200mhz_proj.gen/sources_1/bd/fastvit_bd/ip/fastvit_bd_ps7_0_0/fastvit_bd_ps7_0_0/fastvit_bd_ps7_0_0_in_context.xdc, line 178).
Applied set_property CLOCK_BUFFER_TYPE = NONE for FIXED_IO_0_mio[23]. (constraint file  e:/codes/microzed/fastvit_hls/vivado_impl/fastvit_dwconv_only_200mhz_proj/fastvit_dwconv_only_200mhz_proj.gen/sources_1/bd/fastvit_bd/ip/fastvit_bd_ps7_0_0/fastvit_bd_ps7_0_0/fastvit_bd_ps7_0_0_in_context.xdc, line 179).
Applied set_property IO_BUFFER_TYPE = NONE for FIXED_IO_0_mio[24]. (constraint file  e:/codes/microzed/fastvit_hls/vivado_impl/fastvit_dwconv_only_200mhz_proj/fastvit_dwconv_only_200mhz_proj.gen/sources_1/bd/fastvit_bd/ip/fastvit_bd_ps7_0_0/fastvit_bd_ps7_0_0/fastvit_bd_ps7_0_0_in_context.xdc, line 180).
Applied set_property CLOCK_BUFFER_TYPE = NONE for FIXED_IO_0_mio[24]. (constraint file  e:/codes/microzed/fastvit_hls/vivado_impl/fastvit_dwconv_only_200mhz_proj/fastvit_dwconv_only_200mhz_proj.gen/sources_1/bd/fastvit_bd/ip/fastvit_bd_ps7_0_0/fastvit_bd_ps7_0_0/fastvit_bd_ps7_0_0_in_context.xdc, line 181).
Applied set_property IO_BUFFER_TYPE = NONE for FIXED_IO_0_mio[25]. (constraint file  e:/codes/microzed/fastvit_hls/vivado_impl/fastvit_dwconv_only_200mhz_proj/fastvit_dwconv_only_200mhz_proj.gen/sources_1/bd/fastvit_bd/ip/fastvit_bd_ps7_0_0/fastvit_bd_ps7_0_0/fastvit_bd_ps7_0_0_in_context.xdc, line 182).
Applied set_property CLOCK_BUFFER_TYPE = NONE for FIXED_IO_0_mio[25]. (constraint file  e:/codes/microzed/fastvit_hls/vivado_impl/fastvit_dwconv_only_200mhz_proj/fastvit_dwconv_only_200mhz_proj.gen/sources_1/bd/fastvit_bd/ip/fastvit_bd_ps7_0_0/fastvit_bd_ps7_0_0/fastvit_bd_ps7_0_0_in_context.xdc, line 183).
Applied set_property IO_BUFFER_TYPE = NONE for FIXED_IO_0_mio[26]. (constraint file  e:/codes/microzed/fastvit_hls/vivado_impl/fastvit_dwconv_only_200mhz_proj/fastvit_dwconv_only_200mhz_proj.gen/sources_1/bd/fastvit_bd/ip/fastvit_bd_ps7_0_0/fastvit_bd_ps7_0_0/fastvit_bd_ps7_0_0_in_context.xdc, line 184).
Applied set_property CLOCK_BUFFER_TYPE = NONE for FIXED_IO_0_mio[26]. (constraint file  e:/codes/microzed/fastvit_hls/vivado_impl/fastvit_dwconv_only_200mhz_proj/fastvit_dwconv_only_200mhz_proj.gen/sources_1/bd/fastvit_bd/ip/fastvit_bd_ps7_0_0/fastvit_bd_ps7_0_0/fastvit_bd_ps7_0_0_in_context.xdc, line 185).
Applied set_property IO_BUFFER_TYPE = NONE for FIXED_IO_0_mio[27]. (constraint file  e:/codes/microzed/fastvit_hls/vivado_impl/fastvit_dwconv_only_200mhz_proj/fastvit_dwconv_only_200mhz_proj.gen/sources_1/bd/fastvit_bd/ip/fastvit_bd_ps7_0_0/fastvit_bd_ps7_0_0/fastvit_bd_ps7_0_0_in_context.xdc, line 186).
Applied set_property CLOCK_BUFFER_TYPE = NONE for FIXED_IO_0_mio[27]. (constraint file  e:/codes/microzed/fastvit_hls/vivado_impl/fastvit_dwconv_only_200mhz_proj/fastvit_dwconv_only_200mhz_proj.gen/sources_1/bd/fastvit_bd/ip/fastvit_bd_ps7_0_0/fastvit_bd_ps7_0_0/fastvit_bd_ps7_0_0_in_context.xdc, line 187).
Applied set_property IO_BUFFER_TYPE = NONE for FIXED_IO_0_mio[28]. (constraint file  e:/codes/microzed/fastvit_hls/vivado_impl/fastvit_dwconv_only_200mhz_proj/fastvit_dwconv_only_200mhz_proj.gen/sources_1/bd/fastvit_bd/ip/fastvit_bd_ps7_0_0/fastvit_bd_ps7_0_0/fastvit_bd_ps7_0_0_in_context.xdc, line 188).
Applied set_property CLOCK_BUFFER_TYPE = NONE for FIXED_IO_0_mio[28]. (constraint file  e:/codes/microzed/fastvit_hls/vivado_impl/fastvit_dwconv_only_200mhz_proj/fastvit_dwconv_only_200mhz_proj.gen/sources_1/bd/fastvit_bd/ip/fastvit_bd_ps7_0_0/fastvit_bd_ps7_0_0/fastvit_bd_ps7_0_0_in_context.xdc, line 189).
Applied set_property IO_BUFFER_TYPE = NONE for FIXED_IO_0_mio[29]. (constraint file  e:/codes/microzed/fastvit_hls/vivado_impl/fastvit_dwconv_only_200mhz_proj/fastvit_dwconv_only_200mhz_proj.gen/sources_1/bd/fastvit_bd/ip/fastvit_bd_ps7_0_0/fastvit_bd_ps7_0_0/fastvit_bd_ps7_0_0_in_context.xdc, line 190).
Applied set_property CLOCK_BUFFER_TYPE = NONE for FIXED_IO_0_mio[29]. (constraint file  e:/codes/microzed/fastvit_hls/vivado_impl/fastvit_dwconv_only_200mhz_proj/fastvit_dwconv_only_200mhz_proj.gen/sources_1/bd/fastvit_bd/ip/fastvit_bd_ps7_0_0/fastvit_bd_ps7_0_0/fastvit_bd_ps7_0_0_in_context.xdc, line 191).
Applied set_property IO_BUFFER_TYPE = NONE for FIXED_IO_0_mio[2]. (constraint file  e:/codes/microzed/fastvit_hls/vivado_impl/fastvit_dwconv_only_200mhz_proj/fastvit_dwconv_only_200mhz_proj.gen/sources_1/bd/fastvit_bd/ip/fastvit_bd_ps7_0_0/fastvit_bd_ps7_0_0/fastvit_bd_ps7_0_0_in_context.xdc, line 192).
Applied set_property CLOCK_BUFFER_TYPE = NONE for FIXED_IO_0_mio[2]. (constraint file  e:/codes/microzed/fastvit_hls/vivado_impl/fastvit_dwconv_only_200mhz_proj/fastvit_dwconv_only_200mhz_proj.gen/sources_1/bd/fastvit_bd/ip/fastvit_bd_ps7_0_0/fastvit_bd_ps7_0_0/fastvit_bd_ps7_0_0_in_context.xdc, line 193).
Applied set_property IO_BUFFER_TYPE = NONE for FIXED_IO_0_mio[30]. (constraint file  e:/codes/microzed/fastvit_hls/vivado_impl/fastvit_dwconv_only_200mhz_proj/fastvit_dwconv_only_200mhz_proj.gen/sources_1/bd/fastvit_bd/ip/fastvit_bd_ps7_0_0/fastvit_bd_ps7_0_0/fastvit_bd_ps7_0_0_in_context.xdc, line 194).
Applied set_property CLOCK_BUFFER_TYPE = NONE for FIXED_IO_0_mio[30]. (constraint file  e:/codes/microzed/fastvit_hls/vivado_impl/fastvit_dwconv_only_200mhz_proj/fastvit_dwconv_only_200mhz_proj.gen/sources_1/bd/fastvit_bd/ip/fastvit_bd_ps7_0_0/fastvit_bd_ps7_0_0/fastvit_bd_ps7_0_0_in_context.xdc, line 195).
Applied set_property IO_BUFFER_TYPE = NONE for FIXED_IO_0_mio[31]. (constraint file  e:/codes/microzed/fastvit_hls/vivado_impl/fastvit_dwconv_only_200mhz_proj/fastvit_dwconv_only_200mhz_proj.gen/sources_1/bd/fastvit_bd/ip/fastvit_bd_ps7_0_0/fastvit_bd_ps7_0_0/fastvit_bd_ps7_0_0_in_context.xdc, line 196).
Applied set_property CLOCK_BUFFER_TYPE = NONE for FIXED_IO_0_mio[31]. (constraint file  e:/codes/microzed/fastvit_hls/vivado_impl/fastvit_dwconv_only_200mhz_proj/fastvit_dwconv_only_200mhz_proj.gen/sources_1/bd/fastvit_bd/ip/fastvit_bd_ps7_0_0/fastvit_bd_ps7_0_0/fastvit_bd_ps7_0_0_in_context.xdc, line 197).
Applied set_property IO_BUFFER_TYPE = NONE for FIXED_IO_0_mio[32]. (constraint file  e:/codes/microzed/fastvit_hls/vivado_impl/fastvit_dwconv_only_200mhz_proj/fastvit_dwconv_only_200mhz_proj.gen/sources_1/bd/fastvit_bd/ip/fastvit_bd_ps7_0_0/fastvit_bd_ps7_0_0/fastvit_bd_ps7_0_0_in_context.xdc, line 198).
Applied set_property CLOCK_BUFFER_TYPE = NONE for FIXED_IO_0_mio[32]. (constraint file  e:/codes/microzed/fastvit_hls/vivado_impl/fastvit_dwconv_only_200mhz_proj/fastvit_dwconv_only_200mhz_proj.gen/sources_1/bd/fastvit_bd/ip/fastvit_bd_ps7_0_0/fastvit_bd_ps7_0_0/fastvit_bd_ps7_0_0_in_context.xdc, line 199).
Applied set_property IO_BUFFER_TYPE = NONE for FIXED_IO_0_mio[33]. (constraint file  e:/codes/microzed/fastvit_hls/vivado_impl/fastvit_dwconv_only_200mhz_proj/fastvit_dwconv_only_200mhz_proj.gen/sources_1/bd/fastvit_bd/ip/fastvit_bd_ps7_0_0/fastvit_bd_ps7_0_0/fastvit_bd_ps7_0_0_in_context.xdc, line 200).
Applied set_property CLOCK_BUFFER_TYPE = NONE for FIXED_IO_0_mio[33]. (constraint file  e:/codes/microzed/fastvit_hls/vivado_impl/fastvit_dwconv_only_200mhz_proj/fastvit_dwconv_only_200mhz_proj.gen/sources_1/bd/fastvit_bd/ip/fastvit_bd_ps7_0_0/fastvit_bd_ps7_0_0/fastvit_bd_ps7_0_0_in_context.xdc, line 201).
Applied set_property IO_BUFFER_TYPE = NONE for FIXED_IO_0_mio[34]. (constraint file  e:/codes/microzed/fastvit_hls/vivado_impl/fastvit_dwconv_only_200mhz_proj/fastvit_dwconv_only_200mhz_proj.gen/sources_1/bd/fastvit_bd/ip/fastvit_bd_ps7_0_0/fastvit_bd_ps7_0_0/fastvit_bd_ps7_0_0_in_context.xdc, line 202).
Applied set_property CLOCK_BUFFER_TYPE = NONE for FIXED_IO_0_mio[34]. (constraint file  e:/codes/microzed/fastvit_hls/vivado_impl/fastvit_dwconv_only_200mhz_proj/fastvit_dwconv_only_200mhz_proj.gen/sources_1/bd/fastvit_bd/ip/fastvit_bd_ps7_0_0/fastvit_bd_ps7_0_0/fastvit_bd_ps7_0_0_in_context.xdc, line 203).
Applied set_property IO_BUFFER_TYPE = NONE for FIXED_IO_0_mio[35]. (constraint file  e:/codes/microzed/fastvit_hls/vivado_impl/fastvit_dwconv_only_200mhz_proj/fastvit_dwconv_only_200mhz_proj.gen/sources_1/bd/fastvit_bd/ip/fastvit_bd_ps7_0_0/fastvit_bd_ps7_0_0/fastvit_bd_ps7_0_0_in_context.xdc, line 204).
Applied set_property CLOCK_BUFFER_TYPE = NONE for FIXED_IO_0_mio[35]. (constraint file  e:/codes/microzed/fastvit_hls/vivado_impl/fastvit_dwconv_only_200mhz_proj/fastvit_dwconv_only_200mhz_proj.gen/sources_1/bd/fastvit_bd/ip/fastvit_bd_ps7_0_0/fastvit_bd_ps7_0_0/fastvit_bd_ps7_0_0_in_context.xdc, line 205).
Applied set_property IO_BUFFER_TYPE = NONE for FIXED_IO_0_mio[36]. (constraint file  e:/codes/microzed/fastvit_hls/vivado_impl/fastvit_dwconv_only_200mhz_proj/fastvit_dwconv_only_200mhz_proj.gen/sources_1/bd/fastvit_bd/ip/fastvit_bd_ps7_0_0/fastvit_bd_ps7_0_0/fastvit_bd_ps7_0_0_in_context.xdc, line 206).
Applied set_property CLOCK_BUFFER_TYPE = NONE for FIXED_IO_0_mio[36]. (constraint file  e:/codes/microzed/fastvit_hls/vivado_impl/fastvit_dwconv_only_200mhz_proj/fastvit_dwconv_only_200mhz_proj.gen/sources_1/bd/fastvit_bd/ip/fastvit_bd_ps7_0_0/fastvit_bd_ps7_0_0/fastvit_bd_ps7_0_0_in_context.xdc, line 207).
Applied set_property IO_BUFFER_TYPE = NONE for FIXED_IO_0_mio[37]. (constraint file  e:/codes/microzed/fastvit_hls/vivado_impl/fastvit_dwconv_only_200mhz_proj/fastvit_dwconv_only_200mhz_proj.gen/sources_1/bd/fastvit_bd/ip/fastvit_bd_ps7_0_0/fastvit_bd_ps7_0_0/fastvit_bd_ps7_0_0_in_context.xdc, line 208).
Applied set_property CLOCK_BUFFER_TYPE = NONE for FIXED_IO_0_mio[37]. (constraint file  e:/codes/microzed/fastvit_hls/vivado_impl/fastvit_dwconv_only_200mhz_proj/fastvit_dwconv_only_200mhz_proj.gen/sources_1/bd/fastvit_bd/ip/fastvit_bd_ps7_0_0/fastvit_bd_ps7_0_0/fastvit_bd_ps7_0_0_in_context.xdc, line 209).
Applied set_property IO_BUFFER_TYPE = NONE for FIXED_IO_0_mio[38]. (constraint file  e:/codes/microzed/fastvit_hls/vivado_impl/fastvit_dwconv_only_200mhz_proj/fastvit_dwconv_only_200mhz_proj.gen/sources_1/bd/fastvit_bd/ip/fastvit_bd_ps7_0_0/fastvit_bd_ps7_0_0/fastvit_bd_ps7_0_0_in_context.xdc, line 210).
Applied set_property CLOCK_BUFFER_TYPE = NONE for FIXED_IO_0_mio[38]. (constraint file  e:/codes/microzed/fastvit_hls/vivado_impl/fastvit_dwconv_only_200mhz_proj/fastvit_dwconv_only_200mhz_proj.gen/sources_1/bd/fastvit_bd/ip/fastvit_bd_ps7_0_0/fastvit_bd_ps7_0_0/fastvit_bd_ps7_0_0_in_context.xdc, line 211).
Applied set_property IO_BUFFER_TYPE = NONE for FIXED_IO_0_mio[39]. (constraint file  e:/codes/microzed/fastvit_hls/vivado_impl/fastvit_dwconv_only_200mhz_proj/fastvit_dwconv_only_200mhz_proj.gen/sources_1/bd/fastvit_bd/ip/fastvit_bd_ps7_0_0/fastvit_bd_ps7_0_0/fastvit_bd_ps7_0_0_in_context.xdc, line 212).
Applied set_property CLOCK_BUFFER_TYPE = NONE for FIXED_IO_0_mio[39]. (constraint file  e:/codes/microzed/fastvit_hls/vivado_impl/fastvit_dwconv_only_200mhz_proj/fastvit_dwconv_only_200mhz_proj.gen/sources_1/bd/fastvit_bd/ip/fastvit_bd_ps7_0_0/fastvit_bd_ps7_0_0/fastvit_bd_ps7_0_0_in_context.xdc, line 213).
Applied set_property IO_BUFFER_TYPE = NONE for FIXED_IO_0_mio[3]. (constraint file  e:/codes/microzed/fastvit_hls/vivado_impl/fastvit_dwconv_only_200mhz_proj/fastvit_dwconv_only_200mhz_proj.gen/sources_1/bd/fastvit_bd/ip/fastvit_bd_ps7_0_0/fastvit_bd_ps7_0_0/fastvit_bd_ps7_0_0_in_context.xdc, line 214).
Applied set_property CLOCK_BUFFER_TYPE = NONE for FIXED_IO_0_mio[3]. (constraint file  e:/codes/microzed/fastvit_hls/vivado_impl/fastvit_dwconv_only_200mhz_proj/fastvit_dwconv_only_200mhz_proj.gen/sources_1/bd/fastvit_bd/ip/fastvit_bd_ps7_0_0/fastvit_bd_ps7_0_0/fastvit_bd_ps7_0_0_in_context.xdc, line 215).
Applied set_property IO_BUFFER_TYPE = NONE for FIXED_IO_0_mio[40]. (constraint file  e:/codes/microzed/fastvit_hls/vivado_impl/fastvit_dwconv_only_200mhz_proj/fastvit_dwconv_only_200mhz_proj.gen/sources_1/bd/fastvit_bd/ip/fastvit_bd_ps7_0_0/fastvit_bd_ps7_0_0/fastvit_bd_ps7_0_0_in_context.xdc, line 216).
Applied set_property CLOCK_BUFFER_TYPE = NONE for FIXED_IO_0_mio[40]. (constraint file  e:/codes/microzed/fastvit_hls/vivado_impl/fastvit_dwconv_only_200mhz_proj/fastvit_dwconv_only_200mhz_proj.gen/sources_1/bd/fastvit_bd/ip/fastvit_bd_ps7_0_0/fastvit_bd_ps7_0_0/fastvit_bd_ps7_0_0_in_context.xdc, line 217).
Applied set_property IO_BUFFER_TYPE = NONE for FIXED_IO_0_mio[41]. (constraint file  e:/codes/microzed/fastvit_hls/vivado_impl/fastvit_dwconv_only_200mhz_proj/fastvit_dwconv_only_200mhz_proj.gen/sources_1/bd/fastvit_bd/ip/fastvit_bd_ps7_0_0/fastvit_bd_ps7_0_0/fastvit_bd_ps7_0_0_in_context.xdc, line 218).
Applied set_property CLOCK_BUFFER_TYPE = NONE for FIXED_IO_0_mio[41]. (constraint file  e:/codes/microzed/fastvit_hls/vivado_impl/fastvit_dwconv_only_200mhz_proj/fastvit_dwconv_only_200mhz_proj.gen/sources_1/bd/fastvit_bd/ip/fastvit_bd_ps7_0_0/fastvit_bd_ps7_0_0/fastvit_bd_ps7_0_0_in_context.xdc, line 219).
Applied set_property IO_BUFFER_TYPE = NONE for FIXED_IO_0_mio[42]. (constraint file  e:/codes/microzed/fastvit_hls/vivado_impl/fastvit_dwconv_only_200mhz_proj/fastvit_dwconv_only_200mhz_proj.gen/sources_1/bd/fastvit_bd/ip/fastvit_bd_ps7_0_0/fastvit_bd_ps7_0_0/fastvit_bd_ps7_0_0_in_context.xdc, line 220).
Applied set_property CLOCK_BUFFER_TYPE = NONE for FIXED_IO_0_mio[42]. (constraint file  e:/codes/microzed/fastvit_hls/vivado_impl/fastvit_dwconv_only_200mhz_proj/fastvit_dwconv_only_200mhz_proj.gen/sources_1/bd/fastvit_bd/ip/fastvit_bd_ps7_0_0/fastvit_bd_ps7_0_0/fastvit_bd_ps7_0_0_in_context.xdc, line 221).
Applied set_property IO_BUFFER_TYPE = NONE for FIXED_IO_0_mio[43]. (constraint file  e:/codes/microzed/fastvit_hls/vivado_impl/fastvit_dwconv_only_200mhz_proj/fastvit_dwconv_only_200mhz_proj.gen/sources_1/bd/fastvit_bd/ip/fastvit_bd_ps7_0_0/fastvit_bd_ps7_0_0/fastvit_bd_ps7_0_0_in_context.xdc, line 222).
Applied set_property CLOCK_BUFFER_TYPE = NONE for FIXED_IO_0_mio[43]. (constraint file  e:/codes/microzed/fastvit_hls/vivado_impl/fastvit_dwconv_only_200mhz_proj/fastvit_dwconv_only_200mhz_proj.gen/sources_1/bd/fastvit_bd/ip/fastvit_bd_ps7_0_0/fastvit_bd_ps7_0_0/fastvit_bd_ps7_0_0_in_context.xdc, line 223).
Applied set_property IO_BUFFER_TYPE = NONE for FIXED_IO_0_mio[44]. (constraint file  e:/codes/microzed/fastvit_hls/vivado_impl/fastvit_dwconv_only_200mhz_proj/fastvit_dwconv_only_200mhz_proj.gen/sources_1/bd/fastvit_bd/ip/fastvit_bd_ps7_0_0/fastvit_bd_ps7_0_0/fastvit_bd_ps7_0_0_in_context.xdc, line 224).
Applied set_property CLOCK_BUFFER_TYPE = NONE for FIXED_IO_0_mio[44]. (constraint file  e:/codes/microzed/fastvit_hls/vivado_impl/fastvit_dwconv_only_200mhz_proj/fastvit_dwconv_only_200mhz_proj.gen/sources_1/bd/fastvit_bd/ip/fastvit_bd_ps7_0_0/fastvit_bd_ps7_0_0/fastvit_bd_ps7_0_0_in_context.xdc, line 225).
Applied set_property IO_BUFFER_TYPE = NONE for FIXED_IO_0_mio[45]. (constraint file  e:/codes/microzed/fastvit_hls/vivado_impl/fastvit_dwconv_only_200mhz_proj/fastvit_dwconv_only_200mhz_proj.gen/sources_1/bd/fastvit_bd/ip/fastvit_bd_ps7_0_0/fastvit_bd_ps7_0_0/fastvit_bd_ps7_0_0_in_context.xdc, line 226).
Applied set_property CLOCK_BUFFER_TYPE = NONE for FIXED_IO_0_mio[45]. (constraint file  e:/codes/microzed/fastvit_hls/vivado_impl/fastvit_dwconv_only_200mhz_proj/fastvit_dwconv_only_200mhz_proj.gen/sources_1/bd/fastvit_bd/ip/fastvit_bd_ps7_0_0/fastvit_bd_ps7_0_0/fastvit_bd_ps7_0_0_in_context.xdc, line 227).
Applied set_property IO_BUFFER_TYPE = NONE for FIXED_IO_0_mio[46]. (constraint file  e:/codes/microzed/fastvit_hls/vivado_impl/fastvit_dwconv_only_200mhz_proj/fastvit_dwconv_only_200mhz_proj.gen/sources_1/bd/fastvit_bd/ip/fastvit_bd_ps7_0_0/fastvit_bd_ps7_0_0/fastvit_bd_ps7_0_0_in_context.xdc, line 228).
Applied set_property CLOCK_BUFFER_TYPE = NONE for FIXED_IO_0_mio[46]. (constraint file  e:/codes/microzed/fastvit_hls/vivado_impl/fastvit_dwconv_only_200mhz_proj/fastvit_dwconv_only_200mhz_proj.gen/sources_1/bd/fastvit_bd/ip/fastvit_bd_ps7_0_0/fastvit_bd_ps7_0_0/fastvit_bd_ps7_0_0_in_context.xdc, line 229).
Applied set_property IO_BUFFER_TYPE = NONE for FIXED_IO_0_mio[47]. (constraint file  e:/codes/microzed/fastvit_hls/vivado_impl/fastvit_dwconv_only_200mhz_proj/fastvit_dwconv_only_200mhz_proj.gen/sources_1/bd/fastvit_bd/ip/fastvit_bd_ps7_0_0/fastvit_bd_ps7_0_0/fastvit_bd_ps7_0_0_in_context.xdc, line 230).
Applied set_property CLOCK_BUFFER_TYPE = NONE for FIXED_IO_0_mio[47]. (constraint file  e:/codes/microzed/fastvit_hls/vivado_impl/fastvit_dwconv_only_200mhz_proj/fastvit_dwconv_only_200mhz_proj.gen/sources_1/bd/fastvit_bd/ip/fastvit_bd_ps7_0_0/fastvit_bd_ps7_0_0/fastvit_bd_ps7_0_0_in_context.xdc, line 231).
Applied set_property IO_BUFFER_TYPE = NONE for FIXED_IO_0_mio[48]. (constraint file  e:/codes/microzed/fastvit_hls/vivado_impl/fastvit_dwconv_only_200mhz_proj/fastvit_dwconv_only_200mhz_proj.gen/sources_1/bd/fastvit_bd/ip/fastvit_bd_ps7_0_0/fastvit_bd_ps7_0_0/fastvit_bd_ps7_0_0_in_context.xdc, line 232).
Applied set_property CLOCK_BUFFER_TYPE = NONE for FIXED_IO_0_mio[48]. (constraint file  e:/codes/microzed/fastvit_hls/vivado_impl/fastvit_dwconv_only_200mhz_proj/fastvit_dwconv_only_200mhz_proj.gen/sources_1/bd/fastvit_bd/ip/fastvit_bd_ps7_0_0/fastvit_bd_ps7_0_0/fastvit_bd_ps7_0_0_in_context.xdc, line 233).
Applied set_property IO_BUFFER_TYPE = NONE for FIXED_IO_0_mio[49]. (constraint file  e:/codes/microzed/fastvit_hls/vivado_impl/fastvit_dwconv_only_200mhz_proj/fastvit_dwconv_only_200mhz_proj.gen/sources_1/bd/fastvit_bd/ip/fastvit_bd_ps7_0_0/fastvit_bd_ps7_0_0/fastvit_bd_ps7_0_0_in_context.xdc, line 234).
Applied set_property CLOCK_BUFFER_TYPE = NONE for FIXED_IO_0_mio[49]. (constraint file  e:/codes/microzed/fastvit_hls/vivado_impl/fastvit_dwconv_only_200mhz_proj/fastvit_dwconv_only_200mhz_proj.gen/sources_1/bd/fastvit_bd/ip/fastvit_bd_ps7_0_0/fastvit_bd_ps7_0_0/fastvit_bd_ps7_0_0_in_context.xdc, line 235).
Applied set_property IO_BUFFER_TYPE = NONE for FIXED_IO_0_mio[4]. (constraint file  e:/codes/microzed/fastvit_hls/vivado_impl/fastvit_dwconv_only_200mhz_proj/fastvit_dwconv_only_200mhz_proj.gen/sources_1/bd/fastvit_bd/ip/fastvit_bd_ps7_0_0/fastvit_bd_ps7_0_0/fastvit_bd_ps7_0_0_in_context.xdc, line 236).
Applied set_property CLOCK_BUFFER_TYPE = NONE for FIXED_IO_0_mio[4]. (constraint file  e:/codes/microzed/fastvit_hls/vivado_impl/fastvit_dwconv_only_200mhz_proj/fastvit_dwconv_only_200mhz_proj.gen/sources_1/bd/fastvit_bd/ip/fastvit_bd_ps7_0_0/fastvit_bd_ps7_0_0/fastvit_bd_ps7_0_0_in_context.xdc, line 237).
Applied set_property IO_BUFFER_TYPE = NONE for FIXED_IO_0_mio[50]. (constraint file  e:/codes/microzed/fastvit_hls/vivado_impl/fastvit_dwconv_only_200mhz_proj/fastvit_dwconv_only_200mhz_proj.gen/sources_1/bd/fastvit_bd/ip/fastvit_bd_ps7_0_0/fastvit_bd_ps7_0_0/fastvit_bd_ps7_0_0_in_context.xdc, line 238).
Applied set_property CLOCK_BUFFER_TYPE = NONE for FIXED_IO_0_mio[50]. (constraint file  e:/codes/microzed/fastvit_hls/vivado_impl/fastvit_dwconv_only_200mhz_proj/fastvit_dwconv_only_200mhz_proj.gen/sources_1/bd/fastvit_bd/ip/fastvit_bd_ps7_0_0/fastvit_bd_ps7_0_0/fastvit_bd_ps7_0_0_in_context.xdc, line 239).
Applied set_property IO_BUFFER_TYPE = NONE for FIXED_IO_0_mio[51]. (constraint file  e:/codes/microzed/fastvit_hls/vivado_impl/fastvit_dwconv_only_200mhz_proj/fastvit_dwconv_only_200mhz_proj.gen/sources_1/bd/fastvit_bd/ip/fastvit_bd_ps7_0_0/fastvit_bd_ps7_0_0/fastvit_bd_ps7_0_0_in_context.xdc, line 240).
Applied set_property CLOCK_BUFFER_TYPE = NONE for FIXED_IO_0_mio[51]. (constraint file  e:/codes/microzed/fastvit_hls/vivado_impl/fastvit_dwconv_only_200mhz_proj/fastvit_dwconv_only_200mhz_proj.gen/sources_1/bd/fastvit_bd/ip/fastvit_bd_ps7_0_0/fastvit_bd_ps7_0_0/fastvit_bd_ps7_0_0_in_context.xdc, line 241).
Applied set_property IO_BUFFER_TYPE = NONE for FIXED_IO_0_mio[52]. (constraint file  e:/codes/microzed/fastvit_hls/vivado_impl/fastvit_dwconv_only_200mhz_proj/fastvit_dwconv_only_200mhz_proj.gen/sources_1/bd/fastvit_bd/ip/fastvit_bd_ps7_0_0/fastvit_bd_ps7_0_0/fastvit_bd_ps7_0_0_in_context.xdc, line 242).
Applied set_property CLOCK_BUFFER_TYPE = NONE for FIXED_IO_0_mio[52]. (constraint file  e:/codes/microzed/fastvit_hls/vivado_impl/fastvit_dwconv_only_200mhz_proj/fastvit_dwconv_only_200mhz_proj.gen/sources_1/bd/fastvit_bd/ip/fastvit_bd_ps7_0_0/fastvit_bd_ps7_0_0/fastvit_bd_ps7_0_0_in_context.xdc, line 243).
Applied set_property IO_BUFFER_TYPE = NONE for FIXED_IO_0_mio[53]. (constraint file  e:/codes/microzed/fastvit_hls/vivado_impl/fastvit_dwconv_only_200mhz_proj/fastvit_dwconv_only_200mhz_proj.gen/sources_1/bd/fastvit_bd/ip/fastvit_bd_ps7_0_0/fastvit_bd_ps7_0_0/fastvit_bd_ps7_0_0_in_context.xdc, line 244).
Applied set_property CLOCK_BUFFER_TYPE = NONE for FIXED_IO_0_mio[53]. (constraint file  e:/codes/microzed/fastvit_hls/vivado_impl/fastvit_dwconv_only_200mhz_proj/fastvit_dwconv_only_200mhz_proj.gen/sources_1/bd/fastvit_bd/ip/fastvit_bd_ps7_0_0/fastvit_bd_ps7_0_0/fastvit_bd_ps7_0_0_in_context.xdc, line 245).
Applied set_property IO_BUFFER_TYPE = NONE for FIXED_IO_0_mio[5]. (constraint file  e:/codes/microzed/fastvit_hls/vivado_impl/fastvit_dwconv_only_200mhz_proj/fastvit_dwconv_only_200mhz_proj.gen/sources_1/bd/fastvit_bd/ip/fastvit_bd_ps7_0_0/fastvit_bd_ps7_0_0/fastvit_bd_ps7_0_0_in_context.xdc, line 246).
Applied set_property CLOCK_BUFFER_TYPE = NONE for FIXED_IO_0_mio[5]. (constraint file  e:/codes/microzed/fastvit_hls/vivado_impl/fastvit_dwconv_only_200mhz_proj/fastvit_dwconv_only_200mhz_proj.gen/sources_1/bd/fastvit_bd/ip/fastvit_bd_ps7_0_0/fastvit_bd_ps7_0_0/fastvit_bd_ps7_0_0_in_context.xdc, line 247).
Applied set_property IO_BUFFER_TYPE = NONE for FIXED_IO_0_mio[6]. (constraint file  e:/codes/microzed/fastvit_hls/vivado_impl/fastvit_dwconv_only_200mhz_proj/fastvit_dwconv_only_200mhz_proj.gen/sources_1/bd/fastvit_bd/ip/fastvit_bd_ps7_0_0/fastvit_bd_ps7_0_0/fastvit_bd_ps7_0_0_in_context.xdc, line 248).
Applied set_property CLOCK_BUFFER_TYPE = NONE for FIXED_IO_0_mio[6]. (constraint file  e:/codes/microzed/fastvit_hls/vivado_impl/fastvit_dwconv_only_200mhz_proj/fastvit_dwconv_only_200mhz_proj.gen/sources_1/bd/fastvit_bd/ip/fastvit_bd_ps7_0_0/fastvit_bd_ps7_0_0/fastvit_bd_ps7_0_0_in_context.xdc, line 249).
Applied set_property IO_BUFFER_TYPE = NONE for FIXED_IO_0_mio[7]. (constraint file  e:/codes/microzed/fastvit_hls/vivado_impl/fastvit_dwconv_only_200mhz_proj/fastvit_dwconv_only_200mhz_proj.gen/sources_1/bd/fastvit_bd/ip/fastvit_bd_ps7_0_0/fastvit_bd_ps7_0_0/fastvit_bd_ps7_0_0_in_context.xdc, line 250).
Applied set_property CLOCK_BUFFER_TYPE = NONE for FIXED_IO_0_mio[7]. (constraint file  e:/codes/microzed/fastvit_hls/vivado_impl/fastvit_dwconv_only_200mhz_proj/fastvit_dwconv_only_200mhz_proj.gen/sources_1/bd/fastvit_bd/ip/fastvit_bd_ps7_0_0/fastvit_bd_ps7_0_0/fastvit_bd_ps7_0_0_in_context.xdc, line 251).
Applied set_property IO_BUFFER_TYPE = NONE for FIXED_IO_0_mio[8]. (constraint file  e:/codes/microzed/fastvit_hls/vivado_impl/fastvit_dwconv_only_200mhz_proj/fastvit_dwconv_only_200mhz_proj.gen/sources_1/bd/fastvit_bd/ip/fastvit_bd_ps7_0_0/fastvit_bd_ps7_0_0/fastvit_bd_ps7_0_0_in_context.xdc, line 252).
Applied set_property CLOCK_BUFFER_TYPE = NONE for FIXED_IO_0_mio[8]. (constraint file  e:/codes/microzed/fastvit_hls/vivado_impl/fastvit_dwconv_only_200mhz_proj/fastvit_dwconv_only_200mhz_proj.gen/sources_1/bd/fastvit_bd/ip/fastvit_bd_ps7_0_0/fastvit_bd_ps7_0_0/fastvit_bd_ps7_0_0_in_context.xdc, line 253).
Applied set_property IO_BUFFER_TYPE = NONE for FIXED_IO_0_mio[9]. (constraint file  e:/codes/microzed/fastvit_hls/vivado_impl/fastvit_dwconv_only_200mhz_proj/fastvit_dwconv_only_200mhz_proj.gen/sources_1/bd/fastvit_bd/ip/fastvit_bd_ps7_0_0/fastvit_bd_ps7_0_0/fastvit_bd_ps7_0_0_in_context.xdc, line 254).
Applied set_property CLOCK_BUFFER_TYPE = NONE for FIXED_IO_0_mio[9]. (constraint file  e:/codes/microzed/fastvit_hls/vivado_impl/fastvit_dwconv_only_200mhz_proj/fastvit_dwconv_only_200mhz_proj.gen/sources_1/bd/fastvit_bd/ip/fastvit_bd_ps7_0_0/fastvit_bd_ps7_0_0/fastvit_bd_ps7_0_0_in_context.xdc, line 255).
Applied set_property IO_BUFFER_TYPE = NONE for FIXED_IO_0_ps_clk. (constraint file  e:/codes/microzed/fastvit_hls/vivado_impl/fastvit_dwconv_only_200mhz_proj/fastvit_dwconv_only_200mhz_proj.gen/sources_1/bd/fastvit_bd/ip/fastvit_bd_ps7_0_0/fastvit_bd_ps7_0_0/fastvit_bd_ps7_0_0_in_context.xdc, line 256).
Applied set_property CLOCK_BUFFER_TYPE = NONE for FIXED_IO_0_ps_clk. (constraint file  e:/codes/microzed/fastvit_hls/vivado_impl/fastvit_dwconv_only_200mhz_proj/fastvit_dwconv_only_200mhz_proj.gen/sources_1/bd/fastvit_bd/ip/fastvit_bd_ps7_0_0/fastvit_bd_ps7_0_0/fastvit_bd_ps7_0_0_in_context.xdc, line 257).
Applied set_property IO_BUFFER_TYPE = NONE for FIXED_IO_0_ps_porb. (constraint file  e:/codes/microzed/fastvit_hls/vivado_impl/fastvit_dwconv_only_200mhz_proj/fastvit_dwconv_only_200mhz_proj.gen/sources_1/bd/fastvit_bd/ip/fastvit_bd_ps7_0_0/fastvit_bd_ps7_0_0/fastvit_bd_ps7_0_0_in_context.xdc, line 258).
Applied set_property CLOCK_BUFFER_TYPE = NONE for FIXED_IO_0_ps_porb. (constraint file  e:/codes/microzed/fastvit_hls/vivado_impl/fastvit_dwconv_only_200mhz_proj/fastvit_dwconv_only_200mhz_proj.gen/sources_1/bd/fastvit_bd/ip/fastvit_bd_ps7_0_0/fastvit_bd_ps7_0_0/fastvit_bd_ps7_0_0_in_context.xdc, line 259).
Applied set_property IO_BUFFER_TYPE = NONE for FIXED_IO_0_ps_srstb. (constraint file  e:/codes/microzed/fastvit_hls/vivado_impl/fastvit_dwconv_only_200mhz_proj/fastvit_dwconv_only_200mhz_proj.gen/sources_1/bd/fastvit_bd/ip/fastvit_bd_ps7_0_0/fastvit_bd_ps7_0_0/fastvit_bd_ps7_0_0_in_context.xdc, line 260).
Applied set_property CLOCK_BUFFER_TYPE = NONE for FIXED_IO_0_ps_srstb. (constraint file  e:/codes/microzed/fastvit_hls/vivado_impl/fastvit_dwconv_only_200mhz_proj/fastvit_dwconv_only_200mhz_proj.gen/sources_1/bd/fastvit_bd/ip/fastvit_bd_ps7_0_0/fastvit_bd_ps7_0_0/fastvit_bd_ps7_0_0_in_context.xdc, line 261).
Applied set_property KEEP_HIERARCHY = SOFT for fastvit_bd_i. (constraint file  auto generated constraint).
Applied set_property KEEP_HIERARCHY = SOFT for fastvit_bd_i/ps7_0. (constraint file  auto generated constraint).
Applied set_property KEEP_HIERARCHY = SOFT for fastvit_bd_i/worker_0. (constraint file  auto generated constraint).
Applied set_property KEEP_HIERARCHY = SOFT for fastvit_bd_i/rst_ps7_0_200M. (constraint file  auto generated constraint).
Applied set_property KEEP_HIERARCHY = SOFT for fastvit_bd_i/ps_ctrl_ic/xbar. (constraint file  auto generated constraint).
Applied set_property KEEP_HIERARCHY = SOFT for fastvit_bd_i/ps_ctrl_ic/s00_couplers/auto_pc. (constraint file  auto generated constraint).
Applied set_property KEEP_HIERARCHY = SOFT for fastvit_bd_i/ps_ctrl_ic. (constraint file  auto generated constraint).
Applied set_property KEEP_HIERARCHY = SOFT for fastvit_bd_i/sc_main. (constraint file  auto generated constraint).
---------------------------------------------------------------------------------
Finished applying 'set_property' XDC Constraints : Time (s): cpu = 00:00:08 ; elapsed = 00:00:10 . Memory (MB): peak = 1239.242 ; gain = 583.891
---------------------------------------------------------------------------------
---------------------------------------------------------------------------------
Finished RTL Optimization Phase 2 : Time (s): cpu = 00:00:08 ; elapsed = 00:00:10 . Memory (MB): peak = 1239.242 ; gain = 583.891
---------------------------------------------------------------------------------
---------------------------------------------------------------------------------
Start RTL Component Statistics 
---------------------------------------------------------------------------------
Detailed RTL Component Info : 
---------------------------------------------------------------------------------
Finished RTL Component Statistics 
---------------------------------------------------------------------------------
---------------------------------------------------------------------------------
Start Part Resource Summary
---------------------------------------------------------------------------------
Part Resources:
DSPs: 220 (col length:60)
BRAMs: 280 (col length: RAMB18 60 RAMB36 30)
---------------------------------------------------------------------------------
Finished Part Resource Summary
---------------------------------------------------------------------------------
---------------------------------------------------------------------------------
Start Cross Boundary and Area Optimization
---------------------------------------------------------------------------------
WARNING: [Synth 8-7080] Parallel synthesis criteria is not met
WARNING: [Synth 8-7129] Port M00_ACLK in module fastvit_bd_ps_ctrl_ic_0 is either unconnected or has no load
WARNING: [Synth 8-7129] Port M00_ARESETN in module fastvit_bd_ps_ctrl_ic_0 is either unconnected or has no load
WARNING: [Synth 8-7129] Port M01_ACLK in module fastvit_bd_ps_ctrl_ic_0 is either unconnected or has no load
WARNING: [Synth 8-7129] Port M01_ARESETN in module fastvit_bd_ps_ctrl_ic_0 is either unconnected or has no load
WARNING: [Synth 8-7129] Port S00_ACLK in module fastvit_bd_ps_ctrl_ic_0 is either unconnected or has no load
WARNING: [Synth 8-7129] Port S00_ARESETN in module fastvit_bd_ps_ctrl_ic_0 is either unconnected or has no load
---------------------------------------------------------------------------------
Finished Cross Boundary and Area Optimization : Time (s): cpu = 00:00:09 ; elapsed = 00:00:11 . Memory (MB): peak = 1240.559 ; gain = 585.207
---------------------------------------------------------------------------------
---------------------------------------------------------------------------------
Start Applying XDC Timing Constraints
---------------------------------------------------------------------------------
---------------------------------------------------------------------------------
Finished Applying XDC Timing Constraints : Time (s): cpu = 00:00:12 ; elapsed = 00:00:14 . Memory (MB): peak = 1412.805 ; gain = 757.453
---------------------------------------------------------------------------------
---------------------------------------------------------------------------------
Start Timing Optimization
---------------------------------------------------------------------------------
---------------------------------------------------------------------------------
Finished Timing Optimization : Time (s): cpu = 00:00:12 ; elapsed = 00:00:14 . Memory (MB): peak = 1413.176 ; gain = 757.824
---------------------------------------------------------------------------------
---------------------------------------------------------------------------------
Start Technology Mapping
---------------------------------------------------------------------------------
---------------------------------------------------------------------------------
Finished Technology Mapping : Time (s): cpu = 00:00:12 ; elapsed = 00:00:14 . Memory (MB): peak = 1423.707 ; gain = 768.355
---------------------------------------------------------------------------------
---------------------------------------------------------------------------------
Start IO Insertion
---------------------------------------------------------------------------------
---------------------------------------------------------------------------------
Start Flattening Before IO Insertion
---------------------------------------------------------------------------------
---------------------------------------------------------------------------------
Finished Flattening Before IO Insertion
---------------------------------------------------------------------------------
---------------------------------------------------------------------------------
Start Final Netlist Cleanup
---------------------------------------------------------------------------------
---------------------------------------------------------------------------------
Finished Final Netlist Cleanup
---------------------------------------------------------------------------------
---------------------------------------------------------------------------------
Finished IO Insertion : Time (s): cpu = 00:00:14 ; elapsed = 00:00:16 . Memory (MB): peak = 1639.582 ; gain = 984.230
---------------------------------------------------------------------------------
---------------------------------------------------------------------------------
Start Renaming Generated Instances
---------------------------------------------------------------------------------
---------------------------------------------------------------------------------
Finished Renaming Generated Instances : Time (s): cpu = 00:00:14 ; elapsed = 00:00:16 . Memory (MB): peak = 1639.582 ; gain = 984.230
---------------------------------------------------------------------------------
---------------------------------------------------------------------------------
Start Rebuilding User Hierarchy
---------------------------------------------------------------------------------
---------------------------------------------------------------------------------
Finished Rebuilding User Hierarchy : Time (s): cpu = 00:00:14 ; elapsed = 00:00:16 . Memory (MB): peak = 1639.582 ; gain = 984.230
---------------------------------------------------------------------------------
---------------------------------------------------------------------------------
Start Renaming Generated Ports
---------------------------------------------------------------------------------
---------------------------------------------------------------------------------
Finished Renaming Generated Ports : Time (s): cpu = 00:00:14 ; elapsed = 00:00:16 . Memory (MB): peak = 1639.582 ; gain = 984.230
---------------------------------------------------------------------------------
---------------------------------------------------------------------------------
Start Handling Custom Attributes
---------------------------------------------------------------------------------
---------------------------------------------------------------------------------
Finished Handling Custom Attributes : Time (s): cpu = 00:00:14 ; elapsed = 00:00:16 . Memory (MB): peak = 1639.582 ; gain = 984.230
---------------------------------------------------------------------------------
---------------------------------------------------------------------------------
Start Renaming Generated Nets
---------------------------------------------------------------------------------
---------------------------------------------------------------------------------
Finished Renaming Generated Nets : Time (s): cpu = 00:00:14 ; elapsed = 00:00:16 . Memory (MB): peak = 1639.582 ; gain = 984.230
---------------------------------------------------------------------------------
---------------------------------------------------------------------------------
Start Writing Synthesis Report
---------------------------------------------------------------------------------

Report BlackBoxes: 
+------+------------------------------------+----------+
|      |BlackBox name                       |Instances |
+------+------------------------------------+----------+
|1     |fastvit_bd_ps7_0_0                  |         1|
|2     |fastvit_bd_ps_ctrl_ic_imp_xbar_0    |         1|
|3     |fastvit_bd_ps_ctrl_ic_imp_auto_pc_0 |         1|
|4     |fastvit_bd_rst_ps7_0_200M_0         |         1|
|5     |fastvit_bd_sc_main_0                |         1|
|6     |fastvit_bd_worker_0_0               |         1|
+------+------------------------------------+----------+

Report Cell Usage: 
+------+----------------------------------+------+
|      |Cell                              |Count |
+------+----------------------------------+------+
|1     |fastvit_bd_ps7_0                  |     1|
|2     |fastvit_bd_ps_ctrl_ic_imp_auto_pc |     1|
|3     |fastvit_bd_ps_ctrl_ic_imp_xbar    |     1|
|4     |fastvit_bd_rst_ps7_0_200M         |     1|
|5     |fastvit_bd_sc_main                |     1|
|6     |fastvit_bd_worker_0               |     1|
+------+----------------------------------+------+
---------------------------------------------------------------------------------
Finished Writing Synthesis Report : Time (s): cpu = 00:00:14 ; elapsed = 00:00:16 . Memory (MB): peak = 1639.582 ; gain = 984.230
---------------------------------------------------------------------------------
Synthesis finished with 0 errors, 0 critical warnings and 7 warnings.
Synthesis Optimization Runtime : Time (s): cpu = 00:00:09 ; elapsed = 00:00:15 . Memory (MB): peak = 1639.582 ; gain = 984.230
Synthesis Optimization Complete : Time (s): cpu = 00:00:14 ; elapsed = 00:00:16 . Memory (MB): peak = 1639.582 ; gain = 984.230
INFO: [Project 1-571] Translating synthesized netlist
Netlist sorting complete. Time (s): cpu = 00:00:00 ; elapsed = 00:00:00.008 . Memory (MB): peak = 1639.582 ; gain = 0.000
INFO: [Project 1-570] Preparing netlist for logic optimization
INFO: [Opt 31-138] Pushed 0 inverter(s) to 0 load pin(s).
Netlist sorting complete. Time (s): cpu = 00:00:00 ; elapsed = 00:00:00 . Memory (MB): peak = 1652.355 ; gain = 0.000
INFO: [Project 1-111] Unisim Transformation Summary:
No Unisim elements were transformed.

Synth Design complete | Checksum: 7dcd47cb
INFO: [Common 17-83] Releasing license: Synthesis
39 Infos, 120 Warnings, 0 Critical Warnings and 0 Errors encountered.
synth_design completed successfully
synth_design: Time (s): cpu = 00:00:16 ; elapsed = 00:00:21 . Memory (MB): peak = 1656.312 ; gain = 1261.043
INFO: [Common 17-1381] The checkpoint 'E:/codes/microzed/fastvit_hls/vivado_impl/fastvit_dwconv_only_200mhz_proj/fastvit_dwconv_only_200mhz_proj.runs/synth_1/fastvit_bd_wrapper.dcp' has been generated.
INFO: [Vivado 12-24828] Executing command : report_utilization -file fastvit_bd_wrapper_utilization_synth.rpt -pb fastvit_bd_wrapper_utilization_synth.pb
INFO: [Common 17-206] Exiting Vivado at Fri Aug  7 04:21:49 2026...
[Fri Aug  7 04:21:51 2026] synth_1 finished
wait_on_runs: Time (s): cpu = 00:00:00 ; elapsed = 00:02:41 . Memory (MB): peak = 712.281 ; gain = 0.000
# puts "Synthesis status: [get_property STATUS [get_runs synth_1]]"
Synthesis status: synth_design Complete!
# if {[get_property PROGRESS [get_runs synth_1]] != "100%"} { error "Synthesis FAILED" }
# set_property STEPS.OPT_DESIGN.ARGS.DIRECTIVE ExploreWithRemap       [get_runs impl_1]
# set_property STEPS.PHYS_OPT_DESIGN.IS_ENABLED true                  [get_runs impl_1]
# set_property STEPS.PHYS_OPT_DESIGN.ARGS.DIRECTIVE AggressiveExplore [get_runs impl_1]
# set_property STEPS.PLACE_DESIGN.ARGS.DIRECTIVE ExtraTimingOpt       [get_runs impl_1]
# set_property STEPS.POST_ROUTE_PHYS_OPT_DESIGN.IS_ENABLED true                  [get_runs impl_1]
# set_property STEPS.POST_ROUTE_PHYS_OPT_DESIGN.ARGS.DIRECTIVE AggressiveExplore [get_runs impl_1]
# puts ">>> Launching Implementation + Bitstream (jobs=4)..."
>>> Launching Implementation + Bitstream (jobs=4)...
# launch_runs impl_1 -to_step write_bitstream -jobs 4
[Fri Aug  7 04:21:53 2026] Launched impl_1...
Run output will be captured here: E:/codes/microzed/fastvit_hls/vivado_impl/fastvit_dwconv_only_200mhz_proj/fastvit_dwconv_only_200mhz_proj.runs/impl_1/runme.log
# wait_on_run impl_1
[Fri Aug  7 04:21:53 2026] Waiting for impl_1 to finish...


*** Running vivado
    with args -log fastvit_bd_wrapper.vdi -applog -m64 -product Vivado -messageDb vivado.pb -mode batch -source fastvit_bd_wrapper.tcl -notrace



****** Vivado v2024.2 (64-bit)
  **** SW Build 5239630 on Fri Nov 08 22:35:27 MST 2024
  **** IP Build 5239520 on Sun Nov 10 16:12:51 MST 2024
  **** SharedData Build 5239561 on Fri Nov 08 14:39:27 MST 2024
  **** Start of session at: Fri Aug  7 04:22:00 2026
    ** Copyright 1986-2022 Xilinx, Inc. All Rights Reserved.
    ** Copyright 2022-2024 Advanced Micro Devices, Inc. All Rights Reserved.

source fastvit_bd_wrapper.tcl -notrace
INFO: [IP_Flow 19-234] Refreshing IP repositories
INFO: [IP_Flow 19-1700] Loaded user IP repository 'e:/codes/microzed/fastvit_hls/fastvit_ip_w8a4/tier_b_single_ip/dwconv'.
INFO: [IP_Flow 19-2313] Loaded Vivado IP repository 'E:/Xilinx/Vivado/2024.2/data/ip'.
WARNING: [IP_Flow 19-4995] The host OS only allows 260 characters in a normal path. The IP cache path is more than 80 characters. If you experience issues with IP caching, please consider changing the IP cache to a location with a shorter path. Alternately consider using the OS subst command to map part of the path to a drive letter. 
Current IP cache path is E:/codes/microzed/fastvit_hls/vivado_impl/fastvit_dwconv_only_200mhz_proj/fastvit_dwconv_only_200mhz_proj.cache/ip 
Command: link_design -top fastvit_bd_wrapper -part xc7z020clg400-1
Design is defaulting to srcset: sources_1
Design is defaulting to constrset: constrs_1
INFO: [Device 21-403] Loading part xc7z020clg400-1
INFO: [Project 1-454] Reading design checkpoint 'e:/codes/microzed/fastvit_hls/vivado_impl/fastvit_dwconv_only_200mhz_proj/fastvit_dwconv_only_200mhz_proj.gen/sources_1/bd/fastvit_bd/ip/fastvit_bd_ps7_0_0/fastvit_bd_ps7_0_0.dcp' for cell 'fastvit_bd_i/ps7_0'
INFO: [Project 1-454] Reading design checkpoint 'e:/codes/microzed/fastvit_hls/vivado_impl/fastvit_dwconv_only_200mhz_proj/fastvit_dwconv_only_200mhz_proj.gen/sources_1/bd/fastvit_bd/ip/fastvit_bd_rst_ps7_0_200M_0/fastvit_bd_rst_ps7_0_200M_0.dcp' for cell 'fastvit_bd_i/rst_ps7_0_200M'
INFO: [Project 1-454] Reading design checkpoint 'e:/codes/microzed/fastvit_hls/vivado_impl/fastvit_dwconv_only_200mhz_proj/fastvit_dwconv_only_200mhz_proj.gen/sources_1/bd/fastvit_bd/ip/fastvit_bd_sc_main_0/fastvit_bd_sc_main_0.dcp' for cell 'fastvit_bd_i/sc_main'
INFO: [Project 1-454] Reading design checkpoint 'e:/codes/microzed/fastvit_hls/vivado_impl/fastvit_dwconv_only_200mhz_proj/fastvit_dwconv_only_200mhz_proj.gen/sources_1/bd/fastvit_bd/ip/fastvit_bd_worker_0_0/fastvit_bd_worker_0_0.dcp' for cell 'fastvit_bd_i/worker_0'
INFO: [Project 1-454] Reading design checkpoint 'e:/codes/microzed/fastvit_hls/vivado_impl/fastvit_dwconv_only_200mhz_proj/fastvit_dwconv_only_200mhz_proj.gen/sources_1/bd/fastvit_bd/ip/fastvit_bd_ps_ctrl_ic_imp_xbar_0/fastvit_bd_ps_ctrl_ic_imp_xbar_0.dcp' for cell 'fastvit_bd_i/ps_ctrl_ic/xbar'
INFO: [Project 1-454] Reading design checkpoint 'e:/codes/microzed/fastvit_hls/vivado_impl/fastvit_dwconv_only_200mhz_proj/fastvit_dwconv_only_200mhz_proj.gen/sources_1/bd/fastvit_bd/ip/fastvit_bd_ps_ctrl_ic_imp_auto_pc_0/fastvit_bd_ps_ctrl_ic_imp_auto_pc_0.dcp' for cell 'fastvit_bd_i/ps_ctrl_ic/s00_couplers/auto_pc'
Netlist sorting complete. Time (s): cpu = 00:00:00 ; elapsed = 00:00:00.373 . Memory (MB): peak = 755.398 ; gain = 0.000
INFO: [Netlist 29-17] Analyzing 2652 Unisim elements for replacement
INFO: [Netlist 29-28] Unisim Transformation completed in 0 CPU seconds
INFO: [Project 1-479] Netlist was created with Vivado 2024.2
INFO: [Project 1-570] Preparing netlist for logic optimization
Parsing XDC File [e:/codes/microzed/fastvit_hls/vivado_impl/fastvit_dwconv_only_200mhz_proj/fastvit_dwconv_only_200mhz_proj.gen/sources_1/bd/fastvit_bd/ip/fastvit_bd_ps7_0_0/fastvit_bd_ps7_0_0.xdc] for cell 'fastvit_bd_i/ps7_0/inst'
Finished Parsing XDC File [e:/codes/microzed/fastvit_hls/vivado_impl/fastvit_dwconv_only_200mhz_proj/fastvit_dwconv_only_200mhz_proj.gen/sources_1/bd/fastvit_bd/ip/fastvit_bd_ps7_0_0/fastvit_bd_ps7_0_0.xdc] for cell 'fastvit_bd_i/ps7_0/inst'
Parsing XDC File [e:/codes/microzed/fastvit_hls/vivado_impl/fastvit_dwconv_only_200mhz_proj/fastvit_dwconv_only_200mhz_proj.gen/sources_1/bd/fastvit_bd/ip/fastvit_bd_rst_ps7_0_200M_0/fastvit_bd_rst_ps7_0_200M_0_board.xdc] for cell 'fastvit_bd_i/rst_ps7_0_200M/U0'
Finished Parsing XDC File [e:/codes/microzed/fastvit_hls/vivado_impl/fastvit_dwconv_only_200mhz_proj/fastvit_dwconv_only_200mhz_proj.gen/sources_1/bd/fastvit_bd/ip/fastvit_bd_rst_ps7_0_200M_0/fastvit_bd_rst_ps7_0_200M_0_board.xdc] for cell 'fastvit_bd_i/rst_ps7_0_200M/U0'
Parsing XDC File [e:/codes/microzed/fastvit_hls/vivado_impl/fastvit_dwconv_only_200mhz_proj/fastvit_dwconv_only_200mhz_proj.gen/sources_1/bd/fastvit_bd/ip/fastvit_bd_rst_ps7_0_200M_0/fastvit_bd_rst_ps7_0_200M_0.xdc] for cell 'fastvit_bd_i/rst_ps7_0_200M/U0'
Finished Parsing XDC File [e:/codes/microzed/fastvit_hls/vivado_impl/fastvit_dwconv_only_200mhz_proj/fastvit_dwconv_only_200mhz_proj.gen/sources_1/bd/fastvit_bd/ip/fastvit_bd_rst_ps7_0_200M_0/fastvit_bd_rst_ps7_0_200M_0.xdc] for cell 'fastvit_bd_i/rst_ps7_0_200M/U0'
Parsing XDC File [e:/codes/microzed/fastvit_hls/vivado_impl/fastvit_dwconv_only_200mhz_proj/fastvit_dwconv_only_200mhz_proj.gen/sources_1/bd/fastvit_bd/ip/fastvit_bd_sc_main_0/bd_0/ip/ip_1/bd_2149_psr_aclk_0_board.xdc] for cell 'fastvit_bd_i/sc_main/inst/clk_map/psr_aclk/U0'
Finished Parsing XDC File [e:/codes/microzed/fastvit_hls/vivado_impl/fastvit_dwconv_only_200mhz_proj/fastvit_dwconv_only_200mhz_proj.gen/sources_1/bd/fastvit_bd/ip/fastvit_bd_sc_main_0/bd_0/ip/ip_1/bd_2149_psr_aclk_0_board.xdc] for cell 'fastvit_bd_i/sc_main/inst/clk_map/psr_aclk/U0'
Parsing XDC File [e:/codes/microzed/fastvit_hls/vivado_impl/fastvit_dwconv_only_200mhz_proj/fastvit_dwconv_only_200mhz_proj.gen/sources_1/bd/fastvit_bd/ip/fastvit_bd_sc_main_0/bd_0/ip/ip_1/bd_2149_psr_aclk_0.xdc] for cell 'fastvit_bd_i/sc_main/inst/clk_map/psr_aclk/U0'
Finished Parsing XDC File [e:/codes/microzed/fastvit_hls/vivado_impl/fastvit_dwconv_only_200mhz_proj/fastvit_dwconv_only_200mhz_proj.gen/sources_1/bd/fastvit_bd/ip/fastvit_bd_sc_main_0/bd_0/ip/ip_1/bd_2149_psr_aclk_0.xdc] for cell 'fastvit_bd_i/sc_main/inst/clk_map/psr_aclk/U0'
Parsing XDC File [e:/codes/microzed/fastvit_hls/vivado_impl/fastvit_dwconv_only_200mhz_proj/fastvit_dwconv_only_200mhz_proj.gen/sources_1/bd/fastvit_bd/ip/fastvit_bd_sc_main_0/smartconnect.xdc] for cell 'fastvit_bd_i/sc_main/inst'
Finished Parsing XDC File [e:/codes/microzed/fastvit_hls/vivado_impl/fastvit_dwconv_only_200mhz_proj/fastvit_dwconv_only_200mhz_proj.gen/sources_1/bd/fastvit_bd/ip/fastvit_bd_sc_main_0/smartconnect.xdc] for cell 'fastvit_bd_i/sc_main/inst'
INFO: [Project 1-1714] 59 XPM XDC files have been applied to the design.
INFO: [Opt 31-138] Pushed 0 inverter(s) to 0 load pin(s).
Netlist sorting complete. Time (s): cpu = 00:00:00 ; elapsed = 00:00:00.005 . Memory (MB): peak = 1580.691 ; gain = 0.000
INFO: [Project 1-111] Unisim Transformation Summary:
  A total of 183 instances were transformed.
  RAM16X1D => RAM32X1D (RAMD32(x2)): 1 instance 
  RAM16X1S => RAM32X1S (RAMS32): 14 instances
  RAM32M => RAM32M (RAMD32(x6), RAMS32(x2)): 168 instances

17 Infos, 1 Warnings, 0 Critical Warnings and 0 Errors encountered.
link_design completed successfully
link_design: Time (s): cpu = 00:00:11 ; elapsed = 00:00:12 . Memory (MB): peak = 1580.691 ; gain = 1159.691
Command: opt_design -directive ExploreWithRemap
INFO: [Vivado_Tcl 4-136] Directive used for opt_design is: ExploreWithRemap
Attempting to get a license for feature 'Implementation' and/or device 'xc7z020'
INFO: [Common 17-349] Got license for feature 'Implementation' and/or device 'xc7z020'
Running DRC as a precondition to command opt_design

Starting DRC Task
INFO: [Project 1-461] DRC finished with 0 Errors
INFO: [Project 1-462] Please refer to the DRC report (report_drc) for more information.

Time (s): cpu = 00:00:00 ; elapsed = 00:00:00.458 . Memory (MB): peak = 1580.691 ; gain = 0.000

Starting Logic Optimization Task

Phase 1 Initialization

Phase 1.1 Core Generation And Design Setup
Phase 1.1 Core Generation And Design Setup | Checksum: 24d64a057

Time (s): cpu = 00:00:00 ; elapsed = 00:00:00.025 . Memory (MB): peak = 1873.844 ; gain = 0.000

Phase 1.2 Setup Constraints And Sort Netlist
Phase 1.2 Setup Constraints And Sort Netlist | Checksum: 24d64a057

Time (s): cpu = 00:00:00 ; elapsed = 00:00:00.037 . Memory (MB): peak = 1873.844 ; gain = 0.000
Phase 1 Initialization | Checksum: 24d64a057

Time (s): cpu = 00:00:00 ; elapsed = 00:00:00.038 . Memory (MB): peak = 1873.844 ; gain = 0.000

Phase 2 Timer Update And Timing Data Collection

Phase 2.1 Timer Update
INFO: [Timing 38-35] Done setting XDC timing constraints.
Phase 2.1 Timer Update | Checksum: 24d64a057

Time (s): cpu = 00:00:02 ; elapsed = 00:00:02 . Memory (MB): peak = 1942.492 ; gain = 68.648

Phase 2.2 Timing Data Collection
Phase 2.2 Timing Data Collection | Checksum: 24d64a057

Time (s): cpu = 00:00:02 ; elapsed = 00:00:02 . Memory (MB): peak = 1942.492 ; gain = 68.648
Phase 2 Timer Update And Timing Data Collection | Checksum: 24d64a057

Time (s): cpu = 00:00:02 ; elapsed = 00:00:02 . Memory (MB): peak = 1942.492 ; gain = 68.648

Phase 3 Retarget
INFO: [Opt 31-1851] Number of loadless carry chains removed were: 0
INFO: [Opt 31-1834] Total Chains To Be Transformed Were: 0 AND Number of Transformed insts Created are: 0
INFO: [Opt 31-1566] Pulled 1 inverters resulting in an inversion of 10 pins
INFO: [Opt 31-138] Pushed 20 inverter(s) to 113 load pin(s).
INFO: [Opt 31-49] Retargeted 0 cell(s).
Phase 3 Retarget | Checksum: 1490d42ec

Time (s): cpu = 00:00:02 ; elapsed = 00:00:02 . Memory (MB): peak = 1942.492 ; gain = 68.648
Retarget | Checksum: 1490d42ec
INFO: [Opt 31-389] Phase Retarget created 97 cells and removed 162 cells
INFO: [Opt 31-1021] In phase Retarget, 56 netlist objects are constrained preventing optimization. Please run opt_design with -debug_log to get more detail. 

Phase 4 Constant propagation
INFO: [Opt 31-138] Pushed 0 inverter(s) to 0 load pin(s).
Phase 4 Constant propagation | Checksum: 128021e2c

Time (s): cpu = 00:00:03 ; elapsed = 00:00:03 . Memory (MB): peak = 1942.492 ; gain = 68.648
Constant propagation | Checksum: 128021e2c
INFO: [Opt 31-389] Phase Constant propagation created 51 cells and removed 495 cells
INFO: [Opt 31-1021] In phase Constant propagation, 56 netlist objects are constrained preventing optimization. Please run opt_design with -debug_log to get more detail. 

Phase 5 Sweep
INFO: [Constraints 18-11670] Building netlist checker database with flags, 0x8
Done building netlist checker database: Time (s): cpu = 00:00:00 ; elapsed = 00:00:00.125 . Memory (MB): peak = 1942.492 ; gain = 0.000
INFO: [Constraints 18-11670] Building netlist checker database with flags, 0x8
Done building netlist checker database: Time (s): cpu = 00:00:00 ; elapsed = 00:00:00.011 . Memory (MB): peak = 1942.492 ; gain = 0.000
Phase 5 Sweep | Checksum: 1eda050cd

Time (s): cpu = 00:00:04 ; elapsed = 00:00:04 . Memory (MB): peak = 1942.492 ; gain = 68.648
Sweep | Checksum: 1eda050cd
INFO: [Opt 31-389] Phase Sweep created 0 cells and removed 286 cells
INFO: [Opt 31-1021] In phase Sweep, 70 netlist objects are constrained preventing optimization. Please run opt_design with -debug_log to get more detail. 

Phase 6 BUFG optimization
Phase 6 BUFG optimization | Checksum: 1eda050cd

Time (s): cpu = 00:00:05 ; elapsed = 00:00:05 . Memory (MB): peak = 1942.492 ; gain = 68.648
BUFG optimization | Checksum: 1eda050cd
INFO: [Opt 31-662] Phase BUFG optimization created 0 cells of which 0 are BUFGs and removed 0 cells.

Phase 7 Shift Register Optimization
INFO: [Opt 31-1064] SRL Remap converted 0 SRLs to 0 registers and converted 0 registers of register chains to 0 SRLs
Phase 7 Shift Register Optimization | Checksum: 1eda050cd

Time (s): cpu = 00:00:05 ; elapsed = 00:00:05 . Memory (MB): peak = 1942.492 ; gain = 68.648
Shift Register Optimization | Checksum: 1eda050cd
INFO: [Opt 31-389] Phase Shift Register Optimization created 0 cells and removed 0 cells
INFO: [Opt 31-1555] control_set_opt supports Versal devices only, and device 7z020 is unsupported

Phase 8 Remap
Phase 8 Remap | Checksum: 1f8df6609

Time (s): cpu = 00:00:10 ; elapsed = 00:00:10 . Memory (MB): peak = 2382.230 ; gain = 508.387
Remap | Checksum: 1f8df6609
INFO: [Opt 31-389] Phase Remap created 259 cells and removed 311 cells
INFO: [Opt 31-1021] In phase Remap, 16 netlist objects are constrained preventing optimization. Please run opt_design with -debug_log to get more detail. 

Phase 9 Post Processing Netlist
Phase 9 Post Processing Netlist | Checksum: 1901c2e54

Time (s): cpu = 00:00:10 ; elapsed = 00:00:10 . Memory (MB): peak = 2382.230 ; gain = 508.387
Post Processing Netlist | Checksum: 1901c2e54
INFO: [Opt 31-389] Phase Post Processing Netlist created 0 cells and removed 0 cells
INFO: [Opt 31-1021] In phase Post Processing Netlist, 56 netlist objects are constrained preventing optimization. Please run opt_design with -debug_log to get more detail. 

Phase 10 Finalization

Phase 10.1 Finalizing Design Cores and Updating Shapes
Phase 10.1 Finalizing Design Cores and Updating Shapes | Checksum: 226fe0a81

Time (s): cpu = 00:00:11 ; elapsed = 00:00:11 . Memory (MB): peak = 2382.230 ; gain = 508.387

Phase 10.2 Verifying Netlist Connectivity

Starting Connectivity Check Task

Time (s): cpu = 00:00:00 ; elapsed = 00:00:00.040 . Memory (MB): peak = 2382.230 ; gain = 0.000
Phase 10.2 Verifying Netlist Connectivity | Checksum: 226fe0a81

Time (s): cpu = 00:00:11 ; elapsed = 00:00:11 . Memory (MB): peak = 2382.230 ; gain = 508.387
Phase 10 Finalization | Checksum: 226fe0a81

Time (s): cpu = 00:00:11 ; elapsed = 00:00:11 . Memory (MB): peak = 2382.230 ; gain = 508.387
Opt_design Change Summary
=========================


-------------------------------------------------------------------------------------------------------------------------
|  Phase                        |  #Cells created  |  #Cells Removed  |  #Constrained objects preventing optimizations  |
-------------------------------------------------------------------------------------------------------------------------
|  Retarget                     |              97  |             162  |                                             56  |
|  Constant propagation         |              51  |             495  |                                             56  |
|  Sweep                        |               0  |             286  |                                             70  |
|  BUFG optimization            |               0  |               0  |                                              0  |
|  Shift Register Optimization  |               0  |               0  |                                              0  |
|  Remap                        |             259  |             311  |                                             16  |
|  Post Processing Netlist      |               0  |               0  |                                             56  |
-------------------------------------------------------------------------------------------------------------------------


Ending Logic Optimization Task | Checksum: 226fe0a81

Time (s): cpu = 00:00:11 ; elapsed = 00:00:11 . Memory (MB): peak = 2382.230 ; gain = 508.387

Starting Netlist Obfuscation Task
Netlist sorting complete. Time (s): cpu = 00:00:00 ; elapsed = 00:00:00.007 . Memory (MB): peak = 2382.230 ; gain = 0.000
Ending Netlist Obfuscation Task | Checksum: 226fe0a81

Time (s): cpu = 00:00:00 ; elapsed = 00:00:00.010 . Memory (MB): peak = 2382.230 ; gain = 0.000
INFO: [Common 17-83] Releasing license: Implementation
45 Infos, 1 Warnings, 0 Critical Warnings and 0 Errors encountered.
opt_design completed successfully
opt_design: Time (s): cpu = 00:00:13 ; elapsed = 00:00:13 . Memory (MB): peak = 2382.230 ; gain = 801.539
INFO: [Vivado 12-24828] Executing command : report_drc -file fastvit_bd_wrapper_drc_opted.rpt -pb fastvit_bd_wrapper_drc_opted.pb -rpx fastvit_bd_wrapper_drc_opted.rpx
Command: report_drc -file fastvit_bd_wrapper_drc_opted.rpt -pb fastvit_bd_wrapper_drc_opted.pb -rpx fastvit_bd_wrapper_drc_opted.rpx
INFO: [IP_Flow 19-1839] IP Catalog is up to date.
INFO: [Vivado_Tcl 2-168] The results of DRC are in file E:/codes/microzed/fastvit_hls/vivado_impl/fastvit_dwconv_only_200mhz_proj/fastvit_dwconv_only_200mhz_proj.runs/impl_1/fastvit_bd_wrapper_drc_opted.rpt.
report_drc completed successfully
INFO: [Timing 38-480] Writing timing data to binary archive.
Write ShapeDB Complete: Time (s): cpu = 00:00:00 ; elapsed = 00:00:00.045 . Memory (MB): peak = 2382.230 ; gain = 0.000
Wrote PlaceDB: Time (s): cpu = 00:00:00 ; elapsed = 00:00:00.011 . Memory (MB): peak = 2382.230 ; gain = 0.000
Wrote PulsedLatchDB: Time (s): cpu = 00:00:00 ; elapsed = 00:00:00 . Memory (MB): peak = 2382.230 ; gain = 0.000
Writing XDEF routing.
Writing XDEF routing logical nets.
Writing XDEF routing special nets.
Wrote RouteStorage: Time (s): cpu = 00:00:01 ; elapsed = 00:00:00.042 . Memory (MB): peak = 2382.230 ; gain = 0.000
Wrote Netlist Cache: Time (s): cpu = 00:00:00 ; elapsed = 00:00:00 . Memory (MB): peak = 2382.230 ; gain = 0.000
Wrote Device Cache: Time (s): cpu = 00:00:00 ; elapsed = 00:00:00.007 . Memory (MB): peak = 2382.230 ; gain = 0.000
Write Physdb Complete: Time (s): cpu = 00:00:01 ; elapsed = 00:00:00.066 . Memory (MB): peak = 2382.230 ; gain = 0.000
INFO: [Common 17-1381] The checkpoint 'E:/codes/microzed/fastvit_hls/vivado_impl/fastvit_dwconv_only_200mhz_proj/fastvit_dwconv_only_200mhz_proj.runs/impl_1/fastvit_bd_wrapper_opt.dcp' has been generated.
Command: place_design -directive ExtraTimingOpt
Attempting to get a license for feature 'Implementation' and/or device 'xc7z020'
INFO: [Common 17-349] Got license for feature 'Implementation' and/or device 'xc7z020'
INFO: [Common 17-83] Releasing license: Implementation
INFO: [Vivado_Tcl 4-198] DRC finished with 0 Errors
INFO: [Vivado_Tcl 4-199] Please refer to the DRC report (report_drc) for more information.
INFO: [Vivado_Tcl 4-2302] The placer was invoked with the 'ExtraTimingOpt' directive.
Running DRC as a precondition to command place_design
INFO: [Vivado_Tcl 4-198] DRC finished with 0 Errors
INFO: [Vivado_Tcl 4-199] Please refer to the DRC report (report_drc) for more information.

Starting Placer Task

Phase 1 Placer Initialization

Phase 1.1 Placer Initialization Netlist Sorting
Netlist sorting complete. Time (s): cpu = 00:00:00 ; elapsed = 00:00:00.007 . Memory (MB): peak = 2382.230 ; gain = 0.000
Phase 1.1 Placer Initialization Netlist Sorting | Checksum: 13bf4da7d

Time (s): cpu = 00:00:00 ; elapsed = 00:00:00.013 . Memory (MB): peak = 2382.230 ; gain = 0.000
Netlist sorting complete. Time (s): cpu = 00:00:00 ; elapsed = 00:00:00.006 . Memory (MB): peak = 2382.230 ; gain = 0.000

Phase 1.2 IO Placement/ Clock Placement/ Build Placer Device
INFO: [Timing 38-35] Done setting XDC timing constraints.
Phase 1.2 IO Placement/ Clock Placement/ Build Placer Device | Checksum: affa5563

Time (s): cpu = 00:00:03 ; elapsed = 00:00:03 . Memory (MB): peak = 2439.523 ; gain = 57.293

Phase 1.3 Build Placer Netlist Model
Phase 1.3 Build Placer Netlist Model | Checksum: 112e15d54

Time (s): cpu = 00:00:08 ; elapsed = 00:00:08 . Memory (MB): peak = 2562.375 ; gain = 180.145

Phase 1.4 Constrain Clocks/Macros
Phase 1.4 Constrain Clocks/Macros | Checksum: 112e15d54

Time (s): cpu = 00:00:08 ; elapsed = 00:00:08 . Memory (MB): peak = 2562.375 ; gain = 180.145
Phase 1 Placer Initialization | Checksum: 112e15d54

Time (s): cpu = 00:00:08 ; elapsed = 00:00:08 . Memory (MB): peak = 2562.375 ; gain = 180.145

Phase 2 Global Placement

Phase 2.1 Floorplanning
Phase 2.1 Floorplanning | Checksum: 64999d42

Time (s): cpu = 00:00:10 ; elapsed = 00:00:11 . Memory (MB): peak = 2562.375 ; gain = 180.145

Phase 2.2 Update Timing before SLR Path Opt
Phase 2.2 Update Timing before SLR Path Opt | Checksum: 718c7b5c

Time (s): cpu = 00:00:12 ; elapsed = 00:00:12 . Memory (MB): peak = 2562.375 ; gain = 180.145

Phase 2.3 Post-Processing in Floorplanning
Phase 2.3 Post-Processing in Floorplanning | Checksum: 718c7b5c

Time (s): cpu = 00:00:12 ; elapsed = 00:00:12 . Memory (MB): peak = 2562.375 ; gain = 180.145

Phase 2.4 Global Place Phase1
Phase 2.4 Global Place Phase1 | Checksum: 7f2f3033

Time (s): cpu = 00:00:28 ; elapsed = 00:00:28 . Memory (MB): peak = 2562.375 ; gain = 180.145

Phase 2.5 Global Place Phase2

Phase 2.5.1 UpdateTiming Before Physical Synthesis
Phase 2.5.1 UpdateTiming Before Physical Synthesis | Checksum: 108d0db43

Time (s): cpu = 00:00:30 ; elapsed = 00:00:31 . Memory (MB): peak = 2562.375 ; gain = 180.145

Phase 2.5.2 Physical Synthesis In Placer
INFO: [Physopt 32-1035] Found 129 LUTNM shape to break, 707 LUT instances to create LUTNM shape
INFO: [Physopt 32-1044] Break lutnm for timing: one critical 91, two critical 38, total 129, new lutff created 10
INFO: [Physopt 32-1138] End 1 Pass. Optimized 396 nets or LUTs. Breaked 129 LUTs, combined 267 existing LUTs and moved 0 existing LUT
INFO: [Physopt 32-65] No nets found for high-fanout optimization.
INFO: [Physopt 32-232] Optimized 0 net. Created 0 new instance.
INFO: [Physopt 32-775] End 1 Pass. Optimized 0 net or cell. Created 0 new cell, deleted 0 existing cell and moved 0 existing cell
INFO: [Physopt 32-76] Pass 1. Identified 1 candidate net for fanout optimization.
INFO: [Physopt 32-81] Processed net fastvit_bd_i/rst_ps7_0_200M/U0/peripheral_aresetn[0]. Replicated 10 times.
INFO: [Physopt 32-232] Optimized 1 net. Created 10 new instances.
INFO: [Physopt 32-775] End 1 Pass. Optimized 1 net or cell. Created 10 new cells, deleted 0 existing cell and moved 0 existing cell
Netlist sorting complete. Time (s): cpu = 00:00:00 ; elapsed = 00:00:00.100 . Memory (MB): peak = 2562.375 ; gain = 0.000
INFO: [Physopt 32-46] Identified 13 candidate nets for critical-cell optimization.
INFO: [Physopt 32-81] Processed net fastvit_bd_i/worker_0/inst/dwconv_worker_U/dataflow_in_loop_LOOP_DW_CH_1_U0/dwconv_process_channel4_U0/hw_out_words_reg_5295[18]. Replicated 1 times.
INFO: [Physopt 32-81] Processed net fastvit_bd_i/worker_0/inst/dwconv_worker_U/dataflow_in_loop_LOOP_DW_CH_1_U0/dwconv_process_channel4_U0/hw_out_words_reg_5295[20]. Replicated 1 times.
INFO: [Physopt 32-81] Processed net fastvit_bd_i/worker_0/inst/dwconv_worker_U/dataflow_in_loop_LOOP_DW_CH_1_U0/dwconv_process_channel4_U0/hw_out_words_reg_5295[22]. Replicated 1 times.
INFO: [Physopt 32-81] Processed net fastvit_bd_i/worker_0/inst/dwconv_worker_U/dataflow_in_loop_LOOP_DW_CH_1_U0/dwconv_process_channel4_U0/hw_out_words_reg_5295[26]. Replicated 1 times.
INFO: [Physopt 32-81] Processed net fastvit_bd_i/worker_0/inst/dwconv_worker_U/dataflow_in_loop_LOOP_DW_CH_1_U0/dwconv_process_channel4_U0/hw_out_words_reg_5295[21]. Replicated 1 times.
INFO: [Physopt 32-81] Processed net fastvit_bd_i/worker_0/inst/dwconv_worker_U/dataflow_in_loop_LOOP_DW_CH_1_U0/dwconv_process_channel4_U0/hw_out_words_reg_5295[24]. Replicated 1 times.
INFO: [Physopt 32-81] Processed net fastvit_bd_i/worker_0/inst/dwconv_worker_U/dataflow_in_loop_LOOP_DW_CH_1_U0/dwconv_process_channel4_U0/hw_out_words_reg_5295[23]. Replicated 1 times.
INFO: [Physopt 32-81] Processed net fastvit_bd_i/worker_0/inst/dwconv_worker_U/dataflow_in_loop_LOOP_DW_CH_1_U0/dwconv_process_channel4_U0/hw_out_words_reg_5295[19]. Replicated 1 times.
INFO: [Physopt 32-81] Processed net fastvit_bd_i/worker_0/inst/dwconv_worker_U/dataflow_in_loop_LOOP_DW_CH_1_U0/dwconv_process_channel4_U0/hw_out_words_reg_5295[17]. Replicated 1 times.
INFO: [Physopt 32-81] Processed net fastvit_bd_i/worker_0/inst/dwconv_worker_U/dataflow_in_loop_LOOP_DW_CH_1_U0/dwconv_process_channel4_U0/hw_out_words_reg_5295[25]. Replicated 1 times.
INFO: [Physopt 32-81] Processed net fastvit_bd_i/worker_0/inst/dwconv_worker_U/dataflow_in_loop_LOOP_DW_CH_1_U0/dwconv_process_channel4_U0/hw_out_words_reg_5295[27]. Replicated 1 times.
INFO: [Physopt 32-232] Optimized 11 nets. Created 11 new instances.
INFO: [Physopt 32-775] End 1 Pass. Optimized 11 nets or cells. Created 11 new cells, deleted 0 existing cell and moved 0 existing cell
Netlist sorting complete. Time (s): cpu = 00:00:00 ; elapsed = 00:00:00.039 . Memory (MB): peak = 2562.375 ; gain = 0.000
INFO: [Physopt 32-457] Pass 1. Identified 2 candidate cells for DSP register optimization.
INFO: [Physopt 32-665] Processed cell fastvit_bd_i/worker_0/inst/dwconv_worker_U/dataflow_in_loop_LOOP_DW_CH_1_U0/dwconv_process_channel4_U0/mul_32s_32s_32_5_1_U2057/buff0_reg. 17 registers were pushed out.
INFO: [Physopt 32-665] Processed cell fastvit_bd_i/worker_0/inst/dwconv_worker_U/dataflow_in_loop_LOOP_DW_CH_1_U0/dwconv_process_channel4_U0/mul_32s_32s_32_5_1_U2057/buff1_reg. 15 registers were pushed out.
INFO: [Physopt 32-775] End 2 Pass. Optimized 2 nets or cells. Created 32 new cells, deleted 0 existing cell and moved 0 existing cell
Netlist sorting complete. Time (s): cpu = 00:00:00 ; elapsed = 00:00:00.011 . Memory (MB): peak = 2562.375 ; gain = 0.000
INFO: [Physopt 32-1123] No candidate cells found for Shift Register to Pipeline optimization
INFO: [Physopt 32-775] End 2 Pass. Optimized 0 net or cell. Created 0 new cell, deleted 0 existing cell and moved 0 existing cell
INFO: [Physopt 32-1402] Pass 1: Identified 50 candidate cells for Shift Register optimization.
INFO: [Physopt 32-775] End 1 Pass. Optimized 41 nets or cells. Created 41 new cells, deleted 0 existing cell and moved 0 existing cell
Netlist sorting complete. Time (s): cpu = 00:00:00 ; elapsed = 00:00:00.037 . Memory (MB): peak = 2562.375 ; gain = 0.000
INFO: [Physopt 32-527] Pass 1: Identified 16 candidate cells for BRAM register optimization
INFO: [Physopt 32-665] Processed cell fastvit_bd_i/worker_0/inst/dwconv_worker_U/dataflow_in_loop_LOOP_DW_CH_1_U0/p_ZL9ch_in_buf_11_U/fastvit_ip_dataflow_in_loop_LOOP_DW_CH_1_p_ZL9ch_in_buf_0_RAM_1P_BRAM_1R1W_memcore_U/ram_reg. 4 registers were pushed out.
INFO: [Physopt 32-666] Processed cell fastvit_bd_i/worker_0/inst/dwconv_worker_U/dataflow_in_loop_LOOP_DW_CH_1_U0/p_ZL9ch_in_buf_12_U/fastvit_ip_dataflow_in_loop_LOOP_DW_CH_1_p_ZL9ch_in_buf_0_RAM_1P_BRAM_1R1W_memcore_U/ram_reg. No change.
INFO: [Physopt 32-665] Processed cell fastvit_bd_i/worker_0/inst/dwconv_worker_U/dataflow_in_loop_LOOP_DW_CH_1_U0/p_ZL9ch_in_buf_3_U/fastvit_ip_dataflow_in_loop_LOOP_DW_CH_1_p_ZL9ch_in_buf_0_RAM_1P_BRAM_1R1W_memcore_U/ram_reg. 4 registers were pushed out.
INFO: [Physopt 32-665] Processed cell fastvit_bd_i/worker_0/inst/dwconv_worker_U/dataflow_in_loop_LOOP_DW_CH_1_U0/p_ZL9ch_in_buf_2_U/fastvit_ip_dataflow_in_loop_LOOP_DW_CH_1_p_ZL9ch_in_buf_0_RAM_1P_BRAM_1R1W_memcore_U/ram_reg. 4 registers were pushed out.
INFO: [Physopt 32-665] Processed cell fastvit_bd_i/worker_0/inst/dwconv_worker_U/dataflow_in_loop_LOOP_DW_CH_1_U0/p_ZL9ch_in_buf_15_U/fastvit_ip_dataflow_in_loop_LOOP_DW_CH_1_p_ZL9ch_in_buf_0_RAM_1P_BRAM_1R1W_memcore_U/ram_reg. 4 registers were pushed out.
INFO: [Physopt 32-665] Processed cell fastvit_bd_i/worker_0/inst/dwconv_worker_U/dataflow_in_loop_LOOP_DW_CH_1_U0/p_ZL9ch_in_buf_14_U/fastvit_ip_dataflow_in_loop_LOOP_DW_CH_1_p_ZL9ch_in_buf_0_RAM_1P_BRAM_1R1W_memcore_U/ram_reg. 4 registers were pushed out.
INFO: [Physopt 32-665] Processed cell fastvit_bd_i/worker_0/inst/dwconv_worker_U/dataflow_in_loop_LOOP_DW_CH_1_U0/p_ZL9ch_in_buf_10_U/fastvit_ip_dataflow_in_loop_LOOP_DW_CH_1_p_ZL9ch_in_buf_0_RAM_1P_BRAM_1R1W_memcore_U/ram_reg. 4 registers were pushed out.
INFO: [Physopt 32-665] Processed cell fastvit_bd_i/worker_0/inst/dwconv_worker_U/dataflow_in_loop_LOOP_DW_CH_1_U0/p_ZL9ch_in_buf_9_U/fastvit_ip_dataflow_in_loop_LOOP_DW_CH_1_p_ZL9ch_in_buf_0_RAM_1P_BRAM_1R1W_memcore_U/ram_reg. 4 registers were pushed out.
INFO: [Physopt 32-665] Processed cell fastvit_bd_i/worker_0/inst/dwconv_worker_U/dataflow_in_loop_LOOP_DW_CH_1_U0/p_ZL9ch_in_buf_8_U/fastvit_ip_dataflow_in_loop_LOOP_DW_CH_1_p_ZL9ch_in_buf_0_RAM_1P_BRAM_1R1W_memcore_U/ram_reg. 4 registers were pushed out.
INFO: [Physopt 32-666] Processed cell fastvit_bd_i/worker_0/inst/dwconv_worker_U/dataflow_in_loop_LOOP_DW_CH_1_U0/p_ZL9ch_in_buf_6_U/fastvit_ip_dataflow_in_loop_LOOP_DW_CH_1_p_ZL9ch_in_buf_0_RAM_1P_BRAM_1R1W_memcore_U/ram_reg. No change.
INFO: [Physopt 32-665] Processed cell fastvit_bd_i/worker_0/inst/dwconv_worker_U/dataflow_in_loop_LOOP_DW_CH_1_U0/p_ZL9ch_in_buf_1_U/fastvit_ip_dataflow_in_loop_LOOP_DW_CH_1_p_ZL9ch_in_buf_0_RAM_1P_BRAM_1R1W_memcore_U/ram_reg. 4 registers were pushed out.
INFO: [Physopt 32-665] Processed cell fastvit_bd_i/worker_0/inst/dwconv_worker_U/dataflow_in_loop_LOOP_DW_CH_1_U0/p_ZL9ch_in_buf_5_U/fastvit_ip_dataflow_in_loop_LOOP_DW_CH_1_p_ZL9ch_in_buf_0_RAM_1P_BRAM_1R1W_memcore_U/ram_reg. 4 registers were pushed out.
INFO: [Physopt 32-665] Processed cell fastvit_bd_i/worker_0/inst/dwconv_worker_U/dataflow_in_loop_LOOP_DW_CH_1_U0/p_ZL9ch_in_buf_13_U/fastvit_ip_dataflow_in_loop_LOOP_DW_CH_1_p_ZL9ch_in_buf_0_RAM_1P_BRAM_1R1W_memcore_U/ram_reg. 4 registers were pushed out.
INFO: [Physopt 32-666] Processed cell fastvit_bd_i/worker_0/inst/dwconv_worker_U/dataflow_in_loop_LOOP_DW_CH_1_U0/p_ZL9ch_in_buf_7_U/fastvit_ip_dataflow_in_loop_LOOP_DW_CH_1_p_ZL9ch_in_buf_0_RAM_1P_BRAM_1R1W_memcore_U/ram_reg. No change.
INFO: [Physopt 32-665] Processed cell fastvit_bd_i/worker_0/inst/dwconv_worker_U/dataflow_in_loop_LOOP_DW_CH_1_U0/p_ZL9ch_in_buf_0_U/fastvit_ip_dataflow_in_loop_LOOP_DW_CH_1_p_ZL9ch_in_buf_0_RAM_1P_BRAM_1R1W_memcore_U/ram_reg. 4 registers were pushed out.
INFO: [Physopt 32-666] Processed cell fastvit_bd_i/worker_0/inst/dwconv_worker_U/dataflow_in_loop_LOOP_DW_CH_1_U0/p_ZL9ch_in_buf_4_U/fastvit_ip_dataflow_in_loop_LOOP_DW_CH_1_p_ZL9ch_in_buf_0_RAM_1P_BRAM_1R1W_memcore_U/ram_reg. No change.
INFO: [Physopt 32-775] End 1 Pass. Optimized 12 nets or cells. Created 48 new cells, deleted 0 existing cell and moved 0 existing cell
Netlist sorting complete. Time (s): cpu = 00:00:00 ; elapsed = 00:00:00.040 . Memory (MB): peak = 2562.375 ; gain = 0.000
INFO: [Physopt 32-846] No candidate cells for URAM register optimization found in the design
INFO: [Physopt 32-775] End 1 Pass. Optimized 0 net or cell. Created 0 new cell, deleted 0 existing cell and moved 0 existing cell
INFO: [Physopt 32-846] No candidate cells for URAM register optimization found in the design
INFO: [Physopt 32-775] End 1 Pass. Optimized 0 net or cell. Created 0 new cell, deleted 0 existing cell and moved 0 existing cell
INFO: [Physopt 32-949] No candidate nets found for dynamic/static region interface net replication
INFO: [Physopt 32-775] End 1 Pass. Optimized 0 net or cell. Created 0 new cell, deleted 0 existing cell and moved 0 existing cell
Netlist sorting complete. Time (s): cpu = 00:00:00 ; elapsed = 00:00:00.007 . Memory (MB): peak = 2562.375 ; gain = 0.000

Summary of Physical Synthesis Optimizations
============================================


-----------------------------------------------------------------------------------------------------------------------------------------------------------
|  Optimization                                     |  Added Cells  |  Removed Cells  |  Optimized Cells/Nets  |  Dont Touch  |  Iterations  |  Elapsed   |
-----------------------------------------------------------------------------------------------------------------------------------------------------------
|  LUT Combining                                    |          129  |            267  |                   396  |           0  |           1  |  00:00:00  |
|  Retime                                           |            0  |              0  |                     0  |           0  |           1  |  00:00:00  |
|  Very High Fanout                                 |            0  |              0  |                     0  |           0  |           1  |  00:00:00  |
|  Fanout                                           |           10  |              0  |                     1  |           0  |           1  |  00:00:00  |
|  Critical Cell                                    |           11  |              0  |                    11  |           0  |           1  |  00:00:00  |
|  DSP Register                                     |           32  |              0  |                     2  |           0  |           1  |  00:00:00  |
|  Shift Register to Pipeline                       |            0  |              0  |                     0  |           0  |           1  |  00:00:00  |
|  Shift Register                                   |           41  |              0  |                    41  |           0  |           1  |  00:00:00  |
|  BRAM Register                                    |           48  |              0  |                    12  |           0  |           1  |  00:00:00  |
|  URAM Register                                    |            0  |              0  |                     0  |           0  |           1  |  00:00:00  |
|  Dynamic/Static Region Interface Net Replication  |            0  |              0  |                     0  |           0  |           1  |  00:00:00  |
|  Total                                            |          271  |            267  |                   463  |           0  |          11  |  00:00:01  |
-----------------------------------------------------------------------------------------------------------------------------------------------------------


Phase 2.5.2 Physical Synthesis In Placer | Checksum: 2013dc51b

Time (s): cpu = 00:00:33 ; elapsed = 00:00:34 . Memory (MB): peak = 2562.375 ; gain = 180.145
Phase 2.5 Global Place Phase2 | Checksum: 1cd07e565

Time (s): cpu = 00:00:34 ; elapsed = 00:00:34 . Memory (MB): peak = 2562.375 ; gain = 180.145
Phase 2 Global Placement | Checksum: 1cd07e565

Time (s): cpu = 00:00:34 ; elapsed = 00:00:34 . Memory (MB): peak = 2562.375 ; gain = 180.145

Phase 3 Detail Placement

Phase 3.1 Commit Multi Column Macros
Phase 3.1 Commit Multi Column Macros | Checksum: 1685d505b

Time (s): cpu = 00:00:36 ; elapsed = 00:00:36 . Memory (MB): peak = 2562.375 ; gain = 180.145

Phase 3.2 Commit Most Macros & LUTRAMs
Phase 3.2 Commit Most Macros & LUTRAMs | Checksum: 1af294f13

Time (s): cpu = 00:00:40 ; elapsed = 00:00:40 . Memory (MB): peak = 2562.375 ; gain = 180.145

Phase 3.3 Area Swap Optimization
Phase 3.3 Area Swap Optimization | Checksum: 1417ebf99

Time (s): cpu = 00:00:40 ; elapsed = 00:00:40 . Memory (MB): peak = 2562.375 ; gain = 180.145

Phase 3.4 Pipeline Register Optimization
Phase 3.4 Pipeline Register Optimization | Checksum: 21c896952

Time (s): cpu = 00:00:40 ; elapsed = 00:00:40 . Memory (MB): peak = 2562.375 ; gain = 180.145

Phase 3.5 Fast Optimization
Phase 3.5 Fast Optimization | Checksum: 13d0e65fa

Time (s): cpu = 00:00:45 ; elapsed = 00:00:45 . Memory (MB): peak = 2562.375 ; gain = 180.145

Phase 3.6 Small Shape Detail Placement
Phase 3.6 Small Shape Detail Placement | Checksum: 2746149ba

Time (s): cpu = 00:00:48 ; elapsed = 00:00:49 . Memory (MB): peak = 2562.375 ; gain = 180.145

Phase 3.7 Re-assign LUT pins
Phase 3.7 Re-assign LUT pins | Checksum: 2a16c6881

Time (s): cpu = 00:00:49 ; elapsed = 00:00:50 . Memory (MB): peak = 2562.375 ; gain = 180.145

Phase 3.8 Pipeline Register Optimization
Phase 3.8 Pipeline Register Optimization | Checksum: 11c97881a

Time (s): cpu = 00:00:49 ; elapsed = 00:00:50 . Memory (MB): peak = 2562.375 ; gain = 180.145

Phase 3.9 Fast Optimization
Phase 3.9 Fast Optimization | Checksum: 20dcd8926

Time (s): cpu = 00:00:57 ; elapsed = 00:00:57 . Memory (MB): peak = 2562.375 ; gain = 180.145
Phase 3 Detail Placement | Checksum: 20dcd8926

Time (s): cpu = 00:00:57 ; elapsed = 00:00:58 . Memory (MB): peak = 2562.375 ; gain = 180.145

Phase 4 Post Placement Optimization and Clean-Up

Phase 4.1 Post Commit Optimization
INFO: [Timing 38-35] Done setting XDC timing constraints.

Phase 4.1.1 Post Placement Optimization
Post Placement Optimization Initialization | Checksum: 1b18e42a3

Phase 4.1.1.1 BUFG Insertion

Starting Physical Synthesis Task

Phase 1 Physical Synthesis Initialization
INFO: [Physopt 32-721] Multithreading enabled for phys_opt_design using a maximum of 1 CPUs
INFO: [Physopt 32-619] Estimated Timing Summary | WNS=-1.121 | TNS=-314.906 |
Phase 1 Physical Synthesis Initialization | Checksum: 169b50cee

Time (s): cpu = 00:00:01 ; elapsed = 00:00:00.832 . Memory (MB): peak = 2610.188 ; gain = 0.000
INFO: [Place 46-33] Processed net fastvit_bd_i/worker_0/inst/dwconv_worker_U/dataflow_in_loop_LOOP_DW_CH_1_U0/dwconv_process_channel4_U0/grp_dwconv_process_channel4_Pipeline_STORE_DW_OUT_fu_1559/ashr_32ns_32ns_32_2_1_U1980/SR[0], BUFG insertion was skipped due to placement/routing conflicts.
INFO: [Place 46-56] BUFG insertion identified 1 candidate nets. Inserted BUFG: 0, Replicated BUFG Driver: 0, Skipped due to Placement/Routing Conflicts: 1, Skipped due to Timing Degradation: 0, Skipped due to netlist editing failed: 0.
Ending Physical Synthesis Task | Checksum: 21e3c3399

Time (s): cpu = 00:00:02 ; elapsed = 00:00:01 . Memory (MB): peak = 2626.152 ; gain = 15.965
Phase 4.1.1.1 BUFG Insertion | Checksum: 1b18e42a3

Time (s): cpu = 00:01:04 ; elapsed = 00:01:05 . Memory (MB): peak = 2626.152 ; gain = 243.922

Phase 4.1.1.2 Post Placement Timing Optimization
INFO: [Place 30-746] Post Placement Timing Summary WNS=-0.591. For the most accurate timing information please run report_timing.
Phase 4.1.1.2 Post Placement Timing Optimization | Checksum: 1e3e7dd13

Time (s): cpu = 00:01:49 ; elapsed = 00:01:51 . Memory (MB): peak = 2626.152 ; gain = 243.922

Time (s): cpu = 00:01:49 ; elapsed = 00:01:51 . Memory (MB): peak = 2626.152 ; gain = 243.922
Phase 4.1 Post Commit Optimization | Checksum: 1e3e7dd13

Time (s): cpu = 00:01:49 ; elapsed = 00:01:51 . Memory (MB): peak = 2626.152 ; gain = 243.922
Post Placement Optimization Initialization | Checksum: 224d456e1

Starting Physical Synthesis Task

Phase 1 Physical Synthesis Initialization
INFO: [Physopt 32-721] Multithreading enabled for phys_opt_design using a maximum of 1 CPUs
INFO: [Physopt 32-619] Estimated Timing Summary | WNS=-0.663 | TNS=-141.755 |
Phase 1 Physical Synthesis Initialization | Checksum: 22be27fb1

Time (s): cpu = 00:00:01 ; elapsed = 00:00:00.838 . Memory (MB): peak = 2626.152 ; gain = 0.000
INFO: [Place 46-33] Processed net fastvit_bd_i/worker_0/inst/dwconv_worker_U/dataflow_in_loop_LOOP_DW_CH_1_U0/dwconv_process_channel4_U0/grp_dwconv_process_channel4_Pipeline_STORE_DW_OUT_fu_1559/ashr_32ns_32ns_32_2_1_U1980/SR[0], BUFG insertion was skipped due to placement/routing conflicts.
INFO: [Place 46-56] BUFG insertion identified 1 candidate nets. Inserted BUFG: 0, Replicated BUFG Driver: 0, Skipped due to Placement/Routing Conflicts: 1, Skipped due to Timing Degradation: 0, Skipped due to netlist editing failed: 0.
Ending Physical Synthesis Task | Checksum: 202c50ba2

Time (s): cpu = 00:00:01 ; elapsed = 00:00:01 . Memory (MB): peak = 2626.152 ; gain = 0.000
INFO: [Place 30-746] Post Placement Timing Summary WNS=-0.591. For the most accurate timing information please run report_timing.

Phase 4.2 Post Placement Cleanup
Phase 4.2 Post Placement Cleanup | Checksum: 2d19efa17

Time (s): cpu = 00:02:37 ; elapsed = 00:02:39 . Memory (MB): peak = 2626.152 ; gain = 243.922

Phase 4.3 Placer Reporting

Phase 4.3.1 Print Estimated Congestion
INFO: [Place 30-612] Post-Placement Estimated Congestion 
 ____________________________________________________
|           | Global Congestion | Short Congestion  |
| Direction | Region Size       | Region Size       |
|___________|___________________|___________________|
|      North|                1x1|                2x2|
|___________|___________________|___________________|
|      South|                1x1|                4x4|
|___________|___________________|___________________|
|       East|                1x1|                1x1|
|___________|___________________|___________________|
|       West|                1x1|                2x2|
|___________|___________________|___________________|

Phase 4.3.1 Print Estimated Congestion | Checksum: 2d19efa17

Time (s): cpu = 00:02:37 ; elapsed = 00:02:39 . Memory (MB): peak = 2626.152 ; gain = 243.922
Phase 4.3 Placer Reporting | Checksum: 2d19efa17

Time (s): cpu = 00:02:37 ; elapsed = 00:02:39 . Memory (MB): peak = 2626.152 ; gain = 243.922

Phase 4.4 Final Placement Cleanup
Netlist sorting complete. Time (s): cpu = 00:00:00 ; elapsed = 00:00:00.010 . Memory (MB): peak = 2626.152 ; gain = 0.000

Time (s): cpu = 00:02:37 ; elapsed = 00:02:39 . Memory (MB): peak = 2626.152 ; gain = 243.922
Phase 4 Post Placement Optimization and Clean-Up | Checksum: 29cf327ba

Time (s): cpu = 00:02:37 ; elapsed = 00:02:39 . Memory (MB): peak = 2626.152 ; gain = 243.922
Ending Placer Task | Checksum: 1b6adc24a

Time (s): cpu = 00:02:37 ; elapsed = 00:02:39 . Memory (MB): peak = 2626.152 ; gain = 243.922
126 Infos, 1 Warnings, 0 Critical Warnings and 0 Errors encountered.
place_design completed successfully
place_design: Time (s): cpu = 00:02:38 ; elapsed = 00:02:40 . Memory (MB): peak = 2626.152 ; gain = 243.922
INFO: [Vivado 12-24828] Executing command : report_io -file fastvit_bd_wrapper_io_placed.rpt
report_io: Time (s): cpu = 00:00:00 ; elapsed = 00:00:00.028 . Memory (MB): peak = 2626.152 ; gain = 0.000
INFO: [Vivado 12-24828] Executing command : report_utilization -file fastvit_bd_wrapper_utilization_placed.rpt -pb fastvit_bd_wrapper_utilization_placed.pb
INFO: [Vivado 12-24828] Executing command : report_control_sets -verbose -file fastvit_bd_wrapper_control_sets_placed.rpt
report_control_sets: Time (s): cpu = 00:00:00 ; elapsed = 00:00:00.082 . Memory (MB): peak = 2626.152 ; gain = 0.000
INFO: [Timing 38-480] Writing timing data to binary archive.
Write ShapeDB Complete: Time (s): cpu = 00:00:00 ; elapsed = 00:00:00.074 . Memory (MB): peak = 2626.152 ; gain = 0.000
Wrote PlaceDB: Time (s): cpu = 00:00:01 ; elapsed = 00:00:01 . Memory (MB): peak = 2626.152 ; gain = 0.000
Wrote PulsedLatchDB: Time (s): cpu = 00:00:00 ; elapsed = 00:00:00 . Memory (MB): peak = 2626.152 ; gain = 0.000
Writing XDEF routing.
Writing XDEF routing logical nets.
Writing XDEF routing special nets.
Wrote RouteStorage: Time (s): cpu = 00:00:00 ; elapsed = 00:00:00.040 . Memory (MB): peak = 2626.152 ; gain = 0.000
Wrote Netlist Cache: Time (s): cpu = 00:00:00 ; elapsed = 00:00:00.041 . Memory (MB): peak = 2626.152 ; gain = 0.000
Wrote Device Cache: Time (s): cpu = 00:00:00 ; elapsed = 00:00:00.008 . Memory (MB): peak = 2626.152 ; gain = 0.000
Write Physdb Complete: Time (s): cpu = 00:00:01 ; elapsed = 00:00:01 . Memory (MB): peak = 2626.152 ; gain = 0.000
INFO: [Common 17-1381] The checkpoint 'E:/codes/microzed/fastvit_hls/vivado_impl/fastvit_dwconv_only_200mhz_proj/fastvit_dwconv_only_200mhz_proj.runs/impl_1/fastvit_bd_wrapper_placed.dcp' has been generated.
write_checkpoint: Time (s): cpu = 00:00:05 ; elapsed = 00:00:06 . Memory (MB): peak = 2626.152 ; gain = 0.000
Command: phys_opt_design -directive AggressiveExplore
Attempting to get a license for feature 'Implementation' and/or device 'xc7z020'
INFO: [Common 17-349] Got license for feature 'Implementation' and/or device 'xc7z020'
INFO: [Vivado_Tcl 4-137] Directive used for phys_opt_design is: AggressiveExplore

Starting Initial Update Timing Task

Time (s): cpu = 00:00:04 ; elapsed = 00:00:04 . Memory (MB): peak = 2626.523 ; gain = 0.371
INFO: [Vivado_Tcl 4-1435] PhysOpt_Tcl_Interface Runtime Before Starting Physical Synthesis Task | CPU: 4.00s |  WALL: 4.61s
Netlist sorting complete. Time (s): cpu = 00:00:00 ; elapsed = 00:00:00.008 . Memory (MB): peak = 2626.523 ; gain = 0.000

Starting Physical Synthesis Task

Phase 1 Physical Synthesis Initialization
INFO: [Physopt 32-721] Multithreading enabled for phys_opt_design using a maximum of 1 CPUs
INFO: [Physopt 32-619] Estimated Timing Summary | WNS=-0.591 | TNS=-40.771 |
Phase 1 Physical Synthesis Initialization | Checksum: 1ce5fce92

Time (s): cpu = 00:00:03 ; elapsed = 00:00:02 . Memory (MB): peak = 2639.805 ; gain = 13.281

Phase 2 SLR Crossing Optimization
Phase 2 SLR Crossing Optimization | Checksum: 1ce5fce92

Time (s): cpu = 00:00:03 ; elapsed = 00:00:02 . Memory (MB): peak = 2639.805 ; gain = 13.281
INFO: [Physopt 32-619] Estimated Timing Summary | WNS=-0.591 | TNS=-40.771 |

Phase 3 Fanout Optimization
INFO: [Physopt 32-76] Pass 1. Identified 28 candidate nets for fanout optimization.
INFO: [Physopt 32-572] Net fastvit_bd_i/worker_0/inst/ctrl_s_axi_U/int_CHin[31]_i_1_n_0 was not replicated.
Resolution: phys_opt_design can be forced to replicate a net driver using the option -force_replication_on_nets <list of net objects>.
INFO: [Physopt 32-572] Net fastvit_bd_i/worker_0/inst/ctrl_s_axi_U/int_out_shift[31]_i_1_n_0 was not replicated.
Resolution: phys_opt_design can be forced to replicate a net driver using the option -force_replication_on_nets <list of net objects>.
INFO: [Physopt 32-572] Net fastvit_bd_i/worker_0/inst/dwconv_worker_U/dataflow_in_loop_LOOP_DW_CH_1_U0/dwconv_process_channel4_U0/grp_dwconv_process_channel4_Pipeline_LOAD_DW_IN_fu_1093/ap_enable_reg_pp0_iter2 was not replicated.
Resolution: phys_opt_design can be forced to replicate a net driver using the option -force_replication_on_nets <list of net objects>.
INFO: [Physopt 32-572] Net fastvit_bd_i/worker_0/inst/ctrl_s_axi_U/int_Win[31]_i_1_n_0 was not replicated.
Resolution: phys_opt_design can be forced to replicate a net driver using the option -force_replication_on_nets <list of net objects>.
INFO: [Physopt 32-572] Net fastvit_bd_i/worker_0/inst/ctrl_s_axi_U/int_stride_w[31]_i_1_n_0 was not replicated.
Resolution: phys_opt_design can be forced to replicate a net driver using the option -force_replication_on_nets <list of net objects>.
INFO: [Physopt 32-572] Net fastvit_bd_i/worker_0/inst/dwconv_gmem3_m_axi_U/bus_write/wreq_burst_conv/rs_req/load_p1 was not replicated.
Resolution: phys_opt_design can be forced to replicate a net driver using the option -force_replication_on_nets <list of net objects>.
INFO: [Physopt 32-572] Net fastvit_bd_i/worker_0/inst/dwconv_gmem3_m_axi_U/bus_write/wreq_burst_conv/rs_req/next_req was not replicated.
Resolution: phys_opt_design can be forced to replicate a net driver using the option -force_replication_on_nets <list of net objects>.
INFO: [Physopt 32-572] Net fastvit_bd_i/worker_0/inst/ctrl_s_axi_U/int_CHout[31]_i_1_n_0 was not replicated.
Resolution: phys_opt_design can be forced to replicate a net driver using the option -force_replication_on_nets <list of net objects>.
INFO: [Physopt 32-81] Processed net fastvit_bd_i/worker_0/inst/dwconv_worker_U/dataflow_in_loop_LOOP_DW_CH_1_U0/dwconv_process_channel4_U0/grp_dwconv_process_channel4_Pipeline_LOAD_DW_IN_fu_1093/add_ln221_1_reg_5839_reg_n_0_[0]. Replicated 3 times.
INFO: [Physopt 32-572] Net fastvit_bd_i/worker_0/inst/ctrl_s_axi_U/int_Kw[31]_i_1_n_0 was not replicated.
Resolution: phys_opt_design can be forced to replicate a net driver using the option -force_replication_on_nets <list of net objects>.
INFO: [Physopt 32-572] Net fastvit_bd_i/worker_0/inst/ctrl_s_axi_U/int_fpg[31]_i_1_n_0 was not replicated.
Resolution: phys_opt_design can be forced to replicate a net driver using the option -force_replication_on_nets <list of net objects>.
INFO: [Physopt 32-572] Net fastvit_bd_i/worker_0/inst/ctrl_s_axi_U/int_stride_h[31]_i_1_n_0 was not replicated.
Resolution: phys_opt_design can be forced to replicate a net driver using the option -force_replication_on_nets <list of net objects>.
INFO: [Physopt 32-232] Optimized 1 net. Created 3 new instances.
INFO: [Physopt 32-775] End 1 Pass. Optimized 1 net or cell. Created 3 new cells, deleted 0 existing cell and moved 0 existing cell
INFO: [Physopt 32-619] Estimated Timing Summary | WNS=-0.591 | TNS=-40.716 |
Netlist sorting complete. Time (s): cpu = 00:00:00 ; elapsed = 00:00:00.017 . Memory (MB): peak = 2644.430 ; gain = 0.000
Phase 3 Fanout Optimization | Checksum: 1870c8032

Time (s): cpu = 00:00:05 ; elapsed = 00:00:04 . Memory (MB): peak = 2644.430 ; gain = 17.906

Phase 4 Single Cell Placement Optimization
INFO: [Physopt 32-660] Identified 77 candidate nets for placement-based optimization.
INFO: [Physopt 32-662] Processed net fastvit_bd_i/ps_ctrl_ic/xbar/inst/gen_sasd.crossbar_sasd_0/addr_arbiter_inst/m_axi_wvalid[1].  Did not re-place instance fastvit_bd_i/ps_ctrl_ic/xbar/inst/gen_sasd.crossbar_sasd_0/addr_arbiter_inst/m_axi_wvalid[1]_INST_0
INFO: [Physopt 32-662] Processed net fastvit_bd_i/worker_0/inst/ctrl_s_axi_U/int_ier[1]_i_2_n_0.  Did not re-place instance fastvit_bd_i/worker_0/inst/ctrl_s_axi_U/int_ier[1]_i_2
INFO: [Physopt 32-662] Processed net fastvit_bd_i/worker_0/inst/ctrl_s_axi_U/int_ap_start5_out.  Did not re-place instance fastvit_bd_i/worker_0/inst/ctrl_s_axi_U/int_ap_start_i_3
INFO: [Physopt 32-662] Processed net fastvit_bd_i/worker_0/inst/ctrl_s_axi_U/int_ap_start_i_1_n_0.  Did not re-place instance fastvit_bd_i/worker_0/inst/ctrl_s_axi_U/int_ap_start_i_1
INFO: [Physopt 32-662] Processed net fastvit_bd_i/worker_0/inst/ctrl_s_axi_U/ap_start_lite.  Did not re-place instance fastvit_bd_i/worker_0/inst/ctrl_s_axi_U/int_ap_start_reg
INFO: [Physopt 32-662] Processed net fastvit_bd_i/worker_0/inst/ctrl_s_axi_U/int_CHin[31]_i_1_n_0.  Did not re-place instance fastvit_bd_i/worker_0/inst/ctrl_s_axi_U/int_CHin[31]_i_1
INFO: [Physopt 32-662] Processed net fastvit_bd_i/worker_0/inst/ctrl_s_axi_U/int_op_code[31]_i_3_n_0.  Did not re-place instance fastvit_bd_i/worker_0/inst/ctrl_s_axi_U/int_op_code[31]_i_3
INFO: [Physopt 32-662] Processed net fastvit_bd_i/worker_0/inst/ctrl_s_axi_U/int_CHin_reg[2]_0[0].  Did not re-place instance fastvit_bd_i/worker_0/inst/ctrl_s_axi_U/int_CHin_reg[0]
INFO: [Physopt 32-663] Processed net fastvit_bd_i/worker_0/inst/ctrl_s_axi_U/int_CHin_reg[2]_0[1].  Re-placed instance fastvit_bd_i/worker_0/inst/ctrl_s_axi_U/int_CHin_reg[1]
INFO: [Physopt 32-663] Processed net fastvit_bd_i/worker_0/inst/ctrl_s_axi_U/int_CHin_reg[2]_0[2].  Re-placed instance fastvit_bd_i/worker_0/inst/ctrl_s_axi_U/int_CHin_reg[2]
INFO: [Physopt 32-663] Processed net fastvit_bd_i/worker_0/inst/ctrl_s_axi_U/CHin_w[3].  Re-placed instance fastvit_bd_i/worker_0/inst/ctrl_s_axi_U/int_CHin_reg[3]
INFO: [Physopt 32-662] Processed net fastvit_bd_i/worker_0/inst/ctrl_s_axi_U/CHin_w[4].  Did not re-place instance fastvit_bd_i/worker_0/inst/ctrl_s_axi_U/int_CHin_reg[4]
INFO: [Physopt 32-663] Processed net fastvit_bd_i/worker_0/inst/ctrl_s_axi_U/CHin_w[7].  Re-placed instance fastvit_bd_i/worker_0/inst/ctrl_s_axi_U/int_CHin_reg[7]
INFO: [Physopt 32-663] Processed net fastvit_bd_i/worker_0/inst/ctrl_s_axi_U/CHin_w[5].  Re-placed instance fastvit_bd_i/worker_0/inst/ctrl_s_axi_U/int_CHin_reg[5]
INFO: [Physopt 32-663] Processed net fastvit_bd_i/worker_0/inst/ctrl_s_axi_U/CHin_w[6].  Re-placed instance fastvit_bd_i/worker_0/inst/ctrl_s_axi_U/int_CHin_reg[6]
INFO: [Physopt 32-662] Processed net fastvit_bd_i/worker_0/inst/ctrl_s_axi_U/int_out_shift[31]_i_1_n_0.  Did not re-place instance fastvit_bd_i/worker_0/inst/ctrl_s_axi_U/int_out_shift[31]_i_1
INFO: [Physopt 32-663] Processed net fastvit_bd_i/worker_0/inst/ctrl_s_axi_U/int_out_shift_reg[31]_0[13].  Re-placed instance fastvit_bd_i/worker_0/inst/ctrl_s_axi_U/int_out_shift_reg[13]
INFO: [Physopt 32-663] Processed net fastvit_bd_i/worker_0/inst/ctrl_s_axi_U/int_out_shift_reg[31]_0[12].  Re-placed instance fastvit_bd_i/worker_0/inst/ctrl_s_axi_U/int_out_shift_reg[12]
INFO: [Physopt 32-663] Processed net fastvit_bd_i/worker_0/inst/ctrl_s_axi_U/int_out_shift_reg[31]_0[7].  Re-placed instance fastvit_bd_i/worker_0/inst/ctrl_s_axi_U/int_out_shift_reg[7]
INFO: [Physopt 32-663] Processed net fastvit_bd_i/worker_0/inst/ctrl_s_axi_U/int_out_shift_reg[31]_0[31].  Re-placed instance fastvit_bd_i/worker_0/inst/ctrl_s_axi_U/int_out_shift_reg[31]
INFO: [Physopt 32-663] Processed net fastvit_bd_i/worker_0/inst/ctrl_s_axi_U/int_out_shift_reg[31]_0[10].  Re-placed instance fastvit_bd_i/worker_0/inst/ctrl_s_axi_U/int_out_shift_reg[10]
INFO: [Physopt 32-663] Processed net fastvit_bd_i/worker_0/inst/ctrl_s_axi_U/int_out_shift_reg[31]_0[11].  Re-placed instance fastvit_bd_i/worker_0/inst/ctrl_s_axi_U/int_out_shift_reg[11]
INFO: [Physopt 32-663] Processed net fastvit_bd_i/worker_0/inst/ctrl_s_axi_U/int_out_shift_reg[31]_0[28].  Re-placed instance fastvit_bd_i/worker_0/inst/ctrl_s_axi_U/int_out_shift_reg[28]
INFO: [Physopt 32-663] Processed net fastvit_bd_i/worker_0/inst/ctrl_s_axi_U/int_out_shift_reg[31]_0[29].  Re-placed instance fastvit_bd_i/worker_0/inst/ctrl_s_axi_U/int_out_shift_reg[29]
INFO: [Physopt 32-663] Processed net fastvit_bd_i/worker_0/inst/ctrl_s_axi_U/int_out_shift_reg[31]_0[30].  Re-placed instance fastvit_bd_i/worker_0/inst/ctrl_s_axi_U/int_out_shift_reg[30]
INFO: [Physopt 32-663] Processed net fastvit_bd_i/worker_0/inst/ctrl_s_axi_U/int_out_shift_reg[31]_0[6].  Re-placed instance fastvit_bd_i/worker_0/inst/ctrl_s_axi_U/int_out_shift_reg[6]
INFO: [Physopt 32-662] Processed net fastvit_bd_i/worker_0/inst/ctrl_s_axi_U/int_out_shift_reg[31]_0[9].  Did not re-place instance fastvit_bd_i/worker_0/inst/ctrl_s_axi_U/int_out_shift_reg[9]
INFO: [Physopt 32-662] Processed net fastvit_bd_i/worker_0/inst/ctrl_s_axi_U/int_out_shift_reg[31]_0[8].  Did not re-place instance fastvit_bd_i/worker_0/inst/ctrl_s_axi_U/int_out_shift_reg[8]
INFO: [Physopt 32-662] Processed net fastvit_bd_i/worker_0/inst/dwconv_worker_U/dataflow_in_loop_LOOP_DW_CH_1_U0/dwconv_process_channel4_U0/grp_dwconv_process_channel4_Pipeline_LOAD_DW_IN_fu_1093/ap_enable_reg_pp0_iter2.  Did not re-place instance fastvit_bd_i/worker_0/inst/dwconv_worker_U/dataflow_in_loop_LOOP_DW_CH_1_U0/dwconv_process_channel4_U0/grp_dwconv_process_channel4_Pipeline_LOAD_DW_IN_fu_1093/ap_enable_reg_pp0_iter2_reg
INFO: [Physopt 32-662] Processed net fastvit_bd_i/worker_0/inst/dwconv_worker_U/dataflow_in_loop_LOOP_DW_CH_1_U0/dwconv_process_channel4_U0/grp_dwconv_process_channel4_Pipeline_LOAD_DW_IN_fu_1093/ram_reg_i_20__2_n_0.  Did not re-place instance fastvit_bd_i/worker_0/inst/dwconv_worker_U/dataflow_in_loop_LOOP_DW_CH_1_U0/dwconv_process_channel4_U0/grp_dwconv_process_channel4_Pipeline_LOAD_DW_IN_fu_1093/ram_reg_i_20__2
INFO: [Physopt 32-662] Processed net fastvit_bd_i/worker_0/inst/dwconv_worker_U/dataflow_in_loop_LOOP_DW_CH_1_U0/dwconv_process_channel4_U0/grp_dwconv_process_channel4_Pipeline_LOAD_DW_IN_fu_1093/ram_reg_i_58_n_0.  Did not re-place instance fastvit_bd_i/worker_0/inst/dwconv_worker_U/dataflow_in_loop_LOOP_DW_CH_1_U0/dwconv_process_channel4_U0/grp_dwconv_process_channel4_Pipeline_LOAD_DW_IN_fu_1093/ram_reg_i_58
INFO: [Physopt 32-662] Processed net fastvit_bd_i/worker_0/inst/dwconv_worker_U/dataflow_in_loop_LOOP_DW_CH_1_U0/dwconv_process_channel4_U0/grp_dwconv_process_channel4_Pipeline_LOAD_DW_IN_fu_1093/lshr_ln1_reg_5754_reg[7]_1[6].  Did not re-place instance fastvit_bd_i/worker_0/inst/dwconv_worker_U/dataflow_in_loop_LOOP_DW_CH_1_U0/dwconv_process_channel4_U0/grp_dwconv_process_channel4_Pipeline_LOAD_DW_IN_fu_1093/ram_reg_i_4__8
INFO: [Physopt 32-662] Processed net fastvit_bd_i/worker_0/inst/ctrl_s_axi_U/int_out_shift_reg[31]_0[2].  Did not re-place instance fastvit_bd_i/worker_0/inst/ctrl_s_axi_U/int_out_shift_reg[2]
INFO: [Physopt 32-662] Processed net fastvit_bd_i/worker_0/inst/ctrl_s_axi_U/int_out_shift_reg[31]_0[3].  Did not re-place instance fastvit_bd_i/worker_0/inst/ctrl_s_axi_U/int_out_shift_reg[3]
INFO: [Physopt 32-662] Processed net fastvit_bd_i/worker_0/inst/ctrl_s_axi_U/int_out_shift_reg[31]_0[16].  Did not re-place instance fastvit_bd_i/worker_0/inst/ctrl_s_axi_U/int_out_shift_reg[16]
INFO: [Physopt 32-662] Processed net fastvit_bd_i/worker_0/inst/ctrl_s_axi_U/int_out_shift_reg[31]_0[17].  Did not re-place instance fastvit_bd_i/worker_0/inst/ctrl_s_axi_U/int_out_shift_reg[17]
INFO: [Physopt 32-662] Processed net fastvit_bd_i/worker_0/inst/ctrl_s_axi_U/int_out_shift_reg[31]_0[20].  Did not re-place instance fastvit_bd_i/worker_0/inst/ctrl_s_axi_U/int_out_shift_reg[20]
INFO: [Physopt 32-662] Processed net fastvit_bd_i/worker_0/inst/ctrl_s_axi_U/int_out_shift_reg[31]_0[21].  Did not re-place instance fastvit_bd_i/worker_0/inst/ctrl_s_axi_U/int_out_shift_reg[21]
INFO: [Physopt 32-662] Processed net fastvit_bd_i/worker_0/inst/ctrl_s_axi_U/int_out_shift_reg[31]_0[24].  Did not re-place instance fastvit_bd_i/worker_0/inst/ctrl_s_axi_U/int_out_shift_reg[24]
INFO: [Physopt 32-662] Processed net fastvit_bd_i/worker_0/inst/ctrl_s_axi_U/int_out_shift_reg[31]_0[25].  Did not re-place instance fastvit_bd_i/worker_0/inst/ctrl_s_axi_U/int_out_shift_reg[25]
INFO: [Physopt 32-662] Processed net fastvit_bd_i/worker_0/inst/ctrl_s_axi_U/int_Win[31]_i_1_n_0.  Did not re-place instance fastvit_bd_i/worker_0/inst/ctrl_s_axi_U/int_Win[31]_i_1
INFO: [Physopt 32-662] Processed net fastvit_bd_i/worker_0/inst/ctrl_s_axi_U/int_out_shift_reg[31]_0[4].  Did not re-place instance fastvit_bd_i/worker_0/inst/ctrl_s_axi_U/int_out_shift_reg[4]
INFO: [Physopt 32-662] Processed net fastvit_bd_i/worker_0/inst/ctrl_s_axi_U/int_out_shift_reg[31]_0[5].  Did not re-place instance fastvit_bd_i/worker_0/inst/ctrl_s_axi_U/int_out_shift_reg[5]
INFO: [Physopt 32-663] Processed net fastvit_bd_i/worker_0/inst/ctrl_s_axi_U/int_Win_reg[31]_0[11].  Re-placed instance fastvit_bd_i/worker_0/inst/ctrl_s_axi_U/int_Win_reg[11]
INFO: [Physopt 32-663] Processed net fastvit_bd_i/worker_0/inst/ctrl_s_axi_U/int_Win_reg[31]_0[10].  Re-placed instance fastvit_bd_i/worker_0/inst/ctrl_s_axi_U/int_Win_reg[10]
INFO: [Physopt 32-663] Processed net fastvit_bd_i/worker_0/inst/ctrl_s_axi_U/int_Win_reg[31]_0[28].  Re-placed instance fastvit_bd_i/worker_0/inst/ctrl_s_axi_U/int_Win_reg[28]
INFO: [Physopt 32-663] Processed net fastvit_bd_i/worker_0/inst/ctrl_s_axi_U/int_Win_reg[31]_0[29].  Re-placed instance fastvit_bd_i/worker_0/inst/ctrl_s_axi_U/int_Win_reg[29]
INFO: [Physopt 32-662] Processed net fastvit_bd_i/worker_0/inst/ctrl_s_axi_U/int_out_shift_reg[31]_0[14].  Did not re-place instance fastvit_bd_i/worker_0/inst/ctrl_s_axi_U/int_out_shift_reg[14]
INFO: [Physopt 32-662] Processed net fastvit_bd_i/worker_0/inst/ctrl_s_axi_U/int_out_shift_reg[31]_0[15].  Did not re-place instance fastvit_bd_i/worker_0/inst/ctrl_s_axi_U/int_out_shift_reg[15]
INFO: [Physopt 32-662] Processed net fastvit_bd_i/worker_0/inst/ctrl_s_axi_U/int_out_shift_reg[31]_0[22].  Did not re-place instance fastvit_bd_i/worker_0/inst/ctrl_s_axi_U/int_out_shift_reg[22]
INFO: [Physopt 32-662] Processed net fastvit_bd_i/worker_0/inst/ctrl_s_axi_U/int_out_shift_reg[31]_0[23].  Did not re-place instance fastvit_bd_i/worker_0/inst/ctrl_s_axi_U/int_out_shift_reg[23]
INFO: [Physopt 32-662] Processed net fastvit_bd_i/worker_0/inst/ctrl_s_axi_U/int_out_shift_reg[31]_0[26].  Did not re-place instance fastvit_bd_i/worker_0/inst/ctrl_s_axi_U/int_out_shift_reg[26]
INFO: [Physopt 32-662] Processed net fastvit_bd_i/worker_0/inst/ctrl_s_axi_U/int_out_shift_reg[31]_0[27].  Did not re-place instance fastvit_bd_i/worker_0/inst/ctrl_s_axi_U/int_out_shift_reg[27]
INFO: [Physopt 32-662] Processed net fastvit_bd_i/worker_0/inst/dwconv_worker_U/dataflow_in_loop_LOOP_DW_CH_1_U0/dwconv_process_channel4_U0/grp_dwconv_process_channel4_Pipeline_LOAD_DW_IN_fu_1093/lshr_ln1_reg_5754[0].  Did not re-place instance fastvit_bd_i/worker_0/inst/dwconv_worker_U/dataflow_in_loop_LOOP_DW_CH_1_U0/dwconv_process_channel4_U0/grp_dwconv_process_channel4_Pipeline_LOAD_DW_IN_fu_1093/lshr_ln1_reg_5754_reg[0]
INFO: [Physopt 32-662] Processed net fastvit_bd_i/worker_0/inst/dwconv_worker_U/dataflow_in_loop_LOOP_DW_CH_1_U0/dwconv_process_channel4_U0/grp_dwconv_process_channel4_Pipeline_LOAD_DW_IN_fu_1093/ram_reg_i_131_n_0.  Did not re-place instance fastvit_bd_i/worker_0/inst/dwconv_worker_U/dataflow_in_loop_LOOP_DW_CH_1_U0/dwconv_process_channel4_U0/grp_dwconv_process_channel4_Pipeline_LOAD_DW_IN_fu_1093/ram_reg_i_131
INFO: [Physopt 32-662] Processed net fastvit_bd_i/worker_0/inst/dwconv_worker_U/dataflow_in_loop_LOOP_DW_CH_1_U0/dwconv_process_channel4_U0/grp_dwconv_process_channel4_Pipeline_LOAD_DW_IN_fu_1093/ram_reg_i_44__1_n_0.  Did not re-place instance fastvit_bd_i/worker_0/inst/dwconv_worker_U/dataflow_in_loop_LOOP_DW_CH_1_U0/dwconv_process_channel4_U0/grp_dwconv_process_channel4_Pipeline_LOAD_DW_IN_fu_1093/ram_reg_i_44__1
INFO: [Physopt 32-662] Processed net fastvit_bd_i/worker_0/inst/dwconv_worker_U/dataflow_in_loop_LOOP_DW_CH_1_U0/dwconv_process_channel4_U0/grp_dwconv_process_channel4_Pipeline_LOAD_DW_IN_fu_1093/add_ln221_1_reg_5839_reg[3]_6[0].  Did not re-place instance fastvit_bd_i/worker_0/inst/dwconv_worker_U/dataflow_in_loop_LOOP_DW_CH_1_U0/dwconv_process_channel4_U0/grp_dwconv_process_channel4_Pipeline_LOAD_DW_IN_fu_1093/ram_reg_i_10__10
INFO: [Physopt 32-662] Processed net fastvit_bd_i/worker_0/inst/dwconv_worker_U/dataflow_in_loop_LOOP_DW_CH_1_U0/dwconv_process_channel4_U0/grp_dwconv_process_channel4_Pipeline_LOAD_DW_IN_fu_1093/lshr_ln1_reg_5754[6].  Did not re-place instance fastvit_bd_i/worker_0/inst/dwconv_worker_U/dataflow_in_loop_LOOP_DW_CH_1_U0/dwconv_process_channel4_U0/grp_dwconv_process_channel4_Pipeline_LOAD_DW_IN_fu_1093/lshr_ln1_reg_5754_reg[6]
INFO: [Physopt 32-662] Processed net fastvit_bd_i/worker_0/inst/dwconv_worker_U/dataflow_in_loop_LOOP_DW_CH_1_U0/dwconv_process_channel4_U0/grp_dwconv_process_channel4_Pipeline_LOAD_DW_IN_fu_1093/ram_reg_i_21__3_n_0.  Did not re-place instance fastvit_bd_i/worker_0/inst/dwconv_worker_U/dataflow_in_loop_LOOP_DW_CH_1_U0/dwconv_process_channel4_U0/grp_dwconv_process_channel4_Pipeline_LOAD_DW_IN_fu_1093/ram_reg_i_21__3
INFO: [Physopt 32-662] Processed net fastvit_bd_i/worker_0/inst/dwconv_worker_U/dataflow_in_loop_LOOP_DW_CH_1_U0/dwconv_process_channel4_U0/grp_dwconv_process_channel4_Pipeline_LOAD_DW_IN_fu_1093/ram_reg_i_63_n_0.  Did not re-place instance fastvit_bd_i/worker_0/inst/dwconv_worker_U/dataflow_in_loop_LOOP_DW_CH_1_U0/dwconv_process_channel4_U0/grp_dwconv_process_channel4_Pipeline_LOAD_DW_IN_fu_1093/ram_reg_i_63
INFO: [Physopt 32-662] Processed net fastvit_bd_i/worker_0/inst/dwconv_worker_U/dataflow_in_loop_LOOP_DW_CH_1_U0/dwconv_process_channel4_U0/grp_dwconv_process_channel4_Pipeline_LOAD_DW_IN_fu_1093/add_ln221_1_reg_5839_reg[3]_1[6].  Did not re-place instance fastvit_bd_i/worker_0/inst/dwconv_worker_U/dataflow_in_loop_LOOP_DW_CH_1_U0/dwconv_process_channel4_U0/grp_dwconv_process_channel4_Pipeline_LOAD_DW_IN_fu_1093/ram_reg_i_4__2
INFO: [Physopt 32-662] Processed net fastvit_bd_i/worker_0/inst/dwconv_worker_U/dataflow_in_loop_LOOP_DW_CH_1_U0/dwconv_process_channel4_U0/grp_dwconv_process_channel4_Pipeline_WRITEBACK_OUT_fu_1626/flow_control_loop_pipe_sequential_init_U/SR[0].  Did not re-place instance fastvit_bd_i/worker_0/inst/dwconv_worker_U/dataflow_in_loop_LOOP_DW_CH_1_U0/dwconv_process_channel4_U0/grp_dwconv_process_channel4_Pipeline_WRITEBACK_OUT_fu_1626/flow_control_loop_pipe_sequential_init_U/hw_fu_98[27]_i_1
INFO: [Physopt 32-663] Processed net fastvit_bd_i/worker_0/inst/dwconv_worker_U/dataflow_in_loop_LOOP_DW_CH_1_U0/dwconv_process_channel4_U0/hw_out_words_reg_5295[2].  Re-placed instance fastvit_bd_i/worker_0/inst/dwconv_worker_U/dataflow_in_loop_LOOP_DW_CH_1_U0/dwconv_process_channel4_U0/hw_out_words_reg_5295_reg[2]
INFO: [Physopt 32-663] Processed net fastvit_bd_i/worker_0/inst/dwconv_worker_U/dataflow_in_loop_LOOP_DW_CH_1_U0/dwconv_process_channel4_U0/grp_dwconv_process_channel4_Pipeline_WRITEBACK_OUT_fu_1626/hw_fu_98_reg_n_0_[0].  Re-placed instance fastvit_bd_i/worker_0/inst/dwconv_worker_U/dataflow_in_loop_LOOP_DW_CH_1_U0/dwconv_process_channel4_U0/grp_dwconv_process_channel4_Pipeline_WRITEBACK_OUT_fu_1626/hw_fu_98_reg[0]
INFO: [Physopt 32-662] Processed net fastvit_bd_i/worker_0/inst/dwconv_worker_U/dataflow_in_loop_LOOP_DW_CH_1_U0/dwconv_process_channel4_U0/grp_dwconv_process_channel4_Pipeline_WRITEBACK_OUT_fu_1626/flow_control_loop_pipe_sequential_init_U/hw_fu_98[27]_i_34_n_0.  Did not re-place instance fastvit_bd_i/worker_0/inst/dwconv_worker_U/dataflow_in_loop_LOOP_DW_CH_1_U0/dwconv_process_channel4_U0/grp_dwconv_process_channel4_Pipeline_WRITEBACK_OUT_fu_1626/flow_control_loop_pipe_sequential_init_U/hw_fu_98[27]_i_34
INFO: [Physopt 32-662] Processed net fastvit_bd_i/worker_0/inst/dwconv_worker_U/dataflow_in_loop_LOOP_DW_CH_1_U0/dwconv_process_channel4_U0/grp_dwconv_process_channel4_Pipeline_LOAD_DW_IN_fu_1093/lshr_ln1_reg_5754[2].  Did not re-place instance fastvit_bd_i/worker_0/inst/dwconv_worker_U/dataflow_in_loop_LOOP_DW_CH_1_U0/dwconv_process_channel4_U0/grp_dwconv_process_channel4_Pipeline_LOAD_DW_IN_fu_1093/lshr_ln1_reg_5754_reg[2]
INFO: [Physopt 32-662] Processed net fastvit_bd_i/worker_0/inst/dwconv_worker_U/dataflow_in_loop_LOOP_DW_CH_1_U0/dwconv_process_channel4_U0/grp_dwconv_process_channel4_Pipeline_LOAD_DW_IN_fu_1093/ram_reg_i_102_n_0.  Did not re-place instance fastvit_bd_i/worker_0/inst/dwconv_worker_U/dataflow_in_loop_LOOP_DW_CH_1_U0/dwconv_process_channel4_U0/grp_dwconv_process_channel4_Pipeline_LOAD_DW_IN_fu_1093/ram_reg_i_102
INFO: [Physopt 32-662] Processed net fastvit_bd_i/worker_0/inst/dwconv_worker_U/dataflow_in_loop_LOOP_DW_CH_1_U0/dwconv_process_channel4_U0/grp_dwconv_process_channel4_Pipeline_LOAD_DW_IN_fu_1093/ram_reg_i_34__1_n_0.  Did not re-place instance fastvit_bd_i/worker_0/inst/dwconv_worker_U/dataflow_in_loop_LOOP_DW_CH_1_U0/dwconv_process_channel4_U0/grp_dwconv_process_channel4_Pipeline_LOAD_DW_IN_fu_1093/ram_reg_i_34__1
INFO: [Physopt 32-662] Processed net fastvit_bd_i/worker_0/inst/dwconv_worker_U/dataflow_in_loop_LOOP_DW_CH_1_U0/dwconv_process_channel4_U0/grp_dwconv_process_channel4_Pipeline_LOAD_DW_IN_fu_1093/ram_reg_i_37__0_n_0.  Did not re-place instance fastvit_bd_i/worker_0/inst/dwconv_worker_U/dataflow_in_loop_LOOP_DW_CH_1_U0/dwconv_process_channel4_U0/grp_dwconv_process_channel4_Pipeline_LOAD_DW_IN_fu_1093/ram_reg_i_37__0
INFO: [Physopt 32-662] Processed net fastvit_bd_i/worker_0/inst/dwconv_worker_U/dataflow_in_loop_LOOP_DW_CH_1_U0/dwconv_process_channel4_U0/grp_dwconv_process_channel4_Pipeline_LOAD_DW_IN_fu_1093/ram_reg_i_96_n_0.  Did not re-place instance fastvit_bd_i/worker_0/inst/dwconv_worker_U/dataflow_in_loop_LOOP_DW_CH_1_U0/dwconv_process_channel4_U0/grp_dwconv_process_channel4_Pipeline_LOAD_DW_IN_fu_1093/ram_reg_i_96
INFO: [Physopt 32-663] Processed net fastvit_bd_i/worker_0/inst/dwconv_worker_U/dataflow_in_loop_LOOP_DW_CH_1_U0/dwconv_process_channel4_U0/grp_dwconv_process_channel4_Pipeline_LOAD_DW_IN_fu_1093/add_ln221_1_reg_5839_reg[3]_10[2].  Re-placed instance fastvit_bd_i/worker_0/inst/dwconv_worker_U/dataflow_in_loop_LOOP_DW_CH_1_U0/dwconv_process_channel4_U0/grp_dwconv_process_channel4_Pipeline_LOAD_DW_IN_fu_1093/ram_reg_i_9__5
INFO: [Physopt 32-662] Processed net fastvit_bd_i/worker_0/inst/dwconv_worker_U/dataflow_in_loop_LOOP_DW_CH_1_U0/dwconv_process_channel4_U0/grp_dwconv_process_channel4_Pipeline_LOAD_DW_IN_fu_1093/add_ln221_1_reg_5839_reg[3]_12[3].  Did not re-place instance fastvit_bd_i/worker_0/inst/dwconv_worker_U/dataflow_in_loop_LOOP_DW_CH_1_U0/dwconv_process_channel4_U0/grp_dwconv_process_channel4_Pipeline_LOAD_DW_IN_fu_1093/ram_reg_i_7__15
INFO: [Physopt 32-663] Processed net fastvit_bd_i/worker_0/inst/dwconv_gmem3_m_axi_U/store_unit_0/fifo_wreq/full_n_reg_1.  Re-placed instance fastvit_bd_i/worker_0/inst/dwconv_gmem3_m_axi_U/store_unit_0/fifo_wreq/mul_ln205_reg_248_reg_i_1
INFO: [Physopt 32-662] Processed net fastvit_bd_i/worker_0/inst/dwconv_gmem3_m_axi_U/store_unit_0/fifo_wreq/U_fifo_srl/push_0.  Did not re-place instance fastvit_bd_i/worker_0/inst/dwconv_gmem3_m_axi_U/store_unit_0/fifo_wreq/U_fifo_srl/mem_reg[65][0]_srl32_i_1
INFO: [Physopt 32-662] Processed net fastvit_bd_i/worker_0/inst/dwconv_gmem3_m_axi_U/store_unit_0/fifo_wreq/full_n_reg_0.  Did not re-place instance fastvit_bd_i/worker_0/inst/dwconv_gmem3_m_axi_U/store_unit_0/fifo_wreq/full_n_reg
INFO: [Physopt 32-663] Processed net fastvit_bd_i/worker_0/inst/dwconv_gmem3_m_axi_U/store_unit_0/fifo_wreq/raddr113_out.  Re-placed instance fastvit_bd_i/worker_0/inst/dwconv_gmem3_m_axi_U/store_unit_0/fifo_wreq/raddr[6]_i_3__0
INFO: [Physopt 32-662] Processed net fastvit_bd_i/worker_0/inst/dwconv_gmem3_m_axi_U/store_unit_0/fifo_wreq/raddr_reg[4]_rep_n_0.  Did not re-place instance fastvit_bd_i/worker_0/inst/dwconv_gmem3_m_axi_U/store_unit_0/fifo_wreq/raddr_reg[4]_rep
INFO: [Physopt 32-661] Optimized 25 nets.  Re-placed 25 instances.
INFO: [Physopt 32-775] End 1 Pass. Optimized 25 nets or cells. Created 0 new cell, deleted 0 existing cell and moved 25 existing cells
INFO: [Physopt 32-619] Estimated Timing Summary | WNS=-0.591 | TNS=-37.922 |
Netlist sorting complete. Time (s): cpu = 00:00:00 ; elapsed = 00:00:00.011 . Memory (MB): peak = 2644.430 ; gain = 0.000
Phase 4 Single Cell Placement Optimization | Checksum: 1f1ebf072

Time (s): cpu = 00:00:06 ; elapsed = 00:00:06 . Memory (MB): peak = 2644.430 ; gain = 17.906

Phase 5 Multi Cell Placement Optimization
INFO: [Physopt 32-660] Identified 50 candidate nets for placement-based optimization.
INFO: [Physopt 32-662] Processed net fastvit_bd_i/ps_ctrl_ic/xbar/inst/gen_sasd.crossbar_sasd_0/addr_arbiter_inst/m_axi_wvalid[1].  Did not re-place instance fastvit_bd_i/ps_ctrl_ic/xbar/inst/gen_sasd.crossbar_sasd_0/addr_arbiter_inst/m_axi_wvalid[1]_INST_0/O
INFO: [Physopt 32-662] Processed net fastvit_bd_i/worker_0/inst/ctrl_s_axi_U/int_ier[1]_i_2_n_0.  Did not re-place instance fastvit_bd_i/worker_0/inst/ctrl_s_axi_U/int_ier[1]_i_2/O
INFO: [Physopt 32-662] Processed net fastvit_bd_i/worker_0/inst/ctrl_s_axi_U/int_ap_start5_out.  Did not re-place instance fastvit_bd_i/worker_0/inst/ctrl_s_axi_U/int_ap_start_i_3/O
INFO: [Physopt 32-662] Processed net fastvit_bd_i/worker_0/inst/ctrl_s_axi_U/int_ap_start_i_1_n_0.  Did not re-place instance fastvit_bd_i/worker_0/inst/ctrl_s_axi_U/int_ap_start_i_1/O
INFO: [Physopt 32-662] Processed net fastvit_bd_i/worker_0/inst/ctrl_s_axi_U/CHin_w[4].  Did not re-place instance fastvit_bd_i/worker_0/inst/ctrl_s_axi_U/int_CHin_reg[4]/Q
INFO: [Physopt 32-662] Processed net fastvit_bd_i/worker_0/inst/ctrl_s_axi_U/int_CHin_reg[2]_0[2].  Did not re-place instance fastvit_bd_i/worker_0/inst/ctrl_s_axi_U/int_CHin_reg[2]/Q
INFO: [Physopt 32-662] Processed net fastvit_bd_i/worker_0/inst/dwconv_worker_U/dataflow_in_loop_LOOP_DW_CH_1_U0/dwconv_process_channel4_U0/grp_dwconv_process_channel4_Pipeline_LOAD_DW_IN_fu_1093/ram_reg_i_20__2_n_0.  Did not re-place instance fastvit_bd_i/worker_0/inst/dwconv_worker_U/dataflow_in_loop_LOOP_DW_CH_1_U0/dwconv_process_channel4_U0/grp_dwconv_process_channel4_Pipeline_LOAD_DW_IN_fu_1093/ram_reg_i_20__2/O
INFO: [Physopt 32-662] Processed net fastvit_bd_i/worker_0/inst/dwconv_worker_U/dataflow_in_loop_LOOP_DW_CH_1_U0/dwconv_process_channel4_U0/grp_dwconv_process_channel4_Pipeline_LOAD_DW_IN_fu_1093/ram_reg_i_58_n_0.  Did not re-place instance fastvit_bd_i/worker_0/inst/dwconv_worker_U/dataflow_in_loop_LOOP_DW_CH_1_U0/dwconv_process_channel4_U0/grp_dwconv_process_channel4_Pipeline_LOAD_DW_IN_fu_1093/ram_reg_i_58/O
INFO: [Physopt 32-663] Processed net fastvit_bd_i/worker_0/inst/dwconv_worker_U/dataflow_in_loop_LOOP_DW_CH_1_U0/dwconv_process_channel4_U0/grp_dwconv_process_channel4_Pipeline_LOAD_DW_IN_fu_1093/lshr_ln1_reg_5754[0].  Re-placed instance fastvit_bd_i/worker_0/inst/dwconv_worker_U/dataflow_in_loop_LOOP_DW_CH_1_U0/dwconv_process_channel4_U0/grp_dwconv_process_channel4_Pipeline_LOAD_DW_IN_fu_1093/lshr_ln1_reg_5754_reg[0]/Q
INFO: [Physopt 32-662] Processed net fastvit_bd_i/worker_0/inst/dwconv_worker_U/dataflow_in_loop_LOOP_DW_CH_1_U0/dwconv_process_channel4_U0/grp_dwconv_process_channel4_Pipeline_LOAD_DW_IN_fu_1093/ram_reg_i_131_n_0.  Did not re-place instance fastvit_bd_i/worker_0/inst/dwconv_worker_U/dataflow_in_loop_LOOP_DW_CH_1_U0/dwconv_process_channel4_U0/grp_dwconv_process_channel4_Pipeline_LOAD_DW_IN_fu_1093/ram_reg_i_131/O
INFO: [Physopt 32-662] Processed net fastvit_bd_i/worker_0/inst/dwconv_worker_U/dataflow_in_loop_LOOP_DW_CH_1_U0/dwconv_process_channel4_U0/grp_dwconv_process_channel4_Pipeline_LOAD_DW_IN_fu_1093/ram_reg_i_44__1_n_0.  Did not re-place instance fastvit_bd_i/worker_0/inst/dwconv_worker_U/dataflow_in_loop_LOOP_DW_CH_1_U0/dwconv_process_channel4_U0/grp_dwconv_process_channel4_Pipeline_LOAD_DW_IN_fu_1093/ram_reg_i_44__1/O
INFO: [Physopt 32-662] Processed net fastvit_bd_i/worker_0/inst/dwconv_worker_U/dataflow_in_loop_LOOP_DW_CH_1_U0/dwconv_process_channel4_U0/grp_dwconv_process_channel4_Pipeline_LOAD_DW_IN_fu_1093/lshr_ln1_reg_5754[6].  Did not re-place instance fastvit_bd_i/worker_0/inst/dwconv_worker_U/dataflow_in_loop_LOOP_DW_CH_1_U0/dwconv_process_channel4_U0/grp_dwconv_process_channel4_Pipeline_LOAD_DW_IN_fu_1093/lshr_ln1_reg_5754_reg[6]/Q
INFO: [Physopt 32-662] Processed net fastvit_bd_i/worker_0/inst/dwconv_worker_U/dataflow_in_loop_LOOP_DW_CH_1_U0/dwconv_process_channel4_U0/grp_dwconv_process_channel4_Pipeline_LOAD_DW_IN_fu_1093/ram_reg_i_21__3_n_0.  Did not re-place instance fastvit_bd_i/worker_0/inst/dwconv_worker_U/dataflow_in_loop_LOOP_DW_CH_1_U0/dwconv_process_channel4_U0/grp_dwconv_process_channel4_Pipeline_LOAD_DW_IN_fu_1093/ram_reg_i_21__3/O
INFO: [Physopt 32-662] Processed net fastvit_bd_i/worker_0/inst/dwconv_worker_U/dataflow_in_loop_LOOP_DW_CH_1_U0/dwconv_process_channel4_U0/grp_dwconv_process_channel4_Pipeline_LOAD_DW_IN_fu_1093/ram_reg_i_63_n_0.  Did not re-place instance fastvit_bd_i/worker_0/inst/dwconv_worker_U/dataflow_in_loop_LOOP_DW_CH_1_U0/dwconv_process_channel4_U0/grp_dwconv_process_channel4_Pipeline_LOAD_DW_IN_fu_1093/ram_reg_i_63/O
INFO: [Physopt 32-662] Processed net fastvit_bd_i/worker_0/inst/dwconv_worker_U/dataflow_in_loop_LOOP_DW_CH_1_U0/dwconv_process_channel4_U0/grp_dwconv_process_channel4_Pipeline_LOAD_DW_IN_fu_1093/ram_reg_i_34__1_n_0.  Did not re-place instance fastvit_bd_i/worker_0/inst/dwconv_worker_U/dataflow_in_loop_LOOP_DW_CH_1_U0/dwconv_process_channel4_U0/grp_dwconv_process_channel4_Pipeline_LOAD_DW_IN_fu_1093/ram_reg_i_34__1/O
INFO: [Physopt 32-662] Processed net fastvit_bd_i/worker_0/inst/dwconv_worker_U/dataflow_in_loop_LOOP_DW_CH_1_U0/dwconv_process_channel4_U0/grp_dwconv_process_channel4_Pipeline_LOAD_DW_IN_fu_1093/ram_reg_i_96_n_0.  Did not re-place instance fastvit_bd_i/worker_0/inst/dwconv_worker_U/dataflow_in_loop_LOOP_DW_CH_1_U0/dwconv_process_channel4_U0/grp_dwconv_process_channel4_Pipeline_LOAD_DW_IN_fu_1093/ram_reg_i_96/O
INFO: [Physopt 32-661] Optimized 1 net.  Re-placed 3 instances.
INFO: [Physopt 32-775] End 1 Pass. Optimized 1 net or cell. Created 0 new cell, deleted 0 existing cell and moved 3 existing cells
INFO: [Physopt 32-619] Estimated Timing Summary | WNS=-0.591 | TNS=-38.010 |
Netlist sorting complete. Time (s): cpu = 00:00:00 ; elapsed = 00:00:00.010 . Memory (MB): peak = 2644.430 ; gain = 0.000
Phase 5 Multi Cell Placement Optimization | Checksum: 19c53b5c0

Time (s): cpu = 00:00:07 ; elapsed = 00:00:07 . Memory (MB): peak = 2644.430 ; gain = 17.906

Phase 6 Rewire
INFO: [Physopt 32-246] Starting Signal Push optimization...
INFO: [Physopt 32-77] Pass 1. Identified 1 candidate net for rewire optimization.
INFO: [Physopt 32-242] Processed net fastvit_bd_i/worker_0/inst/ctrl_s_axi_U/int_ier[1]_i_2_n_0. Rewired (signal push) fastvit_bd_i/worker_0/inst/ctrl_s_axi_U/s_axi_ctrl_WVALID to 4 loads. Replicated 0 times.
INFO: [Physopt 32-232] Optimized 1 net. Created 0 new instance.
INFO: [Physopt 32-775] End 1 Pass. Optimized 1 net or cell. Created 0 new cell, deleted 0 existing cell and moved 0 existing cell
Netlist sorting complete. Time (s): cpu = 00:00:00 ; elapsed = 00:00:00.012 . Memory (MB): peak = 2644.430 ; gain = 0.000
INFO: [Physopt 32-619] Estimated Timing Summary | WNS=-0.554 | TNS=-39.753 |
Netlist sorting complete. Time (s): cpu = 00:00:00 ; elapsed = 00:00:00.006 . Memory (MB): peak = 2644.430 ; gain = 0.000
Phase 6 Rewire | Checksum: e23ab787

Time (s): cpu = 00:00:07 ; elapsed = 00:00:07 . Memory (MB): peak = 2644.430 ; gain = 17.906

Phase 7 Critical Cell Optimization
INFO: [Physopt 32-46] Identified 1 candidate net for critical-cell optimization.
INFO: [Physopt 32-81] Processed net fastvit_bd_i/ps_ctrl_ic/xbar/inst/gen_sasd.crossbar_sasd_0/addr_arbiter_inst/m_axi_wvalid[1]. Replicated 1 times.
INFO: [Physopt 32-232] Optimized 1 net. Created 1 new instance.
INFO: [Physopt 32-775] End 1 Pass. Optimized 1 net or cell. Created 1 new cell, deleted 0 existing cell and moved 0 existing cell
INFO: [Physopt 32-619] Estimated Timing Summary | WNS=-0.529 | TNS=-39.158 |
Netlist sorting complete. Time (s): cpu = 00:00:00 ; elapsed = 00:00:00.024 . Memory (MB): peak = 2644.430 ; gain = 0.000
Phase 7 Critical Cell Optimization | Checksum: c2f0a723

Time (s): cpu = 00:00:08 ; elapsed = 00:00:07 . Memory (MB): peak = 2644.430 ; gain = 17.906

Phase 8 Fanout Optimization
INFO: [Physopt 32-76] Pass 1. Identified 20 candidate nets for fanout optimization.
INFO: [Physopt 32-572] Net fastvit_bd_i/worker_0/inst/ctrl_s_axi_U/int_CHin[31]_i_1_n_0 was not replicated.
Resolution: phys_opt_design can be forced to replicate a net driver using the option -force_replication_on_nets <list of net objects>.
INFO: [Physopt 32-572] Net fastvit_bd_i/worker_0/inst/ctrl_s_axi_U/int_out_shift[31]_i_1_n_0 was not replicated.
Resolution: phys_opt_design can be forced to replicate a net driver using the option -force_replication_on_nets <list of net objects>.
INFO: [Physopt 32-572] Net fastvit_bd_i/worker_0/inst/ctrl_s_axi_U/int_stride_w[31]_i_1_n_0 was not replicated.
Resolution: phys_opt_design can be forced to replicate a net driver using the option -force_replication_on_nets <list of net objects>.
INFO: [Physopt 32-572] Net fastvit_bd_i/worker_0/inst/ctrl_s_axi_U/int_Win[31]_i_1_n_0 was not replicated.
Resolution: phys_opt_design can be forced to replicate a net driver using the option -force_replication_on_nets <list of net objects>.
INFO: [Physopt 32-572] Net fastvit_bd_i/worker_0/inst/ctrl_s_axi_U/int_CHout[31]_i_1_n_0 was not replicated.
Resolution: phys_opt_design can be forced to replicate a net driver using the option -force_replication_on_nets <list of net objects>.
INFO: [Physopt 32-572] Net fastvit_bd_i/worker_0/inst/ctrl_s_axi_U/int_Kw[31]_i_1_n_0 was not replicated.
Resolution: phys_opt_design can be forced to replicate a net driver using the option -force_replication_on_nets <list of net objects>.
INFO: [Physopt 32-572] Net fastvit_bd_i/worker_0/inst/ctrl_s_axi_U/int_fpg[31]_i_1_n_0 was not replicated.
Resolution: phys_opt_design can be forced to replicate a net driver using the option -force_replication_on_nets <list of net objects>.
INFO: [Physopt 32-572] Net fastvit_bd_i/worker_0/inst/ctrl_s_axi_U/int_stride_h[31]_i_1_n_0 was not replicated.
Resolution: phys_opt_design can be forced to replicate a net driver using the option -force_replication_on_nets <list of net objects>.
INFO: [Physopt 32-572] Net fastvit_bd_i/worker_0/inst/ctrl_s_axi_U/int_op_code[31]_i_1_n_0 was not replicated.
Resolution: phys_opt_design can be forced to replicate a net driver using the option -force_replication_on_nets <list of net objects>.
INFO: [Physopt 32-572] Net fastvit_bd_i/worker_0/inst/ctrl_s_axi_U/int_pad_w[31]_i_1_n_0 was not replicated.
Resolution: phys_opt_design can be forced to replicate a net driver using the option -force_replication_on_nets <list of net objects>.
INFO: [Physopt 32-572] Net fastvit_bd_i/worker_0/inst/ctrl_s_axi_U/int_Hin[31]_i_1_n_0 was not replicated.
Resolution: phys_opt_design can be forced to replicate a net driver using the option -force_replication_on_nets <list of net objects>.
INFO: [Physopt 32-232] Optimized 0 net. Created 0 new instance.
INFO: [Physopt 32-775] End 1 Pass. Optimized 0 net or cell. Created 0 new cell, deleted 0 existing cell and moved 0 existing cell
Netlist sorting complete. Time (s): cpu = 00:00:00 ; elapsed = 00:00:00.012 . Memory (MB): peak = 2644.430 ; gain = 0.000
Phase 8 Fanout Optimization | Checksum: 11e32e374

Time (s): cpu = 00:00:09 ; elapsed = 00:00:09 . Memory (MB): peak = 2644.430 ; gain = 17.906

Phase 9 Single Cell Placement Optimization
INFO: [Physopt 32-660] Identified 250 candidate nets for placement-based optimization.
INFO: [Physopt 32-663] Processed net fastvit_bd_i/ps_ctrl_ic/xbar/inst/gen_sasd.crossbar_sasd_0/addr_arbiter_inst/m_axi_wvalid[1]_repN.  Re-placed instance fastvit_bd_i/ps_ctrl_ic/xbar/inst/gen_sasd.crossbar_sasd_0/addr_arbiter_inst/m_axi_wvalid[1]_INST_0_replica
INFO: [Physopt 32-662] Processed net fastvit_bd_i/worker_0/inst/ctrl_s_axi_U/int_ap_start5_out.  Did not re-place instance fastvit_bd_i/worker_0/inst/ctrl_s_axi_U/int_ap_start_i_3_rewire
INFO: [Physopt 32-662] Processed net fastvit_bd_i/worker_0/inst/ctrl_s_axi_U/int_ap_start_i_1_n_0.  Did not re-place instance fastvit_bd_i/worker_0/inst/ctrl_s_axi_U/int_ap_start_i_1
INFO: [Physopt 32-662] Processed net fastvit_bd_i/worker_0/inst/ctrl_s_axi_U/ap_start_lite.  Did not re-place instance fastvit_bd_i/worker_0/inst/ctrl_s_axi_U/int_ap_start_reg
INFO: [Physopt 32-662] Processed net fastvit_bd_i/worker_0/inst/ctrl_s_axi_U/int_CHin[31]_i_1_n_0.  Did not re-place instance fastvit_bd_i/worker_0/inst/ctrl_s_axi_U/int_CHin[31]_i_1
INFO: [Physopt 32-662] Processed net fastvit_bd_i/worker_0/inst/ctrl_s_axi_U/int_op_code[31]_i_3_n_0.  Did not re-place instance fastvit_bd_i/worker_0/inst/ctrl_s_axi_U/int_op_code[31]_i_3
INFO: [Physopt 32-663] Processed net fastvit_bd_i/worker_0/inst/ctrl_s_axi_U/int_CHin_reg[2]_0[0].  Re-placed instance fastvit_bd_i/worker_0/inst/ctrl_s_axi_U/int_CHin_reg[0]
INFO: [Physopt 32-663] Processed net fastvit_bd_i/ps_ctrl_ic/xbar/inst/gen_sasd.crossbar_sasd_0/addr_arbiter_inst/m_axi_wvalid[1].  Re-placed instance fastvit_bd_i/ps_ctrl_ic/xbar/inst/gen_sasd.crossbar_sasd_0/addr_arbiter_inst/m_axi_wvalid[1]_INST_0
INFO: [Physopt 32-662] Processed net fastvit_bd_i/worker_0/inst/ctrl_s_axi_U/CHin_w[4].  Did not re-place instance fastvit_bd_i/worker_0/inst/ctrl_s_axi_U/int_CHin_reg[4]
INFO: [Physopt 32-662] Processed net fastvit_bd_i/worker_0/inst/ctrl_s_axi_U/int_CHin_reg[2]_0[2].  Did not re-place instance fastvit_bd_i/worker_0/inst/ctrl_s_axi_U/int_CHin_reg[2]
INFO: [Physopt 32-662] Processed net fastvit_bd_i/worker_0/inst/ctrl_s_axi_U/int_out_shift[31]_i_1_n_0.  Did not re-place instance fastvit_bd_i/worker_0/inst/ctrl_s_axi_U/int_out_shift[31]_i_1
INFO: [Physopt 32-663] Processed net fastvit_bd_i/worker_0/inst/ctrl_s_axi_U/int_out_shift_reg[31]_0[9].  Re-placed instance fastvit_bd_i/worker_0/inst/ctrl_s_axi_U/int_out_shift_reg[9]
INFO: [Physopt 32-663] Processed net fastvit_bd_i/worker_0/inst/ctrl_s_axi_U/int_out_shift_reg[31]_0[10].  Re-placed instance fastvit_bd_i/worker_0/inst/ctrl_s_axi_U/int_out_shift_reg[10]
INFO: [Physopt 32-663] Processed net fastvit_bd_i/worker_0/inst/ctrl_s_axi_U/int_out_shift_reg[31]_0[11].  Re-placed instance fastvit_bd_i/worker_0/inst/ctrl_s_axi_U/int_out_shift_reg[11]
INFO: [Physopt 32-663] Processed net fastvit_bd_i/worker_0/inst/ctrl_s_axi_U/int_out_shift_reg[31]_0[28].  Re-placed instance fastvit_bd_i/worker_0/inst/ctrl_s_axi_U/int_out_shift_reg[28]
INFO: [Physopt 32-663] Processed net fastvit_bd_i/worker_0/inst/ctrl_s_axi_U/int_out_shift_reg[31]_0[29].  Re-placed instance fastvit_bd_i/worker_0/inst/ctrl_s_axi_U/int_out_shift_reg[29]
INFO: [Physopt 32-663] Processed net fastvit_bd_i/worker_0/inst/ctrl_s_axi_U/int_out_shift_reg[31]_0[30].  Re-placed instance fastvit_bd_i/worker_0/inst/ctrl_s_axi_U/int_out_shift_reg[30]
INFO: [Physopt 32-662] Processed net fastvit_bd_i/worker_0/inst/ctrl_s_axi_U/int_out_shift_reg[31]_0[6].  Did not re-place instance fastvit_bd_i/worker_0/inst/ctrl_s_axi_U/int_out_shift_reg[6]
INFO: [Physopt 32-662] Processed net fastvit_bd_i/worker_0/inst/ctrl_s_axi_U/int_out_shift_reg[31]_0[8].  Did not re-place instance fastvit_bd_i/worker_0/inst/ctrl_s_axi_U/int_out_shift_reg[8]
INFO: [Physopt 32-662] Processed net fastvit_bd_i/worker_0/inst/ctrl_s_axi_U/int_out_shift_reg[31]_0[2].  Did not re-place instance fastvit_bd_i/worker_0/inst/ctrl_s_axi_U/int_out_shift_reg[2]
INFO: [Physopt 32-662] Processed net fastvit_bd_i/worker_0/inst/ctrl_s_axi_U/int_out_shift_reg[31]_0[3].  Did not re-place instance fastvit_bd_i/worker_0/inst/ctrl_s_axi_U/int_out_shift_reg[3]
INFO: [Physopt 32-662] Processed net fastvit_bd_i/worker_0/inst/ctrl_s_axi_U/int_out_shift_reg[31]_0[16].  Did not re-place instance fastvit_bd_i/worker_0/inst/ctrl_s_axi_U/int_out_shift_reg[16]
INFO: [Physopt 32-662] Processed net fastvit_bd_i/worker_0/inst/ctrl_s_axi_U/int_out_shift_reg[31]_0[17].  Did not re-place instance fastvit_bd_i/worker_0/inst/ctrl_s_axi_U/int_out_shift_reg[17]
INFO: [Physopt 32-662] Processed net fastvit_bd_i/worker_0/inst/ctrl_s_axi_U/int_out_shift_reg[31]_0[20].  Did not re-place instance fastvit_bd_i/worker_0/inst/ctrl_s_axi_U/int_out_shift_reg[20]
INFO: [Physopt 32-662] Processed net fastvit_bd_i/worker_0/inst/ctrl_s_axi_U/int_out_shift_reg[31]_0[21].  Did not re-place instance fastvit_bd_i/worker_0/inst/ctrl_s_axi_U/int_out_shift_reg[21]
INFO: [Physopt 32-662] Processed net fastvit_bd_i/worker_0/inst/ctrl_s_axi_U/int_out_shift_reg[31]_0[24].  Did not re-place instance fastvit_bd_i/worker_0/inst/ctrl_s_axi_U/int_out_shift_reg[24]
INFO: [Physopt 32-662] Processed net fastvit_bd_i/worker_0/inst/ctrl_s_axi_U/int_out_shift_reg[31]_0[25].  Did not re-place instance fastvit_bd_i/worker_0/inst/ctrl_s_axi_U/int_out_shift_reg[25]
INFO: [Physopt 32-662] Processed net fastvit_bd_i/worker_0/inst/ctrl_s_axi_U/int_out_shift_reg[31]_0[4].  Did not re-place instance fastvit_bd_i/worker_0/inst/ctrl_s_axi_U/int_out_shift_reg[4]
INFO: [Physopt 32-662] Processed net fastvit_bd_i/worker_0/inst/ctrl_s_axi_U/int_out_shift_reg[31]_0[5].  Did not re-place instance fastvit_bd_i/worker_0/inst/ctrl_s_axi_U/int_out_shift_reg[5]
INFO: [Physopt 32-662] Processed net fastvit_bd_i/worker_0/inst/ctrl_s_axi_U/int_out_shift_reg[31]_0[14].  Did not re-place instance fastvit_bd_i/worker_0/inst/ctrl_s_axi_U/int_out_shift_reg[14]
INFO: [Physopt 32-662] Processed net fastvit_bd_i/worker_0/inst/ctrl_s_axi_U/int_out_shift_reg[31]_0[15].  Did not re-place instance fastvit_bd_i/worker_0/inst/ctrl_s_axi_U/int_out_shift_reg[15]
INFO: [Physopt 32-662] Processed net fastvit_bd_i/worker_0/inst/ctrl_s_axi_U/int_out_shift_reg[31]_0[22].  Did not re-place instance fastvit_bd_i/worker_0/inst/ctrl_s_axi_U/int_out_shift_reg[22]
INFO: [Physopt 32-662] Processed net fastvit_bd_i/worker_0/inst/ctrl_s_axi_U/int_out_shift_reg[31]_0[23].  Did not re-place instance fastvit_bd_i/worker_0/inst/ctrl_s_axi_U/int_out_shift_reg[23]
INFO: [Physopt 32-662] Processed net fastvit_bd_i/worker_0/inst/ctrl_s_axi_U/int_out_shift_reg[31]_0[26].  Did not re-place instance fastvit_bd_i/worker_0/inst/ctrl_s_axi_U/int_out_shift_reg[26]
INFO: [Physopt 32-662] Processed net fastvit_bd_i/worker_0/inst/ctrl_s_axi_U/int_out_shift_reg[31]_0[27].  Did not re-place instance fastvit_bd_i/worker_0/inst/ctrl_s_axi_U/int_out_shift_reg[27]
INFO: [Physopt 32-662] Processed net fastvit_bd_i/worker_0/inst/dwconv_worker_U/dataflow_in_loop_LOOP_DW_CH_1_U0/dwconv_process_channel4_U0/grp_dwconv_process_channel4_Pipeline_LOAD_DW_IN_fu_1093/ap_enable_reg_pp0_iter2.  Did not re-place instance fastvit_bd_i/worker_0/inst/dwconv_worker_U/dataflow_in_loop_LOOP_DW_CH_1_U0/dwconv_process_channel4_U0/grp_dwconv_process_channel4_Pipeline_LOAD_DW_IN_fu_1093/ap_enable_reg_pp0_iter2_reg
INFO: [Physopt 32-662] Processed net fastvit_bd_i/worker_0/inst/dwconv_worker_U/dataflow_in_loop_LOOP_DW_CH_1_U0/dwconv_process_channel4_U0/grp_dwconv_process_channel4_Pipeline_LOAD_DW_IN_fu_1093/ram_reg_i_20__2_n_0.  Did not re-place instance fastvit_bd_i/worker_0/inst/dwconv_worker_U/dataflow_in_loop_LOOP_DW_CH_1_U0/dwconv_process_channel4_U0/grp_dwconv_process_channel4_Pipeline_LOAD_DW_IN_fu_1093/ram_reg_i_20__2
INFO: [Physopt 32-662] Processed net fastvit_bd_i/worker_0/inst/dwconv_worker_U/dataflow_in_loop_LOOP_DW_CH_1_U0/dwconv_process_channel4_U0/grp_dwconv_process_channel4_Pipeline_LOAD_DW_IN_fu_1093/ram_reg_i_58_n_0.  Did not re-place instance fastvit_bd_i/worker_0/inst/dwconv_worker_U/dataflow_in_loop_LOOP_DW_CH_1_U0/dwconv_process_channel4_U0/grp_dwconv_process_channel4_Pipeline_LOAD_DW_IN_fu_1093/ram_reg_i_58
INFO: [Physopt 32-662] Processed net fastvit_bd_i/worker_0/inst/dwconv_worker_U/dataflow_in_loop_LOOP_DW_CH_1_U0/dwconv_process_channel4_U0/grp_dwconv_process_channel4_Pipeline_LOAD_DW_IN_fu_1093/lshr_ln1_reg_5754_reg[7]_1[6].  Did not re-place instance fastvit_bd_i/worker_0/inst/dwconv_worker_U/dataflow_in_loop_LOOP_DW_CH_1_U0/dwconv_process_channel4_U0/grp_dwconv_process_channel4_Pipeline_LOAD_DW_IN_fu_1093/ram_reg_i_4__8
INFO: [Physopt 32-662] Processed net fastvit_bd_i/worker_0/inst/ctrl_s_axi_U/int_stride_w[31]_i_1_n_0.  Did not re-place instance fastvit_bd_i/worker_0/inst/ctrl_s_axi_U/int_stride_w[31]_i_1
INFO: [Physopt 32-663] Processed net fastvit_bd_i/worker_0/inst/ctrl_s_axi_U/Q[12].  Re-placed instance fastvit_bd_i/worker_0/inst/ctrl_s_axi_U/int_stride_w_reg[12]
INFO: [Physopt 32-663] Processed net fastvit_bd_i/worker_0/inst/ctrl_s_axi_U/Q[13].  Re-placed instance fastvit_bd_i/worker_0/inst/ctrl_s_axi_U/int_stride_w_reg[13]
INFO: [Physopt 32-663] Processed net fastvit_bd_i/worker_0/inst/ctrl_s_axi_U/Q[16].  Re-placed instance fastvit_bd_i/worker_0/inst/ctrl_s_axi_U/int_stride_w_reg[16]
INFO: [Physopt 32-663] Processed net fastvit_bd_i/worker_0/inst/ctrl_s_axi_U/Q[17].  Re-placed instance fastvit_bd_i/worker_0/inst/ctrl_s_axi_U/int_stride_w_reg[17]
INFO: [Physopt 32-663] Processed net fastvit_bd_i/worker_0/inst/ctrl_s_axi_U/Q[24].  Re-placed instance fastvit_bd_i/worker_0/inst/ctrl_s_axi_U/int_stride_w_reg[24]
INFO: [Physopt 32-663] Processed net fastvit_bd_i/worker_0/inst/ctrl_s_axi_U/Q[25].  Re-placed instance fastvit_bd_i/worker_0/inst/ctrl_s_axi_U/int_stride_w_reg[25]
INFO: [Physopt 32-663] Processed net fastvit_bd_i/worker_0/inst/ctrl_s_axi_U/Q[28].  Re-placed instance fastvit_bd_i/worker_0/inst/ctrl_s_axi_U/int_stride_w_reg[28]
INFO: [Physopt 32-663] Processed net fastvit_bd_i/worker_0/inst/ctrl_s_axi_U/Q[29].  Re-placed instance fastvit_bd_i/worker_0/inst/ctrl_s_axi_U/int_stride_w_reg[29]
INFO: [Physopt 32-662] Processed net fastvit_bd_i/worker_0/inst/dwconv_worker_U/dataflow_in_loop_LOOP_DW_CH_1_U0/dwconv_process_channel4_U0/grp_dwconv_process_channel4_Pipeline_LOAD_DW_IN_fu_1093/lshr_ln1_reg_5754[6].  Did not re-place instance fastvit_bd_i/worker_0/inst/dwconv_worker_U/dataflow_in_loop_LOOP_DW_CH_1_U0/dwconv_process_channel4_U0/grp_dwconv_process_channel4_Pipeline_LOAD_DW_IN_fu_1093/lshr_ln1_reg_5754_reg[6]
INFO: [Physopt 32-662] Processed net fastvit_bd_i/worker_0/inst/dwconv_worker_U/dataflow_in_loop_LOOP_DW_CH_1_U0/dwconv_process_channel4_U0/grp_dwconv_process_channel4_Pipeline_LOAD_DW_IN_fu_1093/ram_reg_i_21__3_n_0.  Did not re-place instance fastvit_bd_i/worker_0/inst/dwconv_worker_U/dataflow_in_loop_LOOP_DW_CH_1_U0/dwconv_process_channel4_U0/grp_dwconv_process_channel4_Pipeline_LOAD_DW_IN_fu_1093/ram_reg_i_21__3
INFO: [Physopt 32-662] Processed net fastvit_bd_i/worker_0/inst/dwconv_worker_U/dataflow_in_loop_LOOP_DW_CH_1_U0/dwconv_process_channel4_U0/grp_dwconv_process_channel4_Pipeline_LOAD_DW_IN_fu_1093/ram_reg_i_63_n_0.  Did not re-place instance fastvit_bd_i/worker_0/inst/dwconv_worker_U/dataflow_in_loop_LOOP_DW_CH_1_U0/dwconv_process_channel4_U0/grp_dwconv_process_channel4_Pipeline_LOAD_DW_IN_fu_1093/ram_reg_i_63
INFO: [Physopt 32-662] Processed net fastvit_bd_i/worker_0/inst/dwconv_worker_U/dataflow_in_loop_LOOP_DW_CH_1_U0/dwconv_process_channel4_U0/grp_dwconv_process_channel4_Pipeline_LOAD_DW_IN_fu_1093/add_ln221_1_reg_5839_reg[3]_1[6].  Did not re-place instance fastvit_bd_i/worker_0/inst/dwconv_worker_U/dataflow_in_loop_LOOP_DW_CH_1_U0/dwconv_process_channel4_U0/grp_dwconv_process_channel4_Pipeline_LOAD_DW_IN_fu_1093/ram_reg_i_4__2
INFO: [Physopt 32-662] Processed net fastvit_bd_i/worker_0/inst/ctrl_s_axi_U/int_Win[31]_i_1_n_0.  Did not re-place instance fastvit_bd_i/worker_0/inst/ctrl_s_axi_U/int_Win[31]_i_1
INFO: [Physopt 32-662] Processed net fastvit_bd_i/worker_0/inst/ctrl_s_axi_U/int_CHout[31]_i_1_n_0.  Did not re-place instance fastvit_bd_i/worker_0/inst/ctrl_s_axi_U/int_CHout[31]_i_1
INFO: [Physopt 32-663] Processed net fastvit_bd_i/worker_0/inst/ctrl_s_axi_U/int_Win_reg[31]_0[4].  Re-placed instance fastvit_bd_i/worker_0/inst/ctrl_s_axi_U/int_Win_reg[4]
INFO: [Physopt 32-663] Processed net fastvit_bd_i/worker_0/inst/ctrl_s_axi_U/int_Win_reg[31]_0[5].  Re-placed instance fastvit_bd_i/worker_0/inst/ctrl_s_axi_U/int_Win_reg[5]
INFO: [Physopt 32-663] Processed net fastvit_bd_i/worker_0/inst/ctrl_s_axi_U/int_Win_reg[31]_0[8].  Re-placed instance fastvit_bd_i/worker_0/inst/ctrl_s_axi_U/int_Win_reg[8]
INFO: [Physopt 32-663] Processed net fastvit_bd_i/worker_0/inst/ctrl_s_axi_U/int_Win_reg[31]_0[9].  Re-placed instance fastvit_bd_i/worker_0/inst/ctrl_s_axi_U/int_Win_reg[9]
INFO: [Physopt 32-663] Processed net fastvit_bd_i/worker_0/inst/ctrl_s_axi_U/int_CHout_reg_n_0_[26].  Re-placed instance fastvit_bd_i/worker_0/inst/ctrl_s_axi_U/int_CHout_reg[26]
INFO: [Physopt 32-663] Processed net fastvit_bd_i/worker_0/inst/ctrl_s_axi_U/int_CHout_reg_n_0_[27].  Re-placed instance fastvit_bd_i/worker_0/inst/ctrl_s_axi_U/int_CHout_reg[27]
INFO: [Physopt 32-662] Processed net fastvit_bd_i/worker_0/inst/dwconv_worker_U/dataflow_in_loop_LOOP_DW_CH_1_U0/dwconv_process_channel4_U0/grp_dwconv_process_channel4_Pipeline_LOAD_DW_IN_fu_1093/ram_reg_i_34__1_n_0.  Did not re-place instance fastvit_bd_i/worker_0/inst/dwconv_worker_U/dataflow_in_loop_LOOP_DW_CH_1_U0/dwconv_process_channel4_U0/grp_dwconv_process_channel4_Pipeline_LOAD_DW_IN_fu_1093/ram_reg_i_34__1
INFO: [Physopt 32-662] Processed net fastvit_bd_i/worker_0/inst/dwconv_worker_U/dataflow_in_loop_LOOP_DW_CH_1_U0/dwconv_process_channel4_U0/grp_dwconv_process_channel4_Pipeline_LOAD_DW_IN_fu_1093/ram_reg_i_96_n_0.  Did not re-place instance fastvit_bd_i/worker_0/inst/dwconv_worker_U/dataflow_in_loop_LOOP_DW_CH_1_U0/dwconv_process_channel4_U0/grp_dwconv_process_channel4_Pipeline_LOAD_DW_IN_fu_1093/ram_reg_i_96
INFO: [Physopt 32-662] Processed net fastvit_bd_i/worker_0/inst/dwconv_worker_U/dataflow_in_loop_LOOP_DW_CH_1_U0/dwconv_process_channel4_U0/grp_dwconv_process_channel4_Pipeline_LOAD_DW_IN_fu_1093/add_ln221_1_reg_5839_reg[3]_12[3].  Did not re-place instance fastvit_bd_i/worker_0/inst/dwconv_worker_U/dataflow_in_loop_LOOP_DW_CH_1_U0/dwconv_process_channel4_U0/grp_dwconv_process_channel4_Pipeline_LOAD_DW_IN_fu_1093/ram_reg_i_7__15
INFO: [Physopt 32-663] Processed net fastvit_bd_i/worker_0/inst/ctrl_s_axi_U/int_CHout_reg_n_0_[6].  Re-placed instance fastvit_bd_i/worker_0/inst/ctrl_s_axi_U/int_CHout_reg[6]
INFO: [Physopt 32-663] Processed net fastvit_bd_i/worker_0/inst/ctrl_s_axi_U/int_CHout_reg_n_0_[7].  Re-placed instance fastvit_bd_i/worker_0/inst/ctrl_s_axi_U/int_CHout_reg[7]
INFO: [Physopt 32-662] Processed net fastvit_bd_i/worker_0/inst/dwconv_worker_U/dataflow_in_loop_LOOP_DW_CH_1_U0/dwconv_process_channel4_U0/grp_dwconv_process_channel4_Pipeline_LOAD_DW_IN_fu_1093/lshr_ln1_reg_5754[1].  Did not re-place instance fastvit_bd_i/worker_0/inst/dwconv_worker_U/dataflow_in_loop_LOOP_DW_CH_1_U0/dwconv_process_channel4_U0/grp_dwconv_process_channel4_Pipeline_LOAD_DW_IN_fu_1093/lshr_ln1_reg_5754_reg[1]
INFO: [Physopt 32-662] Processed net fastvit_bd_i/worker_0/inst/dwconv_worker_U/dataflow_in_loop_LOOP_DW_CH_1_U0/dwconv_process_channel4_U0/grp_dwconv_process_channel4_Pipeline_LOAD_DW_IN_fu_1093/add_ln221_1_reg_5839_pp0_iter2_reg_reg[3]_43.  Did not re-place instance fastvit_bd_i/worker_0/inst/dwconv_worker_U/dataflow_in_loop_LOOP_DW_CH_1_U0/dwconv_process_channel4_U0/grp_dwconv_process_channel4_Pipeline_LOAD_DW_IN_fu_1093/p_ZL9dw_in_buf_0_2[0]_i_1
INFO: [Physopt 32-662] Processed net fastvit_bd_i/worker_0/inst/dwconv_worker_U/dataflow_in_loop_LOOP_DW_CH_1_U0/dwconv_process_channel4_U0/grp_dwconv_process_channel4_Pipeline_LOAD_DW_IN_fu_1093/ram_reg_i_119_n_0.  Did not re-place instance fastvit_bd_i/worker_0/inst/dwconv_worker_U/dataflow_in_loop_LOOP_DW_CH_1_U0/dwconv_process_channel4_U0/grp_dwconv_process_channel4_Pipeline_LOAD_DW_IN_fu_1093/ram_reg_i_119
INFO: [Physopt 32-662] Processed net fastvit_bd_i/worker_0/inst/dwconv_worker_U/dataflow_in_loop_LOOP_DW_CH_1_U0/dwconv_process_channel4_U0/grp_dwconv_process_channel4_Pipeline_LOAD_DW_IN_fu_1093/ram_reg_i_40__1_n_0.  Did not re-place instance fastvit_bd_i/worker_0/inst/dwconv_worker_U/dataflow_in_loop_LOOP_DW_CH_1_U0/dwconv_process_channel4_U0/grp_dwconv_process_channel4_Pipeline_LOAD_DW_IN_fu_1093/ram_reg_i_40__1
INFO: [Physopt 32-663] Processed net fastvit_bd_i/worker_0/inst/dwconv_worker_U/dataflow_in_loop_LOOP_DW_CH_1_U0/dwconv_process_channel4_U0/grp_dwconv_process_channel4_Pipeline_LOAD_DW_IN_fu_1093/p_ZL9dw_in_buf_0_2[0]_i_3_n_0.  Re-placed instance fastvit_bd_i/worker_0/inst/dwconv_worker_U/dataflow_in_loop_LOOP_DW_CH_1_U0/dwconv_process_channel4_U0/grp_dwconv_process_channel4_Pipeline_LOAD_DW_IN_fu_1093/p_ZL9dw_in_buf_0_2[0]_i_3
INFO: [Physopt 32-662] Processed net fastvit_bd_i/worker_0/inst/dwconv_worker_U/dataflow_in_loop_LOOP_DW_CH_1_U0/dwconv_process_channel4_U0/grp_dwconv_process_channel4_Pipeline_LOAD_DW_IN_fu_1093/add_ln221_1_reg_5839_reg[3]_1[1].  Did not re-place instance fastvit_bd_i/worker_0/inst/dwconv_worker_U/dataflow_in_loop_LOOP_DW_CH_1_U0/dwconv_process_channel4_U0/grp_dwconv_process_channel4_Pipeline_LOAD_DW_IN_fu_1093/ram_reg_i_9__2
INFO: [Physopt 32-663] Processed net fastvit_bd_i/worker_0/inst/dwconv_worker_U/dataflow_in_loop_LOOP_DW_CH_1_U0/dwconv_process_channel4_U0/p_ZL9dw_in_buf_0_2[0].  Re-placed instance fastvit_bd_i/worker_0/inst/dwconv_worker_U/dataflow_in_loop_LOOP_DW_CH_1_U0/dwconv_process_channel4_U0/p_ZL9dw_in_buf_0_2_reg[0]
INFO: [Physopt 32-662] Processed net fastvit_bd_i/sc_main/inst/s03_entry_pipeline/s03_mmu/inst/aw_sreg/gen_endpoint.w_trigger_decerr.  Did not re-place instance fastvit_bd_i/sc_main/inst/s03_entry_pipeline/s03_mmu/inst/aw_sreg/i_0_LOPT_REMAP
INFO: [Physopt 32-663] Processed net fastvit_bd_i/sc_main/inst/s03_entry_pipeline/s03_mmu/inst/w_sreg/E[0].  Re-placed instance fastvit_bd_i/sc_main/inst/s03_entry_pipeline/s03_mmu/inst/w_sreg/gen_endpoint.w_cnt[4]_i_1
INFO: [Physopt 32-662] Processed net fastvit_bd_i/sc_main/inst/s03_entry_pipeline/s03_mmu/inst/aw_sreg/gen_endpoint.w_push_done5_out.  Did not re-place instance fastvit_bd_i/sc_main/inst/s03_entry_pipeline/s03_mmu/inst/aw_sreg/gen_endpoint.w_enable_i_2
INFO: [Physopt 32-663] Processed net fastvit_bd_i/sc_main/inst/s03_entry_pipeline/s03_mmu/inst/aw_sreg/i_2/O_n.  Re-placed instance fastvit_bd_i/sc_main/inst/s03_entry_pipeline/s03_mmu/inst/aw_sreg/i_2_LOPT_REMAP
INFO: [Physopt 32-662] Processed net fastvit_bd_i/sc_main/inst/s03_entry_pipeline/s03_mmu/inst/aw_sreg/i_4/O_n.  Did not re-place instance fastvit_bd_i/sc_main/inst/s03_entry_pipeline/s03_mmu/inst/aw_sreg/i_4_LOPT_REMAP
INFO: [Physopt 32-663] Processed net fastvit_bd_i/sc_main/inst/s03_entry_pipeline/s03_mmu/inst/aw_sreg/s_awvector_d[1095].  Re-placed instance fastvit_bd_i/sc_main/inst/s03_entry_pipeline/s03_mmu/inst/aw_sreg/m_vector_i_reg[1095]
INFO: [Physopt 32-662] Processed net fastvit_bd_i/sc_main/inst/s03_entry_pipeline/s03_mmu/inst/gen_endpoint.w_cnt_reg[0].  Did not re-place instance fastvit_bd_i/sc_main/inst/s03_entry_pipeline/s03_mmu/inst/gen_endpoint.w_cnt_reg[0]
INFO: [Physopt 32-662] Processed net fastvit_bd_i/sc_main/inst/s03_entry_pipeline/s03_mmu/inst/gen_endpoint.w_cnt_reg[1].  Did not re-place instance fastvit_bd_i/sc_main/inst/s03_entry_pipeline/s03_mmu/inst/gen_endpoint.w_cnt_reg[1]
INFO: [Physopt 32-662] Processed net fastvit_bd_i/sc_main/inst/s03_entry_pipeline/s03_mmu/inst/gen_endpoint.w_cnt_reg[2].  Did not re-place instance fastvit_bd_i/sc_main/inst/s03_entry_pipeline/s03_mmu/inst/gen_endpoint.w_cnt_reg[2]
INFO: [Physopt 32-662] Processed net fastvit_bd_i/sc_main/inst/s03_entry_pipeline/s03_mmu/inst/gen_endpoint.w_cnt_reg[3].  Did not re-place instance fastvit_bd_i/sc_main/inst/s03_entry_pipeline/s03_mmu/inst/gen_endpoint.w_cnt_reg[3]
INFO: [Physopt 32-662] Processed net fastvit_bd_i/sc_main/inst/s03_entry_pipeline/s03_mmu/inst/gen_endpoint.w_cnt_reg[4].  Did not re-place instance fastvit_bd_i/sc_main/inst/s03_entry_pipeline/s03_mmu/inst/gen_endpoint.w_cnt_reg[4]
INFO: [Physopt 32-662] Processed net fastvit_bd_i/worker_0/inst/dwconv_worker_U/dataflow_in_loop_LOOP_DW_CH_1_U0/dwconv_process_channel4_U0/grp_dwconv_process_channel4_Pipeline_LOAD_DW_IN_fu_1093/ram_reg_i_18__2_n_0.  Did not re-place instance fastvit_bd_i/worker_0/inst/dwconv_worker_U/dataflow_in_loop_LOOP_DW_CH_1_U0/dwconv_process_channel4_U0/grp_dwconv_process_channel4_Pipeline_LOAD_DW_IN_fu_1093/ram_reg_i_18__2
INFO: [Physopt 32-663] Processed net fastvit_bd_i/worker_0/inst/dwconv_worker_U/dataflow_in_loop_LOOP_DW_CH_1_U0/dwconv_process_channel4_U0/grp_dwconv_process_channel4_Pipeline_LOAD_DW_IN_fu_1093/ram_reg_i_49_n_0.  Re-placed instance fastvit_bd_i/worker_0/inst/dwconv_worker_U/dataflow_in_loop_LOOP_DW_CH_1_U0/dwconv_process_channel4_U0/grp_dwconv_process_channel4_Pipeline_LOAD_DW_IN_fu_1093/ram_reg_i_49
INFO: [Physopt 32-662] Processed net fastvit_bd_i/worker_0/inst/dwconv_worker_U/dataflow_in_loop_LOOP_DW_CH_1_U0/dwconv_process_channel4_U0/grp_dwconv_process_channel4_Pipeline_LOAD_DW_IN_fu_1093/lshr_ln1_reg_5754_reg[7]_0[7].  Did not re-place instance fastvit_bd_i/worker_0/inst/dwconv_worker_U/dataflow_in_loop_LOOP_DW_CH_1_U0/dwconv_process_channel4_U0/grp_dwconv_process_channel4_Pipeline_LOAD_DW_IN_fu_1093/ram_reg_i_3__16
INFO: [Physopt 32-662] Processed net fastvit_bd_i/worker_0/inst/ctrl_s_axi_U/int_Kw[31]_i_1_n_0.  Did not re-place instance fastvit_bd_i/worker_0/inst/ctrl_s_axi_U/int_Kw[31]_i_1
INFO: [Physopt 32-662] Processed net fastvit_bd_i/worker_0/inst/ctrl_s_axi_U/int_fpg[31]_i_1_n_0.  Did not re-place instance fastvit_bd_i/worker_0/inst/ctrl_s_axi_U/int_fpg[31]_i_1
INFO: [Physopt 32-662] Processed net fastvit_bd_i/worker_0/inst/ctrl_s_axi_U/int_stride_h[31]_i_1_n_0.  Did not re-place instance fastvit_bd_i/worker_0/inst/ctrl_s_axi_U/int_stride_h[31]_i_1
INFO: [Physopt 32-663] Processed net fastvit_bd_i/worker_0/inst/ctrl_s_axi_U/int_stride_h_reg[31]_0[29].  Re-placed instance fastvit_bd_i/worker_0/inst/ctrl_s_axi_U/int_stride_h_reg[29]
INFO: [Physopt 32-663] Processed net fastvit_bd_i/worker_0/inst/ctrl_s_axi_U/int_Kw_reg[31]_0[10].  Re-placed instance fastvit_bd_i/worker_0/inst/ctrl_s_axi_U/int_Kw_reg[10]
INFO: [Physopt 32-663] Processed net fastvit_bd_i/worker_0/inst/ctrl_s_axi_U/int_Kw_reg[31]_0[11].  Re-placed instance fastvit_bd_i/worker_0/inst/ctrl_s_axi_U/int_Kw_reg[11]
INFO: [Physopt 32-663] Processed net fastvit_bd_i/worker_0/inst/ctrl_s_axi_U/int_fpg_reg[31]_0[16].  Re-placed instance fastvit_bd_i/worker_0/inst/ctrl_s_axi_U/int_fpg_reg[16]
INFO: [Physopt 32-663] Processed net fastvit_bd_i/worker_0/inst/ctrl_s_axi_U/int_fpg_reg[31]_0[17].  Re-placed instance fastvit_bd_i/worker_0/inst/ctrl_s_axi_U/int_fpg_reg[17]
INFO: [Physopt 32-663] Processed net fastvit_bd_i/worker_0/inst/ctrl_s_axi_U/int_fpg_reg[31]_0[26].  Re-placed instance fastvit_bd_i/worker_0/inst/ctrl_s_axi_U/int_fpg_reg[26]
INFO: [Physopt 32-663] Processed net fastvit_bd_i/worker_0/inst/ctrl_s_axi_U/int_fpg_reg[31]_0[27].  Re-placed instance fastvit_bd_i/worker_0/inst/ctrl_s_axi_U/int_fpg_reg[27]
INFO: [Physopt 32-663] Processed net fastvit_bd_i/worker_0/inst/ctrl_s_axi_U/int_fpg_reg[31]_0[28].  Re-placed instance fastvit_bd_i/worker_0/inst/ctrl_s_axi_U/int_fpg_reg[28]
INFO: [Physopt 32-663] Processed net fastvit_bd_i/worker_0/inst/ctrl_s_axi_U/int_fpg_reg[31]_0[29].  Re-placed instance fastvit_bd_i/worker_0/inst/ctrl_s_axi_U/int_fpg_reg[29]
INFO: [Physopt 32-663] Processed net fastvit_bd_i/worker_0/inst/ctrl_s_axi_U/int_stride_h_reg[31]_0[26].  Re-placed instance fastvit_bd_i/worker_0/inst/ctrl_s_axi_U/int_stride_h_reg[26]
INFO: [Physopt 32-663] Processed net fastvit_bd_i/worker_0/inst/ctrl_s_axi_U/int_stride_h_reg[31]_0[27].  Re-placed instance fastvit_bd_i/worker_0/inst/ctrl_s_axi_U/int_stride_h_reg[27]
INFO: [Physopt 32-663] Processed net fastvit_bd_i/worker_0/inst/ctrl_s_axi_U/int_stride_h_reg[31]_0[28].  Re-placed instance fastvit_bd_i/worker_0/inst/ctrl_s_axi_U/int_stride_h_reg[28]
INFO: [Physopt 32-663] Processed net fastvit_bd_i/worker_0/inst/ctrl_s_axi_U/int_stride_h_reg[31]_0[2].  Re-placed instance fastvit_bd_i/worker_0/inst/ctrl_s_axi_U/int_stride_h_reg[2]
INFO: [Physopt 32-663] Processed net fastvit_bd_i/worker_0/inst/ctrl_s_axi_U/int_stride_h_reg[31]_0[3].  Re-placed instance fastvit_bd_i/worker_0/inst/ctrl_s_axi_U/int_stride_h_reg[3]
INFO: [Physopt 32-663] Processed net fastvit_bd_i/worker_0/inst/ctrl_s_axi_U/int_stride_h_reg[31]_0[4].  Re-placed instance fastvit_bd_i/worker_0/inst/ctrl_s_axi_U/int_stride_h_reg[4]
INFO: [Physopt 32-663] Processed net fastvit_bd_i/worker_0/inst/ctrl_s_axi_U/int_stride_h_reg[31]_0[5].  Re-placed instance fastvit_bd_i/worker_0/inst/ctrl_s_axi_U/int_stride_h_reg[5]
INFO: [Physopt 32-662] Processed net fastvit_bd_i/worker_0/inst/dwconv_gmem3_m_axi_U/bus_write/wreq_burst_conv/rs_req/load_p1.  Did not re-place instance fastvit_bd_i/worker_0/inst/dwconv_gmem3_m_axi_U/bus_write/wreq_burst_conv/rs_req/data_p1[95]_i_1__1
INFO: [Physopt 32-662] Processed net fastvit_bd_i/worker_0/inst/dwconv_gmem3_m_axi_U/bus_write/wreq_burst_conv/rs_req/next_req.  Did not re-place instance fastvit_bd_i/worker_0/inst/dwconv_gmem3_m_axi_U/bus_write/wreq_burst_conv/rs_req/sect_total[19]_i_1__2
INFO: [Physopt 32-663] Processed net fastvit_bd_i/worker_0/inst/dwconv_gmem3_m_axi_U/bus_write/wreq_burst_conv/rs_req/sect_total_reg[10].  Re-placed instance fastvit_bd_i/worker_0/inst/dwconv_gmem3_m_axi_U/bus_write/wreq_burst_conv/rs_req/i_0_LOPT_REMAP
INFO: [Physopt 32-663] Processed net fastvit_bd_i/worker_0/inst/dwconv_gmem3_m_axi_U/bus_write/wreq_burst_conv/sect_total[5].  Re-placed instance fastvit_bd_i/worker_0/inst/dwconv_gmem3_m_axi_U/bus_write/wreq_burst_conv/sect_total_reg[5]
INFO: [Physopt 32-663] Processed net fastvit_bd_i/worker_0/inst/dwconv_gmem3_m_axi_U/bus_write/wreq_burst_conv/rs_req/i_2/O_n.  Re-placed instance fastvit_bd_i/worker_0/inst/dwconv_gmem3_m_axi_U/bus_write/wreq_burst_conv/rs_req/i_2_LOPT_REMAP
INFO: [Physopt 32-663] Processed net fastvit_bd_i/worker_0/inst/dwconv_gmem3_m_axi_U/bus_write/wreq_burst_conv/rs_req/Q[28].  Re-placed instance fastvit_bd_i/worker_0/inst/dwconv_gmem3_m_axi_U/bus_write/wreq_burst_conv/rs_req/data_p1_reg[30]
INFO: [Physopt 32-663] Processed net fastvit_bd_i/worker_0/inst/dwconv_gmem3_m_axi_U/bus_write/wreq_burst_conv/rs_req/Q[50].  Re-placed instance fastvit_bd_i/worker_0/inst/dwconv_gmem3_m_axi_U/bus_write/wreq_burst_conv/rs_req/data_p1_reg[52]
INFO: [Physopt 32-662] Processed net fastvit_bd_i/worker_0/inst/dwconv_worker_U/dataflow_in_loop_LOOP_DW_CH_1_U0/dwconv_process_channel4_U0/grp_dwconv_process_channel4_Pipeline_LOAD_DW_IN_fu_1093/lshr_ln1_reg_5754[4].  Did not re-place instance fastvit_bd_i/worker_0/inst/dwconv_worker_U/dataflow_in_loop_LOOP_DW_CH_1_U0/dwconv_process_channel4_U0/grp_dwconv_process_channel4_Pipeline_LOAD_DW_IN_fu_1093/lshr_ln1_reg_5754_reg[4]
INFO: [Physopt 32-662] Processed net fastvit_bd_i/worker_0/inst/dwconv_worker_U/dataflow_in_loop_LOOP_DW_CH_1_U0/dwconv_process_channel4_U0/grp_dwconv_process_channel4_Pipeline_LOAD_DW_IN_fu_1093/ram_reg_i_25__3_n_0.  Did not re-place instance fastvit_bd_i/worker_0/inst/dwconv_worker_U/dataflow_in_loop_LOOP_DW_CH_1_U0/dwconv_process_channel4_U0/grp_dwconv_process_channel4_Pipeline_LOAD_DW_IN_fu_1093/ram_reg_i_25__3
INFO: [Physopt 32-662] Processed net fastvit_bd_i/worker_0/inst/dwconv_worker_U/dataflow_in_loop_LOOP_DW_CH_1_U0/dwconv_process_channel4_U0/grp_dwconv_process_channel4_Pipeline_LOAD_DW_IN_fu_1093/ram_reg_i_77_n_0.  Did not re-place instance fastvit_bd_i/worker_0/inst/dwconv_worker_U/dataflow_in_loop_LOOP_DW_CH_1_U0/dwconv_process_channel4_U0/grp_dwconv_process_channel4_Pipeline_LOAD_DW_IN_fu_1093/ram_reg_i_77
INFO: [Physopt 32-662] Processed net fastvit_bd_i/worker_0/inst/dwconv_worker_U/dataflow_in_loop_LOOP_DW_CH_1_U0/dwconv_process_channel4_U0/grp_dwconv_process_channel4_Pipeline_LOAD_DW_IN_fu_1093/lshr_ln1_reg_5754_reg[7]_1[4].  Did not re-place instance fastvit_bd_i/worker_0/inst/dwconv_worker_U/dataflow_in_loop_LOOP_DW_CH_1_U0/dwconv_process_channel4_U0/grp_dwconv_process_channel4_Pipeline_LOAD_DW_IN_fu_1093/ram_reg_i_6__8
INFO: [Physopt 32-662] Processed net fastvit_bd_i/worker_0/inst/dwconv_worker_U/dataflow_in_loop_LOOP_DW_CH_1_U0/dwconv_process_channel4_U0/mul_10ns_32s_32_5_1_U2051/grp_fu_1666_ce.  Did not re-place instance fastvit_bd_i/worker_0/inst/dwconv_worker_U/dataflow_in_loop_LOOP_DW_CH_1_U0/dwconv_process_channel4_U0/mul_10ns_32s_32_5_1_U2051/buff1_reg_i_1__0
INFO: [Physopt 32-663] Processed net fastvit_bd_i/worker_0/inst/dwconv_worker_U/dataflow_in_loop_LOOP_DW_CH_1_U0/dwconv_process_channel4_U0/mul_32ns_32ns_60_5_1_U2053/ap_block_state1.  Re-placed instance fastvit_bd_i/worker_0/inst/dwconv_worker_U/dataflow_in_loop_LOOP_DW_CH_1_U0/dwconv_process_channel4_U0/mul_32ns_32ns_60_5_1_U2053/fpg_read_reg_5143[31]_i_1
INFO: [Physopt 32-663] Processed net fastvit_bd_i/worker_0/inst/dwconv_worker_U/dataflow_in_loop_LOOP_DW_CH_1_U0/p_ZL9ch_in_buf_9_U/p_ZL9ch_in_buf_9_t_empty_n.  Re-placed instance fastvit_bd_i/worker_0/inst/dwconv_worker_U/dataflow_in_loop_LOOP_DW_CH_1_U0/p_ZL9ch_in_buf_9_U/empty_n_reg
INFO: [Physopt 32-663] Processed net fastvit_bd_i/worker_0/inst/ctrl_s_axi_U/int_stride_h_reg[31]_0[30].  Re-placed instance fastvit_bd_i/worker_0/inst/ctrl_s_axi_U/int_stride_h_reg[30]
INFO: [Physopt 32-663] Processed net fastvit_bd_i/worker_0/inst/ctrl_s_axi_U/int_stride_h_reg[31]_0[31].  Re-placed instance fastvit_bd_i/worker_0/inst/ctrl_s_axi_U/int_stride_h_reg[31]
INFO: [Physopt 32-662] Processed net fastvit_bd_i/worker_0/inst/ctrl_s_axi_U/int_op_code[31]_i_1_n_0.  Did not re-place instance fastvit_bd_i/worker_0/inst/ctrl_s_axi_U/int_op_code[31]_i_1
INFO: [Physopt 32-663] Processed net fastvit_bd_i/worker_0/inst/ctrl_s_axi_U/int_op_code_reg_n_0_[24].  Re-placed instance fastvit_bd_i/worker_0/inst/ctrl_s_axi_U/int_op_code_reg[24]
INFO: [Physopt 32-663] Processed net fastvit_bd_i/worker_0/inst/ctrl_s_axi_U/int_op_code_reg_n_0_[25].  Re-placed instance fastvit_bd_i/worker_0/inst/ctrl_s_axi_U/int_op_code_reg[25]
INFO: [Physopt 32-663] Processed net fastvit_bd_i/worker_0/inst/ctrl_s_axi_U/int_op_code_reg_n_0_[28].  Re-placed instance fastvit_bd_i/worker_0/inst/ctrl_s_axi_U/int_op_code_reg[28]
INFO: [Physopt 32-663] Processed net fastvit_bd_i/worker_0/inst/ctrl_s_axi_U/int_op_code_reg_n_0_[29].  Re-placed instance fastvit_bd_i/worker_0/inst/ctrl_s_axi_U/int_op_code_reg[29]
INFO: [Physopt 32-663] Processed net fastvit_bd_i/worker_0/inst/dwconv_worker_U/dataflow_in_loop_LOOP_DW_CH_1_U0/dwconv_process_channel4_U0/grp_dwconv_process_channel4_Pipeline_LOAD_DW_IN_fu_1093/lshr_ln1_reg_5754[7].  Re-placed instance fastvit_bd_i/worker_0/inst/dwconv_worker_U/dataflow_in_loop_LOOP_DW_CH_1_U0/dwconv_process_channel4_U0/grp_dwconv_process_channel4_Pipeline_LOAD_DW_IN_fu_1093/lshr_ln1_reg_5754_reg[7]
INFO: [Physopt 32-662] Processed net fastvit_bd_i/worker_0/inst/dwconv_worker_U/dataflow_in_loop_LOOP_DW_CH_1_U0/dwconv_process_channel4_U0/grp_dwconv_process_channel4_Pipeline_LOAD_DW_IN_fu_1093/ram_reg_i_15__0_n_0.  Did not re-place instance fastvit_bd_i/worker_0/inst/dwconv_worker_U/dataflow_in_loop_LOOP_DW_CH_1_U0/dwconv_process_channel4_U0/grp_dwconv_process_channel4_Pipeline_LOAD_DW_IN_fu_1093/ram_reg_i_15__0
INFO: [Physopt 32-662] Processed net fastvit_bd_i/worker_0/inst/dwconv_worker_U/dataflow_in_loop_LOOP_DW_CH_1_U0/dwconv_process_channel4_U0/grp_dwconv_process_channel4_Pipeline_LOAD_DW_IN_fu_1093/ram_reg_i_31__3_n_0.  Did not re-place instance fastvit_bd_i/worker_0/inst/dwconv_worker_U/dataflow_in_loop_LOOP_DW_CH_1_U0/dwconv_process_channel4_U0/grp_dwconv_process_channel4_Pipeline_LOAD_DW_IN_fu_1093/ram_reg_i_31__3
INFO: [Physopt 32-663] Processed net fastvit_bd_i/worker_0/inst/dwconv_worker_U/dataflow_in_loop_LOOP_DW_CH_1_U0/dwconv_process_channel4_U0/grp_dwconv_process_channel4_Pipeline_LOAD_DW_IN_fu_1093/ram_reg_i_101_n_0.  Re-placed instance fastvit_bd_i/worker_0/inst/dwconv_worker_U/dataflow_in_loop_LOOP_DW_CH_1_U0/dwconv_process_channel4_U0/grp_dwconv_process_channel4_Pipeline_LOAD_DW_IN_fu_1093/ram_reg_i_101
INFO: [Physopt 32-662] Processed net fastvit_bd_i/worker_0/inst/dwconv_worker_U/dataflow_in_loop_LOOP_DW_CH_1_U0/dwconv_process_channel4_U0/grp_dwconv_process_channel4_Pipeline_LOAD_DW_IN_fu_1093/add_ln221_1_reg_5839_reg[3]_3[2].  Did not re-place instance fastvit_bd_i/worker_0/inst/dwconv_worker_U/dataflow_in_loop_LOOP_DW_CH_1_U0/dwconv_process_channel4_U0/grp_dwconv_process_channel4_Pipeline_LOAD_DW_IN_fu_1093/ram_reg_i_9__4
INFO: [Physopt 32-662] Processed net fastvit_bd_i/worker_0/inst/dwconv_worker_U/dataflow_in_loop_LOOP_DW_CH_1_U0/dwconv_process_channel4_U0/grp_dwconv_process_channel4_Pipeline_LOAD_DW_IN_fu_1093/add_ln221_1_reg_5839_reg[3]_6[7].  Did not re-place instance fastvit_bd_i/worker_0/inst/dwconv_worker_U/dataflow_in_loop_LOOP_DW_CH_1_U0/dwconv_process_channel4_U0/grp_dwconv_process_channel4_Pipeline_LOAD_DW_IN_fu_1093/ram_reg_i_3__20
INFO: [Physopt 32-663] Processed net fastvit_bd_i/worker_0/inst/dwconv_worker_U/dataflow_in_loop_LOOP_DW_CH_1_U0/dwconv_process_channel4_U0/grp_dwconv_process_channel4_Pipeline_LOAD_DW_IN_fu_1093/ram_reg_i_46__0_n_0.  Re-placed instance fastvit_bd_i/worker_0/inst/dwconv_worker_U/dataflow_in_loop_LOOP_DW_CH_1_U0/dwconv_process_channel4_U0/grp_dwconv_process_channel4_Pipeline_LOAD_DW_IN_fu_1093/ram_reg_i_46__0
INFO: [Physopt 32-663] Processed net fastvit_bd_i/worker_0/inst/dwconv_worker_U/dataflow_in_loop_LOOP_DW_CH_1_U0/dwconv_process_channel4_U0/grp_dwconv_process_channel4_Pipeline_LOAD_DW_IN_fu_1093/ram_reg_i_116_n_0.  Re-placed instance fastvit_bd_i/worker_0/inst/dwconv_worker_U/dataflow_in_loop_LOOP_DW_CH_1_U0/dwconv_process_channel4_U0/grp_dwconv_process_channel4_Pipeline_LOAD_DW_IN_fu_1093/ram_reg_i_116
INFO: [Physopt 32-662] Processed net fastvit_bd_i/worker_0/inst/dwconv_worker_U/dataflow_in_loop_LOOP_DW_CH_1_U0/dwconv_process_channel4_U0/grp_dwconv_process_channel4_Pipeline_LOAD_DW_IN_fu_1093/ram_reg_i_39__1_n_0.  Did not re-place instance fastvit_bd_i/worker_0/inst/dwconv_worker_U/dataflow_in_loop_LOOP_DW_CH_1_U0/dwconv_process_channel4_U0/grp_dwconv_process_channel4_Pipeline_LOAD_DW_IN_fu_1093/ram_reg_i_39__1
INFO: [Physopt 32-662] Processed net fastvit_bd_i/worker_0/inst/dwconv_worker_U/dataflow_in_loop_LOOP_DW_CH_1_U0/dwconv_process_channel4_U0/grp_dwconv_process_channel4_Pipeline_LOAD_DW_IN_fu_1093/ADDRBWRADDR[1].  Did not re-place instance fastvit_bd_i/worker_0/inst/dwconv_worker_U/dataflow_in_loop_LOOP_DW_CH_1_U0/dwconv_process_channel4_U0/grp_dwconv_process_channel4_Pipeline_LOAD_DW_IN_fu_1093/ram_reg_i_9__0
INFO: [Physopt 32-663] Processed net fastvit_bd_i/worker_0/inst/dwconv_gmem3_m_axi_U/store_unit_0/user_resp/dwconv_worker_ap_done.  Re-placed instance fastvit_bd_i/worker_0/inst/dwconv_gmem3_m_axi_U/store_unit_0/user_resp/int_ap_start_i_2
INFO: [Physopt 32-662] Processed net fastvit_bd_i/worker_0/inst/ctrl_s_axi_U/ap_done_reg_i_8_n_0.  Did not re-place instance fastvit_bd_i/worker_0/inst/ctrl_s_axi_U/ap_done_reg_i_8
INFO: [Physopt 32-662] Processed net fastvit_bd_i/worker_0/inst/ctrl_s_axi_U/int_CHin_reg[2]_0[1].  Did not re-place instance fastvit_bd_i/worker_0/inst/ctrl_s_axi_U/int_CHin_reg[1]
INFO: [Physopt 32-663] Processed net fastvit_bd_i/sc_main/inst/s01_entry_pipeline/s01_mmu/inst/ar_sreg/gen_endpoint.r_cnt[4]_i_4_n_0.  Re-placed instance fastvit_bd_i/sc_main/inst/s01_entry_pipeline/s01_mmu/inst/ar_sreg/gen_endpoint.r_cnt[4]_i_4
INFO: [Physopt 32-663] Processed net fastvit_bd_i/sc_main/inst/s01_nodes/s01_r_node/inst/inst_mi_handler/gen_normal_area.inst_fifo_node_payld/gen_xpm_memory_fifo.inst_fifo/m_sc_payld[0].  Re-placed instance fastvit_bd_i/sc_main/inst/s01_nodes/s01_r_node/inst/inst_mi_handler/gen_normal_area.inst_fifo_node_payld/gen_xpm_memory_fifo.inst_fifo/m_sc_payld[23]_INST_0
INFO: [Physopt 32-663] Processed net fastvit_bd_i/worker_0/inst/dwconv_gmem3_m_axi_U/store_unit_0/user_resp/ap_ready_o.  Re-placed instance fastvit_bd_i/worker_0/inst/dwconv_gmem3_m_axi_U/store_unit_0/user_resp/int_ap_ready_i_4
INFO: [Physopt 32-662] Processed net fastvit_bd_i/sc_main/inst/s01_entry_pipeline/s01_mmu/inst/ar_sreg/D[3].  Did not re-place instance fastvit_bd_i/sc_main/inst/s01_entry_pipeline/s01_mmu/inst/ar_sreg/gen_endpoint.r_cnt[4]_i_2
INFO: [Physopt 32-662] Processed net fastvit_bd_i/sc_main/inst/s01_entry_pipeline/s01_mmu/inst/r_sreg/FSM_sequential_gen_endpoint.r_state_reg[1].  Did not re-place instance fastvit_bd_i/sc_main/inst/s01_entry_pipeline/s01_mmu/inst/r_sreg/gen_endpoint.r_cnt[4]_i_5
INFO: [Physopt 32-663] Processed net fastvit_bd_i/sc_main/inst/s01_nodes/s01_r_node/inst/inst_mi_handler/gen_normal_area.inst_fifo_node_payld/gen_xpm_memory_fifo.inst_fifo/gen_mem_rep[0].inst_xpm_memory/xpm_memory_base_inst/doutb[23].  Re-placed instance fastvit_bd_i/sc_main/inst/s01_nodes/s01_r_node/inst/inst_mi_handler/gen_normal_area.inst_fifo_node_payld/gen_xpm_memory_fifo.inst_fifo/gen_mem_rep[0].inst_xpm_memory/xpm_memory_base_inst/gen_rd_b.gen_rd_b_synth_template.gen_rf_narrow_reg.doutb_reg_reg[23]
INFO: [Physopt 32-663] Processed net fastvit_bd_i/worker_0/inst/ctrl_s_axi_U/ap_done_reg_i_5_n_0.  Re-placed instance fastvit_bd_i/worker_0/inst/ctrl_s_axi_U/ap_done_reg_i_5
INFO: [Physopt 32-662] Processed net fastvit_bd_i/worker_0/inst/ctrl_s_axi_U/ap_done_reg_i_9_n_0.  Did not re-place instance fastvit_bd_i/worker_0/inst/ctrl_s_axi_U/ap_done_reg_i_9
INFO: [Physopt 32-662] Processed net fastvit_bd_i/worker_0/inst/ctrl_s_axi_U/int_task_ap_done_i_1_n_0.  Did not re-place instance fastvit_bd_i/worker_0/inst/ctrl_s_axi_U/int_task_ap_done_i_1
INFO: [Physopt 32-662] Processed net fastvit_bd_i/worker_0/inst/ctrl_s_axi_U/int_task_ap_done_i_2_n_0.  Did not re-place instance fastvit_bd_i/worker_0/inst/ctrl_s_axi_U/int_task_ap_done_i_2
INFO: [Physopt 32-662] Processed net fastvit_bd_i/worker_0/inst/ctrl_s_axi_U/int_task_ap_done_i_4_n_0.  Did not re-place instance fastvit_bd_i/worker_0/inst/ctrl_s_axi_U/int_task_ap_done_i_4
INFO: [Physopt 32-662] Processed net fastvit_bd_i/sc_main/inst/s01_entry_pipeline/s01_mmu/inst/gen_endpoint.r_cnt_reg[4].  Did not re-place instance fastvit_bd_i/sc_main/inst/s01_entry_pipeline/s01_mmu/inst/gen_endpoint.r_cnt_reg[4]
INFO: [Physopt 32-662] Processed net fastvit_bd_i/worker_0/inst/ctrl_s_axi_U/int_task_ap_done.  Did not re-place instance fastvit_bd_i/worker_0/inst/ctrl_s_axi_U/int_task_ap_done_reg
INFO: [Physopt 32-662] Processed net fastvit_bd_i/worker_0/inst/dwconv_worker_U/dataflow_in_loop_LOOP_DW_CH_1_U0/dwconv_process_channel4_U0/grp_dwconv_process_channel4_Pipeline_LOAD_DW_IN_fu_1093/lshr_ln1_reg_5754[3].  Did not re-place instance fastvit_bd_i/worker_0/inst/dwconv_worker_U/dataflow_in_loop_LOOP_DW_CH_1_U0/dwconv_process_channel4_U0/grp_dwconv_process_channel4_Pipeline_LOAD_DW_IN_fu_1093/lshr_ln1_reg_5754_reg[3]
INFO: [Physopt 32-663] Processed net fastvit_bd_i/worker_0/inst/ctrl_s_axi_U/int_CHin_reg[2]_1.  Re-placed instance fastvit_bd_i/worker_0/inst/ctrl_s_axi_U/ap_done_reg_i_10
INFO: [Physopt 32-662] Processed net fastvit_bd_i/worker_0/inst/dwconv_worker_U/dataflow_in_loop_LOOP_DW_CH_1_U0/dwconv_process_channel4_U0/loop_dataflow_output_count_reg[3][1].  Did not re-place instance fastvit_bd_i/worker_0/inst/dwconv_worker_U/dataflow_in_loop_LOOP_DW_CH_1_U0/dwconv_process_channel4_U0/ap_done_reg_i_6
INFO: [Physopt 32-662] Processed net fastvit_bd_i/sc_main/inst/s02_nodes/s02_r_node/inst/inst_mi_handler/gen_normal_area.inst_fifo_node_payld/gen_xpm_memory_fifo.inst_fifo/gen_mem_rep[0].inst_rd_addrb/rd_addrb_incr_1.  Did not re-place instance fastvit_bd_i/sc_main/inst/s02_nodes/s02_r_node/inst/inst_mi_handler/gen_normal_area.inst_fifo_node_payld/gen_xpm_memory_fifo.inst_fifo/gen_mem_rep[0].inst_rd_addrb/gen_mem_rep[0].inst_xpm_memory_i_2
INFO: [Physopt 32-663] Processed net fastvit_bd_i/sc_main/inst/s02_entry_pipeline/s02_mmu/inst/r_sreg/state_reg[s_ready_i]_0.  Re-placed instance fastvit_bd_i/sc_main/inst/s02_entry_pipeline/s02_mmu/inst/r_sreg/state_reg[s_ready_i]
INFO: [Physopt 32-662] Processed net fastvit_bd_i/worker_0/inst/dwconv_gmem3_m_axi_U/bus_write/wreq_burst_conv/sect_total[10].  Did not re-place instance fastvit_bd_i/worker_0/inst/dwconv_gmem3_m_axi_U/bus_write/wreq_burst_conv/sect_total_reg[10]
INFO: [Physopt 32-662] Processed net fastvit_bd_i/sc_main/inst/s02_nodes/s02_r_node/inst/inst_mi_handler/gen_normal_area.inst_fifo_node_payld/gen_xpm_memory_fifo.inst_fifo/gen_rd.fifo_empty_r_i_8_n_0.  Did not re-place instance fastvit_bd_i/sc_main/inst/s02_nodes/s02_r_node/inst/inst_mi_handler/gen_normal_area.inst_fifo_node_payld/gen_xpm_memory_fifo.inst_fifo/gen_rd.fifo_empty_r_i_8
INFO: [Physopt 32-662] Processed net fastvit_bd_i/sc_main/inst/s02_nodes/s02_r_node/inst/inst_mi_handler/gen_normal_area.inst_fifo_node_payld/gen_xpm_memory_fifo.inst_fifo/gen_wr.inst_wr_addra_p1/gen_rd.fifo_empty_r_i_2__0_n_0.  Did not re-place instance fastvit_bd_i/sc_main/inst/s02_nodes/s02_r_node/inst/inst_mi_handler/gen_normal_area.inst_fifo_node_payld/gen_xpm_memory_fifo.inst_fifo/gen_wr.inst_wr_addra_p1/gen_rd.fifo_empty_r_i_2__0
INFO: [Physopt 32-662] Processed net fastvit_bd_i/sc_main/inst/s02_nodes/s02_r_node/inst/inst_mi_handler/gen_normal_area.inst_fifo_node_payld/gen_xpm_memory_fifo.inst_fifo/gen_wr.inst_wr_addra_p1/areset_r_reg.  Did not re-place instance fastvit_bd_i/sc_main/inst/s02_nodes/s02_r_node/inst/inst_mi_handler/gen_normal_area.inst_fifo_node_payld/gen_xpm_memory_fifo.inst_fifo/gen_wr.inst_wr_addra_p1/gen_wr.full_r_inv_i_1
INFO: [Physopt 32-663] Processed net fastvit_bd_i/sc_main/inst/s02_nodes/s02_r_node/inst/inst_mi_handler/gen_normal_area.inst_fifo_node_payld/gen_xpm_memory_fifo.inst_fifo/wr_wea.  Re-placed instance fastvit_bd_i/sc_main/inst/s02_nodes/s02_r_node/inst/inst_mi_handler/gen_normal_area.inst_fifo_node_payld/gen_xpm_memory_fifo.inst_fifo/gen_wr.full_r_reg_inv
INFO: [Physopt 32-662] Processed net fastvit_bd_i/worker_0/inst/dwconv_worker_U/dataflow_in_loop_LOOP_DW_CH_1_U0/dwconv_process_channel4_U0/grp_dwconv_process_channel4_Pipeline_LOAD_DW_IN_fu_1093/ram_reg_i_33__1_n_0.  Did not re-place instance fastvit_bd_i/worker_0/inst/dwconv_worker_U/dataflow_in_loop_LOOP_DW_CH_1_U0/dwconv_process_channel4_U0/grp_dwconv_process_channel4_Pipeline_LOAD_DW_IN_fu_1093/ram_reg_i_33__1
INFO: [Physopt 32-662] Processed net fastvit_bd_i/worker_0/inst/dwconv_worker_U/dataflow_in_loop_LOOP_DW_CH_1_U0/dwconv_process_channel4_U0/grp_dwconv_process_channel4_Pipeline_LOAD_DW_IN_fu_1093/add_ln221_1_reg_5839_reg[3]_7[3].  Did not re-place instance fastvit_bd_i/worker_0/inst/dwconv_worker_U/dataflow_in_loop_LOOP_DW_CH_1_U0/dwconv_process_channel4_U0/grp_dwconv_process_channel4_Pipeline_LOAD_DW_IN_fu_1093/ram_reg_i_7__11
INFO: [Physopt 32-662] Processed net fastvit_bd_i/worker_0/inst/dwconv_worker_U/dataflow_in_loop_LOOP_DW_CH_1_U0/dwconv_process_channel4_U0/grp_dwconv_process_channel4_Pipeline_LOAD_DW_IN_fu_1093/ram_reg_i_29__0_n_0.  Did not re-place instance fastvit_bd_i/worker_0/inst/dwconv_worker_U/dataflow_in_loop_LOOP_DW_CH_1_U0/dwconv_process_channel4_U0/grp_dwconv_process_channel4_Pipeline_LOAD_DW_IN_fu_1093/ram_reg_i_29__0
INFO: [Physopt 32-662] Processed net fastvit_bd_i/worker_0/inst/dwconv_worker_U/dataflow_in_loop_LOOP_DW_CH_1_U0/dwconv_process_channel4_U0/grp_dwconv_process_channel4_Pipeline_LOAD_DW_IN_fu_1093/ram_reg_i_78_n_0.  Did not re-place instance fastvit_bd_i/worker_0/inst/dwconv_worker_U/dataflow_in_loop_LOOP_DW_CH_1_U0/dwconv_process_channel4_U0/grp_dwconv_process_channel4_Pipeline_LOAD_DW_IN_fu_1093/ram_reg_i_78
INFO: [Physopt 32-662] Processed net fastvit_bd_i/worker_0/inst/dwconv_worker_U/dataflow_in_loop_LOOP_DW_CH_1_U0/dwconv_process_channel4_U0/grp_dwconv_process_channel4_Pipeline_LOAD_DW_IN_fu_1093/add_ln221_1_reg_5839_reg[3]_10[4].  Did not re-place instance fastvit_bd_i/worker_0/inst/dwconv_worker_U/dataflow_in_loop_LOOP_DW_CH_1_U0/dwconv_process_channel4_U0/grp_dwconv_process_channel4_Pipeline_LOAD_DW_IN_fu_1093/ram_reg_i_7__5
INFO: [Physopt 32-663] Processed net fastvit_bd_i/worker_0/inst/dwconv_worker_U/dataflow_in_loop_LOOP_DW_CH_1_U0/dwconv_process_channel4_U0/p_ZL9dw_in_buf_6_2[0].  Re-placed instance fastvit_bd_i/worker_0/inst/dwconv_worker_U/dataflow_in_loop_LOOP_DW_CH_1_U0/dwconv_process_channel4_U0/p_ZL9dw_in_buf_6_2_reg[0]
INFO: [Common 17-14] Message 'Physopt 32-663' appears 100 times and further instances of the messages will be disabled. Use the Tcl command set_msg_config to change the current settings.
INFO: [Physopt 32-662] Processed net fastvit_bd_i/worker_0/inst/dwconv_gmem3_m_axi_U/bus_write/wreq_burst_conv/rs_req/D[51].  Did not re-place instance fastvit_bd_i/worker_0/inst/dwconv_gmem3_m_axi_U/bus_write/wreq_burst_conv/rs_req/sect_cnt[51]_i_2__2
INFO: [Physopt 32-662] Processed net fastvit_bd_i/worker_0/inst/dwconv_gmem3_m_axi_U/bus_write/wreq_burst_conv/sect_cnt[51].  Did not re-place instance fastvit_bd_i/worker_0/inst/dwconv_gmem3_m_axi_U/bus_write/wreq_burst_conv/sect_cnt_reg[51]
INFO: [Physopt 32-662] Processed net fastvit_bd_i/worker_0/inst/dwconv_worker_U/dataflow_in_loop_LOOP_DW_CH_1_U0/dwconv_process_channel4_U0/grp_dwconv_process_channel4_Pipeline_LOAD_DW_IN_fu_1093/ram_reg_i_57_n_0.  Did not re-place instance fastvit_bd_i/worker_0/inst/dwconv_worker_U/dataflow_in_loop_LOOP_DW_CH_1_U0/dwconv_process_channel4_U0/grp_dwconv_process_channel4_Pipeline_LOAD_DW_IN_fu_1093/ram_reg_i_57
INFO: [Physopt 32-662] Processed net fastvit_bd_i/worker_0/inst/ctrl_s_axi_U/int_pad_w[31]_i_1_n_0.  Did not re-place instance fastvit_bd_i/worker_0/inst/ctrl_s_axi_U/int_pad_w[31]_i_1
INFO: [Physopt 32-662] Processed net fastvit_bd_i/worker_0/inst/dwconv_worker_U/dataflow_in_loop_LOOP_DW_CH_1_U0/dwconv_process_channel4_U0/grp_dwconv_process_channel4_Pipeline_LOAD_DW_IN_fu_1093/lshr_ln1_reg_5754[0].  Did not re-place instance fastvit_bd_i/worker_0/inst/dwconv_worker_U/dataflow_in_loop_LOOP_DW_CH_1_U0/dwconv_process_channel4_U0/grp_dwconv_process_channel4_Pipeline_LOAD_DW_IN_fu_1093/lshr_ln1_reg_5754_reg[0]
INFO: [Physopt 32-662] Processed net fastvit_bd_i/worker_0/inst/dwconv_worker_U/dataflow_in_loop_LOOP_DW_CH_1_U0/dwconv_process_channel4_U0/grp_dwconv_process_channel4_Pipeline_LOAD_DW_IN_fu_1093/ram_reg_i_132_n_0.  Did not re-place instance fastvit_bd_i/worker_0/inst/dwconv_worker_U/dataflow_in_loop_LOOP_DW_CH_1_U0/dwconv_process_channel4_U0/grp_dwconv_process_channel4_Pipeline_LOAD_DW_IN_fu_1093/ram_reg_i_132
INFO: [Physopt 32-662] Processed net fastvit_bd_i/worker_0/inst/dwconv_worker_U/dataflow_in_loop_LOOP_DW_CH_1_U0/dwconv_process_channel4_U0/grp_dwconv_process_channel4_Pipeline_LOAD_DW_IN_fu_1093/ram_reg_i_17__1_n_0.  Did not re-place instance fastvit_bd_i/worker_0/inst/dwconv_worker_U/dataflow_in_loop_LOOP_DW_CH_1_U0/dwconv_process_channel4_U0/grp_dwconv_process_channel4_Pipeline_LOAD_DW_IN_fu_1093/ram_reg_i_17__1
INFO: [Physopt 32-662] Processed net fastvit_bd_i/worker_0/inst/dwconv_worker_U/dataflow_in_loop_LOOP_DW_CH_1_U0/dwconv_process_channel4_U0/grp_dwconv_process_channel4_Pipeline_LOAD_DW_IN_fu_1093/ram_reg_i_44__2_n_0.  Did not re-place instance fastvit_bd_i/worker_0/inst/dwconv_worker_U/dataflow_in_loop_LOOP_DW_CH_1_U0/dwconv_process_channel4_U0/grp_dwconv_process_channel4_Pipeline_LOAD_DW_IN_fu_1093/ram_reg_i_44__2
INFO: [Physopt 32-662] Processed net fastvit_bd_i/worker_0/inst/dwconv_worker_U/dataflow_in_loop_LOOP_DW_CH_1_U0/dwconv_process_channel4_U0/grp_dwconv_process_channel4_Pipeline_LOAD_DW_IN_fu_1093/ram_reg_i_45_n_0.  Did not re-place instance fastvit_bd_i/worker_0/inst/dwconv_worker_U/dataflow_in_loop_LOOP_DW_CH_1_U0/dwconv_process_channel4_U0/grp_dwconv_process_channel4_Pipeline_LOAD_DW_IN_fu_1093/ram_reg_i_45
INFO: [Physopt 32-662] Processed net fastvit_bd_i/worker_0/inst/dwconv_worker_U/dataflow_in_loop_LOOP_DW_CH_1_U0/dwconv_process_channel4_U0/grp_dwconv_process_channel4_Pipeline_LOAD_DW_IN_fu_1093/add_ln221_1_reg_5839_reg[3]_1[0].  Did not re-place instance fastvit_bd_i/worker_0/inst/dwconv_worker_U/dataflow_in_loop_LOOP_DW_CH_1_U0/dwconv_process_channel4_U0/grp_dwconv_process_channel4_Pipeline_LOAD_DW_IN_fu_1093/ram_reg_i_10__2
INFO: [Physopt 32-662] Processed net fastvit_bd_i/sc_main/inst/s01_entry_pipeline/s01_transaction_regulator/inst/gen_endpoint.gen_r_singleorder.r_singleorder/gen_id_fifo.singleorder_fifo/gen_pipelined.state[1]_i_3_n_0.  Did not re-place instance fastvit_bd_i/sc_main/inst/s01_entry_pipeline/s01_transaction_regulator/inst/gen_endpoint.gen_r_singleorder.r_singleorder/gen_id_fifo.singleorder_fifo/gen_pipelined.state[1]_i_3
INFO: [Physopt 32-662] Processed net fastvit_bd_i/sc_main/inst/s01_entry_pipeline/s01_transaction_regulator/inst/gen_endpoint.gen_r_singleorder.r_singleorder/gen_id_fifo.singleorder_fifo/fifoaddr[1]_i_1_n_0.  Did not re-place instance fastvit_bd_i/sc_main/inst/s01_entry_pipeline/s01_transaction_regulator/inst/gen_endpoint.gen_r_singleorder.r_singleorder/gen_id_fifo.singleorder_fifo/fifoaddr[1]_i_1
INFO: [Physopt 32-662] Processed net fastvit_bd_i/sc_main/inst/s01_entry_pipeline/s01_transaction_regulator/inst/gen_endpoint.gen_r_singleorder.r_singleorder/gen_id_fifo.singleorder_fifo/fifoaddr_reg[1].  Did not re-place instance fastvit_bd_i/sc_main/inst/s01_entry_pipeline/s01_transaction_regulator/inst/gen_endpoint.gen_r_singleorder.r_singleorder/gen_id_fifo.singleorder_fifo/fifoaddr_reg[1]
INFO: [Physopt 32-662] Processed net fastvit_bd_i/worker_0/inst/dwconv_worker_U/dataflow_in_loop_LOOP_DW_CH_1_U0/dwconv_process_channel4_U0/grp_dwconv_process_channel4_Pipeline_LOAD_DW_IN_fu_1093/ram_reg_i_16__3_n_0.  Did not re-place instance fastvit_bd_i/worker_0/inst/dwconv_worker_U/dataflow_in_loop_LOOP_DW_CH_1_U0/dwconv_process_channel4_U0/grp_dwconv_process_channel4_Pipeline_LOAD_DW_IN_fu_1093/ram_reg_i_16__3
INFO: [Physopt 32-662] Processed net fastvit_bd_i/worker_0/inst/dwconv_worker_U/dataflow_in_loop_LOOP_DW_CH_1_U0/dwconv_process_channel4_U0/grp_dwconv_process_channel4_Pipeline_LOAD_DW_IN_fu_1093/ram_reg_i_19__0_n_0.  Did not re-place instance fastvit_bd_i/worker_0/inst/dwconv_worker_U/dataflow_in_loop_LOOP_DW_CH_1_U0/dwconv_process_channel4_U0/grp_dwconv_process_channel4_Pipeline_LOAD_DW_IN_fu_1093/ram_reg_i_19__0
INFO: [Physopt 32-662] Processed net fastvit_bd_i/worker_0/inst/dwconv_worker_U/dataflow_in_loop_LOOP_DW_CH_1_U0/dwconv_process_channel4_U0/grp_dwconv_process_channel4_Pipeline_LOAD_DW_IN_fu_1093/ram_reg_i_47_n_0.  Did not re-place instance fastvit_bd_i/worker_0/inst/dwconv_worker_U/dataflow_in_loop_LOOP_DW_CH_1_U0/dwconv_process_channel4_U0/grp_dwconv_process_channel4_Pipeline_LOAD_DW_IN_fu_1093/ram_reg_i_47
INFO: [Physopt 32-662] Processed net fastvit_bd_i/worker_0/inst/dwconv_worker_U/dataflow_in_loop_LOOP_DW_CH_1_U0/dwconv_process_channel4_U0/grp_dwconv_process_channel4_Pipeline_LOAD_DW_IN_fu_1093/ram_reg_i_53_n_0.  Did not re-place instance fastvit_bd_i/worker_0/inst/dwconv_worker_U/dataflow_in_loop_LOOP_DW_CH_1_U0/dwconv_process_channel4_U0/grp_dwconv_process_channel4_Pipeline_LOAD_DW_IN_fu_1093/ram_reg_i_53
INFO: [Physopt 32-662] Processed net fastvit_bd_i/worker_0/inst/dwconv_worker_U/dataflow_in_loop_LOOP_DW_CH_1_U0/dwconv_process_channel4_U0/grp_dwconv_process_channel4_Pipeline_LOAD_DW_IN_fu_1093/add_ln221_1_reg_5839_reg[3]_1[7].  Did not re-place instance fastvit_bd_i/worker_0/inst/dwconv_worker_U/dataflow_in_loop_LOOP_DW_CH_1_U0/dwconv_process_channel4_U0/grp_dwconv_process_channel4_Pipeline_LOAD_DW_IN_fu_1093/ram_reg_i_3__14
INFO: [Physopt 32-662] Processed net fastvit_bd_i/worker_0/inst/dwconv_worker_U/dataflow_in_loop_LOOP_DW_CH_1_U0/dwconv_process_channel4_U0/grp_dwconv_process_channel4_Pipeline_LOAD_DW_IN_fu_1093/add_ln221_1_reg_5839_reg[3]_3[6].  Did not re-place instance fastvit_bd_i/worker_0/inst/dwconv_worker_U/dataflow_in_loop_LOOP_DW_CH_1_U0/dwconv_process_channel4_U0/grp_dwconv_process_channel4_Pipeline_LOAD_DW_IN_fu_1093/ram_reg_i_5__4
INFO: [Physopt 32-662] Processed net fastvit_bd_i/worker_0/inst/dwconv_worker_U/dataflow_in_loop_LOOP_DW_CH_1_U0/dwconv_process_channel4_U0/grp_dwconv_process_channel4_Pipeline_LOAD_DW_IN_fu_1093/ram_reg_i_48_n_0.  Did not re-place instance fastvit_bd_i/worker_0/inst/dwconv_worker_U/dataflow_in_loop_LOOP_DW_CH_1_U0/dwconv_process_channel4_U0/grp_dwconv_process_channel4_Pipeline_LOAD_DW_IN_fu_1093/ram_reg_i_48
INFO: [Physopt 32-662] Processed net fastvit_bd_i/worker_0/inst/dwconv_worker_U/dataflow_in_loop_LOOP_DW_CH_1_U0/dwconv_process_channel4_U0/grp_dwconv_process_channel4_Pipeline_LOAD_DW_IN_fu_1093/lshr_ln1_reg_5754[2].  Did not re-place instance fastvit_bd_i/worker_0/inst/dwconv_worker_U/dataflow_in_loop_LOOP_DW_CH_1_U0/dwconv_process_channel4_U0/grp_dwconv_process_channel4_Pipeline_LOAD_DW_IN_fu_1093/lshr_ln1_reg_5754_reg[2]
INFO: [Physopt 32-662] Processed net fastvit_bd_i/worker_0/inst/dwconv_worker_U/dataflow_in_loop_LOOP_DW_CH_1_U0/dwconv_process_channel4_U0/grp_dwconv_process_channel4_Pipeline_LOAD_DW_IN_fu_1093/ram_reg_i_23__1_n_0.  Did not re-place instance fastvit_bd_i/worker_0/inst/dwconv_worker_U/dataflow_in_loop_LOOP_DW_CH_1_U0/dwconv_process_channel4_U0/grp_dwconv_process_channel4_Pipeline_LOAD_DW_IN_fu_1093/ram_reg_i_23__1
INFO: [Physopt 32-662] Processed net fastvit_bd_i/worker_0/inst/dwconv_worker_U/dataflow_in_loop_LOOP_DW_CH_1_U0/dwconv_process_channel4_U0/grp_dwconv_process_channel4_Pipeline_LOAD_DW_IN_fu_1093/ram_reg_i_45__1_n_0.  Did not re-place instance fastvit_bd_i/worker_0/inst/dwconv_worker_U/dataflow_in_loop_LOOP_DW_CH_1_U0/dwconv_process_channel4_U0/grp_dwconv_process_channel4_Pipeline_LOAD_DW_IN_fu_1093/ram_reg_i_45__1
INFO: [Physopt 32-662] Processed net fastvit_bd_i/worker_0/inst/dwconv_worker_U/dataflow_in_loop_LOOP_DW_CH_1_U0/dwconv_process_channel4_U0/grp_dwconv_process_channel4_Pipeline_LOAD_DW_IN_fu_1093/ram_reg_i_66_n_0.  Did not re-place instance fastvit_bd_i/worker_0/inst/dwconv_worker_U/dataflow_in_loop_LOOP_DW_CH_1_U0/dwconv_process_channel4_U0/grp_dwconv_process_channel4_Pipeline_LOAD_DW_IN_fu_1093/ram_reg_i_66
INFO: [Physopt 32-662] Processed net fastvit_bd_i/worker_0/inst/dwconv_worker_U/dataflow_in_loop_LOOP_DW_CH_1_U0/dwconv_process_channel4_U0/grp_dwconv_process_channel4_Pipeline_LOAD_DW_IN_fu_1093/ADDRBWRADDR[5].  Did not re-place instance fastvit_bd_i/worker_0/inst/dwconv_worker_U/dataflow_in_loop_LOOP_DW_CH_1_U0/dwconv_process_channel4_U0/grp_dwconv_process_channel4_Pipeline_LOAD_DW_IN_fu_1093/ram_reg_i_5__0
INFO: [Physopt 32-662] Processed net fastvit_bd_i/worker_0/inst/dwconv_worker_U/dataflow_in_loop_LOOP_DW_CH_1_U0/dwconv_process_channel4_U0/grp_dwconv_process_channel4_Pipeline_LOAD_DW_IN_fu_1093/add_ln221_1_reg_5839_reg[3]_6[0].  Did not re-place instance fastvit_bd_i/worker_0/inst/dwconv_worker_U/dataflow_in_loop_LOOP_DW_CH_1_U0/dwconv_process_channel4_U0/grp_dwconv_process_channel4_Pipeline_LOAD_DW_IN_fu_1093/ram_reg_i_10__10
INFO: [Physopt 32-662] Processed net fastvit_bd_i/worker_0/inst/ctrl_s_axi_U/int_out_shift_reg[31]_0[0].  Did not re-place instance fastvit_bd_i/worker_0/inst/ctrl_s_axi_U/int_out_shift_reg[0]
INFO: [Physopt 32-662] Processed net fastvit_bd_i/worker_0/inst/ctrl_s_axi_U/int_out_shift_reg[31]_0[1].  Did not re-place instance fastvit_bd_i/worker_0/inst/ctrl_s_axi_U/int_out_shift_reg[1]
INFO: [Physopt 32-662] Processed net fastvit_bd_i/worker_0/inst/ctrl_s_axi_U/int_out_shift_reg[31]_0[31].  Did not re-place instance fastvit_bd_i/worker_0/inst/ctrl_s_axi_U/int_out_shift_reg[31]
INFO: [Physopt 32-662] Processed net fastvit_bd_i/worker_0/inst/ctrl_s_axi_U/int_out_shift_reg[31]_0[7].  Did not re-place instance fastvit_bd_i/worker_0/inst/ctrl_s_axi_U/int_out_shift_reg[7]
INFO: [Physopt 32-662] Processed net fastvit_bd_i/worker_0/inst/dwconv_worker_U/dataflow_in_loop_LOOP_DW_CH_1_U0/dwconv_process_channel4_U0/grp_dwconv_process_channel4_Pipeline_LOAD_DW_IN_fu_1093/ram_reg_i_22__1_n_0.  Did not re-place instance fastvit_bd_i/worker_0/inst/dwconv_worker_U/dataflow_in_loop_LOOP_DW_CH_1_U0/dwconv_process_channel4_U0/grp_dwconv_process_channel4_Pipeline_LOAD_DW_IN_fu_1093/ram_reg_i_22__1
INFO: [Physopt 32-662] Processed net fastvit_bd_i/worker_0/inst/dwconv_worker_U/dataflow_in_loop_LOOP_DW_CH_1_U0/dwconv_process_channel4_U0/grp_dwconv_process_channel4_Pipeline_LOAD_DW_IN_fu_1093/ram_reg_i_121_n_0.  Did not re-place instance fastvit_bd_i/worker_0/inst/dwconv_worker_U/dataflow_in_loop_LOOP_DW_CH_1_U0/dwconv_process_channel4_U0/grp_dwconv_process_channel4_Pipeline_LOAD_DW_IN_fu_1093/ram_reg_i_121
INFO: [Physopt 32-662] Processed net fastvit_bd_i/worker_0/inst/dwconv_worker_U/dataflow_in_loop_LOOP_DW_CH_1_U0/dwconv_process_channel4_U0/grp_dwconv_process_channel4_Pipeline_LOAD_DW_IN_fu_1093/ram_reg_i_36__3_n_0.  Did not re-place instance fastvit_bd_i/worker_0/inst/dwconv_worker_U/dataflow_in_loop_LOOP_DW_CH_1_U0/dwconv_process_channel4_U0/grp_dwconv_process_channel4_Pipeline_LOAD_DW_IN_fu_1093/ram_reg_i_36__3
INFO: [Physopt 32-662] Processed net fastvit_bd_i/worker_0/inst/dwconv_worker_U/dataflow_in_loop_LOOP_DW_CH_1_U0/dwconv_process_channel4_U0/grp_dwconv_process_channel4_Pipeline_LOAD_DW_IN_fu_1093/ram_reg_i_128_n_0.  Did not re-place instance fastvit_bd_i/worker_0/inst/dwconv_worker_U/dataflow_in_loop_LOOP_DW_CH_1_U0/dwconv_process_channel4_U0/grp_dwconv_process_channel4_Pipeline_LOAD_DW_IN_fu_1093/ram_reg_i_128
INFO: [Physopt 32-662] Processed net fastvit_bd_i/worker_0/inst/dwconv_worker_U/dataflow_in_loop_LOOP_DW_CH_1_U0/dwconv_process_channel4_U0/grp_dwconv_process_channel4_Pipeline_LOAD_DW_IN_fu_1093/ram_reg_i_45__0_n_0.  Did not re-place instance fastvit_bd_i/worker_0/inst/dwconv_worker_U/dataflow_in_loop_LOOP_DW_CH_1_U0/dwconv_process_channel4_U0/grp_dwconv_process_channel4_Pipeline_LOAD_DW_IN_fu_1093/ram_reg_i_45__0
INFO: [Physopt 32-662] Processed net fastvit_bd_i/worker_0/inst/dwconv_worker_U/dataflow_in_loop_LOOP_DW_CH_1_U0/dwconv_process_channel4_U0/grp_dwconv_process_channel4_Pipeline_LOAD_DW_IN_fu_1093/add_ln221_1_reg_5839_reg[3]_12[0].  Did not re-place instance fastvit_bd_i/worker_0/inst/dwconv_worker_U/dataflow_in_loop_LOOP_DW_CH_1_U0/dwconv_process_channel4_U0/grp_dwconv_process_channel4_Pipeline_LOAD_DW_IN_fu_1093/ram_reg_i_10__15
INFO: [Physopt 32-662] Processed net fastvit_bd_i/worker_0/inst/dwconv_worker_U/dataflow_in_loop_LOOP_DW_CH_1_U0/dwconv_process_channel4_U0/dwconv_g2_ARVALID.  Did not re-place instance fastvit_bd_i/worker_0/inst/dwconv_worker_U/dataflow_in_loop_LOOP_DW_CH_1_U0/dwconv_process_channel4_U0/ap_CS_fsm[17]_i_1
INFO: [Physopt 32-662] Processed net fastvit_bd_i/worker_0/inst/dwconv_gmem1_m_axi_U/load_unit_0/fifo_rreq/U_fifo_srl/mem_reg[68][43]_srl32__0_n_0.  Did not re-place instance fastvit_bd_i/worker_0/inst/dwconv_gmem1_m_axi_U/load_unit_0/fifo_rreq/U_fifo_srl/mem_reg[68][43]_srl32__0
INFO: [Physopt 32-662] Processed net fastvit_bd_i/worker_0/inst/dwconv_gmem1_m_axi_U/load_unit_0/fifo_rreq/U_fifo_srl/mem_reg[68][43]_srl32__0_n_1.  Did not re-place instance fastvit_bd_i/worker_0/inst/dwconv_gmem1_m_axi_U/load_unit_0/fifo_rreq/U_fifo_srl/mem_reg[68][43]_srl32__0
INFO: [Physopt 32-662] Processed net fastvit_bd_i/worker_0/inst/dwconv_gmem1_m_axi_U/load_unit_0/fifo_rreq/U_fifo_srl/mem_reg[68][43]_srl32_n_0.  Did not re-place instance fastvit_bd_i/worker_0/inst/dwconv_gmem1_m_axi_U/load_unit_0/fifo_rreq/U_fifo_srl/mem_reg[68][43]_srl32
INFO: [Physopt 32-662] Processed net fastvit_bd_i/worker_0/inst/dwconv_gmem1_m_axi_U/load_unit_0/fifo_rreq/U_fifo_srl/mem_reg[68][43]_srl32_n_1.  Did not re-place instance fastvit_bd_i/worker_0/inst/dwconv_gmem1_m_axi_U/load_unit_0/fifo_rreq/U_fifo_srl/mem_reg[68][43]_srl32
INFO: [Physopt 32-662] Processed net fastvit_bd_i/worker_0/inst/dwconv_worker_U/dataflow_in_loop_LOOP_DW_CH_1_U0/dwconv_process_channel4_U0/grp_dwconv_process_channel4_Pipeline_LOAD_DW_IN_fu_1093/ram_reg_i_122_n_0.  Did not re-place instance fastvit_bd_i/worker_0/inst/dwconv_worker_U/dataflow_in_loop_LOOP_DW_CH_1_U0/dwconv_process_channel4_U0/grp_dwconv_process_channel4_Pipeline_LOAD_DW_IN_fu_1093/ram_reg_i_122
INFO: [Physopt 32-662] Processed net fastvit_bd_i/worker_0/inst/dwconv_worker_U/dataflow_in_loop_LOOP_DW_CH_1_U0/dwconv_process_channel4_U0/grp_dwconv_process_channel4_Pipeline_LOAD_DW_IN_fu_1093/ram_reg_i_105_n_0.  Did not re-place instance fastvit_bd_i/worker_0/inst/dwconv_worker_U/dataflow_in_loop_LOOP_DW_CH_1_U0/dwconv_process_channel4_U0/grp_dwconv_process_channel4_Pipeline_LOAD_DW_IN_fu_1093/ram_reg_i_105
INFO: [Physopt 32-662] Processed net fastvit_bd_i/worker_0/inst/dwconv_worker_U/dataflow_in_loop_LOOP_DW_CH_1_U0/dwconv_process_channel4_U0/grp_dwconv_process_channel4_Pipeline_LOAD_DW_IN_fu_1093/ram_reg_i_32__3_n_0.  Did not re-place instance fastvit_bd_i/worker_0/inst/dwconv_worker_U/dataflow_in_loop_LOOP_DW_CH_1_U0/dwconv_process_channel4_U0/grp_dwconv_process_channel4_Pipeline_LOAD_DW_IN_fu_1093/ram_reg_i_32__3
INFO: [Physopt 32-662] Processed net fastvit_bd_i/worker_0/inst/ctrl_s_axi_U/int_Hin[31]_i_1_n_0.  Did not re-place instance fastvit_bd_i/worker_0/inst/ctrl_s_axi_U/int_Hin[31]_i_1
INFO: [Physopt 32-662] Processed net fastvit_bd_i/worker_0/inst/dwconv_worker_U/dataflow_in_loop_LOOP_DW_CH_1_U0/dwconv_process_channel4_U0/grp_dwconv_process_channel4_Pipeline_LOAD_DW_IN_fu_1093/ram_reg_i_17__3_n_0.  Did not re-place instance fastvit_bd_i/worker_0/inst/dwconv_worker_U/dataflow_in_loop_LOOP_DW_CH_1_U0/dwconv_process_channel4_U0/grp_dwconv_process_channel4_Pipeline_LOAD_DW_IN_fu_1093/ram_reg_i_17__3
INFO: [Physopt 32-662] Processed net fastvit_bd_i/worker_0/inst/dwconv_worker_U/dataflow_in_loop_LOOP_DW_CH_1_U0/dwconv_process_channel4_U0/grp_dwconv_process_channel4_Pipeline_LOAD_DW_IN_fu_1093/ram_reg_i_29__1_n_0.  Did not re-place instance fastvit_bd_i/worker_0/inst/dwconv_worker_U/dataflow_in_loop_LOOP_DW_CH_1_U0/dwconv_process_channel4_U0/grp_dwconv_process_channel4_Pipeline_LOAD_DW_IN_fu_1093/ram_reg_i_29__1
INFO: [Physopt 32-662] Processed net fastvit_bd_i/worker_0/inst/dwconv_worker_U/dataflow_in_loop_LOOP_DW_CH_1_U0/dwconv_process_channel4_U0/grp_dwconv_process_channel4_Pipeline_LOAD_DW_IN_fu_1093/ram_reg_i_84_n_0.  Did not re-place instance fastvit_bd_i/worker_0/inst/dwconv_worker_U/dataflow_in_loop_LOOP_DW_CH_1_U0/dwconv_process_channel4_U0/grp_dwconv_process_channel4_Pipeline_LOAD_DW_IN_fu_1093/ram_reg_i_84
INFO: [Physopt 32-662] Processed net fastvit_bd_i/worker_0/inst/dwconv_worker_U/dataflow_in_loop_LOOP_DW_CH_1_U0/dwconv_process_channel4_U0/grp_dwconv_process_channel4_Pipeline_LOAD_DW_IN_fu_1093/add_ln221_1_reg_5839_reg[3]_0[7].  Did not re-place instance fastvit_bd_i/worker_0/inst/dwconv_worker_U/dataflow_in_loop_LOOP_DW_CH_1_U0/dwconv_process_channel4_U0/grp_dwconv_process_channel4_Pipeline_LOAD_DW_IN_fu_1093/ram_reg_i_3__13
INFO: [Physopt 32-662] Processed net fastvit_bd_i/worker_0/inst/dwconv_worker_U/dataflow_in_loop_LOOP_DW_CH_1_U0/dwconv_process_channel4_U0/grp_dwconv_process_channel4_Pipeline_LOAD_DW_IN_fu_1093/add_ln221_1_reg_5839_reg[3]_5[4].  Did not re-place instance fastvit_bd_i/worker_0/inst/dwconv_worker_U/dataflow_in_loop_LOOP_DW_CH_1_U0/dwconv_process_channel4_U0/grp_dwconv_process_channel4_Pipeline_LOAD_DW_IN_fu_1093/ram_reg_i_6__9
INFO: [Physopt 32-662] Processed net fastvit_bd_i/sc_main/inst/m00_exit_pipeline/m00_exit/inst/w_reg/s_axi_wready.  Did not re-place instance fastvit_bd_i/sc_main/inst/m00_exit_pipeline/m00_exit/inst/w_reg/s_axi_wready_INST_0
INFO: [Physopt 32-662] Processed net fastvit_bd_i/sc_main/inst/m00_nodes/m00_w_node/inst/inst_mi_handler/gen_normal_area.inst_fifo_node_payld/gen_xpm_memory_fifo.inst_fifo/gen_wr.inst_wr_addra_p1/gen_rd.fifo_empty_r_i_2__1_n_0.  Did not re-place instance fastvit_bd_i/sc_main/inst/m00_nodes/m00_w_node/inst/inst_mi_handler/gen_normal_area.inst_fifo_node_payld/gen_xpm_memory_fifo.inst_fifo/gen_wr.inst_wr_addra_p1/i_0_LOPT_REMAP
INFO: [Physopt 32-662] Processed net fastvit_bd_i/sc_main/inst/m00_exit_pipeline/m00_exit/inst/w_reg/mr_axi_wready.  Did not re-place instance fastvit_bd_i/sc_main/inst/m00_exit_pipeline/m00_exit/inst/w_reg/state_reg[s_ready_i]
INFO: [Physopt 32-662] Processed net fastvit_bd_i/sc_main/inst/m00_nodes/m00_w_node/inst/inst_mi_handler/gen_normal_area.inst_fifo_node_payld/gen_xpm_memory_fifo.inst_fifo/gen_wr.inst_wr_addra_p1/gen_rd.fifo_empty_r_i_5__1_n_0.  Did not re-place instance fastvit_bd_i/sc_main/inst/m00_nodes/m00_w_node/inst/inst_mi_handler/gen_normal_area.inst_fifo_node_payld/gen_xpm_memory_fifo.inst_fifo/gen_wr.inst_wr_addra_p1/gen_rd.fifo_empty_r_i_5__1
INFO: [Physopt 32-662] Processed net fastvit_bd_i/sc_main/inst/m00_nodes/m00_w_node/inst/inst_mi_handler/gen_normal_area.inst_fifo_node_payld/gen_xpm_memory_fifo.inst_fifo/gen_wr.inst_wr_addra_p1/i_5/O_n.  Did not re-place instance fastvit_bd_i/sc_main/inst/m00_nodes/m00_w_node/inst/inst_mi_handler/gen_normal_area.inst_fifo_node_payld/gen_xpm_memory_fifo.inst_fifo/gen_wr.inst_wr_addra_p1/i_5_LOPT_REMAP
INFO: [Physopt 32-662] Processed net fastvit_bd_i/sc_main/inst/m00_nodes/m00_w_node/inst/inst_mi_handler/gen_normal_area.inst_fifo_node_payld/gen_xpm_memory_fifo.inst_fifo/wr_wea.  Did not re-place instance fastvit_bd_i/sc_main/inst/m00_nodes/m00_w_node/inst/inst_mi_handler/gen_normal_area.inst_fifo_node_payld/gen_xpm_memory_fifo.inst_fifo/gen_wr.full_r_reg_inv
INFO: [Physopt 32-662] Processed net fastvit_bd_i/worker_0/inst/dwconv_worker_U/dataflow_in_loop_LOOP_DW_CH_1_U0/dwconv_process_channel4_U0/grp_dwconv_process_channel4_Pipeline_LOAD_DW_IN_fu_1093/add_ln221_1_reg_5839_reg[3]_9[4].  Did not re-place instance fastvit_bd_i/worker_0/inst/dwconv_worker_U/dataflow_in_loop_LOOP_DW_CH_1_U0/dwconv_process_channel4_U0/grp_dwconv_process_channel4_Pipeline_LOAD_DW_IN_fu_1093/ram_reg_i_6__13
INFO: [Physopt 32-662] Processed net fastvit_bd_i/sc_main/inst/s02_entry_pipeline/s02_mmu/inst/ar_sreg/gen_endpoint.r_trigger_decerr.  Did not re-place instance fastvit_bd_i/sc_main/inst/s02_entry_pipeline/s02_mmu/inst/ar_sreg/i_0_LOPT_REMAP
INFO: [Physopt 32-662] Processed net fastvit_bd_i/sc_main/inst/s02_entry_pipeline/s02_mmu/inst/ar_sreg/i_2/O_n.  Did not re-place instance fastvit_bd_i/sc_main/inst/s02_entry_pipeline/s02_mmu/inst/ar_sreg/i_2_LOPT_REMAP
INFO: [Physopt 32-662] Processed net fastvit_bd_i/sc_main/inst/s02_entry_pipeline/s02_mmu/inst/ar_sreg/i_3/O_n.  Did not re-place instance fastvit_bd_i/sc_main/inst/s02_entry_pipeline/s02_mmu/inst/ar_sreg/i_3_LOPT_REMAP
INFO: [Physopt 32-662] Processed net fastvit_bd_i/sc_main/inst/s02_entry_pipeline/s02_mmu/inst/gen_endpoint.r_cnt_reg[1].  Did not re-place instance fastvit_bd_i/sc_main/inst/s02_entry_pipeline/s02_mmu/inst/gen_endpoint.r_cnt_reg[1]
INFO: [Physopt 32-662] Processed net fastvit_bd_i/sc_main/inst/s02_entry_pipeline/s02_mmu/inst/gen_endpoint.r_cnt_reg[2].  Did not re-place instance fastvit_bd_i/sc_main/inst/s02_entry_pipeline/s02_mmu/inst/gen_endpoint.r_cnt_reg[2]
INFO: [Physopt 32-662] Processed net fastvit_bd_i/sc_main/inst/s02_entry_pipeline/s02_mmu/inst/gen_endpoint.r_cnt_reg[3].  Did not re-place instance fastvit_bd_i/sc_main/inst/s02_entry_pipeline/s02_mmu/inst/gen_endpoint.r_cnt_reg[3]
INFO: [Physopt 32-662] Processed net fastvit_bd_i/sc_main/inst/s02_entry_pipeline/s02_mmu/inst/gen_endpoint.r_cnt_reg[4].  Did not re-place instance fastvit_bd_i/sc_main/inst/s02_entry_pipeline/s02_mmu/inst/gen_endpoint.r_cnt_reg[4]
INFO: [Physopt 32-661] Optimized 92 nets.  Re-placed 92 instances.
INFO: [Physopt 32-775] End 1 Pass. Optimized 92 nets or cells. Created 0 new cell, deleted 0 existing cell and moved 92 existing cells
INFO: [Physopt 32-619] Estimated Timing Summary | WNS=-0.366 | TNS=-24.913 |
Netlist sorting complete. Time (s): cpu = 00:00:00 ; elapsed = 00:00:00.011 . Memory (MB): peak = 2644.430 ; gain = 0.000
Phase 9 Single Cell Placement Optimization | Checksum: 191915f4b

Time (s): cpu = 00:00:12 ; elapsed = 00:00:12 . Memory (MB): peak = 2644.430 ; gain = 17.906

Phase 10 Multi Cell Placement Optimization
INFO: [Physopt 32-660] Identified 100 candidate nets for placement-based optimization.
INFO: [Physopt 32-662] Processed net fastvit_bd_i/ps_ctrl_ic/xbar/inst/gen_sasd.crossbar_sasd_0/addr_arbiter_inst/m_axi_wvalid[1]_repN.  Did not re-place instance fastvit_bd_i/ps_ctrl_ic/xbar/inst/gen_sasd.crossbar_sasd_0/addr_arbiter_inst/m_axi_wvalid[1]_INST_0_replica/O
INFO: [Physopt 32-662] Processed net fastvit_bd_i/worker_0/inst/ctrl_s_axi_U/int_ap_start5_out.  Did not re-place instance fastvit_bd_i/worker_0/inst/ctrl_s_axi_U/int_ap_start_i_3_rewire/O
INFO: [Physopt 32-662] Processed net fastvit_bd_i/worker_0/inst/ctrl_s_axi_U/int_ap_start_i_1_n_0.  Did not re-place instance fastvit_bd_i/worker_0/inst/ctrl_s_axi_U/int_ap_start_i_1/O
INFO: [Physopt 32-662] Processed net fastvit_bd_i/worker_0/inst/ctrl_s_axi_U/int_CHin_reg[2]_0[2].  Did not re-place instance fastvit_bd_i/worker_0/inst/ctrl_s_axi_U/int_CHin_reg[2]/Q
INFO: [Physopt 32-662] Processed net fastvit_bd_i/worker_0/inst/dwconv_worker_U/dataflow_in_loop_LOOP_DW_CH_1_U0/dwconv_process_channel4_U0/grp_dwconv_process_channel4_Pipeline_LOAD_DW_IN_fu_1093/ram_reg_i_20__2_n_0.  Did not re-place instance fastvit_bd_i/worker_0/inst/dwconv_worker_U/dataflow_in_loop_LOOP_DW_CH_1_U0/dwconv_process_channel4_U0/grp_dwconv_process_channel4_Pipeline_LOAD_DW_IN_fu_1093/ram_reg_i_20__2/O
INFO: [Physopt 32-662] Processed net fastvit_bd_i/worker_0/inst/dwconv_worker_U/dataflow_in_loop_LOOP_DW_CH_1_U0/dwconv_process_channel4_U0/grp_dwconv_process_channel4_Pipeline_LOAD_DW_IN_fu_1093/ram_reg_i_58_n_0.  Did not re-place instance fastvit_bd_i/worker_0/inst/dwconv_worker_U/dataflow_in_loop_LOOP_DW_CH_1_U0/dwconv_process_channel4_U0/grp_dwconv_process_channel4_Pipeline_LOAD_DW_IN_fu_1093/ram_reg_i_58/O
INFO: [Physopt 32-662] Processed net fastvit_bd_i/worker_0/inst/dwconv_worker_U/dataflow_in_loop_LOOP_DW_CH_1_U0/dwconv_process_channel4_U0/grp_dwconv_process_channel4_Pipeline_LOAD_DW_IN_fu_1093/lshr_ln1_reg_5754[6].  Did not re-place instance fastvit_bd_i/worker_0/inst/dwconv_worker_U/dataflow_in_loop_LOOP_DW_CH_1_U0/dwconv_process_channel4_U0/grp_dwconv_process_channel4_Pipeline_LOAD_DW_IN_fu_1093/lshr_ln1_reg_5754_reg[6]/Q
INFO: [Physopt 32-662] Processed net fastvit_bd_i/worker_0/inst/dwconv_worker_U/dataflow_in_loop_LOOP_DW_CH_1_U0/dwconv_process_channel4_U0/grp_dwconv_process_channel4_Pipeline_LOAD_DW_IN_fu_1093/ram_reg_i_21__3_n_0.  Did not re-place instance fastvit_bd_i/worker_0/inst/dwconv_worker_U/dataflow_in_loop_LOOP_DW_CH_1_U0/dwconv_process_channel4_U0/grp_dwconv_process_channel4_Pipeline_LOAD_DW_IN_fu_1093/ram_reg_i_21__3/O
INFO: [Physopt 32-662] Processed net fastvit_bd_i/worker_0/inst/dwconv_worker_U/dataflow_in_loop_LOOP_DW_CH_1_U0/dwconv_process_channel4_U0/grp_dwconv_process_channel4_Pipeline_LOAD_DW_IN_fu_1093/ram_reg_i_63_n_0.  Did not re-place instance fastvit_bd_i/worker_0/inst/dwconv_worker_U/dataflow_in_loop_LOOP_DW_CH_1_U0/dwconv_process_channel4_U0/grp_dwconv_process_channel4_Pipeline_LOAD_DW_IN_fu_1093/ram_reg_i_63/O
INFO: [Physopt 32-662] Processed net fastvit_bd_i/worker_0/inst/dwconv_worker_U/dataflow_in_loop_LOOP_DW_CH_1_U0/dwconv_process_channel4_U0/grp_dwconv_process_channel4_Pipeline_LOAD_DW_IN_fu_1093/ram_reg_i_34__1_n_0.  Did not re-place instance fastvit_bd_i/worker_0/inst/dwconv_worker_U/dataflow_in_loop_LOOP_DW_CH_1_U0/dwconv_process_channel4_U0/grp_dwconv_process_channel4_Pipeline_LOAD_DW_IN_fu_1093/ram_reg_i_34__1/O
INFO: [Physopt 32-662] Processed net fastvit_bd_i/worker_0/inst/dwconv_worker_U/dataflow_in_loop_LOOP_DW_CH_1_U0/dwconv_process_channel4_U0/grp_dwconv_process_channel4_Pipeline_LOAD_DW_IN_fu_1093/ram_reg_i_96_n_0.  Did not re-place instance fastvit_bd_i/worker_0/inst/dwconv_worker_U/dataflow_in_loop_LOOP_DW_CH_1_U0/dwconv_process_channel4_U0/grp_dwconv_process_channel4_Pipeline_LOAD_DW_IN_fu_1093/ram_reg_i_96/O
INFO: [Physopt 32-662] Processed net fastvit_bd_i/worker_0/inst/dwconv_worker_U/dataflow_in_loop_LOOP_DW_CH_1_U0/dwconv_process_channel4_U0/grp_dwconv_process_channel4_Pipeline_LOAD_DW_IN_fu_1093/ram_reg_i_119_n_0.  Did not re-place instance fastvit_bd_i/worker_0/inst/dwconv_worker_U/dataflow_in_loop_LOOP_DW_CH_1_U0/dwconv_process_channel4_U0/grp_dwconv_process_channel4_Pipeline_LOAD_DW_IN_fu_1093/ram_reg_i_119/O
INFO: [Physopt 32-662] Processed net fastvit_bd_i/worker_0/inst/dwconv_worker_U/dataflow_in_loop_LOOP_DW_CH_1_U0/dwconv_process_channel4_U0/grp_dwconv_process_channel4_Pipeline_LOAD_DW_IN_fu_1093/ram_reg_i_40__1_n_0.  Did not re-place instance fastvit_bd_i/worker_0/inst/dwconv_worker_U/dataflow_in_loop_LOOP_DW_CH_1_U0/dwconv_process_channel4_U0/grp_dwconv_process_channel4_Pipeline_LOAD_DW_IN_fu_1093/ram_reg_i_40__1/O
INFO: [Physopt 32-662] Processed net fastvit_bd_i/worker_0/inst/dwconv_worker_U/dataflow_in_loop_LOOP_DW_CH_1_U0/dwconv_process_channel4_U0/grp_dwconv_process_channel4_Pipeline_LOAD_DW_IN_fu_1093/lshr_ln1_reg_5754[4].  Did not re-place instance fastvit_bd_i/worker_0/inst/dwconv_worker_U/dataflow_in_loop_LOOP_DW_CH_1_U0/dwconv_process_channel4_U0/grp_dwconv_process_channel4_Pipeline_LOAD_DW_IN_fu_1093/lshr_ln1_reg_5754_reg[4]/Q
INFO: [Physopt 32-662] Processed net fastvit_bd_i/worker_0/inst/dwconv_worker_U/dataflow_in_loop_LOOP_DW_CH_1_U0/dwconv_process_channel4_U0/grp_dwconv_process_channel4_Pipeline_LOAD_DW_IN_fu_1093/ram_reg_i_25__3_n_0.  Did not re-place instance fastvit_bd_i/worker_0/inst/dwconv_worker_U/dataflow_in_loop_LOOP_DW_CH_1_U0/dwconv_process_channel4_U0/grp_dwconv_process_channel4_Pipeline_LOAD_DW_IN_fu_1093/ram_reg_i_25__3/O
INFO: [Physopt 32-662] Processed net fastvit_bd_i/worker_0/inst/dwconv_worker_U/dataflow_in_loop_LOOP_DW_CH_1_U0/dwconv_process_channel4_U0/grp_dwconv_process_channel4_Pipeline_LOAD_DW_IN_fu_1093/ram_reg_i_77_n_0.  Did not re-place instance fastvit_bd_i/worker_0/inst/dwconv_worker_U/dataflow_in_loop_LOOP_DW_CH_1_U0/dwconv_process_channel4_U0/grp_dwconv_process_channel4_Pipeline_LOAD_DW_IN_fu_1093/ram_reg_i_77/O
INFO: [Physopt 32-662] Processed net fastvit_bd_i/worker_0/inst/dwconv_worker_U/dataflow_in_loop_LOOP_DW_CH_1_U0/dwconv_process_channel4_U0/grp_dwconv_process_channel4_Pipeline_LOAD_DW_IN_fu_1093/lshr_ln1_reg_5754[3].  Did not re-place instance fastvit_bd_i/worker_0/inst/dwconv_worker_U/dataflow_in_loop_LOOP_DW_CH_1_U0/dwconv_process_channel4_U0/grp_dwconv_process_channel4_Pipeline_LOAD_DW_IN_fu_1093/lshr_ln1_reg_5754_reg[3]/Q
INFO: [Physopt 32-662] Processed net fastvit_bd_i/worker_0/inst/dwconv_worker_U/dataflow_in_loop_LOOP_DW_CH_1_U0/dwconv_process_channel4_U0/grp_dwconv_process_channel4_Pipeline_LOAD_DW_IN_fu_1093/ram_reg_i_33__1_n_0.  Did not re-place instance fastvit_bd_i/worker_0/inst/dwconv_worker_U/dataflow_in_loop_LOOP_DW_CH_1_U0/dwconv_process_channel4_U0/grp_dwconv_process_channel4_Pipeline_LOAD_DW_IN_fu_1093/ram_reg_i_33__1/O
INFO: [Physopt 32-662] Processed net fastvit_bd_i/worker_0/inst/dwconv_worker_U/dataflow_in_loop_LOOP_DW_CH_1_U0/dwconv_process_channel4_U0/grp_dwconv_process_channel4_Pipeline_LOAD_DW_IN_fu_1093/ram_reg_i_29__0_n_0.  Did not re-place instance fastvit_bd_i/worker_0/inst/dwconv_worker_U/dataflow_in_loop_LOOP_DW_CH_1_U0/dwconv_process_channel4_U0/grp_dwconv_process_channel4_Pipeline_LOAD_DW_IN_fu_1093/ram_reg_i_29__0/O
INFO: [Physopt 32-662] Processed net fastvit_bd_i/worker_0/inst/dwconv_worker_U/dataflow_in_loop_LOOP_DW_CH_1_U0/dwconv_process_channel4_U0/grp_dwconv_process_channel4_Pipeline_LOAD_DW_IN_fu_1093/ram_reg_i_78_n_0.  Did not re-place instance fastvit_bd_i/worker_0/inst/dwconv_worker_U/dataflow_in_loop_LOOP_DW_CH_1_U0/dwconv_process_channel4_U0/grp_dwconv_process_channel4_Pipeline_LOAD_DW_IN_fu_1093/ram_reg_i_78/O
INFO: [Physopt 32-662] Processed net fastvit_bd_i/worker_0/inst/dwconv_worker_U/dataflow_in_loop_LOOP_DW_CH_1_U0/dwconv_process_channel4_U0/grp_dwconv_process_channel4_Pipeline_LOAD_DW_IN_fu_1093/ram_reg_i_57_n_0.  Did not re-place instance fastvit_bd_i/worker_0/inst/dwconv_worker_U/dataflow_in_loop_LOOP_DW_CH_1_U0/dwconv_process_channel4_U0/grp_dwconv_process_channel4_Pipeline_LOAD_DW_IN_fu_1093/ram_reg_i_57/O
INFO: [Physopt 32-662] Processed net fastvit_bd_i/worker_0/inst/dwconv_worker_U/dataflow_in_loop_LOOP_DW_CH_1_U0/dwconv_process_channel4_U0/grp_dwconv_process_channel4_Pipeline_LOAD_DW_IN_fu_1093/lshr_ln1_reg_5754[0].  Did not re-place instance fastvit_bd_i/worker_0/inst/dwconv_worker_U/dataflow_in_loop_LOOP_DW_CH_1_U0/dwconv_process_channel4_U0/grp_dwconv_process_channel4_Pipeline_LOAD_DW_IN_fu_1093/lshr_ln1_reg_5754_reg[0]/Q
INFO: [Physopt 32-662] Processed net fastvit_bd_i/worker_0/inst/dwconv_worker_U/dataflow_in_loop_LOOP_DW_CH_1_U0/dwconv_process_channel4_U0/grp_dwconv_process_channel4_Pipeline_LOAD_DW_IN_fu_1093/ram_reg_i_132_n_0.  Did not re-place instance fastvit_bd_i/worker_0/inst/dwconv_worker_U/dataflow_in_loop_LOOP_DW_CH_1_U0/dwconv_process_channel4_U0/grp_dwconv_process_channel4_Pipeline_LOAD_DW_IN_fu_1093/ram_reg_i_132/O
INFO: [Physopt 32-662] Processed net fastvit_bd_i/worker_0/inst/dwconv_worker_U/dataflow_in_loop_LOOP_DW_CH_1_U0/dwconv_process_channel4_U0/grp_dwconv_process_channel4_Pipeline_LOAD_DW_IN_fu_1093/ram_reg_i_17__1_n_0.  Did not re-place instance fastvit_bd_i/worker_0/inst/dwconv_worker_U/dataflow_in_loop_LOOP_DW_CH_1_U0/dwconv_process_channel4_U0/grp_dwconv_process_channel4_Pipeline_LOAD_DW_IN_fu_1093/ram_reg_i_17__1/O
INFO: [Physopt 32-662] Processed net fastvit_bd_i/worker_0/inst/dwconv_worker_U/dataflow_in_loop_LOOP_DW_CH_1_U0/dwconv_process_channel4_U0/grp_dwconv_process_channel4_Pipeline_LOAD_DW_IN_fu_1093/ram_reg_i_44__2_n_0.  Did not re-place instance fastvit_bd_i/worker_0/inst/dwconv_worker_U/dataflow_in_loop_LOOP_DW_CH_1_U0/dwconv_process_channel4_U0/grp_dwconv_process_channel4_Pipeline_LOAD_DW_IN_fu_1093/ram_reg_i_44__2/O
INFO: [Physopt 32-662] Processed net fastvit_bd_i/worker_0/inst/dwconv_worker_U/dataflow_in_loop_LOOP_DW_CH_1_U0/dwconv_process_channel4_U0/grp_dwconv_process_channel4_Pipeline_LOAD_DW_IN_fu_1093/ram_reg_i_45_n_0.  Did not re-place instance fastvit_bd_i/worker_0/inst/dwconv_worker_U/dataflow_in_loop_LOOP_DW_CH_1_U0/dwconv_process_channel4_U0/grp_dwconv_process_channel4_Pipeline_LOAD_DW_IN_fu_1093/ram_reg_i_45/O
INFO: [Physopt 32-662] Processed net fastvit_bd_i/worker_0/inst/dwconv_worker_U/dataflow_in_loop_LOOP_DW_CH_1_U0/dwconv_process_channel4_U0/grp_dwconv_process_channel4_Pipeline_LOAD_DW_IN_fu_1093/ram_reg_i_16__3_n_0.  Did not re-place instance fastvit_bd_i/worker_0/inst/dwconv_worker_U/dataflow_in_loop_LOOP_DW_CH_1_U0/dwconv_process_channel4_U0/grp_dwconv_process_channel4_Pipeline_LOAD_DW_IN_fu_1093/ram_reg_i_16__3/O
INFO: [Physopt 32-662] Processed net fastvit_bd_i/worker_0/inst/dwconv_worker_U/dataflow_in_loop_LOOP_DW_CH_1_U0/dwconv_process_channel4_U0/grp_dwconv_process_channel4_Pipeline_LOAD_DW_IN_fu_1093/ram_reg_i_19__0_n_0.  Did not re-place instance fastvit_bd_i/worker_0/inst/dwconv_worker_U/dataflow_in_loop_LOOP_DW_CH_1_U0/dwconv_process_channel4_U0/grp_dwconv_process_channel4_Pipeline_LOAD_DW_IN_fu_1093/ram_reg_i_19__0/O
INFO: [Physopt 32-662] Processed net fastvit_bd_i/worker_0/inst/dwconv_worker_U/dataflow_in_loop_LOOP_DW_CH_1_U0/dwconv_process_channel4_U0/grp_dwconv_process_channel4_Pipeline_LOAD_DW_IN_fu_1093/ram_reg_i_47_n_0.  Did not re-place instance fastvit_bd_i/worker_0/inst/dwconv_worker_U/dataflow_in_loop_LOOP_DW_CH_1_U0/dwconv_process_channel4_U0/grp_dwconv_process_channel4_Pipeline_LOAD_DW_IN_fu_1093/ram_reg_i_47/O
INFO: [Physopt 32-662] Processed net fastvit_bd_i/worker_0/inst/dwconv_worker_U/dataflow_in_loop_LOOP_DW_CH_1_U0/dwconv_process_channel4_U0/grp_dwconv_process_channel4_Pipeline_LOAD_DW_IN_fu_1093/ram_reg_i_53_n_0.  Did not re-place instance fastvit_bd_i/worker_0/inst/dwconv_worker_U/dataflow_in_loop_LOOP_DW_CH_1_U0/dwconv_process_channel4_U0/grp_dwconv_process_channel4_Pipeline_LOAD_DW_IN_fu_1093/ram_reg_i_53/O
INFO: [Physopt 32-662] Processed net fastvit_bd_i/worker_0/inst/dwconv_worker_U/dataflow_in_loop_LOOP_DW_CH_1_U0/dwconv_process_channel4_U0/grp_dwconv_process_channel4_Pipeline_LOAD_DW_IN_fu_1093/ram_reg_i_23__1_n_0.  Did not re-place instance fastvit_bd_i/worker_0/inst/dwconv_worker_U/dataflow_in_loop_LOOP_DW_CH_1_U0/dwconv_process_channel4_U0/grp_dwconv_process_channel4_Pipeline_LOAD_DW_IN_fu_1093/ram_reg_i_23__1/O
INFO: [Physopt 32-662] Processed net fastvit_bd_i/worker_0/inst/dwconv_worker_U/dataflow_in_loop_LOOP_DW_CH_1_U0/dwconv_process_channel4_U0/grp_dwconv_process_channel4_Pipeline_LOAD_DW_IN_fu_1093/ram_reg_i_45__1_n_0.  Did not re-place instance fastvit_bd_i/worker_0/inst/dwconv_worker_U/dataflow_in_loop_LOOP_DW_CH_1_U0/dwconv_process_channel4_U0/grp_dwconv_process_channel4_Pipeline_LOAD_DW_IN_fu_1093/ram_reg_i_45__1/O
INFO: [Physopt 32-662] Processed net fastvit_bd_i/worker_0/inst/dwconv_worker_U/dataflow_in_loop_LOOP_DW_CH_1_U0/dwconv_process_channel4_U0/grp_dwconv_process_channel4_Pipeline_LOAD_DW_IN_fu_1093/ram_reg_i_66_n_0.  Did not re-place instance fastvit_bd_i/worker_0/inst/dwconv_worker_U/dataflow_in_loop_LOOP_DW_CH_1_U0/dwconv_process_channel4_U0/grp_dwconv_process_channel4_Pipeline_LOAD_DW_IN_fu_1093/ram_reg_i_66/O
INFO: [Physopt 32-662] Processed net fastvit_bd_i/worker_0/inst/dwconv_worker_U/dataflow_in_loop_LOOP_DW_CH_1_U0/dwconv_process_channel4_U0/grp_dwconv_process_channel4_Pipeline_LOAD_DW_IN_fu_1093/ram_reg_i_128_n_0.  Did not re-place instance fastvit_bd_i/worker_0/inst/dwconv_worker_U/dataflow_in_loop_LOOP_DW_CH_1_U0/dwconv_process_channel4_U0/grp_dwconv_process_channel4_Pipeline_LOAD_DW_IN_fu_1093/ram_reg_i_128/O
INFO: [Physopt 32-662] Processed net fastvit_bd_i/worker_0/inst/dwconv_worker_U/dataflow_in_loop_LOOP_DW_CH_1_U0/dwconv_process_channel4_U0/grp_dwconv_process_channel4_Pipeline_LOAD_DW_IN_fu_1093/ram_reg_i_45__0_n_0.  Did not re-place instance fastvit_bd_i/worker_0/inst/dwconv_worker_U/dataflow_in_loop_LOOP_DW_CH_1_U0/dwconv_process_channel4_U0/grp_dwconv_process_channel4_Pipeline_LOAD_DW_IN_fu_1093/ram_reg_i_45__0/O
INFO: [Physopt 32-662] Processed net fastvit_bd_i/worker_0/inst/dwconv_worker_U/dataflow_in_loop_LOOP_DW_CH_1_U0/dwconv_process_channel4_U0/grp_dwconv_process_channel4_Pipeline_LOAD_DW_IN_fu_1093/ram_reg_i_105_n_0.  Did not re-place instance fastvit_bd_i/worker_0/inst/dwconv_worker_U/dataflow_in_loop_LOOP_DW_CH_1_U0/dwconv_process_channel4_U0/grp_dwconv_process_channel4_Pipeline_LOAD_DW_IN_fu_1093/ram_reg_i_105/O
INFO: [Physopt 32-662] Processed net fastvit_bd_i/worker_0/inst/dwconv_worker_U/dataflow_in_loop_LOOP_DW_CH_1_U0/dwconv_process_channel4_U0/grp_dwconv_process_channel4_Pipeline_LOAD_DW_IN_fu_1093/ram_reg_i_32__3_n_0.  Did not re-place instance fastvit_bd_i/worker_0/inst/dwconv_worker_U/dataflow_in_loop_LOOP_DW_CH_1_U0/dwconv_process_channel4_U0/grp_dwconv_process_channel4_Pipeline_LOAD_DW_IN_fu_1093/ram_reg_i_32__3/O
INFO: [Physopt 32-662] Processed net fastvit_bd_i/worker_0/inst/dwconv_worker_U/dataflow_in_loop_LOOP_DW_CH_1_U0/dwconv_process_channel4_U0/grp_dwconv_process_channel4_Pipeline_LOAD_DW_IN_fu_1093/ram_reg_i_31__3_n_0.  Did not re-place instance fastvit_bd_i/worker_0/inst/dwconv_worker_U/dataflow_in_loop_LOOP_DW_CH_1_U0/dwconv_process_channel4_U0/grp_dwconv_process_channel4_Pipeline_LOAD_DW_IN_fu_1093/ram_reg_i_31__3/O
INFO: [Physopt 32-662] Processed net fastvit_bd_i/worker_0/inst/dwconv_worker_U/dataflow_in_loop_LOOP_DW_CH_1_U0/dwconv_process_channel4_U0/grp_dwconv_process_channel4_Pipeline_LOAD_DW_IN_fu_1093/ram_reg_i_101_n_0.  Did not re-place instance fastvit_bd_i/worker_0/inst/dwconv_worker_U/dataflow_in_loop_LOOP_DW_CH_1_U0/dwconv_process_channel4_U0/grp_dwconv_process_channel4_Pipeline_LOAD_DW_IN_fu_1093/ram_reg_i_101/O
INFO: [Physopt 32-662] Processed net fastvit_bd_i/worker_0/inst/dwconv_worker_U/dataflow_in_loop_LOOP_DW_CH_1_U0/dwconv_process_channel4_U0/grp_dwconv_process_channel4_Pipeline_LOAD_DW_IN_fu_1093/ram_reg_i_29__1_n_0.  Did not re-place instance fastvit_bd_i/worker_0/inst/dwconv_worker_U/dataflow_in_loop_LOOP_DW_CH_1_U0/dwconv_process_channel4_U0/grp_dwconv_process_channel4_Pipeline_LOAD_DW_IN_fu_1093/ram_reg_i_29__1/O
INFO: [Physopt 32-662] Processed net fastvit_bd_i/worker_0/inst/dwconv_worker_U/dataflow_in_loop_LOOP_DW_CH_1_U0/dwconv_process_channel4_U0/grp_dwconv_process_channel4_Pipeline_LOAD_DW_IN_fu_1093/ram_reg_i_84_n_0.  Did not re-place instance fastvit_bd_i/worker_0/inst/dwconv_worker_U/dataflow_in_loop_LOOP_DW_CH_1_U0/dwconv_process_channel4_U0/grp_dwconv_process_channel4_Pipeline_LOAD_DW_IN_fu_1093/ram_reg_i_84/O
INFO: [Physopt 32-662] Processed net fastvit_bd_i/worker_0/inst/dwconv_worker_U/dataflow_in_loop_LOOP_DW_CH_1_U0/dwconv_preload_channel3_U0/ap_CS_fsm_reg[11]_0[1].  Did not re-place instance fastvit_bd_i/worker_0/inst/dwconv_worker_U/dataflow_in_loop_LOOP_DW_CH_1_U0/dwconv_preload_channel3_U0/ap_CS_fsm_reg[11]/Q
INFO: [Physopt 32-662] Processed net fastvit_bd_i/worker_0/inst/dwconv_worker_U/dataflow_in_loop_LOOP_DW_CH_1_U0/dwconv_process_channel4_U0/grp_dwconv_process_channel4_Pipeline_LOAD_DW_IN_fu_1093/ram_reg_i_121_n_0.  Did not re-place instance fastvit_bd_i/worker_0/inst/dwconv_worker_U/dataflow_in_loop_LOOP_DW_CH_1_U0/dwconv_process_channel4_U0/grp_dwconv_process_channel4_Pipeline_LOAD_DW_IN_fu_1093/ram_reg_i_121/O
INFO: [Physopt 32-662] Processed net fastvit_bd_i/worker_0/inst/dwconv_worker_U/dataflow_in_loop_LOOP_DW_CH_1_U0/dwconv_process_channel4_U0/grp_dwconv_process_channel4_Pipeline_LOAD_DW_IN_fu_1093/ram_reg_i_36__3_n_0.  Did not re-place instance fastvit_bd_i/worker_0/inst/dwconv_worker_U/dataflow_in_loop_LOOP_DW_CH_1_U0/dwconv_process_channel4_U0/grp_dwconv_process_channel4_Pipeline_LOAD_DW_IN_fu_1093/ram_reg_i_36__3/O
INFO: [Physopt 32-661] Optimized 4 nets.  Re-placed 12 instances.
INFO: [Physopt 32-775] End 1 Pass. Optimized 4 nets or cells. Created 0 new cell, deleted 0 existing cell and moved 12 existing cells
INFO: [Physopt 32-619] Estimated Timing Summary | WNS=-0.366 | TNS=-23.375 |
Netlist sorting complete. Time (s): cpu = 00:00:00 ; elapsed = 00:00:00.009 . Memory (MB): peak = 2644.430 ; gain = 0.000
Phase 10 Multi Cell Placement Optimization | Checksum: db279562

Time (s): cpu = 00:00:15 ; elapsed = 00:00:15 . Memory (MB): peak = 2644.430 ; gain = 17.906

Phase 11 Rewire
INFO: [Physopt 32-246] Starting Signal Push optimization...
INFO: [Physopt 32-77] Pass 1. Identified 4 candidate nets for rewire optimization.
INFO: [Physopt 32-242] Processed net fastvit_bd_i/ps_ctrl_ic/xbar/inst/gen_sasd.crossbar_sasd_0/addr_arbiter_inst/m_axi_wvalid[1]_repN. Rewired (signal push) fastvit_bd_i/ps_ctrl_ic/xbar/inst/gen_sasd.crossbar_sasd_0/addr_arbiter_inst/s_axi_wvalid[0] to 1 loads. Replicated 1 times.
INFO: [Physopt 32-242] Processed net fastvit_bd_i/ps_ctrl_ic/xbar/inst/gen_sasd.crossbar_sasd_0/addr_arbiter_inst/m_axi_wvalid[1]. Rewired (signal push) fastvit_bd_i/ps_ctrl_ic/xbar/inst/gen_sasd.crossbar_sasd_0/addr_arbiter_inst/s_axi_wvalid[0] to 3 loads. Replicated 1 times.
INFO: [Physopt 32-134] Processed net fastvit_bd_i/worker_0/inst/dwconv_gmem1_m_axi_U/bus_read/rreq_burst_conv/rs_req/i_2/O_n. Rewiring did not optimize the net.
INFO: [Physopt 32-242] Processed net fastvit_bd_i/ps_ctrl_ic/s00_couplers/auto_pc/inst/gen_axilite.gen_b2s_conv.axilite_b2s/RD.r_channel_0/transaction_fifo_0/cnt_read_reg[4]_0. Rewired (signal push) fastvit_bd_i/ps_ctrl_ic/s00_couplers/auto_pc/inst/gen_axilite.gen_b2s_conv.axilite_b2s/RD.r_channel_0/transaction_fifo_0/FSM_sequential_state_reg[0] to 2 loads. Replicated 0 times.
INFO: [Physopt 32-232] Optimized 3 nets. Created 2 new instances.
INFO: [Physopt 32-775] End 1 Pass. Optimized 3 nets or cells. Created 2 new cells, deleted 0 existing cell and moved 0 existing cell
Netlist sorting complete. Time (s): cpu = 00:00:00 ; elapsed = 00:00:00.028 . Memory (MB): peak = 2644.430 ; gain = 0.000
INFO: [Physopt 32-619] Estimated Timing Summary | WNS=-0.151 | TNS=-15.394 |
Netlist sorting complete. Time (s): cpu = 00:00:00 ; elapsed = 00:00:00.006 . Memory (MB): peak = 2644.430 ; gain = 0.000
Phase 11 Rewire | Checksum: eccc74c9

Time (s): cpu = 00:00:16 ; elapsed = 00:00:15 . Memory (MB): peak = 2644.430 ; gain = 17.906

Phase 12 Critical Cell Optimization
INFO: [Physopt 32-46] Identified 30 candidate nets for critical-cell optimization.
INFO: [Physopt 32-572] Net fastvit_bd_i/worker_0/inst/dwconv_worker_U/dataflow_in_loop_LOOP_DW_CH_1_U0/dwconv_process_channel4_U0/grp_dwconv_process_channel4_Pipeline_LOAD_DW_IN_fu_1093/ram_reg_i_20__2_n_0 was not replicated.
Resolution: phys_opt_design can be forced to replicate a net driver using the option -force_replication_on_nets <list of net objects>.
INFO: [Physopt 32-81] Processed net fastvit_bd_i/worker_0/inst/dwconv_worker_U/dataflow_in_loop_LOOP_DW_CH_1_U0/dwconv_process_channel4_U0/grp_dwconv_process_channel4_Pipeline_LOAD_DW_IN_fu_1093/ram_reg_i_58_n_0. Replicated 1 times.
INFO: [Physopt 32-81] Processed net fastvit_bd_i/worker_0/inst/dwconv_worker_U/dataflow_in_loop_LOOP_DW_CH_1_U0/dwconv_process_channel4_U0/grp_dwconv_process_channel4_Pipeline_LOAD_DW_IN_fu_1093/lshr_ln1_reg_5754[6]. Replicated 1 times.
INFO: [Physopt 32-572] Net fastvit_bd_i/worker_0/inst/dwconv_worker_U/dataflow_in_loop_LOOP_DW_CH_1_U0/dwconv_process_channel4_U0/grp_dwconv_process_channel4_Pipeline_LOAD_DW_IN_fu_1093/ram_reg_i_21__3_n_0 was not replicated.
Resolution: phys_opt_design can be forced to replicate a net driver using the option -force_replication_on_nets <list of net objects>.
INFO: [Physopt 32-81] Processed net fastvit_bd_i/worker_0/inst/dwconv_worker_U/dataflow_in_loop_LOOP_DW_CH_1_U0/dwconv_process_channel4_U0/grp_dwconv_process_channel4_Pipeline_LOAD_DW_IN_fu_1093/ram_reg_i_63_n_0. Replicated 1 times.
INFO: [Physopt 32-572] Net fastvit_bd_i/worker_0/inst/dwconv_worker_U/dataflow_in_loop_LOOP_DW_CH_1_U0/dwconv_process_channel4_U0/grp_dwconv_process_channel4_Pipeline_LOAD_DW_IN_fu_1093/ram_reg_i_34__1_n_0 was not replicated.
Resolution: phys_opt_design can be forced to replicate a net driver using the option -force_replication_on_nets <list of net objects>.
INFO: [Physopt 32-81] Processed net fastvit_bd_i/worker_0/inst/dwconv_worker_U/dataflow_in_loop_LOOP_DW_CH_1_U0/dwconv_process_channel4_U0/grp_dwconv_process_channel4_Pipeline_LOAD_DW_IN_fu_1093/ram_reg_i_96_n_0. Replicated 1 times.
INFO: [Physopt 32-81] Processed net fastvit_bd_i/worker_0/inst/dwconv_worker_U/dataflow_in_loop_LOOP_DW_CH_1_U0/dwconv_process_channel4_U0/grp_dwconv_process_channel4_Pipeline_LOAD_DW_IN_fu_1093/lshr_ln1_reg_5754[1]. Replicated 2 times.
INFO: [Physopt 32-572] Net fastvit_bd_i/worker_0/inst/dwconv_worker_U/dataflow_in_loop_LOOP_DW_CH_1_U0/dwconv_process_channel4_U0/grp_dwconv_process_channel4_Pipeline_LOAD_DW_IN_fu_1093/ram_reg_i_119_n_0 was not replicated.
Resolution: phys_opt_design can be forced to replicate a net driver using the option -force_replication_on_nets <list of net objects>.
INFO: [Physopt 32-81] Processed net fastvit_bd_i/worker_0/inst/dwconv_worker_U/dataflow_in_loop_LOOP_DW_CH_1_U0/dwconv_process_channel4_U0/grp_dwconv_process_channel4_Pipeline_LOAD_DW_IN_fu_1093/ram_reg_i_40__1_n_0. Replicated 1 times.
INFO: [Physopt 32-572] Net fastvit_bd_i/worker_0/inst/dwconv_worker_U/dataflow_in_loop_LOOP_DW_CH_1_U0/dwconv_process_channel4_U0/grp_dwconv_process_channel4_Pipeline_LOAD_DW_IN_fu_1093/ram_reg_i_106_n_0 was not replicated.
Resolution: phys_opt_design can be forced to replicate a net driver using the option -force_replication_on_nets <list of net objects>.
INFO: [Physopt 32-572] Net fastvit_bd_i/worker_0/inst/dwconv_worker_U/dataflow_in_loop_LOOP_DW_CH_1_U0/dwconv_process_channel4_U0/grp_dwconv_process_channel4_Pipeline_LOAD_DW_IN_fu_1093/ram_reg_i_38__1_n_0 was not replicated.
Resolution: phys_opt_design can be forced to replicate a net driver using the option -force_replication_on_nets <list of net objects>.
INFO: [Physopt 32-81] Processed net fastvit_bd_i/worker_0/inst/dwconv_worker_U/dataflow_in_loop_LOOP_DW_CH_1_U0/dwconv_process_channel4_U0/grp_dwconv_process_channel4_Pipeline_LOAD_DW_IN_fu_1093/lshr_ln1_reg_5754[4]. Replicated 1 times.
INFO: [Physopt 32-572] Net fastvit_bd_i/worker_0/inst/dwconv_worker_U/dataflow_in_loop_LOOP_DW_CH_1_U0/dwconv_process_channel4_U0/grp_dwconv_process_channel4_Pipeline_LOAD_DW_IN_fu_1093/ram_reg_i_25__3_n_0 was not replicated.
Resolution: phys_opt_design can be forced to replicate a net driver using the option -force_replication_on_nets <list of net objects>.
INFO: [Physopt 32-81] Processed net fastvit_bd_i/worker_0/inst/dwconv_worker_U/dataflow_in_loop_LOOP_DW_CH_1_U0/dwconv_process_channel4_U0/grp_dwconv_process_channel4_Pipeline_LOAD_DW_IN_fu_1093/ram_reg_i_77_n_0. Replicated 1 times.
INFO: [Physopt 32-81] Processed net fastvit_bd_i/worker_0/inst/dwconv_worker_U/dataflow_in_loop_LOOP_DW_CH_1_U0/dwconv_process_channel4_U0/grp_dwconv_process_channel4_Pipeline_LOAD_DW_IN_fu_1093/lshr_ln1_reg_5754[3]. Replicated 4 times.
INFO: [Physopt 32-572] Net fastvit_bd_i/worker_0/inst/dwconv_worker_U/dataflow_in_loop_LOOP_DW_CH_1_U0/dwconv_process_channel4_U0/grp_dwconv_process_channel4_Pipeline_LOAD_DW_IN_fu_1093/ram_reg_i_33__1_n_0 was not replicated.
Resolution: phys_opt_design can be forced to replicate a net driver using the option -force_replication_on_nets <list of net objects>.
INFO: [Physopt 32-572] Net fastvit_bd_i/worker_0/inst/dwconv_worker_U/dataflow_in_loop_LOOP_DW_CH_1_U0/dwconv_process_channel4_U0/grp_dwconv_process_channel4_Pipeline_LOAD_DW_IN_fu_1093/ram_reg_i_29__0_n_0 was not replicated.
Resolution: phys_opt_design can be forced to replicate a net driver using the option -force_replication_on_nets <list of net objects>.
INFO: [Physopt 32-572] Net fastvit_bd_i/worker_0/inst/dwconv_worker_U/dataflow_in_loop_LOOP_DW_CH_1_U0/dwconv_process_channel4_U0/grp_dwconv_process_channel4_Pipeline_LOAD_DW_IN_fu_1093/ram_reg_i_78_n_0 was not replicated.
Resolution: phys_opt_design can be forced to replicate a net driver using the option -force_replication_on_nets <list of net objects>.
INFO: [Physopt 32-572] Net fastvit_bd_i/worker_0/inst/dwconv_worker_U/dataflow_in_loop_LOOP_DW_CH_1_U0/dwconv_process_channel4_U0/grp_dwconv_process_channel4_Pipeline_LOAD_DW_IN_fu_1093/ram_reg_i_57_n_0 was not replicated.
Resolution: phys_opt_design can be forced to replicate a net driver using the option -force_replication_on_nets <list of net objects>.
INFO: [Physopt 32-81] Processed net fastvit_bd_i/worker_0/inst/dwconv_worker_U/dataflow_in_loop_LOOP_DW_CH_1_U0/dwconv_process_channel4_U0/grp_dwconv_process_channel4_Pipeline_LOAD_DW_IN_fu_1093/lshr_ln1_reg_5754[0]. Replicated 3 times.
INFO: [Physopt 32-572] Net fastvit_bd_i/worker_0/inst/dwconv_worker_U/dataflow_in_loop_LOOP_DW_CH_1_U0/dwconv_process_channel4_U0/grp_dwconv_process_channel4_Pipeline_LOAD_DW_IN_fu_1093/ram_reg_i_132_n_0 was not replicated.
Resolution: phys_opt_design can be forced to replicate a net driver using the option -force_replication_on_nets <list of net objects>.
INFO: [Physopt 32-81] Processed net fastvit_bd_i/worker_0/inst/dwconv_worker_U/dataflow_in_loop_LOOP_DW_CH_1_U0/dwconv_process_channel4_U0/grp_dwconv_process_channel4_Pipeline_LOAD_DW_IN_fu_1093/ram_reg_i_17__1_n_0. Replicated 1 times.
INFO: [Physopt 32-572] Net fastvit_bd_i/worker_0/inst/dwconv_worker_U/dataflow_in_loop_LOOP_DW_CH_1_U0/dwconv_process_channel4_U0/grp_dwconv_process_channel4_Pipeline_LOAD_DW_IN_fu_1093/ram_reg_i_44__2_n_0 was not replicated.
Resolution: phys_opt_design can be forced to replicate a net driver using the option -force_replication_on_nets <list of net objects>.
INFO: [Physopt 32-572] Net fastvit_bd_i/worker_0/inst/dwconv_worker_U/dataflow_in_loop_LOOP_DW_CH_1_U0/dwconv_process_channel4_U0/grp_dwconv_process_channel4_Pipeline_LOAD_DW_IN_fu_1093/ram_reg_i_45_n_0 was not replicated.
Resolution: phys_opt_design can be forced to replicate a net driver using the option -force_replication_on_nets <list of net objects>.
INFO: [Physopt 32-572] Net fastvit_bd_i/worker_0/inst/dwconv_worker_U/dataflow_in_loop_LOOP_DW_CH_1_U0/dwconv_process_channel4_U0/grp_dwconv_process_channel4_Pipeline_LOAD_DW_IN_fu_1093/ram_reg_i_16__3_n_0 was not replicated.
Resolution: phys_opt_design can be forced to replicate a net driver using the option -force_replication_on_nets <list of net objects>.
INFO: [Physopt 32-572] Net fastvit_bd_i/worker_0/inst/dwconv_worker_U/dataflow_in_loop_LOOP_DW_CH_1_U0/dwconv_process_channel4_U0/grp_dwconv_process_channel4_Pipeline_LOAD_DW_IN_fu_1093/ram_reg_i_19__0_n_0 was not replicated.
Resolution: phys_opt_design can be forced to replicate a net driver using the option -force_replication_on_nets <list of net objects>.
INFO: [Physopt 32-572] Net fastvit_bd_i/worker_0/inst/dwconv_worker_U/dataflow_in_loop_LOOP_DW_CH_1_U0/dwconv_process_channel4_U0/grp_dwconv_process_channel4_Pipeline_LOAD_DW_IN_fu_1093/ram_reg_i_47_n_0 was not replicated.
Resolution: phys_opt_design can be forced to replicate a net driver using the option -force_replication_on_nets <list of net objects>.
INFO: [Physopt 32-572] Net fastvit_bd_i/worker_0/inst/dwconv_worker_U/dataflow_in_loop_LOOP_DW_CH_1_U0/dwconv_process_channel4_U0/grp_dwconv_process_channel4_Pipeline_LOAD_DW_IN_fu_1093/ram_reg_i_53_n_0 was not replicated.
Resolution: phys_opt_design can be forced to replicate a net driver using the option -force_replication_on_nets <list of net objects>.
INFO: [Physopt 32-572] Net fastvit_bd_i/worker_0/inst/dwconv_worker_U/dataflow_in_loop_LOOP_DW_CH_1_U0/dwconv_process_channel4_U0/grp_dwconv_process_channel4_Pipeline_LOAD_DW_IN_fu_1093/ram_reg_i_23__1_n_0 was not replicated.
Resolution: phys_opt_design can be forced to replicate a net driver using the option -force_replication_on_nets <list of net objects>.
INFO: [Physopt 32-232] Optimized 11 nets. Created 17 new instances.
INFO: [Physopt 32-775] End 1 Pass. Optimized 11 nets or cells. Created 17 new cells, deleted 0 existing cell and moved 0 existing cell
INFO: [Physopt 32-619] Estimated Timing Summary | WNS=-0.141 | TNS=-14.644 |
Netlist sorting complete. Time (s): cpu = 00:00:00 ; elapsed = 00:00:00.015 . Memory (MB): peak = 2644.430 ; gain = 0.000
Phase 12 Critical Cell Optimization | Checksum: 7596cfe0

Time (s): cpu = 00:00:20 ; elapsed = 00:00:20 . Memory (MB): peak = 2644.430 ; gain = 17.906

Phase 13 SLR Crossing Optimization
Phase 13 SLR Crossing Optimization | Checksum: 7596cfe0

Time (s): cpu = 00:00:20 ; elapsed = 00:00:20 . Memory (MB): peak = 2644.430 ; gain = 17.906

Phase 14 Fanout Optimization
INFO: [Physopt 32-76] Pass 1. Identified 3 candidate nets for fanout optimization.
INFO: [Physopt 32-81] Processed net fastvit_bd_i/worker_0/inst/dwconv_worker_U/dataflow_in_loop_LOOP_DW_CH_1_U0/dwconv_process_channel4_U0/grp_dwconv_process_channel4_Pipeline_LOAD_DW_IN_fu_1093/ap_enable_reg_pp0_iter2. Replicated 3 times.
INFO: [Physopt 32-81] Processed net fastvit_bd_i/worker_0/inst/dwconv_worker_U/dataflow_in_loop_LOOP_DW_CH_1_U0/dwconv_process_channel4_U0/grp_dwconv_process_channel4_Pipeline_LOAD_DW_IN_fu_1093/add_ln221_1_reg_5839_reg_n_0_[1]. Replicated 5 times.
INFO: [Physopt 32-81] Processed net fastvit_bd_i/worker_0/inst/dwconv_worker_U/dataflow_in_loop_LOOP_DW_CH_1_U0/dwconv_process_channel4_U0/grp_dwconv_process_channel4_Pipeline_LOAD_DW_IN_fu_1093/ap_CS_fsm_pp0_stage0. Replicated 5 times.
INFO: [Physopt 32-232] Optimized 3 nets. Created 13 new instances.
INFO: [Physopt 32-775] End 1 Pass. Optimized 3 nets or cells. Created 13 new cells, deleted 0 existing cell and moved 0 existing cell
INFO: [Physopt 32-619] Estimated Timing Summary | WNS=-0.139 | TNS=-14.074 |
Netlist sorting complete. Time (s): cpu = 00:00:00 ; elapsed = 00:00:00.015 . Memory (MB): peak = 2644.430 ; gain = 0.000
Phase 14 Fanout Optimization | Checksum: 12de96ae1

Time (s): cpu = 00:00:24 ; elapsed = 00:00:23 . Memory (MB): peak = 2644.430 ; gain = 17.906

Phase 15 Single Cell Placement Optimization
INFO: [Physopt 32-660] Identified 250 candidate nets for placement-based optimization.
INFO: [Physopt 32-662] Processed net fastvit_bd_i/worker_0/inst/dwconv_worker_U/dataflow_in_loop_LOOP_DW_CH_1_U0/dwconv_process_channel4_U0/grp_dwconv_process_channel4_Pipeline_LOAD_DW_IN_fu_1093/ap_enable_reg_pp0_iter2.  Did not re-place instance fastvit_bd_i/worker_0/inst/dwconv_worker_U/dataflow_in_loop_LOOP_DW_CH_1_U0/dwconv_process_channel4_U0/grp_dwconv_process_channel4_Pipeline_LOAD_DW_IN_fu_1093/ap_enable_reg_pp0_iter2_reg
INFO: [Physopt 32-662] Processed net fastvit_bd_i/worker_0/inst/dwconv_worker_U/dataflow_in_loop_LOOP_DW_CH_1_U0/dwconv_process_channel4_U0/grp_dwconv_process_channel4_Pipeline_LOAD_DW_IN_fu_1093/ram_reg_i_106_n_0.  Did not re-place instance fastvit_bd_i/worker_0/inst/dwconv_worker_U/dataflow_in_loop_LOOP_DW_CH_1_U0/dwconv_process_channel4_U0/grp_dwconv_process_channel4_Pipeline_LOAD_DW_IN_fu_1093/ram_reg_i_106
INFO: [Physopt 32-662] Processed net fastvit_bd_i/worker_0/inst/dwconv_worker_U/dataflow_in_loop_LOOP_DW_CH_1_U0/dwconv_process_channel4_U0/grp_dwconv_process_channel4_Pipeline_LOAD_DW_IN_fu_1093/ram_reg_i_38__1_n_0.  Did not re-place instance fastvit_bd_i/worker_0/inst/dwconv_worker_U/dataflow_in_loop_LOOP_DW_CH_1_U0/dwconv_process_channel4_U0/grp_dwconv_process_channel4_Pipeline_LOAD_DW_IN_fu_1093/ram_reg_i_38__1
INFO: [Physopt 32-662] Processed net fastvit_bd_i/worker_0/inst/dwconv_worker_U/dataflow_in_loop_LOOP_DW_CH_1_U0/dwconv_process_channel4_U0/grp_dwconv_process_channel4_Pipeline_LOAD_DW_IN_fu_1093/add_ln221_1_reg_5839_reg[3]_12[2].  Did not re-place instance fastvit_bd_i/worker_0/inst/dwconv_worker_U/dataflow_in_loop_LOOP_DW_CH_1_U0/dwconv_process_channel4_U0/grp_dwconv_process_channel4_Pipeline_LOAD_DW_IN_fu_1093/ram_reg_i_8__15
INFO: [Physopt 32-662] Processed net fastvit_bd_i/worker_0/inst/dwconv_worker_U/dataflow_in_loop_LOOP_DW_CH_1_U0/dwconv_process_channel4_U0/grp_dwconv_process_channel4_Pipeline_LOAD_DW_IN_fu_1093/ram_reg_i_47_n_0.  Did not re-place instance fastvit_bd_i/worker_0/inst/dwconv_worker_U/dataflow_in_loop_LOOP_DW_CH_1_U0/dwconv_process_channel4_U0/grp_dwconv_process_channel4_Pipeline_LOAD_DW_IN_fu_1093/ram_reg_i_47
INFO: [Physopt 32-662] Processed net fastvit_bd_i/worker_0/inst/dwconv_worker_U/dataflow_in_loop_LOOP_DW_CH_1_U0/dwconv_process_channel4_U0/grp_dwconv_process_channel4_Pipeline_LOAD_DW_IN_fu_1093/ram_reg_i_16__3_n_0.  Did not re-place instance fastvit_bd_i/worker_0/inst/dwconv_worker_U/dataflow_in_loop_LOOP_DW_CH_1_U0/dwconv_process_channel4_U0/grp_dwconv_process_channel4_Pipeline_LOAD_DW_IN_fu_1093/ram_reg_i_16__3
INFO: [Physopt 32-662] Processed net fastvit_bd_i/worker_0/inst/dwconv_worker_U/dataflow_in_loop_LOOP_DW_CH_1_U0/dwconv_process_channel4_U0/grp_dwconv_process_channel4_Pipeline_LOAD_DW_IN_fu_1093/ram_reg_i_29__0_n_0.  Did not re-place instance fastvit_bd_i/worker_0/inst/dwconv_worker_U/dataflow_in_loop_LOOP_DW_CH_1_U0/dwconv_process_channel4_U0/grp_dwconv_process_channel4_Pipeline_LOAD_DW_IN_fu_1093/ram_reg_i_29__0
INFO: [Physopt 32-662] Processed net fastvit_bd_i/worker_0/inst/dwconv_worker_U/dataflow_in_loop_LOOP_DW_CH_1_U0/dwconv_process_channel4_U0/grp_dwconv_process_channel4_Pipeline_LOAD_DW_IN_fu_1093/ram_reg_i_78_n_0.  Did not re-place instance fastvit_bd_i/worker_0/inst/dwconv_worker_U/dataflow_in_loop_LOOP_DW_CH_1_U0/dwconv_process_channel4_U0/grp_dwconv_process_channel4_Pipeline_LOAD_DW_IN_fu_1093/ram_reg_i_78
INFO: [Physopt 32-662] Processed net fastvit_bd_i/worker_0/inst/dwconv_worker_U/dataflow_in_loop_LOOP_DW_CH_1_U0/dwconv_process_channel4_U0/grp_dwconv_process_channel4_Pipeline_LOAD_DW_IN_fu_1093/add_ln221_1_reg_5839_reg[3]_10[4].  Did not re-place instance fastvit_bd_i/worker_0/inst/dwconv_worker_U/dataflow_in_loop_LOOP_DW_CH_1_U0/dwconv_process_channel4_U0/grp_dwconv_process_channel4_Pipeline_LOAD_DW_IN_fu_1093/ram_reg_i_7__5
INFO: [Physopt 32-662] Processed net fastvit_bd_i/worker_0/inst/dwconv_worker_U/dataflow_in_loop_LOOP_DW_CH_1_U0/dwconv_process_channel4_U0/grp_dwconv_process_channel4_Pipeline_LOAD_DW_IN_fu_1093/add_ln221_1_reg_5839_reg[3]_1[7].  Did not re-place instance fastvit_bd_i/worker_0/inst/dwconv_worker_U/dataflow_in_loop_LOOP_DW_CH_1_U0/dwconv_process_channel4_U0/grp_dwconv_process_channel4_Pipeline_LOAD_DW_IN_fu_1093/ram_reg_i_3__14
INFO: [Physopt 32-662] Processed net fastvit_bd_i/worker_0/inst/dwconv_worker_U/dataflow_in_loop_LOOP_DW_CH_1_U0/dwconv_process_channel4_U0/grp_dwconv_process_channel4_Pipeline_LOAD_DW_IN_fu_1093/lshr_ln1_reg_5754[6].  Did not re-place instance fastvit_bd_i/worker_0/inst/dwconv_worker_U/dataflow_in_loop_LOOP_DW_CH_1_U0/dwconv_process_channel4_U0/grp_dwconv_process_channel4_Pipeline_LOAD_DW_IN_fu_1093/lshr_ln1_reg_5754_reg[6]
INFO: [Physopt 32-662] Processed net fastvit_bd_i/worker_0/inst/dwconv_worker_U/dataflow_in_loop_LOOP_DW_CH_1_U0/dwconv_process_channel4_U0/grp_dwconv_process_channel4_Pipeline_LOAD_DW_IN_fu_1093/ram_reg_i_20__2_n_0.  Did not re-place instance fastvit_bd_i/worker_0/inst/dwconv_worker_U/dataflow_in_loop_LOOP_DW_CH_1_U0/dwconv_process_channel4_U0/grp_dwconv_process_channel4_Pipeline_LOAD_DW_IN_fu_1093/ram_reg_i_20__2
INFO: [Physopt 32-662] Processed net fastvit_bd_i/worker_0/inst/dwconv_worker_U/dataflow_in_loop_LOOP_DW_CH_1_U0/dwconv_process_channel4_U0/grp_dwconv_process_channel4_Pipeline_LOAD_DW_IN_fu_1093/ram_reg_i_57_n_0.  Did not re-place instance fastvit_bd_i/worker_0/inst/dwconv_worker_U/dataflow_in_loop_LOOP_DW_CH_1_U0/dwconv_process_channel4_U0/grp_dwconv_process_channel4_Pipeline_LOAD_DW_IN_fu_1093/ram_reg_i_57
INFO: [Physopt 32-662] Processed net fastvit_bd_i/worker_0/inst/dwconv_worker_U/dataflow_in_loop_LOOP_DW_CH_1_U0/dwconv_process_channel4_U0/grp_dwconv_process_channel4_Pipeline_LOAD_DW_IN_fu_1093/lshr_ln1_reg_5754_reg[7]_1[6].  Did not re-place instance fastvit_bd_i/worker_0/inst/dwconv_worker_U/dataflow_in_loop_LOOP_DW_CH_1_U0/dwconv_process_channel4_U0/grp_dwconv_process_channel4_Pipeline_LOAD_DW_IN_fu_1093/ram_reg_i_4__8
INFO: [Physopt 32-662] Processed net fastvit_bd_i/worker_0/inst/dwconv_worker_U/dataflow_in_loop_LOOP_DW_CH_1_U0/dwconv_process_channel4_U0/grp_dwconv_process_channel4_Pipeline_LOAD_DW_IN_fu_1093/ram_reg_i_23__1_n_0.  Did not re-place instance fastvit_bd_i/worker_0/inst/dwconv_worker_U/dataflow_in_loop_LOOP_DW_CH_1_U0/dwconv_process_channel4_U0/grp_dwconv_process_channel4_Pipeline_LOAD_DW_IN_fu_1093/ram_reg_i_23__1
INFO: [Physopt 32-662] Processed net fastvit_bd_i/worker_0/inst/dwconv_worker_U/dataflow_in_loop_LOOP_DW_CH_1_U0/dwconv_process_channel4_U0/grp_dwconv_process_channel4_Pipeline_LOAD_DW_IN_fu_1093/ram_reg_i_66_n_0.  Did not re-place instance fastvit_bd_i/worker_0/inst/dwconv_worker_U/dataflow_in_loop_LOOP_DW_CH_1_U0/dwconv_process_channel4_U0/grp_dwconv_process_channel4_Pipeline_LOAD_DW_IN_fu_1093/ram_reg_i_66
INFO: [Physopt 32-662] Processed net fastvit_bd_i/worker_0/inst/dwconv_worker_U/dataflow_in_loop_LOOP_DW_CH_1_U0/dwconv_process_channel4_U0/grp_dwconv_process_channel4_Pipeline_LOAD_DW_IN_fu_1093/ADDRBWRADDR[5].  Did not re-place instance fastvit_bd_i/worker_0/inst/dwconv_worker_U/dataflow_in_loop_LOOP_DW_CH_1_U0/dwconv_process_channel4_U0/grp_dwconv_process_channel4_Pipeline_LOAD_DW_IN_fu_1093/ram_reg_i_5__0
INFO: [Physopt 32-662] Processed net fastvit_bd_i/worker_0/inst/dwconv_worker_U/dataflow_in_loop_LOOP_DW_CH_1_U0/dwconv_process_channel4_U0/grp_dwconv_process_channel4_Pipeline_LOAD_DW_IN_fu_1093/add_ln221_1_reg_5839_reg[3]_9[2].  Did not re-place instance fastvit_bd_i/worker_0/inst/dwconv_worker_U/dataflow_in_loop_LOOP_DW_CH_1_U0/dwconv_process_channel4_U0/grp_dwconv_process_channel4_Pipeline_LOAD_DW_IN_fu_1093/ram_reg_i_8__13
INFO: [Physopt 32-662] Processed net fastvit_bd_i/worker_0/inst/dwconv_worker_U/dataflow_in_loop_LOOP_DW_CH_1_U0/dwconv_process_channel4_U0/grp_dwconv_process_channel4_Pipeline_LOAD_DW_IN_fu_1093/ram_reg_i_128_n_0.  Did not re-place instance fastvit_bd_i/worker_0/inst/dwconv_worker_U/dataflow_in_loop_LOOP_DW_CH_1_U0/dwconv_process_channel4_U0/grp_dwconv_process_channel4_Pipeline_LOAD_DW_IN_fu_1093/ram_reg_i_128
INFO: [Physopt 32-662] Processed net fastvit_bd_i/worker_0/inst/dwconv_worker_U/dataflow_in_loop_LOOP_DW_CH_1_U0/dwconv_process_channel4_U0/grp_dwconv_process_channel4_Pipeline_LOAD_DW_IN_fu_1093/ram_reg_i_45__0_n_0.  Did not re-place instance fastvit_bd_i/worker_0/inst/dwconv_worker_U/dataflow_in_loop_LOOP_DW_CH_1_U0/dwconv_process_channel4_U0/grp_dwconv_process_channel4_Pipeline_LOAD_DW_IN_fu_1093/ram_reg_i_45__0
INFO: [Physopt 32-662] Processed net fastvit_bd_i/worker_0/inst/dwconv_worker_U/dataflow_in_loop_LOOP_DW_CH_1_U0/dwconv_process_channel4_U0/grp_dwconv_process_channel4_Pipeline_LOAD_DW_IN_fu_1093/add_ln221_1_reg_5839_reg[3]_12[0].  Did not re-place instance fastvit_bd_i/worker_0/inst/dwconv_worker_U/dataflow_in_loop_LOOP_DW_CH_1_U0/dwconv_process_channel4_U0/grp_dwconv_process_channel4_Pipeline_LOAD_DW_IN_fu_1093/ram_reg_i_10__15
INFO: [Physopt 32-662] Processed net fastvit_bd_i/worker_0/inst/dwconv_worker_U/dataflow_in_loop_LOOP_DW_CH_1_U0/dwconv_process_channel4_U0/grp_dwconv_process_channel4_Pipeline_LOAD_DW_IN_fu_1093/ram_reg_i_31__3_n_0.  Did not re-place instance fastvit_bd_i/worker_0/inst/dwconv_worker_U/dataflow_in_loop_LOOP_DW_CH_1_U0/dwconv_process_channel4_U0/grp_dwconv_process_channel4_Pipeline_LOAD_DW_IN_fu_1093/ram_reg_i_31__3
INFO: [Physopt 32-662] Processed net fastvit_bd_i/worker_0/inst/dwconv_worker_U/dataflow_in_loop_LOOP_DW_CH_1_U0/dwconv_process_channel4_U0/grp_dwconv_process_channel4_Pipeline_LOAD_DW_IN_fu_1093/ram_reg_i_101_n_0.  Did not re-place instance fastvit_bd_i/worker_0/inst/dwconv_worker_U/dataflow_in_loop_LOOP_DW_CH_1_U0/dwconv_process_channel4_U0/grp_dwconv_process_channel4_Pipeline_LOAD_DW_IN_fu_1093/ram_reg_i_101
INFO: [Physopt 32-662] Processed net fastvit_bd_i/worker_0/inst/dwconv_worker_U/dataflow_in_loop_LOOP_DW_CH_1_U0/dwconv_process_channel4_U0/grp_dwconv_process_channel4_Pipeline_LOAD_DW_IN_fu_1093/add_ln221_1_reg_5839_reg[3]_3[2].  Did not re-place instance fastvit_bd_i/worker_0/inst/dwconv_worker_U/dataflow_in_loop_LOOP_DW_CH_1_U0/dwconv_process_channel4_U0/grp_dwconv_process_channel4_Pipeline_LOAD_DW_IN_fu_1093/ram_reg_i_9__4
INFO: [Physopt 32-662] Processed net fastvit_bd_i/worker_0/inst/dwconv_worker_U/dataflow_in_loop_LOOP_DW_CH_1_U0/dwconv_process_channel4_U0/grp_dwconv_process_channel4_Pipeline_LOAD_DW_IN_fu_1093/ram_reg_i_33__1_n_0.  Did not re-place instance fastvit_bd_i/worker_0/inst/dwconv_worker_U/dataflow_in_loop_LOOP_DW_CH_1_U0/dwconv_process_channel4_U0/grp_dwconv_process_channel4_Pipeline_LOAD_DW_IN_fu_1093/ram_reg_i_33__1
INFO: [Physopt 32-662] Processed net fastvit_bd_i/worker_0/inst/dwconv_worker_U/dataflow_in_loop_LOOP_DW_CH_1_U0/dwconv_process_channel4_U0/grp_dwconv_process_channel4_Pipeline_LOAD_DW_IN_fu_1093/ram_reg_i_96_n_0.  Did not re-place instance fastvit_bd_i/worker_0/inst/dwconv_worker_U/dataflow_in_loop_LOOP_DW_CH_1_U0/dwconv_process_channel4_U0/grp_dwconv_process_channel4_Pipeline_LOAD_DW_IN_fu_1093/ram_reg_i_96
INFO: [Physopt 32-662] Processed net fastvit_bd_i/worker_0/inst/dwconv_worker_U/dataflow_in_loop_LOOP_DW_CH_1_U0/dwconv_process_channel4_U0/grp_dwconv_process_channel4_Pipeline_LOAD_DW_IN_fu_1093/add_ln221_1_reg_5839_reg[3]_7[3].  Did not re-place instance fastvit_bd_i/worker_0/inst/dwconv_worker_U/dataflow_in_loop_LOOP_DW_CH_1_U0/dwconv_process_channel4_U0/grp_dwconv_process_channel4_Pipeline_LOAD_DW_IN_fu_1093/ram_reg_i_7__11
INFO: [Physopt 32-662] Processed net fastvit_bd_i/worker_0/inst/dwconv_worker_U/dataflow_in_loop_LOOP_DW_CH_1_U0/dwconv_process_channel4_U0/grp_dwconv_process_channel4_Pipeline_LOAD_DW_IN_fu_1093/ram_reg_i_29__1_n_0.  Did not re-place instance fastvit_bd_i/worker_0/inst/dwconv_worker_U/dataflow_in_loop_LOOP_DW_CH_1_U0/dwconv_process_channel4_U0/grp_dwconv_process_channel4_Pipeline_LOAD_DW_IN_fu_1093/ram_reg_i_29__1
INFO: [Physopt 32-662] Processed net fastvit_bd_i/worker_0/inst/dwconv_worker_U/dataflow_in_loop_LOOP_DW_CH_1_U0/dwconv_process_channel4_U0/grp_dwconv_process_channel4_Pipeline_LOAD_DW_IN_fu_1093/ram_reg_i_84_n_0.  Did not re-place instance fastvit_bd_i/worker_0/inst/dwconv_worker_U/dataflow_in_loop_LOOP_DW_CH_1_U0/dwconv_process_channel4_U0/grp_dwconv_process_channel4_Pipeline_LOAD_DW_IN_fu_1093/ram_reg_i_84
INFO: [Physopt 32-662] Processed net fastvit_bd_i/worker_0/inst/dwconv_worker_U/dataflow_in_loop_LOOP_DW_CH_1_U0/dwconv_process_channel4_U0/grp_dwconv_process_channel4_Pipeline_LOAD_DW_IN_fu_1093/add_ln221_1_reg_5839_reg[3]_5[4].  Did not re-place instance fastvit_bd_i/worker_0/inst/dwconv_worker_U/dataflow_in_loop_LOOP_DW_CH_1_U0/dwconv_process_channel4_U0/grp_dwconv_process_channel4_Pipeline_LOAD_DW_IN_fu_1093/ram_reg_i_6__9
INFO: [Physopt 32-662] Processed net fastvit_bd_i/worker_0/inst/dwconv_worker_U/dataflow_in_loop_LOOP_DW_CH_1_U0/dwconv_process_channel4_U0/grp_dwconv_process_channel4_Pipeline_LOAD_DW_IN_fu_1093/add_ln221_1_reg_5839_pp0_iter2_reg_reg[3]_38.  Did not re-place instance fastvit_bd_i/worker_0/inst/dwconv_worker_U/dataflow_in_loop_LOOP_DW_CH_1_U0/dwconv_process_channel4_U0/grp_dwconv_process_channel4_Pipeline_LOAD_DW_IN_fu_1093/p_ZL9dw_in_buf_0_2[1]_i_1
INFO: [Physopt 32-662] Processed net fastvit_bd_i/worker_0/inst/dwconv_worker_U/dataflow_in_loop_LOOP_DW_CH_1_U0/dwconv_process_channel4_U0/grp_dwconv_process_channel4_Pipeline_LOAD_DW_IN_fu_1093/add_ln221_1_reg_5839_reg[3]_9[4].  Did not re-place instance fastvit_bd_i/worker_0/inst/dwconv_worker_U/dataflow_in_loop_LOOP_DW_CH_1_U0/dwconv_process_channel4_U0/grp_dwconv_process_channel4_Pipeline_LOAD_DW_IN_fu_1093/ram_reg_i_6__13
INFO: [Physopt 32-662] Processed net fastvit_bd_i/worker_0/inst/dwconv_gmem1_m_axi_U/bus_read/rreq_burst_conv/rs_req/E[0].  Did not re-place instance fastvit_bd_i/worker_0/inst/dwconv_gmem1_m_axi_U/bus_read/rreq_burst_conv/rs_req/sect_cnt[51]_i_1__0
INFO: [Physopt 32-662] Processed net fastvit_bd_i/worker_0/inst/dwconv_gmem1_m_axi_U/bus_read/rreq_burst_conv/rs_req/next_req.  Did not re-place instance fastvit_bd_i/worker_0/inst/dwconv_gmem1_m_axi_U/bus_read/rreq_burst_conv/rs_req/sect_total[19]_i_1__0
INFO: [Physopt 32-662] Processed net fastvit_bd_i/worker_0/inst/dwconv_gmem1_m_axi_U/bus_read/rreq_burst_conv/rs_req/single_sect__18.  Did not re-place instance fastvit_bd_i/worker_0/inst/dwconv_gmem1_m_axi_U/bus_read/rreq_burst_conv/rs_req/i_0_LOPT_REMAP
INFO: [Physopt 32-662] Processed net fastvit_bd_i/worker_0/inst/dwconv_gmem1_m_axi_U/bus_read/rreq_burst_conv/sect_cnt[43].  Did not re-place instance fastvit_bd_i/worker_0/inst/dwconv_gmem1_m_axi_U/bus_read/rreq_burst_conv/sect_cnt_reg[43]
INFO: [Physopt 32-662] Processed net fastvit_bd_i/worker_0/inst/dwconv_gmem1_m_axi_U/bus_read/rreq_burst_conv/sect_cnt[45].  Did not re-place instance fastvit_bd_i/worker_0/inst/dwconv_gmem1_m_axi_U/bus_read/rreq_burst_conv/sect_cnt_reg[45]
INFO: [Physopt 32-662] Processed net fastvit_bd_i/worker_0/inst/dwconv_worker_U/dataflow_in_loop_LOOP_DW_CH_1_U0/dwconv_process_channel4_U0/grp_dwconv_process_channel4_Pipeline_LOAD_DW_IN_fu_1093/lshr_ln1_reg_5754[1]_repN.  Did not re-place instance fastvit_bd_i/worker_0/inst/dwconv_worker_U/dataflow_in_loop_LOOP_DW_CH_1_U0/dwconv_process_channel4_U0/grp_dwconv_process_channel4_Pipeline_LOAD_DW_IN_fu_1093/lshr_ln1_reg_5754_reg[1]_replica
INFO: [Physopt 32-662] Processed net fastvit_bd_i/worker_0/inst/dwconv_worker_U/dataflow_in_loop_LOOP_DW_CH_1_U0/dwconv_process_channel4_U0/grp_dwconv_process_channel4_Pipeline_LOAD_DW_IN_fu_1093/ram_reg_i_121_n_0.  Did not re-place instance fastvit_bd_i/worker_0/inst/dwconv_worker_U/dataflow_in_loop_LOOP_DW_CH_1_U0/dwconv_process_channel4_U0/grp_dwconv_process_channel4_Pipeline_LOAD_DW_IN_fu_1093/ram_reg_i_121
INFO: [Physopt 32-662] Processed net fastvit_bd_i/worker_0/inst/dwconv_worker_U/dataflow_in_loop_LOOP_DW_CH_1_U0/dwconv_process_channel4_U0/grp_dwconv_process_channel4_Pipeline_LOAD_DW_IN_fu_1093/ram_reg_i_36__3_n_0.  Did not re-place instance fastvit_bd_i/worker_0/inst/dwconv_worker_U/dataflow_in_loop_LOOP_DW_CH_1_U0/dwconv_process_channel4_U0/grp_dwconv_process_channel4_Pipeline_LOAD_DW_IN_fu_1093/ram_reg_i_36__3
INFO: [Physopt 32-662] Processed net fastvit_bd_i/worker_0/inst/dwconv_worker_U/dataflow_in_loop_LOOP_DW_CH_1_U0/dwconv_process_channel4_U0/grp_dwconv_process_channel4_Pipeline_LOAD_DW_IN_fu_1093/add_ln221_1_reg_5839_reg[3]_4[1].  Did not re-place instance fastvit_bd_i/worker_0/inst/dwconv_worker_U/dataflow_in_loop_LOOP_DW_CH_1_U0/dwconv_process_channel4_U0/grp_dwconv_process_channel4_Pipeline_LOAD_DW_IN_fu_1093/ram_reg_i_9__7
INFO: [Physopt 32-662] Processed net fastvit_bd_i/worker_0/inst/dwconv_worker_U/dataflow_in_loop_LOOP_DW_CH_1_U0/dwconv_process_channel4_U0/grp_dwconv_process_channel4_Pipeline_LOAD_DW_IN_fu_1093/lshr_ln1_reg_5754[4].  Did not re-place instance fastvit_bd_i/worker_0/inst/dwconv_worker_U/dataflow_in_loop_LOOP_DW_CH_1_U0/dwconv_process_channel4_U0/grp_dwconv_process_channel4_Pipeline_LOAD_DW_IN_fu_1093/lshr_ln1_reg_5754_reg[4]
INFO: [Physopt 32-662] Processed net fastvit_bd_i/worker_0/inst/dwconv_worker_U/dataflow_in_loop_LOOP_DW_CH_1_U0/dwconv_process_channel4_U0/grp_dwconv_process_channel4_Pipeline_LOAD_DW_IN_fu_1093/ram_reg_i_119_n_0.  Did not re-place instance fastvit_bd_i/worker_0/inst/dwconv_worker_U/dataflow_in_loop_LOOP_DW_CH_1_U0/dwconv_process_channel4_U0/grp_dwconv_process_channel4_Pipeline_LOAD_DW_IN_fu_1093/ram_reg_i_119
INFO: [Physopt 32-662] Processed net fastvit_bd_i/worker_0/inst/dwconv_worker_U/dataflow_in_loop_LOOP_DW_CH_1_U0/dwconv_process_channel4_U0/grp_dwconv_process_channel4_Pipeline_LOAD_DW_IN_fu_1093/ram_reg_i_48_n_0.  Did not re-place instance fastvit_bd_i/worker_0/inst/dwconv_worker_U/dataflow_in_loop_LOOP_DW_CH_1_U0/dwconv_process_channel4_U0/grp_dwconv_process_channel4_Pipeline_LOAD_DW_IN_fu_1093/ram_reg_i_48
INFO: [Physopt 32-662] Processed net fastvit_bd_i/worker_0/inst/dwconv_worker_U/dataflow_in_loop_LOOP_DW_CH_1_U0/dwconv_process_channel4_U0/grp_dwconv_process_channel4_Pipeline_LOAD_DW_IN_fu_1093/ram_reg_i_40__1_n_0.  Did not re-place instance fastvit_bd_i/worker_0/inst/dwconv_worker_U/dataflow_in_loop_LOOP_DW_CH_1_U0/dwconv_process_channel4_U0/grp_dwconv_process_channel4_Pipeline_LOAD_DW_IN_fu_1093/ram_reg_i_40__1
INFO: [Physopt 32-662] Processed net fastvit_bd_i/worker_0/inst/dwconv_worker_U/dataflow_in_loop_LOOP_DW_CH_1_U0/dwconv_process_channel4_U0/grp_dwconv_process_channel4_Pipeline_LOAD_DW_IN_fu_1093/add_ln221_1_reg_5839_reg[3]_1[1].  Did not re-place instance fastvit_bd_i/worker_0/inst/dwconv_worker_U/dataflow_in_loop_LOOP_DW_CH_1_U0/dwconv_process_channel4_U0/grp_dwconv_process_channel4_Pipeline_LOAD_DW_IN_fu_1093/ram_reg_i_9__2
INFO: [Physopt 32-662] Processed net fastvit_bd_i/worker_0/inst/dwconv_worker_U/dataflow_in_loop_LOOP_DW_CH_1_U0/dwconv_process_channel4_U0/grp_dwconv_process_channel4_Pipeline_LOAD_DW_IN_fu_1093/ram_reg_i_122_n_0.  Did not re-place instance fastvit_bd_i/worker_0/inst/dwconv_worker_U/dataflow_in_loop_LOOP_DW_CH_1_U0/dwconv_process_channel4_U0/grp_dwconv_process_channel4_Pipeline_LOAD_DW_IN_fu_1093/ram_reg_i_122
INFO: [Physopt 32-662] Processed net fastvit_bd_i/worker_0/inst/dwconv_worker_U/dataflow_in_loop_LOOP_DW_CH_1_U0/dwconv_process_channel4_U0/grp_dwconv_process_channel4_Pipeline_LOAD_DW_IN_fu_1093/lshr_ln1_reg_5754[2].  Did not re-place instance fastvit_bd_i/worker_0/inst/dwconv_worker_U/dataflow_in_loop_LOOP_DW_CH_1_U0/dwconv_process_channel4_U0/grp_dwconv_process_channel4_Pipeline_LOAD_DW_IN_fu_1093/lshr_ln1_reg_5754_reg[2]
INFO: [Physopt 32-662] Processed net fastvit_bd_i/worker_0/inst/dwconv_worker_U/dataflow_in_loop_LOOP_DW_CH_1_U0/dwconv_process_channel4_U0/grp_dwconv_process_channel4_Pipeline_LOAD_DW_IN_fu_1093/ram_reg_i_34__1_n_0.  Did not re-place instance fastvit_bd_i/worker_0/inst/dwconv_worker_U/dataflow_in_loop_LOOP_DW_CH_1_U0/dwconv_process_channel4_U0/grp_dwconv_process_channel4_Pipeline_LOAD_DW_IN_fu_1093/ram_reg_i_34__1
INFO: [Physopt 32-662] Processed net fastvit_bd_i/worker_0/inst/dwconv_worker_U/dataflow_in_loop_LOOP_DW_CH_1_U0/dwconv_process_channel4_U0/grp_dwconv_process_channel4_Pipeline_LOAD_DW_IN_fu_1093/ram_reg_i_94_n_0.  Did not re-place instance fastvit_bd_i/worker_0/inst/dwconv_worker_U/dataflow_in_loop_LOOP_DW_CH_1_U0/dwconv_process_channel4_U0/grp_dwconv_process_channel4_Pipeline_LOAD_DW_IN_fu_1093/ram_reg_i_94
INFO: [Physopt 32-662] Processed net fastvit_bd_i/worker_0/inst/dwconv_worker_U/dataflow_in_loop_LOOP_DW_CH_1_U0/dwconv_process_channel4_U0/grp_dwconv_process_channel4_Pipeline_LOAD_DW_IN_fu_1093/add_ln221_1_reg_5839_reg[3]_12[3].  Did not re-place instance fastvit_bd_i/worker_0/inst/dwconv_worker_U/dataflow_in_loop_LOOP_DW_CH_1_U0/dwconv_process_channel4_U0/grp_dwconv_process_channel4_Pipeline_LOAD_DW_IN_fu_1093/ram_reg_i_7__15
INFO: [Physopt 32-662] Processed net fastvit_bd_i/worker_0/inst/dwconv_worker_U/dataflow_in_loop_LOOP_DW_CH_1_U0/dwconv_preload_channel3_U0/grp_dwconv_preload_channel3_Pipeline_PRELOAD_IN_fu_170/flow_control_loop_pipe_sequential_init_U/ap_loop_init_int_reg_0[0].  Did not re-place instance fastvit_bd_i/worker_0/inst/dwconv_worker_U/dataflow_in_loop_LOOP_DW_CH_1_U0/dwconv_preload_channel3_U0/grp_dwconv_preload_channel3_Pipeline_PRELOAD_IN_fu_170/flow_control_loop_pipe_sequential_init_U/hw_fu_104[27]_i_1
INFO: [Physopt 32-662] Processed net fastvit_bd_i/worker_0/inst/dwconv_worker_U/dataflow_in_loop_LOOP_DW_CH_1_U0/dwconv_preload_channel3_U0/grp_dwconv_preload_channel3_Pipeline_PRELOAD_IN_fu_170/flow_control_loop_pipe_sequential_init_U/DI[1].  Did not re-place instance fastvit_bd_i/worker_0/inst/dwconv_worker_U/dataflow_in_loop_LOOP_DW_CH_1_U0/dwconv_preload_channel3_U0/grp_dwconv_preload_channel3_Pipeline_PRELOAD_IN_fu_170/flow_control_loop_pipe_sequential_init_U/icmp_ln85_fu_349_p2_carry_i_3
INFO: [Physopt 32-662] Processed net fastvit_bd_i/worker_0/inst/dwconv_worker_U/dataflow_in_loop_LOOP_DW_CH_1_U0/dwconv_process_channel4_U0/grp_dwconv_process_channel4_Pipeline_LOAD_DW_IN_fu_1093/ram_reg_i_133_n_0.  Did not re-place instance fastvit_bd_i/worker_0/inst/dwconv_worker_U/dataflow_in_loop_LOOP_DW_CH_1_U0/dwconv_process_channel4_U0/grp_dwconv_process_channel4_Pipeline_LOAD_DW_IN_fu_1093/ram_reg_i_133
INFO: [Physopt 32-662] Processed net fastvit_bd_i/worker_0/inst/dwconv_worker_U/dataflow_in_loop_LOOP_DW_CH_1_U0/dwconv_process_channel4_U0/grp_dwconv_process_channel4_Pipeline_LOAD_DW_IN_fu_1093/ram_reg_i_39__3_n_0.  Did not re-place instance fastvit_bd_i/worker_0/inst/dwconv_worker_U/dataflow_in_loop_LOOP_DW_CH_1_U0/dwconv_process_channel4_U0/grp_dwconv_process_channel4_Pipeline_LOAD_DW_IN_fu_1093/ram_reg_i_39__3
INFO: [Physopt 32-662] Processed net fastvit_bd_i/worker_0/inst/dwconv_worker_U/dataflow_in_loop_LOOP_DW_CH_1_U0/dwconv_process_channel4_U0/grp_dwconv_process_channel4_Pipeline_LOAD_DW_IN_fu_1093/lshr_ln1_reg_5754_reg[7]_0[0].  Did not re-place instance fastvit_bd_i/worker_0/inst/dwconv_worker_U/dataflow_in_loop_LOOP_DW_CH_1_U0/dwconv_process_channel4_U0/grp_dwconv_process_channel4_Pipeline_LOAD_DW_IN_fu_1093/ram_reg_i_10__6
INFO: [Physopt 32-662] Processed net fastvit_bd_i/worker_0/inst/dwconv_worker_U/dataflow_in_loop_LOOP_DW_CH_1_U0/dwconv_process_channel4_U0/grp_dwconv_process_channel4_Pipeline_LOAD_DW_IN_fu_1093/lshr_ln1_reg_5754[6]_repN.  Did not re-place instance fastvit_bd_i/worker_0/inst/dwconv_worker_U/dataflow_in_loop_LOOP_DW_CH_1_U0/dwconv_process_channel4_U0/grp_dwconv_process_channel4_Pipeline_LOAD_DW_IN_fu_1093/lshr_ln1_reg_5754_reg[6]_replica
INFO: [Physopt 32-662] Processed net fastvit_bd_i/worker_0/inst/dwconv_worker_U/dataflow_in_loop_LOOP_DW_CH_1_U0/dwconv_process_channel4_U0/grp_dwconv_process_channel4_Pipeline_LOAD_DW_IN_fu_1093/ram_reg_i_108_n_0.  Did not re-place instance fastvit_bd_i/worker_0/inst/dwconv_worker_U/dataflow_in_loop_LOOP_DW_CH_1_U0/dwconv_process_channel4_U0/grp_dwconv_process_channel4_Pipeline_LOAD_DW_IN_fu_1093/ram_reg_i_108
INFO: [Physopt 32-662] Processed net fastvit_bd_i/worker_0/inst/dwconv_worker_U/dataflow_in_loop_LOOP_DW_CH_1_U0/dwconv_process_channel4_U0/grp_dwconv_process_channel4_Pipeline_LOAD_DW_IN_fu_1093/ram_reg_i_20__3_n_0.  Did not re-place instance fastvit_bd_i/worker_0/inst/dwconv_worker_U/dataflow_in_loop_LOOP_DW_CH_1_U0/dwconv_process_channel4_U0/grp_dwconv_process_channel4_Pipeline_LOAD_DW_IN_fu_1093/ram_reg_i_20__3
INFO: [Physopt 32-662] Processed net fastvit_bd_i/worker_0/inst/dwconv_worker_U/dataflow_in_loop_LOOP_DW_CH_1_U0/dwconv_process_channel4_U0/grp_dwconv_process_channel4_Pipeline_LOAD_DW_IN_fu_1093/ram_reg_i_36__2_n_0.  Did not re-place instance fastvit_bd_i/worker_0/inst/dwconv_worker_U/dataflow_in_loop_LOOP_DW_CH_1_U0/dwconv_process_channel4_U0/grp_dwconv_process_channel4_Pipeline_LOAD_DW_IN_fu_1093/ram_reg_i_36__2
INFO: [Physopt 32-662] Processed net fastvit_bd_i/worker_0/inst/dwconv_worker_U/dataflow_in_loop_LOOP_DW_CH_1_U0/dwconv_process_channel4_U0/grp_dwconv_process_channel4_Pipeline_LOAD_DW_IN_fu_1093/ram_reg_i_60_n_0.  Did not re-place instance fastvit_bd_i/worker_0/inst/dwconv_worker_U/dataflow_in_loop_LOOP_DW_CH_1_U0/dwconv_process_channel4_U0/grp_dwconv_process_channel4_Pipeline_LOAD_DW_IN_fu_1093/ram_reg_i_60
INFO: [Physopt 32-662] Processed net fastvit_bd_i/worker_0/inst/dwconv_worker_U/dataflow_in_loop_LOOP_DW_CH_1_U0/dwconv_process_channel4_U0/grp_dwconv_process_channel4_Pipeline_LOAD_DW_IN_fu_1093/add_ln221_1_reg_5839_reg[3]_1[2].  Did not re-place instance fastvit_bd_i/worker_0/inst/dwconv_worker_U/dataflow_in_loop_LOOP_DW_CH_1_U0/dwconv_process_channel4_U0/grp_dwconv_process_channel4_Pipeline_LOAD_DW_IN_fu_1093/ram_reg_i_8__2
INFO: [Physopt 32-662] Processed net fastvit_bd_i/worker_0/inst/dwconv_worker_U/dataflow_in_loop_LOOP_DW_CH_1_U0/dwconv_process_channel4_U0/grp_dwconv_process_channel4_Pipeline_LOAD_DW_IN_fu_1093/add_ln221_1_reg_5839_reg[3]_1[6].  Did not re-place instance fastvit_bd_i/worker_0/inst/dwconv_worker_U/dataflow_in_loop_LOOP_DW_CH_1_U0/dwconv_process_channel4_U0/grp_dwconv_process_channel4_Pipeline_LOAD_DW_IN_fu_1093/ram_reg_i_4__2
INFO: [Physopt 32-662] Processed net fastvit_bd_i/worker_0/inst/dwconv_worker_U/dataflow_in_loop_LOOP_DW_CH_1_U0/dwconv_process_channel4_U0/grp_dwconv_process_channel4_Pipeline_LOAD_DW_IN_fu_1093/ADDRBWRADDR[6].  Did not re-place instance fastvit_bd_i/worker_0/inst/dwconv_worker_U/dataflow_in_loop_LOOP_DW_CH_1_U0/dwconv_process_channel4_U0/grp_dwconv_process_channel4_Pipeline_LOAD_DW_IN_fu_1093/ram_reg_i_4__0
INFO: [Physopt 32-662] Processed net fastvit_bd_i/sc_main/inst/m00_exit_pipeline/m00_exit/inst/splitter_inst/gen_axi3.splitter_inst/aw_cmd_reg/s_axi_awready.  Did not re-place instance fastvit_bd_i/sc_main/inst/m00_exit_pipeline/m00_exit/inst/splitter_inst/gen_axi3.splitter_inst/aw_cmd_reg/s_axi_awready_INST_0
INFO: [Physopt 32-662] Processed net fastvit_bd_i/sc_main/inst/m00_nodes/m00_aw_node/inst/inst_mi_handler/gen_normal_area.gen_node_prog_full.inst_node_prog_full/gen_xpm_memory_fifo.inst_fifo/gen_wr.inst_wr_addra_p1/gen_wr.afull_r_i_4_n_0.  Did not re-place instance fastvit_bd_i/sc_main/inst/m00_nodes/m00_aw_node/inst/inst_mi_handler/gen_normal_area.gen_node_prog_full.inst_node_prog_full/gen_xpm_memory_fifo.inst_fifo/gen_wr.inst_wr_addra_p1/gen_wr.afull_r_i_4
INFO: [Physopt 32-662] Processed net fastvit_bd_i/sc_main/inst/m00_nodes/m00_aw_node/inst/inst_mi_handler/gen_normal_area.gen_node_prog_full.inst_node_prog_full/gen_xpm_memory_fifo.inst_fifo/gen_wr.afull_r.  Did not re-place instance fastvit_bd_i/sc_main/inst/m00_nodes/m00_aw_node/inst/inst_mi_handler/gen_normal_area.gen_node_prog_full.inst_node_prog_full/gen_xpm_memory_fifo.inst_fifo/gen_wr.afull_r_reg
INFO: [Physopt 32-662] Processed net fastvit_bd_i/worker_0/inst/dwconv_worker_U/dataflow_in_loop_LOOP_DW_CH_1_U0/dwconv_process_channel4_U0/grp_dwconv_process_channel4_Pipeline_LOAD_DW_IN_fu_1093/lshr_ln1_reg_5754[3]_repN_1.  Did not re-place instance fastvit_bd_i/worker_0/inst/dwconv_worker_U/dataflow_in_loop_LOOP_DW_CH_1_U0/dwconv_process_channel4_U0/grp_dwconv_process_channel4_Pipeline_LOAD_DW_IN_fu_1093/lshr_ln1_reg_5754_reg[3]_replica_1
INFO: [Physopt 32-662] Processed net fastvit_bd_i/worker_0/inst/dwconv_worker_U/dataflow_in_loop_LOOP_DW_CH_1_U0/dwconv_process_channel4_U0/grp_dwconv_process_channel4_Pipeline_LOAD_DW_IN_fu_1093/ram_reg_i_31__1_n_0.  Did not re-place instance fastvit_bd_i/worker_0/inst/dwconv_worker_U/dataflow_in_loop_LOOP_DW_CH_1_U0/dwconv_process_channel4_U0/grp_dwconv_process_channel4_Pipeline_LOAD_DW_IN_fu_1093/ram_reg_i_31__1
INFO: [Physopt 32-662] Processed net fastvit_bd_i/worker_0/inst/dwconv_worker_U/dataflow_in_loop_LOOP_DW_CH_1_U0/dwconv_process_channel4_U0/grp_dwconv_process_channel4_Pipeline_LOAD_DW_IN_fu_1093/ADDRBWRADDR[3].  Did not re-place instance fastvit_bd_i/worker_0/inst/dwconv_worker_U/dataflow_in_loop_LOOP_DW_CH_1_U0/dwconv_process_channel4_U0/grp_dwconv_process_channel4_Pipeline_LOAD_DW_IN_fu_1093/ram_reg_i_7__0
INFO: [Physopt 32-662] Processed net fastvit_bd_i/sc_main/inst/s03_nodes/s03_b_node/inst/inst_mi_handler/gen_normal_area.gen_node_prog_full.inst_node_prog_full/gen_xpm_memory_fifo.inst_fifo/gen_wr.inst_wr_addra_p1/areset_r_reg.  Did not re-place instance fastvit_bd_i/sc_main/inst/s03_nodes/s03_b_node/inst/inst_mi_handler/gen_normal_area.gen_node_prog_full.inst_node_prog_full/gen_xpm_memory_fifo.inst_fifo/gen_wr.inst_wr_addra_p1/gen_wr.afull_r_i_1
INFO: [Physopt 32-662] Processed net fastvit_bd_i/sc_main/inst/s03_nodes/s03_b_node/inst/inst_mi_handler/gen_normal_area.gen_node_prog_full.inst_node_prog_full/gen_xpm_memory_fifo.inst_fifo/gen_wr.inst_wr_addra_p1/gen_wr.afull_r_i_5_n_0.  Did not re-place instance fastvit_bd_i/sc_main/inst/s03_nodes/s03_b_node/inst/inst_mi_handler/gen_normal_area.gen_node_prog_full.inst_node_prog_full/gen_xpm_memory_fifo.inst_fifo/gen_wr.inst_wr_addra_p1/gen_wr.afull_r_i_5
INFO: [Physopt 32-662] Processed net fastvit_bd_i/sc_main/inst/s03_nodes/s03_b_node/inst/inst_mi_handler/gen_normal_area.gen_node_prog_full.inst_node_prog_full/gen_xpm_memory_fifo.inst_fifo/gen_wr.afull_r.  Did not re-place instance fastvit_bd_i/sc_main/inst/s03_nodes/s03_b_node/inst/inst_mi_handler/gen_normal_area.gen_node_prog_full.inst_node_prog_full/gen_xpm_memory_fifo.inst_fifo/gen_wr.afull_r_reg
INFO: [Physopt 32-662] Processed net fastvit_bd_i/worker_0/inst/dwconv_worker_U/dataflow_in_loop_LOOP_DW_CH_1_U0/dwconv_process_channel4_U0/grp_dwconv_process_channel4_Pipeline_LOAD_DW_IN_fu_1093/lshr_ln1_reg_5754[7].  Did not re-place instance fastvit_bd_i/worker_0/inst/dwconv_worker_U/dataflow_in_loop_LOOP_DW_CH_1_U0/dwconv_process_channel4_U0/grp_dwconv_process_channel4_Pipeline_LOAD_DW_IN_fu_1093/lshr_ln1_reg_5754_reg[7]
INFO: [Physopt 32-662] Processed net fastvit_bd_i/worker_0/inst/dwconv_worker_U/dataflow_in_loop_LOOP_DW_CH_1_U0/dwconv_process_channel4_U0/grp_dwconv_process_channel4_Pipeline_LOAD_DW_IN_fu_1093/ram_reg_i_16__2_n_0.  Did not re-place instance fastvit_bd_i/worker_0/inst/dwconv_worker_U/dataflow_in_loop_LOOP_DW_CH_1_U0/dwconv_process_channel4_U0/grp_dwconv_process_channel4_Pipeline_LOAD_DW_IN_fu_1093/ram_reg_i_16__2
INFO: [Physopt 32-662] Processed net fastvit_bd_i/worker_0/inst/dwconv_worker_U/dataflow_in_loop_LOOP_DW_CH_1_U0/dwconv_process_channel4_U0/grp_dwconv_process_channel4_Pipeline_LOAD_DW_IN_fu_1093/ram_reg_i_44_n_0.  Did not re-place instance fastvit_bd_i/worker_0/inst/dwconv_worker_U/dataflow_in_loop_LOOP_DW_CH_1_U0/dwconv_process_channel4_U0/grp_dwconv_process_channel4_Pipeline_LOAD_DW_IN_fu_1093/ram_reg_i_44
INFO: [Physopt 32-662] Processed net fastvit_bd_i/worker_0/inst/dwconv_worker_U/dataflow_in_loop_LOOP_DW_CH_1_U0/dwconv_process_channel4_U0/grp_dwconv_process_channel4_Pipeline_LOAD_DW_IN_fu_1093/add_ln221_1_reg_5839_reg[3]_8[7].  Did not re-place instance fastvit_bd_i/worker_0/inst/dwconv_worker_U/dataflow_in_loop_LOOP_DW_CH_1_U0/dwconv_process_channel4_U0/grp_dwconv_process_channel4_Pipeline_LOAD_DW_IN_fu_1093/ram_reg_i_3__22
INFO: [Physopt 32-662] Processed net fastvit_bd_i/worker_0/inst/dwconv_worker_U/dataflow_in_loop_LOOP_DW_CH_1_U0/dwconv_process_channel4_U0/grp_dwconv_process_channel4_Pipeline_LOAD_DW_IN_fu_1093/ram_reg_i_24__2_n_0.  Did not re-place instance fastvit_bd_i/worker_0/inst/dwconv_worker_U/dataflow_in_loop_LOOP_DW_CH_1_U0/dwconv_process_channel4_U0/grp_dwconv_process_channel4_Pipeline_LOAD_DW_IN_fu_1093/ram_reg_i_24__2
INFO: [Physopt 32-662] Processed net fastvit_bd_i/worker_0/inst/dwconv_worker_U/dataflow_in_loop_LOOP_DW_CH_1_U0/dwconv_process_channel4_U0/grp_dwconv_process_channel4_Pipeline_LOAD_DW_IN_fu_1093/ram_reg_i_71_n_0.  Did not re-place instance fastvit_bd_i/worker_0/inst/dwconv_worker_U/dataflow_in_loop_LOOP_DW_CH_1_U0/dwconv_process_channel4_U0/grp_dwconv_process_channel4_Pipeline_LOAD_DW_IN_fu_1093/ram_reg_i_71
INFO: [Physopt 32-662] Processed net fastvit_bd_i/worker_0/inst/dwconv_worker_U/dataflow_in_loop_LOOP_DW_CH_1_U0/dwconv_process_channel4_U0/grp_dwconv_process_channel4_Pipeline_LOAD_DW_IN_fu_1093/add_ln221_1_reg_5839_reg[3]_1[5].  Did not re-place instance fastvit_bd_i/worker_0/inst/dwconv_worker_U/dataflow_in_loop_LOOP_DW_CH_1_U0/dwconv_process_channel4_U0/grp_dwconv_process_channel4_Pipeline_LOAD_DW_IN_fu_1093/ram_reg_i_5__2
INFO: [Physopt 32-662] Processed net fastvit_bd_i/worker_0/inst/dwconv_worker_U/dataflow_in_loop_LOOP_DW_CH_1_U0/dwconv_process_channel4_U0/grp_dwconv_process_channel4_Pipeline_LOAD_DW_IN_fu_1093/ram_reg_i_30__1_n_0.  Did not re-place instance fastvit_bd_i/worker_0/inst/dwconv_worker_U/dataflow_in_loop_LOOP_DW_CH_1_U0/dwconv_process_channel4_U0/grp_dwconv_process_channel4_Pipeline_LOAD_DW_IN_fu_1093/ram_reg_i_30__1
INFO: [Physopt 32-662] Processed net fastvit_bd_i/worker_0/inst/dwconv_worker_U/dataflow_in_loop_LOOP_DW_CH_1_U0/dwconv_process_channel4_U0/grp_dwconv_process_channel4_Pipeline_LOAD_DW_IN_fu_1093/ram_reg_i_85_n_0.  Did not re-place instance fastvit_bd_i/worker_0/inst/dwconv_worker_U/dataflow_in_loop_LOOP_DW_CH_1_U0/dwconv_process_channel4_U0/grp_dwconv_process_channel4_Pipeline_LOAD_DW_IN_fu_1093/ram_reg_i_85
INFO: [Physopt 32-662] Processed net fastvit_bd_i/worker_0/inst/dwconv_gmem1_m_axi_U/bus_read/rreq_burst_conv/sect_cnt[46].  Did not re-place instance fastvit_bd_i/worker_0/inst/dwconv_gmem1_m_axi_U/bus_read/rreq_burst_conv/sect_cnt_reg[46]
INFO: [Physopt 32-662] Processed net fastvit_bd_i/worker_0/inst/dwconv_gmem1_m_axi_U/bus_read/rreq_burst_conv/sect_cnt[47].  Did not re-place instance fastvit_bd_i/worker_0/inst/dwconv_gmem1_m_axi_U/bus_read/rreq_burst_conv/sect_cnt_reg[47]
INFO: [Physopt 32-662] Processed net fastvit_bd_i/worker_0/inst/dwconv_gmem1_m_axi_U/bus_read/rreq_burst_conv/sect_cnt[48].  Did not re-place instance fastvit_bd_i/worker_0/inst/dwconv_gmem1_m_axi_U/bus_read/rreq_burst_conv/sect_cnt_reg[48]
INFO: [Physopt 32-662] Processed net fastvit_bd_i/worker_0/inst/dwconv_gmem1_m_axi_U/bus_read/rreq_burst_conv/sect_cnt[49].  Did not re-place instance fastvit_bd_i/worker_0/inst/dwconv_gmem1_m_axi_U/bus_read/rreq_burst_conv/sect_cnt_reg[49]
INFO: [Physopt 32-662] Processed net fastvit_bd_i/worker_0/inst/dwconv_gmem1_m_axi_U/bus_read/rreq_burst_conv/sect_cnt[50].  Did not re-place instance fastvit_bd_i/worker_0/inst/dwconv_gmem1_m_axi_U/bus_read/rreq_burst_conv/sect_cnt_reg[50]
INFO: [Physopt 32-662] Processed net fastvit_bd_i/worker_0/inst/dwconv_gmem1_m_axi_U/bus_read/rreq_burst_conv/sect_cnt[51].  Did not re-place instance fastvit_bd_i/worker_0/inst/dwconv_gmem1_m_axi_U/bus_read/rreq_burst_conv/sect_cnt_reg[51]
INFO: [Physopt 32-662] Processed net fastvit_bd_i/worker_0/inst/dwconv_worker_U/dataflow_in_loop_LOOP_DW_CH_1_U0/dwconv_process_channel4_U0/grp_dwconv_process_channel4_Pipeline_LOAD_DW_IN_fu_1093/add_ln221_1_reg_5839_pp0_iter2_reg_reg[3]_20.  Did not re-place instance fastvit_bd_i/worker_0/inst/dwconv_worker_U/dataflow_in_loop_LOOP_DW_CH_1_U0/dwconv_process_channel4_U0/grp_dwconv_process_channel4_Pipeline_LOAD_DW_IN_fu_1093/p_ZL9dw_in_buf_0_3[0]_i_1
INFO: [Physopt 32-662] Processed net fastvit_bd_i/worker_0/inst/dwconv_worker_U/dataflow_in_loop_LOOP_DW_CH_1_U0/dwconv_process_channel4_U0/grp_dwconv_process_channel4_Pipeline_LOAD_DW_IN_fu_1093/p_ZL9dw_in_buf_0_3[1]_i_5_n_0.  Did not re-place instance fastvit_bd_i/worker_0/inst/dwconv_worker_U/dataflow_in_loop_LOOP_DW_CH_1_U0/dwconv_process_channel4_U0/grp_dwconv_process_channel4_Pipeline_LOAD_DW_IN_fu_1093/p_ZL9dw_in_buf_0_3[1]_i_5
INFO: [Physopt 32-662] Processed net fastvit_bd_i/worker_0/inst/dwconv_worker_U/dataflow_in_loop_LOOP_DW_CH_1_U0/dwconv_process_channel4_U0/p_ZL9dw_in_buf_11_11[1].  Did not re-place instance fastvit_bd_i/worker_0/inst/dwconv_worker_U/dataflow_in_loop_LOOP_DW_CH_1_U0/dwconv_process_channel4_U0/p_ZL9dw_in_buf_11_11_reg[1]
INFO: [Physopt 32-662] Processed net fastvit_bd_i/worker_0/inst/dwconv_worker_U/dataflow_in_loop_LOOP_DW_CH_1_U0/dwconv_process_channel4_U0/grp_dwconv_process_channel4_Pipeline_LOAD_DW_IN_fu_1093/add_ln221_1_reg_5839_pp0_iter2_reg_reg[3]_18.  Did not re-place instance fastvit_bd_i/worker_0/inst/dwconv_worker_U/dataflow_in_loop_LOOP_DW_CH_1_U0/dwconv_process_channel4_U0/grp_dwconv_process_channel4_Pipeline_LOAD_DW_IN_fu_1093/p_ZL9dw_in_buf_0_7[0]_i_1
INFO: [Physopt 32-662] Processed net fastvit_bd_i/worker_0/inst/dwconv_worker_U/dataflow_in_loop_LOOP_DW_CH_1_U0/dwconv_process_channel4_U0/grp_dwconv_process_channel4_Pipeline_LOAD_DW_IN_fu_1093/ram_reg_i_37__1_n_0.  Did not re-place instance fastvit_bd_i/worker_0/inst/dwconv_worker_U/dataflow_in_loop_LOOP_DW_CH_1_U0/dwconv_process_channel4_U0/grp_dwconv_process_channel4_Pipeline_LOAD_DW_IN_fu_1093/ram_reg_i_37__1
INFO: [Physopt 32-662] Processed net fastvit_bd_i/sc_main/inst/s01_entry_pipeline/s01_si_converter/inst/m_axi_arvalid.  Did not re-place instance fastvit_bd_i/sc_main/inst/s01_entry_pipeline/s01_si_converter/inst/m_axi_arvalid_INST_0
INFO: [Physopt 32-662] Processed net fastvit_bd_i/sc_main/inst/s01_entry_pipeline/s01_mmu/inst/ar_reg_stall/mr_axi_arvalid.  Did not re-place instance fastvit_bd_i/sc_main/inst/s01_entry_pipeline/s01_mmu/inst/ar_reg_stall/state_reg[m_valid_i]
INFO: [Physopt 32-662] Processed net fastvit_bd_i/sc_main/inst/s01_entry_pipeline/s01_transaction_regulator/inst/gen_endpoint.gen_r_singleorder.r_singleorder/gen_id_fifo.singleorder_fifo/m_axi_arvalid.  Did not re-place instance fastvit_bd_i/sc_main/inst/s01_entry_pipeline/s01_transaction_regulator/inst/gen_endpoint.gen_r_singleorder.r_singleorder/gen_id_fifo.singleorder_fifo/m_axi_arvalid_INST_0
INFO: [Physopt 32-662] Processed net fastvit_bd_i/sc_main/inst/s01_nodes/s01_ar_node/inst/inst_mi_handler/gen_normal_area.inst_fifo_node_payld/gen_xpm_memory_fifo.inst_fifo/gen_wr.inst_wr_addra_p1/gen_wr.afull_r_i_5_n_0.  Did not re-place instance fastvit_bd_i/sc_main/inst/s01_nodes/s01_ar_node/inst/inst_mi_handler/gen_normal_area.inst_fifo_node_payld/gen_xpm_memory_fifo.inst_fifo/gen_wr.inst_wr_addra_p1/gen_wr.afull_r_i_5
INFO: [Physopt 32-662] Processed net fastvit_bd_i/sc_main/inst/s01_nodes/s01_ar_node/inst/inst_mi_handler/gen_normal_area.inst_fifo_node_payld/gen_xpm_memory_fifo.inst_fifo/gen_wr.afull_r.  Did not re-place instance fastvit_bd_i/sc_main/inst/s01_nodes/s01_ar_node/inst/inst_mi_handler/gen_normal_area.inst_fifo_node_payld/gen_xpm_memory_fifo.inst_fifo/gen_wr.afull_r_reg
INFO: [Physopt 32-662] Processed net fastvit_bd_i/worker_0/inst/dwconv_worker_U/dataflow_in_loop_LOOP_DW_CH_1_U0/dwconv_process_channel4_U0/grp_dwconv_process_channel4_Pipeline_LOAD_DW_IN_fu_1093/ram_reg_i_129_n_0.  Did not re-place instance fastvit_bd_i/worker_0/inst/dwconv_worker_U/dataflow_in_loop_LOOP_DW_CH_1_U0/dwconv_process_channel4_U0/grp_dwconv_process_channel4_Pipeline_LOAD_DW_IN_fu_1093/ram_reg_i_129
INFO: [Physopt 32-662] Processed net fastvit_bd_i/worker_0/inst/dwconv_worker_U/dataflow_in_loop_LOOP_DW_CH_1_U0/dwconv_process_channel4_U0/grp_dwconv_process_channel4_Pipeline_LOAD_DW_IN_fu_1093/add_ln221_1_reg_5839_reg[3]_3[1].  Did not re-place instance fastvit_bd_i/worker_0/inst/dwconv_worker_U/dataflow_in_loop_LOOP_DW_CH_1_U0/dwconv_process_channel4_U0/grp_dwconv_process_channel4_Pipeline_LOAD_DW_IN_fu_1093/ram_reg_i_10__4
INFO: [Physopt 32-662] Processed net fastvit_bd_i/worker_0/inst/dwconv_worker_U/dataflow_in_loop_LOOP_DW_CH_1_U0/dwconv_process_channel4_U0/grp_dwconv_process_channel4_Pipeline_LOAD_DW_IN_fu_1093/ram_reg_i_13__4_n_0.  Did not re-place instance fastvit_bd_i/worker_0/inst/dwconv_worker_U/dataflow_in_loop_LOOP_DW_CH_1_U0/dwconv_process_channel4_U0/grp_dwconv_process_channel4_Pipeline_LOAD_DW_IN_fu_1093/ram_reg_i_13__4
INFO: [Physopt 32-662] Processed net fastvit_bd_i/worker_0/inst/dwconv_worker_U/dataflow_in_loop_LOOP_DW_CH_1_U0/dwconv_process_channel4_U0/grp_dwconv_process_channel4_Pipeline_LOAD_DW_IN_fu_1093/ram_reg_i_43__2_n_0.  Did not re-place instance fastvit_bd_i/worker_0/inst/dwconv_worker_U/dataflow_in_loop_LOOP_DW_CH_1_U0/dwconv_process_channel4_U0/grp_dwconv_process_channel4_Pipeline_LOAD_DW_IN_fu_1093/ram_reg_i_43__2
INFO: [Physopt 32-662] Processed net fastvit_bd_i/worker_0/inst/dwconv_worker_U/dataflow_in_loop_LOOP_DW_CH_1_U0/dwconv_process_channel4_U0/grp_dwconv_process_channel4_Pipeline_LOAD_DW_IN_fu_1093/ram_reg_i_35__1_n_0.  Did not re-place instance fastvit_bd_i/worker_0/inst/dwconv_worker_U/dataflow_in_loop_LOOP_DW_CH_1_U0/dwconv_process_channel4_U0/grp_dwconv_process_channel4_Pipeline_LOAD_DW_IN_fu_1093/ram_reg_i_35__1
INFO: [Physopt 32-662] Processed net fastvit_bd_i/worker_0/inst/dwconv_worker_U/dataflow_in_loop_LOOP_DW_CH_1_U0/dwconv_process_channel4_U0/grp_dwconv_process_channel4_Pipeline_LOAD_DW_IN_fu_1093/ram_reg_i_103_n_0.  Did not re-place instance fastvit_bd_i/worker_0/inst/dwconv_worker_U/dataflow_in_loop_LOOP_DW_CH_1_U0/dwconv_process_channel4_U0/grp_dwconv_process_channel4_Pipeline_LOAD_DW_IN_fu_1093/ram_reg_i_103
INFO: [Physopt 32-662] Processed net fastvit_bd_i/worker_0/inst/dwconv_worker_U/dataflow_in_loop_LOOP_DW_CH_1_U0/dwconv_process_channel4_U0/grp_dwconv_process_channel4_Pipeline_LOAD_DW_IN_fu_1093/ADDRBWRADDR[2].  Did not re-place instance fastvit_bd_i/worker_0/inst/dwconv_worker_U/dataflow_in_loop_LOOP_DW_CH_1_U0/dwconv_process_channel4_U0/grp_dwconv_process_channel4_Pipeline_LOAD_DW_IN_fu_1093/ram_reg_i_8__0
INFO: [Physopt 32-662] Processed net fastvit_bd_i/worker_0/inst/dwconv_gmem3_m_axi_U/bus_write/fifo_burst/U_fifo_srl/dout[7]_i_2_n_0.  Did not re-place instance fastvit_bd_i/worker_0/inst/dwconv_gmem3_m_axi_U/bus_write/fifo_burst/U_fifo_srl/dout[7]_i_2
INFO: [Physopt 32-662] Processed net fastvit_bd_i/worker_0/inst/dwconv_worker_U/dataflow_in_loop_LOOP_DW_CH_1_U0/dwconv_process_channel4_U0/grp_dwconv_process_channel4_Pipeline_LOAD_DW_IN_fu_1093/ram_reg_i_32__3_n_0.  Did not re-place instance fastvit_bd_i/worker_0/inst/dwconv_worker_U/dataflow_in_loop_LOOP_DW_CH_1_U0/dwconv_process_channel4_U0/grp_dwconv_process_channel4_Pipeline_LOAD_DW_IN_fu_1093/ram_reg_i_32__3
INFO: [Physopt 32-662] Processed net fastvit_bd_i/worker_0/inst/dwconv_worker_U/dataflow_in_loop_LOOP_DW_CH_1_U0/dwconv_process_channel4_U0/grp_dwconv_process_channel4_Pipeline_WRITEBACK_OUT_fu_1626/flow_control_loop_pipe_sequential_init_U/SR[0].  Did not re-place instance fastvit_bd_i/worker_0/inst/dwconv_worker_U/dataflow_in_loop_LOOP_DW_CH_1_U0/dwconv_process_channel4_U0/grp_dwconv_process_channel4_Pipeline_WRITEBACK_OUT_fu_1626/flow_control_loop_pipe_sequential_init_U/hw_fu_98[27]_i_1
INFO: [Physopt 32-662] Processed net fastvit_bd_i/worker_0/inst/dwconv_gmem3_m_axi_U/bus_write/wreq_throttle/data_fifo/U_fifo_srl/last_cnt_reg[0]_0.  Did not re-place instance fastvit_bd_i/worker_0/inst/dwconv_gmem3_m_axi_U/bus_write/wreq_throttle/data_fifo/U_fifo_srl/last_cnt[8]_i_3
INFO: [Physopt 32-662] Processed net fastvit_bd_i/worker_0/inst/dwconv_gmem3_m_axi_U/bus_write/wreq_throttle/data_fifo/U_fifo_srl/last_cnt[4]_i_6_n_0.  Did not re-place instance fastvit_bd_i/worker_0/inst/dwconv_gmem3_m_axi_U/bus_write/wreq_throttle/data_fifo/U_fifo_srl/last_cnt[4]_i_6
INFO: [Physopt 32-662] Processed net fastvit_bd_i/worker_0/inst/dwconv_worker_U/dataflow_in_loop_LOOP_DW_CH_1_U0/dwconv_process_channel4_U0/grp_dwconv_process_channel4_Pipeline_WRITEBACK_OUT_fu_1626/flow_control_loop_pipe_sequential_init_U/hw_fu_98[27]_i_34_n_0.  Did not re-place instance fastvit_bd_i/worker_0/inst/dwconv_worker_U/dataflow_in_loop_LOOP_DW_CH_1_U0/dwconv_process_channel4_U0/grp_dwconv_process_channel4_Pipeline_WRITEBACK_OUT_fu_1626/flow_control_loop_pipe_sequential_init_U/hw_fu_98[27]_i_34
INFO: [Physopt 32-662] Processed net fastvit_bd_i/worker_0/inst/dwconv_worker_U/dataflow_in_loop_LOOP_DW_CH_1_U0/dwconv_process_channel4_U0/grp_dwconv_process_channel4_Pipeline_LOAD_DW_IN_fu_1093/ap_CS_fsm_pp0_stage0.  Did not re-place instance fastvit_bd_i/worker_0/inst/dwconv_worker_U/dataflow_in_loop_LOOP_DW_CH_1_U0/dwconv_process_channel4_U0/grp_dwconv_process_channel4_Pipeline_LOAD_DW_IN_fu_1093/ap_CS_fsm_reg[0]
INFO: [Physopt 32-662] Processed net fastvit_bd_i/worker_0/inst/dwconv_worker_U/dataflow_in_loop_LOOP_DW_CH_1_U0/dwconv_process_channel4_U0/grp_dwconv_process_channel4_Pipeline_LOAD_DW_IN_fu_1093/ram_reg_i_126_n_0.  Did not re-place instance fastvit_bd_i/worker_0/inst/dwconv_worker_U/dataflow_in_loop_LOOP_DW_CH_1_U0/dwconv_process_channel4_U0/grp_dwconv_process_channel4_Pipeline_LOAD_DW_IN_fu_1093/ram_reg_i_126
INFO: [Physopt 32-662] Processed net fastvit_bd_i/worker_0/inst/dwconv_worker_U/dataflow_in_loop_LOOP_DW_CH_1_U0/dwconv_process_channel4_U0/grp_dwconv_process_channel4_Pipeline_LOAD_DW_IN_fu_1093/ram_reg_i_24__1_n_0.  Did not re-place instance fastvit_bd_i/worker_0/inst/dwconv_worker_U/dataflow_in_loop_LOOP_DW_CH_1_U0/dwconv_process_channel4_U0/grp_dwconv_process_channel4_Pipeline_LOAD_DW_IN_fu_1093/ram_reg_i_24__1
INFO: [Physopt 32-662] Processed net fastvit_bd_i/worker_0/inst/dwconv_worker_U/dataflow_in_loop_LOOP_DW_CH_1_U0/dwconv_process_channel4_U0/grp_dwconv_process_channel4_Pipeline_LOAD_DW_IN_fu_1093/add_ln221_1_reg_5839_reg[3]_6[5].  Did not re-place instance fastvit_bd_i/worker_0/inst/dwconv_worker_U/dataflow_in_loop_LOOP_DW_CH_1_U0/dwconv_process_channel4_U0/grp_dwconv_process_channel4_Pipeline_LOAD_DW_IN_fu_1093/ram_reg_i_5__10
INFO: [Physopt 32-662] Processed net fastvit_bd_i/worker_0/inst/dwconv_worker_U/dataflow_in_loop_LOOP_DW_CH_1_U0/dwconv_process_channel4_U0/grp_dwconv_process_channel4_Pipeline_LOAD_DW_IN_fu_1093/add_ln221_1_reg_5839_pp0_iter2_reg_reg[3]_14.  Did not re-place instance fastvit_bd_i/worker_0/inst/dwconv_worker_U/dataflow_in_loop_LOOP_DW_CH_1_U0/dwconv_process_channel4_U0/grp_dwconv_process_channel4_Pipeline_LOAD_DW_IN_fu_1093/p_ZL9dw_in_buf_0_3[1]_i_1
INFO: [Physopt 32-662] Processed net fastvit_bd_i/worker_0/inst/dwconv_worker_U/dataflow_in_loop_LOOP_DW_CH_1_U0/dwconv_process_channel4_U0/grp_dwconv_process_channel4_Pipeline_LOAD_DW_IN_fu_1093/ram_reg_i_17__3_n_0.  Did not re-place instance fastvit_bd_i/worker_0/inst/dwconv_worker_U/dataflow_in_loop_LOOP_DW_CH_1_U0/dwconv_process_channel4_U0/grp_dwconv_process_channel4_Pipeline_LOAD_DW_IN_fu_1093/ram_reg_i_17__3
INFO: [Physopt 32-662] Processed net fastvit_bd_i/worker_0/inst/dwconv_worker_U/dataflow_in_loop_LOOP_DW_CH_1_U0/dwconv_process_channel4_U0/grp_dwconv_process_channel4_Pipeline_LOAD_DW_IN_fu_1093/ram_reg_i_51_n_0.  Did not re-place instance fastvit_bd_i/worker_0/inst/dwconv_worker_U/dataflow_in_loop_LOOP_DW_CH_1_U0/dwconv_process_channel4_U0/grp_dwconv_process_channel4_Pipeline_LOAD_DW_IN_fu_1093/ram_reg_i_51
INFO: [Physopt 32-662] Processed net fastvit_bd_i/worker_0/inst/dwconv_worker_U/dataflow_in_loop_LOOP_DW_CH_1_U0/dwconv_process_channel4_U0/grp_dwconv_process_channel4_Pipeline_LOAD_DW_IN_fu_1093/add_ln221_1_reg_5839_reg[3]_0[7].  Did not re-place instance fastvit_bd_i/worker_0/inst/dwconv_worker_U/dataflow_in_loop_LOOP_DW_CH_1_U0/dwconv_process_channel4_U0/grp_dwconv_process_channel4_Pipeline_LOAD_DW_IN_fu_1093/ram_reg_i_3__13
INFO: [Physopt 32-662] Processed net fastvit_bd_i/worker_0/inst/dwconv_worker_U/dataflow_in_loop_LOOP_DW_CH_1_U0/dwconv_process_channel4_U0/grp_dwconv_process_channel4_Pipeline_LOAD_DW_IN_fu_1093/ram_reg_i_104_n_0.  Did not re-place instance fastvit_bd_i/worker_0/inst/dwconv_worker_U/dataflow_in_loop_LOOP_DW_CH_1_U0/dwconv_process_channel4_U0/grp_dwconv_process_channel4_Pipeline_LOAD_DW_IN_fu_1093/ram_reg_i_104
INFO: [Physopt 32-662] Processed net fastvit_bd_i/worker_0/inst/dwconv_worker_U/dataflow_in_loop_LOOP_DW_CH_1_U0/dwconv_process_channel4_U0/grp_dwconv_process_channel4_Pipeline_LOAD_DW_IN_fu_1093/ram_reg_i_43__1_n_0.  Did not re-place instance fastvit_bd_i/worker_0/inst/dwconv_worker_U/dataflow_in_loop_LOOP_DW_CH_1_U0/dwconv_process_channel4_U0/grp_dwconv_process_channel4_Pipeline_LOAD_DW_IN_fu_1093/ram_reg_i_43__1
INFO: [Physopt 32-662] Processed net fastvit_bd_i/worker_0/inst/dwconv_worker_U/dataflow_in_loop_LOOP_DW_CH_1_U0/dwconv_process_channel4_U0/grp_dwconv_process_channel4_Pipeline_LOAD_DW_IN_fu_1093/ADDRBWRADDR[0].  Did not re-place instance fastvit_bd_i/worker_0/inst/dwconv_worker_U/dataflow_in_loop_LOOP_DW_CH_1_U0/dwconv_process_channel4_U0/grp_dwconv_process_channel4_Pipeline_LOAD_DW_IN_fu_1093/ram_reg_i_10__0
INFO: [Physopt 32-662] Processed net fastvit_bd_i/worker_0/inst/dwconv_worker_U/dataflow_in_loop_LOOP_DW_CH_1_U0/dwconv_process_channel4_U0/grp_dwconv_process_channel4_Pipeline_LOAD_DW_IN_fu_1093/add_ln221_1_reg_5839_pp0_iter2_reg_reg[3]_17.  Did not re-place instance fastvit_bd_i/worker_0/inst/dwconv_worker_U/dataflow_in_loop_LOOP_DW_CH_1_U0/dwconv_process_channel4_U0/grp_dwconv_process_channel4_Pipeline_LOAD_DW_IN_fu_1093/p_ZL9dw_in_buf_0_1[1]_i_1
INFO: [Physopt 32-662] Processed net fastvit_bd_i/worker_0/inst/dwconv_worker_U/dataflow_in_loop_LOOP_DW_CH_1_U0/dwconv_process_channel4_U0/grp_dwconv_process_channel4_Pipeline_LOAD_DW_IN_fu_1093/ram_reg_i_17__0_n_0.  Did not re-place instance fastvit_bd_i/worker_0/inst/dwconv_worker_U/dataflow_in_loop_LOOP_DW_CH_1_U0/dwconv_process_channel4_U0/grp_dwconv_process_channel4_Pipeline_LOAD_DW_IN_fu_1093/ram_reg_i_17__0
INFO: [Physopt 32-662] Processed net fastvit_bd_i/worker_0/inst/dwconv_worker_U/dataflow_in_loop_LOOP_DW_CH_1_U0/dwconv_process_channel4_U0/grp_dwconv_process_channel4_Pipeline_LOAD_DW_IN_fu_1093/ram_reg_i_42__0_n_0.  Did not re-place instance fastvit_bd_i/worker_0/inst/dwconv_worker_U/dataflow_in_loop_LOOP_DW_CH_1_U0/dwconv_process_channel4_U0/grp_dwconv_process_channel4_Pipeline_LOAD_DW_IN_fu_1093/ram_reg_i_42__0
INFO: [Physopt 32-662] Processed net fastvit_bd_i/worker_0/inst/dwconv_worker_U/dataflow_in_loop_LOOP_DW_CH_1_U0/dwconv_process_channel4_U0/grp_dwconv_process_channel4_Pipeline_LOAD_DW_IN_fu_1093/add_ln221_1_reg_5839_reg[3]_9[7].  Did not re-place instance fastvit_bd_i/worker_0/inst/dwconv_worker_U/dataflow_in_loop_LOOP_DW_CH_1_U0/dwconv_process_channel4_U0/grp_dwconv_process_channel4_Pipeline_LOAD_DW_IN_fu_1093/ram_reg_i_3__23
INFO: [Physopt 32-662] Processed net fastvit_bd_i/worker_0/inst/dwconv_worker_U/dataflow_in_loop_LOOP_DW_CH_1_U0/dwconv_process_channel4_U0/grp_dwconv_process_channel4_Pipeline_LOAD_DW_IN_fu_1093/lshr_ln1_reg_5754[0]_repN.  Did not re-place instance fastvit_bd_i/worker_0/inst/dwconv_worker_U/dataflow_in_loop_LOOP_DW_CH_1_U0/dwconv_process_channel4_U0/grp_dwconv_process_channel4_Pipeline_LOAD_DW_IN_fu_1093/lshr_ln1_reg_5754_reg[0]_replica
INFO: [Physopt 32-662] Processed net fastvit_bd_i/worker_0/inst/dwconv_worker_U/dataflow_in_loop_LOOP_DW_CH_1_U0/dwconv_process_channel4_U0/grp_dwconv_process_channel4_Pipeline_LOAD_DW_IN_fu_1093/ram_reg_i_132_n_0.  Did not re-place instance fastvit_bd_i/worker_0/inst/dwconv_worker_U/dataflow_in_loop_LOOP_DW_CH_1_U0/dwconv_process_channel4_U0/grp_dwconv_process_channel4_Pipeline_LOAD_DW_IN_fu_1093/ram_reg_i_132
INFO: [Physopt 32-662] Processed net fastvit_bd_i/worker_0/inst/dwconv_worker_U/dataflow_in_loop_LOOP_DW_CH_1_U0/dwconv_process_channel4_U0/grp_dwconv_process_channel4_Pipeline_LOAD_DW_IN_fu_1093/ram_reg_i_44__2_n_0.  Did not re-place instance fastvit_bd_i/worker_0/inst/dwconv_worker_U/dataflow_in_loop_LOOP_DW_CH_1_U0/dwconv_process_channel4_U0/grp_dwconv_process_channel4_Pipeline_LOAD_DW_IN_fu_1093/ram_reg_i_44__2
INFO: [Physopt 32-662] Processed net fastvit_bd_i/worker_0/inst/dwconv_worker_U/dataflow_in_loop_LOOP_DW_CH_1_U0/dwconv_process_channel4_U0/grp_dwconv_process_channel4_Pipeline_LOAD_DW_IN_fu_1093/add_ln221_1_reg_5839_reg[3]_1[0].  Did not re-place instance fastvit_bd_i/worker_0/inst/dwconv_worker_U/dataflow_in_loop_LOOP_DW_CH_1_U0/dwconv_process_channel4_U0/grp_dwconv_process_channel4_Pipeline_LOAD_DW_IN_fu_1093/ram_reg_i_10__2
INFO: [Physopt 32-662] Processed net fastvit_bd_i/sc_main/inst/s02_entry_pipeline/s02_si_converter/inst/m_axi_arvalid.  Did not re-place instance fastvit_bd_i/sc_main/inst/s02_entry_pipeline/s02_si_converter/inst/m_axi_arvalid_INST_0
INFO: [Physopt 32-662] Processed net fastvit_bd_i/sc_main/inst/s02_nodes/s02_ar_node/inst/inst_mi_handler/gen_normal_area.inst_fifo_node_payld/gen_xpm_memory_fifo.inst_fifo/gen_wr.inst_wr_addra_p1/gen_wr.afull_r_i_9_n_0.  Did not re-place instance fastvit_bd_i/sc_main/inst/s02_nodes/s02_ar_node/inst/inst_mi_handler/gen_normal_area.inst_fifo_node_payld/gen_xpm_memory_fifo.inst_fifo/gen_wr.inst_wr_addra_p1/gen_wr.afull_r_i_9
INFO: [Physopt 32-662] Processed net fastvit_bd_i/ps_ctrl_ic/s00_couplers/auto_pc/inst/gen_axilite.gen_b2s_conv.axilite_b2s/SI_REG/aw.aw_pipe/m_payload_i_reg[1]_1.  Did not re-place instance fastvit_bd_i/ps_ctrl_ic/s00_couplers/auto_pc/inst/gen_axilite.gen_b2s_conv.axilite_b2s/SI_REG/aw.aw_pipe/axaddr_offset_r[0]_i_2
INFO: [Physopt 32-662] Processed net fastvit_bd_i/ps_ctrl_ic/s00_couplers/auto_pc/inst/gen_axilite.gen_b2s_conv.axilite_b2s/WR.aw_channel_0/aw_cmd_fsm_0/D[3].  Did not re-place instance fastvit_bd_i/ps_ctrl_ic/s00_couplers/auto_pc/inst/gen_axilite.gen_b2s_conv.axilite_b2s/WR.aw_channel_0/aw_cmd_fsm_0/wrap_cnt_r[3]_i_1
INFO: [Physopt 32-662] Processed net fastvit_bd_i/sc_main/inst/s02_entry_pipeline/s02_transaction_regulator/inst/gen_endpoint.gen_r_singleorder.r_singleorder/gen_id_fifo.singleorder_fifo/m_axi_arvalid.  Did not re-place instance fastvit_bd_i/sc_main/inst/s02_entry_pipeline/s02_transaction_regulator/inst/gen_endpoint.gen_r_singleorder.r_singleorder/gen_id_fifo.singleorder_fifo/m_axi_arvalid_INST_0
INFO: [Physopt 32-662] Processed net fastvit_bd_i/sc_main/inst/s02_nodes/s02_ar_node/inst/inst_mi_handler/gen_normal_area.inst_fifo_node_payld/gen_xpm_memory_fifo.inst_fifo/gen_wr.inst_wr_addra_p1/areset_r_reg.  Did not re-place instance fastvit_bd_i/sc_main/inst/s02_nodes/s02_ar_node/inst/inst_mi_handler/gen_normal_area.inst_fifo_node_payld/gen_xpm_memory_fifo.inst_fifo/gen_wr.inst_wr_addra_p1/gen_wr.afull_r_i_1
INFO: [Physopt 32-662] Processed net fastvit_bd_i/sc_main/inst/s02_nodes/s02_ar_node/inst/inst_mi_handler/gen_normal_area.inst_fifo_node_payld/gen_xpm_memory_fifo.inst_fifo/gen_wr.inst_wr_addra_p1/gen_wr.afull_r_i_5_n_0.  Did not re-place instance fastvit_bd_i/sc_main/inst/s02_nodes/s02_ar_node/inst/inst_mi_handler/gen_normal_area.inst_fifo_node_payld/gen_xpm_memory_fifo.inst_fifo/gen_wr.inst_wr_addra_p1/gen_wr.afull_r_i_5
INFO: [Physopt 32-662] Processed net fastvit_bd_i/ps_ctrl_ic/s00_couplers/auto_pc/inst/gen_axilite.gen_b2s_conv.axilite_b2s/WR.aw_channel_0/cmd_translator_0/wrap_cmd_0/wrap_cnt_r[3].  Did not re-place instance fastvit_bd_i/ps_ctrl_ic/s00_couplers/auto_pc/inst/gen_axilite.gen_b2s_conv.axilite_b2s/WR.aw_channel_0/cmd_translator_0/wrap_cmd_0/wrap_cnt_r_reg[3]
INFO: [Physopt 32-662] Processed net fastvit_bd_i/sc_main/inst/s02_nodes/s02_ar_node/inst/inst_mi_handler/gen_normal_area.inst_fifo_node_payld/gen_xpm_memory_fifo.inst_fifo/gen_wr.afull_r.  Did not re-place instance fastvit_bd_i/sc_main/inst/s02_nodes/s02_ar_node/inst/inst_mi_handler/gen_normal_area.inst_fifo_node_payld/gen_xpm_memory_fifo.inst_fifo/gen_wr.afull_r_reg
INFO: [Physopt 32-662] Processed net fastvit_bd_i/worker_0/inst/dwconv_worker_U/dataflow_in_loop_LOOP_DW_CH_1_U0/dwconv_process_channel4_U0/grp_dwconv_process_channel4_Pipeline_LOAD_DW_IN_fu_1093/ram_reg_i_109_n_0.  Did not re-place instance fastvit_bd_i/worker_0/inst/dwconv_worker_U/dataflow_in_loop_LOOP_DW_CH_1_U0/dwconv_process_channel4_U0/grp_dwconv_process_channel4_Pipeline_LOAD_DW_IN_fu_1093/ram_reg_i_109
INFO: [Physopt 32-662] Processed net fastvit_bd_i/worker_0/inst/dwconv_worker_U/dataflow_in_loop_LOOP_DW_CH_1_U0/dataflow_in_loop_LOOP_DW_CH_1_Block_newFuncRoot_proc2_U0/sdiv_32ns_32ns_32_36_1_U1573/p_0_in__0[0].  Did not re-place instance fastvit_bd_i/worker_0/inst/dwconv_worker_U/dataflow_in_loop_LOOP_DW_CH_1_U0/dataflow_in_loop_LOOP_DW_CH_1_Block_newFuncRoot_proc2_U0/sdiv_32ns_32ns_32_36_1_U1573/loop[25].dividend_tmp_reg[26][30]_srl27_i_3__0
INFO: [Physopt 32-662] Processed net fastvit_bd_i/worker_0/inst/dwconv_worker_U/dataflow_in_loop_LOOP_DW_CH_1_U0/dwconv_process_channel4_U0/grp_dwconv_process_channel4_Pipeline_LOAD_DW_IN_fu_1093/ram_reg_i_19__0_n_0.  Did not re-place instance fastvit_bd_i/worker_0/inst/dwconv_worker_U/dataflow_in_loop_LOOP_DW_CH_1_U0/dwconv_process_channel4_U0/grp_dwconv_process_channel4_Pipeline_LOAD_DW_IN_fu_1093/ram_reg_i_19__0
INFO: [Physopt 32-662] Processed net fastvit_bd_i/worker_0/inst/dwconv_worker_U/dataflow_in_loop_LOOP_DW_CH_1_U0/dwconv_process_channel4_U0/grp_dwconv_process_channel4_Pipeline_LOAD_DW_IN_fu_1093/ram_reg_i_54_n_0.  Did not re-place instance fastvit_bd_i/worker_0/inst/dwconv_worker_U/dataflow_in_loop_LOOP_DW_CH_1_U0/dwconv_process_channel4_U0/grp_dwconv_process_channel4_Pipeline_LOAD_DW_IN_fu_1093/ram_reg_i_54
INFO: [Physopt 32-662] Processed net fastvit_bd_i/worker_0/inst/dwconv_worker_U/dataflow_in_loop_LOOP_DW_CH_1_U0/dwconv_process_channel4_U0/grp_dwconv_process_channel4_Pipeline_LOAD_DW_IN_fu_1093/ram_reg_i_83_n_0.  Did not re-place instance fastvit_bd_i/worker_0/inst/dwconv_worker_U/dataflow_in_loop_LOOP_DW_CH_1_U0/dwconv_process_channel4_U0/grp_dwconv_process_channel4_Pipeline_LOAD_DW_IN_fu_1093/ram_reg_i_83
INFO: [Physopt 32-662] Processed net fastvit_bd_i/worker_0/inst/dwconv_worker_U/dataflow_in_loop_LOOP_DW_CH_1_U0/dwconv_process_channel4_U0/grp_dwconv_process_channel4_Pipeline_LOAD_DW_IN_fu_1093/ram_reg_i_28__1_n_0.  Did not re-place instance fastvit_bd_i/worker_0/inst/dwconv_worker_U/dataflow_in_loop_LOOP_DW_CH_1_U0/dwconv_process_channel4_U0/grp_dwconv_process_channel4_Pipeline_LOAD_DW_IN_fu_1093/ram_reg_i_28__1
INFO: [Physopt 32-662] Processed net fastvit_bd_i/worker_0/inst/dwconv_worker_U/dataflow_in_loop_LOOP_DW_CH_1_U0/dwconv_process_channel4_U0/grp_dwconv_process_channel4_Pipeline_LOAD_DW_IN_fu_1093/add_ln221_1_reg_5839_reg[3]_3[6].  Did not re-place instance fastvit_bd_i/worker_0/inst/dwconv_worker_U/dataflow_in_loop_LOOP_DW_CH_1_U0/dwconv_process_channel4_U0/grp_dwconv_process_channel4_Pipeline_LOAD_DW_IN_fu_1093/ram_reg_i_5__4
INFO: [Physopt 32-662] Processed net fastvit_bd_i/worker_0/inst/dwconv_worker_U/dataflow_in_loop_LOOP_DW_CH_1_U0/dwconv_process_channel4_U0/grp_dwconv_process_channel4_Pipeline_LOAD_DW_IN_fu_1093/ram_reg_i_45__1_n_0.  Did not re-place instance fastvit_bd_i/worker_0/inst/dwconv_worker_U/dataflow_in_loop_LOOP_DW_CH_1_U0/dwconv_process_channel4_U0/grp_dwconv_process_channel4_Pipeline_LOAD_DW_IN_fu_1093/ram_reg_i_45__1
INFO: [Physopt 32-662] Processed net fastvit_bd_i/worker_0/inst/dwconv_worker_U/dataflow_in_loop_LOOP_DW_CH_1_U0/dwconv_process_channel4_U0/grp_dwconv_process_channel4_Pipeline_LOAD_DW_IN_fu_1093/add_ln221_1_reg_5839_reg[3]_6[0].  Did not re-place instance fastvit_bd_i/worker_0/inst/dwconv_worker_U/dataflow_in_loop_LOOP_DW_CH_1_U0/dwconv_process_channel4_U0/grp_dwconv_process_channel4_Pipeline_LOAD_DW_IN_fu_1093/ram_reg_i_10__10
INFO: [Physopt 32-662] Processed net fastvit_bd_i/worker_0/inst/dwconv_worker_U/dataflow_in_loop_LOOP_DW_CH_1_U0/dwconv_process_channel4_U0/grp_dwconv_process_channel4_Pipeline_LOAD_DW_IN_fu_1093/add_ln221_1_reg_5839_reg[3]_4[2].  Did not re-place instance fastvit_bd_i/worker_0/inst/dwconv_worker_U/dataflow_in_loop_LOOP_DW_CH_1_U0/dwconv_process_channel4_U0/grp_dwconv_process_channel4_Pipeline_LOAD_DW_IN_fu_1093/ram_reg_i_8__7
INFO: [Physopt 32-662] Processed net fastvit_bd_i/worker_0/inst/dwconv_worker_U/dataflow_in_loop_LOOP_DW_CH_1_U0/dwconv_process_channel4_U0/p_ZL9dw_in_buf_9_3[1].  Did not re-place instance fastvit_bd_i/worker_0/inst/dwconv_worker_U/dataflow_in_loop_LOOP_DW_CH_1_U0/dwconv_process_channel4_U0/p_ZL9dw_in_buf_9_3_reg[1]
INFO: [Physopt 32-662] Processed net fastvit_bd_i/worker_0/inst/dwconv_worker_U/dataflow_in_loop_LOOP_DW_CH_1_U0/dwconv_process_channel4_U0/grp_dwconv_process_channel4_Pipeline_LOAD_DW_IN_fu_1093/ram_reg_i_17__2_n_0.  Did not re-place instance fastvit_bd_i/worker_0/inst/dwconv_worker_U/dataflow_in_loop_LOOP_DW_CH_1_U0/dwconv_process_channel4_U0/grp_dwconv_process_channel4_Pipeline_LOAD_DW_IN_fu_1093/ram_reg_i_17__2
INFO: [Physopt 32-662] Processed net fastvit_bd_i/worker_0/inst/dwconv_worker_U/dataflow_in_loop_LOOP_DW_CH_1_U0/dwconv_process_channel4_U0/grp_dwconv_process_channel4_Pipeline_LOAD_DW_IN_fu_1093/lshr_ln1_reg_5754[5].  Did not re-place instance fastvit_bd_i/worker_0/inst/dwconv_worker_U/dataflow_in_loop_LOOP_DW_CH_1_U0/dwconv_process_channel4_U0/grp_dwconv_process_channel4_Pipeline_LOAD_DW_IN_fu_1093/lshr_ln1_reg_5754_reg[5]
INFO: [Physopt 32-662] Processed net fastvit_bd_i/worker_0/inst/dwconv_worker_U/dataflow_in_loop_LOOP_DW_CH_1_U0/dwconv_process_channel4_U0/grp_dwconv_process_channel4_Pipeline_LOAD_DW_IN_fu_1093/ram_reg_i_32__2_n_0.  Did not re-place instance fastvit_bd_i/worker_0/inst/dwconv_worker_U/dataflow_in_loop_LOOP_DW_CH_1_U0/dwconv_process_channel4_U0/grp_dwconv_process_channel4_Pipeline_LOAD_DW_IN_fu_1093/ram_reg_i_32__2
INFO: [Physopt 32-662] Processed net fastvit_bd_i/worker_0/inst/dwconv_worker_U/dataflow_in_loop_LOOP_DW_CH_1_U0/dwconv_process_channel4_U0/grp_dwconv_process_channel4_Pipeline_LOAD_DW_IN_fu_1093/ram_reg_i_33__2_n_0.  Did not re-place instance fastvit_bd_i/worker_0/inst/dwconv_worker_U/dataflow_in_loop_LOOP_DW_CH_1_U0/dwconv_process_channel4_U0/grp_dwconv_process_channel4_Pipeline_LOAD_DW_IN_fu_1093/ram_reg_i_33__2
INFO: [Physopt 32-662] Processed net fastvit_bd_i/worker_0/inst/dwconv_worker_U/dataflow_in_loop_LOOP_DW_CH_1_U0/dwconv_process_channel4_U0/grp_dwconv_process_channel4_Pipeline_LOAD_DW_IN_fu_1093/add_ln221_1_reg_5839_reg[3]_0[3].  Did not re-place instance fastvit_bd_i/worker_0/inst/dwconv_worker_U/dataflow_in_loop_LOOP_DW_CH_1_U0/dwconv_process_channel4_U0/grp_dwconv_process_channel4_Pipeline_LOAD_DW_IN_fu_1093/ram_reg_i_7__1
INFO: [Physopt 32-662] Processed net fastvit_bd_i/worker_0/inst/dwconv_worker_U/dataflow_in_loop_LOOP_DW_CH_1_U0/dwconv_process_channel4_U0/grp_dwconv_process_channel4_Pipeline_LOAD_DW_IN_fu_1093/ram_reg_i_105_n_0.  Did not re-place instance fastvit_bd_i/worker_0/inst/dwconv_worker_U/dataflow_in_loop_LOOP_DW_CH_1_U0/dwconv_process_channel4_U0/grp_dwconv_process_channel4_Pipeline_LOAD_DW_IN_fu_1093/ram_reg_i_105
INFO: [Physopt 32-662] Processed net fastvit_bd_i/worker_0/inst/dwconv_worker_U/dataflow_in_loop_LOOP_DW_CH_1_U0/dwconv_process_channel4_U0/grp_dwconv_process_channel4_Pipeline_LOAD_DW_IN_fu_1093/ram_reg_i_21__0_n_0.  Did not re-place instance fastvit_bd_i/worker_0/inst/dwconv_worker_U/dataflow_in_loop_LOOP_DW_CH_1_U0/dwconv_process_channel4_U0/grp_dwconv_process_channel4_Pipeline_LOAD_DW_IN_fu_1093/ram_reg_i_21__0
INFO: [Physopt 32-662] Processed net fastvit_bd_i/worker_0/inst/dwconv_worker_U/dataflow_in_loop_LOOP_DW_CH_1_U0/dwconv_process_channel4_U0/grp_dwconv_process_channel4_Pipeline_LOAD_DW_IN_fu_1093/ram_reg_i_33__3_n_0.  Did not re-place instance fastvit_bd_i/worker_0/inst/dwconv_worker_U/dataflow_in_loop_LOOP_DW_CH_1_U0/dwconv_process_channel4_U0/grp_dwconv_process_channel4_Pipeline_LOAD_DW_IN_fu_1093/ram_reg_i_33__3
INFO: [Physopt 32-662] Processed net fastvit_bd_i/worker_0/inst/dwconv_worker_U/dataflow_in_loop_LOOP_DW_CH_1_U0/dwconv_process_channel4_U0/grp_dwconv_process_channel4_Pipeline_LOAD_DW_IN_fu_1093/add_ln221_1_reg_5839_reg[3]_10[6].  Did not re-place instance fastvit_bd_i/worker_0/inst/dwconv_worker_U/dataflow_in_loop_LOOP_DW_CH_1_U0/dwconv_process_channel4_U0/grp_dwconv_process_channel4_Pipeline_LOAD_DW_IN_fu_1093/ram_reg_i_5__5
INFO: [Physopt 32-662] Processed net fastvit_bd_i/worker_0/inst/dwconv_worker_U/dataflow_in_loop_LOOP_DW_CH_1_U0/dwconv_process_channel4_U0/grp_dwconv_process_channel4_Pipeline_LOAD_DW_IN_fu_1093/lshr_ln1_reg_5754_reg[7]_0[2].  Did not re-place instance fastvit_bd_i/worker_0/inst/dwconv_worker_U/dataflow_in_loop_LOOP_DW_CH_1_U0/dwconv_process_channel4_U0/grp_dwconv_process_channel4_Pipeline_LOAD_DW_IN_fu_1093/ram_reg_i_8__6
INFO: [Physopt 32-662] Processed net fastvit_bd_i/worker_0/inst/dwconv_worker_U/dataflow_in_loop_LOOP_DW_CH_1_U0/dwconv_process_channel4_U0/grp_dwconv_process_channel4_Pipeline_LOAD_DW_IN_fu_1093/ram_reg_i_131_n_0.  Did not re-place instance fastvit_bd_i/worker_0/inst/dwconv_worker_U/dataflow_in_loop_LOOP_DW_CH_1_U0/dwconv_process_channel4_U0/grp_dwconv_process_channel4_Pipeline_LOAD_DW_IN_fu_1093/ram_reg_i_131
INFO: [Physopt 32-662] Processed net fastvit_bd_i/worker_0/inst/dwconv_worker_U/dataflow_in_loop_LOOP_DW_CH_1_U0/dwconv_process_channel4_U0/grp_dwconv_process_channel4_Pipeline_LOAD_DW_IN_fu_1093/add_ln221_1_reg_5839_reg[3]_10[7].  Did not re-place instance fastvit_bd_i/worker_0/inst/dwconv_worker_U/dataflow_in_loop_LOOP_DW_CH_1_U0/dwconv_process_channel4_U0/grp_dwconv_process_channel4_Pipeline_LOAD_DW_IN_fu_1093/ram_reg_i_4__5
INFO: [Physopt 32-662] Processed net fastvit_bd_i/sc_main/inst/m00_nodes/m00_ar_node/inst/inst_mi_handler/gen_normal_area.gen_node_prog_full.inst_node_prog_full/gen_xpm_memory_fifo.inst_fifo/gen_mem_rep[0].inst_rd_addrb/rd_addrb_incr.  Did not re-place instance fastvit_bd_i/sc_main/inst/m00_nodes/m00_ar_node/inst/inst_mi_handler/gen_normal_area.gen_node_prog_full.inst_node_prog_full/gen_xpm_memory_fifo.inst_fifo/gen_mem_rep[0].inst_rd_addrb/count_r[5]_i_1__1
INFO: [Physopt 32-662] Processed net fastvit_bd_i/sc_main/inst/s01_entry_pipeline/s01_mmu/inst/ar_sreg/gen_endpoint.r_trigger_decerr.  Did not re-place instance fastvit_bd_i/sc_main/inst/s01_entry_pipeline/s01_mmu/inst/ar_sreg/i_0_LOPT_REMAP
INFO: [Physopt 32-662] Processed net fastvit_bd_i/sc_main/inst/m00_exit_pipeline/m00_exit/inst/splitter_inst/gen_axi3.splitter_inst/ar_cmd_reg/s_axi_arready.  Did not re-place instance fastvit_bd_i/sc_main/inst/m00_exit_pipeline/m00_exit/inst/splitter_inst/gen_axi3.splitter_inst/ar_cmd_reg/s_axi_arready_INST_0
INFO: [Physopt 32-662] Processed net fastvit_bd_i/sc_main/inst/m00_exit_pipeline/m00_exit/inst/splitter_inst/gen_axi3.splitter_inst/gen_rsplitter.ar_split_state_reg_n_0.  Did not re-place instance fastvit_bd_i/sc_main/inst/m00_exit_pipeline/m00_exit/inst/splitter_inst/gen_axi3.splitter_inst/gen_rsplitter.ar_split_state_reg
INFO: [Physopt 32-662] Processed net fastvit_bd_i/sc_main/inst/m00_nodes/m00_ar_node/inst/inst_mi_handler/gen_normal_area.gen_node_prog_full.inst_node_prog_full/gen_xpm_memory_fifo.inst_fifo/gen_wr.inst_wr_addra_p1/count_r_reg[5]_0.  Did not re-place instance fastvit_bd_i/sc_main/inst/m00_nodes/m00_ar_node/inst/inst_mi_handler/gen_normal_area.gen_node_prog_full.inst_node_prog_full/gen_xpm_memory_fifo.inst_fifo/gen_wr.inst_wr_addra_p1/gen_rd.fifo_empty_r_i_1
INFO: [Physopt 32-662] Processed net fastvit_bd_i/sc_main/inst/s01_entry_pipeline/s01_mmu/inst/ar_reg_stall/FSM_sequential_gen_endpoint.r_state_reg[0].  Did not re-place instance fastvit_bd_i/sc_main/inst/s01_entry_pipeline/s01_mmu/inst/ar_reg_stall/FSM_sequential_gen_endpoint.r_state[1]_i_1
INFO: [Physopt 32-662] Processed net fastvit_bd_i/sc_main/inst/m00_nodes/m00_ar_node/inst/inst_mi_handler/gen_normal_area.gen_node_prog_full.inst_node_prog_full/gen_xpm_memory_fifo.inst_fifo/gen_rd.fifo_empty_r.  Did not re-place instance fastvit_bd_i/sc_main/inst/m00_nodes/m00_ar_node/inst/inst_mi_handler/gen_normal_area.gen_node_prog_full.inst_node_prog_full/gen_xpm_memory_fifo.inst_fifo/gen_rd.fifo_empty_r_reg
INFO: [Physopt 32-662] Processed net fastvit_bd_i/worker_0/inst/dwconv_worker_U/dataflow_in_loop_LOOP_DW_CH_1_U0/dwconv_process_channel4_U0/grp_dwconv_process_channel4_Pipeline_LOAD_DW_IN_fu_1093/ram_reg_i_123_n_0.  Did not re-place instance fastvit_bd_i/worker_0/inst/dwconv_worker_U/dataflow_in_loop_LOOP_DW_CH_1_U0/dwconv_process_channel4_U0/grp_dwconv_process_channel4_Pipeline_LOAD_DW_IN_fu_1093/ram_reg_i_123
INFO: [Physopt 32-662] Processed net fastvit_bd_i/worker_0/inst/dwconv_worker_U/dataflow_in_loop_LOOP_DW_CH_1_U0/dwconv_process_channel4_U0/grp_dwconv_process_channel4_Pipeline_LOAD_DW_IN_fu_1093/ram_reg_i_41__2_n_0.  Did not re-place instance fastvit_bd_i/worker_0/inst/dwconv_worker_U/dataflow_in_loop_LOOP_DW_CH_1_U0/dwconv_process_channel4_U0/grp_dwconv_process_channel4_Pipeline_LOAD_DW_IN_fu_1093/ram_reg_i_41__2
INFO: [Physopt 32-662] Processed net fastvit_bd_i/worker_0/inst/dwconv_worker_U/dataflow_in_loop_LOOP_DW_CH_1_U0/dwconv_process_channel4_U0/grp_dwconv_process_channel4_Pipeline_LOAD_DW_IN_fu_1093/add_ln221_1_reg_5839_reg[3]_0[1].  Did not re-place instance fastvit_bd_i/worker_0/inst/dwconv_worker_U/dataflow_in_loop_LOOP_DW_CH_1_U0/dwconv_process_channel4_U0/grp_dwconv_process_channel4_Pipeline_LOAD_DW_IN_fu_1093/ram_reg_i_9__1
INFO: [Physopt 32-662] Processed net fastvit_bd_i/worker_0/inst/dwconv_worker_U/dataflow_in_loop_LOOP_DW_CH_1_U0/dwconv_process_channel4_U0/grp_dwconv_process_channel4_Pipeline_LOAD_DW_IN_fu_1093/add_ln221_1_reg_5839_reg[3]_10[2].  Did not re-place instance fastvit_bd_i/worker_0/inst/dwconv_worker_U/dataflow_in_loop_LOOP_DW_CH_1_U0/dwconv_process_channel4_U0/grp_dwconv_process_channel4_Pipeline_LOAD_DW_IN_fu_1093/ram_reg_i_9__5
INFO: [Physopt 32-662] Processed net fastvit_bd_i/worker_0/inst/dwconv_worker_U/dataflow_in_loop_LOOP_DW_CH_1_U0/dwconv_process_channel4_U0/grp_dwconv_process_channel4_Pipeline_LOAD_DW_IN_fu_1093/add_ln221_1_reg_5839_reg[3]_6[4].  Did not re-place instance fastvit_bd_i/worker_0/inst/dwconv_worker_U/dataflow_in_loop_LOOP_DW_CH_1_U0/dwconv_process_channel4_U0/grp_dwconv_process_channel4_Pipeline_LOAD_DW_IN_fu_1093/ram_reg_i_6__10
INFO: [Physopt 32-662] Processed net fastvit_bd_i/worker_0/inst/dwconv_worker_U/dataflow_in_loop_LOOP_DW_CH_1_U0/dwconv_process_channel4_U0/p_ZL9dw_in_buf_0_3[1].  Did not re-place instance fastvit_bd_i/worker_0/inst/dwconv_worker_U/dataflow_in_loop_LOOP_DW_CH_1_U0/dwconv_process_channel4_U0/p_ZL9dw_in_buf_0_3_reg[1]
INFO: [Physopt 32-662] Processed net fastvit_bd_i/worker_0/inst/dwconv_gmem3_m_axi_U/bus_write/wreq_throttle/data_fifo/U_fifo_srl/last_cnt_reg[4].  Did not re-place instance fastvit_bd_i/worker_0/inst/dwconv_gmem3_m_axi_U/bus_write/wreq_throttle/data_fifo/U_fifo_srl/m_axi_dwconv_gmem3_WVALID_INST_0_i_1
INFO: [Physopt 32-661] Optimized 74 nets.  Re-placed 74 instances.
INFO: [Physopt 32-775] End 1 Pass. Optimized 74 nets or cells. Created 0 new cell, deleted 0 existing cell and moved 74 existing cells
INFO: [Physopt 32-619] Estimated Timing Summary | WNS=-0.139 | TNS=-7.954 |
Netlist sorting complete. Time (s): cpu = 00:00:00 ; elapsed = 00:00:00.011 . Memory (MB): peak = 2644.430 ; gain = 0.000
Phase 15 Single Cell Placement Optimization | Checksum: 1578ac861

Time (s): cpu = 00:00:26 ; elapsed = 00:00:26 . Memory (MB): peak = 2644.430 ; gain = 17.906

Phase 16 Multi Cell Placement Optimization
INFO: [Physopt 32-660] Identified 100 candidate nets for placement-based optimization.
INFO: [Physopt 32-662] Processed net fastvit_bd_i/worker_0/inst/dwconv_worker_U/dataflow_in_loop_LOOP_DW_CH_1_U0/dwconv_process_channel4_U0/grp_dwconv_process_channel4_Pipeline_LOAD_DW_IN_fu_1093/ram_reg_i_106_n_0.  Did not re-place instance fastvit_bd_i/worker_0/inst/dwconv_worker_U/dataflow_in_loop_LOOP_DW_CH_1_U0/dwconv_process_channel4_U0/grp_dwconv_process_channel4_Pipeline_LOAD_DW_IN_fu_1093/ram_reg_i_106/O
INFO: [Physopt 32-662] Processed net fastvit_bd_i/worker_0/inst/dwconv_worker_U/dataflow_in_loop_LOOP_DW_CH_1_U0/dwconv_process_channel4_U0/grp_dwconv_process_channel4_Pipeline_LOAD_DW_IN_fu_1093/ram_reg_i_38__1_n_0.  Did not re-place instance fastvit_bd_i/worker_0/inst/dwconv_worker_U/dataflow_in_loop_LOOP_DW_CH_1_U0/dwconv_process_channel4_U0/grp_dwconv_process_channel4_Pipeline_LOAD_DW_IN_fu_1093/ram_reg_i_38__1/O
INFO: [Physopt 32-662] Processed net fastvit_bd_i/worker_0/inst/dwconv_worker_U/dataflow_in_loop_LOOP_DW_CH_1_U0/dwconv_process_channel4_U0/grp_dwconv_process_channel4_Pipeline_LOAD_DW_IN_fu_1093/ram_reg_i_47_n_0.  Did not re-place instance fastvit_bd_i/worker_0/inst/dwconv_worker_U/dataflow_in_loop_LOOP_DW_CH_1_U0/dwconv_process_channel4_U0/grp_dwconv_process_channel4_Pipeline_LOAD_DW_IN_fu_1093/ram_reg_i_47/O
INFO: [Physopt 32-662] Processed net fastvit_bd_i/worker_0/inst/dwconv_worker_U/dataflow_in_loop_LOOP_DW_CH_1_U0/dwconv_process_channel4_U0/grp_dwconv_process_channel4_Pipeline_LOAD_DW_IN_fu_1093/ram_reg_i_16__3_n_0.  Did not re-place instance fastvit_bd_i/worker_0/inst/dwconv_worker_U/dataflow_in_loop_LOOP_DW_CH_1_U0/dwconv_process_channel4_U0/grp_dwconv_process_channel4_Pipeline_LOAD_DW_IN_fu_1093/ram_reg_i_16__3/O
INFO: [Physopt 32-662] Processed net fastvit_bd_i/worker_0/inst/dwconv_worker_U/dataflow_in_loop_LOOP_DW_CH_1_U0/dwconv_process_channel4_U0/grp_dwconv_process_channel4_Pipeline_LOAD_DW_IN_fu_1093/ram_reg_i_29__0_n_0.  Did not re-place instance fastvit_bd_i/worker_0/inst/dwconv_worker_U/dataflow_in_loop_LOOP_DW_CH_1_U0/dwconv_process_channel4_U0/grp_dwconv_process_channel4_Pipeline_LOAD_DW_IN_fu_1093/ram_reg_i_29__0/O
INFO: [Physopt 32-662] Processed net fastvit_bd_i/worker_0/inst/dwconv_worker_U/dataflow_in_loop_LOOP_DW_CH_1_U0/dwconv_process_channel4_U0/grp_dwconv_process_channel4_Pipeline_LOAD_DW_IN_fu_1093/ram_reg_i_78_n_0.  Did not re-place instance fastvit_bd_i/worker_0/inst/dwconv_worker_U/dataflow_in_loop_LOOP_DW_CH_1_U0/dwconv_process_channel4_U0/grp_dwconv_process_channel4_Pipeline_LOAD_DW_IN_fu_1093/ram_reg_i_78/O
INFO: [Physopt 32-662] Processed net fastvit_bd_i/worker_0/inst/dwconv_worker_U/dataflow_in_loop_LOOP_DW_CH_1_U0/dwconv_process_channel4_U0/grp_dwconv_process_channel4_Pipeline_LOAD_DW_IN_fu_1093/lshr_ln1_reg_5754[6].  Did not re-place instance fastvit_bd_i/worker_0/inst/dwconv_worker_U/dataflow_in_loop_LOOP_DW_CH_1_U0/dwconv_process_channel4_U0/grp_dwconv_process_channel4_Pipeline_LOAD_DW_IN_fu_1093/lshr_ln1_reg_5754_reg[6]/Q
INFO: [Physopt 32-662] Processed net fastvit_bd_i/worker_0/inst/dwconv_worker_U/dataflow_in_loop_LOOP_DW_CH_1_U0/dwconv_process_channel4_U0/grp_dwconv_process_channel4_Pipeline_LOAD_DW_IN_fu_1093/ram_reg_i_20__2_n_0.  Did not re-place instance fastvit_bd_i/worker_0/inst/dwconv_worker_U/dataflow_in_loop_LOOP_DW_CH_1_U0/dwconv_process_channel4_U0/grp_dwconv_process_channel4_Pipeline_LOAD_DW_IN_fu_1093/ram_reg_i_20__2/O
INFO: [Physopt 32-662] Processed net fastvit_bd_i/worker_0/inst/dwconv_worker_U/dataflow_in_loop_LOOP_DW_CH_1_U0/dwconv_process_channel4_U0/grp_dwconv_process_channel4_Pipeline_LOAD_DW_IN_fu_1093/ram_reg_i_57_n_0.  Did not re-place instance fastvit_bd_i/worker_0/inst/dwconv_worker_U/dataflow_in_loop_LOOP_DW_CH_1_U0/dwconv_process_channel4_U0/grp_dwconv_process_channel4_Pipeline_LOAD_DW_IN_fu_1093/ram_reg_i_57/O
INFO: [Physopt 32-662] Processed net fastvit_bd_i/worker_0/inst/dwconv_worker_U/dataflow_in_loop_LOOP_DW_CH_1_U0/dwconv_process_channel4_U0/grp_dwconv_process_channel4_Pipeline_LOAD_DW_IN_fu_1093/ram_reg_i_23__1_n_0.  Did not re-place instance fastvit_bd_i/worker_0/inst/dwconv_worker_U/dataflow_in_loop_LOOP_DW_CH_1_U0/dwconv_process_channel4_U0/grp_dwconv_process_channel4_Pipeline_LOAD_DW_IN_fu_1093/ram_reg_i_23__1/O
INFO: [Physopt 32-662] Processed net fastvit_bd_i/worker_0/inst/dwconv_worker_U/dataflow_in_loop_LOOP_DW_CH_1_U0/dwconv_process_channel4_U0/grp_dwconv_process_channel4_Pipeline_LOAD_DW_IN_fu_1093/ram_reg_i_66_n_0.  Did not re-place instance fastvit_bd_i/worker_0/inst/dwconv_worker_U/dataflow_in_loop_LOOP_DW_CH_1_U0/dwconv_process_channel4_U0/grp_dwconv_process_channel4_Pipeline_LOAD_DW_IN_fu_1093/ram_reg_i_66/O
INFO: [Physopt 32-662] Processed net fastvit_bd_i/worker_0/inst/dwconv_worker_U/dataflow_in_loop_LOOP_DW_CH_1_U0/dwconv_process_channel4_U0/grp_dwconv_process_channel4_Pipeline_LOAD_DW_IN_fu_1093/ram_reg_i_128_n_0.  Did not re-place instance fastvit_bd_i/worker_0/inst/dwconv_worker_U/dataflow_in_loop_LOOP_DW_CH_1_U0/dwconv_process_channel4_U0/grp_dwconv_process_channel4_Pipeline_LOAD_DW_IN_fu_1093/ram_reg_i_128/O
INFO: [Physopt 32-662] Processed net fastvit_bd_i/worker_0/inst/dwconv_worker_U/dataflow_in_loop_LOOP_DW_CH_1_U0/dwconv_process_channel4_U0/grp_dwconv_process_channel4_Pipeline_LOAD_DW_IN_fu_1093/ram_reg_i_45__0_n_0.  Did not re-place instance fastvit_bd_i/worker_0/inst/dwconv_worker_U/dataflow_in_loop_LOOP_DW_CH_1_U0/dwconv_process_channel4_U0/grp_dwconv_process_channel4_Pipeline_LOAD_DW_IN_fu_1093/ram_reg_i_45__0/O
INFO: [Physopt 32-662] Processed net fastvit_bd_i/worker_0/inst/dwconv_worker_U/dataflow_in_loop_LOOP_DW_CH_1_U0/dwconv_process_channel4_U0/grp_dwconv_process_channel4_Pipeline_LOAD_DW_IN_fu_1093/ram_reg_i_31__3_n_0.  Did not re-place instance fastvit_bd_i/worker_0/inst/dwconv_worker_U/dataflow_in_loop_LOOP_DW_CH_1_U0/dwconv_process_channel4_U0/grp_dwconv_process_channel4_Pipeline_LOAD_DW_IN_fu_1093/ram_reg_i_31__3/O
INFO: [Physopt 32-662] Processed net fastvit_bd_i/worker_0/inst/dwconv_worker_U/dataflow_in_loop_LOOP_DW_CH_1_U0/dwconv_process_channel4_U0/grp_dwconv_process_channel4_Pipeline_LOAD_DW_IN_fu_1093/ram_reg_i_101_n_0.  Did not re-place instance fastvit_bd_i/worker_0/inst/dwconv_worker_U/dataflow_in_loop_LOOP_DW_CH_1_U0/dwconv_process_channel4_U0/grp_dwconv_process_channel4_Pipeline_LOAD_DW_IN_fu_1093/ram_reg_i_101/O
INFO: [Physopt 32-662] Processed net fastvit_bd_i/worker_0/inst/dwconv_worker_U/dataflow_in_loop_LOOP_DW_CH_1_U0/dwconv_process_channel4_U0/grp_dwconv_process_channel4_Pipeline_LOAD_DW_IN_fu_1093/ram_reg_i_33__1_n_0.  Did not re-place instance fastvit_bd_i/worker_0/inst/dwconv_worker_U/dataflow_in_loop_LOOP_DW_CH_1_U0/dwconv_process_channel4_U0/grp_dwconv_process_channel4_Pipeline_LOAD_DW_IN_fu_1093/ram_reg_i_33__1/O
INFO: [Physopt 32-662] Processed net fastvit_bd_i/worker_0/inst/dwconv_worker_U/dataflow_in_loop_LOOP_DW_CH_1_U0/dwconv_process_channel4_U0/grp_dwconv_process_channel4_Pipeline_LOAD_DW_IN_fu_1093/ram_reg_i_96_n_0.  Did not re-place instance fastvit_bd_i/worker_0/inst/dwconv_worker_U/dataflow_in_loop_LOOP_DW_CH_1_U0/dwconv_process_channel4_U0/grp_dwconv_process_channel4_Pipeline_LOAD_DW_IN_fu_1093/ram_reg_i_96/O
INFO: [Physopt 32-662] Processed net fastvit_bd_i/worker_0/inst/dwconv_worker_U/dataflow_in_loop_LOOP_DW_CH_1_U0/dwconv_process_channel4_U0/grp_dwconv_process_channel4_Pipeline_LOAD_DW_IN_fu_1093/ram_reg_i_29__1_n_0.  Did not re-place instance fastvit_bd_i/worker_0/inst/dwconv_worker_U/dataflow_in_loop_LOOP_DW_CH_1_U0/dwconv_process_channel4_U0/grp_dwconv_process_channel4_Pipeline_LOAD_DW_IN_fu_1093/ram_reg_i_29__1/O
INFO: [Physopt 32-662] Processed net fastvit_bd_i/worker_0/inst/dwconv_worker_U/dataflow_in_loop_LOOP_DW_CH_1_U0/dwconv_process_channel4_U0/grp_dwconv_process_channel4_Pipeline_LOAD_DW_IN_fu_1093/ram_reg_i_84_n_0.  Did not re-place instance fastvit_bd_i/worker_0/inst/dwconv_worker_U/dataflow_in_loop_LOOP_DW_CH_1_U0/dwconv_process_channel4_U0/grp_dwconv_process_channel4_Pipeline_LOAD_DW_IN_fu_1093/ram_reg_i_84/O
INFO: [Physopt 32-662] Processed net fastvit_bd_i/worker_0/inst/dwconv_worker_U/dataflow_in_loop_LOOP_DW_CH_1_U0/dwconv_process_channel4_U0/grp_dwconv_process_channel4_Pipeline_LOAD_DW_IN_fu_1093/lshr_ln1_reg_5754[1]_repN.  Did not re-place instance fastvit_bd_i/worker_0/inst/dwconv_worker_U/dataflow_in_loop_LOOP_DW_CH_1_U0/dwconv_process_channel4_U0/grp_dwconv_process_channel4_Pipeline_LOAD_DW_IN_fu_1093/lshr_ln1_reg_5754_reg[1]_replica/Q
INFO: [Physopt 32-662] Processed net fastvit_bd_i/worker_0/inst/dwconv_worker_U/dataflow_in_loop_LOOP_DW_CH_1_U0/dwconv_process_channel4_U0/grp_dwconv_process_channel4_Pipeline_LOAD_DW_IN_fu_1093/ram_reg_i_121_n_0.  Did not re-place instance fastvit_bd_i/worker_0/inst/dwconv_worker_U/dataflow_in_loop_LOOP_DW_CH_1_U0/dwconv_process_channel4_U0/grp_dwconv_process_channel4_Pipeline_LOAD_DW_IN_fu_1093/ram_reg_i_121/O
INFO: [Physopt 32-662] Processed net fastvit_bd_i/worker_0/inst/dwconv_worker_U/dataflow_in_loop_LOOP_DW_CH_1_U0/dwconv_process_channel4_U0/grp_dwconv_process_channel4_Pipeline_LOAD_DW_IN_fu_1093/ram_reg_i_36__3_n_0.  Did not re-place instance fastvit_bd_i/worker_0/inst/dwconv_worker_U/dataflow_in_loop_LOOP_DW_CH_1_U0/dwconv_process_channel4_U0/grp_dwconv_process_channel4_Pipeline_LOAD_DW_IN_fu_1093/ram_reg_i_36__3/O
INFO: [Physopt 32-662] Processed net fastvit_bd_i/worker_0/inst/dwconv_worker_U/dataflow_in_loop_LOOP_DW_CH_1_U0/dwconv_process_channel4_U0/grp_dwconv_process_channel4_Pipeline_LOAD_DW_IN_fu_1093/lshr_ln1_reg_5754[4].  Did not re-place instance fastvit_bd_i/worker_0/inst/dwconv_worker_U/dataflow_in_loop_LOOP_DW_CH_1_U0/dwconv_process_channel4_U0/grp_dwconv_process_channel4_Pipeline_LOAD_DW_IN_fu_1093/lshr_ln1_reg_5754_reg[4]/Q
INFO: [Physopt 32-662] Processed net fastvit_bd_i/worker_0/inst/dwconv_worker_U/dataflow_in_loop_LOOP_DW_CH_1_U0/dwconv_process_channel4_U0/grp_dwconv_process_channel4_Pipeline_LOAD_DW_IN_fu_1093/ram_reg_i_119_n_0.  Did not re-place instance fastvit_bd_i/worker_0/inst/dwconv_worker_U/dataflow_in_loop_LOOP_DW_CH_1_U0/dwconv_process_channel4_U0/grp_dwconv_process_channel4_Pipeline_LOAD_DW_IN_fu_1093/ram_reg_i_119/O
INFO: [Physopt 32-662] Processed net fastvit_bd_i/worker_0/inst/dwconv_worker_U/dataflow_in_loop_LOOP_DW_CH_1_U0/dwconv_process_channel4_U0/grp_dwconv_process_channel4_Pipeline_LOAD_DW_IN_fu_1093/ram_reg_i_48_n_0.  Did not re-place instance fastvit_bd_i/worker_0/inst/dwconv_worker_U/dataflow_in_loop_LOOP_DW_CH_1_U0/dwconv_process_channel4_U0/grp_dwconv_process_channel4_Pipeline_LOAD_DW_IN_fu_1093/ram_reg_i_48/O
INFO: [Physopt 32-662] Processed net fastvit_bd_i/worker_0/inst/dwconv_worker_U/dataflow_in_loop_LOOP_DW_CH_1_U0/dwconv_process_channel4_U0/grp_dwconv_process_channel4_Pipeline_LOAD_DW_IN_fu_1093/ram_reg_i_40__1_n_0.  Did not re-place instance fastvit_bd_i/worker_0/inst/dwconv_worker_U/dataflow_in_loop_LOOP_DW_CH_1_U0/dwconv_process_channel4_U0/grp_dwconv_process_channel4_Pipeline_LOAD_DW_IN_fu_1093/ram_reg_i_40__1/O
INFO: [Physopt 32-662] Processed net fastvit_bd_i/worker_0/inst/dwconv_worker_U/dataflow_in_loop_LOOP_DW_CH_1_U0/dwconv_process_channel4_U0/grp_dwconv_process_channel4_Pipeline_LOAD_DW_IN_fu_1093/ram_reg_i_34__1_n_0.  Did not re-place instance fastvit_bd_i/worker_0/inst/dwconv_worker_U/dataflow_in_loop_LOOP_DW_CH_1_U0/dwconv_process_channel4_U0/grp_dwconv_process_channel4_Pipeline_LOAD_DW_IN_fu_1093/ram_reg_i_34__1/O
INFO: [Physopt 32-662] Processed net fastvit_bd_i/worker_0/inst/dwconv_worker_U/dataflow_in_loop_LOOP_DW_CH_1_U0/dwconv_process_channel4_U0/grp_dwconv_process_channel4_Pipeline_LOAD_DW_IN_fu_1093/ram_reg_i_94_n_0.  Did not re-place instance fastvit_bd_i/worker_0/inst/dwconv_worker_U/dataflow_in_loop_LOOP_DW_CH_1_U0/dwconv_process_channel4_U0/grp_dwconv_process_channel4_Pipeline_LOAD_DW_IN_fu_1093/ram_reg_i_94/O
INFO: [Physopt 32-662] Processed net fastvit_bd_i/worker_0/inst/dwconv_worker_U/dataflow_in_loop_LOOP_DW_CH_1_U0/dwconv_process_channel4_U0/grp_dwconv_process_channel4_Pipeline_LOAD_DW_IN_fu_1093/ram_reg_i_133_n_0.  Did not re-place instance fastvit_bd_i/worker_0/inst/dwconv_worker_U/dataflow_in_loop_LOOP_DW_CH_1_U0/dwconv_process_channel4_U0/grp_dwconv_process_channel4_Pipeline_LOAD_DW_IN_fu_1093/ram_reg_i_133/O
INFO: [Physopt 32-662] Processed net fastvit_bd_i/worker_0/inst/dwconv_worker_U/dataflow_in_loop_LOOP_DW_CH_1_U0/dwconv_process_channel4_U0/grp_dwconv_process_channel4_Pipeline_LOAD_DW_IN_fu_1093/ram_reg_i_39__3_n_0.  Did not re-place instance fastvit_bd_i/worker_0/inst/dwconv_worker_U/dataflow_in_loop_LOOP_DW_CH_1_U0/dwconv_process_channel4_U0/grp_dwconv_process_channel4_Pipeline_LOAD_DW_IN_fu_1093/ram_reg_i_39__3/O
INFO: [Physopt 32-662] Processed net fastvit_bd_i/worker_0/inst/dwconv_worker_U/dataflow_in_loop_LOOP_DW_CH_1_U0/dwconv_process_channel4_U0/grp_dwconv_process_channel4_Pipeline_LOAD_DW_IN_fu_1093/lshr_ln1_reg_5754[6]_repN.  Did not re-place instance fastvit_bd_i/worker_0/inst/dwconv_worker_U/dataflow_in_loop_LOOP_DW_CH_1_U0/dwconv_process_channel4_U0/grp_dwconv_process_channel4_Pipeline_LOAD_DW_IN_fu_1093/lshr_ln1_reg_5754_reg[6]_replica/Q
INFO: [Physopt 32-662] Processed net fastvit_bd_i/worker_0/inst/dwconv_worker_U/dataflow_in_loop_LOOP_DW_CH_1_U0/dwconv_process_channel4_U0/grp_dwconv_process_channel4_Pipeline_LOAD_DW_IN_fu_1093/ram_reg_i_108_n_0.  Did not re-place instance fastvit_bd_i/worker_0/inst/dwconv_worker_U/dataflow_in_loop_LOOP_DW_CH_1_U0/dwconv_process_channel4_U0/grp_dwconv_process_channel4_Pipeline_LOAD_DW_IN_fu_1093/ram_reg_i_108/O
INFO: [Physopt 32-662] Processed net fastvit_bd_i/worker_0/inst/dwconv_worker_U/dataflow_in_loop_LOOP_DW_CH_1_U0/dwconv_process_channel4_U0/grp_dwconv_process_channel4_Pipeline_LOAD_DW_IN_fu_1093/ram_reg_i_20__3_n_0.  Did not re-place instance fastvit_bd_i/worker_0/inst/dwconv_worker_U/dataflow_in_loop_LOOP_DW_CH_1_U0/dwconv_process_channel4_U0/grp_dwconv_process_channel4_Pipeline_LOAD_DW_IN_fu_1093/ram_reg_i_20__3/O
INFO: [Physopt 32-662] Processed net fastvit_bd_i/worker_0/inst/dwconv_worker_U/dataflow_in_loop_LOOP_DW_CH_1_U0/dwconv_process_channel4_U0/grp_dwconv_process_channel4_Pipeline_LOAD_DW_IN_fu_1093/ram_reg_i_36__2_n_0.  Did not re-place instance fastvit_bd_i/worker_0/inst/dwconv_worker_U/dataflow_in_loop_LOOP_DW_CH_1_U0/dwconv_process_channel4_U0/grp_dwconv_process_channel4_Pipeline_LOAD_DW_IN_fu_1093/ram_reg_i_36__2/O
INFO: [Physopt 32-662] Processed net fastvit_bd_i/worker_0/inst/dwconv_worker_U/dataflow_in_loop_LOOP_DW_CH_1_U0/dwconv_process_channel4_U0/grp_dwconv_process_channel4_Pipeline_LOAD_DW_IN_fu_1093/ram_reg_i_60_n_0.  Did not re-place instance fastvit_bd_i/worker_0/inst/dwconv_worker_U/dataflow_in_loop_LOOP_DW_CH_1_U0/dwconv_process_channel4_U0/grp_dwconv_process_channel4_Pipeline_LOAD_DW_IN_fu_1093/ram_reg_i_60/O
INFO: [Physopt 32-662] Processed net fastvit_bd_i/worker_0/inst/dwconv_worker_U/dataflow_in_loop_LOOP_DW_CH_1_U0/dwconv_process_channel4_U0/grp_dwconv_process_channel4_Pipeline_LOAD_DW_IN_fu_1093/lshr_ln1_reg_5754[7].  Did not re-place instance fastvit_bd_i/worker_0/inst/dwconv_worker_U/dataflow_in_loop_LOOP_DW_CH_1_U0/dwconv_process_channel4_U0/grp_dwconv_process_channel4_Pipeline_LOAD_DW_IN_fu_1093/lshr_ln1_reg_5754_reg[7]/Q
INFO: [Physopt 32-662] Processed net fastvit_bd_i/worker_0/inst/dwconv_worker_U/dataflow_in_loop_LOOP_DW_CH_1_U0/dwconv_process_channel4_U0/grp_dwconv_process_channel4_Pipeline_LOAD_DW_IN_fu_1093/ram_reg_i_16__2_n_0.  Did not re-place instance fastvit_bd_i/worker_0/inst/dwconv_worker_U/dataflow_in_loop_LOOP_DW_CH_1_U0/dwconv_process_channel4_U0/grp_dwconv_process_channel4_Pipeline_LOAD_DW_IN_fu_1093/ram_reg_i_16__2/O
INFO: [Physopt 32-662] Processed net fastvit_bd_i/worker_0/inst/dwconv_worker_U/dataflow_in_loop_LOOP_DW_CH_1_U0/dwconv_process_channel4_U0/grp_dwconv_process_channel4_Pipeline_LOAD_DW_IN_fu_1093/ram_reg_i_31__1_n_0.  Did not re-place instance fastvit_bd_i/worker_0/inst/dwconv_worker_U/dataflow_in_loop_LOOP_DW_CH_1_U0/dwconv_process_channel4_U0/grp_dwconv_process_channel4_Pipeline_LOAD_DW_IN_fu_1093/ram_reg_i_31__1/O
INFO: [Physopt 32-662] Processed net fastvit_bd_i/worker_0/inst/dwconv_worker_U/dataflow_in_loop_LOOP_DW_CH_1_U0/dwconv_process_channel4_U0/grp_dwconv_process_channel4_Pipeline_LOAD_DW_IN_fu_1093/ram_reg_i_44_n_0.  Did not re-place instance fastvit_bd_i/worker_0/inst/dwconv_worker_U/dataflow_in_loop_LOOP_DW_CH_1_U0/dwconv_process_channel4_U0/grp_dwconv_process_channel4_Pipeline_LOAD_DW_IN_fu_1093/ram_reg_i_44/O
INFO: [Physopt 32-662] Processed net fastvit_bd_i/worker_0/inst/dwconv_worker_U/dataflow_in_loop_LOOP_DW_CH_1_U0/dwconv_process_channel4_U0/grp_dwconv_process_channel4_Pipeline_LOAD_DW_IN_fu_1093/ram_reg_i_92_n_0.  Did not re-place instance fastvit_bd_i/worker_0/inst/dwconv_worker_U/dataflow_in_loop_LOOP_DW_CH_1_U0/dwconv_process_channel4_U0/grp_dwconv_process_channel4_Pipeline_LOAD_DW_IN_fu_1093/ram_reg_i_92/O
INFO: [Physopt 32-662] Processed net fastvit_bd_i/worker_0/inst/dwconv_worker_U/dataflow_in_loop_LOOP_DW_CH_1_U0/dwconv_process_channel4_U0/grp_dwconv_process_channel4_Pipeline_LOAD_DW_IN_fu_1093/ram_reg_i_24__2_n_0.  Did not re-place instance fastvit_bd_i/worker_0/inst/dwconv_worker_U/dataflow_in_loop_LOOP_DW_CH_1_U0/dwconv_process_channel4_U0/grp_dwconv_process_channel4_Pipeline_LOAD_DW_IN_fu_1093/ram_reg_i_24__2/O
INFO: [Physopt 32-662] Processed net fastvit_bd_i/worker_0/inst/dwconv_worker_U/dataflow_in_loop_LOOP_DW_CH_1_U0/dwconv_process_channel4_U0/grp_dwconv_process_channel4_Pipeline_LOAD_DW_IN_fu_1093/ram_reg_i_71_n_0.  Did not re-place instance fastvit_bd_i/worker_0/inst/dwconv_worker_U/dataflow_in_loop_LOOP_DW_CH_1_U0/dwconv_process_channel4_U0/grp_dwconv_process_channel4_Pipeline_LOAD_DW_IN_fu_1093/ram_reg_i_71/O
INFO: [Physopt 32-662] Processed net fastvit_bd_i/worker_0/inst/dwconv_worker_U/dataflow_in_loop_LOOP_DW_CH_1_U0/dwconv_process_channel4_U0/grp_dwconv_process_channel4_Pipeline_LOAD_DW_IN_fu_1093/ram_reg_i_30__1_n_0.  Did not re-place instance fastvit_bd_i/worker_0/inst/dwconv_worker_U/dataflow_in_loop_LOOP_DW_CH_1_U0/dwconv_process_channel4_U0/grp_dwconv_process_channel4_Pipeline_LOAD_DW_IN_fu_1093/ram_reg_i_30__1/O
INFO: [Physopt 32-662] Processed net fastvit_bd_i/worker_0/inst/dwconv_worker_U/dataflow_in_loop_LOOP_DW_CH_1_U0/dwconv_process_channel4_U0/grp_dwconv_process_channel4_Pipeline_LOAD_DW_IN_fu_1093/ram_reg_i_85_n_0.  Did not re-place instance fastvit_bd_i/worker_0/inst/dwconv_worker_U/dataflow_in_loop_LOOP_DW_CH_1_U0/dwconv_process_channel4_U0/grp_dwconv_process_channel4_Pipeline_LOAD_DW_IN_fu_1093/ram_reg_i_85/O
INFO: [Physopt 32-662] Processed net fastvit_bd_i/worker_0/inst/dwconv_worker_U/dataflow_in_loop_LOOP_DW_CH_1_U0/dwconv_process_channel4_U0/grp_dwconv_process_channel4_Pipeline_LOAD_DW_IN_fu_1093/ram_reg_i_129_n_0.  Did not re-place instance fastvit_bd_i/worker_0/inst/dwconv_worker_U/dataflow_in_loop_LOOP_DW_CH_1_U0/dwconv_process_channel4_U0/grp_dwconv_process_channel4_Pipeline_LOAD_DW_IN_fu_1093/ram_reg_i_129/O
INFO: [Physopt 32-662] Processed net fastvit_bd_i/worker_0/inst/dwconv_worker_U/dataflow_in_loop_LOOP_DW_CH_1_U0/dwconv_process_channel4_U0/grp_dwconv_process_channel4_Pipeline_LOAD_DW_IN_fu_1093/ram_reg_i_35__1_n_0.  Did not re-place instance fastvit_bd_i/worker_0/inst/dwconv_worker_U/dataflow_in_loop_LOOP_DW_CH_1_U0/dwconv_process_channel4_U0/grp_dwconv_process_channel4_Pipeline_LOAD_DW_IN_fu_1093/ram_reg_i_35__1/O
INFO: [Physopt 32-662] Processed net fastvit_bd_i/worker_0/inst/dwconv_worker_U/dataflow_in_loop_LOOP_DW_CH_1_U0/dwconv_process_channel4_U0/grp_dwconv_process_channel4_Pipeline_LOAD_DW_IN_fu_1093/ram_reg_i_103_n_0.  Did not re-place instance fastvit_bd_i/worker_0/inst/dwconv_worker_U/dataflow_in_loop_LOOP_DW_CH_1_U0/dwconv_process_channel4_U0/grp_dwconv_process_channel4_Pipeline_LOAD_DW_IN_fu_1093/ram_reg_i_103/O
INFO: [Physopt 32-662] Processed net fastvit_bd_i/worker_0/inst/dwconv_worker_U/dataflow_in_loop_LOOP_DW_CH_1_U0/dwconv_process_channel4_U0/grp_dwconv_process_channel4_Pipeline_LOAD_DW_IN_fu_1093/ram_reg_i_32__3_n_0.  Did not re-place instance fastvit_bd_i/worker_0/inst/dwconv_worker_U/dataflow_in_loop_LOOP_DW_CH_1_U0/dwconv_process_channel4_U0/grp_dwconv_process_channel4_Pipeline_LOAD_DW_IN_fu_1093/ram_reg_i_32__3/O
INFO: [Physopt 32-662] Processed net fastvit_bd_i/worker_0/inst/dwconv_worker_U/dataflow_in_loop_LOOP_DW_CH_1_U0/dwconv_process_channel4_U0/grp_dwconv_process_channel4_Pipeline_LOAD_DW_IN_fu_1093/ram_reg_i_126_n_0.  Did not re-place instance fastvit_bd_i/worker_0/inst/dwconv_worker_U/dataflow_in_loop_LOOP_DW_CH_1_U0/dwconv_process_channel4_U0/grp_dwconv_process_channel4_Pipeline_LOAD_DW_IN_fu_1093/ram_reg_i_126/O
INFO: [Physopt 32-662] Processed net fastvit_bd_i/worker_0/inst/dwconv_worker_U/dataflow_in_loop_LOOP_DW_CH_1_U0/dwconv_process_channel4_U0/grp_dwconv_process_channel4_Pipeline_LOAD_DW_IN_fu_1093/ram_reg_i_24__1_n_0.  Did not re-place instance fastvit_bd_i/worker_0/inst/dwconv_worker_U/dataflow_in_loop_LOOP_DW_CH_1_U0/dwconv_process_channel4_U0/grp_dwconv_process_channel4_Pipeline_LOAD_DW_IN_fu_1093/ram_reg_i_24__1/O
INFO: [Physopt 32-662] Processed net fastvit_bd_i/worker_0/inst/dwconv_worker_U/dataflow_in_loop_LOOP_DW_CH_1_U0/dwconv_process_channel4_U0/grp_dwconv_process_channel4_Pipeline_LOAD_DW_IN_fu_1093/ram_reg_i_17__3_n_0.  Did not re-place instance fastvit_bd_i/worker_0/inst/dwconv_worker_U/dataflow_in_loop_LOOP_DW_CH_1_U0/dwconv_process_channel4_U0/grp_dwconv_process_channel4_Pipeline_LOAD_DW_IN_fu_1093/ram_reg_i_17__3/O
INFO: [Physopt 32-662] Processed net fastvit_bd_i/worker_0/inst/dwconv_worker_U/dataflow_in_loop_LOOP_DW_CH_1_U0/dwconv_process_channel4_U0/grp_dwconv_process_channel4_Pipeline_LOAD_DW_IN_fu_1093/ram_reg_i_51_n_0.  Did not re-place instance fastvit_bd_i/worker_0/inst/dwconv_worker_U/dataflow_in_loop_LOOP_DW_CH_1_U0/dwconv_process_channel4_U0/grp_dwconv_process_channel4_Pipeline_LOAD_DW_IN_fu_1093/ram_reg_i_51/O
INFO: [Physopt 32-662] Processed net fastvit_bd_i/worker_0/inst/dwconv_worker_U/dataflow_in_loop_LOOP_DW_CH_1_U0/dwconv_process_channel4_U0/grp_dwconv_process_channel4_Pipeline_LOAD_DW_IN_fu_1093/ram_reg_i_13__4_n_0.  Did not re-place instance fastvit_bd_i/worker_0/inst/dwconv_worker_U/dataflow_in_loop_LOOP_DW_CH_1_U0/dwconv_process_channel4_U0/grp_dwconv_process_channel4_Pipeline_LOAD_DW_IN_fu_1093/ram_reg_i_13__4/O
INFO: [Physopt 32-662] Processed net fastvit_bd_i/worker_0/inst/dwconv_worker_U/dataflow_in_loop_LOOP_DW_CH_1_U0/dwconv_process_channel4_U0/grp_dwconv_process_channel4_Pipeline_LOAD_DW_IN_fu_1093/ram_reg_i_104_n_0.  Did not re-place instance fastvit_bd_i/worker_0/inst/dwconv_worker_U/dataflow_in_loop_LOOP_DW_CH_1_U0/dwconv_process_channel4_U0/grp_dwconv_process_channel4_Pipeline_LOAD_DW_IN_fu_1093/ram_reg_i_104/O
INFO: [Physopt 32-662] Processed net fastvit_bd_i/worker_0/inst/dwconv_worker_U/dataflow_in_loop_LOOP_DW_CH_1_U0/dwconv_process_channel4_U0/grp_dwconv_process_channel4_Pipeline_LOAD_DW_IN_fu_1093/ram_reg_i_43__1_n_0.  Did not re-place instance fastvit_bd_i/worker_0/inst/dwconv_worker_U/dataflow_in_loop_LOOP_DW_CH_1_U0/dwconv_process_channel4_U0/grp_dwconv_process_channel4_Pipeline_LOAD_DW_IN_fu_1093/ram_reg_i_43__1/O
INFO: [Physopt 32-662] Processed net fastvit_bd_i/worker_0/inst/dwconv_worker_U/dataflow_in_loop_LOOP_DW_CH_1_U0/dwconv_process_channel4_U0/grp_dwconv_process_channel4_Pipeline_LOAD_DW_IN_fu_1093/ram_reg_i_43__2_n_0.  Did not re-place instance fastvit_bd_i/worker_0/inst/dwconv_worker_U/dataflow_in_loop_LOOP_DW_CH_1_U0/dwconv_process_channel4_U0/grp_dwconv_process_channel4_Pipeline_LOAD_DW_IN_fu_1093/ram_reg_i_43__2/O
INFO: [Physopt 32-662] Processed net fastvit_bd_i/worker_0/inst/dwconv_worker_U/dataflow_in_loop_LOOP_DW_CH_1_U0/dwconv_process_channel4_U0/grp_dwconv_process_channel4_Pipeline_LOAD_DW_IN_fu_1093/ram_reg_i_17__0_n_0.  Did not re-place instance fastvit_bd_i/worker_0/inst/dwconv_worker_U/dataflow_in_loop_LOOP_DW_CH_1_U0/dwconv_process_channel4_U0/grp_dwconv_process_channel4_Pipeline_LOAD_DW_IN_fu_1093/ram_reg_i_17__0/O
INFO: [Physopt 32-662] Processed net fastvit_bd_i/worker_0/inst/dwconv_worker_U/dataflow_in_loop_LOOP_DW_CH_1_U0/dwconv_process_channel4_U0/grp_dwconv_process_channel4_Pipeline_LOAD_DW_IN_fu_1093/ram_reg_i_42__0_n_0.  Did not re-place instance fastvit_bd_i/worker_0/inst/dwconv_worker_U/dataflow_in_loop_LOOP_DW_CH_1_U0/dwconv_process_channel4_U0/grp_dwconv_process_channel4_Pipeline_LOAD_DW_IN_fu_1093/ram_reg_i_42__0/O
INFO: [Physopt 32-662] Processed net fastvit_bd_i/worker_0/inst/dwconv_worker_U/dataflow_in_loop_LOOP_DW_CH_1_U0/dwconv_process_channel4_U0/grp_dwconv_process_channel4_Pipeline_LOAD_DW_IN_fu_1093/lshr_ln1_reg_5754[0]_repN.  Did not re-place instance fastvit_bd_i/worker_0/inst/dwconv_worker_U/dataflow_in_loop_LOOP_DW_CH_1_U0/dwconv_process_channel4_U0/grp_dwconv_process_channel4_Pipeline_LOAD_DW_IN_fu_1093/lshr_ln1_reg_5754_reg[0]_replica/Q
INFO: [Physopt 32-662] Processed net fastvit_bd_i/worker_0/inst/dwconv_worker_U/dataflow_in_loop_LOOP_DW_CH_1_U0/dwconv_process_channel4_U0/grp_dwconv_process_channel4_Pipeline_LOAD_DW_IN_fu_1093/ram_reg_i_132_n_0.  Did not re-place instance fastvit_bd_i/worker_0/inst/dwconv_worker_U/dataflow_in_loop_LOOP_DW_CH_1_U0/dwconv_process_channel4_U0/grp_dwconv_process_channel4_Pipeline_LOAD_DW_IN_fu_1093/ram_reg_i_132/O
INFO: [Physopt 32-662] Processed net fastvit_bd_i/worker_0/inst/dwconv_worker_U/dataflow_in_loop_LOOP_DW_CH_1_U0/dwconv_process_channel4_U0/grp_dwconv_process_channel4_Pipeline_LOAD_DW_IN_fu_1093/ram_reg_i_44__2_n_0.  Did not re-place instance fastvit_bd_i/worker_0/inst/dwconv_worker_U/dataflow_in_loop_LOOP_DW_CH_1_U0/dwconv_process_channel4_U0/grp_dwconv_process_channel4_Pipeline_LOAD_DW_IN_fu_1093/ram_reg_i_44__2/O
INFO: [Physopt 32-662] Processed net fastvit_bd_i/worker_0/inst/dwconv_worker_U/dataflow_in_loop_LOOP_DW_CH_1_U0/dwconv_process_channel4_U0/grp_dwconv_process_channel4_Pipeline_LOAD_DW_IN_fu_1093/ram_reg_i_109_n_0.  Did not re-place instance fastvit_bd_i/worker_0/inst/dwconv_worker_U/dataflow_in_loop_LOOP_DW_CH_1_U0/dwconv_process_channel4_U0/grp_dwconv_process_channel4_Pipeline_LOAD_DW_IN_fu_1093/ram_reg_i_109/O
INFO: [Physopt 32-662] Processed net fastvit_bd_i/worker_0/inst/dwconv_worker_U/dataflow_in_loop_LOOP_DW_CH_1_U0/dwconv_process_channel4_U0/grp_dwconv_process_channel4_Pipeline_LOAD_DW_IN_fu_1093/ram_reg_i_19__0_n_0.  Did not re-place instance fastvit_bd_i/worker_0/inst/dwconv_worker_U/dataflow_in_loop_LOOP_DW_CH_1_U0/dwconv_process_channel4_U0/grp_dwconv_process_channel4_Pipeline_LOAD_DW_IN_fu_1093/ram_reg_i_19__0/O
INFO: [Physopt 32-662] Processed net fastvit_bd_i/worker_0/inst/dwconv_worker_U/dataflow_in_loop_LOOP_DW_CH_1_U0/dwconv_process_channel4_U0/grp_dwconv_process_channel4_Pipeline_LOAD_DW_IN_fu_1093/ram_reg_i_54_n_0.  Did not re-place instance fastvit_bd_i/worker_0/inst/dwconv_worker_U/dataflow_in_loop_LOOP_DW_CH_1_U0/dwconv_process_channel4_U0/grp_dwconv_process_channel4_Pipeline_LOAD_DW_IN_fu_1093/ram_reg_i_54/O
INFO: [Physopt 32-662] Processed net fastvit_bd_i/worker_0/inst/dwconv_worker_U/dataflow_in_loop_LOOP_DW_CH_1_U0/dwconv_process_channel4_U0/grp_dwconv_process_channel4_Pipeline_LOAD_DW_IN_fu_1093/ram_reg_i_83_n_0.  Did not re-place instance fastvit_bd_i/worker_0/inst/dwconv_worker_U/dataflow_in_loop_LOOP_DW_CH_1_U0/dwconv_process_channel4_U0/grp_dwconv_process_channel4_Pipeline_LOAD_DW_IN_fu_1093/ram_reg_i_83/O
INFO: [Physopt 32-662] Processed net fastvit_bd_i/worker_0/inst/dwconv_worker_U/dataflow_in_loop_LOOP_DW_CH_1_U0/dwconv_process_channel4_U0/grp_dwconv_process_channel4_Pipeline_LOAD_DW_IN_fu_1093/ram_reg_i_28__1_n_0.  Did not re-place instance fastvit_bd_i/worker_0/inst/dwconv_worker_U/dataflow_in_loop_LOOP_DW_CH_1_U0/dwconv_process_channel4_U0/grp_dwconv_process_channel4_Pipeline_LOAD_DW_IN_fu_1093/ram_reg_i_28__1/O
INFO: [Physopt 32-661] Optimized 3 nets.  Re-placed 8 instances.
INFO: [Physopt 32-775] End 1 Pass. Optimized 3 nets or cells. Created 0 new cell, deleted 0 existing cell and moved 8 existing cells
INFO: [Physopt 32-619] Estimated Timing Summary | WNS=-0.137 | TNS=-7.737 |
Netlist sorting complete. Time (s): cpu = 00:00:00 ; elapsed = 00:00:00.009 . Memory (MB): peak = 2644.430 ; gain = 0.000
Phase 16 Multi Cell Placement Optimization | Checksum: 143307723

Time (s): cpu = 00:00:30 ; elapsed = 00:00:30 . Memory (MB): peak = 2644.430 ; gain = 17.906

Phase 17 Rewire
INFO: [Physopt 32-246] Starting Signal Push optimization...
INFO: [Physopt 32-77] Pass 1. Identified 15 candidate nets for rewire optimization.
INFO: [Physopt 32-242] Processed net fastvit_bd_i/sc_main/inst/m00_exit_pipeline/m00_exit/inst/b_reg/s_axi_bvalid. Rewired (signal push) fastvit_bd_i/sc_main/inst/m00_exit_pipeline/m00_exit/inst/b_reg/mr_axi_bvalid to 6 loads. Replicated 1 times.
INFO: [Physopt 32-134] Processed net fastvit_bd_i/worker_0/inst/dwconv_gmem0_m_axi_U/bus_read/rreq_burst_conv/rs_req/i_2/O_n. Rewiring did not optimize the net.
INFO: [Physopt 32-134] Processed net fastvit_bd_i/worker_0/inst/dwconv_gmem0_m_axi_U/bus_read/rreq_burst_conv/rs_req/single_sect__18. Rewiring did not optimize the net.
INFO: [Physopt 32-134] Processed net fastvit_bd_i/worker_0/inst/dwconv_gmem0_m_axi_U/bus_read/rreq_burst_conv/rs_req/E[0]. Rewiring did not optimize the net.
INFO: [Physopt 32-242] Processed net fastvit_bd_i/sc_main/inst/s00_entry_pipeline/s00_si_converter/inst/s_axi_arready. Rewired (signal push) fastvit_bd_i/sc_main/inst/s00_entry_pipeline/s00_si_converter/inst/m_axi_arready to 5 loads. Replicated 0 times.
INFO: [Physopt 32-242] Processed net fastvit_bd_i/sc_main/inst/s00_entry_pipeline/s00_transaction_regulator/inst/gen_endpoint.gen_r_singleorder.r_singleorder/gen_id_fifo.singleorder_fifo/s_axi_arready. Rewired (signal push) fastvit_bd_i/sc_main/inst/s00_entry_pipeline/s00_transaction_regulator/inst/gen_endpoint.gen_r_singleorder.r_singleorder/gen_id_fifo.singleorder_fifo/m_axi_arready to 1 loads. Replicated 0 times.
INFO: [Physopt 32-134] Processed net fastvit_bd_i/worker_0/inst/dwconv_gmem1_m_axi_U/bus_read/rreq_burst_conv/rs_req/i_3/O_n. Rewiring did not optimize the net.
INFO: [Physopt 32-134] Processed net fastvit_bd_i/worker_0/inst/dwconv_gmem1_m_axi_U/bus_read/rreq_burst_conv/rs_req/single_sect__18. Rewiring did not optimize the net.
INFO: [Physopt 32-134] Processed net fastvit_bd_i/worker_0/inst/dwconv_gmem1_m_axi_U/bus_read/rreq_burst_conv/rs_req/E[0]. Rewiring did not optimize the net.
INFO: [Physopt 32-134] Processed net fastvit_bd_i/sc_main/inst/m00_nodes/m00_ar_node/inst/inst_mi_handler/gen_normal_area.inst_fifo_node_payld/gen_xpm_memory_fifo.inst_fifo/gen_wr.inst_wr_addra_p1/i_5/O_n. Rewiring did not optimize the net.
INFO: [Physopt 32-134] Processed net fastvit_bd_i/sc_main/inst/m00_nodes/m00_ar_node/inst/inst_mi_handler/gen_normal_area.inst_fifo_node_payld/gen_xpm_memory_fifo.inst_fifo/gen_wr.inst_wr_addra_p1/gen_rd.fifo_empty_r_i_2__0_n_0. Rewiring did not optimize the net.
INFO: [Physopt 32-242] Processed net fastvit_bd_i/worker_0/inst/dwconv_gmem3_m_axi_U/bus_write/wreq_throttle/data_fifo/mOutPtr18_out. Rewired (signal push) fastvit_bd_i/worker_0/inst/dwconv_gmem3_m_axi_U/bus_write/wreq_throttle/data_fifo/WEBWE[0] to 8 loads. Replicated 0 times.
INFO: [Physopt 32-134] Processed net fastvit_bd_i/sc_main/inst/s02_nodes/s02_r_node/inst/inst_mi_handler/gen_normal_area.inst_fifo_node_payld/gen_xpm_memory_fifo.inst_fifo/m_sc_payld[0]. Rewiring did not optimize the net.
INFO: [Physopt 32-134] Processed net fastvit_bd_i/sc_main/inst/s02_entry_pipeline/s02_transaction_regulator/inst/gen_endpoint.gen_r_singleorder.r_singleorder/gen_id_fifo.singleorder_fifo/fifoaddr[1]_i_1_n_0. Rewiring did not optimize the net.
INFO: [Physopt 32-134] Processed net fastvit_bd_i/sc_main/inst/s01_nodes/s01_r_node/inst/inst_mi_handler/gen_normal_area.inst_fifo_node_payld/gen_xpm_memory_fifo.inst_fifo/gen_rd.fifo_empty_r_i_8_n_0. Rewiring did not optimize the net.
INFO: [Physopt 32-232] Optimized 4 nets. Created 1 new instance.
INFO: [Physopt 32-775] End 1 Pass. Optimized 4 nets or cells. Created 1 new cell, deleted 0 existing cell and moved 0 existing cell
Netlist sorting complete. Time (s): cpu = 00:00:00 ; elapsed = 00:00:00.039 . Memory (MB): peak = 2644.430 ; gain = 0.000
INFO: [Physopt 32-619] Estimated Timing Summary | WNS=-0.137 | TNS=-7.594 |
Netlist sorting complete. Time (s): cpu = 00:00:00 ; elapsed = 00:00:00.008 . Memory (MB): peak = 2644.430 ; gain = 0.000
Phase 17 Rewire | Checksum: 12874dd76

Time (s): cpu = 00:00:30 ; elapsed = 00:00:30 . Memory (MB): peak = 2644.430 ; gain = 17.906

Phase 18 Critical Cell Optimization
INFO: [Physopt 32-46] Identified 30 candidate nets for critical-cell optimization.
INFO: [Physopt 32-81] Processed net fastvit_bd_i/worker_0/inst/dwconv_worker_U/dataflow_in_loop_LOOP_DW_CH_1_U0/dwconv_process_channel4_U0/grp_dwconv_process_channel4_Pipeline_LOAD_DW_IN_fu_1093/lshr_ln1_reg_5754[1]_repN. Replicated 1 times.
INFO: [Physopt 32-572] Net fastvit_bd_i/worker_0/inst/dwconv_worker_U/dataflow_in_loop_LOOP_DW_CH_1_U0/dwconv_process_channel4_U0/grp_dwconv_process_channel4_Pipeline_LOAD_DW_IN_fu_1093/ram_reg_i_121_n_0 was not replicated.
Resolution: phys_opt_design can be forced to replicate a net driver using the option -force_replication_on_nets <list of net objects>.
INFO: [Physopt 32-572] Net fastvit_bd_i/worker_0/inst/dwconv_worker_U/dataflow_in_loop_LOOP_DW_CH_1_U0/dwconv_process_channel4_U0/grp_dwconv_process_channel4_Pipeline_LOAD_DW_IN_fu_1093/ram_reg_i_36__3_n_0 was not replicated.
Resolution: phys_opt_design can be forced to replicate a net driver using the option -force_replication_on_nets <list of net objects>.
INFO: [Physopt 32-572] Net fastvit_bd_i/worker_0/inst/dwconv_worker_U/dataflow_in_loop_LOOP_DW_CH_1_U0/dwconv_process_channel4_U0/grp_dwconv_process_channel4_Pipeline_LOAD_DW_IN_fu_1093/ram_reg_i_47_n_0 was not replicated.
Resolution: phys_opt_design can be forced to replicate a net driver using the option -force_replication_on_nets <list of net objects>.
INFO: [Physopt 32-572] Net fastvit_bd_i/worker_0/inst/dwconv_worker_U/dataflow_in_loop_LOOP_DW_CH_1_U0/dwconv_process_channel4_U0/grp_dwconv_process_channel4_Pipeline_LOAD_DW_IN_fu_1093/ram_reg_i_16__3_n_0 was not replicated.
Resolution: phys_opt_design can be forced to replicate a net driver using the option -force_replication_on_nets <list of net objects>.
INFO: [Physopt 32-572] Net fastvit_bd_i/worker_0/inst/dwconv_worker_U/dataflow_in_loop_LOOP_DW_CH_1_U0/dwconv_process_channel4_U0/grp_dwconv_process_channel4_Pipeline_LOAD_DW_IN_fu_1093/ram_reg_i_29__0_n_0 was not replicated.
Resolution: phys_opt_design can be forced to replicate a net driver using the option -force_replication_on_nets <list of net objects>.
INFO: [Physopt 32-572] Net fastvit_bd_i/worker_0/inst/dwconv_worker_U/dataflow_in_loop_LOOP_DW_CH_1_U0/dwconv_process_channel4_U0/grp_dwconv_process_channel4_Pipeline_LOAD_DW_IN_fu_1093/ram_reg_i_78_n_0 was not replicated.
Resolution: phys_opt_design can be forced to replicate a net driver using the option -force_replication_on_nets <list of net objects>.
INFO: [Physopt 32-81] Processed net fastvit_bd_i/worker_0/inst/dwconv_worker_U/dataflow_in_loop_LOOP_DW_CH_1_U0/dwconv_process_channel4_U0/grp_dwconv_process_channel4_Pipeline_LOAD_DW_IN_fu_1093/lshr_ln1_reg_5754[6]. Replicated 1 times.
INFO: [Physopt 32-572] Net fastvit_bd_i/worker_0/inst/dwconv_worker_U/dataflow_in_loop_LOOP_DW_CH_1_U0/dwconv_process_channel4_U0/grp_dwconv_process_channel4_Pipeline_LOAD_DW_IN_fu_1093/ram_reg_i_20__2_n_0 was not replicated.
Resolution: phys_opt_design can be forced to replicate a net driver using the option -force_replication_on_nets <list of net objects>.
INFO: [Physopt 32-81] Processed net fastvit_bd_i/worker_0/inst/dwconv_worker_U/dataflow_in_loop_LOOP_DW_CH_1_U0/dwconv_process_channel4_U0/grp_dwconv_process_channel4_Pipeline_LOAD_DW_IN_fu_1093/ram_reg_i_57_n_0. Replicated 1 times.
INFO: [Physopt 32-572] Net fastvit_bd_i/worker_0/inst/dwconv_worker_U/dataflow_in_loop_LOOP_DW_CH_1_U0/dwconv_process_channel4_U0/grp_dwconv_process_channel4_Pipeline_LOAD_DW_IN_fu_1093/ram_reg_i_23__1_n_0 was not replicated.
Resolution: phys_opt_design can be forced to replicate a net driver using the option -force_replication_on_nets <list of net objects>.
INFO: [Physopt 32-572] Net fastvit_bd_i/worker_0/inst/dwconv_worker_U/dataflow_in_loop_LOOP_DW_CH_1_U0/dwconv_process_channel4_U0/grp_dwconv_process_channel4_Pipeline_LOAD_DW_IN_fu_1093/ram_reg_i_66_n_0 was not replicated.
Resolution: phys_opt_design can be forced to replicate a net driver using the option -force_replication_on_nets <list of net objects>.
INFO: [Physopt 32-572] Net fastvit_bd_i/worker_0/inst/dwconv_worker_U/dataflow_in_loop_LOOP_DW_CH_1_U0/dwconv_process_channel4_U0/grp_dwconv_process_channel4_Pipeline_LOAD_DW_IN_fu_1093/ram_reg_i_128_n_0 was not replicated.
Resolution: phys_opt_design can be forced to replicate a net driver using the option -force_replication_on_nets <list of net objects>.
INFO: [Physopt 32-572] Net fastvit_bd_i/worker_0/inst/dwconv_worker_U/dataflow_in_loop_LOOP_DW_CH_1_U0/dwconv_process_channel4_U0/grp_dwconv_process_channel4_Pipeline_LOAD_DW_IN_fu_1093/ram_reg_i_45__0_n_0 was not replicated.
Resolution: phys_opt_design can be forced to replicate a net driver using the option -force_replication_on_nets <list of net objects>.
INFO: [Physopt 32-81] Processed net fastvit_bd_i/worker_0/inst/dwconv_worker_U/dataflow_in_loop_LOOP_DW_CH_1_U0/dwconv_process_channel4_U0/grp_dwconv_process_channel4_Pipeline_LOAD_DW_IN_fu_1093/ram_reg_i_31__3_n_0. Replicated 1 times.
INFO: [Physopt 32-81] Processed net fastvit_bd_i/worker_0/inst/dwconv_worker_U/dataflow_in_loop_LOOP_DW_CH_1_U0/dwconv_process_channel4_U0/grp_dwconv_process_channel4_Pipeline_LOAD_DW_IN_fu_1093/ram_reg_i_101_n_0. Replicated 1 times.
INFO: [Physopt 32-81] Processed net fastvit_bd_i/worker_0/inst/dwconv_worker_U/dataflow_in_loop_LOOP_DW_CH_1_U0/dwconv_process_channel4_U0/grp_dwconv_process_channel4_Pipeline_LOAD_DW_IN_fu_1093/ram_reg_i_29__1_n_0. Replicated 1 times.
INFO: [Physopt 32-572] Net fastvit_bd_i/worker_0/inst/dwconv_worker_U/dataflow_in_loop_LOOP_DW_CH_1_U0/dwconv_process_channel4_U0/grp_dwconv_process_channel4_Pipeline_LOAD_DW_IN_fu_1093/ram_reg_i_84_n_0 was not replicated.
Resolution: phys_opt_design can be forced to replicate a net driver using the option -force_replication_on_nets <list of net objects>.
INFO: [Physopt 32-81] Processed net fastvit_bd_i/worker_0/inst/dwconv_worker_U/dataflow_in_loop_LOOP_DW_CH_1_U0/dwconv_process_channel4_U0/grp_dwconv_process_channel4_Pipeline_LOAD_DW_IN_fu_1093/lshr_ln1_reg_5754[4]. Replicated 1 times.
INFO: [Physopt 32-81] Processed net fastvit_bd_i/worker_0/inst/dwconv_worker_U/dataflow_in_loop_LOOP_DW_CH_1_U0/dwconv_process_channel4_U0/grp_dwconv_process_channel4_Pipeline_LOAD_DW_IN_fu_1093/ram_reg_i_119_n_0. Replicated 1 times.
INFO: [Physopt 32-572] Net fastvit_bd_i/worker_0/inst/dwconv_worker_U/dataflow_in_loop_LOOP_DW_CH_1_U0/dwconv_process_channel4_U0/grp_dwconv_process_channel4_Pipeline_LOAD_DW_IN_fu_1093/ram_reg_i_48_n_0 was not replicated.
Resolution: phys_opt_design can be forced to replicate a net driver using the option -force_replication_on_nets <list of net objects>.
INFO: [Physopt 32-572] Net fastvit_bd_i/worker_0/inst/dwconv_worker_U/dataflow_in_loop_LOOP_DW_CH_1_U0/dwconv_process_channel4_U0/grp_dwconv_process_channel4_Pipeline_LOAD_DW_IN_fu_1093/ram_reg_i_40__1_n_0 was not replicated.
Resolution: phys_opt_design can be forced to replicate a net driver using the option -force_replication_on_nets <list of net objects>.
INFO: [Physopt 32-572] Net fastvit_bd_i/worker_0/inst/dwconv_worker_U/dataflow_in_loop_LOOP_DW_CH_1_U0/dwconv_process_channel4_U0/grp_dwconv_process_channel4_Pipeline_LOAD_DW_IN_fu_1093/ram_reg_i_34__1_n_0 was not replicated.
Resolution: phys_opt_design can be forced to replicate a net driver using the option -force_replication_on_nets <list of net objects>.
INFO: [Physopt 32-81] Processed net fastvit_bd_i/worker_0/inst/dwconv_worker_U/dataflow_in_loop_LOOP_DW_CH_1_U0/dwconv_process_channel4_U0/grp_dwconv_process_channel4_Pipeline_LOAD_DW_IN_fu_1093/ram_reg_i_94_n_0. Replicated 1 times.
INFO: [Physopt 32-572] Net fastvit_bd_i/worker_0/inst/dwconv_worker_U/dataflow_in_loop_LOOP_DW_CH_1_U0/dwconv_process_channel4_U0/grp_dwconv_process_channel4_Pipeline_LOAD_DW_IN_fu_1093/ram_reg_i_133_n_0 was not replicated.
Resolution: phys_opt_design can be forced to replicate a net driver using the option -force_replication_on_nets <list of net objects>.
INFO: [Physopt 32-81] Processed net fastvit_bd_i/worker_0/inst/dwconv_worker_U/dataflow_in_loop_LOOP_DW_CH_1_U0/dwconv_process_channel4_U0/grp_dwconv_process_channel4_Pipeline_LOAD_DW_IN_fu_1093/ram_reg_i_39__3_n_0. Replicated 1 times.
INFO: [Physopt 32-572] Net fastvit_bd_i/worker_0/inst/dwconv_worker_U/dataflow_in_loop_LOOP_DW_CH_1_U0/dwconv_process_channel4_U0/grp_dwconv_process_channel4_Pipeline_LOAD_DW_IN_fu_1093/lshr_ln1_reg_5754[6]_repN was not replicated.
Resolution: phys_opt_design can be forced to replicate a net driver using the option -force_replication_on_nets <list of net objects>.
INFO: [Physopt 32-572] Net fastvit_bd_i/worker_0/inst/dwconv_worker_U/dataflow_in_loop_LOOP_DW_CH_1_U0/dwconv_process_channel4_U0/grp_dwconv_process_channel4_Pipeline_LOAD_DW_IN_fu_1093/ram_reg_i_20__3_n_0 was not replicated.
Resolution: phys_opt_design can be forced to replicate a net driver using the option -force_replication_on_nets <list of net objects>.
INFO: [Physopt 32-572] Net fastvit_bd_i/worker_0/inst/dwconv_worker_U/dataflow_in_loop_LOOP_DW_CH_1_U0/dwconv_process_channel4_U0/grp_dwconv_process_channel4_Pipeline_LOAD_DW_IN_fu_1093/ram_reg_i_60_n_0 was not replicated.
Resolution: phys_opt_design can be forced to replicate a net driver using the option -force_replication_on_nets <list of net objects>.
INFO: [Physopt 32-81] Processed net fastvit_bd_i/worker_0/inst/dwconv_worker_U/dataflow_in_loop_LOOP_DW_CH_1_U0/dwconv_process_channel4_U0/grp_dwconv_process_channel4_Pipeline_LOAD_DW_IN_fu_1093/lshr_ln1_reg_5754[7]. Replicated 3 times.
INFO: [Physopt 32-232] Optimized 11 nets. Created 13 new instances.
INFO: [Physopt 32-775] End 1 Pass. Optimized 11 nets or cells. Created 13 new cells, deleted 0 existing cell and moved 0 existing cell
INFO: [Physopt 32-619] Estimated Timing Summary | WNS=-0.128 | TNS=-7.442 |
Netlist sorting complete. Time (s): cpu = 00:00:00 ; elapsed = 00:00:00.018 . Memory (MB): peak = 2644.430 ; gain = 0.000
Phase 18 Critical Cell Optimization | Checksum: 19cd8594f

Time (s): cpu = 00:00:35 ; elapsed = 00:00:35 . Memory (MB): peak = 2644.430 ; gain = 17.906

Phase 19 DSP Register Optimization
INFO: [Physopt 32-457] Pass 1. Identified 1 candidate cell for DSP register optimization.
INFO: [Physopt 32-457] Pass 1. Identified 11 candidate cells for DSP register optimization.
INFO: [Physopt 32-665] Processed cell fastvit_bd_i/worker_0/inst/dwconv_worker_U/dataflow_in_loop_LOOP_DW_CH_1_U0/dwconv_process_channel4_U0/mul_32s_32s_32_5_1_U2057/buff0_reg. 17 registers were pushed in.
INFO: [Physopt 32-665] Processed cell fastvit_bd_i/worker_0/inst/dwconv_worker_U/dataflow_in_loop_LOOP_DW_CH_1_U0/dwconv_process_channel4_U0/mul_32s_32ns_62_5_1_U2055/buff0_reg. 17 registers were pushed out.
INFO: [Physopt 32-665] Processed cell fastvit_bd_i/worker_0/inst/dwconv_worker_U/dataflow_in_loop_LOOP_DW_CH_1_U0/dwconv_process_channel4_U0/mul_32s_32ns_62_5_1_U2055/buff1_reg. 12 registers were pushed out.
INFO: [Physopt 32-665] Processed cell fastvit_bd_i/worker_0/inst/dwconv_worker_U/dataflow_in_loop_LOOP_DW_CH_1_U0/dwconv_process_channel4_U0/mul_32ns_32ns_60_5_1_U2053/buff1_reg. 17 registers were pushed out.
INFO: [Physopt 32-665] Processed cell fastvit_bd_i/worker_0/inst/dwconv_worker_U/dataflow_in_loop_LOOP_DW_CH_1_U0/dwconv_process_channel4_U0/mul_32ns_32ns_60_5_1_U2053/buff0_reg. 17 registers were pushed out.
INFO: [Physopt 32-665] Processed cell fastvit_bd_i/worker_0/inst/dwconv_worker_U/dataflow_in_loop_LOOP_DW_CH_1_U0/dwconv_process_channel4_U0/grp_dwconv_process_channel4_Pipeline_COMPUTE_DW_KW_fu_1523/mac_muladd_8s_4s_32s_32_4_1_U1934/fastvit_ip_mac_muladd_8s_4s_32s_32_4_1_DSP48_0_U/p_reg_reg. 8 registers were pushed out.
INFO: [Physopt 32-665] Processed cell fastvit_bd_i/worker_0/inst/dwconv_worker_U/dataflow_in_loop_LOOP_DW_CH_1_U0/dwconv_process_channel4_U0/grp_dwconv_process_channel4_Pipeline_COMPUTE_DW_KW_fu_1523/mac_muladd_8s_4s_32s_32_4_1_U1931/fastvit_ip_mac_muladd_8s_4s_32s_32_4_1_DSP48_0_U/p_reg_reg. 8 registers were pushed out.
INFO: [Physopt 32-665] Processed cell fastvit_bd_i/worker_0/inst/dwconv_worker_U/dataflow_in_loop_LOOP_DW_CH_1_U0/dwconv_process_channel4_U0/grp_dwconv_process_channel4_Pipeline_COMPUTE_DW_KW_fu_1523/mac_muladd_8s_4s_32s_32_4_1_U1933/fastvit_ip_mac_muladd_8s_4s_32s_32_4_1_DSP48_0_U/p_reg_reg. 8 registers were pushed out.
INFO: [Physopt 32-665] Processed cell fastvit_bd_i/worker_0/inst/dwconv_worker_U/dataflow_in_loop_LOOP_DW_CH_1_U0/dwconv_process_channel4_U0/grp_dwconv_process_channel4_Pipeline_COMPUTE_DW_KW_fu_1523/mac_muladd_8s_4s_32s_32_4_1_U1932/fastvit_ip_mac_muladd_8s_4s_32s_32_4_1_DSP48_0_U/p_reg_reg. 8 registers were pushed out.
INFO: [Physopt 32-665] Processed cell fastvit_bd_i/worker_0/inst/dwconv_worker_U/dataflow_in_loop_LOOP_DW_CH_1_U0/dwconv_process_channel4_U0/grp_dwconv_process_channel4_Pipeline_LOAD_DW_IN_ROWBASE_fu_1082/mul_ln205_reg_248_reg. 12 registers were pushed out.
INFO: [Physopt 32-665] Processed cell fastvit_bd_i/worker_0/inst/dwconv_worker_U/dataflow_in_loop_LOOP_DW_CH_1_U0/dwconv_process_channel4_U0/grp_dwconv_process_channel4_Pipeline_COMPUTE_DW_KW_fu_1523/mac_muladd_8s_4s_32s_32_4_1_U1932/fastvit_ip_mac_muladd_8s_4s_32s_32_4_1_DSP48_0_U/p_reg_reg. 4 registers were pushed out.
INFO: [Physopt 32-665] Processed cell fastvit_bd_i/worker_0/inst/dwconv_worker_U/dataflow_in_loop_LOOP_DW_CH_1_U0/dwconv_process_channel4_U0/grp_dwconv_process_channel4_Pipeline_COMPUTE_DW_KW_fu_1523/mac_muladd_8s_4s_32s_32_4_1_U1933/fastvit_ip_mac_muladd_8s_4s_32s_32_4_1_DSP48_0_U/p_reg_reg. 4 registers were pushed out.
INFO: [Physopt 32-775] End 1 Pass. Optimized 12 nets or cells. Created 115 new cells, deleted 17 existing cells and moved 0 existing cell
INFO: [Physopt 32-619] Estimated Timing Summary | WNS=-0.128 | TNS=-7.337 |
Netlist sorting complete. Time (s): cpu = 00:00:00 ; elapsed = 00:00:00.061 . Memory (MB): peak = 2644.430 ; gain = 0.000
Phase 19 DSP Register Optimization | Checksum: 1882b6372

Time (s): cpu = 00:00:37 ; elapsed = 00:00:37 . Memory (MB): peak = 2644.430 ; gain = 17.906

Phase 20 BRAM Register Optimization
INFO: [Physopt 32-614] Property 'READ_WIDTH_B' on BRAM cell 'fastvit_bd_i/worker_0/inst/dwconv_worker_U/dataflow_in_loop_LOOP_DW_CH_1_U0/dwconv_process_channel4_U0/p_ZL10ch_out_buf_0_U/ram_reg' Port 'B' is 0. Skip BRAM Register Optimization on the port
INFO: [Physopt 32-614] Property 'READ_WIDTH_B' on BRAM cell 'fastvit_bd_i/worker_0/inst/dwconv_worker_U/dataflow_in_loop_LOOP_DW_CH_1_U0/dwconv_process_channel4_U0/p_ZL10ch_out_buf_10_U/ram_reg' Port 'B' is 0. Skip BRAM Register Optimization on the port
INFO: [Physopt 32-614] Property 'READ_WIDTH_B' on BRAM cell 'fastvit_bd_i/worker_0/inst/dwconv_worker_U/dataflow_in_loop_LOOP_DW_CH_1_U0/dwconv_process_channel4_U0/p_ZL10ch_out_buf_11_U/ram_reg' Port 'B' is 0. Skip BRAM Register Optimization on the port
INFO: [Physopt 32-614] Property 'READ_WIDTH_B' on BRAM cell 'fastvit_bd_i/worker_0/inst/dwconv_worker_U/dataflow_in_loop_LOOP_DW_CH_1_U0/dwconv_process_channel4_U0/p_ZL10ch_out_buf_12_U/ram_reg' Port 'B' is 0. Skip BRAM Register Optimization on the port
INFO: [Physopt 32-614] Property 'READ_WIDTH_B' on BRAM cell 'fastvit_bd_i/worker_0/inst/dwconv_worker_U/dataflow_in_loop_LOOP_DW_CH_1_U0/dwconv_process_channel4_U0/p_ZL10ch_out_buf_13_U/ram_reg' Port 'B' is 0. Skip BRAM Register Optimization on the port
INFO: [Physopt 32-614] Property 'READ_WIDTH_B' on BRAM cell 'fastvit_bd_i/worker_0/inst/dwconv_worker_U/dataflow_in_loop_LOOP_DW_CH_1_U0/dwconv_process_channel4_U0/p_ZL10ch_out_buf_14_U/ram_reg' Port 'B' is 0. Skip BRAM Register Optimization on the port
INFO: [Physopt 32-614] Property 'READ_WIDTH_B' on BRAM cell 'fastvit_bd_i/worker_0/inst/dwconv_worker_U/dataflow_in_loop_LOOP_DW_CH_1_U0/dwconv_process_channel4_U0/p_ZL10ch_out_buf_15_U/ram_reg' Port 'B' is 0. Skip BRAM Register Optimization on the port
INFO: [Physopt 32-614] Property 'READ_WIDTH_B' on BRAM cell 'fastvit_bd_i/worker_0/inst/dwconv_worker_U/dataflow_in_loop_LOOP_DW_CH_1_U0/dwconv_process_channel4_U0/p_ZL10ch_out_buf_1_U/ram_reg' Port 'B' is 0. Skip BRAM Register Optimization on the port
INFO: [Physopt 32-614] Property 'READ_WIDTH_B' on BRAM cell 'fastvit_bd_i/worker_0/inst/dwconv_worker_U/dataflow_in_loop_LOOP_DW_CH_1_U0/dwconv_process_channel4_U0/p_ZL10ch_out_buf_2_U/ram_reg' Port 'B' is 0. Skip BRAM Register Optimization on the port
INFO: [Physopt 32-614] Property 'READ_WIDTH_B' on BRAM cell 'fastvit_bd_i/worker_0/inst/dwconv_worker_U/dataflow_in_loop_LOOP_DW_CH_1_U0/dwconv_process_channel4_U0/p_ZL10ch_out_buf_3_U/ram_reg' Port 'B' is 0. Skip BRAM Register Optimization on the port
INFO: [Physopt 32-614] Property 'READ_WIDTH_B' on BRAM cell 'fastvit_bd_i/worker_0/inst/dwconv_worker_U/dataflow_in_loop_LOOP_DW_CH_1_U0/dwconv_process_channel4_U0/p_ZL10ch_out_buf_4_U/ram_reg' Port 'B' is 0. Skip BRAM Register Optimization on the port
INFO: [Physopt 32-614] Property 'READ_WIDTH_B' on BRAM cell 'fastvit_bd_i/worker_0/inst/dwconv_worker_U/dataflow_in_loop_LOOP_DW_CH_1_U0/dwconv_process_channel4_U0/p_ZL10ch_out_buf_5_U/ram_reg' Port 'B' is 0. Skip BRAM Register Optimization on the port
INFO: [Physopt 32-614] Property 'READ_WIDTH_B' on BRAM cell 'fastvit_bd_i/worker_0/inst/dwconv_worker_U/dataflow_in_loop_LOOP_DW_CH_1_U0/dwconv_process_channel4_U0/p_ZL10ch_out_buf_6_U/ram_reg' Port 'B' is 0. Skip BRAM Register Optimization on the port
INFO: [Physopt 32-614] Property 'READ_WIDTH_B' on BRAM cell 'fastvit_bd_i/worker_0/inst/dwconv_worker_U/dataflow_in_loop_LOOP_DW_CH_1_U0/dwconv_process_channel4_U0/p_ZL10ch_out_buf_7_U/ram_reg' Port 'B' is 0. Skip BRAM Register Optimization on the port
INFO: [Physopt 32-614] Property 'READ_WIDTH_B' on BRAM cell 'fastvit_bd_i/worker_0/inst/dwconv_worker_U/dataflow_in_loop_LOOP_DW_CH_1_U0/dwconv_process_channel4_U0/p_ZL10ch_out_buf_8_U/ram_reg' Port 'B' is 0. Skip BRAM Register Optimization on the port
INFO: [Physopt 32-614] Property 'READ_WIDTH_B' on BRAM cell 'fastvit_bd_i/worker_0/inst/dwconv_worker_U/dataflow_in_loop_LOOP_DW_CH_1_U0/dwconv_process_channel4_U0/p_ZL10ch_out_buf_9_U/ram_reg' Port 'B' is 0. Skip BRAM Register Optimization on the port
INFO: [Physopt 32-527] Pass 1: Identified 7 candidate cells for BRAM register optimization
INFO: [Physopt 32-665] Processed cell fastvit_bd_i/worker_0/inst/dwconv_worker_U/dataflow_in_loop_LOOP_DW_CH_1_U0/dwconv_process_channel4_U0/p_ZL10ch_out_buf_4_U/ram_reg. 4 registers were pushed out.
INFO: [Physopt 32-665] Processed cell fastvit_bd_i/worker_0/inst/dwconv_worker_U/dataflow_in_loop_LOOP_DW_CH_1_U0/dwconv_process_channel4_U0/p_ZL10ch_out_buf_1_U/ram_reg. 4 registers were pushed out.
INFO: [Physopt 32-665] Processed cell fastvit_bd_i/worker_0/inst/dwconv_worker_U/dataflow_in_loop_LOOP_DW_CH_1_U0/dwconv_process_channel4_U0/p_ZL10ch_out_buf_12_U/ram_reg. 4 registers were pushed out.
INFO: [Physopt 32-665] Processed cell fastvit_bd_i/worker_0/inst/dwconv_worker_U/dataflow_in_loop_LOOP_DW_CH_1_U0/dwconv_process_channel4_U0/p_ZL10ch_out_buf_5_U/ram_reg. 4 registers were pushed out.
INFO: [Physopt 32-665] Processed cell fastvit_bd_i/worker_0/inst/dwconv_worker_U/dataflow_in_loop_LOOP_DW_CH_1_U0/dwconv_process_channel4_U0/p_ZL10ch_out_buf_8_U/ram_reg. 4 registers were pushed out.
INFO: [Physopt 32-665] Processed cell fastvit_bd_i/worker_0/inst/dwconv_worker_U/dataflow_in_loop_LOOP_DW_CH_1_U0/dwconv_process_channel4_U0/p_ZL10ch_out_buf_11_U/ram_reg. 4 registers were pushed out.
INFO: [Physopt 32-665] Processed cell fastvit_bd_i/worker_0/inst/dwconv_worker_U/dataflow_in_loop_LOOP_DW_CH_1_U0/dwconv_process_channel4_U0/p_ZL10ch_out_buf_0_U/ram_reg. 4 registers were pushed out.
INFO: [Physopt 32-775] End 1 Pass. Optimized 7 nets or cells. Created 28 new cells, deleted 0 existing cell and moved 0 existing cell
INFO: [Physopt 32-619] Estimated Timing Summary | WNS=-0.128 | TNS=-7.301 |
Netlist sorting complete. Time (s): cpu = 00:00:00 ; elapsed = 00:00:00.036 . Memory (MB): peak = 2644.430 ; gain = 0.000
Phase 20 BRAM Register Optimization | Checksum: 114277a58

Time (s): cpu = 00:00:37 ; elapsed = 00:00:37 . Memory (MB): peak = 2644.430 ; gain = 17.906

Phase 21 URAM Register Optimization
INFO: [Physopt 32-846] No candidate cells for URAM register optimization found in the design
INFO: [Physopt 32-775] End 1 Pass. Optimized 0 net or cell. Created 0 new cell, deleted 0 existing cell and moved 0 existing cell
INFO: [Physopt 32-846] No candidate cells for URAM register optimization found in the design
INFO: [Physopt 32-775] End 1 Pass. Optimized 0 net or cell. Created 0 new cell, deleted 0 existing cell and moved 0 existing cell
Phase 21 URAM Register Optimization | Checksum: 114277a58

Time (s): cpu = 00:00:37 ; elapsed = 00:00:37 . Memory (MB): peak = 2644.430 ; gain = 17.906

Phase 22 Shift Register Optimization
INFO: [Physopt 32-1402] Pass 1: Identified 4 candidate cells for Shift Register optimization.
INFO: [Physopt 32-775] End 1 Pass. Optimized 3 nets or cells. Created 3 new cells, deleted 0 existing cell and moved 0 existing cell
INFO: [Physopt 32-619] Estimated Timing Summary | WNS=-0.128 | TNS=-7.301 |
Netlist sorting complete. Time (s): cpu = 00:00:00 ; elapsed = 00:00:00.035 . Memory (MB): peak = 2644.430 ; gain = 0.000
Phase 22 Shift Register Optimization | Checksum: 153509386

Time (s): cpu = 00:00:38 ; elapsed = 00:00:38 . Memory (MB): peak = 2644.430 ; gain = 17.906

Phase 23 DSP Register Optimization
INFO: [Physopt 32-457] Pass 1. Identified 1 candidate cell for DSP register optimization.
INFO: [Physopt 32-666] Processed cell fastvit_bd_i/worker_0/inst/dwconv_worker_U/dataflow_in_loop_LOOP_DW_CH_1_U0/dwconv_process_channel4_U0/mul_32s_32s_32_5_1_U2057/buff0_reg. No change.
INFO: [Physopt 32-775] End 1 Pass. Optimized 0 net or cell. Created 0 new cell, deleted 0 existing cell and moved 0 existing cell
Netlist sorting complete. Time (s): cpu = 00:00:00 ; elapsed = 00:00:00.009 . Memory (MB): peak = 2644.430 ; gain = 0.000
Phase 23 DSP Register Optimization | Checksum: eb057113

Time (s): cpu = 00:00:38 ; elapsed = 00:00:38 . Memory (MB): peak = 2644.430 ; gain = 17.906

Phase 24 BRAM Register Optimization
INFO: [Physopt 32-614] Property 'READ_WIDTH_B' on BRAM cell 'fastvit_bd_i/worker_0/inst/dwconv_worker_U/dataflow_in_loop_LOOP_DW_CH_1_U0/dwconv_process_channel4_U0/p_ZL10ch_out_buf_0_U/ram_reg' Port 'B' is 0. Skip BRAM Register Optimization on the port
INFO: [Physopt 32-614] Property 'READ_WIDTH_B' on BRAM cell 'fastvit_bd_i/worker_0/inst/dwconv_worker_U/dataflow_in_loop_LOOP_DW_CH_1_U0/dwconv_process_channel4_U0/p_ZL10ch_out_buf_10_U/ram_reg' Port 'B' is 0. Skip BRAM Register Optimization on the port
INFO: [Physopt 32-614] Property 'READ_WIDTH_B' on BRAM cell 'fastvit_bd_i/worker_0/inst/dwconv_worker_U/dataflow_in_loop_LOOP_DW_CH_1_U0/dwconv_process_channel4_U0/p_ZL10ch_out_buf_11_U/ram_reg' Port 'B' is 0. Skip BRAM Register Optimization on the port
INFO: [Physopt 32-614] Property 'READ_WIDTH_B' on BRAM cell 'fastvit_bd_i/worker_0/inst/dwconv_worker_U/dataflow_in_loop_LOOP_DW_CH_1_U0/dwconv_process_channel4_U0/p_ZL10ch_out_buf_12_U/ram_reg' Port 'B' is 0. Skip BRAM Register Optimization on the port
INFO: [Physopt 32-614] Property 'READ_WIDTH_B' on BRAM cell 'fastvit_bd_i/worker_0/inst/dwconv_worker_U/dataflow_in_loop_LOOP_DW_CH_1_U0/dwconv_process_channel4_U0/p_ZL10ch_out_buf_13_U/ram_reg' Port 'B' is 0. Skip BRAM Register Optimization on the port
INFO: [Physopt 32-614] Property 'READ_WIDTH_B' on BRAM cell 'fastvit_bd_i/worker_0/inst/dwconv_worker_U/dataflow_in_loop_LOOP_DW_CH_1_U0/dwconv_process_channel4_U0/p_ZL10ch_out_buf_14_U/ram_reg' Port 'B' is 0. Skip BRAM Register Optimization on the port
INFO: [Physopt 32-614] Property 'READ_WIDTH_B' on BRAM cell 'fastvit_bd_i/worker_0/inst/dwconv_worker_U/dataflow_in_loop_LOOP_DW_CH_1_U0/dwconv_process_channel4_U0/p_ZL10ch_out_buf_15_U/ram_reg' Port 'B' is 0. Skip BRAM Register Optimization on the port
INFO: [Physopt 32-614] Property 'READ_WIDTH_B' on BRAM cell 'fastvit_bd_i/worker_0/inst/dwconv_worker_U/dataflow_in_loop_LOOP_DW_CH_1_U0/dwconv_process_channel4_U0/p_ZL10ch_out_buf_1_U/ram_reg' Port 'B' is 0. Skip BRAM Register Optimization on the port
INFO: [Physopt 32-614] Property 'READ_WIDTH_B' on BRAM cell 'fastvit_bd_i/worker_0/inst/dwconv_worker_U/dataflow_in_loop_LOOP_DW_CH_1_U0/dwconv_process_channel4_U0/p_ZL10ch_out_buf_2_U/ram_reg' Port 'B' is 0. Skip BRAM Register Optimization on the port
INFO: [Physopt 32-614] Property 'READ_WIDTH_B' on BRAM cell 'fastvit_bd_i/worker_0/inst/dwconv_worker_U/dataflow_in_loop_LOOP_DW_CH_1_U0/dwconv_process_channel4_U0/p_ZL10ch_out_buf_3_U/ram_reg' Port 'B' is 0. Skip BRAM Register Optimization on the port
INFO: [Physopt 32-614] Property 'READ_WIDTH_B' on BRAM cell 'fastvit_bd_i/worker_0/inst/dwconv_worker_U/dataflow_in_loop_LOOP_DW_CH_1_U0/dwconv_process_channel4_U0/p_ZL10ch_out_buf_4_U/ram_reg' Port 'B' is 0. Skip BRAM Register Optimization on the port
INFO: [Physopt 32-614] Property 'READ_WIDTH_B' on BRAM cell 'fastvit_bd_i/worker_0/inst/dwconv_worker_U/dataflow_in_loop_LOOP_DW_CH_1_U0/dwconv_process_channel4_U0/p_ZL10ch_out_buf_5_U/ram_reg' Port 'B' is 0. Skip BRAM Register Optimization on the port
INFO: [Physopt 32-614] Property 'READ_WIDTH_B' on BRAM cell 'fastvit_bd_i/worker_0/inst/dwconv_worker_U/dataflow_in_loop_LOOP_DW_CH_1_U0/dwconv_process_channel4_U0/p_ZL10ch_out_buf_6_U/ram_reg' Port 'B' is 0. Skip BRAM Register Optimization on the port
INFO: [Physopt 32-614] Property 'READ_WIDTH_B' on BRAM cell 'fastvit_bd_i/worker_0/inst/dwconv_worker_U/dataflow_in_loop_LOOP_DW_CH_1_U0/dwconv_process_channel4_U0/p_ZL10ch_out_buf_7_U/ram_reg' Port 'B' is 0. Skip BRAM Register Optimization on the port
INFO: [Physopt 32-614] Property 'READ_WIDTH_B' on BRAM cell 'fastvit_bd_i/worker_0/inst/dwconv_worker_U/dataflow_in_loop_LOOP_DW_CH_1_U0/dwconv_process_channel4_U0/p_ZL10ch_out_buf_8_U/ram_reg' Port 'B' is 0. Skip BRAM Register Optimization on the port
INFO: [Physopt 32-614] Property 'READ_WIDTH_B' on BRAM cell 'fastvit_bd_i/worker_0/inst/dwconv_worker_U/dataflow_in_loop_LOOP_DW_CH_1_U0/dwconv_process_channel4_U0/p_ZL10ch_out_buf_9_U/ram_reg' Port 'B' is 0. Skip BRAM Register Optimization on the port
INFO: [Physopt 32-526] No candidate cells for BRAM register optimization found in the design
INFO: [Physopt 32-775] End 1 Pass. Optimized 0 net or cell. Created 0 new cell, deleted 0 existing cell and moved 0 existing cell
Phase 24 BRAM Register Optimization | Checksum: eb057113

Time (s): cpu = 00:00:38 ; elapsed = 00:00:38 . Memory (MB): peak = 2644.430 ; gain = 17.906

Phase 25 URAM Register Optimization
INFO: [Physopt 32-846] No candidate cells for URAM register optimization found in the design
INFO: [Physopt 32-775] End 1 Pass. Optimized 0 net or cell. Created 0 new cell, deleted 0 existing cell and moved 0 existing cell
INFO: [Physopt 32-846] No candidate cells for URAM register optimization found in the design
INFO: [Physopt 32-775] End 1 Pass. Optimized 0 net or cell. Created 0 new cell, deleted 0 existing cell and moved 0 existing cell
Phase 25 URAM Register Optimization | Checksum: eb057113

Time (s): cpu = 00:00:38 ; elapsed = 00:00:38 . Memory (MB): peak = 2644.430 ; gain = 17.906

Phase 26 Shift Register Optimization
INFO: [Physopt 32-1402] Pass 1: Identified 1 candidate cell for Shift Register optimization.
INFO: [Physopt 32-775] End 1 Pass. Optimized 0 net or cell. Created 0 new cell, deleted 0 existing cell and moved 0 existing cell
Netlist sorting complete. Time (s): cpu = 00:00:00 ; elapsed = 00:00:00.007 . Memory (MB): peak = 2644.430 ; gain = 0.000
Phase 26 Shift Register Optimization | Checksum: eb057113

Time (s): cpu = 00:00:38 ; elapsed = 00:00:38 . Memory (MB): peak = 2644.430 ; gain = 17.906

Phase 27 Critical Pin Optimization
INFO: [Physopt 32-606] Identified 100 candidate nets for critical-pin optimization.
INFO: [Physopt 32-608] Optimized 54 nets.  Swapped 1132 pins.
INFO: [Physopt 32-775] End 1 Pass. Optimized 54 nets or cells. Created 0 new cell, deleted 0 existing cell and moved 1132 existing cells
INFO: [Physopt 32-619] Estimated Timing Summary | WNS=-0.118 | TNS=-4.337 |
Netlist sorting complete. Time (s): cpu = 00:00:00 ; elapsed = 00:00:00.009 . Memory (MB): peak = 2644.430 ; gain = 0.000
Phase 27 Critical Pin Optimization | Checksum: eb057113

Time (s): cpu = 00:00:38 ; elapsed = 00:00:38 . Memory (MB): peak = 2644.430 ; gain = 17.906

Phase 28 Very High Fanout Optimization
INFO: [Physopt 32-1408] Pass 1. Identified 26 candidate nets for high-fanout optimization.
INFO: [Physopt 32-572] Net fastvit_bd_i/worker_0/inst/dwconv_worker_U/dataflow_in_loop_LOOP_DW_CH_1_U0/dwconv_process_channel4_U0/grp_dwconv_process_channel4_Pipeline_STORE_DW_OUT_fu_1559/ashr_32ns_32ns_32_2_1_U1980/SR[0] was not replicated.
Resolution: phys_opt_design can be forced to replicate a net driver using the option -force_replication_on_nets <list of net objects>.
INFO: [Physopt 32-81] Processed net fastvit_bd_i/worker_0/inst/dwconv_worker_U/dataflow_in_loop_LOOP_DW_CH_1_U0/dwconv_process_channel4_U0/ap_CS_fsm_state114. Replicated 3 times.
INFO: [Physopt 32-572] Net fastvit_bd_i/worker_0/inst/dwconv_worker_U/dataflow_in_loop_LOOP_DW_CH_1_U0/dwconv_process_channel4_U0/ap_CS_fsm_state124 was not replicated.
Resolution: phys_opt_design can be forced to replicate a net driver using the option -force_replication_on_nets <list of net objects>.
INFO: [Physopt 32-232] Optimized 1 net. Created 3 new instances.
INFO: [Physopt 32-775] End 1 Pass. Optimized 1 net or cell. Created 3 new cells, deleted 0 existing cell and moved 0 existing cell
INFO: [Physopt 32-619] Estimated Timing Summary | WNS=-0.118 | TNS=-4.337 |
Netlist sorting complete. Time (s): cpu = 00:00:00 ; elapsed = 00:00:00.062 . Memory (MB): peak = 2650.180 ; gain = 0.000
Phase 28 Very High Fanout Optimization | Checksum: 18de80293

Time (s): cpu = 00:00:42 ; elapsed = 00:00:42 . Memory (MB): peak = 2650.180 ; gain = 23.656

Phase 29 Single Cell Placement Optimization
INFO: [Physopt 32-660] Identified 250 candidate nets for placement-based optimization.
INFO: [Physopt 32-662] Processed net fastvit_bd_i/worker_0/inst/dwconv_worker_U/dataflow_in_loop_LOOP_DW_CH_1_U0/dwconv_process_channel4_U0/grp_dwconv_process_channel4_Pipeline_LOAD_DW_IN_fu_1093/ap_enable_reg_pp0_iter2.  Did not re-place instance fastvit_bd_i/worker_0/inst/dwconv_worker_U/dataflow_in_loop_LOOP_DW_CH_1_U0/dwconv_process_channel4_U0/grp_dwconv_process_channel4_Pipeline_LOAD_DW_IN_fu_1093/ap_enable_reg_pp0_iter2_reg
INFO: [Physopt 32-662] Processed net fastvit_bd_i/worker_0/inst/dwconv_worker_U/dataflow_in_loop_LOOP_DW_CH_1_U0/dwconv_process_channel4_U0/grp_dwconv_process_channel4_Pipeline_LOAD_DW_IN_fu_1093/ram_reg_i_128_n_0.  Did not re-place instance fastvit_bd_i/worker_0/inst/dwconv_worker_U/dataflow_in_loop_LOOP_DW_CH_1_U0/dwconv_process_channel4_U0/grp_dwconv_process_channel4_Pipeline_LOAD_DW_IN_fu_1093/ram_reg_i_128
INFO: [Physopt 32-662] Processed net fastvit_bd_i/worker_0/inst/dwconv_worker_U/dataflow_in_loop_LOOP_DW_CH_1_U0/dwconv_process_channel4_U0/grp_dwconv_process_channel4_Pipeline_LOAD_DW_IN_fu_1093/ram_reg_i_45__0_n_0.  Did not re-place instance fastvit_bd_i/worker_0/inst/dwconv_worker_U/dataflow_in_loop_LOOP_DW_CH_1_U0/dwconv_process_channel4_U0/grp_dwconv_process_channel4_Pipeline_LOAD_DW_IN_fu_1093/ram_reg_i_45__0
INFO: [Physopt 32-662] Processed net fastvit_bd_i/worker_0/inst/dwconv_worker_U/dataflow_in_loop_LOOP_DW_CH_1_U0/dwconv_process_channel4_U0/grp_dwconv_process_channel4_Pipeline_LOAD_DW_IN_fu_1093/add_ln221_1_reg_5839_reg[3]_12[0].  Did not re-place instance fastvit_bd_i/worker_0/inst/dwconv_worker_U/dataflow_in_loop_LOOP_DW_CH_1_U0/dwconv_process_channel4_U0/grp_dwconv_process_channel4_Pipeline_LOAD_DW_IN_fu_1093/ram_reg_i_10__15
INFO: [Physopt 32-662] Processed net fastvit_bd_i/worker_0/inst/dwconv_worker_U/dataflow_in_loop_LOOP_DW_CH_1_U0/dwconv_process_channel4_U0/grp_dwconv_process_channel4_Pipeline_LOAD_DW_IN_fu_1093/lshr_ln1_reg_5754[1]_repN_2.  Did not re-place instance fastvit_bd_i/worker_0/inst/dwconv_worker_U/dataflow_in_loop_LOOP_DW_CH_1_U0/dwconv_process_channel4_U0/grp_dwconv_process_channel4_Pipeline_LOAD_DW_IN_fu_1093/lshr_ln1_reg_5754_reg[1]_replica_2
INFO: [Physopt 32-662] Processed net fastvit_bd_i/worker_0/inst/dwconv_worker_U/dataflow_in_loop_LOOP_DW_CH_1_U0/dwconv_process_channel4_U0/grp_dwconv_process_channel4_Pipeline_LOAD_DW_IN_fu_1093/ram_reg_i_119_n_0.  Did not re-place instance fastvit_bd_i/worker_0/inst/dwconv_worker_U/dataflow_in_loop_LOOP_DW_CH_1_U0/dwconv_process_channel4_U0/grp_dwconv_process_channel4_Pipeline_LOAD_DW_IN_fu_1093/ram_reg_i_119
INFO: [Physopt 32-662] Processed net fastvit_bd_i/worker_0/inst/dwconv_worker_U/dataflow_in_loop_LOOP_DW_CH_1_U0/dwconv_process_channel4_U0/grp_dwconv_process_channel4_Pipeline_LOAD_DW_IN_fu_1093/ram_reg_i_40__1_n_0.  Did not re-place instance fastvit_bd_i/worker_0/inst/dwconv_worker_U/dataflow_in_loop_LOOP_DW_CH_1_U0/dwconv_process_channel4_U0/grp_dwconv_process_channel4_Pipeline_LOAD_DW_IN_fu_1093/ram_reg_i_40__1
INFO: [Physopt 32-662] Processed net fastvit_bd_i/worker_0/inst/dwconv_worker_U/dataflow_in_loop_LOOP_DW_CH_1_U0/dwconv_process_channel4_U0/grp_dwconv_process_channel4_Pipeline_LOAD_DW_IN_fu_1093/add_ln221_1_reg_5839_reg[3]_1[1].  Did not re-place instance fastvit_bd_i/worker_0/inst/dwconv_worker_U/dataflow_in_loop_LOOP_DW_CH_1_U0/dwconv_process_channel4_U0/grp_dwconv_process_channel4_Pipeline_LOAD_DW_IN_fu_1093/ram_reg_i_9__2
INFO: [Physopt 32-662] Processed net fastvit_bd_i/worker_0/inst/dwconv_worker_U/dataflow_in_loop_LOOP_DW_CH_1_U0/dwconv_process_channel4_U0/grp_dwconv_process_channel4_Pipeline_LOAD_DW_IN_fu_1093/ram_reg_i_101_n_0.  Did not re-place instance fastvit_bd_i/worker_0/inst/dwconv_worker_U/dataflow_in_loop_LOOP_DW_CH_1_U0/dwconv_process_channel4_U0/grp_dwconv_process_channel4_Pipeline_LOAD_DW_IN_fu_1093/ram_reg_i_101
INFO: [Physopt 32-662] Processed net fastvit_bd_i/worker_0/inst/dwconv_worker_U/dataflow_in_loop_LOOP_DW_CH_1_U0/dwconv_process_channel4_U0/grp_dwconv_process_channel4_Pipeline_LOAD_DW_IN_fu_1093/ram_reg_i_31__3_n_0.  Did not re-place instance fastvit_bd_i/worker_0/inst/dwconv_worker_U/dataflow_in_loop_LOOP_DW_CH_1_U0/dwconv_process_channel4_U0/grp_dwconv_process_channel4_Pipeline_LOAD_DW_IN_fu_1093/ram_reg_i_31__3
INFO: [Physopt 32-662] Processed net fastvit_bd_i/worker_0/inst/dwconv_worker_U/dataflow_in_loop_LOOP_DW_CH_1_U0/dwconv_process_channel4_U0/grp_dwconv_process_channel4_Pipeline_LOAD_DW_IN_fu_1093/add_ln221_1_reg_5839_reg[3]_3[2].  Did not re-place instance fastvit_bd_i/worker_0/inst/dwconv_worker_U/dataflow_in_loop_LOOP_DW_CH_1_U0/dwconv_process_channel4_U0/grp_dwconv_process_channel4_Pipeline_LOAD_DW_IN_fu_1093/ram_reg_i_9__4
INFO: [Physopt 32-662] Processed net fastvit_bd_i/worker_0/inst/dwconv_worker_U/dataflow_in_loop_LOOP_DW_CH_1_U0/dwconv_process_channel4_U0/grp_dwconv_process_channel4_Pipeline_LOAD_DW_IN_fu_1093/lshr_ln1_reg_5754[6].  Did not re-place instance fastvit_bd_i/worker_0/inst/dwconv_worker_U/dataflow_in_loop_LOOP_DW_CH_1_U0/dwconv_process_channel4_U0/grp_dwconv_process_channel4_Pipeline_LOAD_DW_IN_fu_1093/lshr_ln1_reg_5754_reg[6]
INFO: [Physopt 32-662] Processed net fastvit_bd_i/worker_0/inst/dwconv_worker_U/dataflow_in_loop_LOOP_DW_CH_1_U0/dwconv_process_channel4_U0/grp_dwconv_process_channel4_Pipeline_LOAD_DW_IN_fu_1093/ram_reg_i_20__3_n_0.  Did not re-place instance fastvit_bd_i/worker_0/inst/dwconv_worker_U/dataflow_in_loop_LOOP_DW_CH_1_U0/dwconv_process_channel4_U0/grp_dwconv_process_channel4_Pipeline_LOAD_DW_IN_fu_1093/ram_reg_i_20__3
INFO: [Physopt 32-662] Processed net fastvit_bd_i/worker_0/inst/dwconv_worker_U/dataflow_in_loop_LOOP_DW_CH_1_U0/dwconv_process_channel4_U0/grp_dwconv_process_channel4_Pipeline_LOAD_DW_IN_fu_1093/ram_reg_i_61_n_0.  Did not re-place instance fastvit_bd_i/worker_0/inst/dwconv_worker_U/dataflow_in_loop_LOOP_DW_CH_1_U0/dwconv_process_channel4_U0/grp_dwconv_process_channel4_Pipeline_LOAD_DW_IN_fu_1093/ram_reg_i_61
INFO: [Physopt 32-662] Processed net fastvit_bd_i/worker_0/inst/dwconv_worker_U/dataflow_in_loop_LOOP_DW_CH_1_U0/dwconv_process_channel4_U0/grp_dwconv_process_channel4_Pipeline_LOAD_DW_IN_fu_1093/ADDRBWRADDR[6].  Did not re-place instance fastvit_bd_i/worker_0/inst/dwconv_worker_U/dataflow_in_loop_LOOP_DW_CH_1_U0/dwconv_process_channel4_U0/grp_dwconv_process_channel4_Pipeline_LOAD_DW_IN_fu_1093/ram_reg_i_4__0
INFO: [Physopt 32-662] Processed net fastvit_bd_i/worker_0/inst/dwconv_worker_U/dataflow_in_loop_LOOP_DW_CH_1_U0/dwconv_process_channel4_U0/grp_dwconv_process_channel4_Pipeline_LOAD_DW_IN_fu_1093/ram_reg_i_121_n_0.  Did not re-place instance fastvit_bd_i/worker_0/inst/dwconv_worker_U/dataflow_in_loop_LOOP_DW_CH_1_U0/dwconv_process_channel4_U0/grp_dwconv_process_channel4_Pipeline_LOAD_DW_IN_fu_1093/ram_reg_i_121
INFO: [Physopt 32-662] Processed net fastvit_bd_i/worker_0/inst/dwconv_worker_U/dataflow_in_loop_LOOP_DW_CH_1_U0/dwconv_process_channel4_U0/grp_dwconv_process_channel4_Pipeline_LOAD_DW_IN_fu_1093/ram_reg_i_36__3_n_0.  Did not re-place instance fastvit_bd_i/worker_0/inst/dwconv_worker_U/dataflow_in_loop_LOOP_DW_CH_1_U0/dwconv_process_channel4_U0/grp_dwconv_process_channel4_Pipeline_LOAD_DW_IN_fu_1093/ram_reg_i_36__3
INFO: [Physopt 32-662] Processed net fastvit_bd_i/worker_0/inst/dwconv_worker_U/dataflow_in_loop_LOOP_DW_CH_1_U0/dwconv_process_channel4_U0/grp_dwconv_process_channel4_Pipeline_LOAD_DW_IN_fu_1093/add_ln221_1_reg_5839_reg[3]_3[1].  Did not re-place instance fastvit_bd_i/worker_0/inst/dwconv_worker_U/dataflow_in_loop_LOOP_DW_CH_1_U0/dwconv_process_channel4_U0/grp_dwconv_process_channel4_Pipeline_LOAD_DW_IN_fu_1093/ram_reg_i_10__4
INFO: [Physopt 32-662] Processed net fastvit_bd_i/worker_0/inst/dwconv_worker_U/dataflow_in_loop_LOOP_DW_CH_1_U0/dwconv_process_channel4_U0/grp_dwconv_process_channel4_Pipeline_LOAD_DW_IN_fu_1093/ram_reg_i_129_n_0.  Did not re-place instance fastvit_bd_i/worker_0/inst/dwconv_worker_U/dataflow_in_loop_LOOP_DW_CH_1_U0/dwconv_process_channel4_U0/grp_dwconv_process_channel4_Pipeline_LOAD_DW_IN_fu_1093/ram_reg_i_129
INFO: [Physopt 32-662] Processed net fastvit_bd_i/worker_0/inst/dwconv_worker_U/dataflow_in_loop_LOOP_DW_CH_1_U0/dwconv_process_channel4_U0/grp_dwconv_process_channel4_Pipeline_LOAD_DW_IN_fu_1093/ram_reg_i_126_n_0.  Did not re-place instance fastvit_bd_i/worker_0/inst/dwconv_worker_U/dataflow_in_loop_LOOP_DW_CH_1_U0/dwconv_process_channel4_U0/grp_dwconv_process_channel4_Pipeline_LOAD_DW_IN_fu_1093/ram_reg_i_126
INFO: [Physopt 32-662] Processed net fastvit_bd_i/worker_0/inst/dwconv_worker_U/dataflow_in_loop_LOOP_DW_CH_1_U0/dwconv_process_channel4_U0/grp_dwconv_process_channel4_Pipeline_LOAD_DW_IN_fu_1093/lshr_ln1_reg_5754[4].  Did not re-place instance fastvit_bd_i/worker_0/inst/dwconv_worker_U/dataflow_in_loop_LOOP_DW_CH_1_U0/dwconv_process_channel4_U0/grp_dwconv_process_channel4_Pipeline_LOAD_DW_IN_fu_1093/lshr_ln1_reg_5754_reg[4]
INFO: [Physopt 32-662] Processed net fastvit_bd_i/worker_0/inst/dwconv_worker_U/dataflow_in_loop_LOOP_DW_CH_1_U0/dwconv_process_channel4_U0/grp_dwconv_process_channel4_Pipeline_LOAD_DW_IN_fu_1093/ram_reg_i_80_n_0.  Did not re-place instance fastvit_bd_i/worker_0/inst/dwconv_worker_U/dataflow_in_loop_LOOP_DW_CH_1_U0/dwconv_process_channel4_U0/grp_dwconv_process_channel4_Pipeline_LOAD_DW_IN_fu_1093/ram_reg_i_80
INFO: [Physopt 32-662] Processed net fastvit_bd_i/worker_0/inst/dwconv_worker_U/dataflow_in_loop_LOOP_DW_CH_1_U0/dwconv_process_channel4_U0/grp_dwconv_process_channel4_Pipeline_LOAD_DW_IN_fu_1093/ram_reg_i_29__0_n_0.  Did not re-place instance fastvit_bd_i/worker_0/inst/dwconv_worker_U/dataflow_in_loop_LOOP_DW_CH_1_U0/dwconv_process_channel4_U0/grp_dwconv_process_channel4_Pipeline_LOAD_DW_IN_fu_1093/ram_reg_i_29__0
INFO: [Physopt 32-662] Processed net fastvit_bd_i/worker_0/inst/dwconv_worker_U/dataflow_in_loop_LOOP_DW_CH_1_U0/dwconv_process_channel4_U0/grp_dwconv_process_channel4_Pipeline_LOAD_DW_IN_fu_1093/add_ln221_1_reg_5839_reg[3]_10[4].  Did not re-place instance fastvit_bd_i/worker_0/inst/dwconv_worker_U/dataflow_in_loop_LOOP_DW_CH_1_U0/dwconv_process_channel4_U0/grp_dwconv_process_channel4_Pipeline_LOAD_DW_IN_fu_1093/ram_reg_i_7__5
INFO: [Physopt 32-662] Processed net fastvit_bd_i/worker_0/inst/dwconv_worker_U/dataflow_in_loop_LOOP_DW_CH_1_U0/dwconv_process_channel4_U0/grp_dwconv_process_channel4_Pipeline_LOAD_DW_IN_fu_1093/ram_reg_i_32__3_n_0.  Did not re-place instance fastvit_bd_i/worker_0/inst/dwconv_worker_U/dataflow_in_loop_LOOP_DW_CH_1_U0/dwconv_process_channel4_U0/grp_dwconv_process_channel4_Pipeline_LOAD_DW_IN_fu_1093/ram_reg_i_32__3
INFO: [Physopt 32-662] Processed net fastvit_bd_i/worker_0/inst/dwconv_worker_U/dataflow_in_loop_LOOP_DW_CH_1_U0/dwconv_process_channel4_U0/grp_dwconv_process_channel4_Pipeline_LOAD_DW_IN_fu_1093/ram_reg_i_105_n_0.  Did not re-place instance fastvit_bd_i/worker_0/inst/dwconv_worker_U/dataflow_in_loop_LOOP_DW_CH_1_U0/dwconv_process_channel4_U0/grp_dwconv_process_channel4_Pipeline_LOAD_DW_IN_fu_1093/ram_reg_i_105
INFO: [Physopt 32-662] Processed net fastvit_bd_i/worker_0/inst/dwconv_worker_U/dataflow_in_loop_LOOP_DW_CH_1_U0/dwconv_process_channel4_U0/grp_dwconv_process_channel4_Pipeline_LOAD_DW_IN_fu_1093/ram_reg_i_13__4_n_0.  Did not re-place instance fastvit_bd_i/worker_0/inst/dwconv_worker_U/dataflow_in_loop_LOOP_DW_CH_1_U0/dwconv_process_channel4_U0/grp_dwconv_process_channel4_Pipeline_LOAD_DW_IN_fu_1093/ram_reg_i_13__4
INFO: [Physopt 32-662] Processed net fastvit_bd_i/worker_0/inst/dwconv_worker_U/dataflow_in_loop_LOOP_DW_CH_1_U0/dwconv_process_channel4_U0/grp_dwconv_process_channel4_Pipeline_LOAD_DW_IN_fu_1093/ram_reg_i_23__3_n_0.  Did not re-place instance fastvit_bd_i/worker_0/inst/dwconv_worker_U/dataflow_in_loop_LOOP_DW_CH_1_U0/dwconv_process_channel4_U0/grp_dwconv_process_channel4_Pipeline_LOAD_DW_IN_fu_1093/ram_reg_i_23__3
INFO: [Physopt 32-662] Processed net fastvit_bd_i/worker_0/inst/dwconv_worker_U/dataflow_in_loop_LOOP_DW_CH_1_U0/dwconv_process_channel4_U0/grp_dwconv_process_channel4_Pipeline_LOAD_DW_IN_fu_1093/add_ln221_1_reg_5839_reg[3]_10[5].  Did not re-place instance fastvit_bd_i/worker_0/inst/dwconv_worker_U/dataflow_in_loop_LOOP_DW_CH_1_U0/dwconv_process_channel4_U0/grp_dwconv_process_channel4_Pipeline_LOAD_DW_IN_fu_1093/ram_reg_i_6__5
INFO: [Physopt 32-662] Processed net fastvit_bd_i/worker_0/inst/dwconv_worker_U/dataflow_in_loop_LOOP_DW_CH_1_U0/dwconv_process_channel4_U0/grp_dwconv_process_channel4_Pipeline_LOAD_DW_IN_fu_1093/ram_reg_i_109_n_0.  Did not re-place instance fastvit_bd_i/worker_0/inst/dwconv_worker_U/dataflow_in_loop_LOOP_DW_CH_1_U0/dwconv_process_channel4_U0/grp_dwconv_process_channel4_Pipeline_LOAD_DW_IN_fu_1093/ram_reg_i_109
INFO: [Physopt 32-662] Processed net fastvit_bd_i/worker_0/inst/dwconv_worker_U/dataflow_in_loop_LOOP_DW_CH_1_U0/dwconv_process_channel4_U0/grp_dwconv_process_channel4_Pipeline_LOAD_DW_IN_fu_1093/ram_reg_i_33__3_n_0.  Did not re-place instance fastvit_bd_i/worker_0/inst/dwconv_worker_U/dataflow_in_loop_LOOP_DW_CH_1_U0/dwconv_process_channel4_U0/grp_dwconv_process_channel4_Pipeline_LOAD_DW_IN_fu_1093/ram_reg_i_33__3
INFO: [Physopt 32-662] Processed net fastvit_bd_i/worker_0/inst/dwconv_worker_U/dataflow_in_loop_LOOP_DW_CH_1_U0/dwconv_process_channel4_U0/grp_dwconv_process_channel4_Pipeline_LOAD_DW_IN_fu_1093/add_ln221_1_reg_5839_reg[3]_6[0].  Did not re-place instance fastvit_bd_i/worker_0/inst/dwconv_worker_U/dataflow_in_loop_LOOP_DW_CH_1_U0/dwconv_process_channel4_U0/grp_dwconv_process_channel4_Pipeline_LOAD_DW_IN_fu_1093/ram_reg_i_10__10
INFO: [Physopt 32-662] Processed net fastvit_bd_i/worker_0/inst/dwconv_worker_U/dataflow_in_loop_LOOP_DW_CH_1_U0/dwconv_process_channel4_U0/grp_dwconv_process_channel4_Pipeline_LOAD_DW_IN_fu_1093/lshr_ln1_reg_5754_reg[7]_0[2].  Did not re-place instance fastvit_bd_i/worker_0/inst/dwconv_worker_U/dataflow_in_loop_LOOP_DW_CH_1_U0/dwconv_process_channel4_U0/grp_dwconv_process_channel4_Pipeline_LOAD_DW_IN_fu_1093/ram_reg_i_8__6
INFO: [Physopt 32-662] Processed net fastvit_bd_i/worker_0/inst/dwconv_worker_U/dataflow_in_loop_LOOP_DW_CH_1_U0/dwconv_process_channel4_U0/grp_dwconv_process_channel4_Pipeline_LOAD_DW_IN_fu_1093/lshr_ln1_reg_5754[5].  Did not re-place instance fastvit_bd_i/worker_0/inst/dwconv_worker_U/dataflow_in_loop_LOOP_DW_CH_1_U0/dwconv_process_channel4_U0/grp_dwconv_process_channel4_Pipeline_LOAD_DW_IN_fu_1093/lshr_ln1_reg_5754_reg[5]
INFO: [Physopt 32-662] Processed net fastvit_bd_i/worker_0/inst/dwconv_worker_U/dataflow_in_loop_LOOP_DW_CH_1_U0/dwconv_process_channel4_U0/grp_dwconv_process_channel4_Pipeline_LOAD_DW_IN_fu_1093/ram_reg_i_22__2_n_0.  Did not re-place instance fastvit_bd_i/worker_0/inst/dwconv_worker_U/dataflow_in_loop_LOOP_DW_CH_1_U0/dwconv_process_channel4_U0/grp_dwconv_process_channel4_Pipeline_LOAD_DW_IN_fu_1093/ram_reg_i_22__2
INFO: [Physopt 32-662] Processed net fastvit_bd_i/worker_0/inst/dwconv_worker_U/dataflow_in_loop_LOOP_DW_CH_1_U0/dwconv_process_channel4_U0/grp_dwconv_process_channel4_Pipeline_LOAD_DW_IN_fu_1093/ram_reg_i_65_n_0.  Did not re-place instance fastvit_bd_i/worker_0/inst/dwconv_worker_U/dataflow_in_loop_LOOP_DW_CH_1_U0/dwconv_process_channel4_U0/grp_dwconv_process_channel4_Pipeline_LOAD_DW_IN_fu_1093/ram_reg_i_65
INFO: [Physopt 32-662] Processed net fastvit_bd_i/worker_0/inst/dwconv_worker_U/dataflow_in_loop_LOOP_DW_CH_1_U0/dwconv_process_channel4_U0/grp_dwconv_process_channel4_Pipeline_LOAD_DW_IN_fu_1093/lshr_ln1_reg_5754_reg[7]_1[5].  Did not re-place instance fastvit_bd_i/worker_0/inst/dwconv_worker_U/dataflow_in_loop_LOOP_DW_CH_1_U0/dwconv_process_channel4_U0/grp_dwconv_process_channel4_Pipeline_LOAD_DW_IN_fu_1093/ram_reg_i_5__8
INFO: [Physopt 32-662] Processed net fastvit_bd_i/worker_0/inst/dwconv_worker_U/dataflow_in_loop_LOOP_DW_CH_1_U0/dwconv_process_channel4_U0/grp_dwconv_process_channel4_Pipeline_LOAD_DW_IN_fu_1093/ram_reg_i_37__0_n_0.  Did not re-place instance fastvit_bd_i/worker_0/inst/dwconv_worker_U/dataflow_in_loop_LOOP_DW_CH_1_U0/dwconv_process_channel4_U0/grp_dwconv_process_channel4_Pipeline_LOAD_DW_IN_fu_1093/ram_reg_i_37__0
INFO: [Physopt 32-662] Processed net fastvit_bd_i/worker_0/inst/dwconv_worker_U/dataflow_in_loop_LOOP_DW_CH_1_U0/dwconv_process_channel4_U0/grp_dwconv_process_channel4_Pipeline_LOAD_DW_IN_fu_1093/add_ln221_1_reg_5839_reg[3]_10[2].  Did not re-place instance fastvit_bd_i/worker_0/inst/dwconv_worker_U/dataflow_in_loop_LOOP_DW_CH_1_U0/dwconv_process_channel4_U0/grp_dwconv_process_channel4_Pipeline_LOAD_DW_IN_fu_1093/ram_reg_i_9__5
INFO: [Physopt 32-662] Processed net fastvit_bd_i/worker_0/inst/dwconv_worker_U/dataflow_in_loop_LOOP_DW_CH_1_U0/dwconv_process_channel4_U0/grp_dwconv_process_channel4_Pipeline_LOAD_DW_IN_fu_1093/ram_reg_i_33__1_n_0.  Did not re-place instance fastvit_bd_i/worker_0/inst/dwconv_worker_U/dataflow_in_loop_LOOP_DW_CH_1_U0/dwconv_process_channel4_U0/grp_dwconv_process_channel4_Pipeline_LOAD_DW_IN_fu_1093/ram_reg_i_33__1
INFO: [Physopt 32-662] Processed net fastvit_bd_i/worker_0/inst/dwconv_worker_U/dataflow_in_loop_LOOP_DW_CH_1_U0/dwconv_process_channel4_U0/grp_dwconv_process_channel4_Pipeline_LOAD_DW_IN_fu_1093/ram_reg_i_96_n_0.  Did not re-place instance fastvit_bd_i/worker_0/inst/dwconv_worker_U/dataflow_in_loop_LOOP_DW_CH_1_U0/dwconv_process_channel4_U0/grp_dwconv_process_channel4_Pipeline_LOAD_DW_IN_fu_1093/ram_reg_i_96
INFO: [Physopt 32-662] Processed net fastvit_bd_i/worker_0/inst/dwconv_worker_U/dataflow_in_loop_LOOP_DW_CH_1_U0/dwconv_process_channel4_U0/grp_dwconv_process_channel4_Pipeline_LOAD_DW_IN_fu_1093/add_ln221_1_reg_5839_reg[3]_7[3].  Did not re-place instance fastvit_bd_i/worker_0/inst/dwconv_worker_U/dataflow_in_loop_LOOP_DW_CH_1_U0/dwconv_process_channel4_U0/grp_dwconv_process_channel4_Pipeline_LOAD_DW_IN_fu_1093/ram_reg_i_7__11
INFO: [Physopt 32-662] Processed net fastvit_bd_i/worker_0/inst/dwconv_worker_U/dataflow_in_loop_LOOP_DW_CH_1_U0/dwconv_process_channel4_U0/grp_dwconv_process_channel4_Pipeline_LOAD_DW_IN_fu_1093/add_ln221_1_reg_5839_pp0_iter2_reg_reg[3]_43.  Did not re-place instance fastvit_bd_i/worker_0/inst/dwconv_worker_U/dataflow_in_loop_LOOP_DW_CH_1_U0/dwconv_process_channel4_U0/grp_dwconv_process_channel4_Pipeline_LOAD_DW_IN_fu_1093/p_ZL9dw_in_buf_0_2[0]_i_1
INFO: [Physopt 32-662] Processed net fastvit_bd_i/worker_0/inst/dwconv_worker_U/dataflow_in_loop_LOOP_DW_CH_1_U0/dwconv_process_channel4_U0/grp_dwconv_process_channel4_Pipeline_LOAD_DW_IN_fu_1093/p_ZL9dw_in_buf_0_2[0]_i_3_n_0.  Did not re-place instance fastvit_bd_i/worker_0/inst/dwconv_worker_U/dataflow_in_loop_LOOP_DW_CH_1_U0/dwconv_process_channel4_U0/grp_dwconv_process_channel4_Pipeline_LOAD_DW_IN_fu_1093/p_ZL9dw_in_buf_0_2[0]_i_3
INFO: [Physopt 32-662] Processed net fastvit_bd_i/worker_0/inst/dwconv_worker_U/dataflow_in_loop_LOOP_DW_CH_1_U0/dwconv_process_channel4_U0/grp_dwconv_process_channel4_Pipeline_LOAD_DW_IN_fu_1093/lshr_ln1_reg_5754[7].  Did not re-place instance fastvit_bd_i/worker_0/inst/dwconv_worker_U/dataflow_in_loop_LOOP_DW_CH_1_U0/dwconv_process_channel4_U0/grp_dwconv_process_channel4_Pipeline_LOAD_DW_IN_fu_1093/lshr_ln1_reg_5754_reg[7]
INFO: [Physopt 32-662] Processed net fastvit_bd_i/worker_0/inst/dwconv_worker_U/dataflow_in_loop_LOOP_DW_CH_1_U0/dwconv_process_channel4_U0/grp_dwconv_process_channel4_Pipeline_LOAD_DW_IN_fu_1093/ram_reg_i_16__2_n_0.  Did not re-place instance fastvit_bd_i/worker_0/inst/dwconv_worker_U/dataflow_in_loop_LOOP_DW_CH_1_U0/dwconv_process_channel4_U0/grp_dwconv_process_channel4_Pipeline_LOAD_DW_IN_fu_1093/ram_reg_i_16__2
INFO: [Physopt 32-662] Processed net fastvit_bd_i/worker_0/inst/dwconv_worker_U/dataflow_in_loop_LOOP_DW_CH_1_U0/dwconv_process_channel4_U0/grp_dwconv_process_channel4_Pipeline_LOAD_DW_IN_fu_1093/ram_reg_i_44_n_0.  Did not re-place instance fastvit_bd_i/worker_0/inst/dwconv_worker_U/dataflow_in_loop_LOOP_DW_CH_1_U0/dwconv_process_channel4_U0/grp_dwconv_process_channel4_Pipeline_LOAD_DW_IN_fu_1093/ram_reg_i_44
INFO: [Physopt 32-662] Processed net fastvit_bd_i/worker_0/inst/dwconv_worker_U/dataflow_in_loop_LOOP_DW_CH_1_U0/dwconv_process_channel4_U0/grp_dwconv_process_channel4_Pipeline_LOAD_DW_IN_fu_1093/add_ln221_1_reg_5839_reg[3]_5[7].  Did not re-place instance fastvit_bd_i/worker_0/inst/dwconv_worker_U/dataflow_in_loop_LOOP_DW_CH_1_U0/dwconv_process_channel4_U0/grp_dwconv_process_channel4_Pipeline_LOAD_DW_IN_fu_1093/ram_reg_i_3__19
INFO: [Physopt 32-662] Processed net fastvit_bd_i/worker_0/inst/dwconv_worker_U/dataflow_in_loop_LOOP_DW_CH_1_U0/dwconv_process_channel4_U0/grp_dwconv_process_channel4_Pipeline_LOAD_DW_IN_fu_1093/add_ln221_1_reg_5839_reg[3]_4[2].  Did not re-place instance fastvit_bd_i/worker_0/inst/dwconv_worker_U/dataflow_in_loop_LOOP_DW_CH_1_U0/dwconv_process_channel4_U0/grp_dwconv_process_channel4_Pipeline_LOAD_DW_IN_fu_1093/ram_reg_i_8__7
INFO: [Physopt 32-662] Processed net fastvit_bd_i/worker_0/inst/dwconv_worker_U/dataflow_in_loop_LOOP_DW_CH_1_U0/dwconv_process_channel4_U0/grp_dwconv_process_channel4_Pipeline_LOAD_DW_IN_fu_1093/lshr_ln1_reg_5754[2].  Did not re-place instance fastvit_bd_i/worker_0/inst/dwconv_worker_U/dataflow_in_loop_LOOP_DW_CH_1_U0/dwconv_process_channel4_U0/grp_dwconv_process_channel4_Pipeline_LOAD_DW_IN_fu_1093/lshr_ln1_reg_5754_reg[2]
INFO: [Physopt 32-662] Processed net fastvit_bd_i/worker_0/inst/dwconv_worker_U/dataflow_in_loop_LOOP_DW_CH_1_U0/dwconv_process_channel4_U0/grp_dwconv_process_channel4_Pipeline_LOAD_DW_IN_fu_1093/ram_reg_i_106_n_0.  Did not re-place instance fastvit_bd_i/worker_0/inst/dwconv_worker_U/dataflow_in_loop_LOOP_DW_CH_1_U0/dwconv_process_channel4_U0/grp_dwconv_process_channel4_Pipeline_LOAD_DW_IN_fu_1093/ram_reg_i_106
INFO: [Physopt 32-662] Processed net fastvit_bd_i/worker_0/inst/dwconv_worker_U/dataflow_in_loop_LOOP_DW_CH_1_U0/dwconv_process_channel4_U0/grp_dwconv_process_channel4_Pipeline_LOAD_DW_IN_fu_1093/ram_reg_i_83_n_0.  Did not re-place instance fastvit_bd_i/worker_0/inst/dwconv_worker_U/dataflow_in_loop_LOOP_DW_CH_1_U0/dwconv_process_channel4_U0/grp_dwconv_process_channel4_Pipeline_LOAD_DW_IN_fu_1093/ram_reg_i_83
INFO: [Physopt 32-662] Processed net fastvit_bd_i/worker_0/inst/dwconv_worker_U/dataflow_in_loop_LOOP_DW_CH_1_U0/dwconv_process_channel4_U0/grp_dwconv_process_channel4_Pipeline_LOAD_DW_IN_fu_1093/ram_reg_i_28__1_n_0.  Did not re-place instance fastvit_bd_i/worker_0/inst/dwconv_worker_U/dataflow_in_loop_LOOP_DW_CH_1_U0/dwconv_process_channel4_U0/grp_dwconv_process_channel4_Pipeline_LOAD_DW_IN_fu_1093/ram_reg_i_28__1
INFO: [Physopt 32-662] Processed net fastvit_bd_i/worker_0/inst/dwconv_worker_U/dataflow_in_loop_LOOP_DW_CH_1_U0/dwconv_process_channel4_U0/grp_dwconv_process_channel4_Pipeline_LOAD_DW_IN_fu_1093/add_ln221_1_reg_5839_reg[3]_6[4].  Did not re-place instance fastvit_bd_i/worker_0/inst/dwconv_worker_U/dataflow_in_loop_LOOP_DW_CH_1_U0/dwconv_process_channel4_U0/grp_dwconv_process_channel4_Pipeline_LOAD_DW_IN_fu_1093/ram_reg_i_6__10
INFO: [Physopt 32-662] Processed net fastvit_bd_i/worker_0/inst/dwconv_worker_U/dataflow_in_loop_LOOP_DW_CH_1_U0/dwconv_process_channel4_U0/grp_dwconv_process_channel4_Pipeline_LOAD_DW_IN_fu_1093/lshr_ln1_reg_5754[0]_repN.  Did not re-place instance fastvit_bd_i/worker_0/inst/dwconv_worker_U/dataflow_in_loop_LOOP_DW_CH_1_U0/dwconv_process_channel4_U0/grp_dwconv_process_channel4_Pipeline_LOAD_DW_IN_fu_1093/lshr_ln1_reg_5754_reg[0]_replica
INFO: [Physopt 32-662] Processed net fastvit_bd_i/worker_0/inst/dwconv_worker_U/dataflow_in_loop_LOOP_DW_CH_1_U0/dwconv_process_channel4_U0/grp_dwconv_process_channel4_Pipeline_LOAD_DW_IN_fu_1093/ram_reg_i_37__3_n_0.  Did not re-place instance fastvit_bd_i/worker_0/inst/dwconv_worker_U/dataflow_in_loop_LOOP_DW_CH_1_U0/dwconv_process_channel4_U0/grp_dwconv_process_channel4_Pipeline_LOAD_DW_IN_fu_1093/ram_reg_i_37__3
INFO: [Physopt 32-662] Processed net fastvit_bd_i/worker_0/inst/dwconv_worker_U/dataflow_in_loop_LOOP_DW_CH_1_U0/dwconv_process_channel4_U0/grp_dwconv_process_channel4_Pipeline_LOAD_DW_IN_fu_1093/ram_reg_i_127_n_0.  Did not re-place instance fastvit_bd_i/worker_0/inst/dwconv_worker_U/dataflow_in_loop_LOOP_DW_CH_1_U0/dwconv_process_channel4_U0/grp_dwconv_process_channel4_Pipeline_LOAD_DW_IN_fu_1093/ram_reg_i_127
INFO: [Physopt 32-662] Processed net fastvit_bd_i/worker_0/inst/dwconv_worker_U/dataflow_in_loop_LOOP_DW_CH_1_U0/dwconv_process_channel4_U0/grp_dwconv_process_channel4_Pipeline_LOAD_DW_IN_fu_1093/add_ln221_1_reg_5839_reg[3]_3[0].  Did not re-place instance fastvit_bd_i/worker_0/inst/dwconv_worker_U/dataflow_in_loop_LOOP_DW_CH_1_U0/dwconv_process_channel4_U0/grp_dwconv_process_channel4_Pipeline_LOAD_DW_IN_fu_1093/ram_reg_i_11__1
INFO: [Physopt 32-662] Processed net fastvit_bd_i/worker_0/inst/dwconv_worker_U/dataflow_in_loop_LOOP_DW_CH_1_U0/dwconv_process_channel4_U0/grp_dwconv_process_channel4_Pipeline_LOAD_DW_IN_fu_1093/ram_reg_i_23__2_n_0.  Did not re-place instance fastvit_bd_i/worker_0/inst/dwconv_worker_U/dataflow_in_loop_LOOP_DW_CH_1_U0/dwconv_process_channel4_U0/grp_dwconv_process_channel4_Pipeline_LOAD_DW_IN_fu_1093/ram_reg_i_23__2
INFO: [Physopt 32-662] Processed net fastvit_bd_i/worker_0/inst/dwconv_worker_U/dataflow_in_loop_LOOP_DW_CH_1_U0/dwconv_process_channel4_U0/grp_dwconv_process_channel4_Pipeline_LOAD_DW_IN_fu_1093/ram_reg_i_69_n_0.  Did not re-place instance fastvit_bd_i/worker_0/inst/dwconv_worker_U/dataflow_in_loop_LOOP_DW_CH_1_U0/dwconv_process_channel4_U0/grp_dwconv_process_channel4_Pipeline_LOAD_DW_IN_fu_1093/ram_reg_i_69
INFO: [Physopt 32-662] Processed net fastvit_bd_i/sc_main/inst/s01_nodes/s01_r_node/inst/inst_mi_handler/gen_normal_area.gen_node_prog_full.inst_node_prog_full/gen_xpm_memory_fifo.inst_fifo/gen_wr.inst_wr_addra_p1/areset_r_reg.  Did not re-place instance fastvit_bd_i/sc_main/inst/s01_nodes/s01_r_node/inst/inst_mi_handler/gen_normal_area.gen_node_prog_full.inst_node_prog_full/gen_xpm_memory_fifo.inst_fifo/gen_wr.inst_wr_addra_p1/gen_wr.afull_r_i_1
INFO: [Physopt 32-662] Processed net fastvit_bd_i/sc_main/inst/s01_nodes/s01_r_node/inst/inst_mi_handler/gen_normal_area.gen_node_prog_full.inst_node_prog_full/gen_xpm_memory_fifo.inst_fifo/gen_wr.inst_wr_addra_p1/gen_wr.afull_r_i_5_n_0.  Did not re-place instance fastvit_bd_i/sc_main/inst/s01_nodes/s01_r_node/inst/inst_mi_handler/gen_normal_area.gen_node_prog_full.inst_node_prog_full/gen_xpm_memory_fifo.inst_fifo/gen_wr.inst_wr_addra_p1/gen_wr.afull_r_i_5
INFO: [Physopt 32-662] Processed net fastvit_bd_i/sc_main/inst/s01_nodes/s01_r_node/inst/inst_mi_handler/gen_normal_area.gen_node_prog_full.inst_node_prog_full/gen_xpm_memory_fifo.inst_fifo/gen_wr.afull_r.  Did not re-place instance fastvit_bd_i/sc_main/inst/s01_nodes/s01_r_node/inst/inst_mi_handler/gen_normal_area.gen_node_prog_full.inst_node_prog_full/gen_xpm_memory_fifo.inst_fifo/gen_wr.afull_r_reg
INFO: [Physopt 32-662] Processed net fastvit_bd_i/worker_0/inst/ctrl_s_axi_U/int_out_shift_reg[31]_0[0].  Did not re-place instance fastvit_bd_i/worker_0/inst/ctrl_s_axi_U/int_out_shift_reg[0]
INFO: [Physopt 32-662] Processed net fastvit_bd_i/worker_0/inst/dwconv_worker_U/dataflow_in_loop_LOOP_DW_CH_1_U0/dwconv_process_channel4_U0/grp_dwconv_process_channel4_Pipeline_LOAD_DW_IN_fu_1093/lshr_ln1_reg_5754[6]_repN.  Did not re-place instance fastvit_bd_i/worker_0/inst/dwconv_worker_U/dataflow_in_loop_LOOP_DW_CH_1_U0/dwconv_process_channel4_U0/grp_dwconv_process_channel4_Pipeline_LOAD_DW_IN_fu_1093/lshr_ln1_reg_5754_reg[6]_replica
INFO: [Physopt 32-662] Processed net fastvit_bd_i/worker_0/inst/dwconv_worker_U/dataflow_in_loop_LOOP_DW_CH_1_U0/dwconv_process_channel4_U0/grp_dwconv_process_channel4_Pipeline_LOAD_DW_IN_fu_1093/ram_reg_i_59_n_0.  Did not re-place instance fastvit_bd_i/worker_0/inst/dwconv_worker_U/dataflow_in_loop_LOOP_DW_CH_1_U0/dwconv_process_channel4_U0/grp_dwconv_process_channel4_Pipeline_LOAD_DW_IN_fu_1093/ram_reg_i_59
INFO: [Physopt 32-662] Processed net fastvit_bd_i/worker_0/inst/dwconv_worker_U/dataflow_in_loop_LOOP_DW_CH_1_U0/dwconv_process_channel4_U0/grp_dwconv_process_channel4_Pipeline_LOAD_DW_IN_fu_1093/ram_reg_i_66_n_0.  Did not re-place instance fastvit_bd_i/worker_0/inst/dwconv_worker_U/dataflow_in_loop_LOOP_DW_CH_1_U0/dwconv_process_channel4_U0/grp_dwconv_process_channel4_Pipeline_LOAD_DW_IN_fu_1093/ram_reg_i_66
INFO: [Physopt 32-662] Processed net fastvit_bd_i/worker_0/inst/dwconv_worker_U/dataflow_in_loop_LOOP_DW_CH_1_U0/dwconv_process_channel4_U0/grp_dwconv_process_channel4_Pipeline_LOAD_DW_IN_fu_1093/ram_reg_i_25__0_n_0.  Did not re-place instance fastvit_bd_i/worker_0/inst/dwconv_worker_U/dataflow_in_loop_LOOP_DW_CH_1_U0/dwconv_process_channel4_U0/grp_dwconv_process_channel4_Pipeline_LOAD_DW_IN_fu_1093/ram_reg_i_25__0
INFO: [Physopt 32-662] Processed net fastvit_bd_i/worker_0/inst/dwconv_worker_U/dataflow_in_loop_LOOP_DW_CH_1_U0/dwconv_process_channel4_U0/grp_dwconv_process_channel4_Pipeline_LOAD_DW_IN_fu_1093/ram_reg_i_45_n_0.  Did not re-place instance fastvit_bd_i/worker_0/inst/dwconv_worker_U/dataflow_in_loop_LOOP_DW_CH_1_U0/dwconv_process_channel4_U0/grp_dwconv_process_channel4_Pipeline_LOAD_DW_IN_fu_1093/ram_reg_i_45
INFO: [Physopt 32-662] Processed net fastvit_bd_i/worker_0/inst/dwconv_worker_U/dataflow_in_loop_LOOP_DW_CH_1_U0/dwconv_process_channel4_U0/grp_dwconv_process_channel4_Pipeline_LOAD_DW_IN_fu_1093/ram_reg_i_99_n_0.  Did not re-place instance fastvit_bd_i/worker_0/inst/dwconv_worker_U/dataflow_in_loop_LOOP_DW_CH_1_U0/dwconv_process_channel4_U0/grp_dwconv_process_channel4_Pipeline_LOAD_DW_IN_fu_1093/ram_reg_i_99
INFO: [Physopt 32-662] Processed net fastvit_bd_i/worker_0/inst/dwconv_worker_U/dataflow_in_loop_LOOP_DW_CH_1_U0/dwconv_process_channel4_U0/grp_dwconv_process_channel4_Pipeline_LOAD_DW_IN_fu_1093/ram_reg_i_17__1_n_0.  Did not re-place instance fastvit_bd_i/worker_0/inst/dwconv_worker_U/dataflow_in_loop_LOOP_DW_CH_1_U0/dwconv_process_channel4_U0/grp_dwconv_process_channel4_Pipeline_LOAD_DW_IN_fu_1093/ram_reg_i_17__1
INFO: [Physopt 32-662] Processed net fastvit_bd_i/worker_0/inst/dwconv_worker_U/dataflow_in_loop_LOOP_DW_CH_1_U0/dwconv_process_channel4_U0/grp_dwconv_process_channel4_Pipeline_LOAD_DW_IN_fu_1093/lshr_ln1_reg_5754[3]_repN_2.  Did not re-place instance fastvit_bd_i/worker_0/inst/dwconv_worker_U/dataflow_in_loop_LOOP_DW_CH_1_U0/dwconv_process_channel4_U0/grp_dwconv_process_channel4_Pipeline_LOAD_DW_IN_fu_1093/lshr_ln1_reg_5754_reg[3]_replica_2
INFO: [Physopt 32-662] Processed net fastvit_bd_i/worker_0/inst/dwconv_worker_U/dataflow_in_loop_LOOP_DW_CH_1_U0/dwconv_process_channel4_U0/grp_dwconv_process_channel4_Pipeline_LOAD_DW_IN_fu_1093/add_ln221_1_reg_5839_reg[3]_4[7].  Did not re-place instance fastvit_bd_i/worker_0/inst/dwconv_worker_U/dataflow_in_loop_LOOP_DW_CH_1_U0/dwconv_process_channel4_U0/grp_dwconv_process_channel4_Pipeline_LOAD_DW_IN_fu_1093/ram_reg_i_3__17
INFO: [Physopt 32-662] Processed net fastvit_bd_i/ps_ctrl_ic/xbar/inst/gen_sasd.crossbar_sasd_0/m_atarget_hot[0].  Did not re-place instance fastvit_bd_i/ps_ctrl_ic/xbar/inst/gen_sasd.crossbar_sasd_0/m_atarget_hot_reg[0]
INFO: [Physopt 32-662] Processed net fastvit_bd_i/worker_0/inst/control_s_axi_U/s_axi_control_RDATA[14].  Did not re-place instance fastvit_bd_i/worker_0/inst/control_s_axi_U/rdata_reg[14]
INFO: [Physopt 32-662] Processed net fastvit_bd_i/worker_0/inst/control_s_axi_U/s_axi_control_RDATA[15].  Did not re-place instance fastvit_bd_i/worker_0/inst/control_s_axi_U/rdata_reg[15]
INFO: [Physopt 32-662] Processed net fastvit_bd_i/worker_0/inst/dwconv_worker_U/dataflow_in_loop_LOOP_DW_CH_1_U0/dwconv_process_channel4_U0/grp_dwconv_process_channel4_Pipeline_LOAD_DW_IN_fu_1093/add_ln221_1_reg_5839_reg[3]_9[2].  Did not re-place instance fastvit_bd_i/worker_0/inst/dwconv_worker_U/dataflow_in_loop_LOOP_DW_CH_1_U0/dwconv_process_channel4_U0/grp_dwconv_process_channel4_Pipeline_LOAD_DW_IN_fu_1093/ram_reg_i_8__13
INFO: [Physopt 32-662] Processed net fastvit_bd_i/worker_0/inst/dwconv_worker_U/dataflow_in_loop_LOOP_DW_CH_1_U0/dwconv_process_channel4_U0/grp_dwconv_process_channel4_Pipeline_LOAD_DW_IN_fu_1093/ram_reg_i_46__1_n_0.  Did not re-place instance fastvit_bd_i/worker_0/inst/dwconv_worker_U/dataflow_in_loop_LOOP_DW_CH_1_U0/dwconv_process_channel4_U0/grp_dwconv_process_channel4_Pipeline_LOAD_DW_IN_fu_1093/ram_reg_i_46__1
INFO: [Physopt 32-662] Processed net fastvit_bd_i/worker_0/inst/dwconv_worker_U/dataflow_in_loop_LOOP_DW_CH_1_U0/dwconv_process_channel4_U0/grp_dwconv_process_channel4_Pipeline_LOAD_DW_IN_fu_1093/ram_reg_i_18__1_n_0.  Did not re-place instance fastvit_bd_i/worker_0/inst/dwconv_worker_U/dataflow_in_loop_LOOP_DW_CH_1_U0/dwconv_process_channel4_U0/grp_dwconv_process_channel4_Pipeline_LOAD_DW_IN_fu_1093/ram_reg_i_18__1
INFO: [Physopt 32-662] Processed net fastvit_bd_i/worker_0/inst/dwconv_worker_U/dataflow_in_loop_LOOP_DW_CH_1_U0/dwconv_process_channel4_U0/grp_dwconv_process_channel4_Pipeline_LOAD_DW_IN_fu_1093/ram_reg_i_108_n_0.  Did not re-place instance fastvit_bd_i/worker_0/inst/dwconv_worker_U/dataflow_in_loop_LOOP_DW_CH_1_U0/dwconv_process_channel4_U0/grp_dwconv_process_channel4_Pipeline_LOAD_DW_IN_fu_1093/ram_reg_i_108
INFO: [Physopt 32-662] Processed net fastvit_bd_i/worker_0/inst/dwconv_worker_U/dataflow_in_loop_LOOP_DW_CH_1_U0/dwconv_process_channel4_U0/grp_dwconv_process_channel4_Pipeline_LOAD_DW_IN_fu_1093/ram_reg_i_37__1_n_0.  Did not re-place instance fastvit_bd_i/worker_0/inst/dwconv_worker_U/dataflow_in_loop_LOOP_DW_CH_1_U0/dwconv_process_channel4_U0/grp_dwconv_process_channel4_Pipeline_LOAD_DW_IN_fu_1093/ram_reg_i_37__1
INFO: [Physopt 32-662] Processed net fastvit_bd_i/worker_0/inst/dwconv_worker_U/dataflow_in_loop_LOOP_DW_CH_1_U0/dwconv_process_channel4_U0/grp_dwconv_process_channel4_Pipeline_LOAD_DW_IN_fu_1093/add_ln221_1_reg_5839_reg[3]_5[2].  Did not re-place instance fastvit_bd_i/worker_0/inst/dwconv_worker_U/dataflow_in_loop_LOOP_DW_CH_1_U0/dwconv_process_channel4_U0/grp_dwconv_process_channel4_Pipeline_LOAD_DW_IN_fu_1093/ram_reg_i_8__9
INFO: [Physopt 32-662] Processed net fastvit_bd_i/worker_0/inst/dwconv_worker_U/dataflow_in_loop_LOOP_DW_CH_1_U0/dwconv_process_channel4_U0/grp_dwconv_process_channel4_Pipeline_LOAD_DW_IN_fu_1093/lshr_ln1_reg_5754_reg[7]_1[0].  Did not re-place instance fastvit_bd_i/worker_0/inst/dwconv_worker_U/dataflow_in_loop_LOOP_DW_CH_1_U0/dwconv_process_channel4_U0/grp_dwconv_process_channel4_Pipeline_LOAD_DW_IN_fu_1093/ram_reg_i_10__8
INFO: [Physopt 32-662] Processed net fastvit_bd_i/worker_0/inst/dwconv_worker_U/dataflow_in_loop_LOOP_DW_CH_1_U0/dwconv_process_channel4_U0/grp_dwconv_process_channel4_Pipeline_LOAD_DW_IN_fu_1093/add_ln221_1_reg_5839_pp0_iter2_reg_reg[3]_12.  Did not re-place instance fastvit_bd_i/worker_0/inst/dwconv_worker_U/dataflow_in_loop_LOOP_DW_CH_1_U0/dwconv_process_channel4_U0/grp_dwconv_process_channel4_Pipeline_LOAD_DW_IN_fu_1093/p_ZL9dw_in_buf_0_7[1]_i_1
INFO: [Physopt 32-662] Processed net fastvit_bd_i/worker_0/inst/dwconv_worker_U/dataflow_in_loop_LOOP_DW_CH_1_U0/dwconv_process_channel4_U0/grp_dwconv_process_channel4_Pipeline_LOAD_DW_IN_fu_1093/p_ZL9dw_in_buf_0_3[1]_i_5_n_0.  Did not re-place instance fastvit_bd_i/worker_0/inst/dwconv_worker_U/dataflow_in_loop_LOOP_DW_CH_1_U0/dwconv_process_channel4_U0/grp_dwconv_process_channel4_Pipeline_LOAD_DW_IN_fu_1093/p_ZL9dw_in_buf_0_3[1]_i_5
INFO: [Physopt 32-662] Processed net fastvit_bd_i/worker_0/inst/dwconv_worker_U/dataflow_in_loop_LOOP_DW_CH_1_U0/dwconv_process_channel4_U0/grp_dwconv_process_channel4_Pipeline_LOAD_DW_IN_fu_1093/ram_reg_i_41__2_n_0.  Did not re-place instance fastvit_bd_i/worker_0/inst/dwconv_worker_U/dataflow_in_loop_LOOP_DW_CH_1_U0/dwconv_process_channel4_U0/grp_dwconv_process_channel4_Pipeline_LOAD_DW_IN_fu_1093/ram_reg_i_41__2
INFO: [Physopt 32-662] Processed net fastvit_bd_i/worker_0/inst/dwconv_worker_U/dataflow_in_loop_LOOP_DW_CH_1_U0/dwconv_process_channel4_U0/grp_dwconv_process_channel4_Pipeline_LOAD_DW_IN_fu_1093/ram_reg_i_53__0_n_0.  Did not re-place instance fastvit_bd_i/worker_0/inst/dwconv_worker_U/dataflow_in_loop_LOOP_DW_CH_1_U0/dwconv_process_channel4_U0/grp_dwconv_process_channel4_Pipeline_LOAD_DW_IN_fu_1093/ram_reg_i_53__0
INFO: [Physopt 32-662] Processed net fastvit_bd_i/worker_0/inst/dwconv_worker_U/dataflow_in_loop_LOOP_DW_CH_1_U0/dwconv_process_channel4_U0/grp_dwconv_process_channel4_Pipeline_LOAD_DW_IN_fu_1093/ram_reg_i_130_n_0.  Did not re-place instance fastvit_bd_i/worker_0/inst/dwconv_worker_U/dataflow_in_loop_LOOP_DW_CH_1_U0/dwconv_process_channel4_U0/grp_dwconv_process_channel4_Pipeline_LOAD_DW_IN_fu_1093/ram_reg_i_130
INFO: [Physopt 32-662] Processed net fastvit_bd_i/worker_0/inst/dwconv_worker_U/dataflow_in_loop_LOOP_DW_CH_1_U0/dwconv_process_channel4_U0/grp_dwconv_process_channel4_Pipeline_LOAD_DW_IN_fu_1093/ram_reg_i_46__2_n_0.  Did not re-place instance fastvit_bd_i/worker_0/inst/dwconv_worker_U/dataflow_in_loop_LOOP_DW_CH_1_U0/dwconv_process_channel4_U0/grp_dwconv_process_channel4_Pipeline_LOAD_DW_IN_fu_1093/ram_reg_i_46__2
INFO: [Physopt 32-662] Processed net fastvit_bd_i/worker_0/inst/dwconv_worker_U/dataflow_in_loop_LOOP_DW_CH_1_U0/dwconv_process_channel4_U0/grp_dwconv_process_channel4_Pipeline_LOAD_DW_IN_fu_1093/ram_reg_i_103_n_0.  Did not re-place instance fastvit_bd_i/worker_0/inst/dwconv_worker_U/dataflow_in_loop_LOOP_DW_CH_1_U0/dwconv_process_channel4_U0/grp_dwconv_process_channel4_Pipeline_LOAD_DW_IN_fu_1093/ram_reg_i_103
INFO: [Physopt 32-662] Processed net fastvit_bd_i/worker_0/inst/dwconv_worker_U/dataflow_in_loop_LOOP_DW_CH_1_U0/dwconv_process_channel4_U0/grp_dwconv_process_channel4_Pipeline_LOAD_DW_IN_fu_1093/add_ln221_1_reg_5839_pp0_iter2_reg_reg[3]_38.  Did not re-place instance fastvit_bd_i/worker_0/inst/dwconv_worker_U/dataflow_in_loop_LOOP_DW_CH_1_U0/dwconv_process_channel4_U0/grp_dwconv_process_channel4_Pipeline_LOAD_DW_IN_fu_1093/p_ZL9dw_in_buf_0_2[1]_i_1
INFO: [Physopt 32-662] Processed net fastvit_bd_i/worker_0/inst/dwconv_worker_U/dataflow_in_loop_LOOP_DW_CH_1_U0/dwconv_process_channel4_U0/grp_dwconv_process_channel4_Pipeline_LOAD_DW_IN_fu_1093/p_ZL9dw_in_buf_0_2[1]_i_3_n_0.  Did not re-place instance fastvit_bd_i/worker_0/inst/dwconv_worker_U/dataflow_in_loop_LOOP_DW_CH_1_U0/dwconv_process_channel4_U0/grp_dwconv_process_channel4_Pipeline_LOAD_DW_IN_fu_1093/p_ZL9dw_in_buf_0_2[1]_i_3
INFO: [Physopt 32-662] Processed net fastvit_bd_i/sc_main/inst/s03_nodes/s03_w_node/inst/inst_mi_handler/gen_normal_area.inst_fifo_node_payld/gen_xpm_memory_fifo.inst_fifo/gen_mem_rep[0].inst_rd_addrb/rd_addrb_incr.  Did not re-place instance fastvit_bd_i/sc_main/inst/s03_nodes/s03_w_node/inst/inst_mi_handler/gen_normal_area.inst_fifo_node_payld/gen_xpm_memory_fifo.inst_fifo/gen_mem_rep[0].inst_rd_addrb/gen_mem_rep[0].inst_xpm_memory_i_10
INFO: [Physopt 32-662] Processed net fastvit_bd_i/sc_main/inst/s03_nodes/s03_w_node/inst/inst_mi_handler/gen_normal_area.inst_fifo_node_payld/gen_xpm_memory_fifo.inst_fifo/gen_wr.inst_wr_addra_p1/gen_wr.prog_full_r0.  Did not re-place instance fastvit_bd_i/sc_main/inst/s03_nodes/s03_w_node/inst/inst_mi_handler/gen_normal_area.inst_fifo_node_payld/gen_xpm_memory_fifo.inst_fifo/gen_wr.inst_wr_addra_p1/gen_wr.prog_full_r_i_1
INFO: [Physopt 32-662] Processed net fastvit_bd_i/sc_main/inst/s03_nodes/s03_w_node/inst/inst_mi_handler/gen_normal_area.inst_fifo_node_payld/gen_xpm_memory_fifo.inst_fifo/gen_wr.inst_wr_addra_p1/gen_wr.prog_full_r_i_3_n_0.  Did not re-place instance fastvit_bd_i/sc_main/inst/s03_nodes/s03_w_node/inst/inst_mi_handler/gen_normal_area.inst_fifo_node_payld/gen_xpm_memory_fifo.inst_fifo/gen_wr.inst_wr_addra_p1/gen_wr.prog_full_r_i_3
INFO: [Physopt 32-662] Processed net fastvit_bd_i/sc_main/inst/s03_nodes/s03_w_node/inst/inst_mi_handler/gen_normal_area.inst_fifo_node_payld/gen_xpm_memory_fifo.inst_fifo/gen_normal_area.fifo_node_payld_prog_full_i.  Did not re-place instance fastvit_bd_i/sc_main/inst/s03_nodes/s03_w_node/inst/inst_mi_handler/gen_normal_area.inst_fifo_node_payld/gen_xpm_memory_fifo.inst_fifo/gen_wr.prog_full_r_reg
INFO: [Physopt 32-662] Processed net fastvit_bd_i/worker_0/inst/dwconv_worker_U/dataflow_in_loop_LOOP_DW_CH_1_U0/dwconv_preload_channel3_U0/ap_CS_fsm_state84.  Did not re-place instance fastvit_bd_i/worker_0/inst/dwconv_worker_U/dataflow_in_loop_LOOP_DW_CH_1_U0/dwconv_preload_channel3_U0/ap_CS_fsm_reg[83]
INFO: [Physopt 32-662] Processed net fastvit_bd_i/worker_0/inst/dwconv_gmem0_m_axi_U/load_unit_0/buff_rdata/U_fifo_mem/mem_reg_i_2__0_n_0.  Did not re-place instance fastvit_bd_i/worker_0/inst/dwconv_gmem0_m_axi_U/load_unit_0/buff_rdata/U_fifo_mem/mem_reg_i_2__0
INFO: [Physopt 32-662] Processed net fastvit_bd_i/worker_0/inst/dwconv_gmem0_m_axi_U/bus_read/rreq_burst_conv/rs_req/next_req.  Did not re-place instance fastvit_bd_i/worker_0/inst/dwconv_gmem0_m_axi_U/bus_read/rreq_burst_conv/rs_req/sect_total[19]_i_1
INFO: [Physopt 32-662] Processed net fastvit_bd_i/worker_0/inst/dwconv_gmem0_m_axi_U/bus_read/rreq_burst_conv/rs_req/single_sect__18.  Did not re-place instance fastvit_bd_i/worker_0/inst/dwconv_gmem0_m_axi_U/bus_read/rreq_burst_conv/rs_req/i_0_LOPT_REMAP
INFO: [Physopt 32-662] Processed net fastvit_bd_i/worker_0/inst/dwconv_gmem0_m_axi_U/bus_read/rreq_burst_conv/sect_cnt[3].  Did not re-place instance fastvit_bd_i/worker_0/inst/dwconv_gmem0_m_axi_U/bus_read/rreq_burst_conv/sect_cnt_reg[3]
INFO: [Physopt 32-662] Processed net fastvit_bd_i/worker_0/inst/dwconv_gmem0_m_axi_U/bus_read/rreq_burst_conv/sect_cnt[4].  Did not re-place instance fastvit_bd_i/worker_0/inst/dwconv_gmem0_m_axi_U/bus_read/rreq_burst_conv/sect_cnt_reg[4]
INFO: [Physopt 32-662] Processed net fastvit_bd_i/worker_0/inst/dwconv_gmem0_m_axi_U/bus_read/rreq_burst_conv/sect_cnt[5].  Did not re-place instance fastvit_bd_i/worker_0/inst/dwconv_gmem0_m_axi_U/bus_read/rreq_burst_conv/sect_cnt_reg[5]
INFO: [Physopt 32-662] Processed net fastvit_bd_i/worker_0/inst/dwconv_gmem0_m_axi_U/bus_read/rreq_burst_conv/sect_cnt[8].  Did not re-place instance fastvit_bd_i/worker_0/inst/dwconv_gmem0_m_axi_U/bus_read/rreq_burst_conv/sect_cnt_reg[8]
INFO: [Physopt 32-662] Processed net fastvit_bd_i/worker_0/inst/dwconv_gmem0_m_axi_U/bus_read/rreq_burst_conv/sect_cnt[9].  Did not re-place instance fastvit_bd_i/worker_0/inst/dwconv_gmem0_m_axi_U/bus_read/rreq_burst_conv/sect_cnt_reg[9]
INFO: [Physopt 32-662] Processed net fastvit_bd_i/worker_0/inst/control_s_axi_U/s_axi_control_RDATA[18].  Did not re-place instance fastvit_bd_i/worker_0/inst/control_s_axi_U/rdata_reg[18]
INFO: [Physopt 32-662] Processed net fastvit_bd_i/worker_0/inst/control_s_axi_U/s_axi_control_RDATA[20].  Did not re-place instance fastvit_bd_i/worker_0/inst/control_s_axi_U/rdata_reg[20]
INFO: [Physopt 32-662] Processed net fastvit_bd_i/worker_0/inst/dwconv_worker_U/dataflow_in_loop_LOOP_DW_CH_1_U0/dwconv_process_channel4_U0/grp_dwconv_process_channel4_Pipeline_LOAD_DW_IN_fu_1093/ap_CS_fsm_pp0_stage0.  Did not re-place instance fastvit_bd_i/worker_0/inst/dwconv_worker_U/dataflow_in_loop_LOOP_DW_CH_1_U0/dwconv_process_channel4_U0/grp_dwconv_process_channel4_Pipeline_LOAD_DW_IN_fu_1093/ap_CS_fsm_reg[0]
INFO: [Physopt 32-662] Processed net fastvit_bd_i/worker_0/inst/dwconv_gmem0_m_axi_U/bus_read/rreq_burst_conv/sect_cnt[45].  Did not re-place instance fastvit_bd_i/worker_0/inst/dwconv_gmem0_m_axi_U/bus_read/rreq_burst_conv/sect_cnt_reg[45]
INFO: [Physopt 32-662] Processed net fastvit_bd_i/worker_0/inst/dwconv_gmem0_m_axi_U/bus_read/rreq_burst_conv/sect_cnt[46].  Did not re-place instance fastvit_bd_i/worker_0/inst/dwconv_gmem0_m_axi_U/bus_read/rreq_burst_conv/sect_cnt_reg[46]
INFO: [Physopt 32-662] Processed net fastvit_bd_i/worker_0/inst/dwconv_gmem0_m_axi_U/bus_read/rreq_burst_conv/sect_cnt[47].  Did not re-place instance fastvit_bd_i/worker_0/inst/dwconv_gmem0_m_axi_U/bus_read/rreq_burst_conv/sect_cnt_reg[47]
INFO: [Physopt 32-662] Processed net fastvit_bd_i/worker_0/inst/dwconv_gmem0_m_axi_U/bus_read/rreq_burst_conv/sect_cnt[48].  Did not re-place instance fastvit_bd_i/worker_0/inst/dwconv_gmem0_m_axi_U/bus_read/rreq_burst_conv/sect_cnt_reg[48]
INFO: [Physopt 32-662] Processed net fastvit_bd_i/worker_0/inst/dwconv_gmem0_m_axi_U/bus_read/rreq_burst_conv/sect_cnt[49].  Did not re-place instance fastvit_bd_i/worker_0/inst/dwconv_gmem0_m_axi_U/bus_read/rreq_burst_conv/sect_cnt_reg[49]
INFO: [Physopt 32-662] Processed net fastvit_bd_i/worker_0/inst/dwconv_gmem0_m_axi_U/bus_read/rreq_burst_conv/sect_cnt[50].  Did not re-place instance fastvit_bd_i/worker_0/inst/dwconv_gmem0_m_axi_U/bus_read/rreq_burst_conv/sect_cnt_reg[50]
INFO: [Physopt 32-662] Processed net fastvit_bd_i/worker_0/inst/dwconv_gmem0_m_axi_U/bus_read/rreq_burst_conv/sect_cnt[51].  Did not re-place instance fastvit_bd_i/worker_0/inst/dwconv_gmem0_m_axi_U/bus_read/rreq_burst_conv/sect_cnt_reg[51]
INFO: [Physopt 32-662] Processed net fastvit_bd_i/worker_0/inst/dwconv_worker_U/dataflow_in_loop_LOOP_DW_CH_1_U0/dwconv_process_channel4_U0/grp_dwconv_process_channel4_Pipeline_LOAD_DW_IN_fu_1093/ram_reg_i_31__3_n_0_repN.  Did not re-place instance fastvit_bd_i/worker_0/inst/dwconv_worker_U/dataflow_in_loop_LOOP_DW_CH_1_U0/dwconv_process_channel4_U0/grp_dwconv_process_channel4_Pipeline_LOAD_DW_IN_fu_1093/ram_reg_i_31__3_replica
INFO: [Physopt 32-662] Processed net fastvit_bd_i/worker_0/inst/dwconv_worker_U/dataflow_in_loop_LOOP_DW_CH_1_U0/dwconv_process_channel4_U0/grp_dwconv_process_channel4_Pipeline_LOAD_DW_IN_fu_1093/lshr_ln1_reg_5754_reg[7]_1[2].  Did not re-place instance fastvit_bd_i/worker_0/inst/dwconv_worker_U/dataflow_in_loop_LOOP_DW_CH_1_U0/dwconv_process_channel4_U0/grp_dwconv_process_channel4_Pipeline_LOAD_DW_IN_fu_1093/ram_reg_i_8__8
INFO: [Physopt 32-662] Processed net fastvit_bd_i/worker_0/inst/dwconv_worker_U/dataflow_in_loop_LOOP_DW_CH_1_U0/dwconv_process_channel4_U0/grp_dwconv_process_channel4_Pipeline_LOAD_DW_IN_fu_1093/ram_reg_i_101_n_0_repN.  Did not re-place instance fastvit_bd_i/worker_0/inst/dwconv_worker_U/dataflow_in_loop_LOOP_DW_CH_1_U0/dwconv_process_channel4_U0/grp_dwconv_process_channel4_Pipeline_LOAD_DW_IN_fu_1093/ram_reg_i_101_replica
INFO: [Physopt 32-662] Processed net fastvit_bd_i/worker_0/inst/dwconv_gmem1_m_axi_U/bus_read/rreq_burst_conv/rs_req/E[0].  Did not re-place instance fastvit_bd_i/worker_0/inst/dwconv_gmem1_m_axi_U/bus_read/rreq_burst_conv/rs_req/sect_cnt[51]_i_1__0
INFO: [Physopt 32-662] Processed net fastvit_bd_i/worker_0/inst/dwconv_gmem1_m_axi_U/bus_read/rreq_burst_conv/rs_req/next_req.  Did not re-place instance fastvit_bd_i/worker_0/inst/dwconv_gmem1_m_axi_U/bus_read/rreq_burst_conv/rs_req/sect_total[19]_i_1__0
INFO: [Physopt 32-662] Processed net fastvit_bd_i/worker_0/inst/dwconv_gmem1_m_axi_U/bus_read/rreq_burst_conv/rs_req/single_sect__18.  Did not re-place instance fastvit_bd_i/worker_0/inst/dwconv_gmem1_m_axi_U/bus_read/rreq_burst_conv/rs_req/i_0_LOPT_REMAP
INFO: [Physopt 32-662] Processed net fastvit_bd_i/worker_0/inst/dwconv_gmem1_m_axi_U/bus_read/rreq_burst_conv/sect_cnt[43].  Did not re-place instance fastvit_bd_i/worker_0/inst/dwconv_gmem1_m_axi_U/bus_read/rreq_burst_conv/sect_cnt_reg[43]
INFO: [Physopt 32-662] Processed net fastvit_bd_i/worker_0/inst/dwconv_gmem1_m_axi_U/bus_read/rreq_burst_conv/sect_cnt[45].  Did not re-place instance fastvit_bd_i/worker_0/inst/dwconv_gmem1_m_axi_U/bus_read/rreq_burst_conv/sect_cnt_reg[45]
INFO: [Physopt 32-662] Processed net fastvit_bd_i/worker_0/inst/dwconv_worker_U/dataflow_in_loop_LOOP_DW_CH_1_U0/dwconv_process_channel4_U0/grp_dwconv_process_channel4_Pipeline_STORE_DW_OUT_fu_1559/ashr_32ns_32ns_32_2_1_U1976/tmp_product[23].  Did not re-place instance fastvit_bd_i/worker_0/inst/dwconv_worker_U/dataflow_in_loop_LOOP_DW_CH_1_U0/dwconv_process_channel4_U0/grp_dwconv_process_channel4_Pipeline_STORE_DW_OUT_fu_1559/ashr_32ns_32ns_32_2_1_U1976/buff0[23]_i_1__1
INFO: [Physopt 32-662] Processed net fastvit_bd_i/worker_0/inst/dwconv_gmem0_m_axi_U/bus_read/rreq_burst_conv/sect_cnt[10].  Did not re-place instance fastvit_bd_i/worker_0/inst/dwconv_gmem0_m_axi_U/bus_read/rreq_burst_conv/sect_cnt_reg[10]
INFO: [Physopt 32-662] Processed net fastvit_bd_i/worker_0/inst/dwconv_gmem0_m_axi_U/bus_read/rreq_burst_conv/sect_cnt[11].  Did not re-place instance fastvit_bd_i/worker_0/inst/dwconv_gmem0_m_axi_U/bus_read/rreq_burst_conv/sect_cnt_reg[11]
INFO: [Physopt 32-662] Processed net fastvit_bd_i/worker_0/inst/dwconv_worker_U/dataflow_in_loop_LOOP_DW_CH_1_U0/dwconv_process_channel4_U0/grp_dwconv_process_channel4_Pipeline_STORE_DW_OUT_fu_1559/ashr_32ns_32ns_32_2_1_U1976/D[23].  Did not re-place instance fastvit_bd_i/worker_0/inst/dwconv_worker_U/dataflow_in_loop_LOOP_DW_CH_1_U0/dwconv_process_channel4_U0/grp_dwconv_process_channel4_Pipeline_STORE_DW_OUT_fu_1559/ashr_32ns_32ns_32_2_1_U1976/buff0_reg[23]
INFO: [Physopt 32-662] Processed net fastvit_bd_i/worker_0/inst/dwconv_worker_U/dataflow_in_loop_LOOP_DW_CH_1_U0/dwconv_process_channel4_U0/grp_dwconv_process_channel4_Pipeline_LOAD_DW_IN_fu_1093/add_ln221_1_reg_5839_pp0_iter2_reg_reg[3]_36.  Did not re-place instance fastvit_bd_i/worker_0/inst/dwconv_worker_U/dataflow_in_loop_LOOP_DW_CH_1_U0/dwconv_process_channel4_U0/grp_dwconv_process_channel4_Pipeline_LOAD_DW_IN_fu_1093/p_ZL9dw_in_buf_0_6[1]_i_1
INFO: [Physopt 32-662] Processed net fastvit_bd_i/sc_main/inst/s01_nodes/s01_r_node/inst/inst_mi_handler/gen_normal_area.gen_node_prog_full.inst_node_prog_full/gen_xpm_memory_fifo.inst_fifo/gen_wr.inst_wr_addra_p1/count_r_reg[5]_0.  Did not re-place instance fastvit_bd_i/sc_main/inst/s01_nodes/s01_r_node/inst/inst_mi_handler/gen_normal_area.gen_node_prog_full.inst_node_prog_full/gen_xpm_memory_fifo.inst_fifo/gen_wr.inst_wr_addra_p1/i_0_LOPT_REMAP
INFO: [Physopt 32-662] Processed net fastvit_bd_i/sc_main/inst/s01_nodes/s01_r_node/inst/inst_mi_handler/gen_normal_area.gen_node_prog_full.inst_node_prog_full/gen_xpm_memory_fifo.inst_fifo/gen_rd.fifo_empty_r.  Did not re-place instance fastvit_bd_i/sc_main/inst/s01_nodes/s01_r_node/inst/inst_mi_handler/gen_normal_area.gen_node_prog_full.inst_node_prog_full/gen_xpm_memory_fifo.inst_fifo/gen_rd.fifo_empty_r_reg
INFO: [Physopt 32-662] Processed net fastvit_bd_i/worker_0/inst/dwconv_worker_U/dataflow_in_loop_LOOP_DW_CH_1_U0/dwconv_process_channel4_U0/grp_dwconv_process_channel4_Pipeline_LOAD_DW_IN_fu_1093/add_ln221_1_reg_5839_pp0_iter2_reg_reg[3]_6.  Did not re-place instance fastvit_bd_i/worker_0/inst/dwconv_worker_U/dataflow_in_loop_LOOP_DW_CH_1_U0/dwconv_process_channel4_U0/grp_dwconv_process_channel4_Pipeline_LOAD_DW_IN_fu_1093/p_ZL9dw_in_buf_0_7[2]_i_1
INFO: [Physopt 32-662] Processed net fastvit_bd_i/sc_main/inst/m00_nodes/m00_ar_node/inst/inst_mi_handler/gen_normal_area.inst_fifo_node_payld/gen_xpm_memory_fifo.inst_fifo/gen_mem_rep[0].inst_rd_addrb/rd_addrb_incr.  Did not re-place instance fastvit_bd_i/sc_main/inst/m00_nodes/m00_ar_node/inst/inst_mi_handler/gen_normal_area.inst_fifo_node_payld/gen_xpm_memory_fifo.inst_fifo/gen_mem_rep[0].inst_rd_addrb/gen_mem_rep[0].inst_xpm_memory_i_1
INFO: [Physopt 32-662] Processed net fastvit_bd_i/sc_main/inst/m00_exit_pipeline/m00_exit/inst/splitter_inst/gen_axi3.splitter_inst/ar_cmd_reg/s_axi_arready.  Did not re-place instance fastvit_bd_i/sc_main/inst/m00_exit_pipeline/m00_exit/inst/splitter_inst/gen_axi3.splitter_inst/ar_cmd_reg/s_axi_arready_INST_0
INFO: [Physopt 32-662] Processed net fastvit_bd_i/sc_main/inst/m00_exit_pipeline/m00_exit/inst/splitter_inst/gen_axi3.splitter_inst/gen_rsplitter.ar_split_state_reg_n_0.  Did not re-place instance fastvit_bd_i/sc_main/inst/m00_exit_pipeline/m00_exit/inst/splitter_inst/gen_axi3.splitter_inst/gen_rsplitter.ar_split_state_reg
INFO: [Physopt 32-662] Processed net fastvit_bd_i/sc_main/inst/m00_nodes/m00_ar_node/inst/inst_mi_handler/gen_normal_area.inst_fifo_node_payld/gen_xpm_memory_fifo.inst_fifo/gen_wr.inst_wr_addra_p1/gen_rd.fifo_empty_r_i_2__0_n_0.  Did not re-place instance fastvit_bd_i/sc_main/inst/m00_nodes/m00_ar_node/inst/inst_mi_handler/gen_normal_area.inst_fifo_node_payld/gen_xpm_memory_fifo.inst_fifo/gen_wr.inst_wr_addra_p1/i_0_LOPT_REMAP
INFO: [Physopt 32-662] Processed net fastvit_bd_i/sc_main/inst/m00_nodes/m00_ar_node/inst/inst_mi_handler/gen_normal_area.inst_fifo_node_payld/gen_xpm_memory_fifo.inst_fifo/gen_wr.inst_wr_addra_p1/gen_rd.fifo_empty_r_i_5__0_n_0.  Did not re-place instance fastvit_bd_i/sc_main/inst/m00_nodes/m00_ar_node/inst/inst_mi_handler/gen_normal_area.inst_fifo_node_payld/gen_xpm_memory_fifo.inst_fifo/gen_wr.inst_wr_addra_p1/gen_rd.fifo_empty_r_i_5__0
INFO: [Physopt 32-662] Processed net fastvit_bd_i/sc_main/inst/m00_nodes/m00_ar_node/inst/inst_mi_handler/gen_normal_area.inst_fifo_node_payld/gen_xpm_memory_fifo.inst_fifo/gen_wr.inst_wr_addra_p1/i_5/O_n.  Did not re-place instance fastvit_bd_i/sc_main/inst/m00_nodes/m00_ar_node/inst/inst_mi_handler/gen_normal_area.inst_fifo_node_payld/gen_xpm_memory_fifo.inst_fifo/gen_wr.inst_wr_addra_p1/i_5_LOPT_REMAP
INFO: [Physopt 32-662] Processed net fastvit_bd_i/worker_0/inst/dwconv_worker_U/dataflow_in_loop_LOOP_DW_CH_1_U0/dwconv_process_channel4_U0/grp_dwconv_process_channel4_Pipeline_LOAD_DW_IN_fu_1093/ram_reg_i_21__3_n_0.  Did not re-place instance fastvit_bd_i/worker_0/inst/dwconv_worker_U/dataflow_in_loop_LOOP_DW_CH_1_U0/dwconv_process_channel4_U0/grp_dwconv_process_channel4_Pipeline_LOAD_DW_IN_fu_1093/ram_reg_i_21__3
INFO: [Physopt 32-662] Processed net fastvit_bd_i/worker_0/inst/dwconv_worker_U/dataflow_in_loop_LOOP_DW_CH_1_U0/dwconv_process_channel4_U0/grp_dwconv_process_channel4_Pipeline_LOAD_DW_IN_fu_1093/add_ln221_1_reg_5839_reg[3]_1[6].  Did not re-place instance fastvit_bd_i/worker_0/inst/dwconv_worker_U/dataflow_in_loop_LOOP_DW_CH_1_U0/dwconv_process_channel4_U0/grp_dwconv_process_channel4_Pipeline_LOAD_DW_IN_fu_1093/ram_reg_i_4__2
INFO: [Physopt 32-662] Processed net fastvit_bd_i/worker_0/inst/dwconv_worker_U/dataflow_in_loop_LOOP_DW_CH_1_U0/dwconv_process_channel4_U0/grp_dwconv_process_channel4_Pipeline_LOAD_DW_IN_fu_1093/ram_reg_i_63_n_0_repN.  Did not re-place instance fastvit_bd_i/worker_0/inst/dwconv_worker_U/dataflow_in_loop_LOOP_DW_CH_1_U0/dwconv_process_channel4_U0/grp_dwconv_process_channel4_Pipeline_LOAD_DW_IN_fu_1093/ram_reg_i_63_replica
INFO: [Physopt 32-662] Processed net fastvit_bd_i/worker_0/inst/dwconv_worker_U/dataflow_in_loop_LOOP_DW_CH_1_U0/dwconv_process_channel4_U0/grp_dwconv_process_channel4_Pipeline_LOAD_DW_IN_fu_1093/ram_reg_i_33__2_n_0.  Did not re-place instance fastvit_bd_i/worker_0/inst/dwconv_worker_U/dataflow_in_loop_LOOP_DW_CH_1_U0/dwconv_process_channel4_U0/grp_dwconv_process_channel4_Pipeline_LOAD_DW_IN_fu_1093/ram_reg_i_33__2
INFO: [Physopt 32-662] Processed net fastvit_bd_i/worker_0/inst/dwconv_worker_U/dataflow_in_loop_LOOP_DW_CH_1_U0/dwconv_process_channel4_U0/grp_dwconv_process_channel4_Pipeline_LOAD_DW_IN_fu_1093/add_ln221_1_reg_5839_reg[3]_0[3].  Did not re-place instance fastvit_bd_i/worker_0/inst/dwconv_worker_U/dataflow_in_loop_LOOP_DW_CH_1_U0/dwconv_process_channel4_U0/grp_dwconv_process_channel4_Pipeline_LOAD_DW_IN_fu_1093/ram_reg_i_7__1
INFO: [Physopt 32-662] Processed net fastvit_bd_i/worker_0/inst/dwconv_worker_U/dataflow_in_loop_LOOP_DW_CH_1_U0/dwconv_process_channel4_U0/grp_dwconv_process_channel4_Pipeline_LOAD_DW_IN_fu_1093/ram_reg_i_111_n_0.  Did not re-place instance fastvit_bd_i/worker_0/inst/dwconv_worker_U/dataflow_in_loop_LOOP_DW_CH_1_U0/dwconv_process_channel4_U0/grp_dwconv_process_channel4_Pipeline_LOAD_DW_IN_fu_1093/ram_reg_i_111
INFO: [Physopt 32-662] Processed net fastvit_bd_i/worker_0/inst/dwconv_worker_U/dataflow_in_loop_LOOP_DW_CH_1_U0/dwconv_process_channel4_U0/grp_dwconv_process_channel4_Pipeline_LOAD_DW_IN_fu_1093/ram_reg_i_32__2_n_0.  Did not re-place instance fastvit_bd_i/worker_0/inst/dwconv_worker_U/dataflow_in_loop_LOOP_DW_CH_1_U0/dwconv_process_channel4_U0/grp_dwconv_process_channel4_Pipeline_LOAD_DW_IN_fu_1093/ram_reg_i_32__2
INFO: [Physopt 32-662] Processed net fastvit_bd_i/worker_0/inst/dwconv_worker_U/dataflow_in_loop_LOOP_DW_CH_1_U0/dwconv_process_channel4_U0/grp_dwconv_process_channel4_Pipeline_LOAD_DW_IN_fu_1093/ram_reg_i_38__1_n_0.  Did not re-place instance fastvit_bd_i/worker_0/inst/dwconv_worker_U/dataflow_in_loop_LOOP_DW_CH_1_U0/dwconv_process_channel4_U0/grp_dwconv_process_channel4_Pipeline_LOAD_DW_IN_fu_1093/ram_reg_i_38__1
INFO: [Physopt 32-662] Processed net fastvit_bd_i/worker_0/inst/dwconv_worker_U/dataflow_in_loop_LOOP_DW_CH_1_U0/dwconv_process_channel4_U0/grp_dwconv_process_channel4_Pipeline_LOAD_DW_IN_fu_1093/ram_reg_i_95_n_0.  Did not re-place instance fastvit_bd_i/worker_0/inst/dwconv_worker_U/dataflow_in_loop_LOOP_DW_CH_1_U0/dwconv_process_channel4_U0/grp_dwconv_process_channel4_Pipeline_LOAD_DW_IN_fu_1093/ram_reg_i_95
INFO: [Physopt 32-662] Processed net fastvit_bd_i/worker_0/inst/dwconv_worker_U/dataflow_in_loop_LOOP_DW_CH_1_U0/dwconv_process_channel4_U0/grp_dwconv_process_channel4_Pipeline_LOAD_DW_IN_fu_1093/add_ln221_1_reg_5839_reg[3]_1[3].  Did not re-place instance fastvit_bd_i/worker_0/inst/dwconv_worker_U/dataflow_in_loop_LOOP_DW_CH_1_U0/dwconv_process_channel4_U0/grp_dwconv_process_channel4_Pipeline_LOAD_DW_IN_fu_1093/ram_reg_i_7__2
INFO: [Physopt 32-662] Processed net fastvit_bd_i/worker_0/inst/dwconv_worker_U/dataflow_in_loop_LOOP_DW_CH_1_U0/dwconv_process_channel4_U0/grp_dwconv_process_channel4_Pipeline_LOAD_DW_IN_fu_1093/add_ln221_1_reg_5839_pp0_iter2_reg_reg[3]_28.  Did not re-place instance fastvit_bd_i/worker_0/inst/dwconv_worker_U/dataflow_in_loop_LOOP_DW_CH_1_U0/dwconv_process_channel4_U0/grp_dwconv_process_channel4_Pipeline_LOAD_DW_IN_fu_1093/p_ZL9dw_in_buf_0_2[3]_i_2
INFO: [Physopt 32-662] Processed net fastvit_bd_i/worker_0/inst/dwconv_worker_U/dataflow_in_loop_LOOP_DW_CH_1_U0/dwconv_process_channel4_U0/grp_dwconv_process_channel4_Pipeline_LOAD_DW_IN_fu_1093/p_ZL9dw_in_buf_0_2[3]_i_4_n_0.  Did not re-place instance fastvit_bd_i/worker_0/inst/dwconv_worker_U/dataflow_in_loop_LOOP_DW_CH_1_U0/dwconv_process_channel4_U0/grp_dwconv_process_channel4_Pipeline_LOAD_DW_IN_fu_1093/p_ZL9dw_in_buf_0_2[3]_i_4
INFO: [Physopt 32-662] Processed net fastvit_bd_i/worker_0/inst/dwconv_worker_U/dataflow_in_loop_LOOP_DW_CH_1_U0/dwconv_process_channel4_U0/grp_dwconv_process_channel4_Pipeline_LOAD_DW_IN_fu_1093/ram_reg_i_44__0_n_0.  Did not re-place instance fastvit_bd_i/worker_0/inst/dwconv_worker_U/dataflow_in_loop_LOOP_DW_CH_1_U0/dwconv_process_channel4_U0/grp_dwconv_process_channel4_Pipeline_LOAD_DW_IN_fu_1093/ram_reg_i_44__0
INFO: [Physopt 32-662] Processed net fastvit_bd_i/worker_0/inst/dwconv_worker_U/dataflow_in_loop_LOOP_DW_CH_1_U0/dwconv_process_channel4_U0/empty_132_reg_5921[3]_i_2_n_0.  Did not re-place instance fastvit_bd_i/worker_0/inst/dwconv_worker_U/dataflow_in_loop_LOOP_DW_CH_1_U0/dwconv_process_channel4_U0/empty_132_reg_5921[3]_i_2
INFO: [Physopt 32-662] Processed net fastvit_bd_i/worker_0/inst/dwconv_worker_U/dataflow_in_loop_LOOP_DW_CH_1_U0/dwconv_process_channel4_U0/empty_131_reg_5916[62].  Did not re-place instance fastvit_bd_i/worker_0/inst/dwconv_worker_U/dataflow_in_loop_LOOP_DW_CH_1_U0/dwconv_process_channel4_U0/empty_131_reg_5916_reg[62]
INFO: [Physopt 32-662] Processed net fastvit_bd_i/worker_0/inst/dwconv_worker_U/dataflow_in_loop_LOOP_DW_CH_1_U0/dwconv_process_channel4_U0/grp_dwconv_process_channel4_Pipeline_LOAD_DW_IN_fu_1093/lshr_ln1_reg_5754[3]_repN.  Did not re-place instance fastvit_bd_i/worker_0/inst/dwconv_worker_U/dataflow_in_loop_LOOP_DW_CH_1_U0/dwconv_process_channel4_U0/grp_dwconv_process_channel4_Pipeline_LOAD_DW_IN_fu_1093/lshr_ln1_reg_5754_reg[3]_replica
INFO: [Physopt 32-662] Processed net fastvit_bd_i/worker_0/inst/dwconv_worker_U/dataflow_in_loop_LOOP_DW_CH_1_U0/dwconv_process_channel4_U0/grp_dwconv_process_channel4_Pipeline_LOAD_DW_IN_fu_1093/ram_reg_i_30__2_n_0.  Did not re-place instance fastvit_bd_i/worker_0/inst/dwconv_worker_U/dataflow_in_loop_LOOP_DW_CH_1_U0/dwconv_process_channel4_U0/grp_dwconv_process_channel4_Pipeline_LOAD_DW_IN_fu_1093/ram_reg_i_30__2
INFO: [Physopt 32-662] Processed net fastvit_bd_i/worker_0/inst/dwconv_worker_U/dataflow_in_loop_LOOP_DW_CH_1_U0/dwconv_process_channel4_U0/grp_dwconv_process_channel4_Pipeline_LOAD_DW_IN_fu_1093/ram_reg_i_81_n_0.  Did not re-place instance fastvit_bd_i/worker_0/inst/dwconv_worker_U/dataflow_in_loop_LOOP_DW_CH_1_U0/dwconv_process_channel4_U0/grp_dwconv_process_channel4_Pipeline_LOAD_DW_IN_fu_1093/ram_reg_i_81
INFO: [Physopt 32-662] Processed net fastvit_bd_i/worker_0/inst/dwconv_worker_U/dataflow_in_loop_LOOP_DW_CH_1_U0/dwconv_process_channel4_U0/grp_dwconv_process_channel4_Pipeline_LOAD_DW_IN_fu_1093/ram_reg_i_97_n_0.  Did not re-place instance fastvit_bd_i/worker_0/inst/dwconv_worker_U/dataflow_in_loop_LOOP_DW_CH_1_U0/dwconv_process_channel4_U0/grp_dwconv_process_channel4_Pipeline_LOAD_DW_IN_fu_1093/ram_reg_i_97
INFO: [Physopt 32-662] Processed net fastvit_bd_i/worker_0/inst/dwconv_worker_U/dataflow_in_loop_LOOP_DW_CH_1_U0/dwconv_process_channel4_U0/grp_dwconv_process_channel4_Pipeline_LOAD_DW_IN_fu_1093/ram_reg_i_26__2_n_0.  Did not re-place instance fastvit_bd_i/worker_0/inst/dwconv_worker_U/dataflow_in_loop_LOOP_DW_CH_1_U0/dwconv_process_channel4_U0/grp_dwconv_process_channel4_Pipeline_LOAD_DW_IN_fu_1093/ram_reg_i_26__2
INFO: [Physopt 32-662] Processed net fastvit_bd_i/worker_0/inst/dwconv_worker_U/dataflow_in_loop_LOOP_DW_CH_1_U0/dwconv_process_channel4_U0/grp_dwconv_process_channel4_Pipeline_LOAD_DW_IN_fu_1093/lshr_ln1_reg_5754_reg[7]_1[3].  Did not re-place instance fastvit_bd_i/worker_0/inst/dwconv_worker_U/dataflow_in_loop_LOOP_DW_CH_1_U0/dwconv_process_channel4_U0/grp_dwconv_process_channel4_Pipeline_LOAD_DW_IN_fu_1093/ram_reg_i_7__8
INFO: [Physopt 32-662] Processed net fastvit_bd_i/worker_0/inst/dwconv_worker_U/dataflow_in_loop_LOOP_DW_CH_1_U0/dwconv_process_channel4_U0/grp_dwconv_process_channel4_Pipeline_LOAD_DW_IN_fu_1093/ram_reg_i_132_n_0.  Did not re-place instance fastvit_bd_i/worker_0/inst/dwconv_worker_U/dataflow_in_loop_LOOP_DW_CH_1_U0/dwconv_process_channel4_U0/grp_dwconv_process_channel4_Pipeline_LOAD_DW_IN_fu_1093/ram_reg_i_132
INFO: [Physopt 32-662] Processed net fastvit_bd_i/worker_0/inst/dwconv_worker_U/dataflow_in_loop_LOOP_DW_CH_1_U0/dwconv_process_channel4_U0/grp_dwconv_process_channel4_Pipeline_LOAD_DW_IN_fu_1093/add_ln221_1_reg_5839_reg[3]_12[5].  Did not re-place instance fastvit_bd_i/worker_0/inst/dwconv_worker_U/dataflow_in_loop_LOOP_DW_CH_1_U0/dwconv_process_channel4_U0/grp_dwconv_process_channel4_Pipeline_LOAD_DW_IN_fu_1093/ram_reg_i_5__15
INFO: [Physopt 32-662] Processed net fastvit_bd_i/worker_0/inst/dwconv_worker_U/dataflow_in_loop_LOOP_DW_CH_1_U0/dwconv_process_channel4_U0/grp_dwconv_process_channel4_Pipeline_LOAD_DW_IN_fu_1093/ram_reg_i_67_n_0.  Did not re-place instance fastvit_bd_i/worker_0/inst/dwconv_worker_U/dataflow_in_loop_LOOP_DW_CH_1_U0/dwconv_process_channel4_U0/grp_dwconv_process_channel4_Pipeline_LOAD_DW_IN_fu_1093/ram_reg_i_67
INFO: [Physopt 32-662] Processed net fastvit_bd_i/worker_0/inst/dwconv_worker_U/dataflow_in_loop_LOOP_DW_CH_1_U0/dwconv_process_channel4_U0/grp_dwconv_process_channel4_Pipeline_LOAD_DW_IN_fu_1093/ram_reg_i_133_n_0.  Did not re-place instance fastvit_bd_i/worker_0/inst/dwconv_worker_U/dataflow_in_loop_LOOP_DW_CH_1_U0/dwconv_process_channel4_U0/grp_dwconv_process_channel4_Pipeline_LOAD_DW_IN_fu_1093/ram_reg_i_133
INFO: [Physopt 32-662] Processed net fastvit_bd_i/worker_0/inst/dwconv_worker_U/dataflow_in_loop_LOOP_DW_CH_1_U0/dataflow_in_loop_LOOP_DW_CH_1_Block_newFuncRoot_proc2_U0/sdiv_32ns_32ns_32_36_1_U1572/fastvit_ip_sdiv_32ns_32ns_32_36_1_divider_u/loop[0].dividend_tmp_reg[1][30]_srl2_n_0.  Did not re-place instance fastvit_bd_i/worker_0/inst/dwconv_worker_U/dataflow_in_loop_LOOP_DW_CH_1_U0/dataflow_in_loop_LOOP_DW_CH_1_Block_newFuncRoot_proc2_U0/sdiv_32ns_32ns_32_36_1_U1572/fastvit_ip_sdiv_32ns_32ns_32_36_1_divider_u/loop[0].dividend_tmp_reg[1][30]_srl2
INFO: [Physopt 32-662] Processed net fastvit_bd_i/worker_0/inst/dwconv_worker_U/dataflow_in_loop_LOOP_DW_CH_1_U0/dwconv_process_channel4_U0/grp_dwconv_process_channel4_Pipeline_LOAD_DW_IN_fu_1093/ram_reg_i_102_n_0.  Did not re-place instance fastvit_bd_i/worker_0/inst/dwconv_worker_U/dataflow_in_loop_LOOP_DW_CH_1_U0/dwconv_process_channel4_U0/grp_dwconv_process_channel4_Pipeline_LOAD_DW_IN_fu_1093/ram_reg_i_102
INFO: [Physopt 32-662] Processed net fastvit_bd_i/worker_0/inst/dwconv_worker_U/dataflow_in_loop_LOOP_DW_CH_1_U0/dwconv_process_channel4_U0/grp_dwconv_process_channel4_Pipeline_LOAD_DW_IN_fu_1093/ram_reg_i_42__1_n_0.  Did not re-place instance fastvit_bd_i/worker_0/inst/dwconv_worker_U/dataflow_in_loop_LOOP_DW_CH_1_U0/dwconv_process_channel4_U0/grp_dwconv_process_channel4_Pipeline_LOAD_DW_IN_fu_1093/ram_reg_i_42__1
INFO: [Physopt 32-662] Processed net fastvit_bd_i/worker_0/inst/dwconv_worker_U/dataflow_in_loop_LOOP_DW_CH_1_U0/dwconv_process_channel4_U0/grp_dwconv_process_channel4_Pipeline_LOAD_DW_IN_fu_1093/add_ln221_1_reg_5839_reg[3]_10[1].  Did not re-place instance fastvit_bd_i/worker_0/inst/dwconv_worker_U/dataflow_in_loop_LOOP_DW_CH_1_U0/dwconv_process_channel4_U0/grp_dwconv_process_channel4_Pipeline_LOAD_DW_IN_fu_1093/ram_reg_i_10__5
INFO: [Physopt 32-662] Processed net fastvit_bd_i/worker_0/inst/dwconv_worker_U/dataflow_in_loop_LOOP_DW_CH_1_U0/dwconv_preload_channel3_U0/grp_dwconv_preload_channel3_Pipeline_PRELOAD_IN_fu_170/flow_control_loop_pipe_sequential_init_U/SR[0].  Did not re-place instance fastvit_bd_i/worker_0/inst/dwconv_worker_U/dataflow_in_loop_LOOP_DW_CH_1_U0/dwconv_preload_channel3_U0/grp_dwconv_preload_channel3_Pipeline_PRELOAD_IN_fu_170/flow_control_loop_pipe_sequential_init_U/loop_dataflow_input_count[9]_i_1
INFO: [Physopt 32-662] Processed net fastvit_bd_i/worker_0/inst/ctrl_s_axi_U/ap_done_reg_i_8_n_0.  Did not re-place instance fastvit_bd_i/worker_0/inst/ctrl_s_axi_U/ap_done_reg_i_8
INFO: [Physopt 32-662] Processed net fastvit_bd_i/sc_main/inst/s03_nodes/s03_aw_node/inst/inst_mi_handler/gen_normal_area.inst_fifo_node_payld/gen_xpm_memory_fifo.inst_fifo/gen_wr.inst_wr_addra_p1/gen_rd.fifo_empty_r_i_3_n_0.  Did not re-place instance fastvit_bd_i/sc_main/inst/s03_nodes/s03_aw_node/inst/inst_mi_handler/gen_normal_area.inst_fifo_node_payld/gen_xpm_memory_fifo.inst_fifo/gen_wr.inst_wr_addra_p1/gen_rd.fifo_empty_r_i_3
INFO: [Physopt 32-662] Processed net fastvit_bd_i/sc_main/inst/s03_nodes/s03_aw_node/inst/inst_mi_handler/gen_normal_area.inst_fifo_node_payld/gen_xpm_memory_fifo.inst_fifo/gen_wr.inst_wr_addra_p1/areset_r_reg_0.  Did not re-place instance fastvit_bd_i/sc_main/inst/s03_nodes/s03_aw_node/inst/inst_mi_handler/gen_normal_area.inst_fifo_node_payld/gen_xpm_memory_fifo.inst_fifo/gen_wr.inst_wr_addra_p1/gen_wr.full_r_inv_i_1
INFO: [Physopt 32-662] Processed net fastvit_bd_i/worker_0/inst/ctrl_s_axi_U/loop_dataflow_input_count[9]_i_10_n_0.  Did not re-place instance fastvit_bd_i/worker_0/inst/ctrl_s_axi_U/loop_dataflow_input_count[9]_i_10
INFO: [Physopt 32-662] Processed net fastvit_bd_i/worker_0/inst/ctrl_s_axi_U/loop_dataflow_input_count[9]_i_7_n_0.  Did not re-place instance fastvit_bd_i/worker_0/inst/ctrl_s_axi_U/loop_dataflow_input_count[9]_i_7
INFO: [Physopt 32-662] Processed net fastvit_bd_i/worker_0/inst/dwconv_worker_U/Q[0].  Did not re-place instance fastvit_bd_i/worker_0/inst/dwconv_worker_U/loop_dataflow_input_count_reg[6]
INFO: [Physopt 32-662] Processed net fastvit_bd_i/worker_0/inst/dwconv_worker_U/loop_dataflow_input_count_reg[3].  Did not re-place instance fastvit_bd_i/worker_0/inst/dwconv_worker_U/loop_dataflow_input_count_reg[3]
INFO: [Physopt 32-662] Processed net fastvit_bd_i/worker_0/inst/dwconv_worker_U/loop_dataflow_input_count_reg[4].  Did not re-place instance fastvit_bd_i/worker_0/inst/dwconv_worker_U/loop_dataflow_input_count_reg[4]
INFO: [Physopt 32-662] Processed net fastvit_bd_i/worker_0/inst/dwconv_worker_U/dataflow_in_loop_LOOP_DW_CH_1_U0/dwconv_process_channel4_U0/grp_dwconv_process_channel4_Pipeline_LOAD_DW_IN_fu_1093/ram_reg_i_39__1_n_0.  Did not re-place instance fastvit_bd_i/worker_0/inst/dwconv_worker_U/dataflow_in_loop_LOOP_DW_CH_1_U0/dwconv_process_channel4_U0/grp_dwconv_process_channel4_Pipeline_LOAD_DW_IN_fu_1093/ram_reg_i_39__1
INFO: [Physopt 32-662] Processed net fastvit_bd_i/worker_0/inst/dwconv_worker_U/dataflow_in_loop_LOOP_DW_CH_1_U0/dwconv_process_channel4_U0/grp_dwconv_process_channel4_Pipeline_LOAD_DW_IN_fu_1093/ram_reg_i_27__1_n_0.  Did not re-place instance fastvit_bd_i/worker_0/inst/dwconv_worker_U/dataflow_in_loop_LOOP_DW_CH_1_U0/dwconv_process_channel4_U0/grp_dwconv_process_channel4_Pipeline_LOAD_DW_IN_fu_1093/ram_reg_i_27__1
INFO: [Physopt 32-662] Processed net fastvit_bd_i/worker_0/inst/dwconv_worker_U/dataflow_in_loop_LOOP_DW_CH_1_U0/dwconv_process_channel4_U0/grp_dwconv_process_channel4_Pipeline_LOAD_DW_IN_fu_1093/ram_reg_i_115_n_0.  Did not re-place instance fastvit_bd_i/worker_0/inst/dwconv_worker_U/dataflow_in_loop_LOOP_DW_CH_1_U0/dwconv_process_channel4_U0/grp_dwconv_process_channel4_Pipeline_LOAD_DW_IN_fu_1093/ram_reg_i_115
INFO: [Physopt 32-662] Processed net fastvit_bd_i/worker_0/inst/dwconv_worker_U/dataflow_in_loop_LOOP_DW_CH_1_U0/dwconv_process_channel4_U0/grp_dwconv_process_channel4_Pipeline_LOAD_DW_IN_fu_1093/ram_reg_i_79_n_0.  Did not re-place instance fastvit_bd_i/worker_0/inst/dwconv_worker_U/dataflow_in_loop_LOOP_DW_CH_1_U0/dwconv_process_channel4_U0/grp_dwconv_process_channel4_Pipeline_LOAD_DW_IN_fu_1093/ram_reg_i_79
INFO: [Physopt 32-662] Processed net fastvit_bd_i/worker_0/inst/dwconv_worker_U/dataflow_in_loop_LOOP_DW_CH_1_U0/dwconv_process_channel4_U0/grp_dwconv_process_channel4_Pipeline_LOAD_DW_IN_fu_1093/ADDRBWRADDR[1].  Did not re-place instance fastvit_bd_i/worker_0/inst/dwconv_worker_U/dataflow_in_loop_LOOP_DW_CH_1_U0/dwconv_process_channel4_U0/grp_dwconv_process_channel4_Pipeline_LOAD_DW_IN_fu_1093/ram_reg_i_9__0
INFO: [Physopt 32-662] Processed net fastvit_bd_i/worker_0/inst/dwconv_worker_U/dataflow_in_loop_LOOP_DW_CH_1_U0/dwconv_process_channel4_U0/grp_dwconv_process_channel4_Pipeline_LOAD_DW_IN_fu_1093/ADDRBWRADDR[4].  Did not re-place instance fastvit_bd_i/worker_0/inst/dwconv_worker_U/dataflow_in_loop_LOOP_DW_CH_1_U0/dwconv_process_channel4_U0/grp_dwconv_process_channel4_Pipeline_LOAD_DW_IN_fu_1093/ram_reg_i_6__0
INFO: [Physopt 32-662] Processed net fastvit_bd_i/sc_main/inst/s02_nodes/s02_r_node/inst/inst_mi_handler/gen_normal_area.inst_fifo_node_payld/gen_xpm_memory_fifo.inst_fifo/gen_mem_rep[0].inst_xpm_memory/xpm_memory_base_inst/doutb[23].  Did not re-place instance fastvit_bd_i/sc_main/inst/s02_nodes/s02_r_node/inst/inst_mi_handler/gen_normal_area.inst_fifo_node_payld/gen_xpm_memory_fifo.inst_fifo/gen_mem_rep[0].inst_xpm_memory/xpm_memory_base_inst/gen_rd_b.gen_rd_b_synth_template.gen_rf_narrow_reg.doutb_reg_reg[23]
INFO: [Physopt 32-662] Processed net fastvit_bd_i/sc_main/inst/s02_entry_pipeline/s02_transaction_regulator/inst/gen_endpoint.gen_r_singleorder.r_singleorder/gen_id_fifo.singleorder_fifo/fifoaddr_reg[1].  Did not re-place instance fastvit_bd_i/sc_main/inst/s02_entry_pipeline/s02_transaction_regulator/inst/gen_endpoint.gen_r_singleorder.r_singleorder/gen_id_fifo.singleorder_fifo/fifoaddr_reg[1]
INFO: [Physopt 32-662] Processed net fastvit_bd_i/worker_0/inst/dwconv_worker_U/dataflow_in_loop_LOOP_DW_CH_1_U0/dwconv_process_channel4_U0/grp_dwconv_process_channel4_Pipeline_LOAD_DW_IN_fu_1093/ram_reg_i_39__3_n_0.  Did not re-place instance fastvit_bd_i/worker_0/inst/dwconv_worker_U/dataflow_in_loop_LOOP_DW_CH_1_U0/dwconv_process_channel4_U0/grp_dwconv_process_channel4_Pipeline_LOAD_DW_IN_fu_1093/ram_reg_i_39__3
INFO: [Physopt 32-661] Optimized 66 nets.  Re-placed 66 instances.
INFO: [Physopt 32-775] End 1 Pass. Optimized 66 nets or cells. Created 0 new cell, deleted 0 existing cell and moved 66 existing cells
INFO: [Physopt 32-619] Estimated Timing Summary | WNS=-0.118 | TNS=-2.147 |
Netlist sorting complete. Time (s): cpu = 00:00:00 ; elapsed = 00:00:00.022 . Memory (MB): peak = 2650.180 ; gain = 0.000
Phase 29 Single Cell Placement Optimization | Checksum: 10a645c82

Time (s): cpu = 00:00:45 ; elapsed = 00:00:45 . Memory (MB): peak = 2650.180 ; gain = 23.656

Phase 30 Multi Cell Placement Optimization
INFO: [Physopt 32-660] Identified 100 candidate nets for placement-based optimization.
INFO: [Physopt 32-662] Processed net fastvit_bd_i/worker_0/inst/dwconv_worker_U/dataflow_in_loop_LOOP_DW_CH_1_U0/dwconv_process_channel4_U0/grp_dwconv_process_channel4_Pipeline_LOAD_DW_IN_fu_1093/ram_reg_i_128_n_0.  Did not re-place instance fastvit_bd_i/worker_0/inst/dwconv_worker_U/dataflow_in_loop_LOOP_DW_CH_1_U0/dwconv_process_channel4_U0/grp_dwconv_process_channel4_Pipeline_LOAD_DW_IN_fu_1093/ram_reg_i_128/O
INFO: [Physopt 32-662] Processed net fastvit_bd_i/worker_0/inst/dwconv_worker_U/dataflow_in_loop_LOOP_DW_CH_1_U0/dwconv_process_channel4_U0/grp_dwconv_process_channel4_Pipeline_LOAD_DW_IN_fu_1093/ram_reg_i_45__0_n_0.  Did not re-place instance fastvit_bd_i/worker_0/inst/dwconv_worker_U/dataflow_in_loop_LOOP_DW_CH_1_U0/dwconv_process_channel4_U0/grp_dwconv_process_channel4_Pipeline_LOAD_DW_IN_fu_1093/ram_reg_i_45__0/O
INFO: [Physopt 32-662] Processed net fastvit_bd_i/worker_0/inst/dwconv_worker_U/dataflow_in_loop_LOOP_DW_CH_1_U0/dwconv_process_channel4_U0/grp_dwconv_process_channel4_Pipeline_LOAD_DW_IN_fu_1093/lshr_ln1_reg_5754[1]_repN_2.  Did not re-place instance fastvit_bd_i/worker_0/inst/dwconv_worker_U/dataflow_in_loop_LOOP_DW_CH_1_U0/dwconv_process_channel4_U0/grp_dwconv_process_channel4_Pipeline_LOAD_DW_IN_fu_1093/lshr_ln1_reg_5754_reg[1]_replica_2/Q
INFO: [Physopt 32-662] Processed net fastvit_bd_i/worker_0/inst/dwconv_worker_U/dataflow_in_loop_LOOP_DW_CH_1_U0/dwconv_process_channel4_U0/grp_dwconv_process_channel4_Pipeline_LOAD_DW_IN_fu_1093/ram_reg_i_119_n_0.  Did not re-place instance fastvit_bd_i/worker_0/inst/dwconv_worker_U/dataflow_in_loop_LOOP_DW_CH_1_U0/dwconv_process_channel4_U0/grp_dwconv_process_channel4_Pipeline_LOAD_DW_IN_fu_1093/ram_reg_i_119/O
INFO: [Physopt 32-662] Processed net fastvit_bd_i/worker_0/inst/dwconv_worker_U/dataflow_in_loop_LOOP_DW_CH_1_U0/dwconv_process_channel4_U0/grp_dwconv_process_channel4_Pipeline_LOAD_DW_IN_fu_1093/ram_reg_i_40__1_n_0.  Did not re-place instance fastvit_bd_i/worker_0/inst/dwconv_worker_U/dataflow_in_loop_LOOP_DW_CH_1_U0/dwconv_process_channel4_U0/grp_dwconv_process_channel4_Pipeline_LOAD_DW_IN_fu_1093/ram_reg_i_40__1/O
INFO: [Physopt 32-662] Processed net fastvit_bd_i/worker_0/inst/dwconv_worker_U/dataflow_in_loop_LOOP_DW_CH_1_U0/dwconv_process_channel4_U0/grp_dwconv_process_channel4_Pipeline_LOAD_DW_IN_fu_1093/ram_reg_i_20__3_n_0.  Did not re-place instance fastvit_bd_i/worker_0/inst/dwconv_worker_U/dataflow_in_loop_LOOP_DW_CH_1_U0/dwconv_process_channel4_U0/grp_dwconv_process_channel4_Pipeline_LOAD_DW_IN_fu_1093/ram_reg_i_20__3/O
INFO: [Physopt 32-662] Processed net fastvit_bd_i/worker_0/inst/dwconv_worker_U/dataflow_in_loop_LOOP_DW_CH_1_U0/dwconv_process_channel4_U0/grp_dwconv_process_channel4_Pipeline_LOAD_DW_IN_fu_1093/ram_reg_i_61_n_0.  Did not re-place instance fastvit_bd_i/worker_0/inst/dwconv_worker_U/dataflow_in_loop_LOOP_DW_CH_1_U0/dwconv_process_channel4_U0/grp_dwconv_process_channel4_Pipeline_LOAD_DW_IN_fu_1093/ram_reg_i_61/O
INFO: [Physopt 32-662] Processed net fastvit_bd_i/worker_0/inst/dwconv_worker_U/dataflow_in_loop_LOOP_DW_CH_1_U0/dwconv_process_channel4_U0/grp_dwconv_process_channel4_Pipeline_LOAD_DW_IN_fu_1093/ram_reg_i_121_n_0.  Did not re-place instance fastvit_bd_i/worker_0/inst/dwconv_worker_U/dataflow_in_loop_LOOP_DW_CH_1_U0/dwconv_process_channel4_U0/grp_dwconv_process_channel4_Pipeline_LOAD_DW_IN_fu_1093/ram_reg_i_121/O
INFO: [Physopt 32-662] Processed net fastvit_bd_i/worker_0/inst/dwconv_worker_U/dataflow_in_loop_LOOP_DW_CH_1_U0/dwconv_process_channel4_U0/grp_dwconv_process_channel4_Pipeline_LOAD_DW_IN_fu_1093/ram_reg_i_36__3_n_0.  Did not re-place instance fastvit_bd_i/worker_0/inst/dwconv_worker_U/dataflow_in_loop_LOOP_DW_CH_1_U0/dwconv_process_channel4_U0/grp_dwconv_process_channel4_Pipeline_LOAD_DW_IN_fu_1093/ram_reg_i_36__3/O
INFO: [Physopt 32-662] Processed net fastvit_bd_i/worker_0/inst/dwconv_worker_U/dataflow_in_loop_LOOP_DW_CH_1_U0/dwconv_process_channel4_U0/grp_dwconv_process_channel4_Pipeline_LOAD_DW_IN_fu_1093/ram_reg_i_126_n_0.  Did not re-place instance fastvit_bd_i/worker_0/inst/dwconv_worker_U/dataflow_in_loop_LOOP_DW_CH_1_U0/dwconv_process_channel4_U0/grp_dwconv_process_channel4_Pipeline_LOAD_DW_IN_fu_1093/ram_reg_i_126/O
INFO: [Physopt 32-662] Processed net fastvit_bd_i/worker_0/inst/dwconv_worker_U/dataflow_in_loop_LOOP_DW_CH_1_U0/dwconv_process_channel4_U0/grp_dwconv_process_channel4_Pipeline_LOAD_DW_IN_fu_1093/lshr_ln1_reg_5754[4].  Did not re-place instance fastvit_bd_i/worker_0/inst/dwconv_worker_U/dataflow_in_loop_LOOP_DW_CH_1_U0/dwconv_process_channel4_U0/grp_dwconv_process_channel4_Pipeline_LOAD_DW_IN_fu_1093/lshr_ln1_reg_5754_reg[4]/Q
INFO: [Physopt 32-662] Processed net fastvit_bd_i/worker_0/inst/dwconv_worker_U/dataflow_in_loop_LOOP_DW_CH_1_U0/dwconv_process_channel4_U0/grp_dwconv_process_channel4_Pipeline_LOAD_DW_IN_fu_1093/ram_reg_i_80_n_0.  Did not re-place instance fastvit_bd_i/worker_0/inst/dwconv_worker_U/dataflow_in_loop_LOOP_DW_CH_1_U0/dwconv_process_channel4_U0/grp_dwconv_process_channel4_Pipeline_LOAD_DW_IN_fu_1093/ram_reg_i_80/O
INFO: [Physopt 32-662] Processed net fastvit_bd_i/worker_0/inst/dwconv_worker_U/dataflow_in_loop_LOOP_DW_CH_1_U0/dwconv_process_channel4_U0/grp_dwconv_process_channel4_Pipeline_LOAD_DW_IN_fu_1093/ram_reg_i_29__0_n_0.  Did not re-place instance fastvit_bd_i/worker_0/inst/dwconv_worker_U/dataflow_in_loop_LOOP_DW_CH_1_U0/dwconv_process_channel4_U0/grp_dwconv_process_channel4_Pipeline_LOAD_DW_IN_fu_1093/ram_reg_i_29__0/O
INFO: [Physopt 32-662] Processed net fastvit_bd_i/worker_0/inst/dwconv_worker_U/dataflow_in_loop_LOOP_DW_CH_1_U0/dwconv_process_channel4_U0/grp_dwconv_process_channel4_Pipeline_LOAD_DW_IN_fu_1093/ram_reg_i_32__3_n_0.  Did not re-place instance fastvit_bd_i/worker_0/inst/dwconv_worker_U/dataflow_in_loop_LOOP_DW_CH_1_U0/dwconv_process_channel4_U0/grp_dwconv_process_channel4_Pipeline_LOAD_DW_IN_fu_1093/ram_reg_i_32__3/O
INFO: [Physopt 32-662] Processed net fastvit_bd_i/worker_0/inst/dwconv_worker_U/dataflow_in_loop_LOOP_DW_CH_1_U0/dwconv_process_channel4_U0/grp_dwconv_process_channel4_Pipeline_LOAD_DW_IN_fu_1093/ram_reg_i_105_n_0.  Did not re-place instance fastvit_bd_i/worker_0/inst/dwconv_worker_U/dataflow_in_loop_LOOP_DW_CH_1_U0/dwconv_process_channel4_U0/grp_dwconv_process_channel4_Pipeline_LOAD_DW_IN_fu_1093/ram_reg_i_105/O
INFO: [Physopt 32-662] Processed net fastvit_bd_i/worker_0/inst/dwconv_worker_U/dataflow_in_loop_LOOP_DW_CH_1_U0/dwconv_process_channel4_U0/grp_dwconv_process_channel4_Pipeline_LOAD_DW_IN_fu_1093/ram_reg_i_13__4_n_0.  Did not re-place instance fastvit_bd_i/worker_0/inst/dwconv_worker_U/dataflow_in_loop_LOOP_DW_CH_1_U0/dwconv_process_channel4_U0/grp_dwconv_process_channel4_Pipeline_LOAD_DW_IN_fu_1093/ram_reg_i_13__4/O
INFO: [Physopt 32-662] Processed net fastvit_bd_i/worker_0/inst/dwconv_worker_U/dataflow_in_loop_LOOP_DW_CH_1_U0/dwconv_process_channel4_U0/grp_dwconv_process_channel4_Pipeline_LOAD_DW_IN_fu_1093/ram_reg_i_23__3_n_0.  Did not re-place instance fastvit_bd_i/worker_0/inst/dwconv_worker_U/dataflow_in_loop_LOOP_DW_CH_1_U0/dwconv_process_channel4_U0/grp_dwconv_process_channel4_Pipeline_LOAD_DW_IN_fu_1093/ram_reg_i_23__3/O
INFO: [Physopt 32-662] Processed net fastvit_bd_i/worker_0/inst/dwconv_worker_U/dataflow_in_loop_LOOP_DW_CH_1_U0/dwconv_process_channel4_U0/grp_dwconv_process_channel4_Pipeline_LOAD_DW_IN_fu_1093/ram_reg_i_109_n_0.  Did not re-place instance fastvit_bd_i/worker_0/inst/dwconv_worker_U/dataflow_in_loop_LOOP_DW_CH_1_U0/dwconv_process_channel4_U0/grp_dwconv_process_channel4_Pipeline_LOAD_DW_IN_fu_1093/ram_reg_i_109/O
INFO: [Physopt 32-662] Processed net fastvit_bd_i/worker_0/inst/dwconv_worker_U/dataflow_in_loop_LOOP_DW_CH_1_U0/dwconv_process_channel4_U0/grp_dwconv_process_channel4_Pipeline_LOAD_DW_IN_fu_1093/ram_reg_i_33__3_n_0.  Did not re-place instance fastvit_bd_i/worker_0/inst/dwconv_worker_U/dataflow_in_loop_LOOP_DW_CH_1_U0/dwconv_process_channel4_U0/grp_dwconv_process_channel4_Pipeline_LOAD_DW_IN_fu_1093/ram_reg_i_33__3/O
INFO: [Physopt 32-662] Processed net fastvit_bd_i/worker_0/inst/dwconv_worker_U/dataflow_in_loop_LOOP_DW_CH_1_U0/dwconv_process_channel4_U0/grp_dwconv_process_channel4_Pipeline_LOAD_DW_IN_fu_1093/lshr_ln1_reg_5754[5].  Did not re-place instance fastvit_bd_i/worker_0/inst/dwconv_worker_U/dataflow_in_loop_LOOP_DW_CH_1_U0/dwconv_process_channel4_U0/grp_dwconv_process_channel4_Pipeline_LOAD_DW_IN_fu_1093/lshr_ln1_reg_5754_reg[5]/Q
INFO: [Physopt 32-662] Processed net fastvit_bd_i/worker_0/inst/dwconv_worker_U/dataflow_in_loop_LOOP_DW_CH_1_U0/dwconv_process_channel4_U0/grp_dwconv_process_channel4_Pipeline_LOAD_DW_IN_fu_1093/ram_reg_i_22__2_n_0.  Did not re-place instance fastvit_bd_i/worker_0/inst/dwconv_worker_U/dataflow_in_loop_LOOP_DW_CH_1_U0/dwconv_process_channel4_U0/grp_dwconv_process_channel4_Pipeline_LOAD_DW_IN_fu_1093/ram_reg_i_22__2/O
INFO: [Physopt 32-662] Processed net fastvit_bd_i/worker_0/inst/dwconv_worker_U/dataflow_in_loop_LOOP_DW_CH_1_U0/dwconv_process_channel4_U0/grp_dwconv_process_channel4_Pipeline_LOAD_DW_IN_fu_1093/ram_reg_i_65_n_0.  Did not re-place instance fastvit_bd_i/worker_0/inst/dwconv_worker_U/dataflow_in_loop_LOOP_DW_CH_1_U0/dwconv_process_channel4_U0/grp_dwconv_process_channel4_Pipeline_LOAD_DW_IN_fu_1093/ram_reg_i_65/O
INFO: [Physopt 32-662] Processed net fastvit_bd_i/worker_0/inst/dwconv_worker_U/dataflow_in_loop_LOOP_DW_CH_1_U0/dwconv_process_channel4_U0/grp_dwconv_process_channel4_Pipeline_LOAD_DW_IN_fu_1093/ram_reg_i_37__0_n_0.  Did not re-place instance fastvit_bd_i/worker_0/inst/dwconv_worker_U/dataflow_in_loop_LOOP_DW_CH_1_U0/dwconv_process_channel4_U0/grp_dwconv_process_channel4_Pipeline_LOAD_DW_IN_fu_1093/ram_reg_i_37__0/O
INFO: [Physopt 32-662] Processed net fastvit_bd_i/worker_0/inst/dwconv_worker_U/dataflow_in_loop_LOOP_DW_CH_1_U0/dwconv_process_channel4_U0/grp_dwconv_process_channel4_Pipeline_LOAD_DW_IN_fu_1093/ram_reg_i_44_n_0.  Did not re-place instance fastvit_bd_i/worker_0/inst/dwconv_worker_U/dataflow_in_loop_LOOP_DW_CH_1_U0/dwconv_process_channel4_U0/grp_dwconv_process_channel4_Pipeline_LOAD_DW_IN_fu_1093/ram_reg_i_44/O
INFO: [Physopt 32-662] Processed net fastvit_bd_i/worker_0/inst/dwconv_worker_U/dataflow_in_loop_LOOP_DW_CH_1_U0/dwconv_process_channel4_U0/grp_dwconv_process_channel4_Pipeline_LOAD_DW_IN_fu_1093/ram_reg_i_106_n_0.  Did not re-place instance fastvit_bd_i/worker_0/inst/dwconv_worker_U/dataflow_in_loop_LOOP_DW_CH_1_U0/dwconv_process_channel4_U0/grp_dwconv_process_channel4_Pipeline_LOAD_DW_IN_fu_1093/ram_reg_i_106/O
INFO: [Physopt 32-662] Processed net fastvit_bd_i/worker_0/inst/dwconv_worker_U/dataflow_in_loop_LOOP_DW_CH_1_U0/dwconv_process_channel4_U0/grp_dwconv_process_channel4_Pipeline_LOAD_DW_IN_fu_1093/lshr_ln1_reg_5754[0]_repN.  Did not re-place instance fastvit_bd_i/worker_0/inst/dwconv_worker_U/dataflow_in_loop_LOOP_DW_CH_1_U0/dwconv_process_channel4_U0/grp_dwconv_process_channel4_Pipeline_LOAD_DW_IN_fu_1093/lshr_ln1_reg_5754_reg[0]_replica/Q
INFO: [Physopt 32-662] Processed net fastvit_bd_i/worker_0/inst/dwconv_worker_U/dataflow_in_loop_LOOP_DW_CH_1_U0/dwconv_process_channel4_U0/grp_dwconv_process_channel4_Pipeline_LOAD_DW_IN_fu_1093/ram_reg_i_37__3_n_0.  Did not re-place instance fastvit_bd_i/worker_0/inst/dwconv_worker_U/dataflow_in_loop_LOOP_DW_CH_1_U0/dwconv_process_channel4_U0/grp_dwconv_process_channel4_Pipeline_LOAD_DW_IN_fu_1093/ram_reg_i_37__3/O
INFO: [Physopt 32-662] Processed net fastvit_bd_i/worker_0/inst/dwconv_worker_U/dataflow_in_loop_LOOP_DW_CH_1_U0/dwconv_process_channel4_U0/grp_dwconv_process_channel4_Pipeline_LOAD_DW_IN_fu_1093/ram_reg_i_127_n_0.  Did not re-place instance fastvit_bd_i/worker_0/inst/dwconv_worker_U/dataflow_in_loop_LOOP_DW_CH_1_U0/dwconv_process_channel4_U0/grp_dwconv_process_channel4_Pipeline_LOAD_DW_IN_fu_1093/ram_reg_i_127/O
INFO: [Physopt 32-662] Processed net fastvit_bd_i/worker_0/inst/dwconv_worker_U/dataflow_in_loop_LOOP_DW_CH_1_U0/dwconv_process_channel4_U0/grp_dwconv_process_channel4_Pipeline_LOAD_DW_IN_fu_1093/ram_reg_i_23__2_n_0.  Did not re-place instance fastvit_bd_i/worker_0/inst/dwconv_worker_U/dataflow_in_loop_LOOP_DW_CH_1_U0/dwconv_process_channel4_U0/grp_dwconv_process_channel4_Pipeline_LOAD_DW_IN_fu_1093/ram_reg_i_23__2/O
INFO: [Physopt 32-662] Processed net fastvit_bd_i/worker_0/inst/dwconv_worker_U/dataflow_in_loop_LOOP_DW_CH_1_U0/dwconv_process_channel4_U0/grp_dwconv_process_channel4_Pipeline_LOAD_DW_IN_fu_1093/ram_reg_i_69_n_0.  Did not re-place instance fastvit_bd_i/worker_0/inst/dwconv_worker_U/dataflow_in_loop_LOOP_DW_CH_1_U0/dwconv_process_channel4_U0/grp_dwconv_process_channel4_Pipeline_LOAD_DW_IN_fu_1093/ram_reg_i_69/O
INFO: [Physopt 32-662] Processed net fastvit_bd_i/worker_0/inst/dwconv_worker_U/dataflow_in_loop_LOOP_DW_CH_1_U0/dwconv_process_channel4_U0/grp_dwconv_process_channel4_Pipeline_LOAD_DW_IN_fu_1093/lshr_ln1_reg_5754[6]_repN.  Did not re-place instance fastvit_bd_i/worker_0/inst/dwconv_worker_U/dataflow_in_loop_LOOP_DW_CH_1_U0/dwconv_process_channel4_U0/grp_dwconv_process_channel4_Pipeline_LOAD_DW_IN_fu_1093/lshr_ln1_reg_5754_reg[6]_replica/Q
INFO: [Physopt 32-662] Processed net fastvit_bd_i/worker_0/inst/dwconv_worker_U/dataflow_in_loop_LOOP_DW_CH_1_U0/dwconv_process_channel4_U0/grp_dwconv_process_channel4_Pipeline_LOAD_DW_IN_fu_1093/ram_reg_i_59_n_0.  Did not re-place instance fastvit_bd_i/worker_0/inst/dwconv_worker_U/dataflow_in_loop_LOOP_DW_CH_1_U0/dwconv_process_channel4_U0/grp_dwconv_process_channel4_Pipeline_LOAD_DW_IN_fu_1093/ram_reg_i_59/O
INFO: [Physopt 32-662] Processed net fastvit_bd_i/worker_0/inst/dwconv_worker_U/dataflow_in_loop_LOOP_DW_CH_1_U0/dwconv_process_channel4_U0/grp_dwconv_process_channel4_Pipeline_LOAD_DW_IN_fu_1093/ram_reg_i_45_n_0.  Did not re-place instance fastvit_bd_i/worker_0/inst/dwconv_worker_U/dataflow_in_loop_LOOP_DW_CH_1_U0/dwconv_process_channel4_U0/grp_dwconv_process_channel4_Pipeline_LOAD_DW_IN_fu_1093/ram_reg_i_45/O
INFO: [Physopt 32-662] Processed net fastvit_bd_i/worker_0/inst/dwconv_worker_U/dataflow_in_loop_LOOP_DW_CH_1_U0/dwconv_process_channel4_U0/grp_dwconv_process_channel4_Pipeline_LOAD_DW_IN_fu_1093/ram_reg_i_33__1_n_0.  Did not re-place instance fastvit_bd_i/worker_0/inst/dwconv_worker_U/dataflow_in_loop_LOOP_DW_CH_1_U0/dwconv_process_channel4_U0/grp_dwconv_process_channel4_Pipeline_LOAD_DW_IN_fu_1093/ram_reg_i_33__1/O
INFO: [Physopt 32-662] Processed net fastvit_bd_i/worker_0/inst/dwconv_worker_U/dataflow_in_loop_LOOP_DW_CH_1_U0/dwconv_process_channel4_U0/grp_dwconv_process_channel4_Pipeline_LOAD_DW_IN_fu_1093/ram_reg_i_99_n_0.  Did not re-place instance fastvit_bd_i/worker_0/inst/dwconv_worker_U/dataflow_in_loop_LOOP_DW_CH_1_U0/dwconv_process_channel4_U0/grp_dwconv_process_channel4_Pipeline_LOAD_DW_IN_fu_1093/ram_reg_i_99/O
INFO: [Physopt 32-662] Processed net fastvit_bd_i/worker_0/inst/dwconv_worker_U/dataflow_in_loop_LOOP_DW_CH_1_U0/dwconv_process_channel4_U0/grp_dwconv_process_channel4_Pipeline_LOAD_DW_IN_fu_1093/ram_reg_i_17__1_n_0.  Did not re-place instance fastvit_bd_i/worker_0/inst/dwconv_worker_U/dataflow_in_loop_LOOP_DW_CH_1_U0/dwconv_process_channel4_U0/grp_dwconv_process_channel4_Pipeline_LOAD_DW_IN_fu_1093/ram_reg_i_17__1/O
INFO: [Physopt 32-662] Processed net fastvit_bd_i/worker_0/inst/dwconv_worker_U/dataflow_in_loop_LOOP_DW_CH_1_U0/dwconv_process_channel4_U0/grp_dwconv_process_channel4_Pipeline_LOAD_DW_IN_fu_1093/lshr_ln1_reg_5754[3]_repN_2.  Did not re-place instance fastvit_bd_i/worker_0/inst/dwconv_worker_U/dataflow_in_loop_LOOP_DW_CH_1_U0/dwconv_process_channel4_U0/grp_dwconv_process_channel4_Pipeline_LOAD_DW_IN_fu_1093/lshr_ln1_reg_5754_reg[3]_replica_2/Q
INFO: [Physopt 32-662] Processed net fastvit_bd_i/worker_0/inst/dwconv_worker_U/dataflow_in_loop_LOOP_DW_CH_1_U0/dwconv_process_channel4_U0/grp_dwconv_process_channel4_Pipeline_LOAD_DW_IN_fu_1093/ram_reg_i_108_n_0.  Did not re-place instance fastvit_bd_i/worker_0/inst/dwconv_worker_U/dataflow_in_loop_LOOP_DW_CH_1_U0/dwconv_process_channel4_U0/grp_dwconv_process_channel4_Pipeline_LOAD_DW_IN_fu_1093/ram_reg_i_108/O
INFO: [Physopt 32-662] Processed net fastvit_bd_i/worker_0/inst/dwconv_worker_U/dataflow_in_loop_LOOP_DW_CH_1_U0/dwconv_process_channel4_U0/grp_dwconv_process_channel4_Pipeline_LOAD_DW_IN_fu_1093/ram_reg_i_37__1_n_0.  Did not re-place instance fastvit_bd_i/worker_0/inst/dwconv_worker_U/dataflow_in_loop_LOOP_DW_CH_1_U0/dwconv_process_channel4_U0/grp_dwconv_process_channel4_Pipeline_LOAD_DW_IN_fu_1093/ram_reg_i_37__1/O
INFO: [Physopt 32-662] Processed net fastvit_bd_i/worker_0/inst/dwconv_worker_U/dataflow_in_loop_LOOP_DW_CH_1_U0/dwconv_process_channel4_U0/grp_dwconv_process_channel4_Pipeline_LOAD_DW_IN_fu_1093/ram_reg_i_41__2_n_0.  Did not re-place instance fastvit_bd_i/worker_0/inst/dwconv_worker_U/dataflow_in_loop_LOOP_DW_CH_1_U0/dwconv_process_channel4_U0/grp_dwconv_process_channel4_Pipeline_LOAD_DW_IN_fu_1093/ram_reg_i_41__2/O
INFO: [Physopt 32-662] Processed net fastvit_bd_i/worker_0/inst/dwconv_worker_U/dataflow_in_loop_LOOP_DW_CH_1_U0/dwconv_process_channel4_U0/grp_dwconv_process_channel4_Pipeline_LOAD_DW_IN_fu_1093/ram_reg_i_53__0_n_0.  Did not re-place instance fastvit_bd_i/worker_0/inst/dwconv_worker_U/dataflow_in_loop_LOOP_DW_CH_1_U0/dwconv_process_channel4_U0/grp_dwconv_process_channel4_Pipeline_LOAD_DW_IN_fu_1093/ram_reg_i_53__0/O
INFO: [Physopt 32-662] Processed net fastvit_bd_i/worker_0/inst/dwconv_worker_U/dataflow_in_loop_LOOP_DW_CH_1_U0/dwconv_process_channel4_U0/grp_dwconv_process_channel4_Pipeline_LOAD_DW_IN_fu_1093/ram_reg_i_103_n_0.  Did not re-place instance fastvit_bd_i/worker_0/inst/dwconv_worker_U/dataflow_in_loop_LOOP_DW_CH_1_U0/dwconv_process_channel4_U0/grp_dwconv_process_channel4_Pipeline_LOAD_DW_IN_fu_1093/ram_reg_i_103/O
INFO: [Physopt 32-662] Processed net fastvit_bd_i/worker_0/inst/dwconv_worker_U/dataflow_in_loop_LOOP_DW_CH_1_U0/dwconv_process_channel4_U0/grp_dwconv_process_channel4_Pipeline_LOAD_DW_IN_fu_1093/ram_reg_i_31__3_n_0.  Did not re-place instance fastvit_bd_i/worker_0/inst/dwconv_worker_U/dataflow_in_loop_LOOP_DW_CH_1_U0/dwconv_process_channel4_U0/grp_dwconv_process_channel4_Pipeline_LOAD_DW_IN_fu_1093/ram_reg_i_31__3/O
INFO: [Physopt 32-662] Processed net fastvit_bd_i/worker_0/inst/dwconv_worker_U/dataflow_in_loop_LOOP_DW_CH_1_U0/dwconv_process_channel4_U0/grp_dwconv_process_channel4_Pipeline_LOAD_DW_IN_fu_1093/ap_CS_fsm_pp0_stage0.  Did not re-place instance fastvit_bd_i/worker_0/inst/dwconv_worker_U/dataflow_in_loop_LOOP_DW_CH_1_U0/dwconv_process_channel4_U0/grp_dwconv_process_channel4_Pipeline_LOAD_DW_IN_fu_1093/ap_CS_fsm_reg[0]/Q
INFO: [Physopt 32-662] Processed net fastvit_bd_i/worker_0/inst/dwconv_worker_U/dataflow_in_loop_LOOP_DW_CH_1_U0/dwconv_process_channel4_U0/grp_dwconv_process_channel4_Pipeline_LOAD_DW_IN_fu_1093/ram_reg_i_31__3_n_0_repN.  Did not re-place instance fastvit_bd_i/worker_0/inst/dwconv_worker_U/dataflow_in_loop_LOOP_DW_CH_1_U0/dwconv_process_channel4_U0/grp_dwconv_process_channel4_Pipeline_LOAD_DW_IN_fu_1093/ram_reg_i_31__3_replica/O
INFO: [Physopt 32-662] Processed net fastvit_bd_i/worker_0/inst/dwconv_worker_U/dataflow_in_loop_LOOP_DW_CH_1_U0/dwconv_process_channel4_U0/grp_dwconv_process_channel4_Pipeline_LOAD_DW_IN_fu_1093/ram_reg_i_101_n_0_repN.  Did not re-place instance fastvit_bd_i/worker_0/inst/dwconv_worker_U/dataflow_in_loop_LOOP_DW_CH_1_U0/dwconv_process_channel4_U0/grp_dwconv_process_channel4_Pipeline_LOAD_DW_IN_fu_1093/ram_reg_i_101_replica/O
INFO: [Physopt 32-662] Processed net fastvit_bd_i/worker_0/inst/dwconv_worker_U/dataflow_in_loop_LOOP_DW_CH_1_U0/dwconv_process_channel4_U0/grp_dwconv_process_channel4_Pipeline_LOAD_DW_IN_fu_1093/ram_reg_i_21__3_n_0.  Did not re-place instance fastvit_bd_i/worker_0/inst/dwconv_worker_U/dataflow_in_loop_LOOP_DW_CH_1_U0/dwconv_process_channel4_U0/grp_dwconv_process_channel4_Pipeline_LOAD_DW_IN_fu_1093/ram_reg_i_21__3/O
INFO: [Physopt 32-662] Processed net fastvit_bd_i/worker_0/inst/dwconv_worker_U/dataflow_in_loop_LOOP_DW_CH_1_U0/dwconv_process_channel4_U0/grp_dwconv_process_channel4_Pipeline_LOAD_DW_IN_fu_1093/ram_reg_i_63_n_0_repN.  Did not re-place instance fastvit_bd_i/worker_0/inst/dwconv_worker_U/dataflow_in_loop_LOOP_DW_CH_1_U0/dwconv_process_channel4_U0/grp_dwconv_process_channel4_Pipeline_LOAD_DW_IN_fu_1093/ram_reg_i_63_replica/O
INFO: [Physopt 32-662] Processed net fastvit_bd_i/worker_0/inst/dwconv_worker_U/dataflow_in_loop_LOOP_DW_CH_1_U0/dwconv_process_channel4_U0/grp_dwconv_process_channel4_Pipeline_LOAD_DW_IN_fu_1093/ram_reg_i_33__2_n_0.  Did not re-place instance fastvit_bd_i/worker_0/inst/dwconv_worker_U/dataflow_in_loop_LOOP_DW_CH_1_U0/dwconv_process_channel4_U0/grp_dwconv_process_channel4_Pipeline_LOAD_DW_IN_fu_1093/ram_reg_i_33__2/O
INFO: [Physopt 32-662] Processed net fastvit_bd_i/worker_0/inst/dwconv_worker_U/dataflow_in_loop_LOOP_DW_CH_1_U0/dwconv_process_channel4_U0/grp_dwconv_process_channel4_Pipeline_LOAD_DW_IN_fu_1093/ram_reg_i_111_n_0.  Did not re-place instance fastvit_bd_i/worker_0/inst/dwconv_worker_U/dataflow_in_loop_LOOP_DW_CH_1_U0/dwconv_process_channel4_U0/grp_dwconv_process_channel4_Pipeline_LOAD_DW_IN_fu_1093/ram_reg_i_111/O
INFO: [Physopt 32-662] Processed net fastvit_bd_i/worker_0/inst/dwconv_worker_U/dataflow_in_loop_LOOP_DW_CH_1_U0/dwconv_process_channel4_U0/grp_dwconv_process_channel4_Pipeline_LOAD_DW_IN_fu_1093/ram_reg_i_32__2_n_0.  Did not re-place instance fastvit_bd_i/worker_0/inst/dwconv_worker_U/dataflow_in_loop_LOOP_DW_CH_1_U0/dwconv_process_channel4_U0/grp_dwconv_process_channel4_Pipeline_LOAD_DW_IN_fu_1093/ram_reg_i_32__2/O
INFO: [Physopt 32-662] Processed net fastvit_bd_i/worker_0/inst/dwconv_worker_U/dataflow_in_loop_LOOP_DW_CH_1_U0/dwconv_process_channel4_U0/grp_dwconv_process_channel4_Pipeline_LOAD_DW_IN_fu_1093/ram_reg_i_38__1_n_0.  Did not re-place instance fastvit_bd_i/worker_0/inst/dwconv_worker_U/dataflow_in_loop_LOOP_DW_CH_1_U0/dwconv_process_channel4_U0/grp_dwconv_process_channel4_Pipeline_LOAD_DW_IN_fu_1093/ram_reg_i_38__1/O
INFO: [Physopt 32-662] Processed net fastvit_bd_i/worker_0/inst/dwconv_worker_U/dataflow_in_loop_LOOP_DW_CH_1_U0/dwconv_process_channel4_U0/grp_dwconv_process_channel4_Pipeline_LOAD_DW_IN_fu_1093/ram_reg_i_95_n_0.  Did not re-place instance fastvit_bd_i/worker_0/inst/dwconv_worker_U/dataflow_in_loop_LOOP_DW_CH_1_U0/dwconv_process_channel4_U0/grp_dwconv_process_channel4_Pipeline_LOAD_DW_IN_fu_1093/ram_reg_i_95/O
INFO: [Physopt 32-662] Processed net fastvit_bd_i/worker_0/inst/dwconv_worker_U/dataflow_in_loop_LOOP_DW_CH_1_U0/dwconv_process_channel4_U0/grp_dwconv_process_channel4_Pipeline_LOAD_DW_IN_fu_1093/ram_reg_i_25__0_n_0.  Did not re-place instance fastvit_bd_i/worker_0/inst/dwconv_worker_U/dataflow_in_loop_LOOP_DW_CH_1_U0/dwconv_process_channel4_U0/grp_dwconv_process_channel4_Pipeline_LOAD_DW_IN_fu_1093/ram_reg_i_25__0/O
INFO: [Physopt 32-662] Processed net fastvit_bd_i/worker_0/inst/dwconv_worker_U/dataflow_in_loop_LOOP_DW_CH_1_U0/dwconv_process_channel4_U0/grp_dwconv_process_channel4_Pipeline_LOAD_DW_IN_fu_1093/ram_reg_i_44__0_n_0.  Did not re-place instance fastvit_bd_i/worker_0/inst/dwconv_worker_U/dataflow_in_loop_LOOP_DW_CH_1_U0/dwconv_process_channel4_U0/grp_dwconv_process_channel4_Pipeline_LOAD_DW_IN_fu_1093/ram_reg_i_44__0/O
INFO: [Physopt 32-662] Processed net fastvit_bd_i/worker_0/inst/dwconv_worker_U/dataflow_in_loop_LOOP_DW_CH_1_U0/dwconv_process_channel4_U0/grp_dwconv_process_channel4_Pipeline_LOAD_DW_IN_fu_1093/lshr_ln1_reg_5754[3]_repN.  Did not re-place instance fastvit_bd_i/worker_0/inst/dwconv_worker_U/dataflow_in_loop_LOOP_DW_CH_1_U0/dwconv_process_channel4_U0/grp_dwconv_process_channel4_Pipeline_LOAD_DW_IN_fu_1093/lshr_ln1_reg_5754_reg[3]_replica/Q
INFO: [Physopt 32-662] Processed net fastvit_bd_i/worker_0/inst/dwconv_worker_U/dataflow_in_loop_LOOP_DW_CH_1_U0/dwconv_process_channel4_U0/grp_dwconv_process_channel4_Pipeline_LOAD_DW_IN_fu_1093/ram_reg_i_30__2_n_0.  Did not re-place instance fastvit_bd_i/worker_0/inst/dwconv_worker_U/dataflow_in_loop_LOOP_DW_CH_1_U0/dwconv_process_channel4_U0/grp_dwconv_process_channel4_Pipeline_LOAD_DW_IN_fu_1093/ram_reg_i_30__2/O
INFO: [Physopt 32-662] Processed net fastvit_bd_i/worker_0/inst/dwconv_worker_U/dataflow_in_loop_LOOP_DW_CH_1_U0/dwconv_process_channel4_U0/grp_dwconv_process_channel4_Pipeline_LOAD_DW_IN_fu_1093/ram_reg_i_97_n_0.  Did not re-place instance fastvit_bd_i/worker_0/inst/dwconv_worker_U/dataflow_in_loop_LOOP_DW_CH_1_U0/dwconv_process_channel4_U0/grp_dwconv_process_channel4_Pipeline_LOAD_DW_IN_fu_1093/ram_reg_i_97/O
INFO: [Physopt 32-662] Processed net fastvit_bd_i/worker_0/inst/dwconv_worker_U/dataflow_in_loop_LOOP_DW_CH_1_U0/dwconv_process_channel4_U0/grp_dwconv_process_channel4_Pipeline_LOAD_DW_IN_fu_1093/ram_reg_i_132_n_0.  Did not re-place instance fastvit_bd_i/worker_0/inst/dwconv_worker_U/dataflow_in_loop_LOOP_DW_CH_1_U0/dwconv_process_channel4_U0/grp_dwconv_process_channel4_Pipeline_LOAD_DW_IN_fu_1093/ram_reg_i_132/O
INFO: [Physopt 32-662] Processed net fastvit_bd_i/worker_0/inst/dwconv_worker_U/dataflow_in_loop_LOOP_DW_CH_1_U0/dwconv_process_channel4_U0/grp_dwconv_process_channel4_Pipeline_LOAD_DW_IN_fu_1093/ram_reg_i_46__2_n_0.  Did not re-place instance fastvit_bd_i/worker_0/inst/dwconv_worker_U/dataflow_in_loop_LOOP_DW_CH_1_U0/dwconv_process_channel4_U0/grp_dwconv_process_channel4_Pipeline_LOAD_DW_IN_fu_1093/ram_reg_i_46__2/O
INFO: [Physopt 32-662] Processed net fastvit_bd_i/worker_0/inst/dwconv_worker_U/dataflow_in_loop_LOOP_DW_CH_1_U0/dwconv_process_channel4_U0/grp_dwconv_process_channel4_Pipeline_LOAD_DW_IN_fu_1093/ram_reg_i_67_n_0.  Did not re-place instance fastvit_bd_i/worker_0/inst/dwconv_worker_U/dataflow_in_loop_LOOP_DW_CH_1_U0/dwconv_process_channel4_U0/grp_dwconv_process_channel4_Pipeline_LOAD_DW_IN_fu_1093/ram_reg_i_67/O
INFO: [Physopt 32-662] Processed net fastvit_bd_i/worker_0/inst/dwconv_worker_U/dataflow_in_loop_LOOP_DW_CH_1_U0/dwconv_process_channel4_U0/grp_dwconv_process_channel4_Pipeline_LOAD_DW_IN_fu_1093/ram_reg_i_133_n_0.  Did not re-place instance fastvit_bd_i/worker_0/inst/dwconv_worker_U/dataflow_in_loop_LOOP_DW_CH_1_U0/dwconv_process_channel4_U0/grp_dwconv_process_channel4_Pipeline_LOAD_DW_IN_fu_1093/ram_reg_i_133/O
INFO: [Physopt 32-662] Processed net fastvit_bd_i/worker_0/inst/dwconv_worker_U/dataflow_in_loop_LOOP_DW_CH_1_U0/dwconv_process_channel4_U0/grp_dwconv_process_channel4_Pipeline_LOAD_DW_IN_fu_1093/ram_reg_i_102_n_0.  Did not re-place instance fastvit_bd_i/worker_0/inst/dwconv_worker_U/dataflow_in_loop_LOOP_DW_CH_1_U0/dwconv_process_channel4_U0/grp_dwconv_process_channel4_Pipeline_LOAD_DW_IN_fu_1093/ram_reg_i_102/O
INFO: [Physopt 32-662] Processed net fastvit_bd_i/worker_0/inst/dwconv_worker_U/dataflow_in_loop_LOOP_DW_CH_1_U0/dwconv_process_channel4_U0/grp_dwconv_process_channel4_Pipeline_LOAD_DW_IN_fu_1093/ram_reg_i_42__1_n_0.  Did not re-place instance fastvit_bd_i/worker_0/inst/dwconv_worker_U/dataflow_in_loop_LOOP_DW_CH_1_U0/dwconv_process_channel4_U0/grp_dwconv_process_channel4_Pipeline_LOAD_DW_IN_fu_1093/ram_reg_i_42__1/O
INFO: [Physopt 32-662] Processed net fastvit_bd_i/worker_0/inst/dwconv_worker_U/dataflow_in_loop_LOOP_DW_CH_1_U0/dwconv_process_channel4_U0/grp_dwconv_process_channel4_Pipeline_LOAD_DW_IN_fu_1093/ram_reg_i_39__1_n_0.  Did not re-place instance fastvit_bd_i/worker_0/inst/dwconv_worker_U/dataflow_in_loop_LOOP_DW_CH_1_U0/dwconv_process_channel4_U0/grp_dwconv_process_channel4_Pipeline_LOAD_DW_IN_fu_1093/ram_reg_i_39__1/O
INFO: [Physopt 32-662] Processed net fastvit_bd_i/worker_0/inst/dwconv_worker_U/dataflow_in_loop_LOOP_DW_CH_1_U0/dwconv_process_channel4_U0/grp_dwconv_process_channel4_Pipeline_LOAD_DW_IN_fu_1093/ram_reg_i_115_n_0.  Did not re-place instance fastvit_bd_i/worker_0/inst/dwconv_worker_U/dataflow_in_loop_LOOP_DW_CH_1_U0/dwconv_process_channel4_U0/grp_dwconv_process_channel4_Pipeline_LOAD_DW_IN_fu_1093/ram_reg_i_115/O
INFO: [Physopt 32-662] Processed net fastvit_bd_i/worker_0/inst/dwconv_worker_U/dataflow_in_loop_LOOP_DW_CH_1_U0/dwconv_process_channel4_U0/grp_dwconv_process_channel4_Pipeline_LOAD_DW_IN_fu_1093/ram_reg_i_39__3_n_0.  Did not re-place instance fastvit_bd_i/worker_0/inst/dwconv_worker_U/dataflow_in_loop_LOOP_DW_CH_1_U0/dwconv_process_channel4_U0/grp_dwconv_process_channel4_Pipeline_LOAD_DW_IN_fu_1093/ram_reg_i_39__3/O
INFO: [Physopt 32-661] Optimized 4 nets.  Re-placed 12 instances.
INFO: [Physopt 32-775] End 1 Pass. Optimized 4 nets or cells. Created 0 new cell, deleted 0 existing cell and moved 12 existing cells
INFO: [Physopt 32-619] Estimated Timing Summary | WNS=-0.118 | TNS=-2.245 |
Netlist sorting complete. Time (s): cpu = 00:00:00 ; elapsed = 00:00:00.008 . Memory (MB): peak = 2650.180 ; gain = 0.000
Phase 30 Multi Cell Placement Optimization | Checksum: 1517af540

Time (s): cpu = 00:00:48 ; elapsed = 00:00:48 . Memory (MB): peak = 2650.180 ; gain = 23.656

Phase 31 SLR Crossing Optimization
Phase 31 SLR Crossing Optimization | Checksum: 1517af540

Time (s): cpu = 00:00:48 ; elapsed = 00:00:48 . Memory (MB): peak = 2650.180 ; gain = 23.656

Phase 32 Critical Path Optimization
INFO: [Physopt 32-619] Estimated Timing Summary | WNS=-0.118 | TNS=-2.245 |
INFO: [Physopt 32-702] Processed net fastvit_bd_i/worker_0/inst/dwconv_worker_U/dataflow_in_loop_LOOP_DW_CH_1_U0/p_ZL9ch_in_buf_14_U/fastvit_ip_dataflow_in_loop_LOOP_DW_CH_1_p_ZL9ch_in_buf_0_RAM_1P_BRAM_1R1W_memcore_U/p_ZL9dw_in_buf_0_1[0]_i_2_psbram_n_1_alias. Optimizations did not improve timing on the net.
INFO: [Physopt 32-702] Processed net fastvit_bd_i/ps7_0/inst/FCLK_CLK_unbuffered[0]. Optimizations did not improve timing on the net.
INFO: [Physopt 32-702] Processed net fastvit_bd_i/worker_0/inst/dwconv_worker_U/dataflow_in_loop_LOOP_DW_CH_1_U0/dwconv_process_channel4_U0/grp_dwconv_process_channel4_Pipeline_LOAD_DW_IN_fu_1093/ram_reg_i_45__0_n_0. Optimizations did not improve timing on the net.
INFO: [Physopt 32-81] Processed net fastvit_bd_i/worker_0/inst/dwconv_worker_U/dataflow_in_loop_LOOP_DW_CH_1_U0/dwconv_process_channel4_U0/grp_dwconv_process_channel4_Pipeline_LOAD_DW_IN_fu_1093/ram_reg_i_128_n_0. Replicated 1 times.
INFO: [Physopt 32-735] Processed net fastvit_bd_i/worker_0/inst/dwconv_worker_U/dataflow_in_loop_LOOP_DW_CH_1_U0/dwconv_process_channel4_U0/grp_dwconv_process_channel4_Pipeline_LOAD_DW_IN_fu_1093/ram_reg_i_128_n_0. Optimization improves timing on the net.
INFO: [Physopt 32-619] Estimated Timing Summary | WNS=-0.112 | TNS=-2.230 |
INFO: [Physopt 32-702] Processed net fastvit_bd_i/worker_0/inst/dwconv_worker_U/dataflow_in_loop_LOOP_DW_CH_1_U0/p_ZL9ch_in_buf_6_U/fastvit_ip_dataflow_in_loop_LOOP_DW_CH_1_p_ZL9ch_in_buf_0_RAM_1P_BRAM_1R1W_memcore_U/ram_reg_0[0]. Optimizations did not improve timing on the net.
INFO: [Physopt 32-702] Processed net fastvit_bd_i/worker_0/inst/dwconv_worker_U/dataflow_in_loop_LOOP_DW_CH_1_U0/dwconv_process_channel4_U0/grp_dwconv_process_channel4_Pipeline_LOAD_DW_IN_fu_1093/ram_reg_i_22__1_n_0. Optimizations did not improve timing on the net.
INFO: [Physopt 32-81] Processed net fastvit_bd_i/worker_0/inst/dwconv_worker_U/dataflow_in_loop_LOOP_DW_CH_1_U0/dwconv_process_channel4_U0/grp_dwconv_process_channel4_Pipeline_LOAD_DW_IN_fu_1093/ram_reg_i_61_n_0. Replicated 1 times.
INFO: [Physopt 32-735] Processed net fastvit_bd_i/worker_0/inst/dwconv_worker_U/dataflow_in_loop_LOOP_DW_CH_1_U0/dwconv_process_channel4_U0/grp_dwconv_process_channel4_Pipeline_LOAD_DW_IN_fu_1093/ram_reg_i_61_n_0. Optimization improves timing on the net.
INFO: [Physopt 32-619] Estimated Timing Summary | WNS=-0.109 | TNS=-2.137 |
INFO: [Physopt 32-702] Processed net fastvit_bd_i/worker_0/inst/dwconv_worker_U/dataflow_in_loop_LOOP_DW_CH_1_U0/p_ZL9ch_in_buf_5_U/fastvit_ip_dataflow_in_loop_LOOP_DW_CH_1_p_ZL9ch_in_buf_0_RAM_1P_BRAM_1R1W_memcore_U/p_ZL9dw_in_buf_0_1[0]_i_4_psbram_n_1_alias. Optimizations did not improve timing on the net.
INFO: [Physopt 32-702] Processed net fastvit_bd_i/worker_0/inst/dwconv_worker_U/dataflow_in_loop_LOOP_DW_CH_1_U0/dwconv_process_channel4_U0/grp_dwconv_process_channel4_Pipeline_LOAD_DW_IN_fu_1093/ram_reg_i_40__1_n_0. Optimizations did not improve timing on the net.
INFO: [Physopt 32-702] Processed net fastvit_bd_i/worker_0/inst/dwconv_worker_U/dataflow_in_loop_LOOP_DW_CH_1_U0/dwconv_process_channel4_U0/grp_dwconv_process_channel4_Pipeline_LOAD_DW_IN_fu_1093/ram_reg_i_119_n_0. Optimizations did not improve timing on the net.
INFO: [Physopt 32-608] Optimized 1 net.  Swapped 24 pins.
INFO: [Physopt 32-735] Processed net fastvit_bd_i/worker_0/inst/dwconv_worker_U/dataflow_in_loop_LOOP_DW_CH_1_U0/dwconv_process_channel4_U0/grp_dwconv_process_channel4_Pipeline_LOAD_DW_IN_fu_1093/add_ln221_1_reg_5839_reg[3]_1[1]. Optimization improves timing on the net.
INFO: [Physopt 32-619] Estimated Timing Summary | WNS=-0.093 | TNS=-2.111 |
INFO: [Physopt 32-702] Processed net fastvit_bd_i/worker_0/inst/dwconv_worker_U/dataflow_in_loop_LOOP_DW_CH_1_U0/p_ZL9ch_in_buf_0_U/fastvit_ip_dataflow_in_loop_LOOP_DW_CH_1_p_ZL9ch_in_buf_0_RAM_1P_BRAM_1R1W_memcore_U/p_ZL9dw_in_buf_0_1[0]_i_2_psbram_n_3_alias. Optimizations did not improve timing on the net.
INFO: [Physopt 32-702] Processed net fastvit_bd_i/worker_0/inst/dwconv_worker_U/dataflow_in_loop_LOOP_DW_CH_1_U0/dwconv_process_channel4_U0/grp_dwconv_process_channel4_Pipeline_LOAD_DW_IN_fu_1093/ram_reg_i_36__3_n_0. Optimizations did not improve timing on the net.
INFO: [Physopt 32-702] Processed net fastvit_bd_i/worker_0/inst/dwconv_worker_U/dataflow_in_loop_LOOP_DW_CH_1_U0/dwconv_process_channel4_U0/grp_dwconv_process_channel4_Pipeline_LOAD_DW_IN_fu_1093/ram_reg_i_121_n_0. Optimizations did not improve timing on the net.
INFO: [Physopt 32-702] Processed net fastvit_bd_i/worker_0/inst/dwconv_worker_U/dataflow_in_loop_LOOP_DW_CH_1_U0/dwconv_process_channel4_U0/grp_dwconv_process_channel4_Pipeline_LOAD_DW_IN_fu_1093/add_ln221_1_reg_5839_reg[3]_3[1]. Optimizations did not improve timing on the net.
INFO: [Physopt 32-81] Processed net fastvit_bd_i/worker_0/inst/dwconv_worker_U/dataflow_in_loop_LOOP_DW_CH_1_U0/dwconv_process_channel4_U0/grp_dwconv_process_channel4_Pipeline_LOAD_DW_IN_fu_1093/lshr_ln1_reg_5754[1]_repN_2. Replicated 1 times.
INFO: [Physopt 32-735] Processed net fastvit_bd_i/worker_0/inst/dwconv_worker_U/dataflow_in_loop_LOOP_DW_CH_1_U0/dwconv_process_channel4_U0/grp_dwconv_process_channel4_Pipeline_LOAD_DW_IN_fu_1093/lshr_ln1_reg_5754[1]_repN_2. Optimization improves timing on the net.
INFO: [Physopt 32-619] Estimated Timing Summary | WNS=-0.090 | TNS=-2.105 |
INFO: [Physopt 32-702] Processed net fastvit_bd_i/worker_0/inst/dwconv_worker_U/dataflow_in_loop_LOOP_DW_CH_1_U0/dwconv_process_channel4_U0/grp_dwconv_process_channel4_Pipeline_LOAD_DW_IN_fu_1093/lshr_ln1_reg_5754[1]_repN_2. Optimizations did not improve timing on the net.
INFO: [Physopt 32-702] Processed net fastvit_bd_i/worker_0/inst/dwconv_worker_U/dataflow_in_loop_LOOP_DW_CH_1_U0/p_ZL9ch_in_buf_0_U/fastvit_ip_dataflow_in_loop_LOOP_DW_CH_1_p_ZL9ch_in_buf_0_RAM_1P_BRAM_1R1W_memcore_U/p_ZL9dw_in_buf_0_1[0]_i_2_psbram_n_3_alias. Optimizations did not improve timing on the net.
INFO: [Physopt 32-702] Processed net fastvit_bd_i/ps7_0/inst/FCLK_CLK_unbuffered[0]. Optimizations did not improve timing on the net.
INFO: [Physopt 32-702] Processed net fastvit_bd_i/worker_0/inst/dwconv_worker_U/dataflow_in_loop_LOOP_DW_CH_1_U0/dwconv_process_channel4_U0/grp_dwconv_process_channel4_Pipeline_LOAD_DW_IN_fu_1093/ram_reg_i_36__3_n_0. Optimizations did not improve timing on the net.
INFO: [Physopt 32-702] Processed net fastvit_bd_i/worker_0/inst/dwconv_worker_U/dataflow_in_loop_LOOP_DW_CH_1_U0/dwconv_process_channel4_U0/grp_dwconv_process_channel4_Pipeline_LOAD_DW_IN_fu_1093/ram_reg_i_121_n_0. Optimizations did not improve timing on the net.
INFO: [Physopt 32-702] Processed net fastvit_bd_i/worker_0/inst/dwconv_worker_U/dataflow_in_loop_LOOP_DW_CH_1_U0/dwconv_process_channel4_U0/grp_dwconv_process_channel4_Pipeline_LOAD_DW_IN_fu_1093/add_ln221_1_reg_5839_reg[3]_3[1]. Optimizations did not improve timing on the net.
INFO: [Physopt 32-702] Processed net fastvit_bd_i/worker_0/inst/dwconv_worker_U/dataflow_in_loop_LOOP_DW_CH_1_U0/dwconv_process_channel4_U0/grp_dwconv_process_channel4_Pipeline_LOAD_DW_IN_fu_1093/lshr_ln1_reg_5754[1]_repN_2. Optimizations did not improve timing on the net.
INFO: [Physopt 32-619] Estimated Timing Summary | WNS=-0.090 | TNS=-2.105 |
Netlist sorting complete. Time (s): cpu = 00:00:00 ; elapsed = 00:00:00.015 . Memory (MB): peak = 2655.672 ; gain = 0.000
Phase 32 Critical Path Optimization | Checksum: 1517af540

Time (s): cpu = 00:00:51 ; elapsed = 00:00:51 . Memory (MB): peak = 2655.672 ; gain = 29.148

Phase 33 Critical Path Optimization
INFO: [Physopt 32-619] Estimated Timing Summary | WNS=-0.090 | TNS=-2.105 |
INFO: [Physopt 32-702] Processed net fastvit_bd_i/worker_0/inst/dwconv_worker_U/dataflow_in_loop_LOOP_DW_CH_1_U0/p_ZL9ch_in_buf_0_U/fastvit_ip_dataflow_in_loop_LOOP_DW_CH_1_p_ZL9ch_in_buf_0_RAM_1P_BRAM_1R1W_memcore_U/p_ZL9dw_in_buf_0_1[0]_i_2_psbram_n_3_alias. Optimizations did not improve timing on the net.
INFO: [Physopt 32-702] Processed net fastvit_bd_i/ps7_0/inst/FCLK_CLK_unbuffered[0]. Optimizations did not improve timing on the net.
INFO: [Physopt 32-702] Processed net fastvit_bd_i/worker_0/inst/dwconv_worker_U/dataflow_in_loop_LOOP_DW_CH_1_U0/dwconv_process_channel4_U0/grp_dwconv_process_channel4_Pipeline_LOAD_DW_IN_fu_1093/ram_reg_i_36__3_n_0. Optimizations did not improve timing on the net.
INFO: [Physopt 32-702] Processed net fastvit_bd_i/worker_0/inst/dwconv_worker_U/dataflow_in_loop_LOOP_DW_CH_1_U0/dwconv_process_channel4_U0/grp_dwconv_process_channel4_Pipeline_LOAD_DW_IN_fu_1093/ram_reg_i_121_n_0. Optimizations did not improve timing on the net.
INFO: [Physopt 32-702] Processed net fastvit_bd_i/worker_0/inst/dwconv_worker_U/dataflow_in_loop_LOOP_DW_CH_1_U0/dwconv_process_channel4_U0/grp_dwconv_process_channel4_Pipeline_LOAD_DW_IN_fu_1093/add_ln221_1_reg_5839_reg[3]_3[1]. Optimizations did not improve timing on the net.
INFO: [Physopt 32-702] Processed net fastvit_bd_i/worker_0/inst/dwconv_worker_U/dataflow_in_loop_LOOP_DW_CH_1_U0/dwconv_process_channel4_U0/grp_dwconv_process_channel4_Pipeline_LOAD_DW_IN_fu_1093/lshr_ln1_reg_5754[1]_repN_2. Optimizations did not improve timing on the net.
INFO: [Physopt 32-702] Processed net fastvit_bd_i/worker_0/inst/dwconv_worker_U/dataflow_in_loop_LOOP_DW_CH_1_U0/p_ZL9ch_in_buf_0_U/fastvit_ip_dataflow_in_loop_LOOP_DW_CH_1_p_ZL9ch_in_buf_0_RAM_1P_BRAM_1R1W_memcore_U/p_ZL9dw_in_buf_0_1[0]_i_2_psbram_n_3_alias. Optimizations did not improve timing on the net.
INFO: [Physopt 32-702] Processed net fastvit_bd_i/ps7_0/inst/FCLK_CLK_unbuffered[0]. Optimizations did not improve timing on the net.
INFO: [Physopt 32-702] Processed net fastvit_bd_i/worker_0/inst/dwconv_worker_U/dataflow_in_loop_LOOP_DW_CH_1_U0/dwconv_process_channel4_U0/grp_dwconv_process_channel4_Pipeline_LOAD_DW_IN_fu_1093/ram_reg_i_36__3_n_0. Optimizations did not improve timing on the net.
INFO: [Physopt 32-702] Processed net fastvit_bd_i/worker_0/inst/dwconv_worker_U/dataflow_in_loop_LOOP_DW_CH_1_U0/dwconv_process_channel4_U0/grp_dwconv_process_channel4_Pipeline_LOAD_DW_IN_fu_1093/ram_reg_i_121_n_0. Optimizations did not improve timing on the net.
INFO: [Physopt 32-702] Processed net fastvit_bd_i/worker_0/inst/dwconv_worker_U/dataflow_in_loop_LOOP_DW_CH_1_U0/dwconv_process_channel4_U0/grp_dwconv_process_channel4_Pipeline_LOAD_DW_IN_fu_1093/add_ln221_1_reg_5839_reg[3]_3[1]. Optimizations did not improve timing on the net.
INFO: [Physopt 32-702] Processed net fastvit_bd_i/worker_0/inst/dwconv_worker_U/dataflow_in_loop_LOOP_DW_CH_1_U0/dwconv_process_channel4_U0/grp_dwconv_process_channel4_Pipeline_LOAD_DW_IN_fu_1093/lshr_ln1_reg_5754[1]_repN_2. Optimizations did not improve timing on the net.
INFO: [Physopt 32-619] Estimated Timing Summary | WNS=-0.090 | TNS=-2.105 |
Netlist sorting complete. Time (s): cpu = 00:00:00 ; elapsed = 00:00:00.010 . Memory (MB): peak = 2655.672 ; gain = 0.000
Phase 33 Critical Path Optimization | Checksum: 1517af540

Time (s): cpu = 00:00:52 ; elapsed = 00:00:52 . Memory (MB): peak = 2655.672 ; gain = 29.148

Phase 34 BRAM Enable Optimization
Phase 34 BRAM Enable Optimization | Checksum: 1517af540

Time (s): cpu = 00:00:52 ; elapsed = 00:00:52 . Memory (MB): peak = 2655.672 ; gain = 29.148
INFO: [Physopt 32-960] Skip hold-fix as initial WHS does not violate hold threshold 250 ps
Netlist sorting complete. Time (s): cpu = 00:00:00 ; elapsed = 00:00:00.005 . Memory (MB): peak = 2655.672 ; gain = 0.000
INFO: [Physopt 32-603] Post Physical Optimization Timing Summary | WNS=-0.090 | TNS=-2.105 |

Summary of Physical Synthesis Optimizations
============================================


----------------------------------------------------------------------------------------------------------------------------------------------------------------------
|  Optimization            |  WNS Gain (ns)  |  TNS Gain (ns)  |  Added Cells  |  Removed Cells  |  Optimized Cells/Nets  |  Dont Touch  |  Iterations  |  Elapsed   |
----------------------------------------------------------------------------------------------------------------------------------------------------------------------
|  Fanout                  |          0.002  |          0.679  |           16  |              0  |                     4  |           0  |           3  |  00:00:06  |
|  Single Cell Placement   |          0.163  |         25.350  |            0  |              0  |                   257  |           0  |           4  |  00:00:11  |
|  Multi Cell Placement    |          0.003  |          1.568  |            0  |              0  |                    12  |           0  |           4  |  00:00:10  |
|  Rewire                  |          0.252  |          6.381  |            3  |              0  |                     8  |           0  |           3  |  00:00:01  |
|  Critical Cell           |          0.042  |          1.497  |           31  |              0  |                    23  |           0  |           3  |  00:00:09  |
|  SLR Crossing            |          0.000  |          0.000  |            0  |              0  |                     0  |           0  |           3  |  00:00:00  |
|  DSP Register            |          0.000  |          0.210  |          115  |             17  |                    12  |           0  |           2  |  00:00:02  |
|  BRAM Register           |          0.000  |          0.072  |           28  |              0  |                     7  |           0  |           2  |  00:00:01  |
|  URAM Register           |          0.000  |          0.000  |            0  |              0  |                     0  |           0  |           2  |  00:00:00  |
|  Shift Register          |          0.000  |          0.000  |            3  |              0  |                     3  |           0  |           2  |  00:00:00  |
|  Critical Pin            |          0.010  |          2.964  |            0  |              0  |                    54  |           0  |           1  |  00:00:00  |
|  Very High Fanout        |          0.000  |          0.000  |            3  |              0  |                     1  |           0  |           1  |  00:00:04  |
|  BRAM Enable             |          0.000  |          0.000  |            0  |              0  |                     0  |           0  |           1  |  00:00:00  |
|  Critical Path           |          0.028  |          0.140  |            3  |              0  |                     4  |           0  |           2  |  00:00:04  |
|  Total                   |          0.500  |         38.862  |          202  |             17  |                   385  |           0  |          33  |  00:00:49  |
----------------------------------------------------------------------------------------------------------------------------------------------------------------------


Netlist sorting complete. Time (s): cpu = 00:00:00 ; elapsed = 00:00:00.007 . Memory (MB): peak = 2655.672 ; gain = 0.000
Ending Physical Synthesis Task | Checksum: 132f5f088

Time (s): cpu = 00:00:52 ; elapsed = 00:00:52 . Memory (MB): peak = 2655.672 ; gain = 29.148
INFO: [Common 17-83] Releasing license: Implementation
1314 Infos, 1 Warnings, 0 Critical Warnings and 0 Errors encountered.
phys_opt_design completed successfully
phys_opt_design: Time (s): cpu = 00:00:56 ; elapsed = 00:00:57 . Memory (MB): peak = 2655.672 ; gain = 29.520
INFO: [Timing 38-480] Writing timing data to binary archive.
Write ShapeDB Complete: Time (s): cpu = 00:00:00 ; elapsed = 00:00:00.051 . Memory (MB): peak = 2655.672 ; gain = 0.000
Wrote PlaceDB: Time (s): cpu = 00:00:01 ; elapsed = 00:00:01 . Memory (MB): peak = 2655.672 ; gain = 0.000
Wrote PulsedLatchDB: Time (s): cpu = 00:00:00 ; elapsed = 00:00:00 . Memory (MB): peak = 2655.672 ; gain = 0.000
Writing XDEF routing.
Writing XDEF routing logical nets.
Writing XDEF routing special nets.
Wrote RouteStorage: Time (s): cpu = 00:00:00 ; elapsed = 00:00:00.043 . Memory (MB): peak = 2655.672 ; gain = 0.000
Wrote Netlist Cache: Time (s): cpu = 00:00:00 ; elapsed = 00:00:00.043 . Memory (MB): peak = 2655.672 ; gain = 0.000
Wrote Device Cache: Time (s): cpu = 00:00:00 ; elapsed = 00:00:00.009 . Memory (MB): peak = 2655.672 ; gain = 0.000
Write Physdb Complete: Time (s): cpu = 00:00:01 ; elapsed = 00:00:01 . Memory (MB): peak = 2655.672 ; gain = 0.000
INFO: [Common 17-1381] The checkpoint 'E:/codes/microzed/fastvit_hls/vivado_impl/fastvit_dwconv_only_200mhz_proj/fastvit_dwconv_only_200mhz_proj.runs/impl_1/fastvit_bd_wrapper_physopt.dcp' has been generated.
write_checkpoint: Time (s): cpu = 00:00:06 ; elapsed = 00:00:06 . Memory (MB): peak = 2655.672 ; gain = 0.000
Command: route_design
Attempting to get a license for feature 'Implementation' and/or device 'xc7z020'
INFO: [Common 17-349] Got license for feature 'Implementation' and/or device 'xc7z020'
INFO: [Vivado_Tcl 4-198] DRC finished with 0 Errors
INFO: [Vivado_Tcl 4-199] Please refer to the DRC report (report_drc) for more information.


Starting Routing Task

Phase 1 Build RT Design
Checksum: PlaceDB: 8841029 ConstDB: 0 ShapeSum: bd46fed8 RouteDB: 15f972f0
Post Restoration Checksum: NetGraph: f3d7483d | NumContArr: 29ef3608 | Constraints: c2a8fa9d | Timing: c2a8fa9d
Phase 1 Build RT Design | Checksum: 2a318737f

Time (s): cpu = 00:00:17 ; elapsed = 00:00:17 . Memory (MB): peak = 2762.266 ; gain = 106.594

Phase 2 Router Initialization

Phase 2.1 Fix Topology Constraints
Phase 2.1 Fix Topology Constraints | Checksum: 2a318737f

Time (s): cpu = 00:00:17 ; elapsed = 00:00:17 . Memory (MB): peak = 2762.266 ; gain = 106.594

Phase 2.2 Pre Route Cleanup
Phase 2.2 Pre Route Cleanup | Checksum: 2a318737f

Time (s): cpu = 00:00:17 ; elapsed = 00:00:17 . Memory (MB): peak = 2762.266 ; gain = 106.594
 Number of Nodes with overlaps = 0

Phase 2.3 Update Timing
Phase 2.3 Update Timing | Checksum: 292d4656c

Time (s): cpu = 00:00:24 ; elapsed = 00:00:24 . Memory (MB): peak = 2825.457 ; gain = 169.785
INFO: [Route 35-416] Intermediate Timing Summary | WNS=-0.121 | TNS=-2.618 | WHS=-0.204 | THS=-401.929|


Router Utilization Summary
  Global Vertical Routing Utilization    = 0 %
  Global Horizontal Routing Utilization  = 0 %
  Routable Net Status*
  *Does not include unroutable nets such as driverless and loadless.
  Run report_route_status for detailed report.
  Number of Failed Nets               = 36442
    (Failed Nets is the sum of unrouted and partially routed nets)
  Number of Unrouted Nets             = 36442
  Number of Partially Routed Nets     = 0
  Number of Node Overlaps             = 0

Phase 2 Router Initialization | Checksum: 28610e0f1

Time (s): cpu = 00:00:27 ; elapsed = 00:00:27 . Memory (MB): peak = 2988.648 ; gain = 332.977

Phase 3 Global Routing
Phase 3 Global Routing | Checksum: 28610e0f1

Time (s): cpu = 00:00:27 ; elapsed = 00:00:27 . Memory (MB): peak = 2988.648 ; gain = 332.977

Phase 4 Initial Routing

Phase 4.1 Initial Net Routing Pass
Phase 4.1 Initial Net Routing Pass | Checksum: 24eaeaf86

Time (s): cpu = 00:00:32 ; elapsed = 00:00:33 . Memory (MB): peak = 2988.648 ; gain = 332.977
Phase 4 Initial Routing | Checksum: 24eaeaf86

Time (s): cpu = 00:00:32 ; elapsed = 00:00:33 . Memory (MB): peak = 2988.648 ; gain = 332.977
INFO: [Route 35-580] Design has 84 pins with tight setup and hold constraints.

The top 5 pins with tight setup and hold constraints:

+====================+===================+===============================================================================================================================================================================+
| Launch Setup Clock | Launch Hold Clock | Pin                                                                                                                                                                           |
+====================+===================+===============================================================================================================================================================================+
| clk_fpga_0         | clk_fpga_0        | fastvit_bd_i/worker_0/inst/dwconv_worker_U/dataflow_in_loop_LOOP_DW_CH_1_U0/p_ZL9ch_in_buf_13_U/count_reg[0]/D                                                                |
| clk_fpga_0         | clk_fpga_0        | fastvit_bd_i/sc_main/inst/s00_nodes/s00_r_node/inst/inst_mi_handler/gen_normal_area.gen_node_prog_full.inst_node_prog_full/gen_xpm_memory_fifo.inst_fifo/gen_wr.afull_r_reg/D |
| clk_fpga_0         | clk_fpga_0        | fastvit_bd_i/worker_0/inst/ctrl_s_axi_U/int_task_ap_done_reg/D                                                                                                                |
| clk_fpga_0         | clk_fpga_0        | fastvit_bd_i/sc_main/inst/s00_entry_pipeline/s00_mmu/inst/ar_reg_stall/state_reg[m_valid_i]/D                                                                                 |
| clk_fpga_0         | clk_fpga_0        | fastvit_bd_i/sc_main/inst/s01_entry_pipeline/s01_mmu/inst/gen_endpoint.r_cnt_reg[3]/D                                                                                         |
+--------------------+-------------------+-------------------------------------------------------------------------------------------------------------------------------------------------------------------------------+

File with complete list of pins: tight_setup_hold_pins.txt


Phase 5 Rip-up And Reroute

Phase 5.1 Global Iteration 0
 Number of Nodes with overlaps = 5950
 Number of Nodes with overlaps = 2221
 Number of Nodes with overlaps = 791
 Number of Nodes with overlaps = 342
 Number of Nodes with overlaps = 170
 Number of Nodes with overlaps = 28
 Number of Nodes with overlaps = 5
 Number of Nodes with overlaps = 0
INFO: [Route 35-416] Intermediate Timing Summary | WNS=-0.636 | TNS=-85.960| WHS=N/A    | THS=N/A    |

Phase 5.1 Global Iteration 0 | Checksum: 1da178c44

Time (s): cpu = 00:01:07 ; elapsed = 00:01:08 . Memory (MB): peak = 2991.430 ; gain = 335.758

Phase 5.2 Global Iteration 1
 Number of Nodes with overlaps = 522
 Number of Nodes with overlaps = 242
 Number of Nodes with overlaps = 94
 Number of Nodes with overlaps = 47
 Number of Nodes with overlaps = 15
 Number of Nodes with overlaps = 22
 Number of Nodes with overlaps = 5
 Number of Nodes with overlaps = 5
 Number of Nodes with overlaps = 7
 Number of Nodes with overlaps = 2
 Number of Nodes with overlaps = 0
INFO: [Route 35-416] Intermediate Timing Summary | WNS=-0.677 | TNS=-67.302| WHS=N/A    | THS=N/A    |

Phase 5.2 Global Iteration 1 | Checksum: 2ca694fad

Time (s): cpu = 00:01:21 ; elapsed = 00:01:21 . Memory (MB): peak = 2991.430 ; gain = 335.758
Phase 5 Rip-up And Reroute | Checksum: 2ca694fad

Time (s): cpu = 00:01:21 ; elapsed = 00:01:22 . Memory (MB): peak = 2991.430 ; gain = 335.758

Phase 6 Delay and Skew Optimization

Phase 6.1 Delay CleanUp

Phase 6.1.1 Update Timing
Phase 6.1.1 Update Timing | Checksum: 2db3c18b6

Time (s): cpu = 00:01:22 ; elapsed = 00:01:23 . Memory (MB): peak = 2991.430 ; gain = 335.758
INFO: [Route 35-416] Intermediate Timing Summary | WNS=-0.521 | TNS=-47.485| WHS=N/A    | THS=N/A    |

 Number of Nodes with overlaps = 0
Phase 6.1 Delay CleanUp | Checksum: 12ffc3710

Time (s): cpu = 00:01:23 ; elapsed = 00:01:24 . Memory (MB): peak = 2991.430 ; gain = 335.758

Phase 6.2 Clock Skew Optimization
Phase 6.2 Clock Skew Optimization | Checksum: 12ffc3710

Time (s): cpu = 00:01:23 ; elapsed = 00:01:24 . Memory (MB): peak = 2991.430 ; gain = 335.758
Phase 6 Delay and Skew Optimization | Checksum: 12ffc3710

Time (s): cpu = 00:01:23 ; elapsed = 00:01:24 . Memory (MB): peak = 2991.430 ; gain = 335.758

Phase 7 Post Hold Fix

Phase 7.1 Hold Fix Iter
INFO: [Route 35-416] Intermediate Timing Summary | WNS=-0.521 | TNS=-45.193| WHS=0.021  | THS=0.000  |

Phase 7.1 Hold Fix Iter | Checksum: 1e35abd5e

Time (s): cpu = 00:01:25 ; elapsed = 00:01:25 . Memory (MB): peak = 2991.430 ; gain = 335.758
Phase 7 Post Hold Fix | Checksum: 1e35abd5e

Time (s): cpu = 00:01:25 ; elapsed = 00:01:25 . Memory (MB): peak = 2991.430 ; gain = 335.758

Phase 8 Route finalize

Router Utilization Summary
  Global Vertical Routing Utilization    = 11.1696 %
  Global Horizontal Routing Utilization  = 14.3358 %
  Routable Net Status*
  *Does not include unroutable nets such as driverless and loadless.
  Run report_route_status for detailed report.
  Number of Failed Nets               = 0
    (Failed Nets is the sum of unrouted and partially routed nets)
  Number of Unrouted Nets             = 0
  Number of Partially Routed Nets     = 0
  Number of Node Overlaps             = 0


--GLOBAL Congestion:
Utilization threshold used for congestion level computation: 0.85
Congestion Report
North Dir 1x1 Area, Max Cong = 90.0901%, Congestion bounded by tiles (Lower Left Tile -> Upper Right Tile):
   INT_L_X26Y92 -> INT_L_X26Y92
   INT_L_X32Y90 -> INT_L_X32Y90
   INT_R_X29Y15 -> INT_R_X29Y15
South Dir 1x1 Area, Max Cong = 86.4865%, Congestion bounded by tiles (Lower Left Tile -> Upper Right Tile):
   INT_L_X26Y3 -> INT_L_X26Y3
East Dir 1x1 Area, Max Cong = 92.6471%, Congestion bounded by tiles (Lower Left Tile -> Upper Right Tile):
   INT_L_X32Y95 -> INT_L_X32Y95
   INT_L_X26Y93 -> INT_L_X26Y93
   INT_L_X26Y92 -> INT_L_X26Y92
   INT_L_X26Y3 -> INT_L_X26Y3
West Dir 1x1 Area, Max Cong = 92.6471%, Congestion bounded by tiles (Lower Left Tile -> Upper Right Tile):
   INT_L_X28Y13 -> INT_L_X28Y13
   INT_L_X28Y12 -> INT_L_X28Y12
   INT_L_X28Y8 -> INT_L_X28Y8
   INT_L_X24Y1 -> INT_L_X24Y1

------------------------------
Reporting congestion hotspots
------------------------------
Direction: North
----------------
Congested clusters found at Level 0
Effective congestion level: 0 Aspect Ratio: 1 Sparse Ratio: 1
Direction: South
----------------
Congested clusters found at Level 0
Effective congestion level: 0 Aspect Ratio: 1 Sparse Ratio: 1
Direction: East
----------------
Congested clusters found at Level 0
Effective congestion level: 1 Aspect Ratio: 0.5 Sparse Ratio: 0.5
Direction: West
----------------
Congested clusters found at Level 0
Effective congestion level: 1 Aspect Ratio: 0.5 Sparse Ratio: 0.5

Phase 8 Route finalize | Checksum: 1e35abd5e

Time (s): cpu = 00:01:25 ; elapsed = 00:01:26 . Memory (MB): peak = 2991.430 ; gain = 335.758

Phase 9 Verifying routed nets

 Verification completed successfully
Phase 9 Verifying routed nets | Checksum: 1e35abd5e

Time (s): cpu = 00:01:25 ; elapsed = 00:01:26 . Memory (MB): peak = 2991.430 ; gain = 335.758

Phase 10 Depositing Routes
Phase 10 Depositing Routes | Checksum: 2aa0a61ff

Time (s): cpu = 00:01:27 ; elapsed = 00:01:27 . Memory (MB): peak = 2991.430 ; gain = 335.758

Phase 11 Post Process Routing
Phase 11 Post Process Routing | Checksum: 2aa0a61ff

Time (s): cpu = 00:01:27 ; elapsed = 00:01:27 . Memory (MB): peak = 2991.430 ; gain = 335.758

Phase 12 Post Router Timing
INFO: [Route 35-57] Estimated Timing Summary | WNS=-0.521 | TNS=-45.193| WHS=0.021  | THS=0.000  |

WARNING: [Route 35-328] Router estimated timing not met.
Resolution: For a complete and accurate timing signoff, report_timing_summary must be run after route_design. Alternatively, route_design can be run with the -timing_summary option to enable a complete timing signoff at the end of route_design.
Phase 12 Post Router Timing | Checksum: 2aa0a61ff

Time (s): cpu = 00:01:27 ; elapsed = 00:01:28 . Memory (MB): peak = 2991.430 ; gain = 335.758
Total Elapsed time in route_design: 87.572 secs

Phase 13 Post-Route Event Processing
Phase 13 Post-Route Event Processing | Checksum: 22a7fb459

Time (s): cpu = 00:01:27 ; elapsed = 00:01:28 . Memory (MB): peak = 2991.430 ; gain = 335.758
INFO: [Route 35-16] Router Completed Successfully
Ending Routing Task | Checksum: 22a7fb459

Time (s): cpu = 00:01:27 ; elapsed = 00:01:28 . Memory (MB): peak = 2991.430 ; gain = 335.758

Routing Is Done.
INFO: [Common 17-83] Releasing license: Implementation
1328 Infos, 2 Warnings, 0 Critical Warnings and 0 Errors encountered.
route_design completed successfully
route_design: Time (s): cpu = 00:01:28 ; elapsed = 00:01:29 . Memory (MB): peak = 2991.430 ; gain = 335.758
INFO: [Vivado 12-24828] Executing command : report_drc -file fastvit_bd_wrapper_drc_routed.rpt -pb fastvit_bd_wrapper_drc_routed.pb -rpx fastvit_bd_wrapper_drc_routed.rpx
Command: report_drc -file fastvit_bd_wrapper_drc_routed.rpt -pb fastvit_bd_wrapper_drc_routed.pb -rpx fastvit_bd_wrapper_drc_routed.rpx
INFO: [IP_Flow 19-1839] IP Catalog is up to date.
INFO: [Vivado_Tcl 2-168] The results of DRC are in file E:/codes/microzed/fastvit_hls/vivado_impl/fastvit_dwconv_only_200mhz_proj/fastvit_dwconv_only_200mhz_proj.runs/impl_1/fastvit_bd_wrapper_drc_routed.rpt.
report_drc completed successfully
INFO: [Vivado 12-24828] Executing command : report_methodology -file fastvit_bd_wrapper_methodology_drc_routed.rpt -pb fastvit_bd_wrapper_methodology_drc_routed.pb -rpx fastvit_bd_wrapper_methodology_drc_routed.rpx
Command: report_methodology -file fastvit_bd_wrapper_methodology_drc_routed.rpt -pb fastvit_bd_wrapper_methodology_drc_routed.pb -rpx fastvit_bd_wrapper_methodology_drc_routed.rpx
INFO: [Timing 38-35] Done setting XDC timing constraints.
INFO: [Vivado_Tcl 2-1520] The results of Report Methodology are in file E:/codes/microzed/fastvit_hls/vivado_impl/fastvit_dwconv_only_200mhz_proj/fastvit_dwconv_only_200mhz_proj.runs/impl_1/fastvit_bd_wrapper_methodology_drc_routed.rpt.
report_methodology completed successfully
report_methodology: Time (s): cpu = 00:00:09 ; elapsed = 00:00:09 . Memory (MB): peak = 2991.430 ; gain = 0.000
INFO: [Vivado 12-24828] Executing command : report_timing_summary -max_paths 10 -report_unconstrained -file fastvit_bd_wrapper_timing_summary_routed.rpt -pb fastvit_bd_wrapper_timing_summary_routed.pb -rpx fastvit_bd_wrapper_timing_summary_routed.rpx
INFO: [Timing 38-35] Done setting XDC timing constraints.
INFO: [Timing 38-91] UpdateTimingParams: Speed grade: -1, Delay Type: min_max.
INFO: [Vivado 12-24828] Executing command : report_route_status -file fastvit_bd_wrapper_route_status.rpt -pb fastvit_bd_wrapper_route_status.pb
INFO: [Vivado 12-24828] Executing command : report_incremental_reuse -file fastvit_bd_wrapper_incremental_reuse_routed.rpt
INFO: [Vivado_Tcl 4-1062] Incremental flow is disabled. No incremental reuse Info to report.
INFO: [Vivado 12-24828] Executing command : report_power -file fastvit_bd_wrapper_power_routed.rpt -pb fastvit_bd_wrapper_power_summary_routed.pb -rpx fastvit_bd_wrapper_power_routed.rpx
Command: report_power -file fastvit_bd_wrapper_power_routed.rpt -pb fastvit_bd_wrapper_power_summary_routed.pb -rpx fastvit_bd_wrapper_power_routed.rpx
Running Vector-less Activity Propagation...

Finished Running Vector-less Activity Propagation
1341 Infos, 2 Warnings, 0 Critical Warnings and 0 Errors encountered.
report_power completed successfully
INFO: [Vivado 12-24828] Executing command : report_clock_utilization -file fastvit_bd_wrapper_clock_utilization_routed.rpt
INFO: [Vivado 12-24828] Executing command : report_bus_skew -warn_on_violation -file fastvit_bd_wrapper_bus_skew_routed.rpt -pb fastvit_bd_wrapper_bus_skew_routed.pb -rpx fastvit_bd_wrapper_bus_skew_routed.rpx
INFO: [Timing 38-91] UpdateTimingParams: Speed grade: -1, Delay Type: min_max.
generate_parallel_reports: Time (s): cpu = 00:00:22 ; elapsed = 00:00:21 . Memory (MB): peak = 2991.430 ; gain = 0.000
INFO: [Timing 38-480] Writing timing data to binary archive.
Write ShapeDB Complete: Time (s): cpu = 00:00:00 ; elapsed = 00:00:00.047 . Memory (MB): peak = 2997.754 ; gain = 0.000
Wrote PlaceDB: Time (s): cpu = 00:00:01 ; elapsed = 00:00:01 . Memory (MB): peak = 2997.754 ; gain = 0.000
Wrote PulsedLatchDB: Time (s): cpu = 00:00:00 ; elapsed = 00:00:00 . Memory (MB): peak = 2997.754 ; gain = 0.000
Writing XDEF routing.
Writing XDEF routing logical nets.
Writing XDEF routing special nets.
Wrote RouteStorage: Time (s): cpu = 00:00:00 ; elapsed = 00:00:00.227 . Memory (MB): peak = 2997.754 ; gain = 0.000
Wrote Netlist Cache: Time (s): cpu = 00:00:00 ; elapsed = 00:00:00.041 . Memory (MB): peak = 2997.754 ; gain = 0.000
Wrote Device Cache: Time (s): cpu = 00:00:00 ; elapsed = 00:00:00.008 . Memory (MB): peak = 2997.754 ; gain = 0.000
Write Physdb Complete: Time (s): cpu = 00:00:02 ; elapsed = 00:00:02 . Memory (MB): peak = 2997.754 ; gain = 0.000
INFO: [Common 17-1381] The checkpoint 'E:/codes/microzed/fastvit_hls/vivado_impl/fastvit_dwconv_only_200mhz_proj/fastvit_dwconv_only_200mhz_proj.runs/impl_1/fastvit_bd_wrapper_routed.dcp' has been generated.
Command: phys_opt_design -directive AggressiveExplore
Attempting to get a license for feature 'Implementation' and/or device 'xc7z020'
INFO: [Common 17-349] Got license for feature 'Implementation' and/or device 'xc7z020'
INFO: [Vivado_Tcl 4-241] Physical synthesis in post route mode 
INFO: [Vivado_Tcl 4-137] Directive used for phys_opt_design is: AggressiveExplore
INFO: [Vivado_Tcl 4-1435] PhysOpt_Tcl_Interface Runtime Before Starting Physical Synthesis Task | CPU: 1.00s |  WALL: 0.49s
INFO: [Vivado_Tcl 4-198] DRC finished with 0 Errors
INFO: [Vivado_Tcl 4-199] Please refer to the DRC report (report_drc) for more information.
Netlist sorting complete. Time (s): cpu = 00:00:00 ; elapsed = 00:00:00.006 . Memory (MB): peak = 3003.500 ; gain = 0.000

Starting Physical Synthesis Task

Phase 1 Physical Synthesis Initialization
INFO: [Physopt 32-721] Multithreading enabled for phys_opt_design using a maximum of 1 CPUs
INFO: [Physopt 32-668] Current Timing Summary | WNS=-0.519 | TNS=-44.432 | WHS=0.019 | THS=0.000 |
Phase 1 Physical Synthesis Initialization | Checksum: 21f66fb53

Time (s): cpu = 00:00:06 ; elapsed = 00:00:06 . Memory (MB): peak = 3014.488 ; gain = 10.988
WARNING: [Physopt 32-745] Physical Optimization has determined that the magnitude of the negative slack is too large and it is highly unlikely that slack will be improved. Post-Route Physical Optimization is most effective when WNS is above -0.5ns

Phase 2 Critical Path Optimization
INFO: [Physopt 32-668] Current Timing Summary | WNS=-0.519 | TNS=-44.432 | WHS=0.019 | THS=0.000 |
INFO: [Physopt 32-953] Path group WNS did not improve. Path group: clk_fpga_0. Processed net: fastvit_bd_i/worker_0/inst/dwconv_worker_U/dataflow_in_loop_LOOP_DW_CH_1_U0/p_ZL9ch_in_buf_10_U/fastvit_ip_dataflow_in_loop_LOOP_DW_CH_1_p_ZL9ch_in_buf_0_RAM_1P_BRAM_1R1W_memcore_U/p_ZL9dw_in_buf_0_1[0]_i_3_psbram_n_1_alias.
INFO: [Physopt 32-953] Path group WNS did not improve. Path group: clk_fpga_0. Processed net: fastvit_bd_i/ps7_0/inst/FCLK_CLK_unbuffered[0].
INFO: [Physopt 32-953] Path group WNS did not improve. Path group: clk_fpga_0. Processed net: fastvit_bd_i/worker_0/inst/dwconv_worker_U/dataflow_in_loop_LOOP_DW_CH_1_U0/dwconv_process_channel4_U0/grp_dwconv_process_channel4_Pipeline_LOAD_DW_IN_fu_1093/ram_reg_i_25__0_n_0.
INFO: [Physopt 32-953] Path group WNS did not improve. Path group: clk_fpga_0. Processed net: fastvit_bd_i/worker_0/inst/dwconv_worker_U/dataflow_in_loop_LOOP_DW_CH_1_U0/dwconv_process_channel4_U0/grp_dwconv_process_channel4_Pipeline_LOAD_DW_IN_fu_1093/ram_reg_i_71_n_0.
INFO: [Physopt 32-953] Path group WNS did not improve. Path group: clk_fpga_0. Processed net: fastvit_bd_i/worker_0/inst/dwconv_worker_U/dataflow_in_loop_LOOP_DW_CH_1_U0/dwconv_process_channel4_U0/grp_dwconv_process_channel4_Pipeline_LOAD_DW_IN_fu_1093/add_ln221_1_reg_5839_reg[3]_10[5].
INFO: [Physopt 32-703] Processed net fastvit_bd_i/worker_0/inst/dwconv_worker_U/dataflow_in_loop_LOOP_DW_CH_1_U0/dwconv_process_channel4_U0/grp_dwconv_process_channel4_Pipeline_LOAD_DW_IN_fu_1093/ap_enable_reg_pp0_iter2. Clock skew was adjusted for instance fastvit_bd_i/worker_0/inst/dwconv_worker_U/dataflow_in_loop_LOOP_DW_CH_1_U0/dwconv_process_channel4_U0/grp_dwconv_process_channel4_Pipeline_LOAD_DW_IN_fu_1093/ap_enable_reg_pp0_iter2_reg.
INFO: [Physopt 32-952] Improved path group WNS = -0.516. Path group: clk_fpga_0. Processed net: fastvit_bd_i/worker_0/inst/dwconv_worker_U/dataflow_in_loop_LOOP_DW_CH_1_U0/dwconv_process_channel4_U0/grp_dwconv_process_channel4_Pipeline_LOAD_DW_IN_fu_1093/ap_enable_reg_pp0_iter2.
INFO: [Physopt 32-953] Path group WNS did not improve. Path group: clk_fpga_0. Processed net: fastvit_bd_i/worker_0/inst/dwconv_worker_U/dataflow_in_loop_LOOP_DW_CH_1_U0/p_ZL9ch_in_buf_14_U/fastvit_ip_dataflow_in_loop_LOOP_DW_CH_1_p_ZL9ch_in_buf_0_RAM_1P_BRAM_1R1W_memcore_U/p_ZL9dw_in_buf_0_1[0]_i_2_psbram_n_1_alias.
INFO: [Physopt 32-608] Optimized 1 net.  Swapped 23 pins.
INFO: [Physopt 32-952] Improved path group WNS = -0.498. Path group: clk_fpga_0. Processed net: fastvit_bd_i/worker_0/inst/dwconv_worker_U/dataflow_in_loop_LOOP_DW_CH_1_U0/dwconv_process_channel4_U0/grp_dwconv_process_channel4_Pipeline_LOAD_DW_IN_fu_1093/ram_reg_i_46__2_n_0.
INFO: [Physopt 32-953] Path group WNS did not improve. Path group: clk_fpga_0. Processed net: fastvit_bd_i/worker_0/inst/dwconv_worker_U/dataflow_in_loop_LOOP_DW_CH_1_U0/dwconv_process_channel4_U0/grp_dwconv_process_channel4_Pipeline_LOAD_DW_IN_fu_1093/ram_reg_i_45__0_n_0.
INFO: [Physopt 32-953] Path group WNS did not improve. Path group: clk_fpga_0. Processed net: fastvit_bd_i/worker_0/inst/dwconv_worker_U/dataflow_in_loop_LOOP_DW_CH_1_U0/dwconv_process_channel4_U0/grp_dwconv_process_channel4_Pipeline_LOAD_DW_IN_fu_1093/ram_reg_i_126_n_0.
INFO: [Physopt 32-608] Optimized 1 net.  Swapped 23 pins.
INFO: [Physopt 32-952] Improved path group WNS = -0.442. Path group: clk_fpga_0. Processed net: fastvit_bd_i/worker_0/inst/dwconv_worker_U/dataflow_in_loop_LOOP_DW_CH_1_U0/dwconv_process_channel4_U0/grp_dwconv_process_channel4_Pipeline_LOAD_DW_IN_fu_1093/add_ln221_1_reg_5839_reg[3]_12[0].
INFO: [Physopt 32-953] Path group WNS did not improve. Path group: clk_fpga_0. Processed net: fastvit_bd_i/worker_0/inst/dwconv_worker_U/dataflow_in_loop_LOOP_DW_CH_1_U0/p_ZL9ch_in_buf_6_U/fastvit_ip_dataflow_in_loop_LOOP_DW_CH_1_p_ZL9ch_in_buf_0_RAM_1P_BRAM_1R1W_memcore_U/ram_reg_0[0].
INFO: [Physopt 32-953] Path group WNS did not improve. Path group: clk_fpga_0. Processed net: fastvit_bd_i/worker_0/inst/dwconv_worker_U/dataflow_in_loop_LOOP_DW_CH_1_U0/dwconv_process_channel4_U0/grp_dwconv_process_channel4_Pipeline_LOAD_DW_IN_fu_1093/ram_reg_i_22__1_n_0.
INFO: [Physopt 32-608] Optimized 1 net.  Swapped 20 pins.
INFO: [Physopt 32-952] Improved path group WNS = -0.434. Path group: clk_fpga_0. Processed net: fastvit_bd_i/worker_0/inst/dwconv_worker_U/dataflow_in_loop_LOOP_DW_CH_1_U0/dwconv_process_channel4_U0/grp_dwconv_process_channel4_Pipeline_LOAD_DW_IN_fu_1093/ram_reg_i_60_n_0.
INFO: [Physopt 32-952] Improved path group WNS = -0.432. Path group: clk_fpga_0. Processed net: fastvit_bd_i/worker_0/inst/dwconv_worker_U/dataflow_in_loop_LOOP_DW_CH_1_U0/dwconv_process_channel4_U0/grp_dwconv_process_channel4_Pipeline_LOAD_DW_IN_fu_1093/ram_reg_i_42__1_n_0.
INFO: [Physopt 32-608] Optimized 1 net.  Swapped 23 pins.
INFO: [Physopt 32-952] Improved path group WNS = -0.423. Path group: clk_fpga_0. Processed net: fastvit_bd_i/worker_0/inst/dwconv_worker_U/dataflow_in_loop_LOOP_DW_CH_1_U0/dwconv_process_channel4_U0/grp_dwconv_process_channel4_Pipeline_LOAD_DW_IN_fu_1093/ram_reg_i_42__1_n_0.
INFO: [Physopt 32-663] Processed net fastvit_bd_i/worker_0/inst/dwconv_worker_U/dataflow_in_loop_LOOP_DW_CH_1_U0/dwconv_process_channel4_U0/grp_dwconv_process_channel4_Pipeline_COMPUTE_DW_KW_fu_1523/ic_fu_138_reg_n_0_[10].  Re-placed instance fastvit_bd_i/worker_0/inst/dwconv_worker_U/dataflow_in_loop_LOOP_DW_CH_1_U0/dwconv_process_channel4_U0/grp_dwconv_process_channel4_Pipeline_COMPUTE_DW_KW_fu_1523/ic_fu_138_reg[10]
INFO: [Physopt 32-952] Improved path group WNS = -0.423. Path group: clk_fpga_0. Processed net: fastvit_bd_i/worker_0/inst/dwconv_worker_U/dataflow_in_loop_LOOP_DW_CH_1_U0/dwconv_process_channel4_U0/grp_dwconv_process_channel4_Pipeline_COMPUTE_DW_KW_fu_1523/ic_fu_138_reg_n_0_[10].
INFO: [Physopt 32-953] Path group WNS did not improve. Path group: clk_fpga_0. Processed net: fastvit_bd_i/worker_0/inst/dwconv_worker_U/dataflow_in_loop_LOOP_DW_CH_1_U0/dwconv_process_channel4_U0/grp_dwconv_process_channel4_Pipeline_COMPUTE_DW_KW_fu_1523/ic_fu_138_reg_n_0_[11].
INFO: [Physopt 32-953] Path group WNS did not improve. Path group: clk_fpga_0. Processed net: fastvit_bd_i/worker_0/inst/dwconv_worker_U/dataflow_in_loop_LOOP_DW_CH_1_U0/dwconv_process_channel4_U0/grp_dwconv_process_channel4_Pipeline_COMPUTE_DW_KW_fu_1523/flow_control_loop_pipe_sequential_init_U/icmp_ln251_fu_370_p2.
INFO: [Physopt 32-608] Optimized 1 net.  Swapped 19 pins.
INFO: [Physopt 32-952] Improved path group WNS = -0.409. Path group: clk_fpga_0. Processed net: fastvit_bd_i/worker_0/inst/dwconv_worker_U/dataflow_in_loop_LOOP_DW_CH_1_U0/dwconv_process_channel4_U0/grp_dwconv_process_channel4_Pipeline_COMPUTE_DW_KW_fu_1523/flow_control_loop_pipe_sequential_init_U/ic_fu_138[30]_i_29_n_0.
INFO: [Physopt 32-703] Processed net fastvit_bd_i/worker_0/inst/dwconv_worker_U/dataflow_in_loop_LOOP_DW_CH_1_U0/dwconv_process_channel4_U0/grp_dwconv_process_channel4_Pipeline_LOAD_DW_IN_fu_1093/row_in_tile_load_reg_5723_pp0_iter1_reg. Clock skew was adjusted for instance fastvit_bd_i/worker_0/inst/dwconv_worker_U/dataflow_in_loop_LOOP_DW_CH_1_U0/dwconv_process_channel4_U0/grp_dwconv_process_channel4_Pipeline_LOAD_DW_IN_fu_1093/row_in_tile_load_reg_5723_pp0_iter1_reg_reg[0].
INFO: [Physopt 32-952] Improved path group WNS = -0.409. Path group: clk_fpga_0. Processed net: fastvit_bd_i/worker_0/inst/dwconv_worker_U/dataflow_in_loop_LOOP_DW_CH_1_U0/dwconv_process_channel4_U0/grp_dwconv_process_channel4_Pipeline_LOAD_DW_IN_fu_1093/row_in_tile_load_reg_5723_pp0_iter1_reg.
INFO: [Physopt 32-703] Processed net fastvit_bd_i/worker_0/inst/dwconv_worker_U/dataflow_in_loop_LOOP_DW_CH_1_U0/dwconv_process_channel4_U0/grp_dwconv_process_channel4_Pipeline_LOAD_DW_IN_fu_1093/ap_enable_reg_pp0_iter2. Clock skew was adjusted for instance fastvit_bd_i/worker_0/inst/dwconv_worker_U/dataflow_in_loop_LOOP_DW_CH_1_U0/dwconv_process_channel4_U0/grp_dwconv_process_channel4_Pipeline_LOAD_DW_IN_fu_1093/ap_enable_reg_pp0_iter2_reg.
INFO: [Physopt 32-952] Improved path group WNS = -0.405. Path group: clk_fpga_0. Processed net: fastvit_bd_i/worker_0/inst/dwconv_worker_U/dataflow_in_loop_LOOP_DW_CH_1_U0/dwconv_process_channel4_U0/grp_dwconv_process_channel4_Pipeline_LOAD_DW_IN_fu_1093/ap_enable_reg_pp0_iter2.
INFO: [Physopt 32-608] Optimized 1 net.  Swapped 19 pins.
INFO: [Physopt 32-952] Improved path group WNS = -0.385. Path group: clk_fpga_0. Processed net: fastvit_bd_i/worker_0/inst/dwconv_worker_U/dataflow_in_loop_LOOP_DW_CH_1_U0/dwconv_process_channel4_U0/grp_dwconv_process_channel4_Pipeline_COMPUTE_DW_KW_fu_1523/flow_control_loop_pipe_sequential_init_U/ic_fu_138[30]_i_29_n_0.
INFO: [Physopt 32-953] Path group WNS did not improve. Path group: clk_fpga_0. Processed net: fastvit_bd_i/worker_0/inst/dwconv_worker_U/loop_dataflow_input_count_reg[3].
INFO: [Physopt 32-953] Path group WNS did not improve. Path group: clk_fpga_0. Processed net: fastvit_bd_i/worker_0/inst/ctrl_s_axi_U/int_CHin_reg[9]_0[0].
INFO: [Physopt 32-953] Path group WNS did not improve. Path group: clk_fpga_0. Processed net: fastvit_bd_i/worker_0/inst/ctrl_s_axi_U/loop_dataflow_input_count[9]_i_7_n_0.
INFO: [Physopt 32-953] Path group WNS did not improve. Path group: clk_fpga_0. Processed net: fastvit_bd_i/worker_0/inst/ctrl_s_axi_U/loop_dataflow_input_count[9]_i_10_n_0.
INFO: [Physopt 32-953] Path group WNS did not improve. Path group: clk_fpga_0. Processed net: fastvit_bd_i/worker_0/inst/ctrl_s_axi_U/ap_done_reg_i_8_n_0.
INFO: [Physopt 32-953] Path group WNS did not improve. Path group: clk_fpga_0. Processed net: fastvit_bd_i/worker_0/inst/dwconv_worker_U/dataflow_in_loop_LOOP_DW_CH_1_U0/dwconv_preload_channel3_U0/grp_dwconv_preload_channel3_Pipeline_PRELOAD_IN_fu_170/flow_control_loop_pipe_sequential_init_U/SR[0].
INFO: [Physopt 32-703] Processed net fastvit_bd_i/worker_0/inst/ctrl_s_axi_U/CHin_w[4]. Clock skew was adjusted for instance fastvit_bd_i/worker_0/inst/ctrl_s_axi_U/int_CHin_reg[4].
INFO: [Physopt 32-952] Improved path group WNS = -0.345. Path group: clk_fpga_0. Processed net: fastvit_bd_i/worker_0/inst/ctrl_s_axi_U/CHin_w[4].
INFO: [Physopt 32-953] Path group WNS did not improve. Path group: clk_fpga_0. Processed net: fastvit_bd_i/worker_0/inst/dwconv_worker_U/dataflow_in_loop_LOOP_DW_CH_1_U0/dwconv_process_channel4_U0/grp_dwconv_process_channel4_Pipeline_LOAD_DW_IN_fu_1093/ram_reg_i_69_n_0.
INFO: [Physopt 32-703] Processed net fastvit_bd_i/worker_0/inst/dwconv_worker_U/dataflow_in_loop_LOOP_DW_CH_1_U0/dwconv_process_channel4_U0/grp_dwconv_process_channel4_Pipeline_LOAD_DW_IN_fu_1093/lshr_ln1_reg_5754[5]. Clock skew was adjusted for instance fastvit_bd_i/worker_0/inst/dwconv_worker_U/dataflow_in_loop_LOOP_DW_CH_1_U0/dwconv_process_channel4_U0/grp_dwconv_process_channel4_Pipeline_LOAD_DW_IN_fu_1093/lshr_ln1_reg_5754_reg[5].
INFO: [Physopt 32-952] Improved path group WNS = -0.323. Path group: clk_fpga_0. Processed net: fastvit_bd_i/worker_0/inst/dwconv_worker_U/dataflow_in_loop_LOOP_DW_CH_1_U0/dwconv_process_channel4_U0/grp_dwconv_process_channel4_Pipeline_LOAD_DW_IN_fu_1093/lshr_ln1_reg_5754[5].
INFO: [Physopt 32-703] Processed net fastvit_bd_i/worker_0/inst/ctrl_s_axi_U/CHin_w[3]. Clock skew was adjusted for instance fastvit_bd_i/worker_0/inst/ctrl_s_axi_U/int_CHin_reg[3].
INFO: [Physopt 32-952] Improved path group WNS = -0.319. Path group: clk_fpga_0. Processed net: fastvit_bd_i/worker_0/inst/ctrl_s_axi_U/CHin_w[3].
INFO: [Physopt 32-703] Processed net fastvit_bd_i/worker_0/inst/ctrl_s_axi_U/int_CHin_reg[2]_0[0]. Clock skew was adjusted for instance fastvit_bd_i/worker_0/inst/ctrl_s_axi_U/int_CHin_reg[0].
INFO: [Physopt 32-952] Improved path group WNS = -0.301. Path group: clk_fpga_0. Processed net: fastvit_bd_i/worker_0/inst/ctrl_s_axi_U/int_CHin_reg[2]_0[0].
INFO: [Physopt 32-953] Path group WNS did not improve. Path group: clk_fpga_0. Processed net: fastvit_bd_i/worker_0/inst/dwconv_worker_U/dataflow_in_loop_LOOP_DW_CH_1_U0/p_ZL9ch_in_buf_9_U/fastvit_ip_dataflow_in_loop_LOOP_DW_CH_1_p_ZL9ch_in_buf_0_RAM_1P_BRAM_1R1W_memcore_U/p_ZL9dw_in_buf_0_1[0]_i_3_psbram_n_2_alias.
INFO: [Physopt 32-608] Optimized 1 net.  Swapped 22 pins.
INFO: [Physopt 32-952] Improved path group WNS = -0.300. Path group: clk_fpga_0. Processed net: fastvit_bd_i/worker_0/inst/dwconv_worker_U/dataflow_in_loop_LOOP_DW_CH_1_U0/dwconv_process_channel4_U0/grp_dwconv_process_channel4_Pipeline_LOAD_DW_IN_fu_1093/ram_reg_i_23__1_n_0.
INFO: [Physopt 32-703] Processed net fastvit_bd_i/worker_0/inst/dwconv_worker_U/dataflow_in_loop_LOOP_DW_CH_1_U0/dwconv_process_channel4_U0/grp_dwconv_process_channel4_Pipeline_LOAD_DW_IN_fu_1093/row_in_tile_load_reg_5723_pp0_iter1_reg. Clock skew was adjusted for instance fastvit_bd_i/worker_0/inst/dwconv_worker_U/dataflow_in_loop_LOOP_DW_CH_1_U0/dwconv_process_channel4_U0/grp_dwconv_process_channel4_Pipeline_LOAD_DW_IN_fu_1093/row_in_tile_load_reg_5723_pp0_iter1_reg_reg[0].
INFO: [Physopt 32-952] Improved path group WNS = -0.290. Path group: clk_fpga_0. Processed net: fastvit_bd_i/worker_0/inst/dwconv_worker_U/dataflow_in_loop_LOOP_DW_CH_1_U0/dwconv_process_channel4_U0/grp_dwconv_process_channel4_Pipeline_LOAD_DW_IN_fu_1093/row_in_tile_load_reg_5723_pp0_iter1_reg.
INFO: [Physopt 32-953] Path group WNS did not improve. Path group: clk_fpga_0. Processed net: fastvit_bd_i/worker_0/inst/dwconv_worker_U/dataflow_in_loop_LOOP_DW_CH_1_U0/dwconv_process_channel4_U0/grp_dwconv_process_channel4_Pipeline_COMPUTE_DW_KW_fu_1523/flow_control_loop_pipe_sequential_init_U/ic_fu_138[30]_i_29_n_0.
INFO: [Physopt 32-952] Improved path group WNS = -0.290. Path group: clk_fpga_0. Processed net: fastvit_bd_i/worker_0/inst/dwconv_worker_U/dataflow_in_loop_LOOP_DW_CH_1_U0/dwconv_process_channel4_U0/grp_dwconv_process_channel4_Pipeline_COMPUTE_DW_KW_fu_1523/flow_control_loop_pipe_sequential_init_U/SR[0].
INFO: [Physopt 32-953] Path group WNS did not improve. Path group: clk_fpga_0. Processed net: fastvit_bd_i/worker_0/inst/dwconv_worker_U/dataflow_in_loop_LOOP_DW_CH_1_U0/dwconv_process_channel4_U0/grp_dwconv_process_channel4_Pipeline_COMPUTE_DW_KW_fu_1523/flow_control_loop_pipe_sequential_init_U/SR[0].
INFO: [Physopt 32-703] Processed net fastvit_bd_i/worker_0/inst/dwconv_worker_U/dataflow_in_loop_LOOP_DW_CH_1_U0/dwconv_process_channel4_U0/Kw_read_reg_5200[9]. Clock skew was adjusted for instance fastvit_bd_i/worker_0/inst/dwconv_worker_U/dataflow_in_loop_LOOP_DW_CH_1_U0/dwconv_process_channel4_U0/Kw_read_reg_5200_reg[9].
INFO: [Physopt 32-952] Improved path group WNS = -0.283. Path group: clk_fpga_0. Processed net: fastvit_bd_i/worker_0/inst/dwconv_worker_U/dataflow_in_loop_LOOP_DW_CH_1_U0/dwconv_process_channel4_U0/Kw_read_reg_5200[9].
INFO: [Physopt 32-953] Path group WNS did not improve. Path group: clk_fpga_0. Processed net: fastvit_bd_i/worker_0/inst/dwconv_worker_U/dataflow_in_loop_LOOP_DW_CH_1_U0/p_ZL9ch_in_buf_1_U/fastvit_ip_dataflow_in_loop_LOOP_DW_CH_1_p_ZL9ch_in_buf_0_RAM_1P_BRAM_1R1W_memcore_U/p_ZL9dw_in_buf_0_1[0]_i_5_psbram_n_2_alias.
INFO: [Physopt 32-608] Optimized 1 net.  Swapped 9 pins.
INFO: [Physopt 32-952] Improved path group WNS = -0.279. Path group: clk_fpga_0. Processed net: fastvit_bd_i/worker_0/inst/dwconv_worker_U/dataflow_in_loop_LOOP_DW_CH_1_U0/dwconv_process_channel4_U0/grp_dwconv_process_channel4_Pipeline_LOAD_DW_IN_fu_1093/ram_reg_i_40__1_n_0_repN.
INFO: [Physopt 32-663] Processed net fastvit_bd_i/worker_0/inst/dwconv_worker_U/dataflow_in_loop_LOOP_DW_CH_1_U0/dwconv_process_channel4_U0/grp_dwconv_process_channel4_Pipeline_COMPUTE_DW_KW_fu_1523/flow_control_loop_pipe_sequential_init_U/ic_fu_138[30]_i_36_n_0.  Re-placed instance fastvit_bd_i/worker_0/inst/dwconv_worker_U/dataflow_in_loop_LOOP_DW_CH_1_U0/dwconv_process_channel4_U0/grp_dwconv_process_channel4_Pipeline_COMPUTE_DW_KW_fu_1523/flow_control_loop_pipe_sequential_init_U/ic_fu_138[30]_i_36
INFO: [Physopt 32-952] Improved path group WNS = -0.278. Path group: clk_fpga_0. Processed net: fastvit_bd_i/worker_0/inst/dwconv_worker_U/dataflow_in_loop_LOOP_DW_CH_1_U0/dwconv_process_channel4_U0/grp_dwconv_process_channel4_Pipeline_COMPUTE_DW_KW_fu_1523/flow_control_loop_pipe_sequential_init_U/ic_fu_138[30]_i_36_n_0.
INFO: [Physopt 32-953] Path group WNS did not improve. Path group: clk_fpga_0. Processed net: fastvit_bd_i/worker_0/inst/dwconv_worker_U/dataflow_in_loop_LOOP_DW_CH_1_U0/dwconv_process_channel4_U0/grp_dwconv_process_channel4_Pipeline_COMPUTE_DW_KW_fu_1523/flow_control_loop_pipe_sequential_init_U/ic_fu_138[30]_i_36_n_0.
INFO: [Physopt 32-952] Improved path group WNS = -0.276. Path group: clk_fpga_0. Processed net: fastvit_bd_i/worker_0/inst/dwconv_worker_U/dataflow_in_loop_LOOP_DW_CH_1_U0/dwconv_process_channel4_U0/grp_dwconv_process_channel4_Pipeline_COMPUTE_DW_KW_fu_1523/ic_fu_138_reg_n_0_[2].
INFO: [Physopt 32-953] Path group WNS did not improve. Path group: clk_fpga_0. Processed net: fastvit_bd_i/worker_0/inst/ctrl_s_axi_U/CHin_w[4].
INFO: [Physopt 32-953] Path group WNS did not improve. Path group: clk_fpga_0. Processed net: fastvit_bd_i/worker_0/inst/dwconv_worker_U/loop_dataflow_input_count_reg[3].
INFO: [Physopt 32-953] Path group WNS did not improve. Path group: clk_fpga_0. Processed net: fastvit_bd_i/ps7_0/inst/FCLK_CLK_unbuffered[0].
INFO: [Physopt 32-953] Path group WNS did not improve. Path group: clk_fpga_0. Processed net: fastvit_bd_i/worker_0/inst/ctrl_s_axi_U/int_CHin_reg[9]_0[0].
INFO: [Physopt 32-953] Path group WNS did not improve. Path group: clk_fpga_0. Processed net: fastvit_bd_i/worker_0/inst/ctrl_s_axi_U/loop_dataflow_input_count[9]_i_7_n_0.
INFO: [Physopt 32-953] Path group WNS did not improve. Path group: clk_fpga_0. Processed net: fastvit_bd_i/worker_0/inst/ctrl_s_axi_U/loop_dataflow_input_count[9]_i_10_n_0.
INFO: [Physopt 32-608] Optimized 1 net.  Swapped 16 pins.
INFO: [Physopt 32-952] Improved path group WNS = -0.264. Path group: clk_fpga_0. Processed net: fastvit_bd_i/worker_0/inst/ctrl_s_axi_U/ap_done_reg_i_8_n_0.
INFO: [Physopt 32-953] Path group WNS did not improve. Path group: clk_fpga_0. Processed net: fastvit_bd_i/sc_main/inst/s02_entry_pipeline/s02_mmu/inst/gen_endpoint.r_state__0[1].
INFO: [Physopt 32-953] Path group WNS did not improve. Path group: clk_fpga_0. Processed net: fastvit_bd_i/sc_main/inst/s02_entry_pipeline/s02_mmu/inst/gen_endpoint.decerr_slave_inst/state_reg[s_ready_i].
INFO: [Physopt 32-953] Path group WNS did not improve. Path group: clk_fpga_0. Processed net: fastvit_bd_i/sc_main/inst/s02_entry_pipeline/s02_mmu/inst/ar_sreg/gen_endpoint.r_trigger_decerr.
INFO: [Physopt 32-953] Path group WNS did not improve. Path group: clk_fpga_0. Processed net: fastvit_bd_i/sc_main/inst/s02_entry_pipeline/s02_mmu/inst/ar_sreg/i_2/O_n.
INFO: [Physopt 32-608] Optimized 1 net.  Swapped 12 pins.
INFO: [Physopt 32-952] Improved path group WNS = -0.261. Path group: clk_fpga_0. Processed net: fastvit_bd_i/sc_main/inst/s02_entry_pipeline/s02_mmu/inst/ar_sreg/i_3/O_n.
INFO: [Physopt 32-953] Path group WNS did not improve. Path group: clk_fpga_0. Processed net: fastvit_bd_i/worker_0/inst/dwconv_worker_U/dataflow_in_loop_LOOP_DW_CH_1_U0/dwconv_process_channel4_U0/grp_dwconv_process_channel4_Pipeline_COMPUTE_DW_KW_fu_1523/ic_fu_138_reg_n_0_[11].
INFO: [Physopt 32-953] Path group WNS did not improve. Path group: clk_fpga_0. Processed net: fastvit_bd_i/worker_0/inst/dwconv_worker_U/dataflow_in_loop_LOOP_DW_CH_1_U0/dwconv_process_channel4_U0/grp_dwconv_process_channel4_Pipeline_COMPUTE_DW_KW_fu_1523/flow_control_loop_pipe_sequential_init_U/icmp_ln251_fu_370_p2.
INFO: [Physopt 32-953] Path group WNS did not improve. Path group: clk_fpga_0. Processed net: fastvit_bd_i/worker_0/inst/dwconv_worker_U/dataflow_in_loop_LOOP_DW_CH_1_U0/dwconv_process_channel4_U0/grp_dwconv_process_channel4_Pipeline_COMPUTE_DW_KW_fu_1523/flow_control_loop_pipe_sequential_init_U/ic_fu_138[30]_i_37_n_0.
INFO: [Physopt 32-953] Path group WNS did not improve. Path group: clk_fpga_0. Processed net: fastvit_bd_i/worker_0/inst/dwconv_worker_U/dataflow_in_loop_LOOP_DW_CH_1_U0/dwconv_process_channel4_U0/grp_dwconv_process_channel4_Pipeline_COMPUTE_DW_KW_fu_1523/flow_control_loop_pipe_sequential_init_U/SR[0].
INFO: [Physopt 32-953] Path group WNS did not improve. Path group: clk_fpga_0. Processed net: fastvit_bd_i/worker_0/inst/dwconv_worker_U/dataflow_in_loop_LOOP_DW_CH_1_U0/dwconv_process_channel4_U0/grp_dwconv_process_channel4_Pipeline_COMPUTE_DW_KW_fu_1523/flow_control_loop_pipe_sequential_init_U/ap_loop_init_int.
INFO: [Physopt 32-668] Current Timing Summary | WNS=-0.261 | TNS=-22.247 | WHS=0.019 | THS=0.000 |
Netlist sorting complete. Time (s): cpu = 00:00:00 ; elapsed = 00:00:00.025 . Memory (MB): peak = 3052.910 ; gain = 0.000
Phase 2 Critical Path Optimization | Checksum: 25dcc10b5

Time (s): cpu = 00:02:08 ; elapsed = 00:02:09 . Memory (MB): peak = 3052.910 ; gain = 49.410

Phase 3 Hold Fix Optimization
INFO: [Physopt 32-668] Current Timing Summary | WNS=-0.261 | TNS=-22.247 | WHS=0.019 | THS=0.000 |
INFO: [Physopt 32-45] Identified 0 candidate net for hold slack optimization.
INFO: [Physopt 32-234] Optimized 0 nets. Inserted 0 new ZHOLD_DELAYs. Calibrated 0 existing ZHOLD_DELAYs. Inserted 0 buffers.

INFO: [Physopt 32-668] Current Timing Summary | WNS=-0.261 | TNS=-22.247 | WHS=0.019 | THS=0.000 |
Phase 3 Hold Fix Optimization | Checksum: 25dcc10b5

Time (s): cpu = 00:02:08 ; elapsed = 00:02:09 . Memory (MB): peak = 3052.910 ; gain = 49.410
Netlist sorting complete. Time (s): cpu = 00:00:00 ; elapsed = 00:00:00.008 . Memory (MB): peak = 3052.910 ; gain = 0.000
INFO: [Physopt 32-669] Post Physical Optimization Timing Summary | WNS=-0.261 | TNS=-22.247 | WHS=0.019 | THS=0.000 |

Summary of Physical Synthesis Optimizations
============================================


-------------------------------------------------------------------------------------------------------------------------------------------------------------
|  Optimization   |  WNS Gain (ns)  |  TNS Gain (ns)  |  Added Cells  |  Removed Cells  |  Optimized Cells/Nets  |  Dont Touch  |  Iterations  |  Elapsed   |
-------------------------------------------------------------------------------------------------------------------------------------------------------------
|  Critical Path  |          0.257  |         22.185  |            0  |              0  |                    24  |           0  |           1  |  00:02:02  |
-------------------------------------------------------------------------------------------------------------------------------------------------------------


Summary of Hold Fix Optimizations
=================================


--------------------------------------------------------------------------------------------------------------------------------------------------------------
|  Optimization               |  WHS Gain (ns)  |  THS Gain (ns)  |  Added LUTs  |  Added FFs  |  Optimized Nets  |  Dont Touch  |  Iterations  |  Elapsed   |
--------------------------------------------------------------------------------------------------------------------------------------------------------------
|  LUT1 and ZHOLD Insertion   |          0.000  |          0.000  |           0  |          0  |               0  |           0  |           0  |  00:00:00  |
|  Total                      |          0.000  |          0.000  |           0  |          0  |               0  |           0  |           0  |  00:00:00  |
--------------------------------------------------------------------------------------------------------------------------------------------------------------


Netlist sorting complete. Time (s): cpu = 00:00:00 ; elapsed = 00:00:00.006 . Memory (MB): peak = 3052.910 ; gain = 0.000
Ending Physical Synthesis Task | Checksum: 25dcc10b5

Time (s): cpu = 00:02:08 ; elapsed = 00:02:10 . Memory (MB): peak = 3052.910 ; gain = 49.410
INFO: [Common 17-83] Releasing license: Implementation
1446 Infos, 3 Warnings, 0 Critical Warnings and 0 Errors encountered.
phys_opt_design completed successfully
phys_opt_design: Time (s): cpu = 00:02:09 ; elapsed = 00:02:10 . Memory (MB): peak = 3052.910 ; gain = 55.156
INFO: [Vivado 12-24828] Executing command : report_timing_summary -max_paths 10 -report_unconstrained -warn_on_violation -file fastvit_bd_wrapper_timing_summary_postroute_physopted.rpt -pb fastvit_bd_wrapper_timing_summary_postroute_physopted.pb -rpx fastvit_bd_wrapper_timing_summary_postroute_physopted.rpx
INFO: [Timing 38-91] UpdateTimingParams: Speed grade: -1, Delay Type: min_max.
CRITICAL WARNING: [Timing 38-282] The design failed to meet the timing requirements. Please see the timing summary report for details on the timing violations.
report_timing_summary: Time (s): cpu = 00:00:06 ; elapsed = 00:00:06 . Memory (MB): peak = 3052.910 ; gain = 0.000
INFO: [Vivado 12-24828] Executing command : report_bus_skew -warn_on_violation -file fastvit_bd_wrapper_bus_skew_postroute_physopted.rpt -pb fastvit_bd_wrapper_bus_skew_postroute_physopted.pb -rpx fastvit_bd_wrapper_bus_skew_postroute_physopted.rpx
INFO: [Timing 38-91] UpdateTimingParams: Speed grade: -1, Delay Type: min_max.
generate_parallel_reports: Time (s): cpu = 00:00:07 ; elapsed = 00:00:06 . Memory (MB): peak = 3052.910 ; gain = 0.000
INFO: [Timing 38-480] Writing timing data to binary archive.
Write ShapeDB Complete: Time (s): cpu = 00:00:00 ; elapsed = 00:00:00.044 . Memory (MB): peak = 3052.910 ; gain = 0.000
Wrote PlaceDB: Time (s): cpu = 00:00:01 ; elapsed = 00:00:01 . Memory (MB): peak = 3052.910 ; gain = 0.000
Wrote PulsedLatchDB: Time (s): cpu = 00:00:00 ; elapsed = 00:00:00 . Memory (MB): peak = 3052.910 ; gain = 0.000
Writing XDEF routing.
Writing XDEF routing logical nets.
Writing XDEF routing special nets.
Wrote RouteStorage: Time (s): cpu = 00:00:00 ; elapsed = 00:00:00.304 . Memory (MB): peak = 3052.910 ; gain = 0.000
Wrote Netlist Cache: Time (s): cpu = 00:00:00 ; elapsed = 00:00:00.042 . Memory (MB): peak = 3052.910 ; gain = 0.000
Wrote Device Cache: Time (s): cpu = 00:00:00 ; elapsed = 00:00:00.009 . Memory (MB): peak = 3052.910 ; gain = 0.000
Write Physdb Complete: Time (s): cpu = 00:00:01 ; elapsed = 00:00:02 . Memory (MB): peak = 3052.910 ; gain = 0.000
INFO: [Common 17-1381] The checkpoint 'E:/codes/microzed/fastvit_hls/vivado_impl/fastvit_dwconv_only_200mhz_proj/fastvit_dwconv_only_200mhz_proj.runs/impl_1/fastvit_bd_wrapper_postroute_physopt.dcp' has been generated.
write_checkpoint: Time (s): cpu = 00:00:06 ; elapsed = 00:00:07 . Memory (MB): peak = 3052.910 ; gain = 0.000
INFO: [Memdata 28-167] Found XPM memory block fastvit_bd_i/sc_main/inst/s03_nodes/s03_w_node/inst/inst_mi_handler/gen_normal_area.inst_fifo_node_payld/gen_xpm_memory_fifo.inst_fifo/gen_mem_rep[0].inst_xpm_memory/xpm_memory_base_inst with a P_MEMORY_PRIMITIVE property set to distributed. A value of block is required. You will not be able to use the updatemem program to update the bitstream with new data for the fastvit_bd_i/sc_main/inst/s03_nodes/s03_w_node/inst/inst_mi_handler/gen_normal_area.inst_fifo_node_payld/gen_xpm_memory_fifo.inst_fifo/gen_mem_rep[0].inst_xpm_memory/xpm_memory_base_inst block.
INFO: [Memdata 28-167] Found XPM memory block fastvit_bd_i/sc_main/inst/s03_nodes/s03_w_node/inst/inst_mi_handler/gen_normal_area.gen_fifo_req.inst_fifo_req/gen_xpm_memory_fifo.inst_fifo/gen_mem_rep[0].inst_xpm_memory/xpm_memory_base_inst with a P_MEMORY_PRIMITIVE property set to distributed. A value of block is required. You will not be able to use the updatemem program to update the bitstream with new data for the fastvit_bd_i/sc_main/inst/s03_nodes/s03_w_node/inst/inst_mi_handler/gen_normal_area.gen_fifo_req.inst_fifo_req/gen_xpm_memory_fifo.inst_fifo/gen_mem_rep[0].inst_xpm_memory/xpm_memory_base_inst block.
INFO: [Memdata 28-167] Found XPM memory block fastvit_bd_i/sc_main/inst/s03_nodes/s03_aw_node/inst/inst_mi_handler/gen_normal_area.inst_fifo_node_payld/gen_xpm_memory_fifo.inst_fifo/gen_mem_rep[0].inst_xpm_memory/xpm_memory_base_inst with a P_MEMORY_PRIMITIVE property set to distributed. A value of block is required. You will not be able to use the updatemem program to update the bitstream with new data for the fastvit_bd_i/sc_main/inst/s03_nodes/s03_aw_node/inst/inst_mi_handler/gen_normal_area.inst_fifo_node_payld/gen_xpm_memory_fifo.inst_fifo/gen_mem_rep[0].inst_xpm_memory/xpm_memory_base_inst block.
INFO: [Memdata 28-167] Found XPM memory block fastvit_bd_i/sc_main/inst/s02_nodes/s02_r_node/inst/inst_mi_handler/gen_normal_area.inst_fifo_node_payld/gen_xpm_memory_fifo.inst_fifo/gen_mem_rep[0].inst_xpm_memory/xpm_memory_base_inst with a P_MEMORY_PRIMITIVE property set to distributed. A value of block is required. You will not be able to use the updatemem program to update the bitstream with new data for the fastvit_bd_i/sc_main/inst/s02_nodes/s02_r_node/inst/inst_mi_handler/gen_normal_area.inst_fifo_node_payld/gen_xpm_memory_fifo.inst_fifo/gen_mem_rep[0].inst_xpm_memory/xpm_memory_base_inst block.
INFO: [Memdata 28-167] Found XPM memory block fastvit_bd_i/sc_main/inst/s02_nodes/s02_ar_node/inst/inst_mi_handler/gen_normal_area.inst_fifo_node_payld/gen_xpm_memory_fifo.inst_fifo/gen_mem_rep[0].inst_xpm_memory/xpm_memory_base_inst with a P_MEMORY_PRIMITIVE property set to distributed. A value of block is required. You will not be able to use the updatemem program to update the bitstream with new data for the fastvit_bd_i/sc_main/inst/s02_nodes/s02_ar_node/inst/inst_mi_handler/gen_normal_area.inst_fifo_node_payld/gen_xpm_memory_fifo.inst_fifo/gen_mem_rep[0].inst_xpm_memory/xpm_memory_base_inst block.
INFO: [Memdata 28-167] Found XPM memory block fastvit_bd_i/sc_main/inst/s01_nodes/s01_r_node/inst/inst_mi_handler/gen_normal_area.inst_fifo_node_payld/gen_xpm_memory_fifo.inst_fifo/gen_mem_rep[0].inst_xpm_memory/xpm_memory_base_inst with a P_MEMORY_PRIMITIVE property set to distributed. A value of block is required. You will not be able to use the updatemem program to update the bitstream with new data for the fastvit_bd_i/sc_main/inst/s01_nodes/s01_r_node/inst/inst_mi_handler/gen_normal_area.inst_fifo_node_payld/gen_xpm_memory_fifo.inst_fifo/gen_mem_rep[0].inst_xpm_memory/xpm_memory_base_inst block.
INFO: [Memdata 28-167] Found XPM memory block fastvit_bd_i/sc_main/inst/s01_nodes/s01_ar_node/inst/inst_mi_handler/gen_normal_area.inst_fifo_node_payld/gen_xpm_memory_fifo.inst_fifo/gen_mem_rep[0].inst_xpm_memory/xpm_memory_base_inst with a P_MEMORY_PRIMITIVE property set to distributed. A value of block is required. You will not be able to use the updatemem program to update the bitstream with new data for the fastvit_bd_i/sc_main/inst/s01_nodes/s01_ar_node/inst/inst_mi_handler/gen_normal_area.inst_fifo_node_payld/gen_xpm_memory_fifo.inst_fifo/gen_mem_rep[0].inst_xpm_memory/xpm_memory_base_inst block.
INFO: [Memdata 28-167] Found XPM memory block fastvit_bd_i/sc_main/inst/s00_nodes/s00_r_node/inst/inst_mi_handler/gen_normal_area.inst_fifo_node_payld/gen_xpm_memory_fifo.inst_fifo/gen_mem_rep[0].inst_xpm_memory/xpm_memory_base_inst with a P_MEMORY_PRIMITIVE property set to distributed. A value of block is required. You will not be able to use the updatemem program to update the bitstream with new data for the fastvit_bd_i/sc_main/inst/s00_nodes/s00_r_node/inst/inst_mi_handler/gen_normal_area.inst_fifo_node_payld/gen_xpm_memory_fifo.inst_fifo/gen_mem_rep[0].inst_xpm_memory/xpm_memory_base_inst block.
INFO: [Memdata 28-167] Found XPM memory block fastvit_bd_i/sc_main/inst/s00_nodes/s00_ar_node/inst/inst_mi_handler/gen_normal_area.inst_fifo_node_payld/gen_xpm_memory_fifo.inst_fifo/gen_mem_rep[0].inst_xpm_memory/xpm_memory_base_inst with a P_MEMORY_PRIMITIVE property set to distributed. A value of block is required. You will not be able to use the updatemem program to update the bitstream with new data for the fastvit_bd_i/sc_main/inst/s00_nodes/s00_ar_node/inst/inst_mi_handler/gen_normal_area.inst_fifo_node_payld/gen_xpm_memory_fifo.inst_fifo/gen_mem_rep[0].inst_xpm_memory/xpm_memory_base_inst block.
INFO: [Memdata 28-167] Found XPM memory block fastvit_bd_i/sc_main/inst/m00_nodes/m00_w_node/inst/inst_si_handler/gen_si_handler.gen_request_fifos.gen_req_fifo[3].inst_req_fifo/gen_xpm_memory_fifo.inst_fifo/gen_mem_rep[0].inst_xpm_memory/xpm_memory_base_inst with a P_MEMORY_PRIMITIVE property set to distributed. A value of block is required. You will not be able to use the updatemem program to update the bitstream with new data for the fastvit_bd_i/sc_main/inst/m00_nodes/m00_w_node/inst/inst_si_handler/gen_si_handler.gen_request_fifos.gen_req_fifo[3].inst_req_fifo/gen_xpm_memory_fifo.inst_fifo/gen_mem_rep[0].inst_xpm_memory/xpm_memory_base_inst block.
INFO: [Memdata 28-167] Found XPM memory block fastvit_bd_i/sc_main/inst/m00_nodes/m00_w_node/inst/inst_mi_handler/gen_normal_area.inst_fifo_node_payld/gen_xpm_memory_fifo.inst_fifo/gen_mem_rep[0].inst_xpm_memory/xpm_memory_base_inst with a P_MEMORY_PRIMITIVE property set to distributed. A value of block is required. You will not be able to use the updatemem program to update the bitstream with new data for the fastvit_bd_i/sc_main/inst/m00_nodes/m00_w_node/inst/inst_mi_handler/gen_normal_area.inst_fifo_node_payld/gen_xpm_memory_fifo.inst_fifo/gen_mem_rep[0].inst_xpm_memory/xpm_memory_base_inst block.
INFO: [Memdata 28-167] Found XPM memory block fastvit_bd_i/sc_main/inst/m00_nodes/m00_r_node/inst/inst_mi_handler/gen_normal_area.inst_fifo_node_payld/gen_xpm_memory_fifo.inst_fifo/gen_mem_rep[0].inst_xpm_memory/xpm_memory_base_inst with a P_MEMORY_PRIMITIVE property set to distributed. A value of block is required. You will not be able to use the updatemem program to update the bitstream with new data for the fastvit_bd_i/sc_main/inst/m00_nodes/m00_r_node/inst/inst_mi_handler/gen_normal_area.inst_fifo_node_payld/gen_xpm_memory_fifo.inst_fifo/gen_mem_rep[0].inst_xpm_memory/xpm_memory_base_inst block.
INFO: [Memdata 28-167] Found XPM memory block fastvit_bd_i/sc_main/inst/m00_nodes/m00_r_node/inst/inst_mi_handler/gen_normal_area.gen_fifo_req.inst_fifo_req/gen_xpm_memory_fifo.inst_fifo/gen_mem_rep[0].inst_xpm_memory/xpm_memory_base_inst with a P_MEMORY_PRIMITIVE property set to distributed. A value of block is required. You will not be able to use the updatemem program to update the bitstream with new data for the fastvit_bd_i/sc_main/inst/m00_nodes/m00_r_node/inst/inst_mi_handler/gen_normal_area.gen_fifo_req.inst_fifo_req/gen_xpm_memory_fifo.inst_fifo/gen_mem_rep[0].inst_xpm_memory/xpm_memory_base_inst block.
INFO: [Memdata 28-167] Found XPM memory block fastvit_bd_i/sc_main/inst/m00_nodes/m00_b_node/inst/inst_mi_handler/gen_normal_area.gen_fifo_req.inst_fifo_req/gen_xpm_memory_fifo.inst_fifo/gen_mem_rep[0].inst_xpm_memory/xpm_memory_base_inst with a P_MEMORY_PRIMITIVE property set to distributed. A value of block is required. You will not be able to use the updatemem program to update the bitstream with new data for the fastvit_bd_i/sc_main/inst/m00_nodes/m00_b_node/inst/inst_mi_handler/gen_normal_area.gen_fifo_req.inst_fifo_req/gen_xpm_memory_fifo.inst_fifo/gen_mem_rep[0].inst_xpm_memory/xpm_memory_base_inst block.
INFO: [Memdata 28-167] Found XPM memory block fastvit_bd_i/sc_main/inst/m00_nodes/m00_aw_node/inst/inst_mi_handler/gen_normal_area.inst_fifo_node_payld/gen_xpm_memory_fifo.inst_fifo/gen_mem_rep[0].inst_xpm_memory/xpm_memory_base_inst with a P_MEMORY_PRIMITIVE property set to distributed. A value of block is required. You will not be able to use the updatemem program to update the bitstream with new data for the fastvit_bd_i/sc_main/inst/m00_nodes/m00_aw_node/inst/inst_mi_handler/gen_normal_area.inst_fifo_node_payld/gen_xpm_memory_fifo.inst_fifo/gen_mem_rep[0].inst_xpm_memory/xpm_memory_base_inst block.
INFO: [Memdata 28-167] Found XPM memory block fastvit_bd_i/sc_main/inst/m00_nodes/m00_ar_node/inst/inst_mi_handler/gen_normal_area.inst_fifo_node_payld/gen_xpm_memory_fifo.inst_fifo/gen_mem_rep[0].inst_xpm_memory/xpm_memory_base_inst with a P_MEMORY_PRIMITIVE property set to distributed. A value of block is required. You will not be able to use the updatemem program to update the bitstream with new data for the fastvit_bd_i/sc_main/inst/m00_nodes/m00_ar_node/inst/inst_mi_handler/gen_normal_area.inst_fifo_node_payld/gen_xpm_memory_fifo.inst_fifo/gen_mem_rep[0].inst_xpm_memory/xpm_memory_base_inst block.
Command: write_bitstream -force fastvit_bd_wrapper.bit
Attempting to get a license for feature 'Implementation' and/or device 'xc7z020'
INFO: [Common 17-349] Got license for feature 'Implementation' and/or device 'xc7z020'
Running DRC as a precondition to command write_bitstream
INFO: [IP_Flow 19-1839] IP Catalog is up to date.
INFO: [Vivado 12-3199] DRC finished with 0 Errors
INFO: [Vivado 12-3200] Please refer to the DRC report (report_drc) for more information.
Loading data files...
Loading site data...
Loading route data...
Processing options...
Creating bitmap...
Creating bitstream...
Writing bitstream ./fastvit_bd_wrapper.bit...
INFO: [Vivado 12-1842] Bitgen Completed Successfully.
INFO: [Project 1-1876] WebTalk data collection is mandatory when using a ULT device. To see the specific WebTalk data collected for your design, open the usage_statistics_webtalk.html or usage_statistics_webtalk.xml file in the implementation directory.
INFO: [Common 17-83] Releasing license: Implementation
1475 Infos, 3 Warnings, 1 Critical Warnings and 0 Errors encountered.
write_bitstream completed successfully
write_bitstream: Time (s): cpu = 00:00:18 ; elapsed = 00:00:18 . Memory (MB): peak = 3282.125 ; gain = 229.215
INFO: [Common 17-206] Exiting Vivado at Fri Aug  7 04:31:00 2026...
[Fri Aug  7 04:31:06 2026] impl_1 finished
wait_on_runs: Time (s): cpu = 00:00:01 ; elapsed = 00:09:13 . Memory (MB): peak = 712.281 ; gain = 0.000
# puts "Implementation status: [get_property STATUS [get_runs impl_1]]"
Implementation status: write_bitstream Complete!
# if {[get_property PROGRESS [get_runs impl_1]] != "100%"} { error "Implementation FAILED" }
# open_run impl_1
INFO: [Device 21-403] Loading part xc7z020clg400-1
Netlist sorting complete. Time (s): cpu = 00:00:01 ; elapsed = 00:00:00.355 . Memory (MB): peak = 988.809 ; gain = 0.000
INFO: [Netlist 29-17] Analyzing 2647 Unisim elements for replacement
INFO: [Netlist 29-28] Unisim Transformation completed in 0 CPU seconds
INFO: [Project 1-479] Netlist was created with Vivado 2024.2
INFO: [Project 1-570] Preparing netlist for logic optimization
Read ShapeDB Complete: Time (s): cpu = 00:00:00 ; elapsed = 00:00:00.048 . Memory (MB): peak = 1183.613 ; gain = 10.223
INFO: [Timing 38-478] Restoring timing data from binary archive.
INFO: [Timing 38-479] Binary timing data restore complete.
INFO: [Project 1-856] Restoring constraints from binary archive.
INFO: [Project 1-853] Binary constraint restore complete.
INFO: [Designutils 20-5722] Start Reading Physical Databases.
Reading placement.
Read Netlist Cache: Time (s): cpu = 00:00:00 ; elapsed = 00:00:00.024 . Memory (MB): peak = 1850.441 ; gain = 0.000
Reading placer database...
Read Device Cache: Time (s): cpu = 00:00:00 ; elapsed = 00:00:00.008 . Memory (MB): peak = 1850.441 ; gain = 0.000
Read PlaceDB: Time (s): cpu = 00:00:01 ; elapsed = 00:00:00.797 . Memory (MB): peak = 1862.676 ; gain = 12.234
Read PulsedLatchDB: Time (s): cpu = 00:00:00 ; elapsed = 00:00:00 . Memory (MB): peak = 1862.676 ; gain = 0.000
Reading routing.
Read RouteStorage: Time (s): cpu = 00:00:00 ; elapsed = 00:00:00.334 . Memory (MB): peak = 1887.480 ; gain = 24.805
Read Physdb Files: Time (s): cpu = 00:00:01 ; elapsed = 00:00:01 . Memory (MB): peak = 1887.480 ; gain = 37.039
Restored from archive | CPU: 1.000000 secs | Memory: 0.000000 MB |
Finished XDEF File Restore: Time (s): cpu = 00:00:01 ; elapsed = 00:00:01 . Memory (MB): peak = 1887.480 ; gain = 37.633
Netlist sorting complete. Time (s): cpu = 00:00:00 ; elapsed = 00:00:00.005 . Memory (MB): peak = 1887.480 ; gain = 0.000
INFO: [Project 1-111] Unisim Transformation Summary:
  A total of 179 instances were transformed.
  RAM16X1D => RAM32X1D (RAMD32(x2)): 1 instance 
  RAM16X1S => RAM32X1S (RAMS32): 14 instances
  RAM32M => RAM32M (RAMD32(x6), RAMS32(x2)): 164 instances

open_run: Time (s): cpu = 00:00:09 ; elapsed = 00:00:10 . Memory (MB): peak = 1887.480 ; gain = 1175.199
# set rpt_file "$proj_dir/utilization_dwconv_only_200mhz.rpt"
# report_utilization -file $rpt_file
# set timing_rpt "$proj_dir/timing_detail_dwconv_only_200mhz.rpt"
# report_timing -delay_type max -max_paths 10 -sort_by group -file $timing_rpt
INFO: [Timing 38-91] UpdateTimingParams: Speed grade: -1, Delay Type: max.
INFO: [Timing 38-78] ReportTimingParams: -max_paths 10 -nworst 1 -delay_type max -sort_by group.
# puts ">>> Detailed timing report: $timing_rpt"
>>> Detailed timing report: E:/codes/microzed/fastvit_hls/vivado_impl/fastvit_dwconv_only_200mhz_proj/timing_detail_dwconv_only_200mhz.rpt
# puts ""

# puts "========================================"
========================================
# puts " POST-IMPLEMENTATION UTILIZATION (dwconv-only, 200MHz)"
 POST-IMPLEMENTATION UTILIZATION (dwconv-only, 200MHz)
# puts "========================================"
========================================
# report_utilization
Copyright 1986-2022 Xilinx, Inc. All Rights Reserved. Copyright 2022-2024 Advanced Micro Devices, Inc. All Rights Reserved.
---------------------------------------------------------------------------------------------------------------------------------------------
| Tool Version : Vivado v.2024.2 (win64) Build 5239630 Fri Nov 08 22:35:27 MST 2024
| Date         : Fri Aug  7 04:31:21 2026
| Host         : DESKTOP-GBLH5MP running 64-bit major release  (build 9200)
| Command      : report_utilization
| Design       : fastvit_bd_wrapper
| Device       : xc7z020clg400-1
| Speed File   : -1
| Design State : Physopt postRoute
---------------------------------------------------------------------------------------------------------------------------------------------

Utilization Design Information

Table of Contents
-----------------
1. Slice Logic
1.1 Summary of Registers by Type
2. Slice Logic Distribution
3. Memory
4. DSP
5. IO and GT Specific
6. Clocking
7. Specific Feature
8. Primitives
9. Black Boxes
10. Instantiated Netlists

1. Slice Logic
--------------

+----------------------------+-------+-------+------------+-----------+-------+
|          Site Type         |  Used | Fixed | Prohibited | Available | Util% |
+----------------------------+-------+-------+------------+-----------+-------+
| Slice LUTs                 | 17659 |     0 |          0 |     53200 | 33.19 |
|   LUT as Logic             | 15536 |     0 |          0 |     53200 | 29.20 |
|   LUT as Memory            |  2123 |     0 |          0 |     17400 | 12.20 |
|     LUT as Distributed RAM |   672 |     0 |            |           |       |
|     LUT as Shift Register  |  1451 |     0 |            |           |       |
| Slice Registers            | 23508 |     0 |          0 |    106400 | 22.09 |
|   Register as Flip Flop    | 23508 |     0 |          0 |    106400 | 22.09 |
|   Register as Latch        |     0 |     0 |          0 |    106400 |  0.00 |
| F7 Muxes                   |   514 |     0 |          0 |     26600 |  1.93 |
| F8 Muxes                   |    79 |     0 |          0 |     13300 |  0.59 |
+----------------------------+-------+-------+------------+-----------+-------+
* Warning! LUT value is adjusted to account for LUT combining.


1.1 Summary of Registers by Type
--------------------------------

+-------+--------------+-------------+--------------+
| Total | Clock Enable | Synchronous | Asynchronous |
+-------+--------------+-------------+--------------+
| 0     |            _ |           - |            - |
| 0     |            _ |           - |          Set |
| 0     |            _ |           - |        Reset |
| 0     |            _ |         Set |            - |
| 0     |            _ |       Reset |            - |
| 0     |          Yes |           - |            - |
| 0     |          Yes |           - |          Set |
| 81    |          Yes |           - |        Reset |
| 813   |          Yes |         Set |            - |
| 22614 |          Yes |       Reset |            - |
+-------+--------------+-------------+--------------+


2. Slice Logic Distribution
---------------------------

+--------------------------------------------+-------+-------+------------+-----------+-------+
|                  Site Type                 |  Used | Fixed | Prohibited | Available | Util% |
+--------------------------------------------+-------+-------+------------+-----------+-------+
| Slice                                      |  7955 |     0 |          0 |     13300 | 59.81 |
|   SLICEL                                   |  5288 |     0 |            |           |       |
|   SLICEM                                   |  2667 |     0 |            |           |       |
| LUT as Logic                               | 15536 |     0 |          0 |     53200 | 29.20 |
|   using O5 output only                     |    64 |       |            |           |       |
|   using O6 output only                     | 11080 |       |            |           |       |
|   using O5 and O6                          |  4392 |       |            |           |       |
| LUT as Memory                              |  2123 |     0 |          0 |     17400 | 12.20 |
|   LUT as Distributed RAM                   |   672 |     0 |            |           |       |
|     using O5 output only                   |     0 |       |            |           |       |
|     using O6 output only                   |    16 |       |            |           |       |
|     using O5 and O6                        |   656 |       |            |           |       |
|   LUT as Shift Register                    |  1451 |     0 |            |           |       |
|     using O5 output only                   |    25 |       |            |           |       |
|     using O6 output only                   |  1339 |       |            |           |       |
|     using O5 and O6                        |    87 |       |            |           |       |
| Slice Registers                            | 23508 |     0 |          0 |    106400 | 22.09 |
|   Register driven from within the Slice    | 12766 |       |            |           |       |
|   Register driven from outside the Slice   | 10742 |       |            |           |       |
|     LUT in front of the register is unused |  6920 |       |            |           |       |
|     LUT in front of the register is used   |  3822 |       |            |           |       |
| Unique Control Sets                        |   838 |       |          0 |     13300 |  6.30 |
+--------------------------------------------+-------+-------+------------+-----------+-------+
* * Note: Available Control Sets calculated as Slice * 1, Review the Control Sets Report for more information regarding control sets.


3. Memory
---------

+-------------------+------+-------+------------+-----------+-------+
|     Site Type     | Used | Fixed | Prohibited | Available | Util% |
+-------------------+------+-------+------------+-----------+-------+
| Block RAM Tile    |   19 |     0 |          0 |       140 | 13.57 |
|   RAMB36/FIFO*    |    2 |     0 |          0 |       140 |  1.43 |
|     RAMB36E1 only |    2 |       |            |           |       |
|   RAMB18          |   34 |     0 |          0 |       280 | 12.14 |
|     RAMB18E1 only |   34 |       |            |           |       |
+-------------------+------+-------+------------+-----------+-------+
* Note: Each Block RAM Tile only has one FIFO logic available and therefore can accommodate only one FIFO36E1 or one FIFO18E1. However, if a FIFO18E1 occupies a Block RAM Tile, that tile can still accommodate a RAMB18E1


4. DSP
------

+----------------+------+-------+------------+-----------+-------+
|    Site Type   | Used | Fixed | Prohibited | Available | Util% |
+----------------+------+-------+------------+-----------+-------+
| DSPs           |   45 |     0 |          0 |       220 | 20.45 |
|   DSP48E1 only |   45 |       |            |           |       |
+----------------+------+-------+------------+-----------+-------+


5. IO and GT Specific
---------------------

+-----------------------------+------+-------+------------+-----------+--------+
|          Site Type          | Used | Fixed | Prohibited | Available |  Util% |
+-----------------------------+------+-------+------------+-----------+--------+
| Bonded IOB                  |    0 |     0 |          0 |       125 |   0.00 |
| Bonded IPADs                |    0 |     0 |          0 |         2 |   0.00 |
| Bonded IOPADs               |  130 |   130 |          0 |       130 | 100.00 |
| PHY_CONTROL                 |    0 |     0 |          0 |         4 |   0.00 |
| PHASER_REF                  |    0 |     0 |          0 |         4 |   0.00 |
| OUT_FIFO                    |    0 |     0 |          0 |        16 |   0.00 |
| IN_FIFO                     |    0 |     0 |          0 |        16 |   0.00 |
| IDELAYCTRL                  |    0 |     0 |          0 |         4 |   0.00 |
| IBUFDS                      |    0 |     0 |          0 |       121 |   0.00 |
| PHASER_OUT/PHASER_OUT_PHY   |    0 |     0 |          0 |        16 |   0.00 |
| PHASER_IN/PHASER_IN_PHY     |    0 |     0 |          0 |        16 |   0.00 |
| IDELAYE2/IDELAYE2_FINEDELAY |    0 |     0 |          0 |       200 |   0.00 |
| ILOGIC                      |    0 |     0 |          0 |       125 |   0.00 |
| OLOGIC                      |    0 |     0 |          0 |       125 |   0.00 |
+-----------------------------+------+-------+------------+-----------+--------+


6. Clocking
-----------

+------------+------+-------+------------+-----------+-------+
|  Site Type | Used | Fixed | Prohibited | Available | Util% |
+------------+------+-------+------------+-----------+-------+
| BUFGCTRL   |    3 |     0 |          0 |        32 |  9.38 |
| BUFIO      |    0 |     0 |          0 |        16 |  0.00 |
| MMCME2_ADV |    0 |     0 |          0 |         4 |  0.00 |
| PLLE2_ADV  |    0 |     0 |          0 |         4 |  0.00 |
| BUFMRCE    |    0 |     0 |          0 |         8 |  0.00 |
| BUFHCE     |    0 |     0 |          0 |        72 |  0.00 |
| BUFR       |    0 |     0 |          0 |        16 |  0.00 |
+------------+------+-------+------------+-----------+-------+


7. Specific Feature
-------------------

+-------------+------+-------+------------+-----------+-------+
|  Site Type  | Used | Fixed | Prohibited | Available | Util% |
+-------------+------+-------+------------+-----------+-------+
| BSCANE2     |    0 |     0 |          0 |         4 |  0.00 |
| CAPTUREE2   |    0 |     0 |          0 |         1 |  0.00 |
| DNA_PORT    |    0 |     0 |          0 |         1 |  0.00 |
| EFUSE_USR   |    0 |     0 |          0 |         1 |  0.00 |
| FRAME_ECCE2 |    0 |     0 |          0 |         1 |  0.00 |
| ICAPE2      |    0 |     0 |          0 |         2 |  0.00 |
| STARTUPE2   |    0 |     0 |          0 |         1 |  0.00 |
| XADC        |    0 |     0 |          0 |         1 |  0.00 |
+-------------+------+-------+------------+-----------+-------+


8. Primitives
-------------

+----------+-------+----------------------+
| Ref Name |  Used |  Functional Category |
+----------+-------+----------------------+
| FDRE     | 22614 |         Flop & Latch |
| LUT3     |  6208 |                  LUT |
| LUT2     |  4635 |                  LUT |
| LUT6     |  3397 |                  LUT |
| LUT4     |  2786 |                  LUT |
| LUT5     |  2038 |                  LUT |
| CARRY4   |  1794 |           CarryLogic |
| SRLC32E  |  1245 |   Distributed Memory |
| RAMD32   |   986 |   Distributed Memory |
| LUT1     |   864 |                  LUT |
| FDSE     |   813 |         Flop & Latch |
| MUXF7    |   514 |                MuxFx |
| RAMS32   |   342 |   Distributed Memory |
| SRL16E   |   293 |   Distributed Memory |
| BIBUF    |   130 |                   IO |
| FDCE     |    81 |         Flop & Latch |
| MUXF8    |    79 |                MuxFx |
| DSP48E1  |    45 |     Block Arithmetic |
| RAMB18E1 |    34 |         Block Memory |
| BUFG     |     3 |                Clock |
| RAMB36E1 |     2 |         Block Memory |
| PS7      |     1 | Specialized Resource |
+----------+-------+----------------------+


9. Black Boxes
--------------

+----------+------+
| Ref Name | Used |
+----------+------+


10. Instantiated Netlists
-------------------------

+-------------------------------------+------+
|               Ref Name              | Used |
+-------------------------------------+------+
| fastvit_bd_worker_0_0               |    1 |
| fastvit_bd_sc_main_0                |    1 |
| fastvit_bd_rst_ps7_0_200M_0         |    1 |
| fastvit_bd_ps_ctrl_ic_imp_xbar_0    |    1 |
| fastvit_bd_ps_ctrl_ic_imp_auto_pc_0 |    1 |
| fastvit_bd_ps7_0_0                  |    1 |
+-------------------------------------+------+


# set wns [get_property STATS.WNS [get_runs impl_1]]
# set tns [get_property STATS.TNS [get_runs impl_1]]
# puts ""

# puts ">>> WNS: $wns ns"
>>> WNS: -0.261485 ns
# puts ">>> TNS: $tns ns"
>>> TNS: -22.247177 ns
# puts ">>> Report:    $rpt_file"
>>> Report:    E:/codes/microzed/fastvit_hls/vivado_impl/fastvit_dwconv_only_200mhz_proj/utilization_dwconv_only_200mhz.rpt
INFO: [Common 17-206] Exiting Vivado at Fri Aug  7 04:31:21 2026...
