
****** Vivado v2024.2 (64-bit)
  **** SW Build 5239630 on Fri Nov 08 22:35:27 MST 2024
  **** IP Build 5239520 on Sun Nov 10 16:12:51 MST 2024
  **** SharedData Build 5239561 on Fri Nov 08 14:39:27 MST 2024
  **** Start of session at: Thu Aug  6 23:26:55 2026
    ** Copyright 1986-2022 Xilinx, Inc. All Rights Reserved.
    ** Copyright 2022-2024 Advanced Micro Devices, Inc. All Rights Reserved.

source run_impl_conv_only_200mhz.tcl
# set_param general.maxThreads 1
# set part      "xc7z020clg400-1"
# set proj_name "fastvit_conv_only_200mhz_proj"
# set script_dir [file normalize [file dirname [info script]]]
# set proj_dir   "$script_dir/$proj_name"
# set ip_dir "$script_dir/../fastvit_ip_w8a4/tier_b_single_ip/conv"
# create_project $proj_name $proj_dir -part $part -force
# set_property ip_repo_paths [list [file normalize $ip_dir]] [current_project]
# update_ip_catalog -rebuild
INFO: [IP_Flow 19-234] Refreshing IP repositories
INFO: [IP_Flow 19-1700] Loaded user IP repository 'e:/codes/microzed/fastvit_hls/fastvit_ip_w8a4/tier_b_single_ip/conv'.
INFO: [IP_Flow 19-2313] Loaded Vivado IP repository 'E:/Xilinx/Vivado/2024.2/data/ip'.
# create_bd_design fastvit_bd
Wrote  : <E:\codes\microzed\fastvit_hls\vivado_impl\fastvit_conv_only_200mhz_proj\fastvit_conv_only_200mhz_proj.srcs\sources_1\bd\fastvit_bd\fastvit_bd.bd> 
# create_bd_cell -type ip -vlnv xilinx.com:ip:processing_system7:5.5 ps7_0
# set_property -dict [list \
#     CONFIG.PCW_USE_S_AXI_HP0            {1} \
#     CONFIG.PCW_FPGA0_PERIPHERAL_FREQMHZ {200} \
#     CONFIG.PCW_EN_CLK0_PORT             {1} \
#     CONFIG.PCW_USE_M_AXI_GP0            {1} \
# ] [get_bd_cells ps7_0]
# make_bd_intf_pins_external [get_bd_intf_pins ps7_0/DDR]
# make_bd_intf_pins_external [get_bd_intf_pins ps7_0/FIXED_IO]
# create_bd_cell -type ip -vlnv user.org:hls:conv_only_top:1.0 worker_0
# create_bd_cell -type ip -vlnv xilinx.com:ip:proc_sys_reset:5.0 rst_ps7_0_200M
# create_bd_cell -type ip -vlnv xilinx.com:ip:axi_interconnect:2.1 ps_ctrl_ic
# set_property CONFIG.NUM_SI 1 [get_bd_cells ps_ctrl_ic]
# set_property CONFIG.NUM_MI 2 [get_bd_cells ps_ctrl_ic]
# create_bd_cell -type ip -vlnv xilinx.com:ip:smartconnect:1.0 sc_main
# set_property CONFIG.NUM_SI 4 [get_bd_cells sc_main]
# set clk [get_bd_pins ps7_0/FCLK_CLK0]
# connect_bd_net $clk [get_bd_pins rst_ps7_0_200M/slowest_sync_clk]
# connect_bd_net $clk [get_bd_pins worker_0/ap_clk]
# connect_bd_net $clk [get_bd_pins ps7_0/M_AXI_GP0_ACLK]
# connect_bd_net $clk [get_bd_pins ps7_0/S_AXI_HP0_ACLK]
# connect_bd_net $clk [get_bd_pins ps_ctrl_ic/ACLK]
# connect_bd_net $clk [get_bd_pins ps_ctrl_ic/S00_ACLK]
# foreach i {00 01} {
#     connect_bd_net $clk [get_bd_pins ps_ctrl_ic/M${i}_ACLK]
# }
# connect_bd_net $clk [get_bd_pins sc_main/aclk]
# connect_bd_net [get_bd_pins ps7_0/FCLK_RESET0_N] \
#                [get_bd_pins rst_ps7_0_200M/ext_reset_in]
# set rstn [get_bd_pins rst_ps7_0_200M/peripheral_aresetn]
# connect_bd_net $rstn [get_bd_pins worker_0/ap_rst_n]
# connect_bd_net $rstn [get_bd_pins ps_ctrl_ic/ARESETN]
# connect_bd_net $rstn [get_bd_pins ps_ctrl_ic/S00_ARESETN]
# foreach i {00 01} {
#     connect_bd_net $rstn [get_bd_pins ps_ctrl_ic/M${i}_ARESETN]
# }
# connect_bd_net $rstn [get_bd_pins sc_main/aresetn]
# connect_bd_intf_net [get_bd_intf_pins ps7_0/M_AXI_GP0]    [get_bd_intf_pins ps_ctrl_ic/S00_AXI]
# connect_bd_intf_net [get_bd_intf_pins ps_ctrl_ic/M00_AXI] [get_bd_intf_pins worker_0/s_axi_control]
# connect_bd_intf_net [get_bd_intf_pins ps_ctrl_ic/M01_AXI] [get_bd_intf_pins worker_0/s_axi_ctrl]
# set idx 0
# foreach m {gmem0 gmem1 gmem2 gmem3} {
#     set si [format "S%02d_AXI" $idx]
#     connect_bd_intf_net [get_bd_intf_pins worker_0/m_axi_conv_$m] [get_bd_intf_pins sc_main/$si]
#     incr idx
# }
# connect_bd_intf_net [get_bd_intf_pins sc_main/M00_AXI] [get_bd_intf_pins ps7_0/S_AXI_HP0]
# assign_bd_address
INFO: [BD 41-3093] Triggering Legacy Auto Assign Algorithm
Slave segment '/ps7_0/S_AXI_HP0/HP0_DDR_LOWOCM' is being assigned into address space '/worker_0/m_axi_conv_gmem0' at <0x0000_0000 [ 512M ]>.
Slave segment '/ps7_0/S_AXI_HP0/HP0_DDR_LOWOCM' is being assigned into address space '/worker_0/m_axi_conv_gmem1' at <0x0000_0000 [ 512M ]>.
Slave segment '/ps7_0/S_AXI_HP0/HP0_DDR_LOWOCM' is being assigned into address space '/worker_0/m_axi_conv_gmem2' at <0x0000_0000 [ 512M ]>.
Slave segment '/ps7_0/S_AXI_HP0/HP0_DDR_LOWOCM' is being assigned into address space '/worker_0/m_axi_conv_gmem3' at <0x0000_0000 [ 512M ]>.
Slave segment '/worker_0/s_axi_control/reg0' is being assigned into address space '/ps7_0/Data' at <0x4000_0000 [ 2K ]>.
Slave segment '/worker_0/s_axi_ctrl/reg0' is being assigned into address space '/ps7_0/Data' at <0x4000_0800 [ 2K ]>.
# validate_bd_design
INFO: [BD 5-943] Reserving offset range <0x0000_0000 [ 512M ]> from slave interface '/sc_main/S00_AXI' to master interface '/sc_main/M00_AXI'. This will be used by smartconnect on path for routing.
INFO: [BD 5-943] Reserving offset range <0x0000_0000 [ 512M ]> from slave interface '/sc_main/S01_AXI' to master interface '/sc_main/M00_AXI'. This will be used by smartconnect on path for routing.
INFO: [BD 5-943] Reserving offset range <0x0000_0000 [ 512M ]> from slave interface '/sc_main/S02_AXI' to master interface '/sc_main/M00_AXI'. This will be used by smartconnect on path for routing.
INFO: [BD 5-943] Reserving offset range <0x0000_0000 [ 512M ]> from slave interface '/sc_main/S03_AXI' to master interface '/sc_main/M00_AXI'. This will be used by smartconnect on path for routing.
INFO: [xilinx.com:ip:smartconnect:1.0-1] fastvit_bd_sc_main_0: SmartConnect fastvit_bd_sc_main_0 is in High-performance Mode.
CRITICAL WARNING: [xilinx.com:ip:smartconnect:1.0-1] fastvit_bd_sc_main_0: RUSER_WIDTH (1) of S00_AXI must be integer number of bits per byte of RDATA (32).
CRITICAL WARNING: [xilinx.com:ip:smartconnect:1.0-1] fastvit_bd_sc_main_0: WUSER_WIDTH (1) of S00_AXI must be integer number of bits per byte of WDATA (32).
CRITICAL WARNING: [xilinx.com:ip:smartconnect:1.0-1] fastvit_bd_sc_main_0: RUSER_WIDTH (1) of S01_AXI must be integer number of bits per byte of RDATA (32).
CRITICAL WARNING: [xilinx.com:ip:smartconnect:1.0-1] fastvit_bd_sc_main_0: WUSER_WIDTH (1) of S01_AXI must be integer number of bits per byte of WDATA (32).
CRITICAL WARNING: [xilinx.com:ip:smartconnect:1.0-1] fastvit_bd_sc_main_0: RUSER_WIDTH (1) of S02_AXI must be integer number of bits per byte of RDATA (32).
CRITICAL WARNING: [xilinx.com:ip:smartconnect:1.0-1] fastvit_bd_sc_main_0: WUSER_WIDTH (1) of S02_AXI must be integer number of bits per byte of WDATA (32).
CRITICAL WARNING: [xilinx.com:ip:smartconnect:1.0-1] fastvit_bd_sc_main_0: RUSER_WIDTH (1) of S03_AXI must be integer number of bits per byte of RDATA (32).
CRITICAL WARNING: [xilinx.com:ip:smartconnect:1.0-1] fastvit_bd_sc_main_0: WUSER_WIDTH (1) of S03_AXI must be integer number of bits per byte of WDATA (32).
WARNING: [BD 41-237] Bus Interface property AWUSER_WIDTH does not match between /ps7_0/S_AXI_HP0(0) and /sc_main/M00_AXI(1)
WARNING: [BD 41-237] Bus Interface property ARUSER_WIDTH does not match between /ps7_0/S_AXI_HP0(0) and /sc_main/M00_AXI(1)
WARNING: [BD 41-237] Bus Interface property BUSER_WIDTH does not match between /ps7_0/S_AXI_HP0(0) and /sc_main/M00_AXI(1)
# save_bd_design
Wrote  : <E:\codes\microzed\fastvit_hls\vivado_impl\fastvit_conv_only_200mhz_proj\fastvit_conv_only_200mhz_proj.srcs\sources_1\bd\fastvit_bd\fastvit_bd.bd> 
# generate_target all [get_files fastvit_bd.bd]
INFO: [BD 41-1662] The design 'fastvit_bd.bd' is already validated. Therefore parameter propagation will not be re-run.
WARNING: [BD 41-2384] Width mismatch when connecting pin: '/sc_main/S00_AXI_arlock'(1) to pin: '/worker_0/m_axi_conv_gmem0_ARLOCK'(2) - Only lower order bits will be connected.
WARNING: [BD 41-2384] Width mismatch when connecting pin: '/sc_main/S01_AXI_arlock'(1) to pin: '/worker_0/m_axi_conv_gmem1_ARLOCK'(2) - Only lower order bits will be connected.
WARNING: [BD 41-2384] Width mismatch when connecting pin: '/sc_main/S02_AXI_arlock'(1) to pin: '/worker_0/m_axi_conv_gmem2_ARLOCK'(2) - Only lower order bits will be connected.
WARNING: [BD 41-2384] Width mismatch when connecting pin: '/sc_main/S03_AXI_awlock'(1) to pin: '/worker_0/m_axi_conv_gmem3_AWLOCK'(2) - Only lower order bits will be connected.
Verilog Output written to : E:/codes/microzed/fastvit_hls/vivado_impl/fastvit_conv_only_200mhz_proj/fastvit_conv_only_200mhz_proj.gen/sources_1/bd/fastvit_bd/synth/fastvit_bd.v
WARNING: [BD 41-2384] Width mismatch when connecting pin: '/sc_main/S00_AXI_arlock'(1) to pin: '/worker_0/m_axi_conv_gmem0_ARLOCK'(2) - Only lower order bits will be connected.
WARNING: [BD 41-2384] Width mismatch when connecting pin: '/sc_main/S01_AXI_arlock'(1) to pin: '/worker_0/m_axi_conv_gmem1_ARLOCK'(2) - Only lower order bits will be connected.
WARNING: [BD 41-2384] Width mismatch when connecting pin: '/sc_main/S02_AXI_arlock'(1) to pin: '/worker_0/m_axi_conv_gmem2_ARLOCK'(2) - Only lower order bits will be connected.
WARNING: [BD 41-2384] Width mismatch when connecting pin: '/sc_main/S03_AXI_awlock'(1) to pin: '/worker_0/m_axi_conv_gmem3_AWLOCK'(2) - Only lower order bits will be connected.
Verilog Output written to : E:/codes/microzed/fastvit_hls/vivado_impl/fastvit_conv_only_200mhz_proj/fastvit_conv_only_200mhz_proj.gen/sources_1/bd/fastvit_bd/sim/fastvit_bd.v
Verilog Output written to : E:/codes/microzed/fastvit_hls/vivado_impl/fastvit_conv_only_200mhz_proj/fastvit_conv_only_200mhz_proj.gen/sources_1/bd/fastvit_bd/hdl/fastvit_bd_wrapper.v
INFO: [IP_Flow 19-5611] Unable to find an associated reset port for the interface 'M_AXI_GP0'. A default connection has been created.
INFO: [IP_Flow 19-5611] Unable to find an associated reset port for the interface 'S_AXI_HP0'. A default connection has been created.
INFO: [BD 41-1029] Generation completed for the IP Integrator block ps7_0 .
INFO: [BD 41-1029] Generation completed for the IP Integrator block worker_0 .
INFO: [BD 41-1029] Generation completed for the IP Integrator block rst_ps7_0_200M .
INFO: [BD 41-1029] Generation completed for the IP Integrator block ps_ctrl_ic/xbar .
WARNING: [IP_Flow 19-4994] Overwriting existing constraint file 'e:/codes/microzed/fastvit_hls/vivado_impl/fastvit_conv_only_200mhz_proj/fastvit_conv_only_200mhz_proj.gen/sources_1/bd/fastvit_bd/ip/fastvit_bd_ps_ctrl_ic_imp_auto_pc_0/fastvit_bd_ps_ctrl_ic_imp_auto_pc_0_ooc.xdc'
INFO: [BD 41-1029] Generation completed for the IP Integrator block ps_ctrl_ic/s00_couplers/auto_pc .
Exporting to file e:/codes/microzed/fastvit_hls/vivado_impl/fastvit_conv_only_200mhz_proj/fastvit_conv_only_200mhz_proj.gen/sources_1/bd/fastvit_bd/ip/fastvit_bd_sc_main_0/bd_0/hw_handoff/fastvit_bd_sc_main_0.hwh
Generated Hardware Definition File e:/codes/microzed/fastvit_hls/vivado_impl/fastvit_conv_only_200mhz_proj/fastvit_conv_only_200mhz_proj.gen/sources_1/bd/fastvit_bd/ip/fastvit_bd_sc_main_0/bd_0/synth/fastvit_bd_sc_main_0.hwdef
INFO: [BD 41-1029] Generation completed for the IP Integrator block sc_main .
Exporting to file E:/codes/microzed/fastvit_hls/vivado_impl/fastvit_conv_only_200mhz_proj/fastvit_conv_only_200mhz_proj.gen/sources_1/bd/fastvit_bd/hw_handoff/fastvit_bd.hwh
Generated Hardware Definition File E:/codes/microzed/fastvit_hls/vivado_impl/fastvit_conv_only_200mhz_proj/fastvit_conv_only_200mhz_proj.gen/sources_1/bd/fastvit_bd/synth/fastvit_bd.hwdef
generate_target: Time (s): cpu = 00:00:08 ; elapsed = 00:00:10 . Memory (MB): peak = 712.121 ; gain = 84.621
# make_wrapper -files [get_files fastvit_bd.bd] -top
WARNING: [Vivado 12-818] No files matched '*'
# set wrapper_files [get_files -filter {NAME =~ *fastvit_bd_wrapper.v}]
# if {[llength $wrapper_files] == 0} {
#     set wrapper "$proj_dir/${proj_name}.gen/sources_1/bd/fastvit_bd/hdl/fastvit_bd_wrapper.v"
#     add_files -norecurse $wrapper
# }
# set_property top fastvit_bd_wrapper [current_fileset]
# update_compile_order -fileset sources_1
# puts ">>> Launching Synthesis (jobs=4)..."
>>> Launching Synthesis (jobs=4)...
# launch_runs synth_1 -jobs 4
INFO: [IP_Flow 19-6930] IPCACHE: runCacheChecks() number of threads = 8
INFO: [IP_Flow 19-6921] IPCACHE: Adding cache check func to thread queue for IP fastvit_bd_ps_ctrl_ic_imp_auto_pc_0
INFO: [IP_Flow 19-6921] IPCACHE: Adding cache check func to thread queue for IP fastvit_bd_ps_ctrl_ic_imp_xbar_0
INFO: [IP_Flow 19-6921] IPCACHE: Adding cache check func to thread queue for IP fastvit_bd_rst_ps7_0_200M_0
INFO: [IP_Flow 19-6921] IPCACHE: Adding cache check func to thread queue for IP fastvit_bd_sc_main_0
INFO: [IP_Flow 19-6921] IPCACHE: Adding cache check func to thread queue for IP fastvit_bd_worker_0_0
INFO: [IP_Flow 19-8020] IPCACHE: runCacheChecks() calling threadPool finishWork()
INFO: [IP_Flow 19-6924] IPCACHE: Running cache check for IP inst: fastvit_bd_ps_ctrl_ic_imp_auto_pc_0
INFO: [IP_Flow 19-6924] IPCACHE: Running cache check for IP inst: fastvit_bd_ps_ctrl_ic_imp_xbar_0
INFO: [IP_Flow 19-6924] IPCACHE: Running cache check for IP inst: fastvit_bd_rst_ps7_0_200M_0
INFO: [IP_Flow 19-6924] IPCACHE: Running cache check for IP inst: fastvit_bd_sc_main_0
INFO: [IP_Flow 19-6924] IPCACHE: Running cache check for IP inst: fastvit_bd_worker_0_0
WARNING: [Vivado 12-7122] Auto Incremental Compile:: No reference checkpoint was found in run synth_1. Auto-incremental flow will not be run, the standard flow will be run instead.
[Thu Aug  6 23:27:16 2026] Launched fastvit_bd_ps_ctrl_ic_imp_auto_pc_0_synth_1, fastvit_bd_ps7_0_0_synth_1, fastvit_bd_worker_0_0_synth_1, fastvit_bd_rst_ps7_0_200M_0_synth_1, fastvit_bd_ps_ctrl_ic_imp_xbar_0_synth_1, fastvit_bd_sc_main_0_synth_1...
Run output will be captured here:
fastvit_bd_ps_ctrl_ic_imp_auto_pc_0_synth_1: E:/codes/microzed/fastvit_hls/vivado_impl/fastvit_conv_only_200mhz_proj/fastvit_conv_only_200mhz_proj.runs/fastvit_bd_ps_ctrl_ic_imp_auto_pc_0_synth_1/runme.log
fastvit_bd_ps7_0_0_synth_1: E:/codes/microzed/fastvit_hls/vivado_impl/fastvit_conv_only_200mhz_proj/fastvit_conv_only_200mhz_proj.runs/fastvit_bd_ps7_0_0_synth_1/runme.log
fastvit_bd_worker_0_0_synth_1: E:/codes/microzed/fastvit_hls/vivado_impl/fastvit_conv_only_200mhz_proj/fastvit_conv_only_200mhz_proj.runs/fastvit_bd_worker_0_0_synth_1/runme.log
fastvit_bd_rst_ps7_0_200M_0_synth_1: E:/codes/microzed/fastvit_hls/vivado_impl/fastvit_conv_only_200mhz_proj/fastvit_conv_only_200mhz_proj.runs/fastvit_bd_rst_ps7_0_200M_0_synth_1/runme.log
fastvit_bd_ps_ctrl_ic_imp_xbar_0_synth_1: E:/codes/microzed/fastvit_hls/vivado_impl/fastvit_conv_only_200mhz_proj/fastvit_conv_only_200mhz_proj.runs/fastvit_bd_ps_ctrl_ic_imp_xbar_0_synth_1/runme.log
fastvit_bd_sc_main_0_synth_1: E:/codes/microzed/fastvit_hls/vivado_impl/fastvit_conv_only_200mhz_proj/fastvit_conv_only_200mhz_proj.runs/fastvit_bd_sc_main_0_synth_1/runme.log
[Thu Aug  6 23:27:16 2026] Launched synth_1...
Run output will be captured here: E:/codes/microzed/fastvit_hls/vivado_impl/fastvit_conv_only_200mhz_proj/fastvit_conv_only_200mhz_proj.runs/synth_1/runme.log
# wait_on_run synth_1
[Thu Aug  6 23:27:16 2026] Waiting for synth_1 to finish...


*** Running vivado
    with args -log fastvit_bd_wrapper.vds -m64 -product Vivado -mode batch -messageDb vivado.pb -notrace -source fastvit_bd_wrapper.tcl



****** Vivado v2024.2 (64-bit)
  **** SW Build 5239630 on Fri Nov 08 22:35:27 MST 2024
  **** IP Build 5239520 on Sun Nov 10 16:12:51 MST 2024
  **** SharedData Build 5239561 on Fri Nov 08 14:39:27 MST 2024
  **** Start of session at: Thu Aug  6 23:29:18 2026
    ** Copyright 1986-2022 Xilinx, Inc. All Rights Reserved.
    ** Copyright 2022-2024 Advanced Micro Devices, Inc. All Rights Reserved.

source fastvit_bd_wrapper.tcl -notrace
INFO: [IP_Flow 19-234] Refreshing IP repositories
INFO: [IP_Flow 19-1700] Loaded user IP repository 'e:/codes/microzed/fastvit_hls/fastvit_ip_w8a4/tier_b_single_ip/conv'.
INFO: [IP_Flow 19-2313] Loaded Vivado IP repository 'E:/Xilinx/Vivado/2024.2/data/ip'.
WARNING: [IP_Flow 19-4995] The host OS only allows 260 characters in a normal path. The IP cache path is more than 80 characters. If you experience issues with IP caching, please consider changing the IP cache to a location with a shorter path. Alternately consider using the OS subst command to map part of the path to a drive letter. 
Current IP cache path is e:/codes/microzed/fastvit_hls/vivado_impl/fastvit_conv_only_200mhz_proj/fastvit_conv_only_200mhz_proj.cache/ip 
Command: synth_design -top fastvit_bd_wrapper -part xc7z020clg400-1
Starting synth_design
Attempting to get a license for feature 'Synthesis' and/or device 'xc7z020'
INFO: [Common 17-349] Got license for feature 'Synthesis' and/or device 'xc7z020'
INFO: [Device 21-403] Loading part xc7z020clg400-1
INFO: [Synth 8-7079] Multithreading enabled for synth_design using a maximum of 1 processes.
INFO: [Synth 8-7078] Launching helper process for spawning children vivado processes
INFO: [Synth 8-7075] Helper process launched with PID 6507036
---------------------------------------------------------------------------------
Starting RTL Elaboration : Time (s): cpu = 00:00:02 ; elapsed = 00:00:03 . Memory (MB): peak = 1122.945 ; gain = 467.785
---------------------------------------------------------------------------------
INFO: [Synth 8-6157] synthesizing module 'fastvit_bd_wrapper' [E:/codes/microzed/fastvit_hls/vivado_impl/fastvit_conv_only_200mhz_proj/fastvit_conv_only_200mhz_proj.gen/sources_1/bd/fastvit_bd/hdl/fastvit_bd_wrapper.v:13]
INFO: [Synth 8-6157] synthesizing module 'fastvit_bd' [e:/codes/microzed/fastvit_hls/vivado_impl/fastvit_conv_only_200mhz_proj/fastvit_conv_only_200mhz_proj.gen/sources_1/bd/fastvit_bd/synth/fastvit_bd.v:13]
INFO: [Synth 8-6157] synthesizing module 'fastvit_bd_ps7_0_0' [E:/codes/microzed/fastvit_hls/vivado_impl/fastvit_conv_only_200mhz_proj/fastvit_conv_only_200mhz_proj.runs/synth_1/.Xil/Vivado-6505976-DESKTOP-GBLH5MP/realtime/fastvit_bd_ps7_0_0_stub.v:6]
INFO: [Synth 8-6155] done synthesizing module 'fastvit_bd_ps7_0_0' (0#1) [E:/codes/microzed/fastvit_hls/vivado_impl/fastvit_conv_only_200mhz_proj/fastvit_conv_only_200mhz_proj.runs/synth_1/.Xil/Vivado-6505976-DESKTOP-GBLH5MP/realtime/fastvit_bd_ps7_0_0_stub.v:6]
WARNING: [Synth 8-7071] port 'S_AXI_HP0_BID' of module 'fastvit_bd_ps7_0_0' is unconnected for instance 'ps7_0' [e:/codes/microzed/fastvit_hls/vivado_impl/fastvit_conv_only_200mhz_proj/fastvit_conv_only_200mhz_proj.gen/sources_1/bd/fastvit_bd/synth/fastvit_bd.v:264]
WARNING: [Synth 8-7071] port 'S_AXI_HP0_RID' of module 'fastvit_bd_ps7_0_0' is unconnected for instance 'ps7_0' [e:/codes/microzed/fastvit_hls/vivado_impl/fastvit_conv_only_200mhz_proj/fastvit_conv_only_200mhz_proj.gen/sources_1/bd/fastvit_bd/synth/fastvit_bd.v:264]
WARNING: [Synth 8-7071] port 'S_AXI_HP0_RCOUNT' of module 'fastvit_bd_ps7_0_0' is unconnected for instance 'ps7_0' [e:/codes/microzed/fastvit_hls/vivado_impl/fastvit_conv_only_200mhz_proj/fastvit_conv_only_200mhz_proj.gen/sources_1/bd/fastvit_bd/synth/fastvit_bd.v:264]
WARNING: [Synth 8-7071] port 'S_AXI_HP0_WCOUNT' of module 'fastvit_bd_ps7_0_0' is unconnected for instance 'ps7_0' [e:/codes/microzed/fastvit_hls/vivado_impl/fastvit_conv_only_200mhz_proj/fastvit_conv_only_200mhz_proj.gen/sources_1/bd/fastvit_bd/synth/fastvit_bd.v:264]
WARNING: [Synth 8-7071] port 'S_AXI_HP0_RACOUNT' of module 'fastvit_bd_ps7_0_0' is unconnected for instance 'ps7_0' [e:/codes/microzed/fastvit_hls/vivado_impl/fastvit_conv_only_200mhz_proj/fastvit_conv_only_200mhz_proj.gen/sources_1/bd/fastvit_bd/synth/fastvit_bd.v:264]
WARNING: [Synth 8-7071] port 'S_AXI_HP0_WACOUNT' of module 'fastvit_bd_ps7_0_0' is unconnected for instance 'ps7_0' [e:/codes/microzed/fastvit_hls/vivado_impl/fastvit_conv_only_200mhz_proj/fastvit_conv_only_200mhz_proj.gen/sources_1/bd/fastvit_bd/synth/fastvit_bd.v:264]
WARNING: [Synth 8-7023] instance 'ps7_0' of module 'fastvit_bd_ps7_0_0' has 107 connections declared, but only 101 given [e:/codes/microzed/fastvit_hls/vivado_impl/fastvit_conv_only_200mhz_proj/fastvit_conv_only_200mhz_proj.gen/sources_1/bd/fastvit_bd/synth/fastvit_bd.v:264]
INFO: [Synth 8-6157] synthesizing module 'fastvit_bd_ps_ctrl_ic_0' [e:/codes/microzed/fastvit_hls/vivado_impl/fastvit_conv_only_200mhz_proj/fastvit_conv_only_200mhz_proj.gen/sources_1/bd/fastvit_bd/synth/fastvit_bd.v:710]
INFO: [Synth 8-6157] synthesizing module 'm00_couplers_imp_6S90OJ' [e:/codes/microzed/fastvit_hls/vivado_impl/fastvit_conv_only_200mhz_proj/fastvit_conv_only_200mhz_proj.gen/sources_1/bd/fastvit_bd/synth/fastvit_bd.v:1181]
INFO: [Synth 8-6155] done synthesizing module 'm00_couplers_imp_6S90OJ' (0#1) [e:/codes/microzed/fastvit_hls/vivado_impl/fastvit_conv_only_200mhz_proj/fastvit_conv_only_200mhz_proj.gen/sources_1/bd/fastvit_bd/synth/fastvit_bd.v:1181]
INFO: [Synth 8-6157] synthesizing module 'm01_couplers_imp_YPELF9' [e:/codes/microzed/fastvit_hls/vivado_impl/fastvit_conv_only_200mhz_proj/fastvit_conv_only_200mhz_proj.gen/sources_1/bd/fastvit_bd/synth/fastvit_bd.v:1296]
INFO: [Synth 8-6155] done synthesizing module 'm01_couplers_imp_YPELF9' (0#1) [e:/codes/microzed/fastvit_hls/vivado_impl/fastvit_conv_only_200mhz_proj/fastvit_conv_only_200mhz_proj.gen/sources_1/bd/fastvit_bd/synth/fastvit_bd.v:1296]
INFO: [Synth 8-6157] synthesizing module 's00_couplers_imp_XWRLGY' [e:/codes/microzed/fastvit_hls/vivado_impl/fastvit_conv_only_200mhz_proj/fastvit_conv_only_200mhz_proj.gen/sources_1/bd/fastvit_bd/synth/fastvit_bd.v:1411]
INFO: [Synth 8-6157] synthesizing module 'fastvit_bd_ps_ctrl_ic_imp_auto_pc_0' [E:/codes/microzed/fastvit_hls/vivado_impl/fastvit_conv_only_200mhz_proj/fastvit_conv_only_200mhz_proj.runs/synth_1/.Xil/Vivado-6505976-DESKTOP-GBLH5MP/realtime/fastvit_bd_ps_ctrl_ic_imp_auto_pc_0_stub.v:6]
INFO: [Synth 8-6155] done synthesizing module 'fastvit_bd_ps_ctrl_ic_imp_auto_pc_0' (0#1) [E:/codes/microzed/fastvit_hls/vivado_impl/fastvit_conv_only_200mhz_proj/fastvit_conv_only_200mhz_proj.runs/synth_1/.Xil/Vivado-6505976-DESKTOP-GBLH5MP/realtime/fastvit_bd_ps_ctrl_ic_imp_auto_pc_0_stub.v:6]
INFO: [Synth 8-6155] done synthesizing module 's00_couplers_imp_XWRLGY' (0#1) [e:/codes/microzed/fastvit_hls/vivado_impl/fastvit_conv_only_200mhz_proj/fastvit_conv_only_200mhz_proj.gen/sources_1/bd/fastvit_bd/synth/fastvit_bd.v:1411]
INFO: [Synth 8-6157] synthesizing module 'fastvit_bd_ps_ctrl_ic_imp_xbar_0' [E:/codes/microzed/fastvit_hls/vivado_impl/fastvit_conv_only_200mhz_proj/fastvit_conv_only_200mhz_proj.runs/synth_1/.Xil/Vivado-6505976-DESKTOP-GBLH5MP/realtime/fastvit_bd_ps_ctrl_ic_imp_xbar_0_stub.v:6]
INFO: [Synth 8-6155] done synthesizing module 'fastvit_bd_ps_ctrl_ic_imp_xbar_0' (0#1) [E:/codes/microzed/fastvit_hls/vivado_impl/fastvit_conv_only_200mhz_proj/fastvit_conv_only_200mhz_proj.runs/synth_1/.Xil/Vivado-6505976-DESKTOP-GBLH5MP/realtime/fastvit_bd_ps_ctrl_ic_imp_xbar_0_stub.v:6]
WARNING: [Synth 8-7071] port 'm_axi_awprot' of module 'fastvit_bd_ps_ctrl_ic_imp_xbar_0' is unconnected for instance 'xbar' [e:/codes/microzed/fastvit_hls/vivado_impl/fastvit_conv_only_200mhz_proj/fastvit_conv_only_200mhz_proj.gen/sources_1/bd/fastvit_bd/synth/fastvit_bd.v:1140]
WARNING: [Synth 8-7071] port 'm_axi_arprot' of module 'fastvit_bd_ps_ctrl_ic_imp_xbar_0' is unconnected for instance 'xbar' [e:/codes/microzed/fastvit_hls/vivado_impl/fastvit_conv_only_200mhz_proj/fastvit_conv_only_200mhz_proj.gen/sources_1/bd/fastvit_bd/synth/fastvit_bd.v:1140]
WARNING: [Synth 8-7023] instance 'xbar' of module 'fastvit_bd_ps_ctrl_ic_imp_xbar_0' has 40 connections declared, but only 38 given [e:/codes/microzed/fastvit_hls/vivado_impl/fastvit_conv_only_200mhz_proj/fastvit_conv_only_200mhz_proj.gen/sources_1/bd/fastvit_bd/synth/fastvit_bd.v:1140]
INFO: [Synth 8-6155] done synthesizing module 'fastvit_bd_ps_ctrl_ic_0' (0#1) [e:/codes/microzed/fastvit_hls/vivado_impl/fastvit_conv_only_200mhz_proj/fastvit_conv_only_200mhz_proj.gen/sources_1/bd/fastvit_bd/synth/fastvit_bd.v:710]
INFO: [Synth 8-6157] synthesizing module 'fastvit_bd_rst_ps7_0_200M_0' [E:/codes/microzed/fastvit_hls/vivado_impl/fastvit_conv_only_200mhz_proj/fastvit_conv_only_200mhz_proj.runs/synth_1/.Xil/Vivado-6505976-DESKTOP-GBLH5MP/realtime/fastvit_bd_rst_ps7_0_200M_0_stub.v:6]
INFO: [Synth 8-6155] done synthesizing module 'fastvit_bd_rst_ps7_0_200M_0' (0#1) [E:/codes/microzed/fastvit_hls/vivado_impl/fastvit_conv_only_200mhz_proj/fastvit_conv_only_200mhz_proj.runs/synth_1/.Xil/Vivado-6505976-DESKTOP-GBLH5MP/realtime/fastvit_bd_rst_ps7_0_200M_0_stub.v:6]
WARNING: [Synth 8-7071] port 'mb_reset' of module 'fastvit_bd_rst_ps7_0_200M_0' is unconnected for instance 'rst_ps7_0_200M' [e:/codes/microzed/fastvit_hls/vivado_impl/fastvit_conv_only_200mhz_proj/fastvit_conv_only_200mhz_proj.gen/sources_1/bd/fastvit_bd/synth/fastvit_bd.v:447]
WARNING: [Synth 8-7071] port 'bus_struct_reset' of module 'fastvit_bd_rst_ps7_0_200M_0' is unconnected for instance 'rst_ps7_0_200M' [e:/codes/microzed/fastvit_hls/vivado_impl/fastvit_conv_only_200mhz_proj/fastvit_conv_only_200mhz_proj.gen/sources_1/bd/fastvit_bd/synth/fastvit_bd.v:447]
WARNING: [Synth 8-7071] port 'peripheral_reset' of module 'fastvit_bd_rst_ps7_0_200M_0' is unconnected for instance 'rst_ps7_0_200M' [e:/codes/microzed/fastvit_hls/vivado_impl/fastvit_conv_only_200mhz_proj/fastvit_conv_only_200mhz_proj.gen/sources_1/bd/fastvit_bd/synth/fastvit_bd.v:447]
WARNING: [Synth 8-7071] port 'interconnect_aresetn' of module 'fastvit_bd_rst_ps7_0_200M_0' is unconnected for instance 'rst_ps7_0_200M' [e:/codes/microzed/fastvit_hls/vivado_impl/fastvit_conv_only_200mhz_proj/fastvit_conv_only_200mhz_proj.gen/sources_1/bd/fastvit_bd/synth/fastvit_bd.v:447]
WARNING: [Synth 8-7023] instance 'rst_ps7_0_200M' of module 'fastvit_bd_rst_ps7_0_200M_0' has 10 connections declared, but only 6 given [e:/codes/microzed/fastvit_hls/vivado_impl/fastvit_conv_only_200mhz_proj/fastvit_conv_only_200mhz_proj.gen/sources_1/bd/fastvit_bd/synth/fastvit_bd.v:447]
INFO: [Synth 8-6157] synthesizing module 'fastvit_bd_sc_main_0' [E:/codes/microzed/fastvit_hls/vivado_impl/fastvit_conv_only_200mhz_proj/fastvit_conv_only_200mhz_proj.runs/synth_1/.Xil/Vivado-6505976-DESKTOP-GBLH5MP/realtime/fastvit_bd_sc_main_0_stub.v:6]
INFO: [Synth 8-6155] done synthesizing module 'fastvit_bd_sc_main_0' (0#1) [E:/codes/microzed/fastvit_hls/vivado_impl/fastvit_conv_only_200mhz_proj/fastvit_conv_only_200mhz_proj.runs/synth_1/.Xil/Vivado-6505976-DESKTOP-GBLH5MP/realtime/fastvit_bd_sc_main_0_stub.v:6]
WARNING: [Synth 8-7071] port 'M00_AXI_awuser' of module 'fastvit_bd_sc_main_0' is unconnected for instance 'sc_main' [e:/codes/microzed/fastvit_hls/vivado_impl/fastvit_conv_only_200mhz_proj/fastvit_conv_only_200mhz_proj.gen/sources_1/bd/fastvit_bd/synth/fastvit_bd.v:454]
WARNING: [Synth 8-7071] port 'M00_AXI_aruser' of module 'fastvit_bd_sc_main_0' is unconnected for instance 'sc_main' [e:/codes/microzed/fastvit_hls/vivado_impl/fastvit_conv_only_200mhz_proj/fastvit_conv_only_200mhz_proj.gen/sources_1/bd/fastvit_bd/synth/fastvit_bd.v:454]
WARNING: [Synth 8-7023] instance 'sc_main' of module 'fastvit_bd_sc_main_0' has 114 connections declared, but only 112 given [e:/codes/microzed/fastvit_hls/vivado_impl/fastvit_conv_only_200mhz_proj/fastvit_conv_only_200mhz_proj.gen/sources_1/bd/fastvit_bd/synth/fastvit_bd.v:454]
INFO: [Synth 8-6157] synthesizing module 'fastvit_bd_worker_0_0' [E:/codes/microzed/fastvit_hls/vivado_impl/fastvit_conv_only_200mhz_proj/fastvit_conv_only_200mhz_proj.runs/synth_1/.Xil/Vivado-6505976-DESKTOP-GBLH5MP/realtime/fastvit_bd_worker_0_0_stub.v:6]
INFO: [Synth 8-6155] done synthesizing module 'fastvit_bd_worker_0_0' (0#1) [E:/codes/microzed/fastvit_hls/vivado_impl/fastvit_conv_only_200mhz_proj/fastvit_conv_only_200mhz_proj.runs/synth_1/.Xil/Vivado-6505976-DESKTOP-GBLH5MP/realtime/fastvit_bd_worker_0_0_stub.v:6]
WARNING: [Synth 8-7071] port 'interrupt' of module 'fastvit_bd_worker_0_0' is unconnected for instance 'worker_0' [e:/codes/microzed/fastvit_hls/vivado_impl/fastvit_conv_only_200mhz_proj/fastvit_conv_only_200mhz_proj.gen/sources_1/bd/fastvit_bd/synth/fastvit_bd.v:567]
WARNING: [Synth 8-7071] port 'm_axi_conv_gmem0_AWVALID' of module 'fastvit_bd_worker_0_0' is unconnected for instance 'worker_0' [e:/codes/microzed/fastvit_hls/vivado_impl/fastvit_conv_only_200mhz_proj/fastvit_conv_only_200mhz_proj.gen/sources_1/bd/fastvit_bd/synth/fastvit_bd.v:567]
WARNING: [Synth 8-7071] port 'm_axi_conv_gmem0_AWADDR' of module 'fastvit_bd_worker_0_0' is unconnected for instance 'worker_0' [e:/codes/microzed/fastvit_hls/vivado_impl/fastvit_conv_only_200mhz_proj/fastvit_conv_only_200mhz_proj.gen/sources_1/bd/fastvit_bd/synth/fastvit_bd.v:567]
WARNING: [Synth 8-7071] port 'm_axi_conv_gmem0_AWID' of module 'fastvit_bd_worker_0_0' is unconnected for instance 'worker_0' [e:/codes/microzed/fastvit_hls/vivado_impl/fastvit_conv_only_200mhz_proj/fastvit_conv_only_200mhz_proj.gen/sources_1/bd/fastvit_bd/synth/fastvit_bd.v:567]
WARNING: [Synth 8-7071] port 'm_axi_conv_gmem0_AWLEN' of module 'fastvit_bd_worker_0_0' is unconnected for instance 'worker_0' [e:/codes/microzed/fastvit_hls/vivado_impl/fastvit_conv_only_200mhz_proj/fastvit_conv_only_200mhz_proj.gen/sources_1/bd/fastvit_bd/synth/fastvit_bd.v:567]
WARNING: [Synth 8-7071] port 'm_axi_conv_gmem0_AWSIZE' of module 'fastvit_bd_worker_0_0' is unconnected for instance 'worker_0' [e:/codes/microzed/fastvit_hls/vivado_impl/fastvit_conv_only_200mhz_proj/fastvit_conv_only_200mhz_proj.gen/sources_1/bd/fastvit_bd/synth/fastvit_bd.v:567]
WARNING: [Synth 8-7071] port 'm_axi_conv_gmem0_AWBURST' of module 'fastvit_bd_worker_0_0' is unconnected for instance 'worker_0' [e:/codes/microzed/fastvit_hls/vivado_impl/fastvit_conv_only_200mhz_proj/fastvit_conv_only_200mhz_proj.gen/sources_1/bd/fastvit_bd/synth/fastvit_bd.v:567]
WARNING: [Synth 8-7071] port 'm_axi_conv_gmem0_AWLOCK' of module 'fastvit_bd_worker_0_0' is unconnected for instance 'worker_0' [e:/codes/microzed/fastvit_hls/vivado_impl/fastvit_conv_only_200mhz_proj/fastvit_conv_only_200mhz_proj.gen/sources_1/bd/fastvit_bd/synth/fastvit_bd.v:567]
WARNING: [Synth 8-7071] port 'm_axi_conv_gmem0_AWCACHE' of module 'fastvit_bd_worker_0_0' is unconnected for instance 'worker_0' [e:/codes/microzed/fastvit_hls/vivado_impl/fastvit_conv_only_200mhz_proj/fastvit_conv_only_200mhz_proj.gen/sources_1/bd/fastvit_bd/synth/fastvit_bd.v:567]
WARNING: [Synth 8-7071] port 'm_axi_conv_gmem0_AWPROT' of module 'fastvit_bd_worker_0_0' is unconnected for instance 'worker_0' [e:/codes/microzed/fastvit_hls/vivado_impl/fastvit_conv_only_200mhz_proj/fastvit_conv_only_200mhz_proj.gen/sources_1/bd/fastvit_bd/synth/fastvit_bd.v:567]
WARNING: [Synth 8-7071] port 'm_axi_conv_gmem0_AWQOS' of module 'fastvit_bd_worker_0_0' is unconnected for instance 'worker_0' [e:/codes/microzed/fastvit_hls/vivado_impl/fastvit_conv_only_200mhz_proj/fastvit_conv_only_200mhz_proj.gen/sources_1/bd/fastvit_bd/synth/fastvit_bd.v:567]
WARNING: [Synth 8-7071] port 'm_axi_conv_gmem0_AWREGION' of module 'fastvit_bd_worker_0_0' is unconnected for instance 'worker_0' [e:/codes/microzed/fastvit_hls/vivado_impl/fastvit_conv_only_200mhz_proj/fastvit_conv_only_200mhz_proj.gen/sources_1/bd/fastvit_bd/synth/fastvit_bd.v:567]
WARNING: [Synth 8-7071] port 'm_axi_conv_gmem0_AWUSER' of module 'fastvit_bd_worker_0_0' is unconnected for instance 'worker_0' [e:/codes/microzed/fastvit_hls/vivado_impl/fastvit_conv_only_200mhz_proj/fastvit_conv_only_200mhz_proj.gen/sources_1/bd/fastvit_bd/synth/fastvit_bd.v:567]
WARNING: [Synth 8-7071] port 'm_axi_conv_gmem0_WVALID' of module 'fastvit_bd_worker_0_0' is unconnected for instance 'worker_0' [e:/codes/microzed/fastvit_hls/vivado_impl/fastvit_conv_only_200mhz_proj/fastvit_conv_only_200mhz_proj.gen/sources_1/bd/fastvit_bd/synth/fastvit_bd.v:567]
WARNING: [Synth 8-7071] port 'm_axi_conv_gmem0_WDATA' of module 'fastvit_bd_worker_0_0' is unconnected for instance 'worker_0' [e:/codes/microzed/fastvit_hls/vivado_impl/fastvit_conv_only_200mhz_proj/fastvit_conv_only_200mhz_proj.gen/sources_1/bd/fastvit_bd/synth/fastvit_bd.v:567]
WARNING: [Synth 8-7071] port 'm_axi_conv_gmem0_WSTRB' of module 'fastvit_bd_worker_0_0' is unconnected for instance 'worker_0' [e:/codes/microzed/fastvit_hls/vivado_impl/fastvit_conv_only_200mhz_proj/fastvit_conv_only_200mhz_proj.gen/sources_1/bd/fastvit_bd/synth/fastvit_bd.v:567]
WARNING: [Synth 8-7071] port 'm_axi_conv_gmem0_WLAST' of module 'fastvit_bd_worker_0_0' is unconnected for instance 'worker_0' [e:/codes/microzed/fastvit_hls/vivado_impl/fastvit_conv_only_200mhz_proj/fastvit_conv_only_200mhz_proj.gen/sources_1/bd/fastvit_bd/synth/fastvit_bd.v:567]
WARNING: [Synth 8-7071] port 'm_axi_conv_gmem0_WID' of module 'fastvit_bd_worker_0_0' is unconnected for instance 'worker_0' [e:/codes/microzed/fastvit_hls/vivado_impl/fastvit_conv_only_200mhz_proj/fastvit_conv_only_200mhz_proj.gen/sources_1/bd/fastvit_bd/synth/fastvit_bd.v:567]
WARNING: [Synth 8-7071] port 'm_axi_conv_gmem0_WUSER' of module 'fastvit_bd_worker_0_0' is unconnected for instance 'worker_0' [e:/codes/microzed/fastvit_hls/vivado_impl/fastvit_conv_only_200mhz_proj/fastvit_conv_only_200mhz_proj.gen/sources_1/bd/fastvit_bd/synth/fastvit_bd.v:567]
WARNING: [Synth 8-7071] port 'm_axi_conv_gmem0_ARREGION' of module 'fastvit_bd_worker_0_0' is unconnected for instance 'worker_0' [e:/codes/microzed/fastvit_hls/vivado_impl/fastvit_conv_only_200mhz_proj/fastvit_conv_only_200mhz_proj.gen/sources_1/bd/fastvit_bd/synth/fastvit_bd.v:567]
WARNING: [Synth 8-7071] port 'm_axi_conv_gmem0_BREADY' of module 'fastvit_bd_worker_0_0' is unconnected for instance 'worker_0' [e:/codes/microzed/fastvit_hls/vivado_impl/fastvit_conv_only_200mhz_proj/fastvit_conv_only_200mhz_proj.gen/sources_1/bd/fastvit_bd/synth/fastvit_bd.v:567]
WARNING: [Synth 8-7071] port 'm_axi_conv_gmem1_AWVALID' of module 'fastvit_bd_worker_0_0' is unconnected for instance 'worker_0' [e:/codes/microzed/fastvit_hls/vivado_impl/fastvit_conv_only_200mhz_proj/fastvit_conv_only_200mhz_proj.gen/sources_1/bd/fastvit_bd/synth/fastvit_bd.v:567]
WARNING: [Synth 8-7071] port 'm_axi_conv_gmem1_AWADDR' of module 'fastvit_bd_worker_0_0' is unconnected for instance 'worker_0' [e:/codes/microzed/fastvit_hls/vivado_impl/fastvit_conv_only_200mhz_proj/fastvit_conv_only_200mhz_proj.gen/sources_1/bd/fastvit_bd/synth/fastvit_bd.v:567]
WARNING: [Synth 8-7071] port 'm_axi_conv_gmem1_AWID' of module 'fastvit_bd_worker_0_0' is unconnected for instance 'worker_0' [e:/codes/microzed/fastvit_hls/vivado_impl/fastvit_conv_only_200mhz_proj/fastvit_conv_only_200mhz_proj.gen/sources_1/bd/fastvit_bd/synth/fastvit_bd.v:567]
WARNING: [Synth 8-7071] port 'm_axi_conv_gmem1_AWLEN' of module 'fastvit_bd_worker_0_0' is unconnected for instance 'worker_0' [e:/codes/microzed/fastvit_hls/vivado_impl/fastvit_conv_only_200mhz_proj/fastvit_conv_only_200mhz_proj.gen/sources_1/bd/fastvit_bd/synth/fastvit_bd.v:567]
WARNING: [Synth 8-7071] port 'm_axi_conv_gmem1_AWSIZE' of module 'fastvit_bd_worker_0_0' is unconnected for instance 'worker_0' [e:/codes/microzed/fastvit_hls/vivado_impl/fastvit_conv_only_200mhz_proj/fastvit_conv_only_200mhz_proj.gen/sources_1/bd/fastvit_bd/synth/fastvit_bd.v:567]
WARNING: [Synth 8-7071] port 'm_axi_conv_gmem1_AWBURST' of module 'fastvit_bd_worker_0_0' is unconnected for instance 'worker_0' [e:/codes/microzed/fastvit_hls/vivado_impl/fastvit_conv_only_200mhz_proj/fastvit_conv_only_200mhz_proj.gen/sources_1/bd/fastvit_bd/synth/fastvit_bd.v:567]
WARNING: [Synth 8-7071] port 'm_axi_conv_gmem1_AWLOCK' of module 'fastvit_bd_worker_0_0' is unconnected for instance 'worker_0' [e:/codes/microzed/fastvit_hls/vivado_impl/fastvit_conv_only_200mhz_proj/fastvit_conv_only_200mhz_proj.gen/sources_1/bd/fastvit_bd/synth/fastvit_bd.v:567]
WARNING: [Synth 8-7071] port 'm_axi_conv_gmem1_AWCACHE' of module 'fastvit_bd_worker_0_0' is unconnected for instance 'worker_0' [e:/codes/microzed/fastvit_hls/vivado_impl/fastvit_conv_only_200mhz_proj/fastvit_conv_only_200mhz_proj.gen/sources_1/bd/fastvit_bd/synth/fastvit_bd.v:567]
WARNING: [Synth 8-7071] port 'm_axi_conv_gmem1_AWPROT' of module 'fastvit_bd_worker_0_0' is unconnected for instance 'worker_0' [e:/codes/microzed/fastvit_hls/vivado_impl/fastvit_conv_only_200mhz_proj/fastvit_conv_only_200mhz_proj.gen/sources_1/bd/fastvit_bd/synth/fastvit_bd.v:567]
WARNING: [Synth 8-7071] port 'm_axi_conv_gmem1_AWQOS' of module 'fastvit_bd_worker_0_0' is unconnected for instance 'worker_0' [e:/codes/microzed/fastvit_hls/vivado_impl/fastvit_conv_only_200mhz_proj/fastvit_conv_only_200mhz_proj.gen/sources_1/bd/fastvit_bd/synth/fastvit_bd.v:567]
WARNING: [Synth 8-7071] port 'm_axi_conv_gmem1_AWREGION' of module 'fastvit_bd_worker_0_0' is unconnected for instance 'worker_0' [e:/codes/microzed/fastvit_hls/vivado_impl/fastvit_conv_only_200mhz_proj/fastvit_conv_only_200mhz_proj.gen/sources_1/bd/fastvit_bd/synth/fastvit_bd.v:567]
WARNING: [Synth 8-7071] port 'm_axi_conv_gmem1_AWUSER' of module 'fastvit_bd_worker_0_0' is unconnected for instance 'worker_0' [e:/codes/microzed/fastvit_hls/vivado_impl/fastvit_conv_only_200mhz_proj/fastvit_conv_only_200mhz_proj.gen/sources_1/bd/fastvit_bd/synth/fastvit_bd.v:567]
WARNING: [Synth 8-7071] port 'm_axi_conv_gmem1_WVALID' of module 'fastvit_bd_worker_0_0' is unconnected for instance 'worker_0' [e:/codes/microzed/fastvit_hls/vivado_impl/fastvit_conv_only_200mhz_proj/fastvit_conv_only_200mhz_proj.gen/sources_1/bd/fastvit_bd/synth/fastvit_bd.v:567]
WARNING: [Synth 8-7071] port 'm_axi_conv_gmem1_WDATA' of module 'fastvit_bd_worker_0_0' is unconnected for instance 'worker_0' [e:/codes/microzed/fastvit_hls/vivado_impl/fastvit_conv_only_200mhz_proj/fastvit_conv_only_200mhz_proj.gen/sources_1/bd/fastvit_bd/synth/fastvit_bd.v:567]
WARNING: [Synth 8-7071] port 'm_axi_conv_gmem1_WSTRB' of module 'fastvit_bd_worker_0_0' is unconnected for instance 'worker_0' [e:/codes/microzed/fastvit_hls/vivado_impl/fastvit_conv_only_200mhz_proj/fastvit_conv_only_200mhz_proj.gen/sources_1/bd/fastvit_bd/synth/fastvit_bd.v:567]
WARNING: [Synth 8-7071] port 'm_axi_conv_gmem1_WLAST' of module 'fastvit_bd_worker_0_0' is unconnected for instance 'worker_0' [e:/codes/microzed/fastvit_hls/vivado_impl/fastvit_conv_only_200mhz_proj/fastvit_conv_only_200mhz_proj.gen/sources_1/bd/fastvit_bd/synth/fastvit_bd.v:567]
WARNING: [Synth 8-7071] port 'm_axi_conv_gmem1_WID' of module 'fastvit_bd_worker_0_0' is unconnected for instance 'worker_0' [e:/codes/microzed/fastvit_hls/vivado_impl/fastvit_conv_only_200mhz_proj/fastvit_conv_only_200mhz_proj.gen/sources_1/bd/fastvit_bd/synth/fastvit_bd.v:567]
WARNING: [Synth 8-7071] port 'm_axi_conv_gmem1_WUSER' of module 'fastvit_bd_worker_0_0' is unconnected for instance 'worker_0' [e:/codes/microzed/fastvit_hls/vivado_impl/fastvit_conv_only_200mhz_proj/fastvit_conv_only_200mhz_proj.gen/sources_1/bd/fastvit_bd/synth/fastvit_bd.v:567]
WARNING: [Synth 8-7071] port 'm_axi_conv_gmem1_ARREGION' of module 'fastvit_bd_worker_0_0' is unconnected for instance 'worker_0' [e:/codes/microzed/fastvit_hls/vivado_impl/fastvit_conv_only_200mhz_proj/fastvit_conv_only_200mhz_proj.gen/sources_1/bd/fastvit_bd/synth/fastvit_bd.v:567]
WARNING: [Synth 8-7071] port 'm_axi_conv_gmem1_BREADY' of module 'fastvit_bd_worker_0_0' is unconnected for instance 'worker_0' [e:/codes/microzed/fastvit_hls/vivado_impl/fastvit_conv_only_200mhz_proj/fastvit_conv_only_200mhz_proj.gen/sources_1/bd/fastvit_bd/synth/fastvit_bd.v:567]
WARNING: [Synth 8-7071] port 'm_axi_conv_gmem2_AWVALID' of module 'fastvit_bd_worker_0_0' is unconnected for instance 'worker_0' [e:/codes/microzed/fastvit_hls/vivado_impl/fastvit_conv_only_200mhz_proj/fastvit_conv_only_200mhz_proj.gen/sources_1/bd/fastvit_bd/synth/fastvit_bd.v:567]
WARNING: [Synth 8-7071] port 'm_axi_conv_gmem2_AWADDR' of module 'fastvit_bd_worker_0_0' is unconnected for instance 'worker_0' [e:/codes/microzed/fastvit_hls/vivado_impl/fastvit_conv_only_200mhz_proj/fastvit_conv_only_200mhz_proj.gen/sources_1/bd/fastvit_bd/synth/fastvit_bd.v:567]
WARNING: [Synth 8-7071] port 'm_axi_conv_gmem2_AWID' of module 'fastvit_bd_worker_0_0' is unconnected for instance 'worker_0' [e:/codes/microzed/fastvit_hls/vivado_impl/fastvit_conv_only_200mhz_proj/fastvit_conv_only_200mhz_proj.gen/sources_1/bd/fastvit_bd/synth/fastvit_bd.v:567]
WARNING: [Synth 8-7071] port 'm_axi_conv_gmem2_AWLEN' of module 'fastvit_bd_worker_0_0' is unconnected for instance 'worker_0' [e:/codes/microzed/fastvit_hls/vivado_impl/fastvit_conv_only_200mhz_proj/fastvit_conv_only_200mhz_proj.gen/sources_1/bd/fastvit_bd/synth/fastvit_bd.v:567]
WARNING: [Synth 8-7071] port 'm_axi_conv_gmem2_AWSIZE' of module 'fastvit_bd_worker_0_0' is unconnected for instance 'worker_0' [e:/codes/microzed/fastvit_hls/vivado_impl/fastvit_conv_only_200mhz_proj/fastvit_conv_only_200mhz_proj.gen/sources_1/bd/fastvit_bd/synth/fastvit_bd.v:567]
WARNING: [Synth 8-7071] port 'm_axi_conv_gmem2_AWBURST' of module 'fastvit_bd_worker_0_0' is unconnected for instance 'worker_0' [e:/codes/microzed/fastvit_hls/vivado_impl/fastvit_conv_only_200mhz_proj/fastvit_conv_only_200mhz_proj.gen/sources_1/bd/fastvit_bd/synth/fastvit_bd.v:567]
WARNING: [Synth 8-7071] port 'm_axi_conv_gmem2_AWLOCK' of module 'fastvit_bd_worker_0_0' is unconnected for instance 'worker_0' [e:/codes/microzed/fastvit_hls/vivado_impl/fastvit_conv_only_200mhz_proj/fastvit_conv_only_200mhz_proj.gen/sources_1/bd/fastvit_bd/synth/fastvit_bd.v:567]
WARNING: [Synth 8-7071] port 'm_axi_conv_gmem2_AWCACHE' of module 'fastvit_bd_worker_0_0' is unconnected for instance 'worker_0' [e:/codes/microzed/fastvit_hls/vivado_impl/fastvit_conv_only_200mhz_proj/fastvit_conv_only_200mhz_proj.gen/sources_1/bd/fastvit_bd/synth/fastvit_bd.v:567]
WARNING: [Synth 8-7071] port 'm_axi_conv_gmem2_AWPROT' of module 'fastvit_bd_worker_0_0' is unconnected for instance 'worker_0' [e:/codes/microzed/fastvit_hls/vivado_impl/fastvit_conv_only_200mhz_proj/fastvit_conv_only_200mhz_proj.gen/sources_1/bd/fastvit_bd/synth/fastvit_bd.v:567]
WARNING: [Synth 8-7071] port 'm_axi_conv_gmem2_AWQOS' of module 'fastvit_bd_worker_0_0' is unconnected for instance 'worker_0' [e:/codes/microzed/fastvit_hls/vivado_impl/fastvit_conv_only_200mhz_proj/fastvit_conv_only_200mhz_proj.gen/sources_1/bd/fastvit_bd/synth/fastvit_bd.v:567]
WARNING: [Synth 8-7071] port 'm_axi_conv_gmem2_AWREGION' of module 'fastvit_bd_worker_0_0' is unconnected for instance 'worker_0' [e:/codes/microzed/fastvit_hls/vivado_impl/fastvit_conv_only_200mhz_proj/fastvit_conv_only_200mhz_proj.gen/sources_1/bd/fastvit_bd/synth/fastvit_bd.v:567]
WARNING: [Synth 8-7071] port 'm_axi_conv_gmem2_AWUSER' of module 'fastvit_bd_worker_0_0' is unconnected for instance 'worker_0' [e:/codes/microzed/fastvit_hls/vivado_impl/fastvit_conv_only_200mhz_proj/fastvit_conv_only_200mhz_proj.gen/sources_1/bd/fastvit_bd/synth/fastvit_bd.v:567]
WARNING: [Synth 8-7071] port 'm_axi_conv_gmem2_WVALID' of module 'fastvit_bd_worker_0_0' is unconnected for instance 'worker_0' [e:/codes/microzed/fastvit_hls/vivado_impl/fastvit_conv_only_200mhz_proj/fastvit_conv_only_200mhz_proj.gen/sources_1/bd/fastvit_bd/synth/fastvit_bd.v:567]
WARNING: [Synth 8-7071] port 'm_axi_conv_gmem2_WDATA' of module 'fastvit_bd_worker_0_0' is unconnected for instance 'worker_0' [e:/codes/microzed/fastvit_hls/vivado_impl/fastvit_conv_only_200mhz_proj/fastvit_conv_only_200mhz_proj.gen/sources_1/bd/fastvit_bd/synth/fastvit_bd.v:567]
WARNING: [Synth 8-7071] port 'm_axi_conv_gmem2_WSTRB' of module 'fastvit_bd_worker_0_0' is unconnected for instance 'worker_0' [e:/codes/microzed/fastvit_hls/vivado_impl/fastvit_conv_only_200mhz_proj/fastvit_conv_only_200mhz_proj.gen/sources_1/bd/fastvit_bd/synth/fastvit_bd.v:567]
WARNING: [Synth 8-7071] port 'm_axi_conv_gmem2_WLAST' of module 'fastvit_bd_worker_0_0' is unconnected for instance 'worker_0' [e:/codes/microzed/fastvit_hls/vivado_impl/fastvit_conv_only_200mhz_proj/fastvit_conv_only_200mhz_proj.gen/sources_1/bd/fastvit_bd/synth/fastvit_bd.v:567]
WARNING: [Synth 8-7071] port 'm_axi_conv_gmem2_WID' of module 'fastvit_bd_worker_0_0' is unconnected for instance 'worker_0' [e:/codes/microzed/fastvit_hls/vivado_impl/fastvit_conv_only_200mhz_proj/fastvit_conv_only_200mhz_proj.gen/sources_1/bd/fastvit_bd/synth/fastvit_bd.v:567]
WARNING: [Synth 8-7071] port 'm_axi_conv_gmem2_WUSER' of module 'fastvit_bd_worker_0_0' is unconnected for instance 'worker_0' [e:/codes/microzed/fastvit_hls/vivado_impl/fastvit_conv_only_200mhz_proj/fastvit_conv_only_200mhz_proj.gen/sources_1/bd/fastvit_bd/synth/fastvit_bd.v:567]
WARNING: [Synth 8-7071] port 'm_axi_conv_gmem2_ARREGION' of module 'fastvit_bd_worker_0_0' is unconnected for instance 'worker_0' [e:/codes/microzed/fastvit_hls/vivado_impl/fastvit_conv_only_200mhz_proj/fastvit_conv_only_200mhz_proj.gen/sources_1/bd/fastvit_bd/synth/fastvit_bd.v:567]
WARNING: [Synth 8-7071] port 'm_axi_conv_gmem2_BREADY' of module 'fastvit_bd_worker_0_0' is unconnected for instance 'worker_0' [e:/codes/microzed/fastvit_hls/vivado_impl/fastvit_conv_only_200mhz_proj/fastvit_conv_only_200mhz_proj.gen/sources_1/bd/fastvit_bd/synth/fastvit_bd.v:567]
WARNING: [Synth 8-7071] port 'm_axi_conv_gmem3_AWREGION' of module 'fastvit_bd_worker_0_0' is unconnected for instance 'worker_0' [e:/codes/microzed/fastvit_hls/vivado_impl/fastvit_conv_only_200mhz_proj/fastvit_conv_only_200mhz_proj.gen/sources_1/bd/fastvit_bd/synth/fastvit_bd.v:567]
WARNING: [Synth 8-7071] port 'm_axi_conv_gmem3_WID' of module 'fastvit_bd_worker_0_0' is unconnected for instance 'worker_0' [e:/codes/microzed/fastvit_hls/vivado_impl/fastvit_conv_only_200mhz_proj/fastvit_conv_only_200mhz_proj.gen/sources_1/bd/fastvit_bd/synth/fastvit_bd.v:567]
WARNING: [Synth 8-7071] port 'm_axi_conv_gmem3_WUSER' of module 'fastvit_bd_worker_0_0' is unconnected for instance 'worker_0' [e:/codes/microzed/fastvit_hls/vivado_impl/fastvit_conv_only_200mhz_proj/fastvit_conv_only_200mhz_proj.gen/sources_1/bd/fastvit_bd/synth/fastvit_bd.v:567]
WARNING: [Synth 8-7071] port 'm_axi_conv_gmem3_ARVALID' of module 'fastvit_bd_worker_0_0' is unconnected for instance 'worker_0' [e:/codes/microzed/fastvit_hls/vivado_impl/fastvit_conv_only_200mhz_proj/fastvit_conv_only_200mhz_proj.gen/sources_1/bd/fastvit_bd/synth/fastvit_bd.v:567]
WARNING: [Synth 8-7071] port 'm_axi_conv_gmem3_ARADDR' of module 'fastvit_bd_worker_0_0' is unconnected for instance 'worker_0' [e:/codes/microzed/fastvit_hls/vivado_impl/fastvit_conv_only_200mhz_proj/fastvit_conv_only_200mhz_proj.gen/sources_1/bd/fastvit_bd/synth/fastvit_bd.v:567]
WARNING: [Synth 8-7071] port 'm_axi_conv_gmem3_ARID' of module 'fastvit_bd_worker_0_0' is unconnected for instance 'worker_0' [e:/codes/microzed/fastvit_hls/vivado_impl/fastvit_conv_only_200mhz_proj/fastvit_conv_only_200mhz_proj.gen/sources_1/bd/fastvit_bd/synth/fastvit_bd.v:567]
WARNING: [Synth 8-7071] port 'm_axi_conv_gmem3_ARLEN' of module 'fastvit_bd_worker_0_0' is unconnected for instance 'worker_0' [e:/codes/microzed/fastvit_hls/vivado_impl/fastvit_conv_only_200mhz_proj/fastvit_conv_only_200mhz_proj.gen/sources_1/bd/fastvit_bd/synth/fastvit_bd.v:567]
WARNING: [Synth 8-7071] port 'm_axi_conv_gmem3_ARSIZE' of module 'fastvit_bd_worker_0_0' is unconnected for instance 'worker_0' [e:/codes/microzed/fastvit_hls/vivado_impl/fastvit_conv_only_200mhz_proj/fastvit_conv_only_200mhz_proj.gen/sources_1/bd/fastvit_bd/synth/fastvit_bd.v:567]
WARNING: [Synth 8-7071] port 'm_axi_conv_gmem3_ARBURST' of module 'fastvit_bd_worker_0_0' is unconnected for instance 'worker_0' [e:/codes/microzed/fastvit_hls/vivado_impl/fastvit_conv_only_200mhz_proj/fastvit_conv_only_200mhz_proj.gen/sources_1/bd/fastvit_bd/synth/fastvit_bd.v:567]
WARNING: [Synth 8-7071] port 'm_axi_conv_gmem3_ARLOCK' of module 'fastvit_bd_worker_0_0' is unconnected for instance 'worker_0' [e:/codes/microzed/fastvit_hls/vivado_impl/fastvit_conv_only_200mhz_proj/fastvit_conv_only_200mhz_proj.gen/sources_1/bd/fastvit_bd/synth/fastvit_bd.v:567]
WARNING: [Synth 8-7071] port 'm_axi_conv_gmem3_ARCACHE' of module 'fastvit_bd_worker_0_0' is unconnected for instance 'worker_0' [e:/codes/microzed/fastvit_hls/vivado_impl/fastvit_conv_only_200mhz_proj/fastvit_conv_only_200mhz_proj.gen/sources_1/bd/fastvit_bd/synth/fastvit_bd.v:567]
WARNING: [Synth 8-7071] port 'm_axi_conv_gmem3_ARPROT' of module 'fastvit_bd_worker_0_0' is unconnected for instance 'worker_0' [e:/codes/microzed/fastvit_hls/vivado_impl/fastvit_conv_only_200mhz_proj/fastvit_conv_only_200mhz_proj.gen/sources_1/bd/fastvit_bd/synth/fastvit_bd.v:567]
WARNING: [Synth 8-7071] port 'm_axi_conv_gmem3_ARQOS' of module 'fastvit_bd_worker_0_0' is unconnected for instance 'worker_0' [e:/codes/microzed/fastvit_hls/vivado_impl/fastvit_conv_only_200mhz_proj/fastvit_conv_only_200mhz_proj.gen/sources_1/bd/fastvit_bd/synth/fastvit_bd.v:567]
WARNING: [Synth 8-7071] port 'm_axi_conv_gmem3_ARREGION' of module 'fastvit_bd_worker_0_0' is unconnected for instance 'worker_0' [e:/codes/microzed/fastvit_hls/vivado_impl/fastvit_conv_only_200mhz_proj/fastvit_conv_only_200mhz_proj.gen/sources_1/bd/fastvit_bd/synth/fastvit_bd.v:567]
WARNING: [Synth 8-7071] port 'm_axi_conv_gmem3_ARUSER' of module 'fastvit_bd_worker_0_0' is unconnected for instance 'worker_0' [e:/codes/microzed/fastvit_hls/vivado_impl/fastvit_conv_only_200mhz_proj/fastvit_conv_only_200mhz_proj.gen/sources_1/bd/fastvit_bd/synth/fastvit_bd.v:567]
WARNING: [Synth 8-7071] port 'm_axi_conv_gmem3_RREADY' of module 'fastvit_bd_worker_0_0' is unconnected for instance 'worker_0' [e:/codes/microzed/fastvit_hls/vivado_impl/fastvit_conv_only_200mhz_proj/fastvit_conv_only_200mhz_proj.gen/sources_1/bd/fastvit_bd/synth/fastvit_bd.v:567]
WARNING: [Synth 8-7023] instance 'worker_0' of module 'fastvit_bd_worker_0_0' has 217 connections declared, but only 140 given [e:/codes/microzed/fastvit_hls/vivado_impl/fastvit_conv_only_200mhz_proj/fastvit_conv_only_200mhz_proj.gen/sources_1/bd/fastvit_bd/synth/fastvit_bd.v:567]
INFO: [Synth 8-6155] done synthesizing module 'fastvit_bd' (0#1) [e:/codes/microzed/fastvit_hls/vivado_impl/fastvit_conv_only_200mhz_proj/fastvit_conv_only_200mhz_proj.gen/sources_1/bd/fastvit_bd/synth/fastvit_bd.v:13]
INFO: [Synth 8-6155] done synthesizing module 'fastvit_bd_wrapper' (0#1) [E:/codes/microzed/fastvit_hls/vivado_impl/fastvit_conv_only_200mhz_proj/fastvit_conv_only_200mhz_proj.gen/sources_1/bd/fastvit_bd/hdl/fastvit_bd_wrapper.v:13]
WARNING: [Synth 8-7129] Port M_ACLK in module s00_couplers_imp_XWRLGY is either unconnected or has no load
WARNING: [Synth 8-7129] Port M_ARESETN in module s00_couplers_imp_XWRLGY is either unconnected or has no load
WARNING: [Synth 8-7129] Port M_ACLK in module m01_couplers_imp_YPELF9 is either unconnected or has no load
WARNING: [Synth 8-7129] Port M_ARESETN in module m01_couplers_imp_YPELF9 is either unconnected or has no load
WARNING: [Synth 8-7129] Port S_ACLK in module m01_couplers_imp_YPELF9 is either unconnected or has no load
WARNING: [Synth 8-7129] Port S_ARESETN in module m01_couplers_imp_YPELF9 is either unconnected or has no load
WARNING: [Synth 8-7129] Port M_ACLK in module m00_couplers_imp_6S90OJ is either unconnected or has no load
WARNING: [Synth 8-7129] Port M_ARESETN in module m00_couplers_imp_6S90OJ is either unconnected or has no load
WARNING: [Synth 8-7129] Port S_ACLK in module m00_couplers_imp_6S90OJ is either unconnected or has no load
WARNING: [Synth 8-7129] Port S_ARESETN in module m00_couplers_imp_6S90OJ is either unconnected or has no load
WARNING: [Synth 8-7129] Port M00_ACLK in module fastvit_bd_ps_ctrl_ic_0 is either unconnected or has no load
WARNING: [Synth 8-7129] Port M00_ARESETN in module fastvit_bd_ps_ctrl_ic_0 is either unconnected or has no load
WARNING: [Synth 8-7129] Port M01_ACLK in module fastvit_bd_ps_ctrl_ic_0 is either unconnected or has no load
WARNING: [Synth 8-7129] Port M01_ARESETN in module fastvit_bd_ps_ctrl_ic_0 is either unconnected or has no load
WARNING: [Synth 8-7129] Port S00_ACLK in module fastvit_bd_ps_ctrl_ic_0 is either unconnected or has no load
WARNING: [Synth 8-7129] Port S00_ARESETN in module fastvit_bd_ps_ctrl_ic_0 is either unconnected or has no load
---------------------------------------------------------------------------------
Finished RTL Elaboration : Time (s): cpu = 00:00:03 ; elapsed = 00:00:07 . Memory (MB): peak = 1239.410 ; gain = 584.250
---------------------------------------------------------------------------------
---------------------------------------------------------------------------------
Start Handling Custom Attributes
---------------------------------------------------------------------------------
---------------------------------------------------------------------------------
Finished Handling Custom Attributes : Time (s): cpu = 00:00:03 ; elapsed = 00:00:07 . Memory (MB): peak = 1239.410 ; gain = 584.250
---------------------------------------------------------------------------------
---------------------------------------------------------------------------------
Finished RTL Optimization Phase 1 : Time (s): cpu = 00:00:03 ; elapsed = 00:00:07 . Memory (MB): peak = 1239.410 ; gain = 584.250
---------------------------------------------------------------------------------
Netlist sorting complete. Time (s): cpu = 00:00:00 ; elapsed = 00:00:00.009 . Memory (MB): peak = 1239.410 ; gain = 0.000
INFO: [Project 1-570] Preparing netlist for logic optimization

Processing XDC Constraints
Initializing timing engine
Parsing XDC File [e:/codes/microzed/fastvit_hls/vivado_impl/fastvit_conv_only_200mhz_proj/fastvit_conv_only_200mhz_proj.gen/sources_1/bd/fastvit_bd/ip/fastvit_bd_ps7_0_0/fastvit_bd_ps7_0_0/fastvit_bd_ps7_0_0_in_context.xdc] for cell 'fastvit_bd_i/ps7_0'
Finished Parsing XDC File [e:/codes/microzed/fastvit_hls/vivado_impl/fastvit_conv_only_200mhz_proj/fastvit_conv_only_200mhz_proj.gen/sources_1/bd/fastvit_bd/ip/fastvit_bd_ps7_0_0/fastvit_bd_ps7_0_0/fastvit_bd_ps7_0_0_in_context.xdc] for cell 'fastvit_bd_i/ps7_0'
Parsing XDC File [e:/codes/microzed/fastvit_hls/vivado_impl/fastvit_conv_only_200mhz_proj/fastvit_conv_only_200mhz_proj.gen/sources_1/bd/fastvit_bd/ip/fastvit_bd_worker_0_0/fastvit_bd_worker_0_0/fastvit_bd_worker_0_0_in_context.xdc] for cell 'fastvit_bd_i/worker_0'
Finished Parsing XDC File [e:/codes/microzed/fastvit_hls/vivado_impl/fastvit_conv_only_200mhz_proj/fastvit_conv_only_200mhz_proj.gen/sources_1/bd/fastvit_bd/ip/fastvit_bd_worker_0_0/fastvit_bd_worker_0_0/fastvit_bd_worker_0_0_in_context.xdc] for cell 'fastvit_bd_i/worker_0'
Parsing XDC File [e:/codes/microzed/fastvit_hls/vivado_impl/fastvit_conv_only_200mhz_proj/fastvit_conv_only_200mhz_proj.gen/sources_1/bd/fastvit_bd/ip/fastvit_bd_rst_ps7_0_200M_0/fastvit_bd_rst_ps7_0_200M_0/fastvit_bd_rst_ps7_0_200M_0_in_context.xdc] for cell 'fastvit_bd_i/rst_ps7_0_200M'
Finished Parsing XDC File [e:/codes/microzed/fastvit_hls/vivado_impl/fastvit_conv_only_200mhz_proj/fastvit_conv_only_200mhz_proj.gen/sources_1/bd/fastvit_bd/ip/fastvit_bd_rst_ps7_0_200M_0/fastvit_bd_rst_ps7_0_200M_0/fastvit_bd_rst_ps7_0_200M_0_in_context.xdc] for cell 'fastvit_bd_i/rst_ps7_0_200M'
Parsing XDC File [e:/codes/microzed/fastvit_hls/vivado_impl/fastvit_conv_only_200mhz_proj/fastvit_conv_only_200mhz_proj.gen/sources_1/bd/fastvit_bd/ip/fastvit_bd_ps_ctrl_ic_imp_xbar_0/fastvit_bd_ps_ctrl_ic_imp_xbar_0/fastvit_bd_ps_ctrl_ic_imp_xbar_0_in_context.xdc] for cell 'fastvit_bd_i/ps_ctrl_ic/xbar'
Finished Parsing XDC File [e:/codes/microzed/fastvit_hls/vivado_impl/fastvit_conv_only_200mhz_proj/fastvit_conv_only_200mhz_proj.gen/sources_1/bd/fastvit_bd/ip/fastvit_bd_ps_ctrl_ic_imp_xbar_0/fastvit_bd_ps_ctrl_ic_imp_xbar_0/fastvit_bd_ps_ctrl_ic_imp_xbar_0_in_context.xdc] for cell 'fastvit_bd_i/ps_ctrl_ic/xbar'
Parsing XDC File [e:/codes/microzed/fastvit_hls/vivado_impl/fastvit_conv_only_200mhz_proj/fastvit_conv_only_200mhz_proj.gen/sources_1/bd/fastvit_bd/ip/fastvit_bd_ps_ctrl_ic_imp_auto_pc_0/fastvit_bd_ps_ctrl_ic_imp_auto_pc_0/fastvit_bd_ps_ctrl_ic_imp_auto_pc_0_in_context.xdc] for cell 'fastvit_bd_i/ps_ctrl_ic/s00_couplers/auto_pc'
Finished Parsing XDC File [e:/codes/microzed/fastvit_hls/vivado_impl/fastvit_conv_only_200mhz_proj/fastvit_conv_only_200mhz_proj.gen/sources_1/bd/fastvit_bd/ip/fastvit_bd_ps_ctrl_ic_imp_auto_pc_0/fastvit_bd_ps_ctrl_ic_imp_auto_pc_0/fastvit_bd_ps_ctrl_ic_imp_auto_pc_0_in_context.xdc] for cell 'fastvit_bd_i/ps_ctrl_ic/s00_couplers/auto_pc'
Parsing XDC File [e:/codes/microzed/fastvit_hls/vivado_impl/fastvit_conv_only_200mhz_proj/fastvit_conv_only_200mhz_proj.gen/sources_1/bd/fastvit_bd/ip/fastvit_bd_sc_main_0/fastvit_bd_sc_main_0/fastvit_bd_sc_main_0_in_context.xdc] for cell 'fastvit_bd_i/sc_main'
Finished Parsing XDC File [e:/codes/microzed/fastvit_hls/vivado_impl/fastvit_conv_only_200mhz_proj/fastvit_conv_only_200mhz_proj.gen/sources_1/bd/fastvit_bd/ip/fastvit_bd_sc_main_0/fastvit_bd_sc_main_0/fastvit_bd_sc_main_0_in_context.xdc] for cell 'fastvit_bd_i/sc_main'
Parsing XDC File [E:/codes/microzed/fastvit_hls/vivado_impl/fastvit_conv_only_200mhz_proj/fastvit_conv_only_200mhz_proj.runs/synth_1/dont_touch.xdc]
Finished Parsing XDC File [E:/codes/microzed/fastvit_hls/vivado_impl/fastvit_conv_only_200mhz_proj/fastvit_conv_only_200mhz_proj.runs/synth_1/dont_touch.xdc]
Completed Processing XDC Constraints

Netlist sorting complete. Time (s): cpu = 00:00:00 ; elapsed = 00:00:00 . Memory (MB): peak = 1239.410 ; gain = 0.000
INFO: [Project 1-111] Unisim Transformation Summary:
No Unisim elements were transformed.

Constraint Validation Runtime : Time (s): cpu = 00:00:00 ; elapsed = 00:00:00.005 . Memory (MB): peak = 1239.410 ; gain = 0.000
---------------------------------------------------------------------------------
Finished Constraint Validation : Time (s): cpu = 00:00:07 ; elapsed = 00:00:11 . Memory (MB): peak = 1239.410 ; gain = 584.250
---------------------------------------------------------------------------------
---------------------------------------------------------------------------------
Start Loading Part and Timing Information
---------------------------------------------------------------------------------
Loading part: xc7z020clg400-1
---------------------------------------------------------------------------------
Finished Loading Part and Timing Information : Time (s): cpu = 00:00:07 ; elapsed = 00:00:11 . Memory (MB): peak = 1239.410 ; gain = 584.250
---------------------------------------------------------------------------------
---------------------------------------------------------------------------------
Start Applying 'set_property' XDC Constraints
---------------------------------------------------------------------------------
Applied set_property IO_BUFFER_TYPE = NONE for DDR_0_addr[0]. (constraint file  e:/codes/microzed/fastvit_hls/vivado_impl/fastvit_conv_only_200mhz_proj/fastvit_conv_only_200mhz_proj.gen/sources_1/bd/fastvit_bd/ip/fastvit_bd_ps7_0_0/fastvit_bd_ps7_0_0/fastvit_bd_ps7_0_0_in_context.xdc, line 2).
Applied set_property CLOCK_BUFFER_TYPE = NONE for DDR_0_addr[0]. (constraint file  e:/codes/microzed/fastvit_hls/vivado_impl/fastvit_conv_only_200mhz_proj/fastvit_conv_only_200mhz_proj.gen/sources_1/bd/fastvit_bd/ip/fastvit_bd_ps7_0_0/fastvit_bd_ps7_0_0/fastvit_bd_ps7_0_0_in_context.xdc, line 3).
Applied set_property IO_BUFFER_TYPE = NONE for DDR_0_addr[10]. (constraint file  e:/codes/microzed/fastvit_hls/vivado_impl/fastvit_conv_only_200mhz_proj/fastvit_conv_only_200mhz_proj.gen/sources_1/bd/fastvit_bd/ip/fastvit_bd_ps7_0_0/fastvit_bd_ps7_0_0/fastvit_bd_ps7_0_0_in_context.xdc, line 4).
Applied set_property CLOCK_BUFFER_TYPE = NONE for DDR_0_addr[10]. (constraint file  e:/codes/microzed/fastvit_hls/vivado_impl/fastvit_conv_only_200mhz_proj/fastvit_conv_only_200mhz_proj.gen/sources_1/bd/fastvit_bd/ip/fastvit_bd_ps7_0_0/fastvit_bd_ps7_0_0/fastvit_bd_ps7_0_0_in_context.xdc, line 5).
Applied set_property IO_BUFFER_TYPE = NONE for DDR_0_addr[11]. (constraint file  e:/codes/microzed/fastvit_hls/vivado_impl/fastvit_conv_only_200mhz_proj/fastvit_conv_only_200mhz_proj.gen/sources_1/bd/fastvit_bd/ip/fastvit_bd_ps7_0_0/fastvit_bd_ps7_0_0/fastvit_bd_ps7_0_0_in_context.xdc, line 6).
Applied set_property CLOCK_BUFFER_TYPE = NONE for DDR_0_addr[11]. (constraint file  e:/codes/microzed/fastvit_hls/vivado_impl/fastvit_conv_only_200mhz_proj/fastvit_conv_only_200mhz_proj.gen/sources_1/bd/fastvit_bd/ip/fastvit_bd_ps7_0_0/fastvit_bd_ps7_0_0/fastvit_bd_ps7_0_0_in_context.xdc, line 7).
Applied set_property IO_BUFFER_TYPE = NONE for DDR_0_addr[12]. (constraint file  e:/codes/microzed/fastvit_hls/vivado_impl/fastvit_conv_only_200mhz_proj/fastvit_conv_only_200mhz_proj.gen/sources_1/bd/fastvit_bd/ip/fastvit_bd_ps7_0_0/fastvit_bd_ps7_0_0/fastvit_bd_ps7_0_0_in_context.xdc, line 8).
Applied set_property CLOCK_BUFFER_TYPE = NONE for DDR_0_addr[12]. (constraint file  e:/codes/microzed/fastvit_hls/vivado_impl/fastvit_conv_only_200mhz_proj/fastvit_conv_only_200mhz_proj.gen/sources_1/bd/fastvit_bd/ip/fastvit_bd_ps7_0_0/fastvit_bd_ps7_0_0/fastvit_bd_ps7_0_0_in_context.xdc, line 9).
Applied set_property IO_BUFFER_TYPE = NONE for DDR_0_addr[13]. (constraint file  e:/codes/microzed/fastvit_hls/vivado_impl/fastvit_conv_only_200mhz_proj/fastvit_conv_only_200mhz_proj.gen/sources_1/bd/fastvit_bd/ip/fastvit_bd_ps7_0_0/fastvit_bd_ps7_0_0/fastvit_bd_ps7_0_0_in_context.xdc, line 10).
Applied set_property CLOCK_BUFFER_TYPE = NONE for DDR_0_addr[13]. (constraint file  e:/codes/microzed/fastvit_hls/vivado_impl/fastvit_conv_only_200mhz_proj/fastvit_conv_only_200mhz_proj.gen/sources_1/bd/fastvit_bd/ip/fastvit_bd_ps7_0_0/fastvit_bd_ps7_0_0/fastvit_bd_ps7_0_0_in_context.xdc, line 11).
Applied set_property IO_BUFFER_TYPE = NONE for DDR_0_addr[14]. (constraint file  e:/codes/microzed/fastvit_hls/vivado_impl/fastvit_conv_only_200mhz_proj/fastvit_conv_only_200mhz_proj.gen/sources_1/bd/fastvit_bd/ip/fastvit_bd_ps7_0_0/fastvit_bd_ps7_0_0/fastvit_bd_ps7_0_0_in_context.xdc, line 12).
Applied set_property CLOCK_BUFFER_TYPE = NONE for DDR_0_addr[14]. (constraint file  e:/codes/microzed/fastvit_hls/vivado_impl/fastvit_conv_only_200mhz_proj/fastvit_conv_only_200mhz_proj.gen/sources_1/bd/fastvit_bd/ip/fastvit_bd_ps7_0_0/fastvit_bd_ps7_0_0/fastvit_bd_ps7_0_0_in_context.xdc, line 13).
Applied set_property IO_BUFFER_TYPE = NONE for DDR_0_addr[1]. (constraint file  e:/codes/microzed/fastvit_hls/vivado_impl/fastvit_conv_only_200mhz_proj/fastvit_conv_only_200mhz_proj.gen/sources_1/bd/fastvit_bd/ip/fastvit_bd_ps7_0_0/fastvit_bd_ps7_0_0/fastvit_bd_ps7_0_0_in_context.xdc, line 14).
Applied set_property CLOCK_BUFFER_TYPE = NONE for DDR_0_addr[1]. (constraint file  e:/codes/microzed/fastvit_hls/vivado_impl/fastvit_conv_only_200mhz_proj/fastvit_conv_only_200mhz_proj.gen/sources_1/bd/fastvit_bd/ip/fastvit_bd_ps7_0_0/fastvit_bd_ps7_0_0/fastvit_bd_ps7_0_0_in_context.xdc, line 15).
Applied set_property IO_BUFFER_TYPE = NONE for DDR_0_addr[2]. (constraint file  e:/codes/microzed/fastvit_hls/vivado_impl/fastvit_conv_only_200mhz_proj/fastvit_conv_only_200mhz_proj.gen/sources_1/bd/fastvit_bd/ip/fastvit_bd_ps7_0_0/fastvit_bd_ps7_0_0/fastvit_bd_ps7_0_0_in_context.xdc, line 16).
Applied set_property CLOCK_BUFFER_TYPE = NONE for DDR_0_addr[2]. (constraint file  e:/codes/microzed/fastvit_hls/vivado_impl/fastvit_conv_only_200mhz_proj/fastvit_conv_only_200mhz_proj.gen/sources_1/bd/fastvit_bd/ip/fastvit_bd_ps7_0_0/fastvit_bd_ps7_0_0/fastvit_bd_ps7_0_0_in_context.xdc, line 17).
Applied set_property IO_BUFFER_TYPE = NONE for DDR_0_addr[3]. (constraint file  e:/codes/microzed/fastvit_hls/vivado_impl/fastvit_conv_only_200mhz_proj/fastvit_conv_only_200mhz_proj.gen/sources_1/bd/fastvit_bd/ip/fastvit_bd_ps7_0_0/fastvit_bd_ps7_0_0/fastvit_bd_ps7_0_0_in_context.xdc, line 18).
Applied set_property CLOCK_BUFFER_TYPE = NONE for DDR_0_addr[3]. (constraint file  e:/codes/microzed/fastvit_hls/vivado_impl/fastvit_conv_only_200mhz_proj/fastvit_conv_only_200mhz_proj.gen/sources_1/bd/fastvit_bd/ip/fastvit_bd_ps7_0_0/fastvit_bd_ps7_0_0/fastvit_bd_ps7_0_0_in_context.xdc, line 19).
Applied set_property IO_BUFFER_TYPE = NONE for DDR_0_addr[4]. (constraint file  e:/codes/microzed/fastvit_hls/vivado_impl/fastvit_conv_only_200mhz_proj/fastvit_conv_only_200mhz_proj.gen/sources_1/bd/fastvit_bd/ip/fastvit_bd_ps7_0_0/fastvit_bd_ps7_0_0/fastvit_bd_ps7_0_0_in_context.xdc, line 20).
Applied set_property CLOCK_BUFFER_TYPE = NONE for DDR_0_addr[4]. (constraint file  e:/codes/microzed/fastvit_hls/vivado_impl/fastvit_conv_only_200mhz_proj/fastvit_conv_only_200mhz_proj.gen/sources_1/bd/fastvit_bd/ip/fastvit_bd_ps7_0_0/fastvit_bd_ps7_0_0/fastvit_bd_ps7_0_0_in_context.xdc, line 21).
Applied set_property IO_BUFFER_TYPE = NONE for DDR_0_addr[5]. (constraint file  e:/codes/microzed/fastvit_hls/vivado_impl/fastvit_conv_only_200mhz_proj/fastvit_conv_only_200mhz_proj.gen/sources_1/bd/fastvit_bd/ip/fastvit_bd_ps7_0_0/fastvit_bd_ps7_0_0/fastvit_bd_ps7_0_0_in_context.xdc, line 22).
Applied set_property CLOCK_BUFFER_TYPE = NONE for DDR_0_addr[5]. (constraint file  e:/codes/microzed/fastvit_hls/vivado_impl/fastvit_conv_only_200mhz_proj/fastvit_conv_only_200mhz_proj.gen/sources_1/bd/fastvit_bd/ip/fastvit_bd_ps7_0_0/fastvit_bd_ps7_0_0/fastvit_bd_ps7_0_0_in_context.xdc, line 23).
Applied set_property IO_BUFFER_TYPE = NONE for DDR_0_addr[6]. (constraint file  e:/codes/microzed/fastvit_hls/vivado_impl/fastvit_conv_only_200mhz_proj/fastvit_conv_only_200mhz_proj.gen/sources_1/bd/fastvit_bd/ip/fastvit_bd_ps7_0_0/fastvit_bd_ps7_0_0/fastvit_bd_ps7_0_0_in_context.xdc, line 24).
Applied set_property CLOCK_BUFFER_TYPE = NONE for DDR_0_addr[6]. (constraint file  e:/codes/microzed/fastvit_hls/vivado_impl/fastvit_conv_only_200mhz_proj/fastvit_conv_only_200mhz_proj.gen/sources_1/bd/fastvit_bd/ip/fastvit_bd_ps7_0_0/fastvit_bd_ps7_0_0/fastvit_bd_ps7_0_0_in_context.xdc, line 25).
Applied set_property IO_BUFFER_TYPE = NONE for DDR_0_addr[7]. (constraint file  e:/codes/microzed/fastvit_hls/vivado_impl/fastvit_conv_only_200mhz_proj/fastvit_conv_only_200mhz_proj.gen/sources_1/bd/fastvit_bd/ip/fastvit_bd_ps7_0_0/fastvit_bd_ps7_0_0/fastvit_bd_ps7_0_0_in_context.xdc, line 26).
Applied set_property CLOCK_BUFFER_TYPE = NONE for DDR_0_addr[7]. (constraint file  e:/codes/microzed/fastvit_hls/vivado_impl/fastvit_conv_only_200mhz_proj/fastvit_conv_only_200mhz_proj.gen/sources_1/bd/fastvit_bd/ip/fastvit_bd_ps7_0_0/fastvit_bd_ps7_0_0/fastvit_bd_ps7_0_0_in_context.xdc, line 27).
Applied set_property IO_BUFFER_TYPE = NONE for DDR_0_addr[8]. (constraint file  e:/codes/microzed/fastvit_hls/vivado_impl/fastvit_conv_only_200mhz_proj/fastvit_conv_only_200mhz_proj.gen/sources_1/bd/fastvit_bd/ip/fastvit_bd_ps7_0_0/fastvit_bd_ps7_0_0/fastvit_bd_ps7_0_0_in_context.xdc, line 28).
Applied set_property CLOCK_BUFFER_TYPE = NONE for DDR_0_addr[8]. (constraint file  e:/codes/microzed/fastvit_hls/vivado_impl/fastvit_conv_only_200mhz_proj/fastvit_conv_only_200mhz_proj.gen/sources_1/bd/fastvit_bd/ip/fastvit_bd_ps7_0_0/fastvit_bd_ps7_0_0/fastvit_bd_ps7_0_0_in_context.xdc, line 29).
Applied set_property IO_BUFFER_TYPE = NONE for DDR_0_addr[9]. (constraint file  e:/codes/microzed/fastvit_hls/vivado_impl/fastvit_conv_only_200mhz_proj/fastvit_conv_only_200mhz_proj.gen/sources_1/bd/fastvit_bd/ip/fastvit_bd_ps7_0_0/fastvit_bd_ps7_0_0/fastvit_bd_ps7_0_0_in_context.xdc, line 30).
Applied set_property CLOCK_BUFFER_TYPE = NONE for DDR_0_addr[9]. (constraint file  e:/codes/microzed/fastvit_hls/vivado_impl/fastvit_conv_only_200mhz_proj/fastvit_conv_only_200mhz_proj.gen/sources_1/bd/fastvit_bd/ip/fastvit_bd_ps7_0_0/fastvit_bd_ps7_0_0/fastvit_bd_ps7_0_0_in_context.xdc, line 31).
Applied set_property IO_BUFFER_TYPE = NONE for DDR_0_ba[0]. (constraint file  e:/codes/microzed/fastvit_hls/vivado_impl/fastvit_conv_only_200mhz_proj/fastvit_conv_only_200mhz_proj.gen/sources_1/bd/fastvit_bd/ip/fastvit_bd_ps7_0_0/fastvit_bd_ps7_0_0/fastvit_bd_ps7_0_0_in_context.xdc, line 32).
Applied set_property CLOCK_BUFFER_TYPE = NONE for DDR_0_ba[0]. (constraint file  e:/codes/microzed/fastvit_hls/vivado_impl/fastvit_conv_only_200mhz_proj/fastvit_conv_only_200mhz_proj.gen/sources_1/bd/fastvit_bd/ip/fastvit_bd_ps7_0_0/fastvit_bd_ps7_0_0/fastvit_bd_ps7_0_0_in_context.xdc, line 33).
Applied set_property IO_BUFFER_TYPE = NONE for DDR_0_ba[1]. (constraint file  e:/codes/microzed/fastvit_hls/vivado_impl/fastvit_conv_only_200mhz_proj/fastvit_conv_only_200mhz_proj.gen/sources_1/bd/fastvit_bd/ip/fastvit_bd_ps7_0_0/fastvit_bd_ps7_0_0/fastvit_bd_ps7_0_0_in_context.xdc, line 34).
Applied set_property CLOCK_BUFFER_TYPE = NONE for DDR_0_ba[1]. (constraint file  e:/codes/microzed/fastvit_hls/vivado_impl/fastvit_conv_only_200mhz_proj/fastvit_conv_only_200mhz_proj.gen/sources_1/bd/fastvit_bd/ip/fastvit_bd_ps7_0_0/fastvit_bd_ps7_0_0/fastvit_bd_ps7_0_0_in_context.xdc, line 35).
Applied set_property IO_BUFFER_TYPE = NONE for DDR_0_ba[2]. (constraint file  e:/codes/microzed/fastvit_hls/vivado_impl/fastvit_conv_only_200mhz_proj/fastvit_conv_only_200mhz_proj.gen/sources_1/bd/fastvit_bd/ip/fastvit_bd_ps7_0_0/fastvit_bd_ps7_0_0/fastvit_bd_ps7_0_0_in_context.xdc, line 36).
Applied set_property CLOCK_BUFFER_TYPE = NONE for DDR_0_ba[2]. (constraint file  e:/codes/microzed/fastvit_hls/vivado_impl/fastvit_conv_only_200mhz_proj/fastvit_conv_only_200mhz_proj.gen/sources_1/bd/fastvit_bd/ip/fastvit_bd_ps7_0_0/fastvit_bd_ps7_0_0/fastvit_bd_ps7_0_0_in_context.xdc, line 37).
Applied set_property IO_BUFFER_TYPE = NONE for DDR_0_cas_n. (constraint file  e:/codes/microzed/fastvit_hls/vivado_impl/fastvit_conv_only_200mhz_proj/fastvit_conv_only_200mhz_proj.gen/sources_1/bd/fastvit_bd/ip/fastvit_bd_ps7_0_0/fastvit_bd_ps7_0_0/fastvit_bd_ps7_0_0_in_context.xdc, line 38).
Applied set_property CLOCK_BUFFER_TYPE = NONE for DDR_0_cas_n. (constraint file  e:/codes/microzed/fastvit_hls/vivado_impl/fastvit_conv_only_200mhz_proj/fastvit_conv_only_200mhz_proj.gen/sources_1/bd/fastvit_bd/ip/fastvit_bd_ps7_0_0/fastvit_bd_ps7_0_0/fastvit_bd_ps7_0_0_in_context.xdc, line 39).
Applied set_property IO_BUFFER_TYPE = NONE for DDR_0_cke. (constraint file  e:/codes/microzed/fastvit_hls/vivado_impl/fastvit_conv_only_200mhz_proj/fastvit_conv_only_200mhz_proj.gen/sources_1/bd/fastvit_bd/ip/fastvit_bd_ps7_0_0/fastvit_bd_ps7_0_0/fastvit_bd_ps7_0_0_in_context.xdc, line 40).
Applied set_property CLOCK_BUFFER_TYPE = NONE for DDR_0_cke. (constraint file  e:/codes/microzed/fastvit_hls/vivado_impl/fastvit_conv_only_200mhz_proj/fastvit_conv_only_200mhz_proj.gen/sources_1/bd/fastvit_bd/ip/fastvit_bd_ps7_0_0/fastvit_bd_ps7_0_0/fastvit_bd_ps7_0_0_in_context.xdc, line 41).
Applied set_property IO_BUFFER_TYPE = NONE for DDR_0_cs_n. (constraint file  e:/codes/microzed/fastvit_hls/vivado_impl/fastvit_conv_only_200mhz_proj/fastvit_conv_only_200mhz_proj.gen/sources_1/bd/fastvit_bd/ip/fastvit_bd_ps7_0_0/fastvit_bd_ps7_0_0/fastvit_bd_ps7_0_0_in_context.xdc, line 42).
Applied set_property CLOCK_BUFFER_TYPE = NONE for DDR_0_cs_n. (constraint file  e:/codes/microzed/fastvit_hls/vivado_impl/fastvit_conv_only_200mhz_proj/fastvit_conv_only_200mhz_proj.gen/sources_1/bd/fastvit_bd/ip/fastvit_bd_ps7_0_0/fastvit_bd_ps7_0_0/fastvit_bd_ps7_0_0_in_context.xdc, line 43).
Applied set_property IO_BUFFER_TYPE = NONE for DDR_0_ck_p. (constraint file  e:/codes/microzed/fastvit_hls/vivado_impl/fastvit_conv_only_200mhz_proj/fastvit_conv_only_200mhz_proj.gen/sources_1/bd/fastvit_bd/ip/fastvit_bd_ps7_0_0/fastvit_bd_ps7_0_0/fastvit_bd_ps7_0_0_in_context.xdc, line 44).
Applied set_property CLOCK_BUFFER_TYPE = NONE for DDR_0_ck_p. (constraint file  e:/codes/microzed/fastvit_hls/vivado_impl/fastvit_conv_only_200mhz_proj/fastvit_conv_only_200mhz_proj.gen/sources_1/bd/fastvit_bd/ip/fastvit_bd_ps7_0_0/fastvit_bd_ps7_0_0/fastvit_bd_ps7_0_0_in_context.xdc, line 45).
Applied set_property IO_BUFFER_TYPE = NONE for DDR_0_ck_n. (constraint file  e:/codes/microzed/fastvit_hls/vivado_impl/fastvit_conv_only_200mhz_proj/fastvit_conv_only_200mhz_proj.gen/sources_1/bd/fastvit_bd/ip/fastvit_bd_ps7_0_0/fastvit_bd_ps7_0_0/fastvit_bd_ps7_0_0_in_context.xdc, line 46).
Applied set_property CLOCK_BUFFER_TYPE = NONE for DDR_0_ck_n. (constraint file  e:/codes/microzed/fastvit_hls/vivado_impl/fastvit_conv_only_200mhz_proj/fastvit_conv_only_200mhz_proj.gen/sources_1/bd/fastvit_bd/ip/fastvit_bd_ps7_0_0/fastvit_bd_ps7_0_0/fastvit_bd_ps7_0_0_in_context.xdc, line 47).
Applied set_property IO_BUFFER_TYPE = NONE for DDR_0_dm[0]. (constraint file  e:/codes/microzed/fastvit_hls/vivado_impl/fastvit_conv_only_200mhz_proj/fastvit_conv_only_200mhz_proj.gen/sources_1/bd/fastvit_bd/ip/fastvit_bd_ps7_0_0/fastvit_bd_ps7_0_0/fastvit_bd_ps7_0_0_in_context.xdc, line 48).
Applied set_property CLOCK_BUFFER_TYPE = NONE for DDR_0_dm[0]. (constraint file  e:/codes/microzed/fastvit_hls/vivado_impl/fastvit_conv_only_200mhz_proj/fastvit_conv_only_200mhz_proj.gen/sources_1/bd/fastvit_bd/ip/fastvit_bd_ps7_0_0/fastvit_bd_ps7_0_0/fastvit_bd_ps7_0_0_in_context.xdc, line 49).
Applied set_property IO_BUFFER_TYPE = NONE for DDR_0_dm[1]. (constraint file  e:/codes/microzed/fastvit_hls/vivado_impl/fastvit_conv_only_200mhz_proj/fastvit_conv_only_200mhz_proj.gen/sources_1/bd/fastvit_bd/ip/fastvit_bd_ps7_0_0/fastvit_bd_ps7_0_0/fastvit_bd_ps7_0_0_in_context.xdc, line 50).
Applied set_property CLOCK_BUFFER_TYPE = NONE for DDR_0_dm[1]. (constraint file  e:/codes/microzed/fastvit_hls/vivado_impl/fastvit_conv_only_200mhz_proj/fastvit_conv_only_200mhz_proj.gen/sources_1/bd/fastvit_bd/ip/fastvit_bd_ps7_0_0/fastvit_bd_ps7_0_0/fastvit_bd_ps7_0_0_in_context.xdc, line 51).
Applied set_property IO_BUFFER_TYPE = NONE for DDR_0_dm[2]. (constraint file  e:/codes/microzed/fastvit_hls/vivado_impl/fastvit_conv_only_200mhz_proj/fastvit_conv_only_200mhz_proj.gen/sources_1/bd/fastvit_bd/ip/fastvit_bd_ps7_0_0/fastvit_bd_ps7_0_0/fastvit_bd_ps7_0_0_in_context.xdc, line 52).
Applied set_property CLOCK_BUFFER_TYPE = NONE for DDR_0_dm[2]. (constraint file  e:/codes/microzed/fastvit_hls/vivado_impl/fastvit_conv_only_200mhz_proj/fastvit_conv_only_200mhz_proj.gen/sources_1/bd/fastvit_bd/ip/fastvit_bd_ps7_0_0/fastvit_bd_ps7_0_0/fastvit_bd_ps7_0_0_in_context.xdc, line 53).
Applied set_property IO_BUFFER_TYPE = NONE for DDR_0_dm[3]. (constraint file  e:/codes/microzed/fastvit_hls/vivado_impl/fastvit_conv_only_200mhz_proj/fastvit_conv_only_200mhz_proj.gen/sources_1/bd/fastvit_bd/ip/fastvit_bd_ps7_0_0/fastvit_bd_ps7_0_0/fastvit_bd_ps7_0_0_in_context.xdc, line 54).
Applied set_property CLOCK_BUFFER_TYPE = NONE for DDR_0_dm[3]. (constraint file  e:/codes/microzed/fastvit_hls/vivado_impl/fastvit_conv_only_200mhz_proj/fastvit_conv_only_200mhz_proj.gen/sources_1/bd/fastvit_bd/ip/fastvit_bd_ps7_0_0/fastvit_bd_ps7_0_0/fastvit_bd_ps7_0_0_in_context.xdc, line 55).
Applied set_property IO_BUFFER_TYPE = NONE for DDR_0_dqs_p[0]. (constraint file  e:/codes/microzed/fastvit_hls/vivado_impl/fastvit_conv_only_200mhz_proj/fastvit_conv_only_200mhz_proj.gen/sources_1/bd/fastvit_bd/ip/fastvit_bd_ps7_0_0/fastvit_bd_ps7_0_0/fastvit_bd_ps7_0_0_in_context.xdc, line 56).
Applied set_property CLOCK_BUFFER_TYPE = NONE for DDR_0_dqs_p[0]. (constraint file  e:/codes/microzed/fastvit_hls/vivado_impl/fastvit_conv_only_200mhz_proj/fastvit_conv_only_200mhz_proj.gen/sources_1/bd/fastvit_bd/ip/fastvit_bd_ps7_0_0/fastvit_bd_ps7_0_0/fastvit_bd_ps7_0_0_in_context.xdc, line 57).
Applied set_property IO_BUFFER_TYPE = NONE for DDR_0_dqs_p[1]. (constraint file  e:/codes/microzed/fastvit_hls/vivado_impl/fastvit_conv_only_200mhz_proj/fastvit_conv_only_200mhz_proj.gen/sources_1/bd/fastvit_bd/ip/fastvit_bd_ps7_0_0/fastvit_bd_ps7_0_0/fastvit_bd_ps7_0_0_in_context.xdc, line 58).
Applied set_property CLOCK_BUFFER_TYPE = NONE for DDR_0_dqs_p[1]. (constraint file  e:/codes/microzed/fastvit_hls/vivado_impl/fastvit_conv_only_200mhz_proj/fastvit_conv_only_200mhz_proj.gen/sources_1/bd/fastvit_bd/ip/fastvit_bd_ps7_0_0/fastvit_bd_ps7_0_0/fastvit_bd_ps7_0_0_in_context.xdc, line 59).
Applied set_property IO_BUFFER_TYPE = NONE for DDR_0_dqs_p[2]. (constraint file  e:/codes/microzed/fastvit_hls/vivado_impl/fastvit_conv_only_200mhz_proj/fastvit_conv_only_200mhz_proj.gen/sources_1/bd/fastvit_bd/ip/fastvit_bd_ps7_0_0/fastvit_bd_ps7_0_0/fastvit_bd_ps7_0_0_in_context.xdc, line 60).
Applied set_property CLOCK_BUFFER_TYPE = NONE for DDR_0_dqs_p[2]. (constraint file  e:/codes/microzed/fastvit_hls/vivado_impl/fastvit_conv_only_200mhz_proj/fastvit_conv_only_200mhz_proj.gen/sources_1/bd/fastvit_bd/ip/fastvit_bd_ps7_0_0/fastvit_bd_ps7_0_0/fastvit_bd_ps7_0_0_in_context.xdc, line 61).
Applied set_property IO_BUFFER_TYPE = NONE for DDR_0_dqs_p[3]. (constraint file  e:/codes/microzed/fastvit_hls/vivado_impl/fastvit_conv_only_200mhz_proj/fastvit_conv_only_200mhz_proj.gen/sources_1/bd/fastvit_bd/ip/fastvit_bd_ps7_0_0/fastvit_bd_ps7_0_0/fastvit_bd_ps7_0_0_in_context.xdc, line 62).
Applied set_property CLOCK_BUFFER_TYPE = NONE for DDR_0_dqs_p[3]. (constraint file  e:/codes/microzed/fastvit_hls/vivado_impl/fastvit_conv_only_200mhz_proj/fastvit_conv_only_200mhz_proj.gen/sources_1/bd/fastvit_bd/ip/fastvit_bd_ps7_0_0/fastvit_bd_ps7_0_0/fastvit_bd_ps7_0_0_in_context.xdc, line 63).
Applied set_property IO_BUFFER_TYPE = NONE for DDR_0_dqs_n[0]. (constraint file  e:/codes/microzed/fastvit_hls/vivado_impl/fastvit_conv_only_200mhz_proj/fastvit_conv_only_200mhz_proj.gen/sources_1/bd/fastvit_bd/ip/fastvit_bd_ps7_0_0/fastvit_bd_ps7_0_0/fastvit_bd_ps7_0_0_in_context.xdc, line 64).
Applied set_property CLOCK_BUFFER_TYPE = NONE for DDR_0_dqs_n[0]. (constraint file  e:/codes/microzed/fastvit_hls/vivado_impl/fastvit_conv_only_200mhz_proj/fastvit_conv_only_200mhz_proj.gen/sources_1/bd/fastvit_bd/ip/fastvit_bd_ps7_0_0/fastvit_bd_ps7_0_0/fastvit_bd_ps7_0_0_in_context.xdc, line 65).
Applied set_property IO_BUFFER_TYPE = NONE for DDR_0_dqs_n[1]. (constraint file  e:/codes/microzed/fastvit_hls/vivado_impl/fastvit_conv_only_200mhz_proj/fastvit_conv_only_200mhz_proj.gen/sources_1/bd/fastvit_bd/ip/fastvit_bd_ps7_0_0/fastvit_bd_ps7_0_0/fastvit_bd_ps7_0_0_in_context.xdc, line 66).
Applied set_property CLOCK_BUFFER_TYPE = NONE for DDR_0_dqs_n[1]. (constraint file  e:/codes/microzed/fastvit_hls/vivado_impl/fastvit_conv_only_200mhz_proj/fastvit_conv_only_200mhz_proj.gen/sources_1/bd/fastvit_bd/ip/fastvit_bd_ps7_0_0/fastvit_bd_ps7_0_0/fastvit_bd_ps7_0_0_in_context.xdc, line 67).
Applied set_property IO_BUFFER_TYPE = NONE for DDR_0_dqs_n[2]. (constraint file  e:/codes/microzed/fastvit_hls/vivado_impl/fastvit_conv_only_200mhz_proj/fastvit_conv_only_200mhz_proj.gen/sources_1/bd/fastvit_bd/ip/fastvit_bd_ps7_0_0/fastvit_bd_ps7_0_0/fastvit_bd_ps7_0_0_in_context.xdc, line 68).
Applied set_property CLOCK_BUFFER_TYPE = NONE for DDR_0_dqs_n[2]. (constraint file  e:/codes/microzed/fastvit_hls/vivado_impl/fastvit_conv_only_200mhz_proj/fastvit_conv_only_200mhz_proj.gen/sources_1/bd/fastvit_bd/ip/fastvit_bd_ps7_0_0/fastvit_bd_ps7_0_0/fastvit_bd_ps7_0_0_in_context.xdc, line 69).
Applied set_property IO_BUFFER_TYPE = NONE for DDR_0_dqs_n[3]. (constraint file  e:/codes/microzed/fastvit_hls/vivado_impl/fastvit_conv_only_200mhz_proj/fastvit_conv_only_200mhz_proj.gen/sources_1/bd/fastvit_bd/ip/fastvit_bd_ps7_0_0/fastvit_bd_ps7_0_0/fastvit_bd_ps7_0_0_in_context.xdc, line 70).
Applied set_property CLOCK_BUFFER_TYPE = NONE for DDR_0_dqs_n[3]. (constraint file  e:/codes/microzed/fastvit_hls/vivado_impl/fastvit_conv_only_200mhz_proj/fastvit_conv_only_200mhz_proj.gen/sources_1/bd/fastvit_bd/ip/fastvit_bd_ps7_0_0/fastvit_bd_ps7_0_0/fastvit_bd_ps7_0_0_in_context.xdc, line 71).
Applied set_property IO_BUFFER_TYPE = NONE for DDR_0_dq[0]. (constraint file  e:/codes/microzed/fastvit_hls/vivado_impl/fastvit_conv_only_200mhz_proj/fastvit_conv_only_200mhz_proj.gen/sources_1/bd/fastvit_bd/ip/fastvit_bd_ps7_0_0/fastvit_bd_ps7_0_0/fastvit_bd_ps7_0_0_in_context.xdc, line 72).
Applied set_property CLOCK_BUFFER_TYPE = NONE for DDR_0_dq[0]. (constraint file  e:/codes/microzed/fastvit_hls/vivado_impl/fastvit_conv_only_200mhz_proj/fastvit_conv_only_200mhz_proj.gen/sources_1/bd/fastvit_bd/ip/fastvit_bd_ps7_0_0/fastvit_bd_ps7_0_0/fastvit_bd_ps7_0_0_in_context.xdc, line 73).
Applied set_property IO_BUFFER_TYPE = NONE for DDR_0_dq[10]. (constraint file  e:/codes/microzed/fastvit_hls/vivado_impl/fastvit_conv_only_200mhz_proj/fastvit_conv_only_200mhz_proj.gen/sources_1/bd/fastvit_bd/ip/fastvit_bd_ps7_0_0/fastvit_bd_ps7_0_0/fastvit_bd_ps7_0_0_in_context.xdc, line 74).
Applied set_property CLOCK_BUFFER_TYPE = NONE for DDR_0_dq[10]. (constraint file  e:/codes/microzed/fastvit_hls/vivado_impl/fastvit_conv_only_200mhz_proj/fastvit_conv_only_200mhz_proj.gen/sources_1/bd/fastvit_bd/ip/fastvit_bd_ps7_0_0/fastvit_bd_ps7_0_0/fastvit_bd_ps7_0_0_in_context.xdc, line 75).
Applied set_property IO_BUFFER_TYPE = NONE for DDR_0_dq[11]. (constraint file  e:/codes/microzed/fastvit_hls/vivado_impl/fastvit_conv_only_200mhz_proj/fastvit_conv_only_200mhz_proj.gen/sources_1/bd/fastvit_bd/ip/fastvit_bd_ps7_0_0/fastvit_bd_ps7_0_0/fastvit_bd_ps7_0_0_in_context.xdc, line 76).
Applied set_property CLOCK_BUFFER_TYPE = NONE for DDR_0_dq[11]. (constraint file  e:/codes/microzed/fastvit_hls/vivado_impl/fastvit_conv_only_200mhz_proj/fastvit_conv_only_200mhz_proj.gen/sources_1/bd/fastvit_bd/ip/fastvit_bd_ps7_0_0/fastvit_bd_ps7_0_0/fastvit_bd_ps7_0_0_in_context.xdc, line 77).
Applied set_property IO_BUFFER_TYPE = NONE for DDR_0_dq[12]. (constraint file  e:/codes/microzed/fastvit_hls/vivado_impl/fastvit_conv_only_200mhz_proj/fastvit_conv_only_200mhz_proj.gen/sources_1/bd/fastvit_bd/ip/fastvit_bd_ps7_0_0/fastvit_bd_ps7_0_0/fastvit_bd_ps7_0_0_in_context.xdc, line 78).
Applied set_property CLOCK_BUFFER_TYPE = NONE for DDR_0_dq[12]. (constraint file  e:/codes/microzed/fastvit_hls/vivado_impl/fastvit_conv_only_200mhz_proj/fastvit_conv_only_200mhz_proj.gen/sources_1/bd/fastvit_bd/ip/fastvit_bd_ps7_0_0/fastvit_bd_ps7_0_0/fastvit_bd_ps7_0_0_in_context.xdc, line 79).
Applied set_property IO_BUFFER_TYPE = NONE for DDR_0_dq[13]. (constraint file  e:/codes/microzed/fastvit_hls/vivado_impl/fastvit_conv_only_200mhz_proj/fastvit_conv_only_200mhz_proj.gen/sources_1/bd/fastvit_bd/ip/fastvit_bd_ps7_0_0/fastvit_bd_ps7_0_0/fastvit_bd_ps7_0_0_in_context.xdc, line 80).
Applied set_property CLOCK_BUFFER_TYPE = NONE for DDR_0_dq[13]. (constraint file  e:/codes/microzed/fastvit_hls/vivado_impl/fastvit_conv_only_200mhz_proj/fastvit_conv_only_200mhz_proj.gen/sources_1/bd/fastvit_bd/ip/fastvit_bd_ps7_0_0/fastvit_bd_ps7_0_0/fastvit_bd_ps7_0_0_in_context.xdc, line 81).
Applied set_property IO_BUFFER_TYPE = NONE for DDR_0_dq[14]. (constraint file  e:/codes/microzed/fastvit_hls/vivado_impl/fastvit_conv_only_200mhz_proj/fastvit_conv_only_200mhz_proj.gen/sources_1/bd/fastvit_bd/ip/fastvit_bd_ps7_0_0/fastvit_bd_ps7_0_0/fastvit_bd_ps7_0_0_in_context.xdc, line 82).
Applied set_property CLOCK_BUFFER_TYPE = NONE for DDR_0_dq[14]. (constraint file  e:/codes/microzed/fastvit_hls/vivado_impl/fastvit_conv_only_200mhz_proj/fastvit_conv_only_200mhz_proj.gen/sources_1/bd/fastvit_bd/ip/fastvit_bd_ps7_0_0/fastvit_bd_ps7_0_0/fastvit_bd_ps7_0_0_in_context.xdc, line 83).
Applied set_property IO_BUFFER_TYPE = NONE for DDR_0_dq[15]. (constraint file  e:/codes/microzed/fastvit_hls/vivado_impl/fastvit_conv_only_200mhz_proj/fastvit_conv_only_200mhz_proj.gen/sources_1/bd/fastvit_bd/ip/fastvit_bd_ps7_0_0/fastvit_bd_ps7_0_0/fastvit_bd_ps7_0_0_in_context.xdc, line 84).
Applied set_property CLOCK_BUFFER_TYPE = NONE for DDR_0_dq[15]. (constraint file  e:/codes/microzed/fastvit_hls/vivado_impl/fastvit_conv_only_200mhz_proj/fastvit_conv_only_200mhz_proj.gen/sources_1/bd/fastvit_bd/ip/fastvit_bd_ps7_0_0/fastvit_bd_ps7_0_0/fastvit_bd_ps7_0_0_in_context.xdc, line 85).
Applied set_property IO_BUFFER_TYPE = NONE for DDR_0_dq[16]. (constraint file  e:/codes/microzed/fastvit_hls/vivado_impl/fastvit_conv_only_200mhz_proj/fastvit_conv_only_200mhz_proj.gen/sources_1/bd/fastvit_bd/ip/fastvit_bd_ps7_0_0/fastvit_bd_ps7_0_0/fastvit_bd_ps7_0_0_in_context.xdc, line 86).
Applied set_property CLOCK_BUFFER_TYPE = NONE for DDR_0_dq[16]. (constraint file  e:/codes/microzed/fastvit_hls/vivado_impl/fastvit_conv_only_200mhz_proj/fastvit_conv_only_200mhz_proj.gen/sources_1/bd/fastvit_bd/ip/fastvit_bd_ps7_0_0/fastvit_bd_ps7_0_0/fastvit_bd_ps7_0_0_in_context.xdc, line 87).
Applied set_property IO_BUFFER_TYPE = NONE for DDR_0_dq[17]. (constraint file  e:/codes/microzed/fastvit_hls/vivado_impl/fastvit_conv_only_200mhz_proj/fastvit_conv_only_200mhz_proj.gen/sources_1/bd/fastvit_bd/ip/fastvit_bd_ps7_0_0/fastvit_bd_ps7_0_0/fastvit_bd_ps7_0_0_in_context.xdc, line 88).
Applied set_property CLOCK_BUFFER_TYPE = NONE for DDR_0_dq[17]. (constraint file  e:/codes/microzed/fastvit_hls/vivado_impl/fastvit_conv_only_200mhz_proj/fastvit_conv_only_200mhz_proj.gen/sources_1/bd/fastvit_bd/ip/fastvit_bd_ps7_0_0/fastvit_bd_ps7_0_0/fastvit_bd_ps7_0_0_in_context.xdc, line 89).
Applied set_property IO_BUFFER_TYPE = NONE for DDR_0_dq[18]. (constraint file  e:/codes/microzed/fastvit_hls/vivado_impl/fastvit_conv_only_200mhz_proj/fastvit_conv_only_200mhz_proj.gen/sources_1/bd/fastvit_bd/ip/fastvit_bd_ps7_0_0/fastvit_bd_ps7_0_0/fastvit_bd_ps7_0_0_in_context.xdc, line 90).
Applied set_property CLOCK_BUFFER_TYPE = NONE for DDR_0_dq[18]. (constraint file  e:/codes/microzed/fastvit_hls/vivado_impl/fastvit_conv_only_200mhz_proj/fastvit_conv_only_200mhz_proj.gen/sources_1/bd/fastvit_bd/ip/fastvit_bd_ps7_0_0/fastvit_bd_ps7_0_0/fastvit_bd_ps7_0_0_in_context.xdc, line 91).
Applied set_property IO_BUFFER_TYPE = NONE for DDR_0_dq[19]. (constraint file  e:/codes/microzed/fastvit_hls/vivado_impl/fastvit_conv_only_200mhz_proj/fastvit_conv_only_200mhz_proj.gen/sources_1/bd/fastvit_bd/ip/fastvit_bd_ps7_0_0/fastvit_bd_ps7_0_0/fastvit_bd_ps7_0_0_in_context.xdc, line 92).
Applied set_property CLOCK_BUFFER_TYPE = NONE for DDR_0_dq[19]. (constraint file  e:/codes/microzed/fastvit_hls/vivado_impl/fastvit_conv_only_200mhz_proj/fastvit_conv_only_200mhz_proj.gen/sources_1/bd/fastvit_bd/ip/fastvit_bd_ps7_0_0/fastvit_bd_ps7_0_0/fastvit_bd_ps7_0_0_in_context.xdc, line 93).
Applied set_property IO_BUFFER_TYPE = NONE for DDR_0_dq[1]. (constraint file  e:/codes/microzed/fastvit_hls/vivado_impl/fastvit_conv_only_200mhz_proj/fastvit_conv_only_200mhz_proj.gen/sources_1/bd/fastvit_bd/ip/fastvit_bd_ps7_0_0/fastvit_bd_ps7_0_0/fastvit_bd_ps7_0_0_in_context.xdc, line 94).
Applied set_property CLOCK_BUFFER_TYPE = NONE for DDR_0_dq[1]. (constraint file  e:/codes/microzed/fastvit_hls/vivado_impl/fastvit_conv_only_200mhz_proj/fastvit_conv_only_200mhz_proj.gen/sources_1/bd/fastvit_bd/ip/fastvit_bd_ps7_0_0/fastvit_bd_ps7_0_0/fastvit_bd_ps7_0_0_in_context.xdc, line 95).
Applied set_property IO_BUFFER_TYPE = NONE for DDR_0_dq[20]. (constraint file  e:/codes/microzed/fastvit_hls/vivado_impl/fastvit_conv_only_200mhz_proj/fastvit_conv_only_200mhz_proj.gen/sources_1/bd/fastvit_bd/ip/fastvit_bd_ps7_0_0/fastvit_bd_ps7_0_0/fastvit_bd_ps7_0_0_in_context.xdc, line 96).
Applied set_property CLOCK_BUFFER_TYPE = NONE for DDR_0_dq[20]. (constraint file  e:/codes/microzed/fastvit_hls/vivado_impl/fastvit_conv_only_200mhz_proj/fastvit_conv_only_200mhz_proj.gen/sources_1/bd/fastvit_bd/ip/fastvit_bd_ps7_0_0/fastvit_bd_ps7_0_0/fastvit_bd_ps7_0_0_in_context.xdc, line 97).
Applied set_property IO_BUFFER_TYPE = NONE for DDR_0_dq[21]. (constraint file  e:/codes/microzed/fastvit_hls/vivado_impl/fastvit_conv_only_200mhz_proj/fastvit_conv_only_200mhz_proj.gen/sources_1/bd/fastvit_bd/ip/fastvit_bd_ps7_0_0/fastvit_bd_ps7_0_0/fastvit_bd_ps7_0_0_in_context.xdc, line 98).
Applied set_property CLOCK_BUFFER_TYPE = NONE for DDR_0_dq[21]. (constraint file  e:/codes/microzed/fastvit_hls/vivado_impl/fastvit_conv_only_200mhz_proj/fastvit_conv_only_200mhz_proj.gen/sources_1/bd/fastvit_bd/ip/fastvit_bd_ps7_0_0/fastvit_bd_ps7_0_0/fastvit_bd_ps7_0_0_in_context.xdc, line 99).
Applied set_property IO_BUFFER_TYPE = NONE for DDR_0_dq[22]. (constraint file  e:/codes/microzed/fastvit_hls/vivado_impl/fastvit_conv_only_200mhz_proj/fastvit_conv_only_200mhz_proj.gen/sources_1/bd/fastvit_bd/ip/fastvit_bd_ps7_0_0/fastvit_bd_ps7_0_0/fastvit_bd_ps7_0_0_in_context.xdc, line 100).
Applied set_property CLOCK_BUFFER_TYPE = NONE for DDR_0_dq[22]. (constraint file  e:/codes/microzed/fastvit_hls/vivado_impl/fastvit_conv_only_200mhz_proj/fastvit_conv_only_200mhz_proj.gen/sources_1/bd/fastvit_bd/ip/fastvit_bd_ps7_0_0/fastvit_bd_ps7_0_0/fastvit_bd_ps7_0_0_in_context.xdc, line 101).
Applied set_property IO_BUFFER_TYPE = NONE for DDR_0_dq[23]. (constraint file  e:/codes/microzed/fastvit_hls/vivado_impl/fastvit_conv_only_200mhz_proj/fastvit_conv_only_200mhz_proj.gen/sources_1/bd/fastvit_bd/ip/fastvit_bd_ps7_0_0/fastvit_bd_ps7_0_0/fastvit_bd_ps7_0_0_in_context.xdc, line 102).
Applied set_property CLOCK_BUFFER_TYPE = NONE for DDR_0_dq[23]. (constraint file  e:/codes/microzed/fastvit_hls/vivado_impl/fastvit_conv_only_200mhz_proj/fastvit_conv_only_200mhz_proj.gen/sources_1/bd/fastvit_bd/ip/fastvit_bd_ps7_0_0/fastvit_bd_ps7_0_0/fastvit_bd_ps7_0_0_in_context.xdc, line 103).
Applied set_property IO_BUFFER_TYPE = NONE for DDR_0_dq[24]. (constraint file  e:/codes/microzed/fastvit_hls/vivado_impl/fastvit_conv_only_200mhz_proj/fastvit_conv_only_200mhz_proj.gen/sources_1/bd/fastvit_bd/ip/fastvit_bd_ps7_0_0/fastvit_bd_ps7_0_0/fastvit_bd_ps7_0_0_in_context.xdc, line 104).
Applied set_property CLOCK_BUFFER_TYPE = NONE for DDR_0_dq[24]. (constraint file  e:/codes/microzed/fastvit_hls/vivado_impl/fastvit_conv_only_200mhz_proj/fastvit_conv_only_200mhz_proj.gen/sources_1/bd/fastvit_bd/ip/fastvit_bd_ps7_0_0/fastvit_bd_ps7_0_0/fastvit_bd_ps7_0_0_in_context.xdc, line 105).
Applied set_property IO_BUFFER_TYPE = NONE for DDR_0_dq[25]. (constraint file  e:/codes/microzed/fastvit_hls/vivado_impl/fastvit_conv_only_200mhz_proj/fastvit_conv_only_200mhz_proj.gen/sources_1/bd/fastvit_bd/ip/fastvit_bd_ps7_0_0/fastvit_bd_ps7_0_0/fastvit_bd_ps7_0_0_in_context.xdc, line 106).
Applied set_property CLOCK_BUFFER_TYPE = NONE for DDR_0_dq[25]. (constraint file  e:/codes/microzed/fastvit_hls/vivado_impl/fastvit_conv_only_200mhz_proj/fastvit_conv_only_200mhz_proj.gen/sources_1/bd/fastvit_bd/ip/fastvit_bd_ps7_0_0/fastvit_bd_ps7_0_0/fastvit_bd_ps7_0_0_in_context.xdc, line 107).
Applied set_property IO_BUFFER_TYPE = NONE for DDR_0_dq[26]. (constraint file  e:/codes/microzed/fastvit_hls/vivado_impl/fastvit_conv_only_200mhz_proj/fastvit_conv_only_200mhz_proj.gen/sources_1/bd/fastvit_bd/ip/fastvit_bd_ps7_0_0/fastvit_bd_ps7_0_0/fastvit_bd_ps7_0_0_in_context.xdc, line 108).
Applied set_property CLOCK_BUFFER_TYPE = NONE for DDR_0_dq[26]. (constraint file  e:/codes/microzed/fastvit_hls/vivado_impl/fastvit_conv_only_200mhz_proj/fastvit_conv_only_200mhz_proj.gen/sources_1/bd/fastvit_bd/ip/fastvit_bd_ps7_0_0/fastvit_bd_ps7_0_0/fastvit_bd_ps7_0_0_in_context.xdc, line 109).
Applied set_property IO_BUFFER_TYPE = NONE for DDR_0_dq[27]. (constraint file  e:/codes/microzed/fastvit_hls/vivado_impl/fastvit_conv_only_200mhz_proj/fastvit_conv_only_200mhz_proj.gen/sources_1/bd/fastvit_bd/ip/fastvit_bd_ps7_0_0/fastvit_bd_ps7_0_0/fastvit_bd_ps7_0_0_in_context.xdc, line 110).
Applied set_property CLOCK_BUFFER_TYPE = NONE for DDR_0_dq[27]. (constraint file  e:/codes/microzed/fastvit_hls/vivado_impl/fastvit_conv_only_200mhz_proj/fastvit_conv_only_200mhz_proj.gen/sources_1/bd/fastvit_bd/ip/fastvit_bd_ps7_0_0/fastvit_bd_ps7_0_0/fastvit_bd_ps7_0_0_in_context.xdc, line 111).
Applied set_property IO_BUFFER_TYPE = NONE for DDR_0_dq[28]. (constraint file  e:/codes/microzed/fastvit_hls/vivado_impl/fastvit_conv_only_200mhz_proj/fastvit_conv_only_200mhz_proj.gen/sources_1/bd/fastvit_bd/ip/fastvit_bd_ps7_0_0/fastvit_bd_ps7_0_0/fastvit_bd_ps7_0_0_in_context.xdc, line 112).
Applied set_property CLOCK_BUFFER_TYPE = NONE for DDR_0_dq[28]. (constraint file  e:/codes/microzed/fastvit_hls/vivado_impl/fastvit_conv_only_200mhz_proj/fastvit_conv_only_200mhz_proj.gen/sources_1/bd/fastvit_bd/ip/fastvit_bd_ps7_0_0/fastvit_bd_ps7_0_0/fastvit_bd_ps7_0_0_in_context.xdc, line 113).
Applied set_property IO_BUFFER_TYPE = NONE for DDR_0_dq[29]. (constraint file  e:/codes/microzed/fastvit_hls/vivado_impl/fastvit_conv_only_200mhz_proj/fastvit_conv_only_200mhz_proj.gen/sources_1/bd/fastvit_bd/ip/fastvit_bd_ps7_0_0/fastvit_bd_ps7_0_0/fastvit_bd_ps7_0_0_in_context.xdc, line 114).
Applied set_property CLOCK_BUFFER_TYPE = NONE for DDR_0_dq[29]. (constraint file  e:/codes/microzed/fastvit_hls/vivado_impl/fastvit_conv_only_200mhz_proj/fastvit_conv_only_200mhz_proj.gen/sources_1/bd/fastvit_bd/ip/fastvit_bd_ps7_0_0/fastvit_bd_ps7_0_0/fastvit_bd_ps7_0_0_in_context.xdc, line 115).
Applied set_property IO_BUFFER_TYPE = NONE for DDR_0_dq[2]. (constraint file  e:/codes/microzed/fastvit_hls/vivado_impl/fastvit_conv_only_200mhz_proj/fastvit_conv_only_200mhz_proj.gen/sources_1/bd/fastvit_bd/ip/fastvit_bd_ps7_0_0/fastvit_bd_ps7_0_0/fastvit_bd_ps7_0_0_in_context.xdc, line 116).
Applied set_property CLOCK_BUFFER_TYPE = NONE for DDR_0_dq[2]. (constraint file  e:/codes/microzed/fastvit_hls/vivado_impl/fastvit_conv_only_200mhz_proj/fastvit_conv_only_200mhz_proj.gen/sources_1/bd/fastvit_bd/ip/fastvit_bd_ps7_0_0/fastvit_bd_ps7_0_0/fastvit_bd_ps7_0_0_in_context.xdc, line 117).
Applied set_property IO_BUFFER_TYPE = NONE for DDR_0_dq[30]. (constraint file  e:/codes/microzed/fastvit_hls/vivado_impl/fastvit_conv_only_200mhz_proj/fastvit_conv_only_200mhz_proj.gen/sources_1/bd/fastvit_bd/ip/fastvit_bd_ps7_0_0/fastvit_bd_ps7_0_0/fastvit_bd_ps7_0_0_in_context.xdc, line 118).
Applied set_property CLOCK_BUFFER_TYPE = NONE for DDR_0_dq[30]. (constraint file  e:/codes/microzed/fastvit_hls/vivado_impl/fastvit_conv_only_200mhz_proj/fastvit_conv_only_200mhz_proj.gen/sources_1/bd/fastvit_bd/ip/fastvit_bd_ps7_0_0/fastvit_bd_ps7_0_0/fastvit_bd_ps7_0_0_in_context.xdc, line 119).
Applied set_property IO_BUFFER_TYPE = NONE for DDR_0_dq[31]. (constraint file  e:/codes/microzed/fastvit_hls/vivado_impl/fastvit_conv_only_200mhz_proj/fastvit_conv_only_200mhz_proj.gen/sources_1/bd/fastvit_bd/ip/fastvit_bd_ps7_0_0/fastvit_bd_ps7_0_0/fastvit_bd_ps7_0_0_in_context.xdc, line 120).
Applied set_property CLOCK_BUFFER_TYPE = NONE for DDR_0_dq[31]. (constraint file  e:/codes/microzed/fastvit_hls/vivado_impl/fastvit_conv_only_200mhz_proj/fastvit_conv_only_200mhz_proj.gen/sources_1/bd/fastvit_bd/ip/fastvit_bd_ps7_0_0/fastvit_bd_ps7_0_0/fastvit_bd_ps7_0_0_in_context.xdc, line 121).
Applied set_property IO_BUFFER_TYPE = NONE for DDR_0_dq[3]. (constraint file  e:/codes/microzed/fastvit_hls/vivado_impl/fastvit_conv_only_200mhz_proj/fastvit_conv_only_200mhz_proj.gen/sources_1/bd/fastvit_bd/ip/fastvit_bd_ps7_0_0/fastvit_bd_ps7_0_0/fastvit_bd_ps7_0_0_in_context.xdc, line 122).
Applied set_property CLOCK_BUFFER_TYPE = NONE for DDR_0_dq[3]. (constraint file  e:/codes/microzed/fastvit_hls/vivado_impl/fastvit_conv_only_200mhz_proj/fastvit_conv_only_200mhz_proj.gen/sources_1/bd/fastvit_bd/ip/fastvit_bd_ps7_0_0/fastvit_bd_ps7_0_0/fastvit_bd_ps7_0_0_in_context.xdc, line 123).
Applied set_property IO_BUFFER_TYPE = NONE for DDR_0_dq[4]. (constraint file  e:/codes/microzed/fastvit_hls/vivado_impl/fastvit_conv_only_200mhz_proj/fastvit_conv_only_200mhz_proj.gen/sources_1/bd/fastvit_bd/ip/fastvit_bd_ps7_0_0/fastvit_bd_ps7_0_0/fastvit_bd_ps7_0_0_in_context.xdc, line 124).
Applied set_property CLOCK_BUFFER_TYPE = NONE for DDR_0_dq[4]. (constraint file  e:/codes/microzed/fastvit_hls/vivado_impl/fastvit_conv_only_200mhz_proj/fastvit_conv_only_200mhz_proj.gen/sources_1/bd/fastvit_bd/ip/fastvit_bd_ps7_0_0/fastvit_bd_ps7_0_0/fastvit_bd_ps7_0_0_in_context.xdc, line 125).
Applied set_property IO_BUFFER_TYPE = NONE for DDR_0_dq[5]. (constraint file  e:/codes/microzed/fastvit_hls/vivado_impl/fastvit_conv_only_200mhz_proj/fastvit_conv_only_200mhz_proj.gen/sources_1/bd/fastvit_bd/ip/fastvit_bd_ps7_0_0/fastvit_bd_ps7_0_0/fastvit_bd_ps7_0_0_in_context.xdc, line 126).
Applied set_property CLOCK_BUFFER_TYPE = NONE for DDR_0_dq[5]. (constraint file  e:/codes/microzed/fastvit_hls/vivado_impl/fastvit_conv_only_200mhz_proj/fastvit_conv_only_200mhz_proj.gen/sources_1/bd/fastvit_bd/ip/fastvit_bd_ps7_0_0/fastvit_bd_ps7_0_0/fastvit_bd_ps7_0_0_in_context.xdc, line 127).
Applied set_property IO_BUFFER_TYPE = NONE for DDR_0_dq[6]. (constraint file  e:/codes/microzed/fastvit_hls/vivado_impl/fastvit_conv_only_200mhz_proj/fastvit_conv_only_200mhz_proj.gen/sources_1/bd/fastvit_bd/ip/fastvit_bd_ps7_0_0/fastvit_bd_ps7_0_0/fastvit_bd_ps7_0_0_in_context.xdc, line 128).
Applied set_property CLOCK_BUFFER_TYPE = NONE for DDR_0_dq[6]. (constraint file  e:/codes/microzed/fastvit_hls/vivado_impl/fastvit_conv_only_200mhz_proj/fastvit_conv_only_200mhz_proj.gen/sources_1/bd/fastvit_bd/ip/fastvit_bd_ps7_0_0/fastvit_bd_ps7_0_0/fastvit_bd_ps7_0_0_in_context.xdc, line 129).
Applied set_property IO_BUFFER_TYPE = NONE for DDR_0_dq[7]. (constraint file  e:/codes/microzed/fastvit_hls/vivado_impl/fastvit_conv_only_200mhz_proj/fastvit_conv_only_200mhz_proj.gen/sources_1/bd/fastvit_bd/ip/fastvit_bd_ps7_0_0/fastvit_bd_ps7_0_0/fastvit_bd_ps7_0_0_in_context.xdc, line 130).
Applied set_property CLOCK_BUFFER_TYPE = NONE for DDR_0_dq[7]. (constraint file  e:/codes/microzed/fastvit_hls/vivado_impl/fastvit_conv_only_200mhz_proj/fastvit_conv_only_200mhz_proj.gen/sources_1/bd/fastvit_bd/ip/fastvit_bd_ps7_0_0/fastvit_bd_ps7_0_0/fastvit_bd_ps7_0_0_in_context.xdc, line 131).
Applied set_property IO_BUFFER_TYPE = NONE for DDR_0_dq[8]. (constraint file  e:/codes/microzed/fastvit_hls/vivado_impl/fastvit_conv_only_200mhz_proj/fastvit_conv_only_200mhz_proj.gen/sources_1/bd/fastvit_bd/ip/fastvit_bd_ps7_0_0/fastvit_bd_ps7_0_0/fastvit_bd_ps7_0_0_in_context.xdc, line 132).
Applied set_property CLOCK_BUFFER_TYPE = NONE for DDR_0_dq[8]. (constraint file  e:/codes/microzed/fastvit_hls/vivado_impl/fastvit_conv_only_200mhz_proj/fastvit_conv_only_200mhz_proj.gen/sources_1/bd/fastvit_bd/ip/fastvit_bd_ps7_0_0/fastvit_bd_ps7_0_0/fastvit_bd_ps7_0_0_in_context.xdc, line 133).
Applied set_property IO_BUFFER_TYPE = NONE for DDR_0_dq[9]. (constraint file  e:/codes/microzed/fastvit_hls/vivado_impl/fastvit_conv_only_200mhz_proj/fastvit_conv_only_200mhz_proj.gen/sources_1/bd/fastvit_bd/ip/fastvit_bd_ps7_0_0/fastvit_bd_ps7_0_0/fastvit_bd_ps7_0_0_in_context.xdc, line 134).
Applied set_property CLOCK_BUFFER_TYPE = NONE for DDR_0_dq[9]. (constraint file  e:/codes/microzed/fastvit_hls/vivado_impl/fastvit_conv_only_200mhz_proj/fastvit_conv_only_200mhz_proj.gen/sources_1/bd/fastvit_bd/ip/fastvit_bd_ps7_0_0/fastvit_bd_ps7_0_0/fastvit_bd_ps7_0_0_in_context.xdc, line 135).
Applied set_property IO_BUFFER_TYPE = NONE for DDR_0_reset_n. (constraint file  e:/codes/microzed/fastvit_hls/vivado_impl/fastvit_conv_only_200mhz_proj/fastvit_conv_only_200mhz_proj.gen/sources_1/bd/fastvit_bd/ip/fastvit_bd_ps7_0_0/fastvit_bd_ps7_0_0/fastvit_bd_ps7_0_0_in_context.xdc, line 136).
Applied set_property CLOCK_BUFFER_TYPE = NONE for DDR_0_reset_n. (constraint file  e:/codes/microzed/fastvit_hls/vivado_impl/fastvit_conv_only_200mhz_proj/fastvit_conv_only_200mhz_proj.gen/sources_1/bd/fastvit_bd/ip/fastvit_bd_ps7_0_0/fastvit_bd_ps7_0_0/fastvit_bd_ps7_0_0_in_context.xdc, line 137).
Applied set_property IO_BUFFER_TYPE = NONE for DDR_0_odt. (constraint file  e:/codes/microzed/fastvit_hls/vivado_impl/fastvit_conv_only_200mhz_proj/fastvit_conv_only_200mhz_proj.gen/sources_1/bd/fastvit_bd/ip/fastvit_bd_ps7_0_0/fastvit_bd_ps7_0_0/fastvit_bd_ps7_0_0_in_context.xdc, line 138).
Applied set_property CLOCK_BUFFER_TYPE = NONE for DDR_0_odt. (constraint file  e:/codes/microzed/fastvit_hls/vivado_impl/fastvit_conv_only_200mhz_proj/fastvit_conv_only_200mhz_proj.gen/sources_1/bd/fastvit_bd/ip/fastvit_bd_ps7_0_0/fastvit_bd_ps7_0_0/fastvit_bd_ps7_0_0_in_context.xdc, line 139).
Applied set_property IO_BUFFER_TYPE = NONE for DDR_0_ras_n. (constraint file  e:/codes/microzed/fastvit_hls/vivado_impl/fastvit_conv_only_200mhz_proj/fastvit_conv_only_200mhz_proj.gen/sources_1/bd/fastvit_bd/ip/fastvit_bd_ps7_0_0/fastvit_bd_ps7_0_0/fastvit_bd_ps7_0_0_in_context.xdc, line 140).
Applied set_property CLOCK_BUFFER_TYPE = NONE for DDR_0_ras_n. (constraint file  e:/codes/microzed/fastvit_hls/vivado_impl/fastvit_conv_only_200mhz_proj/fastvit_conv_only_200mhz_proj.gen/sources_1/bd/fastvit_bd/ip/fastvit_bd_ps7_0_0/fastvit_bd_ps7_0_0/fastvit_bd_ps7_0_0_in_context.xdc, line 141).
Applied set_property IO_BUFFER_TYPE = NONE for FIXED_IO_0_ddr_vrn. (constraint file  e:/codes/microzed/fastvit_hls/vivado_impl/fastvit_conv_only_200mhz_proj/fastvit_conv_only_200mhz_proj.gen/sources_1/bd/fastvit_bd/ip/fastvit_bd_ps7_0_0/fastvit_bd_ps7_0_0/fastvit_bd_ps7_0_0_in_context.xdc, line 142).
Applied set_property CLOCK_BUFFER_TYPE = NONE for FIXED_IO_0_ddr_vrn. (constraint file  e:/codes/microzed/fastvit_hls/vivado_impl/fastvit_conv_only_200mhz_proj/fastvit_conv_only_200mhz_proj.gen/sources_1/bd/fastvit_bd/ip/fastvit_bd_ps7_0_0/fastvit_bd_ps7_0_0/fastvit_bd_ps7_0_0_in_context.xdc, line 143).
Applied set_property IO_BUFFER_TYPE = NONE for FIXED_IO_0_ddr_vrp. (constraint file  e:/codes/microzed/fastvit_hls/vivado_impl/fastvit_conv_only_200mhz_proj/fastvit_conv_only_200mhz_proj.gen/sources_1/bd/fastvit_bd/ip/fastvit_bd_ps7_0_0/fastvit_bd_ps7_0_0/fastvit_bd_ps7_0_0_in_context.xdc, line 144).
Applied set_property CLOCK_BUFFER_TYPE = NONE for FIXED_IO_0_ddr_vrp. (constraint file  e:/codes/microzed/fastvit_hls/vivado_impl/fastvit_conv_only_200mhz_proj/fastvit_conv_only_200mhz_proj.gen/sources_1/bd/fastvit_bd/ip/fastvit_bd_ps7_0_0/fastvit_bd_ps7_0_0/fastvit_bd_ps7_0_0_in_context.xdc, line 145).
Applied set_property IO_BUFFER_TYPE = NONE for DDR_0_we_n. (constraint file  e:/codes/microzed/fastvit_hls/vivado_impl/fastvit_conv_only_200mhz_proj/fastvit_conv_only_200mhz_proj.gen/sources_1/bd/fastvit_bd/ip/fastvit_bd_ps7_0_0/fastvit_bd_ps7_0_0/fastvit_bd_ps7_0_0_in_context.xdc, line 146).
Applied set_property CLOCK_BUFFER_TYPE = NONE for DDR_0_we_n. (constraint file  e:/codes/microzed/fastvit_hls/vivado_impl/fastvit_conv_only_200mhz_proj/fastvit_conv_only_200mhz_proj.gen/sources_1/bd/fastvit_bd/ip/fastvit_bd_ps7_0_0/fastvit_bd_ps7_0_0/fastvit_bd_ps7_0_0_in_context.xdc, line 147).
Applied set_property IO_BUFFER_TYPE = NONE for FIXED_IO_0_mio[0]. (constraint file  e:/codes/microzed/fastvit_hls/vivado_impl/fastvit_conv_only_200mhz_proj/fastvit_conv_only_200mhz_proj.gen/sources_1/bd/fastvit_bd/ip/fastvit_bd_ps7_0_0/fastvit_bd_ps7_0_0/fastvit_bd_ps7_0_0_in_context.xdc, line 148).
Applied set_property CLOCK_BUFFER_TYPE = NONE for FIXED_IO_0_mio[0]. (constraint file  e:/codes/microzed/fastvit_hls/vivado_impl/fastvit_conv_only_200mhz_proj/fastvit_conv_only_200mhz_proj.gen/sources_1/bd/fastvit_bd/ip/fastvit_bd_ps7_0_0/fastvit_bd_ps7_0_0/fastvit_bd_ps7_0_0_in_context.xdc, line 149).
Applied set_property IO_BUFFER_TYPE = NONE for FIXED_IO_0_mio[10]. (constraint file  e:/codes/microzed/fastvit_hls/vivado_impl/fastvit_conv_only_200mhz_proj/fastvit_conv_only_200mhz_proj.gen/sources_1/bd/fastvit_bd/ip/fastvit_bd_ps7_0_0/fastvit_bd_ps7_0_0/fastvit_bd_ps7_0_0_in_context.xdc, line 150).
Applied set_property CLOCK_BUFFER_TYPE = NONE for FIXED_IO_0_mio[10]. (constraint file  e:/codes/microzed/fastvit_hls/vivado_impl/fastvit_conv_only_200mhz_proj/fastvit_conv_only_200mhz_proj.gen/sources_1/bd/fastvit_bd/ip/fastvit_bd_ps7_0_0/fastvit_bd_ps7_0_0/fastvit_bd_ps7_0_0_in_context.xdc, line 151).
Applied set_property IO_BUFFER_TYPE = NONE for FIXED_IO_0_mio[11]. (constraint file  e:/codes/microzed/fastvit_hls/vivado_impl/fastvit_conv_only_200mhz_proj/fastvit_conv_only_200mhz_proj.gen/sources_1/bd/fastvit_bd/ip/fastvit_bd_ps7_0_0/fastvit_bd_ps7_0_0/fastvit_bd_ps7_0_0_in_context.xdc, line 152).
Applied set_property CLOCK_BUFFER_TYPE = NONE for FIXED_IO_0_mio[11]. (constraint file  e:/codes/microzed/fastvit_hls/vivado_impl/fastvit_conv_only_200mhz_proj/fastvit_conv_only_200mhz_proj.gen/sources_1/bd/fastvit_bd/ip/fastvit_bd_ps7_0_0/fastvit_bd_ps7_0_0/fastvit_bd_ps7_0_0_in_context.xdc, line 153).
Applied set_property IO_BUFFER_TYPE = NONE for FIXED_IO_0_mio[12]. (constraint file  e:/codes/microzed/fastvit_hls/vivado_impl/fastvit_conv_only_200mhz_proj/fastvit_conv_only_200mhz_proj.gen/sources_1/bd/fastvit_bd/ip/fastvit_bd_ps7_0_0/fastvit_bd_ps7_0_0/fastvit_bd_ps7_0_0_in_context.xdc, line 154).
Applied set_property CLOCK_BUFFER_TYPE = NONE for FIXED_IO_0_mio[12]. (constraint file  e:/codes/microzed/fastvit_hls/vivado_impl/fastvit_conv_only_200mhz_proj/fastvit_conv_only_200mhz_proj.gen/sources_1/bd/fastvit_bd/ip/fastvit_bd_ps7_0_0/fastvit_bd_ps7_0_0/fastvit_bd_ps7_0_0_in_context.xdc, line 155).
Applied set_property IO_BUFFER_TYPE = NONE for FIXED_IO_0_mio[13]. (constraint file  e:/codes/microzed/fastvit_hls/vivado_impl/fastvit_conv_only_200mhz_proj/fastvit_conv_only_200mhz_proj.gen/sources_1/bd/fastvit_bd/ip/fastvit_bd_ps7_0_0/fastvit_bd_ps7_0_0/fastvit_bd_ps7_0_0_in_context.xdc, line 156).
Applied set_property CLOCK_BUFFER_TYPE = NONE for FIXED_IO_0_mio[13]. (constraint file  e:/codes/microzed/fastvit_hls/vivado_impl/fastvit_conv_only_200mhz_proj/fastvit_conv_only_200mhz_proj.gen/sources_1/bd/fastvit_bd/ip/fastvit_bd_ps7_0_0/fastvit_bd_ps7_0_0/fastvit_bd_ps7_0_0_in_context.xdc, line 157).
Applied set_property IO_BUFFER_TYPE = NONE for FIXED_IO_0_mio[14]. (constraint file  e:/codes/microzed/fastvit_hls/vivado_impl/fastvit_conv_only_200mhz_proj/fastvit_conv_only_200mhz_proj.gen/sources_1/bd/fastvit_bd/ip/fastvit_bd_ps7_0_0/fastvit_bd_ps7_0_0/fastvit_bd_ps7_0_0_in_context.xdc, line 158).
Applied set_property CLOCK_BUFFER_TYPE = NONE for FIXED_IO_0_mio[14]. (constraint file  e:/codes/microzed/fastvit_hls/vivado_impl/fastvit_conv_only_200mhz_proj/fastvit_conv_only_200mhz_proj.gen/sources_1/bd/fastvit_bd/ip/fastvit_bd_ps7_0_0/fastvit_bd_ps7_0_0/fastvit_bd_ps7_0_0_in_context.xdc, line 159).
Applied set_property IO_BUFFER_TYPE = NONE for FIXED_IO_0_mio[15]. (constraint file  e:/codes/microzed/fastvit_hls/vivado_impl/fastvit_conv_only_200mhz_proj/fastvit_conv_only_200mhz_proj.gen/sources_1/bd/fastvit_bd/ip/fastvit_bd_ps7_0_0/fastvit_bd_ps7_0_0/fastvit_bd_ps7_0_0_in_context.xdc, line 160).
Applied set_property CLOCK_BUFFER_TYPE = NONE for FIXED_IO_0_mio[15]. (constraint file  e:/codes/microzed/fastvit_hls/vivado_impl/fastvit_conv_only_200mhz_proj/fastvit_conv_only_200mhz_proj.gen/sources_1/bd/fastvit_bd/ip/fastvit_bd_ps7_0_0/fastvit_bd_ps7_0_0/fastvit_bd_ps7_0_0_in_context.xdc, line 161).
Applied set_property IO_BUFFER_TYPE = NONE for FIXED_IO_0_mio[16]. (constraint file  e:/codes/microzed/fastvit_hls/vivado_impl/fastvit_conv_only_200mhz_proj/fastvit_conv_only_200mhz_proj.gen/sources_1/bd/fastvit_bd/ip/fastvit_bd_ps7_0_0/fastvit_bd_ps7_0_0/fastvit_bd_ps7_0_0_in_context.xdc, line 162).
Applied set_property CLOCK_BUFFER_TYPE = NONE for FIXED_IO_0_mio[16]. (constraint file  e:/codes/microzed/fastvit_hls/vivado_impl/fastvit_conv_only_200mhz_proj/fastvit_conv_only_200mhz_proj.gen/sources_1/bd/fastvit_bd/ip/fastvit_bd_ps7_0_0/fastvit_bd_ps7_0_0/fastvit_bd_ps7_0_0_in_context.xdc, line 163).
Applied set_property IO_BUFFER_TYPE = NONE for FIXED_IO_0_mio[17]. (constraint file  e:/codes/microzed/fastvit_hls/vivado_impl/fastvit_conv_only_200mhz_proj/fastvit_conv_only_200mhz_proj.gen/sources_1/bd/fastvit_bd/ip/fastvit_bd_ps7_0_0/fastvit_bd_ps7_0_0/fastvit_bd_ps7_0_0_in_context.xdc, line 164).
Applied set_property CLOCK_BUFFER_TYPE = NONE for FIXED_IO_0_mio[17]. (constraint file  e:/codes/microzed/fastvit_hls/vivado_impl/fastvit_conv_only_200mhz_proj/fastvit_conv_only_200mhz_proj.gen/sources_1/bd/fastvit_bd/ip/fastvit_bd_ps7_0_0/fastvit_bd_ps7_0_0/fastvit_bd_ps7_0_0_in_context.xdc, line 165).
Applied set_property IO_BUFFER_TYPE = NONE for FIXED_IO_0_mio[18]. (constraint file  e:/codes/microzed/fastvit_hls/vivado_impl/fastvit_conv_only_200mhz_proj/fastvit_conv_only_200mhz_proj.gen/sources_1/bd/fastvit_bd/ip/fastvit_bd_ps7_0_0/fastvit_bd_ps7_0_0/fastvit_bd_ps7_0_0_in_context.xdc, line 166).
Applied set_property CLOCK_BUFFER_TYPE = NONE for FIXED_IO_0_mio[18]. (constraint file  e:/codes/microzed/fastvit_hls/vivado_impl/fastvit_conv_only_200mhz_proj/fastvit_conv_only_200mhz_proj.gen/sources_1/bd/fastvit_bd/ip/fastvit_bd_ps7_0_0/fastvit_bd_ps7_0_0/fastvit_bd_ps7_0_0_in_context.xdc, line 167).
Applied set_property IO_BUFFER_TYPE = NONE for FIXED_IO_0_mio[19]. (constraint file  e:/codes/microzed/fastvit_hls/vivado_impl/fastvit_conv_only_200mhz_proj/fastvit_conv_only_200mhz_proj.gen/sources_1/bd/fastvit_bd/ip/fastvit_bd_ps7_0_0/fastvit_bd_ps7_0_0/fastvit_bd_ps7_0_0_in_context.xdc, line 168).
Applied set_property CLOCK_BUFFER_TYPE = NONE for FIXED_IO_0_mio[19]. (constraint file  e:/codes/microzed/fastvit_hls/vivado_impl/fastvit_conv_only_200mhz_proj/fastvit_conv_only_200mhz_proj.gen/sources_1/bd/fastvit_bd/ip/fastvit_bd_ps7_0_0/fastvit_bd_ps7_0_0/fastvit_bd_ps7_0_0_in_context.xdc, line 169).
Applied set_property IO_BUFFER_TYPE = NONE for FIXED_IO_0_mio[1]. (constraint file  e:/codes/microzed/fastvit_hls/vivado_impl/fastvit_conv_only_200mhz_proj/fastvit_conv_only_200mhz_proj.gen/sources_1/bd/fastvit_bd/ip/fastvit_bd_ps7_0_0/fastvit_bd_ps7_0_0/fastvit_bd_ps7_0_0_in_context.xdc, line 170).
Applied set_property CLOCK_BUFFER_TYPE = NONE for FIXED_IO_0_mio[1]. (constraint file  e:/codes/microzed/fastvit_hls/vivado_impl/fastvit_conv_only_200mhz_proj/fastvit_conv_only_200mhz_proj.gen/sources_1/bd/fastvit_bd/ip/fastvit_bd_ps7_0_0/fastvit_bd_ps7_0_0/fastvit_bd_ps7_0_0_in_context.xdc, line 171).
Applied set_property IO_BUFFER_TYPE = NONE for FIXED_IO_0_mio[20]. (constraint file  e:/codes/microzed/fastvit_hls/vivado_impl/fastvit_conv_only_200mhz_proj/fastvit_conv_only_200mhz_proj.gen/sources_1/bd/fastvit_bd/ip/fastvit_bd_ps7_0_0/fastvit_bd_ps7_0_0/fastvit_bd_ps7_0_0_in_context.xdc, line 172).
Applied set_property CLOCK_BUFFER_TYPE = NONE for FIXED_IO_0_mio[20]. (constraint file  e:/codes/microzed/fastvit_hls/vivado_impl/fastvit_conv_only_200mhz_proj/fastvit_conv_only_200mhz_proj.gen/sources_1/bd/fastvit_bd/ip/fastvit_bd_ps7_0_0/fastvit_bd_ps7_0_0/fastvit_bd_ps7_0_0_in_context.xdc, line 173).
Applied set_property IO_BUFFER_TYPE = NONE for FIXED_IO_0_mio[21]. (constraint file  e:/codes/microzed/fastvit_hls/vivado_impl/fastvit_conv_only_200mhz_proj/fastvit_conv_only_200mhz_proj.gen/sources_1/bd/fastvit_bd/ip/fastvit_bd_ps7_0_0/fastvit_bd_ps7_0_0/fastvit_bd_ps7_0_0_in_context.xdc, line 174).
Applied set_property CLOCK_BUFFER_TYPE = NONE for FIXED_IO_0_mio[21]. (constraint file  e:/codes/microzed/fastvit_hls/vivado_impl/fastvit_conv_only_200mhz_proj/fastvit_conv_only_200mhz_proj.gen/sources_1/bd/fastvit_bd/ip/fastvit_bd_ps7_0_0/fastvit_bd_ps7_0_0/fastvit_bd_ps7_0_0_in_context.xdc, line 175).
Applied set_property IO_BUFFER_TYPE = NONE for FIXED_IO_0_mio[22]. (constraint file  e:/codes/microzed/fastvit_hls/vivado_impl/fastvit_conv_only_200mhz_proj/fastvit_conv_only_200mhz_proj.gen/sources_1/bd/fastvit_bd/ip/fastvit_bd_ps7_0_0/fastvit_bd_ps7_0_0/fastvit_bd_ps7_0_0_in_context.xdc, line 176).
Applied set_property CLOCK_BUFFER_TYPE = NONE for FIXED_IO_0_mio[22]. (constraint file  e:/codes/microzed/fastvit_hls/vivado_impl/fastvit_conv_only_200mhz_proj/fastvit_conv_only_200mhz_proj.gen/sources_1/bd/fastvit_bd/ip/fastvit_bd_ps7_0_0/fastvit_bd_ps7_0_0/fastvit_bd_ps7_0_0_in_context.xdc, line 177).
Applied set_property IO_BUFFER_TYPE = NONE for FIXED_IO_0_mio[23]. (constraint file  e:/codes/microzed/fastvit_hls/vivado_impl/fastvit_conv_only_200mhz_proj/fastvit_conv_only_200mhz_proj.gen/sources_1/bd/fastvit_bd/ip/fastvit_bd_ps7_0_0/fastvit_bd_ps7_0_0/fastvit_bd_ps7_0_0_in_context.xdc, line 178).
Applied set_property CLOCK_BUFFER_TYPE = NONE for FIXED_IO_0_mio[23]. (constraint file  e:/codes/microzed/fastvit_hls/vivado_impl/fastvit_conv_only_200mhz_proj/fastvit_conv_only_200mhz_proj.gen/sources_1/bd/fastvit_bd/ip/fastvit_bd_ps7_0_0/fastvit_bd_ps7_0_0/fastvit_bd_ps7_0_0_in_context.xdc, line 179).
Applied set_property IO_BUFFER_TYPE = NONE for FIXED_IO_0_mio[24]. (constraint file  e:/codes/microzed/fastvit_hls/vivado_impl/fastvit_conv_only_200mhz_proj/fastvit_conv_only_200mhz_proj.gen/sources_1/bd/fastvit_bd/ip/fastvit_bd_ps7_0_0/fastvit_bd_ps7_0_0/fastvit_bd_ps7_0_0_in_context.xdc, line 180).
Applied set_property CLOCK_BUFFER_TYPE = NONE for FIXED_IO_0_mio[24]. (constraint file  e:/codes/microzed/fastvit_hls/vivado_impl/fastvit_conv_only_200mhz_proj/fastvit_conv_only_200mhz_proj.gen/sources_1/bd/fastvit_bd/ip/fastvit_bd_ps7_0_0/fastvit_bd_ps7_0_0/fastvit_bd_ps7_0_0_in_context.xdc, line 181).
Applied set_property IO_BUFFER_TYPE = NONE for FIXED_IO_0_mio[25]. (constraint file  e:/codes/microzed/fastvit_hls/vivado_impl/fastvit_conv_only_200mhz_proj/fastvit_conv_only_200mhz_proj.gen/sources_1/bd/fastvit_bd/ip/fastvit_bd_ps7_0_0/fastvit_bd_ps7_0_0/fastvit_bd_ps7_0_0_in_context.xdc, line 182).
Applied set_property CLOCK_BUFFER_TYPE = NONE for FIXED_IO_0_mio[25]. (constraint file  e:/codes/microzed/fastvit_hls/vivado_impl/fastvit_conv_only_200mhz_proj/fastvit_conv_only_200mhz_proj.gen/sources_1/bd/fastvit_bd/ip/fastvit_bd_ps7_0_0/fastvit_bd_ps7_0_0/fastvit_bd_ps7_0_0_in_context.xdc, line 183).
Applied set_property IO_BUFFER_TYPE = NONE for FIXED_IO_0_mio[26]. (constraint file  e:/codes/microzed/fastvit_hls/vivado_impl/fastvit_conv_only_200mhz_proj/fastvit_conv_only_200mhz_proj.gen/sources_1/bd/fastvit_bd/ip/fastvit_bd_ps7_0_0/fastvit_bd_ps7_0_0/fastvit_bd_ps7_0_0_in_context.xdc, line 184).
Applied set_property CLOCK_BUFFER_TYPE = NONE for FIXED_IO_0_mio[26]. (constraint file  e:/codes/microzed/fastvit_hls/vivado_impl/fastvit_conv_only_200mhz_proj/fastvit_conv_only_200mhz_proj.gen/sources_1/bd/fastvit_bd/ip/fastvit_bd_ps7_0_0/fastvit_bd_ps7_0_0/fastvit_bd_ps7_0_0_in_context.xdc, line 185).
Applied set_property IO_BUFFER_TYPE = NONE for FIXED_IO_0_mio[27]. (constraint file  e:/codes/microzed/fastvit_hls/vivado_impl/fastvit_conv_only_200mhz_proj/fastvit_conv_only_200mhz_proj.gen/sources_1/bd/fastvit_bd/ip/fastvit_bd_ps7_0_0/fastvit_bd_ps7_0_0/fastvit_bd_ps7_0_0_in_context.xdc, line 186).
Applied set_property CLOCK_BUFFER_TYPE = NONE for FIXED_IO_0_mio[27]. (constraint file  e:/codes/microzed/fastvit_hls/vivado_impl/fastvit_conv_only_200mhz_proj/fastvit_conv_only_200mhz_proj.gen/sources_1/bd/fastvit_bd/ip/fastvit_bd_ps7_0_0/fastvit_bd_ps7_0_0/fastvit_bd_ps7_0_0_in_context.xdc, line 187).
Applied set_property IO_BUFFER_TYPE = NONE for FIXED_IO_0_mio[28]. (constraint file  e:/codes/microzed/fastvit_hls/vivado_impl/fastvit_conv_only_200mhz_proj/fastvit_conv_only_200mhz_proj.gen/sources_1/bd/fastvit_bd/ip/fastvit_bd_ps7_0_0/fastvit_bd_ps7_0_0/fastvit_bd_ps7_0_0_in_context.xdc, line 188).
Applied set_property CLOCK_BUFFER_TYPE = NONE for FIXED_IO_0_mio[28]. (constraint file  e:/codes/microzed/fastvit_hls/vivado_impl/fastvit_conv_only_200mhz_proj/fastvit_conv_only_200mhz_proj.gen/sources_1/bd/fastvit_bd/ip/fastvit_bd_ps7_0_0/fastvit_bd_ps7_0_0/fastvit_bd_ps7_0_0_in_context.xdc, line 189).
Applied set_property IO_BUFFER_TYPE = NONE for FIXED_IO_0_mio[29]. (constraint file  e:/codes/microzed/fastvit_hls/vivado_impl/fastvit_conv_only_200mhz_proj/fastvit_conv_only_200mhz_proj.gen/sources_1/bd/fastvit_bd/ip/fastvit_bd_ps7_0_0/fastvit_bd_ps7_0_0/fastvit_bd_ps7_0_0_in_context.xdc, line 190).
Applied set_property CLOCK_BUFFER_TYPE = NONE for FIXED_IO_0_mio[29]. (constraint file  e:/codes/microzed/fastvit_hls/vivado_impl/fastvit_conv_only_200mhz_proj/fastvit_conv_only_200mhz_proj.gen/sources_1/bd/fastvit_bd/ip/fastvit_bd_ps7_0_0/fastvit_bd_ps7_0_0/fastvit_bd_ps7_0_0_in_context.xdc, line 191).
Applied set_property IO_BUFFER_TYPE = NONE for FIXED_IO_0_mio[2]. (constraint file  e:/codes/microzed/fastvit_hls/vivado_impl/fastvit_conv_only_200mhz_proj/fastvit_conv_only_200mhz_proj.gen/sources_1/bd/fastvit_bd/ip/fastvit_bd_ps7_0_0/fastvit_bd_ps7_0_0/fastvit_bd_ps7_0_0_in_context.xdc, line 192).
Applied set_property CLOCK_BUFFER_TYPE = NONE for FIXED_IO_0_mio[2]. (constraint file  e:/codes/microzed/fastvit_hls/vivado_impl/fastvit_conv_only_200mhz_proj/fastvit_conv_only_200mhz_proj.gen/sources_1/bd/fastvit_bd/ip/fastvit_bd_ps7_0_0/fastvit_bd_ps7_0_0/fastvit_bd_ps7_0_0_in_context.xdc, line 193).
Applied set_property IO_BUFFER_TYPE = NONE for FIXED_IO_0_mio[30]. (constraint file  e:/codes/microzed/fastvit_hls/vivado_impl/fastvit_conv_only_200mhz_proj/fastvit_conv_only_200mhz_proj.gen/sources_1/bd/fastvit_bd/ip/fastvit_bd_ps7_0_0/fastvit_bd_ps7_0_0/fastvit_bd_ps7_0_0_in_context.xdc, line 194).
Applied set_property CLOCK_BUFFER_TYPE = NONE for FIXED_IO_0_mio[30]. (constraint file  e:/codes/microzed/fastvit_hls/vivado_impl/fastvit_conv_only_200mhz_proj/fastvit_conv_only_200mhz_proj.gen/sources_1/bd/fastvit_bd/ip/fastvit_bd_ps7_0_0/fastvit_bd_ps7_0_0/fastvit_bd_ps7_0_0_in_context.xdc, line 195).
Applied set_property IO_BUFFER_TYPE = NONE for FIXED_IO_0_mio[31]. (constraint file  e:/codes/microzed/fastvit_hls/vivado_impl/fastvit_conv_only_200mhz_proj/fastvit_conv_only_200mhz_proj.gen/sources_1/bd/fastvit_bd/ip/fastvit_bd_ps7_0_0/fastvit_bd_ps7_0_0/fastvit_bd_ps7_0_0_in_context.xdc, line 196).
Applied set_property CLOCK_BUFFER_TYPE = NONE for FIXED_IO_0_mio[31]. (constraint file  e:/codes/microzed/fastvit_hls/vivado_impl/fastvit_conv_only_200mhz_proj/fastvit_conv_only_200mhz_proj.gen/sources_1/bd/fastvit_bd/ip/fastvit_bd_ps7_0_0/fastvit_bd_ps7_0_0/fastvit_bd_ps7_0_0_in_context.xdc, line 197).
Applied set_property IO_BUFFER_TYPE = NONE for FIXED_IO_0_mio[32]. (constraint file  e:/codes/microzed/fastvit_hls/vivado_impl/fastvit_conv_only_200mhz_proj/fastvit_conv_only_200mhz_proj.gen/sources_1/bd/fastvit_bd/ip/fastvit_bd_ps7_0_0/fastvit_bd_ps7_0_0/fastvit_bd_ps7_0_0_in_context.xdc, line 198).
Applied set_property CLOCK_BUFFER_TYPE = NONE for FIXED_IO_0_mio[32]. (constraint file  e:/codes/microzed/fastvit_hls/vivado_impl/fastvit_conv_only_200mhz_proj/fastvit_conv_only_200mhz_proj.gen/sources_1/bd/fastvit_bd/ip/fastvit_bd_ps7_0_0/fastvit_bd_ps7_0_0/fastvit_bd_ps7_0_0_in_context.xdc, line 199).
Applied set_property IO_BUFFER_TYPE = NONE for FIXED_IO_0_mio[33]. (constraint file  e:/codes/microzed/fastvit_hls/vivado_impl/fastvit_conv_only_200mhz_proj/fastvit_conv_only_200mhz_proj.gen/sources_1/bd/fastvit_bd/ip/fastvit_bd_ps7_0_0/fastvit_bd_ps7_0_0/fastvit_bd_ps7_0_0_in_context.xdc, line 200).
Applied set_property CLOCK_BUFFER_TYPE = NONE for FIXED_IO_0_mio[33]. (constraint file  e:/codes/microzed/fastvit_hls/vivado_impl/fastvit_conv_only_200mhz_proj/fastvit_conv_only_200mhz_proj.gen/sources_1/bd/fastvit_bd/ip/fastvit_bd_ps7_0_0/fastvit_bd_ps7_0_0/fastvit_bd_ps7_0_0_in_context.xdc, line 201).
Applied set_property IO_BUFFER_TYPE = NONE for FIXED_IO_0_mio[34]. (constraint file  e:/codes/microzed/fastvit_hls/vivado_impl/fastvit_conv_only_200mhz_proj/fastvit_conv_only_200mhz_proj.gen/sources_1/bd/fastvit_bd/ip/fastvit_bd_ps7_0_0/fastvit_bd_ps7_0_0/fastvit_bd_ps7_0_0_in_context.xdc, line 202).
Applied set_property CLOCK_BUFFER_TYPE = NONE for FIXED_IO_0_mio[34]. (constraint file  e:/codes/microzed/fastvit_hls/vivado_impl/fastvit_conv_only_200mhz_proj/fastvit_conv_only_200mhz_proj.gen/sources_1/bd/fastvit_bd/ip/fastvit_bd_ps7_0_0/fastvit_bd_ps7_0_0/fastvit_bd_ps7_0_0_in_context.xdc, line 203).
Applied set_property IO_BUFFER_TYPE = NONE for FIXED_IO_0_mio[35]. (constraint file  e:/codes/microzed/fastvit_hls/vivado_impl/fastvit_conv_only_200mhz_proj/fastvit_conv_only_200mhz_proj.gen/sources_1/bd/fastvit_bd/ip/fastvit_bd_ps7_0_0/fastvit_bd_ps7_0_0/fastvit_bd_ps7_0_0_in_context.xdc, line 204).
Applied set_property CLOCK_BUFFER_TYPE = NONE for FIXED_IO_0_mio[35]. (constraint file  e:/codes/microzed/fastvit_hls/vivado_impl/fastvit_conv_only_200mhz_proj/fastvit_conv_only_200mhz_proj.gen/sources_1/bd/fastvit_bd/ip/fastvit_bd_ps7_0_0/fastvit_bd_ps7_0_0/fastvit_bd_ps7_0_0_in_context.xdc, line 205).
Applied set_property IO_BUFFER_TYPE = NONE for FIXED_IO_0_mio[36]. (constraint file  e:/codes/microzed/fastvit_hls/vivado_impl/fastvit_conv_only_200mhz_proj/fastvit_conv_only_200mhz_proj.gen/sources_1/bd/fastvit_bd/ip/fastvit_bd_ps7_0_0/fastvit_bd_ps7_0_0/fastvit_bd_ps7_0_0_in_context.xdc, line 206).
Applied set_property CLOCK_BUFFER_TYPE = NONE for FIXED_IO_0_mio[36]. (constraint file  e:/codes/microzed/fastvit_hls/vivado_impl/fastvit_conv_only_200mhz_proj/fastvit_conv_only_200mhz_proj.gen/sources_1/bd/fastvit_bd/ip/fastvit_bd_ps7_0_0/fastvit_bd_ps7_0_0/fastvit_bd_ps7_0_0_in_context.xdc, line 207).
Applied set_property IO_BUFFER_TYPE = NONE for FIXED_IO_0_mio[37]. (constraint file  e:/codes/microzed/fastvit_hls/vivado_impl/fastvit_conv_only_200mhz_proj/fastvit_conv_only_200mhz_proj.gen/sources_1/bd/fastvit_bd/ip/fastvit_bd_ps7_0_0/fastvit_bd_ps7_0_0/fastvit_bd_ps7_0_0_in_context.xdc, line 208).
Applied set_property CLOCK_BUFFER_TYPE = NONE for FIXED_IO_0_mio[37]. (constraint file  e:/codes/microzed/fastvit_hls/vivado_impl/fastvit_conv_only_200mhz_proj/fastvit_conv_only_200mhz_proj.gen/sources_1/bd/fastvit_bd/ip/fastvit_bd_ps7_0_0/fastvit_bd_ps7_0_0/fastvit_bd_ps7_0_0_in_context.xdc, line 209).
Applied set_property IO_BUFFER_TYPE = NONE for FIXED_IO_0_mio[38]. (constraint file  e:/codes/microzed/fastvit_hls/vivado_impl/fastvit_conv_only_200mhz_proj/fastvit_conv_only_200mhz_proj.gen/sources_1/bd/fastvit_bd/ip/fastvit_bd_ps7_0_0/fastvit_bd_ps7_0_0/fastvit_bd_ps7_0_0_in_context.xdc, line 210).
Applied set_property CLOCK_BUFFER_TYPE = NONE for FIXED_IO_0_mio[38]. (constraint file  e:/codes/microzed/fastvit_hls/vivado_impl/fastvit_conv_only_200mhz_proj/fastvit_conv_only_200mhz_proj.gen/sources_1/bd/fastvit_bd/ip/fastvit_bd_ps7_0_0/fastvit_bd_ps7_0_0/fastvit_bd_ps7_0_0_in_context.xdc, line 211).
Applied set_property IO_BUFFER_TYPE = NONE for FIXED_IO_0_mio[39]. (constraint file  e:/codes/microzed/fastvit_hls/vivado_impl/fastvit_conv_only_200mhz_proj/fastvit_conv_only_200mhz_proj.gen/sources_1/bd/fastvit_bd/ip/fastvit_bd_ps7_0_0/fastvit_bd_ps7_0_0/fastvit_bd_ps7_0_0_in_context.xdc, line 212).
Applied set_property CLOCK_BUFFER_TYPE = NONE for FIXED_IO_0_mio[39]. (constraint file  e:/codes/microzed/fastvit_hls/vivado_impl/fastvit_conv_only_200mhz_proj/fastvit_conv_only_200mhz_proj.gen/sources_1/bd/fastvit_bd/ip/fastvit_bd_ps7_0_0/fastvit_bd_ps7_0_0/fastvit_bd_ps7_0_0_in_context.xdc, line 213).
Applied set_property IO_BUFFER_TYPE = NONE for FIXED_IO_0_mio[3]. (constraint file  e:/codes/microzed/fastvit_hls/vivado_impl/fastvit_conv_only_200mhz_proj/fastvit_conv_only_200mhz_proj.gen/sources_1/bd/fastvit_bd/ip/fastvit_bd_ps7_0_0/fastvit_bd_ps7_0_0/fastvit_bd_ps7_0_0_in_context.xdc, line 214).
Applied set_property CLOCK_BUFFER_TYPE = NONE for FIXED_IO_0_mio[3]. (constraint file  e:/codes/microzed/fastvit_hls/vivado_impl/fastvit_conv_only_200mhz_proj/fastvit_conv_only_200mhz_proj.gen/sources_1/bd/fastvit_bd/ip/fastvit_bd_ps7_0_0/fastvit_bd_ps7_0_0/fastvit_bd_ps7_0_0_in_context.xdc, line 215).
Applied set_property IO_BUFFER_TYPE = NONE for FIXED_IO_0_mio[40]. (constraint file  e:/codes/microzed/fastvit_hls/vivado_impl/fastvit_conv_only_200mhz_proj/fastvit_conv_only_200mhz_proj.gen/sources_1/bd/fastvit_bd/ip/fastvit_bd_ps7_0_0/fastvit_bd_ps7_0_0/fastvit_bd_ps7_0_0_in_context.xdc, line 216).
Applied set_property CLOCK_BUFFER_TYPE = NONE for FIXED_IO_0_mio[40]. (constraint file  e:/codes/microzed/fastvit_hls/vivado_impl/fastvit_conv_only_200mhz_proj/fastvit_conv_only_200mhz_proj.gen/sources_1/bd/fastvit_bd/ip/fastvit_bd_ps7_0_0/fastvit_bd_ps7_0_0/fastvit_bd_ps7_0_0_in_context.xdc, line 217).
Applied set_property IO_BUFFER_TYPE = NONE for FIXED_IO_0_mio[41]. (constraint file  e:/codes/microzed/fastvit_hls/vivado_impl/fastvit_conv_only_200mhz_proj/fastvit_conv_only_200mhz_proj.gen/sources_1/bd/fastvit_bd/ip/fastvit_bd_ps7_0_0/fastvit_bd_ps7_0_0/fastvit_bd_ps7_0_0_in_context.xdc, line 218).
Applied set_property CLOCK_BUFFER_TYPE = NONE for FIXED_IO_0_mio[41]. (constraint file  e:/codes/microzed/fastvit_hls/vivado_impl/fastvit_conv_only_200mhz_proj/fastvit_conv_only_200mhz_proj.gen/sources_1/bd/fastvit_bd/ip/fastvit_bd_ps7_0_0/fastvit_bd_ps7_0_0/fastvit_bd_ps7_0_0_in_context.xdc, line 219).
Applied set_property IO_BUFFER_TYPE = NONE for FIXED_IO_0_mio[42]. (constraint file  e:/codes/microzed/fastvit_hls/vivado_impl/fastvit_conv_only_200mhz_proj/fastvit_conv_only_200mhz_proj.gen/sources_1/bd/fastvit_bd/ip/fastvit_bd_ps7_0_0/fastvit_bd_ps7_0_0/fastvit_bd_ps7_0_0_in_context.xdc, line 220).
Applied set_property CLOCK_BUFFER_TYPE = NONE for FIXED_IO_0_mio[42]. (constraint file  e:/codes/microzed/fastvit_hls/vivado_impl/fastvit_conv_only_200mhz_proj/fastvit_conv_only_200mhz_proj.gen/sources_1/bd/fastvit_bd/ip/fastvit_bd_ps7_0_0/fastvit_bd_ps7_0_0/fastvit_bd_ps7_0_0_in_context.xdc, line 221).
Applied set_property IO_BUFFER_TYPE = NONE for FIXED_IO_0_mio[43]. (constraint file  e:/codes/microzed/fastvit_hls/vivado_impl/fastvit_conv_only_200mhz_proj/fastvit_conv_only_200mhz_proj.gen/sources_1/bd/fastvit_bd/ip/fastvit_bd_ps7_0_0/fastvit_bd_ps7_0_0/fastvit_bd_ps7_0_0_in_context.xdc, line 222).
Applied set_property CLOCK_BUFFER_TYPE = NONE for FIXED_IO_0_mio[43]. (constraint file  e:/codes/microzed/fastvit_hls/vivado_impl/fastvit_conv_only_200mhz_proj/fastvit_conv_only_200mhz_proj.gen/sources_1/bd/fastvit_bd/ip/fastvit_bd_ps7_0_0/fastvit_bd_ps7_0_0/fastvit_bd_ps7_0_0_in_context.xdc, line 223).
Applied set_property IO_BUFFER_TYPE = NONE for FIXED_IO_0_mio[44]. (constraint file  e:/codes/microzed/fastvit_hls/vivado_impl/fastvit_conv_only_200mhz_proj/fastvit_conv_only_200mhz_proj.gen/sources_1/bd/fastvit_bd/ip/fastvit_bd_ps7_0_0/fastvit_bd_ps7_0_0/fastvit_bd_ps7_0_0_in_context.xdc, line 224).
Applied set_property CLOCK_BUFFER_TYPE = NONE for FIXED_IO_0_mio[44]. (constraint file  e:/codes/microzed/fastvit_hls/vivado_impl/fastvit_conv_only_200mhz_proj/fastvit_conv_only_200mhz_proj.gen/sources_1/bd/fastvit_bd/ip/fastvit_bd_ps7_0_0/fastvit_bd_ps7_0_0/fastvit_bd_ps7_0_0_in_context.xdc, line 225).
Applied set_property IO_BUFFER_TYPE = NONE for FIXED_IO_0_mio[45]. (constraint file  e:/codes/microzed/fastvit_hls/vivado_impl/fastvit_conv_only_200mhz_proj/fastvit_conv_only_200mhz_proj.gen/sources_1/bd/fastvit_bd/ip/fastvit_bd_ps7_0_0/fastvit_bd_ps7_0_0/fastvit_bd_ps7_0_0_in_context.xdc, line 226).
Applied set_property CLOCK_BUFFER_TYPE = NONE for FIXED_IO_0_mio[45]. (constraint file  e:/codes/microzed/fastvit_hls/vivado_impl/fastvit_conv_only_200mhz_proj/fastvit_conv_only_200mhz_proj.gen/sources_1/bd/fastvit_bd/ip/fastvit_bd_ps7_0_0/fastvit_bd_ps7_0_0/fastvit_bd_ps7_0_0_in_context.xdc, line 227).
Applied set_property IO_BUFFER_TYPE = NONE for FIXED_IO_0_mio[46]. (constraint file  e:/codes/microzed/fastvit_hls/vivado_impl/fastvit_conv_only_200mhz_proj/fastvit_conv_only_200mhz_proj.gen/sources_1/bd/fastvit_bd/ip/fastvit_bd_ps7_0_0/fastvit_bd_ps7_0_0/fastvit_bd_ps7_0_0_in_context.xdc, line 228).
Applied set_property CLOCK_BUFFER_TYPE = NONE for FIXED_IO_0_mio[46]. (constraint file  e:/codes/microzed/fastvit_hls/vivado_impl/fastvit_conv_only_200mhz_proj/fastvit_conv_only_200mhz_proj.gen/sources_1/bd/fastvit_bd/ip/fastvit_bd_ps7_0_0/fastvit_bd_ps7_0_0/fastvit_bd_ps7_0_0_in_context.xdc, line 229).
Applied set_property IO_BUFFER_TYPE = NONE for FIXED_IO_0_mio[47]. (constraint file  e:/codes/microzed/fastvit_hls/vivado_impl/fastvit_conv_only_200mhz_proj/fastvit_conv_only_200mhz_proj.gen/sources_1/bd/fastvit_bd/ip/fastvit_bd_ps7_0_0/fastvit_bd_ps7_0_0/fastvit_bd_ps7_0_0_in_context.xdc, line 230).
Applied set_property CLOCK_BUFFER_TYPE = NONE for FIXED_IO_0_mio[47]. (constraint file  e:/codes/microzed/fastvit_hls/vivado_impl/fastvit_conv_only_200mhz_proj/fastvit_conv_only_200mhz_proj.gen/sources_1/bd/fastvit_bd/ip/fastvit_bd_ps7_0_0/fastvit_bd_ps7_0_0/fastvit_bd_ps7_0_0_in_context.xdc, line 231).
Applied set_property IO_BUFFER_TYPE = NONE for FIXED_IO_0_mio[48]. (constraint file  e:/codes/microzed/fastvit_hls/vivado_impl/fastvit_conv_only_200mhz_proj/fastvit_conv_only_200mhz_proj.gen/sources_1/bd/fastvit_bd/ip/fastvit_bd_ps7_0_0/fastvit_bd_ps7_0_0/fastvit_bd_ps7_0_0_in_context.xdc, line 232).
Applied set_property CLOCK_BUFFER_TYPE = NONE for FIXED_IO_0_mio[48]. (constraint file  e:/codes/microzed/fastvit_hls/vivado_impl/fastvit_conv_only_200mhz_proj/fastvit_conv_only_200mhz_proj.gen/sources_1/bd/fastvit_bd/ip/fastvit_bd_ps7_0_0/fastvit_bd_ps7_0_0/fastvit_bd_ps7_0_0_in_context.xdc, line 233).
Applied set_property IO_BUFFER_TYPE = NONE for FIXED_IO_0_mio[49]. (constraint file  e:/codes/microzed/fastvit_hls/vivado_impl/fastvit_conv_only_200mhz_proj/fastvit_conv_only_200mhz_proj.gen/sources_1/bd/fastvit_bd/ip/fastvit_bd_ps7_0_0/fastvit_bd_ps7_0_0/fastvit_bd_ps7_0_0_in_context.xdc, line 234).
Applied set_property CLOCK_BUFFER_TYPE = NONE for FIXED_IO_0_mio[49]. (constraint file  e:/codes/microzed/fastvit_hls/vivado_impl/fastvit_conv_only_200mhz_proj/fastvit_conv_only_200mhz_proj.gen/sources_1/bd/fastvit_bd/ip/fastvit_bd_ps7_0_0/fastvit_bd_ps7_0_0/fastvit_bd_ps7_0_0_in_context.xdc, line 235).
Applied set_property IO_BUFFER_TYPE = NONE for FIXED_IO_0_mio[4]. (constraint file  e:/codes/microzed/fastvit_hls/vivado_impl/fastvit_conv_only_200mhz_proj/fastvit_conv_only_200mhz_proj.gen/sources_1/bd/fastvit_bd/ip/fastvit_bd_ps7_0_0/fastvit_bd_ps7_0_0/fastvit_bd_ps7_0_0_in_context.xdc, line 236).
Applied set_property CLOCK_BUFFER_TYPE = NONE for FIXED_IO_0_mio[4]. (constraint file  e:/codes/microzed/fastvit_hls/vivado_impl/fastvit_conv_only_200mhz_proj/fastvit_conv_only_200mhz_proj.gen/sources_1/bd/fastvit_bd/ip/fastvit_bd_ps7_0_0/fastvit_bd_ps7_0_0/fastvit_bd_ps7_0_0_in_context.xdc, line 237).
Applied set_property IO_BUFFER_TYPE = NONE for FIXED_IO_0_mio[50]. (constraint file  e:/codes/microzed/fastvit_hls/vivado_impl/fastvit_conv_only_200mhz_proj/fastvit_conv_only_200mhz_proj.gen/sources_1/bd/fastvit_bd/ip/fastvit_bd_ps7_0_0/fastvit_bd_ps7_0_0/fastvit_bd_ps7_0_0_in_context.xdc, line 238).
Applied set_property CLOCK_BUFFER_TYPE = NONE for FIXED_IO_0_mio[50]. (constraint file  e:/codes/microzed/fastvit_hls/vivado_impl/fastvit_conv_only_200mhz_proj/fastvit_conv_only_200mhz_proj.gen/sources_1/bd/fastvit_bd/ip/fastvit_bd_ps7_0_0/fastvit_bd_ps7_0_0/fastvit_bd_ps7_0_0_in_context.xdc, line 239).
Applied set_property IO_BUFFER_TYPE = NONE for FIXED_IO_0_mio[51]. (constraint file  e:/codes/microzed/fastvit_hls/vivado_impl/fastvit_conv_only_200mhz_proj/fastvit_conv_only_200mhz_proj.gen/sources_1/bd/fastvit_bd/ip/fastvit_bd_ps7_0_0/fastvit_bd_ps7_0_0/fastvit_bd_ps7_0_0_in_context.xdc, line 240).
Applied set_property CLOCK_BUFFER_TYPE = NONE for FIXED_IO_0_mio[51]. (constraint file  e:/codes/microzed/fastvit_hls/vivado_impl/fastvit_conv_only_200mhz_proj/fastvit_conv_only_200mhz_proj.gen/sources_1/bd/fastvit_bd/ip/fastvit_bd_ps7_0_0/fastvit_bd_ps7_0_0/fastvit_bd_ps7_0_0_in_context.xdc, line 241).
Applied set_property IO_BUFFER_TYPE = NONE for FIXED_IO_0_mio[52]. (constraint file  e:/codes/microzed/fastvit_hls/vivado_impl/fastvit_conv_only_200mhz_proj/fastvit_conv_only_200mhz_proj.gen/sources_1/bd/fastvit_bd/ip/fastvit_bd_ps7_0_0/fastvit_bd_ps7_0_0/fastvit_bd_ps7_0_0_in_context.xdc, line 242).
Applied set_property CLOCK_BUFFER_TYPE = NONE for FIXED_IO_0_mio[52]. (constraint file  e:/codes/microzed/fastvit_hls/vivado_impl/fastvit_conv_only_200mhz_proj/fastvit_conv_only_200mhz_proj.gen/sources_1/bd/fastvit_bd/ip/fastvit_bd_ps7_0_0/fastvit_bd_ps7_0_0/fastvit_bd_ps7_0_0_in_context.xdc, line 243).
Applied set_property IO_BUFFER_TYPE = NONE for FIXED_IO_0_mio[53]. (constraint file  e:/codes/microzed/fastvit_hls/vivado_impl/fastvit_conv_only_200mhz_proj/fastvit_conv_only_200mhz_proj.gen/sources_1/bd/fastvit_bd/ip/fastvit_bd_ps7_0_0/fastvit_bd_ps7_0_0/fastvit_bd_ps7_0_0_in_context.xdc, line 244).
Applied set_property CLOCK_BUFFER_TYPE = NONE for FIXED_IO_0_mio[53]. (constraint file  e:/codes/microzed/fastvit_hls/vivado_impl/fastvit_conv_only_200mhz_proj/fastvit_conv_only_200mhz_proj.gen/sources_1/bd/fastvit_bd/ip/fastvit_bd_ps7_0_0/fastvit_bd_ps7_0_0/fastvit_bd_ps7_0_0_in_context.xdc, line 245).
Applied set_property IO_BUFFER_TYPE = NONE for FIXED_IO_0_mio[5]. (constraint file  e:/codes/microzed/fastvit_hls/vivado_impl/fastvit_conv_only_200mhz_proj/fastvit_conv_only_200mhz_proj.gen/sources_1/bd/fastvit_bd/ip/fastvit_bd_ps7_0_0/fastvit_bd_ps7_0_0/fastvit_bd_ps7_0_0_in_context.xdc, line 246).
Applied set_property CLOCK_BUFFER_TYPE = NONE for FIXED_IO_0_mio[5]. (constraint file  e:/codes/microzed/fastvit_hls/vivado_impl/fastvit_conv_only_200mhz_proj/fastvit_conv_only_200mhz_proj.gen/sources_1/bd/fastvit_bd/ip/fastvit_bd_ps7_0_0/fastvit_bd_ps7_0_0/fastvit_bd_ps7_0_0_in_context.xdc, line 247).
Applied set_property IO_BUFFER_TYPE = NONE for FIXED_IO_0_mio[6]. (constraint file  e:/codes/microzed/fastvit_hls/vivado_impl/fastvit_conv_only_200mhz_proj/fastvit_conv_only_200mhz_proj.gen/sources_1/bd/fastvit_bd/ip/fastvit_bd_ps7_0_0/fastvit_bd_ps7_0_0/fastvit_bd_ps7_0_0_in_context.xdc, line 248).
Applied set_property CLOCK_BUFFER_TYPE = NONE for FIXED_IO_0_mio[6]. (constraint file  e:/codes/microzed/fastvit_hls/vivado_impl/fastvit_conv_only_200mhz_proj/fastvit_conv_only_200mhz_proj.gen/sources_1/bd/fastvit_bd/ip/fastvit_bd_ps7_0_0/fastvit_bd_ps7_0_0/fastvit_bd_ps7_0_0_in_context.xdc, line 249).
Applied set_property IO_BUFFER_TYPE = NONE for FIXED_IO_0_mio[7]. (constraint file  e:/codes/microzed/fastvit_hls/vivado_impl/fastvit_conv_only_200mhz_proj/fastvit_conv_only_200mhz_proj.gen/sources_1/bd/fastvit_bd/ip/fastvit_bd_ps7_0_0/fastvit_bd_ps7_0_0/fastvit_bd_ps7_0_0_in_context.xdc, line 250).
Applied set_property CLOCK_BUFFER_TYPE = NONE for FIXED_IO_0_mio[7]. (constraint file  e:/codes/microzed/fastvit_hls/vivado_impl/fastvit_conv_only_200mhz_proj/fastvit_conv_only_200mhz_proj.gen/sources_1/bd/fastvit_bd/ip/fastvit_bd_ps7_0_0/fastvit_bd_ps7_0_0/fastvit_bd_ps7_0_0_in_context.xdc, line 251).
Applied set_property IO_BUFFER_TYPE = NONE for FIXED_IO_0_mio[8]. (constraint file  e:/codes/microzed/fastvit_hls/vivado_impl/fastvit_conv_only_200mhz_proj/fastvit_conv_only_200mhz_proj.gen/sources_1/bd/fastvit_bd/ip/fastvit_bd_ps7_0_0/fastvit_bd_ps7_0_0/fastvit_bd_ps7_0_0_in_context.xdc, line 252).
Applied set_property CLOCK_BUFFER_TYPE = NONE for FIXED_IO_0_mio[8]. (constraint file  e:/codes/microzed/fastvit_hls/vivado_impl/fastvit_conv_only_200mhz_proj/fastvit_conv_only_200mhz_proj.gen/sources_1/bd/fastvit_bd/ip/fastvit_bd_ps7_0_0/fastvit_bd_ps7_0_0/fastvit_bd_ps7_0_0_in_context.xdc, line 253).
Applied set_property IO_BUFFER_TYPE = NONE for FIXED_IO_0_mio[9]. (constraint file  e:/codes/microzed/fastvit_hls/vivado_impl/fastvit_conv_only_200mhz_proj/fastvit_conv_only_200mhz_proj.gen/sources_1/bd/fastvit_bd/ip/fastvit_bd_ps7_0_0/fastvit_bd_ps7_0_0/fastvit_bd_ps7_0_0_in_context.xdc, line 254).
Applied set_property CLOCK_BUFFER_TYPE = NONE for FIXED_IO_0_mio[9]. (constraint file  e:/codes/microzed/fastvit_hls/vivado_impl/fastvit_conv_only_200mhz_proj/fastvit_conv_only_200mhz_proj.gen/sources_1/bd/fastvit_bd/ip/fastvit_bd_ps7_0_0/fastvit_bd_ps7_0_0/fastvit_bd_ps7_0_0_in_context.xdc, line 255).
Applied set_property IO_BUFFER_TYPE = NONE for FIXED_IO_0_ps_clk. (constraint file  e:/codes/microzed/fastvit_hls/vivado_impl/fastvit_conv_only_200mhz_proj/fastvit_conv_only_200mhz_proj.gen/sources_1/bd/fastvit_bd/ip/fastvit_bd_ps7_0_0/fastvit_bd_ps7_0_0/fastvit_bd_ps7_0_0_in_context.xdc, line 256).
Applied set_property CLOCK_BUFFER_TYPE = NONE for FIXED_IO_0_ps_clk. (constraint file  e:/codes/microzed/fastvit_hls/vivado_impl/fastvit_conv_only_200mhz_proj/fastvit_conv_only_200mhz_proj.gen/sources_1/bd/fastvit_bd/ip/fastvit_bd_ps7_0_0/fastvit_bd_ps7_0_0/fastvit_bd_ps7_0_0_in_context.xdc, line 257).
Applied set_property IO_BUFFER_TYPE = NONE for FIXED_IO_0_ps_porb. (constraint file  e:/codes/microzed/fastvit_hls/vivado_impl/fastvit_conv_only_200mhz_proj/fastvit_conv_only_200mhz_proj.gen/sources_1/bd/fastvit_bd/ip/fastvit_bd_ps7_0_0/fastvit_bd_ps7_0_0/fastvit_bd_ps7_0_0_in_context.xdc, line 258).
Applied set_property CLOCK_BUFFER_TYPE = NONE for FIXED_IO_0_ps_porb. (constraint file  e:/codes/microzed/fastvit_hls/vivado_impl/fastvit_conv_only_200mhz_proj/fastvit_conv_only_200mhz_proj.gen/sources_1/bd/fastvit_bd/ip/fastvit_bd_ps7_0_0/fastvit_bd_ps7_0_0/fastvit_bd_ps7_0_0_in_context.xdc, line 259).
Applied set_property IO_BUFFER_TYPE = NONE for FIXED_IO_0_ps_srstb. (constraint file  e:/codes/microzed/fastvit_hls/vivado_impl/fastvit_conv_only_200mhz_proj/fastvit_conv_only_200mhz_proj.gen/sources_1/bd/fastvit_bd/ip/fastvit_bd_ps7_0_0/fastvit_bd_ps7_0_0/fastvit_bd_ps7_0_0_in_context.xdc, line 260).
Applied set_property CLOCK_BUFFER_TYPE = NONE for FIXED_IO_0_ps_srstb. (constraint file  e:/codes/microzed/fastvit_hls/vivado_impl/fastvit_conv_only_200mhz_proj/fastvit_conv_only_200mhz_proj.gen/sources_1/bd/fastvit_bd/ip/fastvit_bd_ps7_0_0/fastvit_bd_ps7_0_0/fastvit_bd_ps7_0_0_in_context.xdc, line 261).
Applied set_property KEEP_HIERARCHY = SOFT for fastvit_bd_i. (constraint file  auto generated constraint).
Applied set_property KEEP_HIERARCHY = SOFT for fastvit_bd_i/ps7_0. (constraint file  auto generated constraint).
Applied set_property KEEP_HIERARCHY = SOFT for fastvit_bd_i/worker_0. (constraint file  auto generated constraint).
Applied set_property KEEP_HIERARCHY = SOFT for fastvit_bd_i/rst_ps7_0_200M. (constraint file  auto generated constraint).
Applied set_property KEEP_HIERARCHY = SOFT for fastvit_bd_i/ps_ctrl_ic/xbar. (constraint file  auto generated constraint).
Applied set_property KEEP_HIERARCHY = SOFT for fastvit_bd_i/ps_ctrl_ic/s00_couplers/auto_pc. (constraint file  auto generated constraint).
Applied set_property KEEP_HIERARCHY = SOFT for fastvit_bd_i/ps_ctrl_ic. (constraint file  auto generated constraint).
Applied set_property KEEP_HIERARCHY = SOFT for fastvit_bd_i/sc_main. (constraint file  auto generated constraint).
---------------------------------------------------------------------------------
Finished applying 'set_property' XDC Constraints : Time (s): cpu = 00:00:08 ; elapsed = 00:00:11 . Memory (MB): peak = 1239.410 ; gain = 584.250
---------------------------------------------------------------------------------
---------------------------------------------------------------------------------
Finished RTL Optimization Phase 2 : Time (s): cpu = 00:00:08 ; elapsed = 00:00:11 . Memory (MB): peak = 1239.410 ; gain = 584.250
---------------------------------------------------------------------------------
---------------------------------------------------------------------------------
Start RTL Component Statistics 
---------------------------------------------------------------------------------
Detailed RTL Component Info : 
---------------------------------------------------------------------------------
Finished RTL Component Statistics 
---------------------------------------------------------------------------------
---------------------------------------------------------------------------------
Start Part Resource Summary
---------------------------------------------------------------------------------
Part Resources:
DSPs: 220 (col length:60)
BRAMs: 280 (col length: RAMB18 60 RAMB36 30)
---------------------------------------------------------------------------------
Finished Part Resource Summary
---------------------------------------------------------------------------------
---------------------------------------------------------------------------------
Start Cross Boundary and Area Optimization
---------------------------------------------------------------------------------
WARNING: [Synth 8-7080] Parallel synthesis criteria is not met
WARNING: [Synth 8-7129] Port M00_ACLK in module fastvit_bd_ps_ctrl_ic_0 is either unconnected or has no load
WARNING: [Synth 8-7129] Port M00_ARESETN in module fastvit_bd_ps_ctrl_ic_0 is either unconnected or has no load
WARNING: [Synth 8-7129] Port M01_ACLK in module fastvit_bd_ps_ctrl_ic_0 is either unconnected or has no load
WARNING: [Synth 8-7129] Port M01_ARESETN in module fastvit_bd_ps_ctrl_ic_0 is either unconnected or has no load
WARNING: [Synth 8-7129] Port S00_ACLK in module fastvit_bd_ps_ctrl_ic_0 is either unconnected or has no load
WARNING: [Synth 8-7129] Port S00_ARESETN in module fastvit_bd_ps_ctrl_ic_0 is either unconnected or has no load
---------------------------------------------------------------------------------
Finished Cross Boundary and Area Optimization : Time (s): cpu = 00:00:08 ; elapsed = 00:00:12 . Memory (MB): peak = 1239.410 ; gain = 584.250
---------------------------------------------------------------------------------
---------------------------------------------------------------------------------
Start Applying XDC Timing Constraints
---------------------------------------------------------------------------------
---------------------------------------------------------------------------------
Finished Applying XDC Timing Constraints : Time (s): cpu = 00:00:12 ; elapsed = 00:00:16 . Memory (MB): peak = 1408.844 ; gain = 753.684
---------------------------------------------------------------------------------
---------------------------------------------------------------------------------
Start Timing Optimization
---------------------------------------------------------------------------------
---------------------------------------------------------------------------------
Finished Timing Optimization : Time (s): cpu = 00:00:12 ; elapsed = 00:00:16 . Memory (MB): peak = 1409.141 ; gain = 753.980
---------------------------------------------------------------------------------
---------------------------------------------------------------------------------
Start Technology Mapping
---------------------------------------------------------------------------------
---------------------------------------------------------------------------------
Finished Technology Mapping : Time (s): cpu = 00:00:12 ; elapsed = 00:00:16 . Memory (MB): peak = 1420.145 ; gain = 764.984
---------------------------------------------------------------------------------
---------------------------------------------------------------------------------
Start IO Insertion
---------------------------------------------------------------------------------
---------------------------------------------------------------------------------
Start Flattening Before IO Insertion
---------------------------------------------------------------------------------
---------------------------------------------------------------------------------
Finished Flattening Before IO Insertion
---------------------------------------------------------------------------------
---------------------------------------------------------------------------------
Start Final Netlist Cleanup
---------------------------------------------------------------------------------
---------------------------------------------------------------------------------
Finished Final Netlist Cleanup
---------------------------------------------------------------------------------
---------------------------------------------------------------------------------
Finished IO Insertion : Time (s): cpu = 00:00:14 ; elapsed = 00:00:18 . Memory (MB): peak = 1635.758 ; gain = 980.598
---------------------------------------------------------------------------------
---------------------------------------------------------------------------------
Start Renaming Generated Instances
---------------------------------------------------------------------------------
---------------------------------------------------------------------------------
Finished Renaming Generated Instances : Time (s): cpu = 00:00:14 ; elapsed = 00:00:18 . Memory (MB): peak = 1635.758 ; gain = 980.598
---------------------------------------------------------------------------------
---------------------------------------------------------------------------------
Start Rebuilding User Hierarchy
---------------------------------------------------------------------------------
---------------------------------------------------------------------------------
Finished Rebuilding User Hierarchy : Time (s): cpu = 00:00:14 ; elapsed = 00:00:18 . Memory (MB): peak = 1635.758 ; gain = 980.598
---------------------------------------------------------------------------------
---------------------------------------------------------------------------------
Start Renaming Generated Ports
---------------------------------------------------------------------------------
---------------------------------------------------------------------------------
Finished Renaming Generated Ports : Time (s): cpu = 00:00:14 ; elapsed = 00:00:18 . Memory (MB): peak = 1635.758 ; gain = 980.598
---------------------------------------------------------------------------------
---------------------------------------------------------------------------------
Start Handling Custom Attributes
---------------------------------------------------------------------------------
---------------------------------------------------------------------------------
Finished Handling Custom Attributes : Time (s): cpu = 00:00:14 ; elapsed = 00:00:18 . Memory (MB): peak = 1635.758 ; gain = 980.598
---------------------------------------------------------------------------------
---------------------------------------------------------------------------------
Start Renaming Generated Nets
---------------------------------------------------------------------------------
---------------------------------------------------------------------------------
Finished Renaming Generated Nets : Time (s): cpu = 00:00:14 ; elapsed = 00:00:18 . Memory (MB): peak = 1635.758 ; gain = 980.598
---------------------------------------------------------------------------------
---------------------------------------------------------------------------------
Start Writing Synthesis Report
---------------------------------------------------------------------------------

Report BlackBoxes: 
+------+------------------------------------+----------+
|      |BlackBox name                       |Instances |
+------+------------------------------------+----------+
|1     |fastvit_bd_ps7_0_0                  |         1|
|2     |fastvit_bd_ps_ctrl_ic_imp_xbar_0    |         1|
|3     |fastvit_bd_ps_ctrl_ic_imp_auto_pc_0 |         1|
|4     |fastvit_bd_rst_ps7_0_200M_0         |         1|
|5     |fastvit_bd_sc_main_0                |         1|
|6     |fastvit_bd_worker_0_0               |         1|
+------+------------------------------------+----------+

Report Cell Usage: 
+------+----------------------------------+------+
|      |Cell                              |Count |
+------+----------------------------------+------+
|1     |fastvit_bd_ps7_0                  |     1|
|2     |fastvit_bd_ps_ctrl_ic_imp_auto_pc |     1|
|3     |fastvit_bd_ps_ctrl_ic_imp_xbar    |     1|
|4     |fastvit_bd_rst_ps7_0_200M         |     1|
|5     |fastvit_bd_sc_main                |     1|
|6     |fastvit_bd_worker_0               |     1|
+------+----------------------------------+------+
---------------------------------------------------------------------------------
Finished Writing Synthesis Report : Time (s): cpu = 00:00:14 ; elapsed = 00:00:18 . Memory (MB): peak = 1635.758 ; gain = 980.598
---------------------------------------------------------------------------------
Synthesis finished with 0 errors, 0 critical warnings and 7 warnings.
Synthesis Optimization Runtime : Time (s): cpu = 00:00:10 ; elapsed = 00:00:17 . Memory (MB): peak = 1635.758 ; gain = 980.598
Synthesis Optimization Complete : Time (s): cpu = 00:00:14 ; elapsed = 00:00:18 . Memory (MB): peak = 1635.758 ; gain = 980.598
INFO: [Project 1-571] Translating synthesized netlist
Netlist sorting complete. Time (s): cpu = 00:00:00 ; elapsed = 00:00:00.007 . Memory (MB): peak = 1635.758 ; gain = 0.000
INFO: [Project 1-570] Preparing netlist for logic optimization
INFO: [Opt 31-138] Pushed 0 inverter(s) to 0 load pin(s).
Netlist sorting complete. Time (s): cpu = 00:00:00 ; elapsed = 00:00:00 . Memory (MB): peak = 1635.758 ; gain = 0.000
INFO: [Project 1-111] Unisim Transformation Summary:
No Unisim elements were transformed.

Synth Design complete | Checksum: 39557271
INFO: [Common 17-83] Releasing license: Synthesis
39 Infos, 120 Warnings, 0 Critical Warnings and 0 Errors encountered.
synth_design completed successfully
synth_design: Time (s): cpu = 00:00:16 ; elapsed = 00:00:23 . Memory (MB): peak = 1635.758 ; gain = 1239.520
INFO: [Common 17-1381] The checkpoint 'E:/codes/microzed/fastvit_hls/vivado_impl/fastvit_conv_only_200mhz_proj/fastvit_conv_only_200mhz_proj.runs/synth_1/fastvit_bd_wrapper.dcp' has been generated.
INFO: [Vivado 12-24828] Executing command : report_utilization -file fastvit_bd_wrapper_utilization_synth.rpt -pb fastvit_bd_wrapper_utilization_synth.pb
INFO: [Common 17-206] Exiting Vivado at Thu Aug  6 23:29:44 2026...
[Thu Aug  6 23:29:47 2026] synth_1 finished
wait_on_runs: Time (s): cpu = 00:00:00 ; elapsed = 00:02:31 . Memory (MB): peak = 712.121 ; gain = 0.000
# puts "Synthesis status: [get_property STATUS [get_runs synth_1]]"
Synthesis status: synth_design Complete!
# if {[get_property PROGRESS [get_runs synth_1]] != "100%"} { error "Synthesis FAILED" }
# set_property STEPS.OPT_DESIGN.ARGS.DIRECTIVE ExploreWithRemap       [get_runs impl_1]
# set_property STEPS.PHYS_OPT_DESIGN.IS_ENABLED true                  [get_runs impl_1]
# set_property STEPS.PHYS_OPT_DESIGN.ARGS.DIRECTIVE AggressiveExplore [get_runs impl_1]
# set_property STEPS.PLACE_DESIGN.ARGS.DIRECTIVE Default              [get_runs impl_1]
# puts ">>> Launching Implementation + Bitstream (jobs=4)..."
>>> Launching Implementation + Bitstream (jobs=4)...
# launch_runs impl_1 -to_step write_bitstream -jobs 4
[Thu Aug  6 23:29:49 2026] Launched impl_1...
Run output will be captured here: E:/codes/microzed/fastvit_hls/vivado_impl/fastvit_conv_only_200mhz_proj/fastvit_conv_only_200mhz_proj.runs/impl_1/runme.log
# wait_on_run impl_1
[Thu Aug  6 23:29:49 2026] Waiting for impl_1 to finish...


*** Running vivado
    with args -log fastvit_bd_wrapper.vdi -applog -m64 -product Vivado -messageDb vivado.pb -mode batch -source fastvit_bd_wrapper.tcl -notrace



****** Vivado v2024.2 (64-bit)
  **** SW Build 5239630 on Fri Nov 08 22:35:27 MST 2024
  **** IP Build 5239520 on Sun Nov 10 16:12:51 MST 2024
  **** SharedData Build 5239561 on Fri Nov 08 14:39:27 MST 2024
  **** Start of session at: Thu Aug  6 23:29:56 2026
    ** Copyright 1986-2022 Xilinx, Inc. All Rights Reserved.
    ** Copyright 2022-2024 Advanced Micro Devices, Inc. All Rights Reserved.

source fastvit_bd_wrapper.tcl -notrace
INFO: [IP_Flow 19-234] Refreshing IP repositories
INFO: [IP_Flow 19-1700] Loaded user IP repository 'e:/codes/microzed/fastvit_hls/fastvit_ip_w8a4/tier_b_single_ip/conv'.
INFO: [IP_Flow 19-2313] Loaded Vivado IP repository 'E:/Xilinx/Vivado/2024.2/data/ip'.
WARNING: [IP_Flow 19-4995] The host OS only allows 260 characters in a normal path. The IP cache path is more than 80 characters. If you experience issues with IP caching, please consider changing the IP cache to a location with a shorter path. Alternately consider using the OS subst command to map part of the path to a drive letter. 
Current IP cache path is E:/codes/microzed/fastvit_hls/vivado_impl/fastvit_conv_only_200mhz_proj/fastvit_conv_only_200mhz_proj.cache/ip 
Command: link_design -top fastvit_bd_wrapper -part xc7z020clg400-1
Design is defaulting to srcset: sources_1
Design is defaulting to constrset: constrs_1
INFO: [Device 21-403] Loading part xc7z020clg400-1
INFO: [Project 1-454] Reading design checkpoint 'e:/codes/microzed/fastvit_hls/vivado_impl/fastvit_conv_only_200mhz_proj/fastvit_conv_only_200mhz_proj.gen/sources_1/bd/fastvit_bd/ip/fastvit_bd_ps7_0_0/fastvit_bd_ps7_0_0.dcp' for cell 'fastvit_bd_i/ps7_0'
INFO: [Project 1-454] Reading design checkpoint 'e:/codes/microzed/fastvit_hls/vivado_impl/fastvit_conv_only_200mhz_proj/fastvit_conv_only_200mhz_proj.gen/sources_1/bd/fastvit_bd/ip/fastvit_bd_rst_ps7_0_200M_0/fastvit_bd_rst_ps7_0_200M_0.dcp' for cell 'fastvit_bd_i/rst_ps7_0_200M'
INFO: [Project 1-454] Reading design checkpoint 'e:/codes/microzed/fastvit_hls/vivado_impl/fastvit_conv_only_200mhz_proj/fastvit_conv_only_200mhz_proj.gen/sources_1/bd/fastvit_bd/ip/fastvit_bd_sc_main_0/fastvit_bd_sc_main_0.dcp' for cell 'fastvit_bd_i/sc_main'
INFO: [Project 1-454] Reading design checkpoint 'e:/codes/microzed/fastvit_hls/vivado_impl/fastvit_conv_only_200mhz_proj/fastvit_conv_only_200mhz_proj.gen/sources_1/bd/fastvit_bd/ip/fastvit_bd_worker_0_0/fastvit_bd_worker_0_0.dcp' for cell 'fastvit_bd_i/worker_0'
INFO: [Project 1-454] Reading design checkpoint 'e:/codes/microzed/fastvit_hls/vivado_impl/fastvit_conv_only_200mhz_proj/fastvit_conv_only_200mhz_proj.gen/sources_1/bd/fastvit_bd/ip/fastvit_bd_ps_ctrl_ic_imp_xbar_0/fastvit_bd_ps_ctrl_ic_imp_xbar_0.dcp' for cell 'fastvit_bd_i/ps_ctrl_ic/xbar'
INFO: [Project 1-454] Reading design checkpoint 'e:/codes/microzed/fastvit_hls/vivado_impl/fastvit_conv_only_200mhz_proj/fastvit_conv_only_200mhz_proj.gen/sources_1/bd/fastvit_bd/ip/fastvit_bd_ps_ctrl_ic_imp_auto_pc_0/fastvit_bd_ps_ctrl_ic_imp_auto_pc_0.dcp' for cell 'fastvit_bd_i/ps_ctrl_ic/s00_couplers/auto_pc'
Netlist sorting complete. Time (s): cpu = 00:00:01 ; elapsed = 00:00:00.329 . Memory (MB): peak = 735.629 ; gain = 1.035
INFO: [Netlist 29-17] Analyzing 2410 Unisim elements for replacement
INFO: [Netlist 29-28] Unisim Transformation completed in 0 CPU seconds
INFO: [Project 1-479] Netlist was created with Vivado 2024.2
INFO: [Project 1-570] Preparing netlist for logic optimization
Parsing XDC File [e:/codes/microzed/fastvit_hls/vivado_impl/fastvit_conv_only_200mhz_proj/fastvit_conv_only_200mhz_proj.gen/sources_1/bd/fastvit_bd/ip/fastvit_bd_ps7_0_0/fastvit_bd_ps7_0_0.xdc] for cell 'fastvit_bd_i/ps7_0/inst'
Finished Parsing XDC File [e:/codes/microzed/fastvit_hls/vivado_impl/fastvit_conv_only_200mhz_proj/fastvit_conv_only_200mhz_proj.gen/sources_1/bd/fastvit_bd/ip/fastvit_bd_ps7_0_0/fastvit_bd_ps7_0_0.xdc] for cell 'fastvit_bd_i/ps7_0/inst'
Parsing XDC File [e:/codes/microzed/fastvit_hls/vivado_impl/fastvit_conv_only_200mhz_proj/fastvit_conv_only_200mhz_proj.gen/sources_1/bd/fastvit_bd/ip/fastvit_bd_rst_ps7_0_200M_0/fastvit_bd_rst_ps7_0_200M_0_board.xdc] for cell 'fastvit_bd_i/rst_ps7_0_200M/U0'
Finished Parsing XDC File [e:/codes/microzed/fastvit_hls/vivado_impl/fastvit_conv_only_200mhz_proj/fastvit_conv_only_200mhz_proj.gen/sources_1/bd/fastvit_bd/ip/fastvit_bd_rst_ps7_0_200M_0/fastvit_bd_rst_ps7_0_200M_0_board.xdc] for cell 'fastvit_bd_i/rst_ps7_0_200M/U0'
Parsing XDC File [e:/codes/microzed/fastvit_hls/vivado_impl/fastvit_conv_only_200mhz_proj/fastvit_conv_only_200mhz_proj.gen/sources_1/bd/fastvit_bd/ip/fastvit_bd_rst_ps7_0_200M_0/fastvit_bd_rst_ps7_0_200M_0.xdc] for cell 'fastvit_bd_i/rst_ps7_0_200M/U0'
Finished Parsing XDC File [e:/codes/microzed/fastvit_hls/vivado_impl/fastvit_conv_only_200mhz_proj/fastvit_conv_only_200mhz_proj.gen/sources_1/bd/fastvit_bd/ip/fastvit_bd_rst_ps7_0_200M_0/fastvit_bd_rst_ps7_0_200M_0.xdc] for cell 'fastvit_bd_i/rst_ps7_0_200M/U0'
Parsing XDC File [e:/codes/microzed/fastvit_hls/vivado_impl/fastvit_conv_only_200mhz_proj/fastvit_conv_only_200mhz_proj.gen/sources_1/bd/fastvit_bd/ip/fastvit_bd_sc_main_0/bd_0/ip/ip_1/bd_2149_psr_aclk_0_board.xdc] for cell 'fastvit_bd_i/sc_main/inst/clk_map/psr_aclk/U0'
Finished Parsing XDC File [e:/codes/microzed/fastvit_hls/vivado_impl/fastvit_conv_only_200mhz_proj/fastvit_conv_only_200mhz_proj.gen/sources_1/bd/fastvit_bd/ip/fastvit_bd_sc_main_0/bd_0/ip/ip_1/bd_2149_psr_aclk_0_board.xdc] for cell 'fastvit_bd_i/sc_main/inst/clk_map/psr_aclk/U0'
Parsing XDC File [e:/codes/microzed/fastvit_hls/vivado_impl/fastvit_conv_only_200mhz_proj/fastvit_conv_only_200mhz_proj.gen/sources_1/bd/fastvit_bd/ip/fastvit_bd_sc_main_0/bd_0/ip/ip_1/bd_2149_psr_aclk_0.xdc] for cell 'fastvit_bd_i/sc_main/inst/clk_map/psr_aclk/U0'
Finished Parsing XDC File [e:/codes/microzed/fastvit_hls/vivado_impl/fastvit_conv_only_200mhz_proj/fastvit_conv_only_200mhz_proj.gen/sources_1/bd/fastvit_bd/ip/fastvit_bd_sc_main_0/bd_0/ip/ip_1/bd_2149_psr_aclk_0.xdc] for cell 'fastvit_bd_i/sc_main/inst/clk_map/psr_aclk/U0'
Parsing XDC File [e:/codes/microzed/fastvit_hls/vivado_impl/fastvit_conv_only_200mhz_proj/fastvit_conv_only_200mhz_proj.gen/sources_1/bd/fastvit_bd/ip/fastvit_bd_sc_main_0/smartconnect.xdc] for cell 'fastvit_bd_i/sc_main/inst'
Finished Parsing XDC File [e:/codes/microzed/fastvit_hls/vivado_impl/fastvit_conv_only_200mhz_proj/fastvit_conv_only_200mhz_proj.gen/sources_1/bd/fastvit_bd/ip/fastvit_bd_sc_main_0/smartconnect.xdc] for cell 'fastvit_bd_i/sc_main/inst'
INFO: [Project 1-1714] 59 XPM XDC files have been applied to the design.
INFO: [Opt 31-138] Pushed 0 inverter(s) to 0 load pin(s).
Netlist sorting complete. Time (s): cpu = 00:00:00 ; elapsed = 00:00:00.005 . Memory (MB): peak = 1542.395 ; gain = 0.000
INFO: [Project 1-111] Unisim Transformation Summary:
  A total of 449 instances were transformed.
  RAM16X1D => RAM32X1D (RAMD32(x2)): 257 instances
  RAM16X1S => RAM32X1S (RAMS32): 16 instances
  RAM32M => RAM32M (RAMD32(x6), RAMS32(x2)): 168 instances
  RAM64X1S => RAM64X1S (RAMS64E): 8 instances

17 Infos, 1 Warnings, 0 Critical Warnings and 0 Errors encountered.
link_design completed successfully
link_design: Time (s): cpu = 00:00:11 ; elapsed = 00:00:11 . Memory (MB): peak = 1542.395 ; gain = 1121.574
Command: opt_design -directive ExploreWithRemap
INFO: [Vivado_Tcl 4-136] Directive used for opt_design is: ExploreWithRemap
Attempting to get a license for feature 'Implementation' and/or device 'xc7z020'
INFO: [Common 17-349] Got license for feature 'Implementation' and/or device 'xc7z020'
Running DRC as a precondition to command opt_design

Starting DRC Task
INFO: [Project 1-461] DRC finished with 0 Errors
INFO: [Project 1-462] Please refer to the DRC report (report_drc) for more information.

Time (s): cpu = 00:00:00 ; elapsed = 00:00:00.440 . Memory (MB): peak = 1542.395 ; gain = 0.000

Starting Logic Optimization Task

Phase 1 Initialization

Phase 1.1 Core Generation And Design Setup
Phase 1.1 Core Generation And Design Setup | Checksum: 1d39ef83c

Time (s): cpu = 00:00:00 ; elapsed = 00:00:00.021 . Memory (MB): peak = 1854.184 ; gain = 0.000

Phase 1.2 Setup Constraints And Sort Netlist
Phase 1.2 Setup Constraints And Sort Netlist | Checksum: 1d39ef83c

Time (s): cpu = 00:00:00 ; elapsed = 00:00:00.030 . Memory (MB): peak = 1854.184 ; gain = 0.000
Phase 1 Initialization | Checksum: 1d39ef83c

Time (s): cpu = 00:00:00 ; elapsed = 00:00:00.032 . Memory (MB): peak = 1854.184 ; gain = 0.000

Phase 2 Timer Update And Timing Data Collection

Phase 2.1 Timer Update
INFO: [Timing 38-35] Done setting XDC timing constraints.
Phase 2.1 Timer Update | Checksum: 1d39ef83c

Time (s): cpu = 00:00:02 ; elapsed = 00:00:01 . Memory (MB): peak = 1912.711 ; gain = 58.527

Phase 2.2 Timing Data Collection
Phase 2.2 Timing Data Collection | Checksum: 1d39ef83c

Time (s): cpu = 00:00:02 ; elapsed = 00:00:01 . Memory (MB): peak = 1912.711 ; gain = 58.527
Phase 2 Timer Update And Timing Data Collection | Checksum: 1d39ef83c

Time (s): cpu = 00:00:02 ; elapsed = 00:00:01 . Memory (MB): peak = 1912.711 ; gain = 58.527

Phase 3 Retarget
INFO: [Opt 31-1851] Number of loadless carry chains removed were: 0
INFO: [Opt 31-1834] Total Chains To Be Transformed Were: 0 AND Number of Transformed insts Created are: 0
INFO: [Opt 31-1566] Pulled 1 inverters resulting in an inversion of 10 pins
INFO: [Opt 31-138] Pushed 19 inverter(s) to 109 load pin(s).
INFO: [Opt 31-49] Retargeted 0 cell(s).
Phase 3 Retarget | Checksum: 1adc4d2fc

Time (s): cpu = 00:00:02 ; elapsed = 00:00:02 . Memory (MB): peak = 1912.711 ; gain = 58.527
Retarget | Checksum: 1adc4d2fc
INFO: [Opt 31-389] Phase Retarget created 98 cells and removed 162 cells
INFO: [Opt 31-1021] In phase Retarget, 56 netlist objects are constrained preventing optimization. Please run opt_design with -debug_log to get more detail. 

Phase 4 Constant propagation
INFO: [Opt 31-138] Pushed 0 inverter(s) to 0 load pin(s).
Phase 4 Constant propagation | Checksum: 1717e722b

Time (s): cpu = 00:00:02 ; elapsed = 00:00:02 . Memory (MB): peak = 1912.711 ; gain = 58.527
Constant propagation | Checksum: 1717e722b
INFO: [Opt 31-389] Phase Constant propagation created 51 cells and removed 495 cells
INFO: [Opt 31-1021] In phase Constant propagation, 56 netlist objects are constrained preventing optimization. Please run opt_design with -debug_log to get more detail. 

Phase 5 Sweep
INFO: [Constraints 18-11670] Building netlist checker database with flags, 0x8
Done building netlist checker database: Time (s): cpu = 00:00:00 ; elapsed = 00:00:00.009 . Memory (MB): peak = 1912.711 ; gain = 0.000
INFO: [Constraints 18-11670] Building netlist checker database with flags, 0x8
Done building netlist checker database: Time (s): cpu = 00:00:00 ; elapsed = 00:00:00.008 . Memory (MB): peak = 1912.711 ; gain = 0.000
Phase 5 Sweep | Checksum: 17dfd24b4

Time (s): cpu = 00:00:03 ; elapsed = 00:00:03 . Memory (MB): peak = 1912.711 ; gain = 58.527
Sweep | Checksum: 17dfd24b4
INFO: [Opt 31-389] Phase Sweep created 0 cells and removed 286 cells
INFO: [Opt 31-1021] In phase Sweep, 70 netlist objects are constrained preventing optimization. Please run opt_design with -debug_log to get more detail. 

Phase 6 BUFG optimization
Phase 6 BUFG optimization | Checksum: 17dfd24b4

Time (s): cpu = 00:00:03 ; elapsed = 00:00:03 . Memory (MB): peak = 1912.711 ; gain = 58.527
BUFG optimization | Checksum: 17dfd24b4
INFO: [Opt 31-662] Phase BUFG optimization created 0 cells of which 0 are BUFGs and removed 0 cells.

Phase 7 Shift Register Optimization
INFO: [Opt 31-1064] SRL Remap converted 0 SRLs to 0 registers and converted 0 registers of register chains to 0 SRLs
Phase 7 Shift Register Optimization | Checksum: 18933da0c

Time (s): cpu = 00:00:03 ; elapsed = 00:00:03 . Memory (MB): peak = 1912.711 ; gain = 58.527
Shift Register Optimization | Checksum: 18933da0c
INFO: [Opt 31-389] Phase Shift Register Optimization created 1 cells and removed 0 cells
INFO: [Opt 31-1555] control_set_opt supports Versal devices only, and device 7z020 is unsupported

Phase 8 Remap
Phase 8 Remap | Checksum: 1432a00fe

Time (s): cpu = 00:00:09 ; elapsed = 00:00:08 . Memory (MB): peak = 2349.867 ; gain = 495.684
Remap | Checksum: 1432a00fe
INFO: [Opt 31-389] Phase Remap created 213 cells and removed 259 cells
INFO: [Opt 31-1021] In phase Remap, 15 netlist objects are constrained preventing optimization. Please run opt_design with -debug_log to get more detail. 

Phase 9 Post Processing Netlist
Phase 9 Post Processing Netlist | Checksum: 1b973344f

Time (s): cpu = 00:00:09 ; elapsed = 00:00:09 . Memory (MB): peak = 2349.867 ; gain = 495.684
Post Processing Netlist | Checksum: 1b973344f
INFO: [Opt 31-389] Phase Post Processing Netlist created 0 cells and removed 0 cells
INFO: [Opt 31-1021] In phase Post Processing Netlist, 56 netlist objects are constrained preventing optimization. Please run opt_design with -debug_log to get more detail. 

Phase 10 Finalization

Phase 10.1 Finalizing Design Cores and Updating Shapes
Phase 10.1 Finalizing Design Cores and Updating Shapes | Checksum: 1dcd77ed5

Time (s): cpu = 00:00:09 ; elapsed = 00:00:09 . Memory (MB): peak = 2349.867 ; gain = 495.684

Phase 10.2 Verifying Netlist Connectivity

Starting Connectivity Check Task

Time (s): cpu = 00:00:00 ; elapsed = 00:00:00.028 . Memory (MB): peak = 2349.867 ; gain = 0.000
Phase 10.2 Verifying Netlist Connectivity | Checksum: 1dcd77ed5

Time (s): cpu = 00:00:09 ; elapsed = 00:00:09 . Memory (MB): peak = 2349.867 ; gain = 495.684
Phase 10 Finalization | Checksum: 1dcd77ed5

Time (s): cpu = 00:00:09 ; elapsed = 00:00:09 . Memory (MB): peak = 2349.867 ; gain = 495.684
Opt_design Change Summary
=========================


-------------------------------------------------------------------------------------------------------------------------
|  Phase                        |  #Cells created  |  #Cells Removed  |  #Constrained objects preventing optimizations  |
-------------------------------------------------------------------------------------------------------------------------
|  Retarget                     |              98  |             162  |                                             56  |
|  Constant propagation         |              51  |             495  |                                             56  |
|  Sweep                        |               0  |             286  |                                             70  |
|  BUFG optimization            |               0  |               0  |                                              0  |
|  Shift Register Optimization  |               1  |               0  |                                              0  |
|  Remap                        |             213  |             259  |                                             15  |
|  Post Processing Netlist      |               0  |               0  |                                             56  |
-------------------------------------------------------------------------------------------------------------------------


Ending Logic Optimization Task | Checksum: 1dcd77ed5

Time (s): cpu = 00:00:09 ; elapsed = 00:00:09 . Memory (MB): peak = 2349.867 ; gain = 495.684

Starting Netlist Obfuscation Task
Netlist sorting complete. Time (s): cpu = 00:00:00 ; elapsed = 00:00:00.005 . Memory (MB): peak = 2349.867 ; gain = 0.000
Ending Netlist Obfuscation Task | Checksum: 1dcd77ed5

Time (s): cpu = 00:00:00 ; elapsed = 00:00:00.008 . Memory (MB): peak = 2349.867 ; gain = 0.000
INFO: [Common 17-83] Releasing license: Implementation
45 Infos, 1 Warnings, 0 Critical Warnings and 0 Errors encountered.
opt_design completed successfully
opt_design: Time (s): cpu = 00:00:10 ; elapsed = 00:00:11 . Memory (MB): peak = 2349.867 ; gain = 807.473
INFO: [Vivado 12-24828] Executing command : report_drc -file fastvit_bd_wrapper_drc_opted.rpt -pb fastvit_bd_wrapper_drc_opted.pb -rpx fastvit_bd_wrapper_drc_opted.rpx
Command: report_drc -file fastvit_bd_wrapper_drc_opted.rpt -pb fastvit_bd_wrapper_drc_opted.pb -rpx fastvit_bd_wrapper_drc_opted.rpx
INFO: [IP_Flow 19-1839] IP Catalog is up to date.
INFO: [Vivado_Tcl 2-168] The results of DRC are in file E:/codes/microzed/fastvit_hls/vivado_impl/fastvit_conv_only_200mhz_proj/fastvit_conv_only_200mhz_proj.runs/impl_1/fastvit_bd_wrapper_drc_opted.rpt.
report_drc completed successfully
INFO: [Timing 38-480] Writing timing data to binary archive.
Write ShapeDB Complete: Time (s): cpu = 00:00:00 ; elapsed = 00:00:00.036 . Memory (MB): peak = 2349.867 ; gain = 0.000
Wrote PlaceDB: Time (s): cpu = 00:00:00 ; elapsed = 00:00:00.009 . Memory (MB): peak = 2349.867 ; gain = 0.000
Wrote PulsedLatchDB: Time (s): cpu = 00:00:00 ; elapsed = 00:00:00 . Memory (MB): peak = 2349.867 ; gain = 0.000
Writing XDEF routing.
Writing XDEF routing logical nets.
Writing XDEF routing special nets.
Wrote RouteStorage: Time (s): cpu = 00:00:00 ; elapsed = 00:00:00.034 . Memory (MB): peak = 2349.867 ; gain = 0.000
Wrote Netlist Cache: Time (s): cpu = 00:00:00 ; elapsed = 00:00:00.001 . Memory (MB): peak = 2349.867 ; gain = 0.000
Wrote Device Cache: Time (s): cpu = 00:00:00 ; elapsed = 00:00:00.007 . Memory (MB): peak = 2349.867 ; gain = 0.000
Write Physdb Complete: Time (s): cpu = 00:00:00 ; elapsed = 00:00:00.053 . Memory (MB): peak = 2349.867 ; gain = 0.000
INFO: [Common 17-1381] The checkpoint 'E:/codes/microzed/fastvit_hls/vivado_impl/fastvit_conv_only_200mhz_proj/fastvit_conv_only_200mhz_proj.runs/impl_1/fastvit_bd_wrapper_opt.dcp' has been generated.
Command: place_design
Attempting to get a license for feature 'Implementation' and/or device 'xc7z020'
INFO: [Common 17-349] Got license for feature 'Implementation' and/or device 'xc7z020'
INFO: [Common 17-83] Releasing license: Implementation
INFO: [Vivado_Tcl 4-198] DRC finished with 0 Errors
INFO: [Vivado_Tcl 4-199] Please refer to the DRC report (report_drc) for more information.
Running DRC as a precondition to command place_design
INFO: [Vivado_Tcl 4-198] DRC finished with 0 Errors
INFO: [Vivado_Tcl 4-199] Please refer to the DRC report (report_drc) for more information.

Starting Placer Task

Phase 1 Placer Initialization

Phase 1.1 Placer Initialization Netlist Sorting
Netlist sorting complete. Time (s): cpu = 00:00:00 ; elapsed = 00:00:00.005 . Memory (MB): peak = 2349.867 ; gain = 0.000
Phase 1.1 Placer Initialization Netlist Sorting | Checksum: 13b754fa8

Time (s): cpu = 00:00:00 ; elapsed = 00:00:00.010 . Memory (MB): peak = 2349.867 ; gain = 0.000
Netlist sorting complete. Time (s): cpu = 00:00:00 ; elapsed = 00:00:00.004 . Memory (MB): peak = 2349.867 ; gain = 0.000

Phase 1.2 IO Placement/ Clock Placement/ Build Placer Device
INFO: [Timing 38-35] Done setting XDC timing constraints.
Phase 1.2 IO Placement/ Clock Placement/ Build Placer Device | Checksum: 6fc0bbe5

Time (s): cpu = 00:00:02 ; elapsed = 00:00:02 . Memory (MB): peak = 2403.695 ; gain = 53.828

Phase 1.3 Build Placer Netlist Model
Phase 1.3 Build Placer Netlist Model | Checksum: 13f94c737

Time (s): cpu = 00:00:06 ; elapsed = 00:00:06 . Memory (MB): peak = 2465.207 ; gain = 115.340

Phase 1.4 Constrain Clocks/Macros
Phase 1.4 Constrain Clocks/Macros | Checksum: 13f94c737

Time (s): cpu = 00:00:06 ; elapsed = 00:00:06 . Memory (MB): peak = 2465.207 ; gain = 115.340
Phase 1 Placer Initialization | Checksum: 13f94c737

Time (s): cpu = 00:00:06 ; elapsed = 00:00:06 . Memory (MB): peak = 2465.207 ; gain = 115.340

Phase 2 Global Placement

Phase 2.1 Floorplanning
Phase 2.1 Floorplanning | Checksum: 1111d697a

Time (s): cpu = 00:00:07 ; elapsed = 00:00:07 . Memory (MB): peak = 2465.207 ; gain = 115.340

Phase 2.2 Update Timing before SLR Path Opt
Phase 2.2 Update Timing before SLR Path Opt | Checksum: 117f1c359

Time (s): cpu = 00:00:08 ; elapsed = 00:00:09 . Memory (MB): peak = 2465.207 ; gain = 115.340

Phase 2.3 Post-Processing in Floorplanning
Phase 2.3 Post-Processing in Floorplanning | Checksum: 117f1c359

Time (s): cpu = 00:00:08 ; elapsed = 00:00:09 . Memory (MB): peak = 2465.207 ; gain = 115.340

Phase 2.4 Global Place Phase1
Phase 2.4 Global Place Phase1 | Checksum: adc25bd7

Time (s): cpu = 00:00:20 ; elapsed = 00:00:20 . Memory (MB): peak = 2465.207 ; gain = 115.340

Phase 2.5 Global Place Phase2

Phase 2.5.1 UpdateTiming Before Physical Synthesis
Phase 2.5.1 UpdateTiming Before Physical Synthesis | Checksum: 94a11476

Time (s): cpu = 00:00:21 ; elapsed = 00:00:21 . Memory (MB): peak = 2465.207 ; gain = 115.340

Phase 2.5.2 Physical Synthesis In Placer
INFO: [Physopt 32-1035] Found 128 LUTNM shape to break, 405 LUT instances to create LUTNM shape
INFO: [Physopt 32-1044] Break lutnm for timing: one critical 67, two critical 61, total 128, new lutff created 7
INFO: [Physopt 32-1138] End 1 Pass. Optimized 289 nets or LUTs. Breaked 128 LUTs, combined 161 existing LUTs and moved 0 existing LUT
INFO: [Physopt 32-65] No nets found for high-fanout optimization.
INFO: [Physopt 32-232] Optimized 0 net. Created 0 new instance.
INFO: [Physopt 32-775] End 1 Pass. Optimized 0 net or cell. Created 0 new cell, deleted 0 existing cell and moved 0 existing cell
INFO: [Physopt 32-76] Pass 1. Identified 1 candidate net for fanout optimization.
INFO: [Physopt 32-81] Processed net fastvit_bd_i/rst_ps7_0_200M/U0/peripheral_aresetn[0]. Replicated 9 times.
INFO: [Physopt 32-232] Optimized 1 net. Created 9 new instances.
INFO: [Physopt 32-775] End 1 Pass. Optimized 1 net or cell. Created 9 new cells, deleted 0 existing cell and moved 0 existing cell
Netlist sorting complete. Time (s): cpu = 00:00:00 ; elapsed = 00:00:00.079 . Memory (MB): peak = 2465.207 ; gain = 0.000
INFO: [Physopt 32-457] Pass 1. Identified 4 candidate cells for DSP register optimization.
INFO: [Physopt 32-665] Processed cell fastvit_bd_i/worker_0/inst/conv_worker_U/mul_32s_32s_32_5_1_U2135/buff1_reg. 15 registers were pushed out.
INFO: [Physopt 32-665] Processed cell fastvit_bd_i/worker_0/inst/conv_worker_U/mul_32s_32s_32_5_1_U2135/buff2_reg. 17 registers were pushed out.
INFO: [Physopt 32-665] Processed cell fastvit_bd_i/worker_0/inst/conv_worker_U/mul_32s_32s_32_5_1_U2135/buff2_reg. 15 registers were pushed out.
INFO: [Physopt 32-665] Processed cell fastvit_bd_i/worker_0/inst/conv_worker_U/mul_32s_32s_32_5_1_U2135/buff0_reg. 17 registers were pushed out.
INFO: [Physopt 32-775] End 2 Pass. Optimized 4 nets or cells. Created 64 new cells, deleted 0 existing cell and moved 0 existing cell
Netlist sorting complete. Time (s): cpu = 00:00:00 ; elapsed = 00:00:00.032 . Memory (MB): peak = 2465.207 ; gain = 0.000
INFO: [Physopt 32-1123] No candidate cells found for Shift Register to Pipeline optimization
INFO: [Physopt 32-775] End 2 Pass. Optimized 0 net or cell. Created 0 new cell, deleted 0 existing cell and moved 0 existing cell
INFO: [Physopt 32-1402] Pass 1: Identified 17 candidate cells for Shift Register optimization.
INFO: [Physopt 32-775] End 1 Pass. Optimized 10 nets or cells. Created 11 new cells, deleted 0 existing cell and moved 0 existing cell
Netlist sorting complete. Time (s): cpu = 00:00:00 ; elapsed = 00:00:00.020 . Memory (MB): peak = 2465.207 ; gain = 0.000
INFO: [Physopt 32-527] Pass 1: Identified 4 candidate cells for BRAM register optimization
INFO: [Physopt 32-665] Processed cell fastvit_bd_i/worker_0/inst/conv_worker_U/p_ZL6wt_buf_0_1_U/ram_reg. 8 registers were pushed out.
INFO: [Physopt 32-665] Processed cell fastvit_bd_i/worker_0/inst/conv_worker_U/p_ZL6wt_buf_1_0_U/ram_reg. 8 registers were pushed out.
INFO: [Physopt 32-665] Processed cell fastvit_bd_i/worker_0/inst/conv_worker_U/p_ZL6wt_buf_1_1_U/ram_reg. 8 registers were pushed out.
INFO: [Physopt 32-665] Processed cell fastvit_bd_i/worker_0/inst/conv_worker_U/p_ZL6wt_buf_0_0_U/ram_reg. 8 registers were pushed out.
INFO: [Physopt 32-775] End 1 Pass. Optimized 4 nets or cells. Created 32 new cells, deleted 0 existing cell and moved 0 existing cell
Netlist sorting complete. Time (s): cpu = 00:00:00 ; elapsed = 00:00:00.030 . Memory (MB): peak = 2465.207 ; gain = 0.000
INFO: [Physopt 32-846] No candidate cells for URAM register optimization found in the design
INFO: [Physopt 32-775] End 1 Pass. Optimized 0 net or cell. Created 0 new cell, deleted 0 existing cell and moved 0 existing cell
INFO: [Physopt 32-846] No candidate cells for URAM register optimization found in the design
INFO: [Physopt 32-775] End 1 Pass. Optimized 0 net or cell. Created 0 new cell, deleted 0 existing cell and moved 0 existing cell
INFO: [Physopt 32-949] No candidate nets found for dynamic/static region interface net replication
INFO: [Physopt 32-775] End 1 Pass. Optimized 0 net or cell. Created 0 new cell, deleted 0 existing cell and moved 0 existing cell
Netlist sorting complete. Time (s): cpu = 00:00:00 ; elapsed = 00:00:00.008 . Memory (MB): peak = 2465.207 ; gain = 0.000

Summary of Physical Synthesis Optimizations
============================================


-----------------------------------------------------------------------------------------------------------------------------------------------------------
|  Optimization                                     |  Added Cells  |  Removed Cells  |  Optimized Cells/Nets  |  Dont Touch  |  Iterations  |  Elapsed   |
-----------------------------------------------------------------------------------------------------------------------------------------------------------
|  LUT Combining                                    |          128  |            161  |                   289  |           0  |           1  |  00:00:00  |
|  Retime                                           |            0  |              0  |                     0  |           0  |           1  |  00:00:00  |
|  Very High Fanout                                 |            0  |              0  |                     0  |           0  |           1  |  00:00:00  |
|  Fanout                                           |            9  |              0  |                     1  |           0  |           1  |  00:00:00  |
|  DSP Register                                     |           64  |              0  |                     4  |           0  |           1  |  00:00:00  |
|  Shift Register to Pipeline                       |            0  |              0  |                     0  |           0  |           1  |  00:00:00  |
|  Shift Register                                   |           11  |              0  |                    10  |           0  |           1  |  00:00:00  |
|  BRAM Register                                    |           32  |              0  |                     4  |           0  |           1  |  00:00:00  |
|  URAM Register                                    |            0  |              0  |                     0  |           0  |           1  |  00:00:00  |
|  Dynamic/Static Region Interface Net Replication  |            0  |              0  |                     0  |           0  |           1  |  00:00:00  |
|  Total                                            |          244  |            161  |                   308  |           0  |          10  |  00:00:01  |
-----------------------------------------------------------------------------------------------------------------------------------------------------------


Phase 2.5.2 Physical Synthesis In Placer | Checksum: 12fc568cc

Time (s): cpu = 00:00:24 ; elapsed = 00:00:24 . Memory (MB): peak = 2465.207 ; gain = 115.340
Phase 2.5 Global Place Phase2 | Checksum: 1ee03aa01

Time (s): cpu = 00:00:24 ; elapsed = 00:00:24 . Memory (MB): peak = 2465.207 ; gain = 115.340
Phase 2 Global Placement | Checksum: 1ee03aa01

Time (s): cpu = 00:00:24 ; elapsed = 00:00:24 . Memory (MB): peak = 2465.207 ; gain = 115.340

Phase 3 Detail Placement

Phase 3.1 Commit Multi Column Macros
Phase 3.1 Commit Multi Column Macros | Checksum: 2822b63a7

Time (s): cpu = 00:00:26 ; elapsed = 00:00:26 . Memory (MB): peak = 2465.207 ; gain = 115.340

Phase 3.2 Commit Most Macros & LUTRAMs
Phase 3.2 Commit Most Macros & LUTRAMs | Checksum: 217f415ec

Time (s): cpu = 00:00:29 ; elapsed = 00:00:29 . Memory (MB): peak = 2465.207 ; gain = 115.340

Phase 3.3 Area Swap Optimization
Phase 3.3 Area Swap Optimization | Checksum: 1ba9e2c4c

Time (s): cpu = 00:00:29 ; elapsed = 00:00:29 . Memory (MB): peak = 2465.207 ; gain = 115.340

Phase 3.4 Pipeline Register Optimization
Phase 3.4 Pipeline Register Optimization | Checksum: 204444054

Time (s): cpu = 00:00:29 ; elapsed = 00:00:29 . Memory (MB): peak = 2465.207 ; gain = 115.340

Phase 3.5 Fast Optimization
Phase 3.5 Fast Optimization | Checksum: 2a9f81265

Time (s): cpu = 00:00:33 ; elapsed = 00:00:33 . Memory (MB): peak = 2465.207 ; gain = 115.340

Phase 3.6 Small Shape Detail Placement
Phase 3.6 Small Shape Detail Placement | Checksum: 26245270f

Time (s): cpu = 00:00:35 ; elapsed = 00:00:36 . Memory (MB): peak = 2465.207 ; gain = 115.340

Phase 3.7 Re-assign LUT pins
Phase 3.7 Re-assign LUT pins | Checksum: 245affd36

Time (s): cpu = 00:00:36 ; elapsed = 00:00:36 . Memory (MB): peak = 2465.207 ; gain = 115.340

Phase 3.8 Pipeline Register Optimization
Phase 3.8 Pipeline Register Optimization | Checksum: 1436e21fc

Time (s): cpu = 00:00:36 ; elapsed = 00:00:36 . Memory (MB): peak = 2465.207 ; gain = 115.340

Phase 3.9 Fast Optimization
Phase 3.9 Fast Optimization | Checksum: 194898d07

Time (s): cpu = 00:00:42 ; elapsed = 00:00:43 . Memory (MB): peak = 2465.207 ; gain = 115.340
Phase 3 Detail Placement | Checksum: 194898d07

Time (s): cpu = 00:00:42 ; elapsed = 00:00:43 . Memory (MB): peak = 2465.207 ; gain = 115.340

Phase 4 Post Placement Optimization and Clean-Up

Phase 4.1 Post Commit Optimization
INFO: [Timing 38-35] Done setting XDC timing constraints.

Phase 4.1.1 Post Placement Optimization
Post Placement Optimization Initialization | Checksum: 19ddbbb13

Phase 4.1.1.1 BUFG Insertion

Starting Physical Synthesis Task

Phase 1 Physical Synthesis Initialization
INFO: [Physopt 32-721] Multithreading enabled for phys_opt_design using a maximum of 1 CPUs
INFO: [Physopt 32-619] Estimated Timing Summary | WNS=-1.240 | TNS=-369.518 |
Phase 1 Physical Synthesis Initialization | Checksum: 195e4473a

Time (s): cpu = 00:00:00 ; elapsed = 00:00:00.615 . Memory (MB): peak = 2509.293 ; gain = 0.000
INFO: [Place 46-33] Processed net fastvit_bd_i/worker_0/inst/conv_gmem3_m_axi_U/bus_write/wreq_burst_conv/rs_req/ap_rst_n_0, BUFG insertion was skipped due to placement/routing conflicts.
INFO: [Place 46-56] BUFG insertion identified 1 candidate nets. Inserted BUFG: 0, Replicated BUFG Driver: 0, Skipped due to Placement/Routing Conflicts: 1, Skipped due to Timing Degradation: 0, Skipped due to netlist editing failed: 0.
Ending Physical Synthesis Task | Checksum: f4d330d8

Time (s): cpu = 00:00:00 ; elapsed = 00:00:00.874 . Memory (MB): peak = 2522.551 ; gain = 13.258
Phase 4.1.1.1 BUFG Insertion | Checksum: 19ddbbb13

Time (s): cpu = 00:00:47 ; elapsed = 00:00:48 . Memory (MB): peak = 2522.551 ; gain = 172.684

Phase 4.1.1.2 Post Placement Timing Optimization
INFO: [Place 30-746] Post Placement Timing Summary WNS=-0.634. For the most accurate timing information please run report_timing.
Phase 4.1.1.2 Post Placement Timing Optimization | Checksum: d094ef0e

Time (s): cpu = 00:00:58 ; elapsed = 00:01:00 . Memory (MB): peak = 2522.551 ; gain = 172.684

Time (s): cpu = 00:00:58 ; elapsed = 00:01:00 . Memory (MB): peak = 2522.551 ; gain = 172.684
Phase 4.1 Post Commit Optimization | Checksum: d094ef0e

Time (s): cpu = 00:00:58 ; elapsed = 00:01:00 . Memory (MB): peak = 2522.551 ; gain = 172.684

Phase 4.2 Post Placement Cleanup
Phase 4.2 Post Placement Cleanup | Checksum: d094ef0e

Time (s): cpu = 00:00:58 ; elapsed = 00:01:00 . Memory (MB): peak = 2522.551 ; gain = 172.684

Phase 4.3 Placer Reporting

Phase 4.3.1 Print Estimated Congestion
INFO: [Place 30-612] Post-Placement Estimated Congestion 
 ____________________________________________________
|           | Global Congestion | Short Congestion  |
| Direction | Region Size       | Region Size       |
|___________|___________________|___________________|
|      North|                1x1|                2x2|
|___________|___________________|___________________|
|      South|                1x1|                4x4|
|___________|___________________|___________________|
|       East|                1x1|                2x2|
|___________|___________________|___________________|
|       West|                1x1|                1x1|
|___________|___________________|___________________|

Phase 4.3.1 Print Estimated Congestion | Checksum: d094ef0e

Time (s): cpu = 00:00:59 ; elapsed = 00:01:00 . Memory (MB): peak = 2522.551 ; gain = 172.684
Phase 4.3 Placer Reporting | Checksum: d094ef0e

Time (s): cpu = 00:00:59 ; elapsed = 00:01:00 . Memory (MB): peak = 2522.551 ; gain = 172.684

Phase 4.4 Final Placement Cleanup
Netlist sorting complete. Time (s): cpu = 00:00:00 ; elapsed = 00:00:00.007 . Memory (MB): peak = 2522.551 ; gain = 0.000

Time (s): cpu = 00:00:59 ; elapsed = 00:01:00 . Memory (MB): peak = 2522.551 ; gain = 172.684
Phase 4 Post Placement Optimization and Clean-Up | Checksum: 11bf7baaa

Time (s): cpu = 00:00:59 ; elapsed = 00:01:00 . Memory (MB): peak = 2522.551 ; gain = 172.684
Ending Placer Task | Checksum: 1193a7a11

Time (s): cpu = 00:00:59 ; elapsed = 00:01:00 . Memory (MB): peak = 2522.551 ; gain = 172.684
96 Infos, 1 Warnings, 0 Critical Warnings and 0 Errors encountered.
place_design completed successfully
place_design: Time (s): cpu = 00:01:00 ; elapsed = 00:01:01 . Memory (MB): peak = 2522.551 ; gain = 172.684
INFO: [Vivado 12-24828] Executing command : report_io -file fastvit_bd_wrapper_io_placed.rpt
report_io: Time (s): cpu = 00:00:00 ; elapsed = 00:00:00.028 . Memory (MB): peak = 2522.551 ; gain = 0.000
INFO: [Vivado 12-24828] Executing command : report_utilization -file fastvit_bd_wrapper_utilization_placed.rpt -pb fastvit_bd_wrapper_utilization_placed.pb
INFO: [Vivado 12-24828] Executing command : report_control_sets -verbose -file fastvit_bd_wrapper_control_sets_placed.rpt
report_control_sets: Time (s): cpu = 00:00:00 ; elapsed = 00:00:00.064 . Memory (MB): peak = 2522.551 ; gain = 0.000
INFO: [Timing 38-480] Writing timing data to binary archive.
Write ShapeDB Complete: Time (s): cpu = 00:00:00 ; elapsed = 00:00:00.057 . Memory (MB): peak = 2522.551 ; gain = 0.000
Wrote PlaceDB: Time (s): cpu = 00:00:01 ; elapsed = 00:00:00.921 . Memory (MB): peak = 2522.551 ; gain = 0.000
Wrote PulsedLatchDB: Time (s): cpu = 00:00:00 ; elapsed = 00:00:00.001 . Memory (MB): peak = 2522.551 ; gain = 0.000
Writing XDEF routing.
Writing XDEF routing logical nets.
Writing XDEF routing special nets.
Wrote RouteStorage: Time (s): cpu = 00:00:00 ; elapsed = 00:00:00.032 . Memory (MB): peak = 2522.551 ; gain = 0.000
Wrote Netlist Cache: Time (s): cpu = 00:00:00 ; elapsed = 00:00:00.030 . Memory (MB): peak = 2522.551 ; gain = 0.000
Wrote Device Cache: Time (s): cpu = 00:00:00 ; elapsed = 00:00:00.008 . Memory (MB): peak = 2522.551 ; gain = 0.000
Write Physdb Complete: Time (s): cpu = 00:00:01 ; elapsed = 00:00:01 . Memory (MB): peak = 2522.551 ; gain = 0.000
INFO: [Common 17-1381] The checkpoint 'E:/codes/microzed/fastvit_hls/vivado_impl/fastvit_conv_only_200mhz_proj/fastvit_conv_only_200mhz_proj.runs/impl_1/fastvit_bd_wrapper_placed.dcp' has been generated.
Command: phys_opt_design -directive AggressiveExplore
Attempting to get a license for feature 'Implementation' and/or device 'xc7z020'
INFO: [Common 17-349] Got license for feature 'Implementation' and/or device 'xc7z020'
INFO: [Vivado_Tcl 4-137] Directive used for phys_opt_design is: AggressiveExplore

Starting Initial Update Timing Task

Time (s): cpu = 00:00:04 ; elapsed = 00:00:03 . Memory (MB): peak = 2523.508 ; gain = 0.957
INFO: [Vivado_Tcl 4-1435] PhysOpt_Tcl_Interface Runtime Before Starting Physical Synthesis Task | CPU: 4.00s |  WALL: 3.13s
Netlist sorting complete. Time (s): cpu = 00:00:00 ; elapsed = 00:00:00.006 . Memory (MB): peak = 2523.508 ; gain = 0.000

Starting Physical Synthesis Task

Phase 1 Physical Synthesis Initialization
INFO: [Physopt 32-721] Multithreading enabled for phys_opt_design using a maximum of 1 CPUs
INFO: [Physopt 32-619] Estimated Timing Summary | WNS=-0.634 | TNS=-247.909 |
Phase 1 Physical Synthesis Initialization | Checksum: 1988635f1

Time (s): cpu = 00:00:01 ; elapsed = 00:00:02 . Memory (MB): peak = 2537.234 ; gain = 13.727

Phase 2 SLR Crossing Optimization
Phase 2 SLR Crossing Optimization | Checksum: 1988635f1

Time (s): cpu = 00:00:01 ; elapsed = 00:00:02 . Memory (MB): peak = 2537.234 ; gain = 13.727
INFO: [Physopt 32-619] Estimated Timing Summary | WNS=-0.634 | TNS=-247.909 |

Phase 3 Fanout Optimization
INFO: [Physopt 32-76] Pass 1. Identified 50 candidate nets for fanout optimization.
INFO: [Physopt 32-572] Net fastvit_bd_i/worker_0/inst/ctrl_s_axi_U/int_CHin[31]_i_1_n_0 was not replicated.
Resolution: phys_opt_design can be forced to replicate a net driver using the option -force_replication_on_nets <list of net objects>.
INFO: [Physopt 32-572] Net fastvit_bd_i/worker_0/inst/conv_worker_U/grp_conv_worker_Pipeline_LOAD_IN_VITIS_LOOP_140_3_fu_393/m_axi_gmem0_0_ARVALID8160_out was not replicated.
Resolution: phys_opt_design can be forced to replicate a net driver using the option -force_replication_on_nets <list of net objects>.
INFO: [Physopt 32-81] Processed net fastvit_bd_i/worker_0/inst/conv_worker_U/grp_conv_worker_Pipeline_LOAD_IN_VITIS_LOOP_140_3_fu_393/ap_enable_reg_pp0_iter9. Replicated 3 times.
INFO: [Physopt 32-81] Processed net fastvit_bd_i/worker_0/inst/conv_worker_U/grp_conv_worker_Pipeline_LOAD_IN_VITIS_LOOP_140_3_fu_393/m_axi_gmem0_0_ARVALID3134_out. Replicated 4 times.
INFO: [Physopt 32-572] Net fastvit_bd_i/worker_0/inst/conv_worker_U/grp_conv_worker_Pipeline_LOAD_IN_VITIS_LOOP_140_3_fu_393/m_axi_gmem0_0_ARVALID4137_out was not replicated.
Resolution: phys_opt_design can be forced to replicate a net driver using the option -force_replication_on_nets <list of net objects>.
INFO: [Physopt 32-572] Net fastvit_bd_i/worker_0/inst/ctrl_s_axi_U/int_out_shift[31]_i_1_n_0 was not replicated.
Resolution: phys_opt_design can be forced to replicate a net driver using the option -force_replication_on_nets <list of net objects>.
INFO: [Physopt 32-81] Processed net fastvit_bd_i/worker_0/inst/conv_worker_U/grp_conv_worker_Pipeline_LOAD_IN_VITIS_LOOP_140_3_fu_393/m_axi_gmem0_0_ARVALID7150_out. Replicated 3 times.
INFO: [Physopt 32-81] Processed net fastvit_bd_i/sc_main/inst/s03_entry_pipeline/s03_mmu/inst/w_sreg/m_vector_i. Replicated 1 times.
INFO: [Physopt 32-572] Net fastvit_bd_i/worker_0/inst/ctrl_s_axi_U/int_stride_w[31]_i_1_n_0 was not replicated.
Resolution: phys_opt_design can be forced to replicate a net driver using the option -force_replication_on_nets <list of net objects>.
INFO: [Physopt 32-572] Net fastvit_bd_i/worker_0/inst/conv_worker_U/grp_conv_worker_Pipeline_LOAD_IN_VITIS_LOOP_140_3_fu_393/push_0 was not replicated.
Resolution: phys_opt_design can be forced to replicate a net driver using the option -force_replication_on_nets <list of net objects>.
INFO: [Physopt 32-572] Net fastvit_bd_i/worker_0/inst/ctrl_s_axi_U/int_Kw[31]_i_1_n_0 was not replicated.
Resolution: phys_opt_design can be forced to replicate a net driver using the option -force_replication_on_nets <list of net objects>.
INFO: [Physopt 32-572] Net fastvit_bd_i/worker_0/inst/ctrl_s_axi_U/int_stride_h[31]_i_1_n_0 was not replicated.
Resolution: phys_opt_design can be forced to replicate a net driver using the option -force_replication_on_nets <list of net objects>.
INFO: [Physopt 32-81] Processed net fastvit_bd_i/worker_0/inst/conv_worker_U/grp_conv_worker_Pipeline_LOAD_IN_VITIS_LOOP_140_3_fu_393/ap_enable_reg_pp0_iter10. Replicated 3 times.
INFO: [Physopt 32-572] Net fastvit_bd_i/worker_0/inst/conv_worker_U/grp_conv_worker_Pipeline_LOAD_IN_VITIS_LOOP_140_3_fu_393/mem_reg[68][0]_srl32_i_16_n_0 was not replicated.
Resolution: phys_opt_design can be forced to replicate a net driver using the option -force_replication_on_nets <list of net objects>.
INFO: [Physopt 32-572] Net fastvit_bd_i/worker_0/inst/ctrl_s_axi_U/int_pad_w[31]_i_1_n_0 was not replicated.
Resolution: phys_opt_design can be forced to replicate a net driver using the option -force_replication_on_nets <list of net objects>.
INFO: [Physopt 32-572] Net fastvit_bd_i/worker_0/inst/conv_worker_U/grp_conv_worker_Pipeline_LOAD_IN_VITIS_LOOP_140_3_fu_393/m_axi_gmem0_0_ARVALID8154_out was not replicated.
Resolution: phys_opt_design can be forced to replicate a net driver using the option -force_replication_on_nets <list of net objects>.
INFO: [Physopt 32-232] Optimized 5 nets. Created 14 new instances.
INFO: [Physopt 32-775] End 1 Pass. Optimized 5 nets or cells. Created 14 new cells, deleted 0 existing cell and moved 0 existing cell
INFO: [Physopt 32-619] Estimated Timing Summary | WNS=-0.634 | TNS=-230.166 |
Netlist sorting complete. Time (s): cpu = 00:00:00 ; elapsed = 00:00:00.145 . Memory (MB): peak = 2539.672 ; gain = 0.000
Phase 3 Fanout Optimization | Checksum: 111201782

Time (s): cpu = 00:00:04 ; elapsed = 00:00:04 . Memory (MB): peak = 2539.672 ; gain = 16.164

Phase 4 Single Cell Placement Optimization
INFO: [Physopt 32-660] Identified 250 candidate nets for placement-based optimization.
INFO: [Physopt 32-662] Processed net fastvit_bd_i/worker_0/inst/conv_worker_U/grp_conv_worker_Pipeline_LOAD_IN_VITIS_LOOP_140_3_fu_393/ap_CS_fsm_reg[61]_1[0].  Did not re-place instance fastvit_bd_i/worker_0/inst/conv_worker_U/grp_conv_worker_Pipeline_LOAD_IN_VITIS_LOOP_140_3_fu_393/ram_reg_0_63_0_0_i_3__0
INFO: [Physopt 32-663] Processed net fastvit_bd_i/worker_0/inst/conv_worker_U/grp_conv_worker_Pipeline_LOAD_IN_VITIS_LOOP_140_3_fu_393/zext_ln150_1_fu_1674_p1[3].  Re-placed instance fastvit_bd_i/worker_0/inst/conv_worker_U/grp_conv_worker_Pipeline_LOAD_IN_VITIS_LOOP_140_3_fu_393/select_ln137_reg_2175_pp0_iter9_reg_reg[0]__0
INFO: [Physopt 32-662] Processed net fastvit_bd_i/worker_0/inst/conv_worker_U/grp_conv_worker_Pipeline_LOAD_IN_VITIS_LOOP_140_3_fu_393/grp_conv_worker_Pipeline_LOAD_IN_VITIS_LOOP_140_3_fu_393_p_ZL6in_buf_0_address0[0].  Did not re-place instance fastvit_bd_i/worker_0/inst/conv_worker_U/grp_conv_worker_Pipeline_LOAD_IN_VITIS_LOOP_140_3_fu_393/ram_reg_0_63_0_0_i_15
INFO: [Physopt 32-662] Processed net fastvit_bd_i/worker_0/inst/conv_worker_U/grp_conv_worker_Pipeline_LOAD_IN_VITIS_LOOP_140_3_fu_393/ram_reg_0_63_0_0_i_26_n_0.  Did not re-place instance fastvit_bd_i/worker_0/inst/conv_worker_U/grp_conv_worker_Pipeline_LOAD_IN_VITIS_LOOP_140_3_fu_393/ram_reg_0_63_0_0_i_26
INFO: [Physopt 32-662] Processed net fastvit_bd_i/worker_0/inst/conv_worker_U/grp_conv_worker_Pipeline_LOAD_IN_VITIS_LOOP_140_3_fu_393/ram_reg_0_63_0_0_i_45_n_0.  Did not re-place instance fastvit_bd_i/worker_0/inst/conv_worker_U/grp_conv_worker_Pipeline_LOAD_IN_VITIS_LOOP_140_3_fu_393/ram_reg_0_63_0_0_i_45
INFO: [Physopt 32-662] Processed net fastvit_bd_i/worker_0/inst/conv_worker_U/p_ZL6in_buf_0_U/q00__7[0].  Did not re-place instance fastvit_bd_i/worker_0/inst/conv_worker_U/p_ZL6in_buf_0_U/q0[0]_i_1
INFO: [Physopt 32-662] Processed net fastvit_bd_i/worker_0/inst/conv_worker_U/p_ZL6in_buf_0_U/Q[0].  Did not re-place instance fastvit_bd_i/worker_0/inst/conv_worker_U/p_ZL6in_buf_0_U/q0_reg[0]
INFO: [Physopt 32-662] Processed net fastvit_bd_i/worker_0/inst/conv_worker_U/p_ZL6in_buf_0_U/q00__7[1].  Did not re-place instance fastvit_bd_i/worker_0/inst/conv_worker_U/p_ZL6in_buf_0_U/q0[1]_i_1
INFO: [Physopt 32-662] Processed net fastvit_bd_i/worker_0/inst/conv_worker_U/p_ZL6in_buf_0_U/Q[1].  Did not re-place instance fastvit_bd_i/worker_0/inst/conv_worker_U/p_ZL6in_buf_0_U/q0_reg[1]
INFO: [Physopt 32-663] Processed net fastvit_bd_i/worker_0/inst/conv_worker_U/grp_conv_worker_Pipeline_LOAD_IN_VITIS_LOOP_140_3_fu_393/ap_CS_fsm_pp0_stage6.  Re-placed instance fastvit_bd_i/worker_0/inst/conv_worker_U/grp_conv_worker_Pipeline_LOAD_IN_VITIS_LOOP_140_3_fu_393/ap_CS_fsm_reg[6]
INFO: [Physopt 32-662] Processed net fastvit_bd_i/worker_0/inst/conv_worker_U/grp_conv_worker_Pipeline_LOAD_IN_VITIS_LOOP_140_3_fu_393/trunc_ln150_reg_2438[3].  Did not re-place instance fastvit_bd_i/worker_0/inst/conv_worker_U/grp_conv_worker_Pipeline_LOAD_IN_VITIS_LOOP_140_3_fu_393/trunc_ln150_reg_2438_reg[3]
INFO: [Physopt 32-662] Processed net fastvit_bd_i/worker_0/inst/conv_worker_U/grp_conv_worker_Pipeline_COMPUTE_KH_COMPUTE_KW_COMPUTE_TR_COMPUTE_TC_fu_466/p_ZL6in_buf_1_address0[3].  Did not re-place instance fastvit_bd_i/worker_0/inst/conv_worker_U/grp_conv_worker_Pipeline_COMPUTE_KH_COMPUTE_KW_COMPUTE_TR_COMPUTE_TC_fu_466/ram_reg_0_63_0_0_i_5
INFO: [Physopt 32-662] Processed net fastvit_bd_i/worker_0/inst/conv_worker_U/grp_conv_worker_Pipeline_LOAD_IN_VITIS_LOOP_140_3_fu_393/grp_conv_worker_Pipeline_LOAD_IN_VITIS_LOOP_140_3_fu_393_p_ZL6in_buf_0_address0[3].  Did not re-place instance fastvit_bd_i/worker_0/inst/conv_worker_U/grp_conv_worker_Pipeline_LOAD_IN_VITIS_LOOP_140_3_fu_393/ram_reg_0_63_0_0_i_18
INFO: [Physopt 32-662] Processed net fastvit_bd_i/worker_0/inst/conv_worker_U/grp_conv_worker_Pipeline_LOAD_IN_VITIS_LOOP_140_3_fu_393/ram_reg_0_63_0_0_i_33_n_0.  Did not re-place instance fastvit_bd_i/worker_0/inst/conv_worker_U/grp_conv_worker_Pipeline_LOAD_IN_VITIS_LOOP_140_3_fu_393/ram_reg_0_63_0_0_i_33
INFO: [Physopt 32-662] Processed net fastvit_bd_i/worker_0/inst/conv_worker_U/grp_conv_worker_Pipeline_LOAD_IN_VITIS_LOOP_140_3_fu_393/ram_reg_0_63_0_0_i_47_n_0.  Did not re-place instance fastvit_bd_i/worker_0/inst/conv_worker_U/grp_conv_worker_Pipeline_LOAD_IN_VITIS_LOOP_140_3_fu_393/ram_reg_0_63_0_0_i_47
INFO: [Physopt 32-663] Processed net fastvit_bd_i/worker_0/inst/conv_worker_U/p_ZL6in_buf_1_U/q00__8[0].  Re-placed instance fastvit_bd_i/worker_0/inst/conv_worker_U/p_ZL6in_buf_1_U/q0[0]_i_1__0
INFO: [Physopt 32-662] Processed net fastvit_bd_i/worker_0/inst/conv_worker_U/p_ZL6in_buf_1_U/Q[0].  Did not re-place instance fastvit_bd_i/worker_0/inst/conv_worker_U/p_ZL6in_buf_1_U/q0_reg[0]
INFO: [Physopt 32-663] Processed net fastvit_bd_i/worker_0/inst/conv_worker_U/p_ZL6in_buf_1_U/q00__8[3].  Re-placed instance fastvit_bd_i/worker_0/inst/conv_worker_U/p_ZL6in_buf_1_U/q0[3]_i_2__0
INFO: [Physopt 32-662] Processed net fastvit_bd_i/worker_0/inst/conv_worker_U/p_ZL6in_buf_1_U/Q[3].  Did not re-place instance fastvit_bd_i/worker_0/inst/conv_worker_U/p_ZL6in_buf_1_U/q0_reg[3]
INFO: [Physopt 32-663] Processed net fastvit_bd_i/worker_0/inst/conv_worker_U/p_ZL6in_buf_1_U/q00__8[2].  Re-placed instance fastvit_bd_i/worker_0/inst/conv_worker_U/p_ZL6in_buf_1_U/q0[2]_i_1__0
INFO: [Physopt 32-662] Processed net fastvit_bd_i/worker_0/inst/conv_worker_U/p_ZL6in_buf_1_U/Q[2].  Did not re-place instance fastvit_bd_i/worker_0/inst/conv_worker_U/p_ZL6in_buf_1_U/q0_reg[2]
INFO: [Physopt 32-663] Processed net fastvit_bd_i/worker_0/inst/conv_worker_U/p_ZL6in_buf_1_U/q00__8[1].  Re-placed instance fastvit_bd_i/worker_0/inst/conv_worker_U/p_ZL6in_buf_1_U/q0[1]_i_1__0
INFO: [Physopt 32-662] Processed net fastvit_bd_i/worker_0/inst/conv_worker_U/p_ZL6in_buf_1_U/Q[1].  Did not re-place instance fastvit_bd_i/worker_0/inst/conv_worker_U/p_ZL6in_buf_1_U/q0_reg[1]
INFO: [Physopt 32-662] Processed net fastvit_bd_i/worker_0/inst/ctrl_s_axi_U/int_CHin[31]_i_1_n_0.  Did not re-place instance fastvit_bd_i/worker_0/inst/ctrl_s_axi_U/int_CHin[31]_i_1
INFO: [Physopt 32-662] Processed net fastvit_bd_i/worker_0/inst/ctrl_s_axi_U/int_op_code[31]_i_3_n_0.  Did not re-place instance fastvit_bd_i/worker_0/inst/ctrl_s_axi_U/int_op_code[31]_i_3
INFO: [Physopt 32-663] Processed net fastvit_bd_i/ps_ctrl_ic/xbar/inst/gen_sasd.crossbar_sasd_0/addr_arbiter_inst/m_axi_wvalid[1].  Re-placed instance fastvit_bd_i/ps_ctrl_ic/xbar/inst/gen_sasd.crossbar_sasd_0/addr_arbiter_inst/m_axi_wvalid[1]_INST_0
INFO: [Physopt 32-662] Processed net fastvit_bd_i/worker_0/inst/ctrl_s_axi_U/int_CHin_reg[31]_1[1].  Did not re-place instance fastvit_bd_i/worker_0/inst/ctrl_s_axi_U/int_CHin_reg[1]
INFO: [Physopt 32-663] Processed net fastvit_bd_i/worker_0/inst/conv_worker_U/grp_conv_worker_Pipeline_LOAD_IN_VITIS_LOOP_140_3_fu_393/trunc_ln150_reg_2438[2].  Re-placed instance fastvit_bd_i/worker_0/inst/conv_worker_U/grp_conv_worker_Pipeline_LOAD_IN_VITIS_LOOP_140_3_fu_393/trunc_ln150_reg_2438_reg[2]
INFO: [Physopt 32-663] Processed net fastvit_bd_i/worker_0/inst/conv_worker_U/grp_conv_worker_Pipeline_COMPUTE_KH_COMPUTE_KW_COMPUTE_TR_COMPUTE_TC_fu_466/p_ZL6in_buf_0_address0[1].  Re-placed instance fastvit_bd_i/worker_0/inst/conv_worker_U/grp_conv_worker_Pipeline_COMPUTE_KH_COMPUTE_KW_COMPUTE_TR_COMPUTE_TC_fu_466/ram_reg_0_63_0_0_i_8
INFO: [Physopt 32-662] Processed net fastvit_bd_i/worker_0/inst/conv_worker_U/grp_conv_worker_Pipeline_COMPUTE_KH_COMPUTE_KW_COMPUTE_TR_COMPUTE_TC_fu_466/ap_CS_fsm_reg[61]_0.  Did not re-place instance fastvit_bd_i/worker_0/inst/conv_worker_U/grp_conv_worker_Pipeline_COMPUTE_KH_COMPUTE_KW_COMPUTE_TR_COMPUTE_TC_fu_466/ram_reg_0_15_0_0__0_i_1
INFO: [Physopt 32-662] Processed net fastvit_bd_i/worker_0/inst/conv_worker_U/grp_conv_worker_Pipeline_LOAD_IN_VITIS_LOOP_140_3_fu_393/grp_conv_worker_Pipeline_LOAD_IN_VITIS_LOOP_140_3_fu_393_p_ZL6in_buf_0_address0[5].  Did not re-place instance fastvit_bd_i/worker_0/inst/conv_worker_U/grp_conv_worker_Pipeline_LOAD_IN_VITIS_LOOP_140_3_fu_393/ram_reg_0_63_0_0_i_20
INFO: [Physopt 32-662] Processed net fastvit_bd_i/worker_0/inst/conv_worker_U/grp_conv_worker_Pipeline_LOAD_IN_VITIS_LOOP_140_3_fu_393/ram_reg_0_63_0_0_i_40_n_0.  Did not re-place instance fastvit_bd_i/worker_0/inst/conv_worker_U/grp_conv_worker_Pipeline_LOAD_IN_VITIS_LOOP_140_3_fu_393/ram_reg_0_63_0_0_i_40
INFO: [Physopt 32-663] Processed net fastvit_bd_i/worker_0/inst/conv_worker_U/grp_conv_worker_Pipeline_LOAD_IN_VITIS_LOOP_140_3_fu_393/ram_reg_0_63_0_0_i_63_n_0.  Re-placed instance fastvit_bd_i/worker_0/inst/conv_worker_U/grp_conv_worker_Pipeline_LOAD_IN_VITIS_LOOP_140_3_fu_393/ram_reg_0_63_0_0_i_63
INFO: [Physopt 32-663] Processed net fastvit_bd_i/worker_0/inst/conv_worker_U/p_ZL6in_buf_0_U/q00__7[2].  Re-placed instance fastvit_bd_i/worker_0/inst/conv_worker_U/p_ZL6in_buf_0_U/q0[2]_i_1
INFO: [Physopt 32-662] Processed net fastvit_bd_i/worker_0/inst/conv_worker_U/p_ZL6in_buf_0_U/Q[2].  Did not re-place instance fastvit_bd_i/worker_0/inst/conv_worker_U/p_ZL6in_buf_0_U/q0_reg[2]
INFO: [Physopt 32-663] Processed net fastvit_bd_i/worker_0/inst/conv_worker_U/p_ZL6in_buf_0_U/q00__7[3].  Re-placed instance fastvit_bd_i/worker_0/inst/conv_worker_U/p_ZL6in_buf_0_U/q0[3]_i_2
INFO: [Physopt 32-662] Processed net fastvit_bd_i/worker_0/inst/conv_worker_U/p_ZL6in_buf_0_U/Q[3].  Did not re-place instance fastvit_bd_i/worker_0/inst/conv_worker_U/p_ZL6in_buf_0_U/q0_reg[3]
INFO: [Physopt 32-662] Processed net fastvit_bd_i/worker_0/inst/conv_worker_U/grp_conv_worker_Pipeline_LOAD_IN_VITIS_LOOP_140_3_fu_393/ap_phi_reg_pp0_iter10_storemerge180_reg_8034.  Did not re-place instance fastvit_bd_i/worker_0/inst/conv_worker_U/grp_conv_worker_Pipeline_LOAD_IN_VITIS_LOOP_140_3_fu_393/ram_reg_0_63_0_0_i_22
INFO: [Physopt 32-662] Processed net fastvit_bd_i/worker_0/inst/conv_worker_U/grp_conv_worker_Pipeline_LOAD_IN_VITIS_LOOP_140_3_fu_393/ap_CS_fsm_reg_n_0_[0].  Did not re-place instance fastvit_bd_i/worker_0/inst/conv_worker_U/grp_conv_worker_Pipeline_LOAD_IN_VITIS_LOOP_140_3_fu_393/ap_CS_fsm_reg[0]
INFO: [Physopt 32-662] Processed net fastvit_bd_i/worker_0/inst/conv_worker_U/grp_conv_worker_Pipeline_LOAD_IN_VITIS_LOOP_140_3_fu_393/ap_CS_fsm_reg[61]_1[3].  Did not re-place instance fastvit_bd_i/worker_0/inst/conv_worker_U/grp_conv_worker_Pipeline_LOAD_IN_VITIS_LOOP_140_3_fu_393/ram_reg_0_63_0_0_i_6__0
INFO: [Physopt 32-663] Processed net fastvit_bd_i/worker_0/inst/conv_worker_U/grp_conv_worker_Pipeline_LOAD_IN_VITIS_LOOP_140_3_fu_393/trunc_ln150_reg_2438[4].  Re-placed instance fastvit_bd_i/worker_0/inst/conv_worker_U/grp_conv_worker_Pipeline_LOAD_IN_VITIS_LOOP_140_3_fu_393/trunc_ln150_reg_2438_reg[4]
INFO: [Physopt 32-663] Processed net fastvit_bd_i/worker_0/inst/conv_worker_U/grp_conv_worker_Pipeline_LOAD_IN_VITIS_LOOP_140_3_fu_393/ap_CS_fsm_pp0_stage2.  Re-placed instance fastvit_bd_i/worker_0/inst/conv_worker_U/grp_conv_worker_Pipeline_LOAD_IN_VITIS_LOOP_140_3_fu_393/ap_CS_fsm_reg[2]
INFO: [Physopt 32-663] Processed net fastvit_bd_i/worker_0/inst/conv_worker_U/grp_conv_worker_Pipeline_LOAD_IN_VITIS_LOOP_140_3_fu_393/ap_CS_fsm_reg[61]_1[1].  Re-placed instance fastvit_bd_i/worker_0/inst/conv_worker_U/grp_conv_worker_Pipeline_LOAD_IN_VITIS_LOOP_140_3_fu_393/ram_reg_0_63_0_0_i_4__0
INFO: [Physopt 32-662] Processed net fastvit_bd_i/worker_0/inst/conv_worker_U/grp_conv_worker_Pipeline_LOAD_IN_VITIS_LOOP_140_3_fu_393/ram_reg_0_63_0_0_i_11_n_0.  Did not re-place instance fastvit_bd_i/worker_0/inst/conv_worker_U/grp_conv_worker_Pipeline_LOAD_IN_VITIS_LOOP_140_3_fu_393/ram_reg_0_63_0_0_i_11
INFO: [Physopt 32-662] Processed net fastvit_bd_i/worker_0/inst/conv_worker_U/grp_conv_worker_Pipeline_LOAD_IN_VITIS_LOOP_140_3_fu_393/grp_conv_worker_Pipeline_LOAD_IN_VITIS_LOOP_140_3_fu_393_p_ZL6in_buf_0_address0[1].  Did not re-place instance fastvit_bd_i/worker_0/inst/conv_worker_U/grp_conv_worker_Pipeline_LOAD_IN_VITIS_LOOP_140_3_fu_393/ram_reg_0_63_0_0_i_16
INFO: [Physopt 32-662] Processed net fastvit_bd_i/worker_0/inst/conv_worker_U/grp_conv_worker_Pipeline_LOAD_IN_VITIS_LOOP_140_3_fu_393/ap_enable_reg_pp0_iter9_repN.  Did not re-place instance fastvit_bd_i/worker_0/inst/conv_worker_U/grp_conv_worker_Pipeline_LOAD_IN_VITIS_LOOP_140_3_fu_393/ap_enable_reg_pp0_iter9_reg_replica
INFO: [Physopt 32-662] Processed net fastvit_bd_i/worker_0/inst/conv_worker_U/grp_conv_worker_Pipeline_LOAD_IN_VITIS_LOOP_140_3_fu_393/ap_phi_reg_pp0_iter9_storemerge177_reg_7644.  Did not re-place instance fastvit_bd_i/worker_0/inst/conv_worker_U/grp_conv_worker_Pipeline_LOAD_IN_VITIS_LOOP_140_3_fu_393/ap_phi_reg_pp0_iter9_storemerge177_reg_764[3]_i_4
INFO: [Physopt 32-662] Processed net fastvit_bd_i/worker_0/inst/conv_worker_U/grp_conv_worker_Pipeline_COMPUTE_KH_COMPUTE_KW_COMPUTE_TR_COMPUTE_TC_fu_466/p_ZL6in_buf_1_address0[0].  Did not re-place instance fastvit_bd_i/worker_0/inst/conv_worker_U/grp_conv_worker_Pipeline_COMPUTE_KH_COMPUTE_KW_COMPUTE_TR_COMPUTE_TC_fu_466/ram_reg_0_63_0_0_i_2
INFO: [Physopt 32-662] Processed net fastvit_bd_i/worker_0/inst/ctrl_s_axi_U/int_out_shift[31]_i_1_n_0.  Did not re-place instance fastvit_bd_i/worker_0/inst/ctrl_s_axi_U/int_out_shift[31]_i_1
INFO: [Physopt 32-663] Processed net fastvit_bd_i/worker_0/inst/ctrl_s_axi_U/out_shift_w[14].  Re-placed instance fastvit_bd_i/worker_0/inst/ctrl_s_axi_U/int_out_shift_reg[14]
INFO: [Physopt 32-663] Processed net fastvit_bd_i/worker_0/inst/ctrl_s_axi_U/out_shift_w[15].  Re-placed instance fastvit_bd_i/worker_0/inst/ctrl_s_axi_U/int_out_shift_reg[15]
INFO: [Physopt 32-663] Processed net fastvit_bd_i/worker_0/inst/ctrl_s_axi_U/out_shift_w[22].  Re-placed instance fastvit_bd_i/worker_0/inst/ctrl_s_axi_U/int_out_shift_reg[22]
INFO: [Physopt 32-663] Processed net fastvit_bd_i/worker_0/inst/ctrl_s_axi_U/out_shift_w[23].  Re-placed instance fastvit_bd_i/worker_0/inst/ctrl_s_axi_U/int_out_shift_reg[23]
INFO: [Physopt 32-663] Processed net fastvit_bd_i/worker_0/inst/ctrl_s_axi_U/out_shift_w[24].  Re-placed instance fastvit_bd_i/worker_0/inst/ctrl_s_axi_U/int_out_shift_reg[24]
INFO: [Physopt 32-663] Processed net fastvit_bd_i/worker_0/inst/ctrl_s_axi_U/out_shift_w[25].  Re-placed instance fastvit_bd_i/worker_0/inst/ctrl_s_axi_U/int_out_shift_reg[25]
INFO: [Physopt 32-663] Processed net fastvit_bd_i/worker_0/inst/conv_gmem0_m_axi_U/load_unit_0/buff_rdata/dout_vld_reg_0.  Re-placed instance fastvit_bd_i/worker_0/inst/conv_gmem0_m_axi_U/load_unit_0/buff_rdata/dout_vld_reg
INFO: [Physopt 32-662] Processed net fastvit_bd_i/worker_0/inst/conv_worker_U/grp_conv_worker_Pipeline_LOAD_IN_VITIS_LOOP_140_3_fu_393/conv_g0_RREADY.  Did not re-place instance fastvit_bd_i/worker_0/inst/conv_worker_U/grp_conv_worker_Pipeline_LOAD_IN_VITIS_LOOP_140_3_fu_393/i_0_LOPT_REMAP_1
INFO: [Physopt 32-662] Processed net fastvit_bd_i/worker_0/inst/conv_worker_U/grp_conv_worker_Pipeline_LOAD_IN_VITIS_LOOP_140_3_fu_393/ap_block_pp0_stage1_11001_grp17.  Did not re-place instance fastvit_bd_i/worker_0/inst/conv_worker_U/grp_conv_worker_Pipeline_LOAD_IN_VITIS_LOOP_140_3_fu_393/ap_block_pp0_stage1_subdone_grp17_done_reg_i_2
INFO: [Physopt 32-663] Processed net fastvit_bd_i/worker_0/inst/conv_gmem0_m_axi_U/load_unit_0/buff_rdata/U_fifo_mem/mem_reg_i_2__0_n_0.  Re-placed instance fastvit_bd_i/worker_0/inst/conv_gmem0_m_axi_U/load_unit_0/buff_rdata/U_fifo_mem/mem_reg_i_2__0
INFO: [Physopt 32-662] Processed net fastvit_bd_i/worker_0/inst/conv_worker_U/grp_conv_worker_Pipeline_LOAD_IN_VITIS_LOOP_140_3_fu_393/i_8/O_n.  Did not re-place instance fastvit_bd_i/worker_0/inst/conv_worker_U/grp_conv_worker_Pipeline_LOAD_IN_VITIS_LOOP_140_3_fu_393/i_8_LOPT_REMAP
INFO: [Physopt 32-663] Processed net fastvit_bd_i/sc_main/inst/m00_exit_pipeline/m00_exit/inst/w_reg/s_axi_wready.  Re-placed instance fastvit_bd_i/sc_main/inst/m00_exit_pipeline/m00_exit/inst/w_reg/s_axi_wready_INST_0
INFO: [Physopt 32-662] Processed net fastvit_bd_i/sc_main/inst/m00_nodes/m00_w_node/inst/inst_mi_handler/gen_normal_area.gen_node_prog_full.inst_node_prog_full/gen_xpm_memory_fifo.inst_fifo/gen_mem_rep[0].inst_rd_addrb/rd_addrb_incr.  Did not re-place instance fastvit_bd_i/sc_main/inst/m00_nodes/m00_w_node/inst/inst_mi_handler/gen_normal_area.gen_node_prog_full.inst_node_prog_full/gen_xpm_memory_fifo.inst_fifo/gen_mem_rep[0].inst_rd_addrb/count_r[5]_i_1__1
INFO: [Physopt 32-663] Processed net fastvit_bd_i/sc_main/inst/m00_nodes/m00_w_node/inst/inst_mi_handler/gen_normal_area.gen_node_prog_full.inst_node_prog_full/gen_xpm_memory_fifo.inst_fifo/gen_rd.fifo_empty_r_i_9_n_0.  Re-placed instance fastvit_bd_i/sc_main/inst/m00_nodes/m00_w_node/inst/inst_mi_handler/gen_normal_area.gen_node_prog_full.inst_node_prog_full/gen_xpm_memory_fifo.inst_fifo/gen_rd.fifo_empty_r_i_9
INFO: [Physopt 32-663] Processed net fastvit_bd_i/sc_main/inst/m00_exit_pipeline/m00_exit/inst/splitter_inst/gen_axi3.splitter_inst/gen_wsplitter.w_split_fifo/gen_pipelined.state_reg[1]_0.  Re-placed instance fastvit_bd_i/sc_main/inst/m00_exit_pipeline/m00_exit/inst/splitter_inst/gen_axi3.splitter_inst/gen_wsplitter.w_split_fifo/gen_pipelined.state_reg[1]
INFO: [Physopt 32-662] Processed net fastvit_bd_i/sc_main/inst/m00_nodes/m00_w_node/inst/inst_mi_handler/gen_normal_area.gen_node_prog_full.inst_node_prog_full/gen_xpm_memory_fifo.inst_fifo/gen_wr.inst_wr_addra_p1/areset_r_reg.  Did not re-place instance fastvit_bd_i/sc_main/inst/m00_nodes/m00_w_node/inst/inst_mi_handler/gen_normal_area.gen_node_prog_full.inst_node_prog_full/gen_xpm_memory_fifo.inst_fifo/gen_wr.inst_wr_addra_p1/i_0_LOPT_REMAP
INFO: [Physopt 32-663] Processed net fastvit_bd_i/sc_main/inst/m00_nodes/m00_w_node/inst/inst_mi_handler/gen_normal_area.gen_node_prog_full.inst_node_prog_full/gen_xpm_memory_fifo.inst_fifo/gen_wr.inst_wr_addra_p1/i_3/O_n.  Re-placed instance fastvit_bd_i/sc_main/inst/m00_nodes/m00_w_node/inst/inst_mi_handler/gen_normal_area.gen_node_prog_full.inst_node_prog_full/gen_xpm_memory_fifo.inst_fifo/gen_wr.inst_wr_addra_p1/i_3_LOPT_REMAP
INFO: [Physopt 32-662] Processed net fastvit_bd_i/sc_main/inst/m00_nodes/m00_w_node/inst/inst_mi_handler/gen_normal_area.gen_node_prog_full.inst_node_prog_full/gen_xpm_memory_fifo.inst_fifo/allow_transfer.  Did not re-place instance fastvit_bd_i/sc_main/inst/m00_nodes/m00_w_node/inst/inst_mi_handler/gen_normal_area.gen_node_prog_full.inst_node_prog_full/gen_xpm_memory_fifo.inst_fifo/gen_wr.afull_r_reg_inv
INFO: [Physopt 32-662] Processed net fastvit_bd_i/worker_0/inst/conv_worker_U/grp_conv_worker_Pipeline_LOAD_IN_VITIS_LOOP_140_3_fu_393/grp_conv_worker_Pipeline_LOAD_IN_VITIS_LOOP_140_3_fu_393_p_ZL6in_buf_0_address0[6].  Did not re-place instance fastvit_bd_i/worker_0/inst/conv_worker_U/grp_conv_worker_Pipeline_LOAD_IN_VITIS_LOOP_140_3_fu_393/ram_reg_0_15_0_0_i_2__0
INFO: [Physopt 32-662] Processed net fastvit_bd_i/worker_0/inst/conv_worker_U/grp_conv_worker_Pipeline_LOAD_IN_VITIS_LOOP_140_3_fu_393/ap_CS_fsm_reg[61].  Did not re-place instance fastvit_bd_i/worker_0/inst/conv_worker_U/grp_conv_worker_Pipeline_LOAD_IN_VITIS_LOOP_140_3_fu_393/ram_reg_0_63_0_0_i_1
INFO: [Physopt 32-662] Processed net fastvit_bd_i/worker_0/inst/conv_worker_U/grp_conv_worker_Pipeline_COMPUTE_KH_COMPUTE_KW_COMPUTE_TR_COMPUTE_TC_fu_466/p_ZL6in_buf_1_address0[6].  Did not re-place instance fastvit_bd_i/worker_0/inst/conv_worker_U/grp_conv_worker_Pipeline_COMPUTE_KH_COMPUTE_KW_COMPUTE_TR_COMPUTE_TC_fu_466/q0[3]_i_3
INFO: [Physopt 32-662] Processed net fastvit_bd_i/worker_0/inst/conv_worker_U/grp_conv_worker_Pipeline_LOAD_IN_VITIS_LOOP_140_3_fu_393/ram_reg_0_15_0_0_i_13_n_0.  Did not re-place instance fastvit_bd_i/worker_0/inst/conv_worker_U/grp_conv_worker_Pipeline_LOAD_IN_VITIS_LOOP_140_3_fu_393/ram_reg_0_15_0_0_i_13
INFO: [Physopt 32-662] Processed net fastvit_bd_i/worker_0/inst/conv_worker_U/grp_conv_worker_Pipeline_LOAD_IN_VITIS_LOOP_140_3_fu_393/ram_reg_0_15_0_0_i_4_n_0.  Did not re-place instance fastvit_bd_i/worker_0/inst/conv_worker_U/grp_conv_worker_Pipeline_LOAD_IN_VITIS_LOOP_140_3_fu_393/ram_reg_0_15_0_0_i_4
INFO: [Physopt 32-662] Processed net fastvit_bd_i/worker_0/inst/conv_worker_U/grp_conv_worker_Pipeline_LOAD_IN_VITIS_LOOP_140_3_fu_393/ram_reg_0_15_0_0_i_9_n_0.  Did not re-place instance fastvit_bd_i/worker_0/inst/conv_worker_U/grp_conv_worker_Pipeline_LOAD_IN_VITIS_LOOP_140_3_fu_393/ram_reg_0_15_0_0_i_9
INFO: [Physopt 32-663] Processed net fastvit_bd_i/worker_0/inst/conv_worker_U/grp_conv_worker_Pipeline_LOAD_IN_VITIS_LOOP_140_3_fu_393/ap_CS_fsm_pp0_stage5.  Re-placed instance fastvit_bd_i/worker_0/inst/conv_worker_U/grp_conv_worker_Pipeline_LOAD_IN_VITIS_LOOP_140_3_fu_393/ap_CS_fsm_reg[5]
INFO: [Physopt 32-662] Processed net fastvit_bd_i/worker_0/inst/conv_worker_U/grp_conv_worker_Pipeline_LOAD_IN_VITIS_LOOP_140_3_fu_393/mul_31ns_32s_32_5_1_U2017/ap_CS_fsm_reg[5].  Did not re-place instance fastvit_bd_i/worker_0/inst/conv_worker_U/grp_conv_worker_Pipeline_LOAD_IN_VITIS_LOOP_140_3_fu_393/mul_31ns_32s_32_5_1_U2017/in_r_reg_2214[31]_i_1
INFO: [Physopt 32-662] Processed net fastvit_bd_i/worker_0/inst/conv_worker_U/grp_conv_worker_Pipeline_LOAD_IN_VITIS_LOOP_140_3_fu_393/grp_conv_worker_Pipeline_LOAD_IN_VITIS_LOOP_140_3_fu_393_p_ZL6in_buf_0_we0.  Did not re-place instance fastvit_bd_i/worker_0/inst/conv_worker_U/grp_conv_worker_Pipeline_LOAD_IN_VITIS_LOOP_140_3_fu_393/ram_reg_0_63_0_0_i_14
INFO: [Physopt 32-662] Processed net fastvit_bd_i/worker_0/inst/conv_worker_U/grp_conv_worker_Pipeline_LOAD_IN_VITIS_LOOP_140_3_fu_393/p_0_in__8.  Did not re-place instance fastvit_bd_i/worker_0/inst/conv_worker_U/grp_conv_worker_Pipeline_LOAD_IN_VITIS_LOOP_140_3_fu_393/ram_reg_0_15_0_0_i_3
INFO: [Physopt 32-662] Processed net fastvit_bd_i/worker_0/inst/conv_worker_U/grp_conv_worker_Pipeline_LOAD_IN_VITIS_LOOP_140_3_fu_393/ram_reg_0_63_0_0_i_24_n_0.  Did not re-place instance fastvit_bd_i/worker_0/inst/conv_worker_U/grp_conv_worker_Pipeline_LOAD_IN_VITIS_LOOP_140_3_fu_393/ram_reg_0_63_0_0_i_24
INFO: [Physopt 32-663] Processed net fastvit_bd_i/worker_0/inst/conv_worker_U/grp_conv_worker_Pipeline_LOAD_IN_VITIS_LOOP_140_3_fu_393/ap_enable_reg_pp0_iter1.  Re-placed instance fastvit_bd_i/worker_0/inst/conv_worker_U/grp_conv_worker_Pipeline_LOAD_IN_VITIS_LOOP_140_3_fu_393/ap_enable_reg_pp0_iter1_reg
INFO: [Physopt 32-662] Processed net fastvit_bd_i/worker_0/inst/conv_worker_U/grp_conv_worker_Pipeline_LOAD_IN_VITIS_LOOP_140_3_fu_393/and_ln147_5_reg_2243[0]_i_5_n_0.  Did not re-place instance fastvit_bd_i/worker_0/inst/conv_worker_U/grp_conv_worker_Pipeline_LOAD_IN_VITIS_LOOP_140_3_fu_393/and_ln147_5_reg_2243[0]_i_5
INFO: [Physopt 32-662] Processed net fastvit_bd_i/worker_0/inst/conv_worker_U/grp_conv_worker_Pipeline_LOAD_IN_VITIS_LOOP_140_3_fu_393/ap_CS_fsm[7]_i_2_n_0.  Did not re-place instance fastvit_bd_i/worker_0/inst/conv_worker_U/grp_conv_worker_Pipeline_LOAD_IN_VITIS_LOOP_140_3_fu_393/ap_CS_fsm[7]_i_2
INFO: [Physopt 32-662] Processed net fastvit_bd_i/worker_0/inst/conv_worker_U/grp_conv_worker_Pipeline_LOAD_IN_VITIS_LOOP_140_3_fu_393/i_5/O_n.  Did not re-place instance fastvit_bd_i/worker_0/inst/conv_worker_U/grp_conv_worker_Pipeline_LOAD_IN_VITIS_LOOP_140_3_fu_393/i_5_LOPT_REMAP
INFO: [Physopt 32-662] Processed net fastvit_bd_i/worker_0/inst/ctrl_s_axi_U/int_stride_w[31]_i_1_n_0.  Did not re-place instance fastvit_bd_i/worker_0/inst/ctrl_s_axi_U/int_stride_w[31]_i_1
INFO: [Physopt 32-663] Processed net fastvit_bd_i/worker_0/inst/ctrl_s_axi_U/int_stride_w_reg[31]_0[0].  Re-placed instance fastvit_bd_i/worker_0/inst/ctrl_s_axi_U/int_stride_w_reg[0]
INFO: [Physopt 32-663] Processed net fastvit_bd_i/worker_0/inst/ctrl_s_axi_U/int_stride_w_reg[31]_0[18].  Re-placed instance fastvit_bd_i/worker_0/inst/ctrl_s_axi_U/int_stride_w_reg[18]
INFO: [Physopt 32-663] Processed net fastvit_bd_i/worker_0/inst/ctrl_s_axi_U/int_stride_w_reg[31]_0[19].  Re-placed instance fastvit_bd_i/worker_0/inst/ctrl_s_axi_U/int_stride_w_reg[19]
INFO: [Physopt 32-662] Processed net fastvit_bd_i/worker_0/inst/ctrl_s_axi_U/int_stride_w_reg[31]_0[1].  Did not re-place instance fastvit_bd_i/worker_0/inst/ctrl_s_axi_U/int_stride_w_reg[1]
INFO: [Physopt 32-663] Processed net fastvit_bd_i/worker_0/inst/ctrl_s_axi_U/int_stride_w_reg[31]_0[22].  Re-placed instance fastvit_bd_i/worker_0/inst/ctrl_s_axi_U/int_stride_w_reg[22]
INFO: [Physopt 32-662] Processed net fastvit_bd_i/worker_0/inst/ctrl_s_axi_U/int_stride_w_reg[31]_0[23].  Did not re-place instance fastvit_bd_i/worker_0/inst/ctrl_s_axi_U/int_stride_w_reg[23]
INFO: [Physopt 32-663] Processed net fastvit_bd_i/worker_0/inst/ctrl_s_axi_U/int_stride_w_reg[31]_0[24].  Re-placed instance fastvit_bd_i/worker_0/inst/ctrl_s_axi_U/int_stride_w_reg[24]
INFO: [Physopt 32-662] Processed net fastvit_bd_i/worker_0/inst/ctrl_s_axi_U/int_stride_w_reg[31]_0[25].  Did not re-place instance fastvit_bd_i/worker_0/inst/ctrl_s_axi_U/int_stride_w_reg[25]
INFO: [Physopt 32-663] Processed net fastvit_bd_i/worker_0/inst/ctrl_s_axi_U/int_CHin0[1].  Re-placed instance fastvit_bd_i/worker_0/inst/ctrl_s_axi_U/int_CHin[1]_i_1
INFO: [Physopt 32-663] Processed net fastvit_bd_i/worker_0/inst/conv_worker_U/grp_conv_worker_Pipeline_LOAD_IN_VITIS_LOOP_140_3_fu_393/row_base_reg_2271[4].  Re-placed instance fastvit_bd_i/worker_0/inst/conv_worker_U/grp_conv_worker_Pipeline_LOAD_IN_VITIS_LOOP_140_3_fu_393/row_base_reg_2271_reg[4]
INFO: [Physopt 32-663] Processed net fastvit_bd_i/worker_0/inst/conv_worker_U/grp_conv_worker_Pipeline_LOAD_IN_VITIS_LOOP_140_3_fu_393/gmem0_addr_reg_2284[10]_i_3_n_0.  Re-placed instance fastvit_bd_i/worker_0/inst/conv_worker_U/grp_conv_worker_Pipeline_LOAD_IN_VITIS_LOOP_140_3_fu_393/gmem0_addr_reg_2284[10]_i_3
INFO: [Physopt 32-663] Processed net fastvit_bd_i/worker_0/inst/conv_worker_U/grp_conv_worker_Pipeline_LOAD_IN_VITIS_LOOP_140_3_fu_393/gmem0_addr_reg_2284[14]_i_3_n_0.  Re-placed instance fastvit_bd_i/worker_0/inst/conv_worker_U/grp_conv_worker_Pipeline_LOAD_IN_VITIS_LOOP_140_3_fu_393/gmem0_addr_reg_2284[14]_i_3
INFO: [Physopt 32-663] Processed net fastvit_bd_i/worker_0/inst/conv_worker_U/grp_conv_worker_Pipeline_LOAD_IN_VITIS_LOOP_140_3_fu_393/gmem0_addr_reg_2284[18]_i_3_n_0.  Re-placed instance fastvit_bd_i/worker_0/inst/conv_worker_U/grp_conv_worker_Pipeline_LOAD_IN_VITIS_LOOP_140_3_fu_393/gmem0_addr_reg_2284[18]_i_3
INFO: [Physopt 32-663] Processed net fastvit_bd_i/worker_0/inst/conv_worker_U/grp_conv_worker_Pipeline_LOAD_IN_VITIS_LOOP_140_3_fu_393/gmem0_addr_reg_2284[22]_i_3_n_0.  Re-placed instance fastvit_bd_i/worker_0/inst/conv_worker_U/grp_conv_worker_Pipeline_LOAD_IN_VITIS_LOOP_140_3_fu_393/gmem0_addr_reg_2284[22]_i_3
INFO: [Physopt 32-663] Processed net fastvit_bd_i/worker_0/inst/conv_worker_U/grp_conv_worker_Pipeline_LOAD_IN_VITIS_LOOP_140_3_fu_393/gmem0_addr_reg_2284[26]_i_3_n_0.  Re-placed instance fastvit_bd_i/worker_0/inst/conv_worker_U/grp_conv_worker_Pipeline_LOAD_IN_VITIS_LOOP_140_3_fu_393/gmem0_addr_reg_2284[26]_i_3
INFO: [Physopt 32-662] Processed net fastvit_bd_i/worker_0/inst/conv_worker_U/grp_conv_worker_Pipeline_LOAD_IN_VITIS_LOOP_140_3_fu_393/gmem0_addr_reg_2284[6]_i_10_n_0.  Did not re-place instance fastvit_bd_i/worker_0/inst/conv_worker_U/grp_conv_worker_Pipeline_LOAD_IN_VITIS_LOOP_140_3_fu_393/gmem0_addr_reg_2284[6]_i_10
INFO: [Physopt 32-663] Processed net fastvit_bd_i/worker_0/inst/conv_worker_U/grp_conv_worker_Pipeline_LOAD_IN_VITIS_LOOP_140_3_fu_393/gmem0_addr_reg_2284[6]_i_3_n_0.  Re-placed instance fastvit_bd_i/worker_0/inst/conv_worker_U/grp_conv_worker_Pipeline_LOAD_IN_VITIS_LOOP_140_3_fu_393/gmem0_addr_reg_2284[6]_i_3
INFO: [Physopt 32-662] Processed net fastvit_bd_i/worker_0/inst/conv_worker_U/grp_conv_worker_Pipeline_LOAD_IN_VITIS_LOOP_140_3_fu_393/gmem0_addr_reg_2284[60].  Did not re-place instance fastvit_bd_i/worker_0/inst/conv_worker_U/grp_conv_worker_Pipeline_LOAD_IN_VITIS_LOOP_140_3_fu_393/gmem0_addr_reg_2284_reg[60]
INFO: [Physopt 32-663] Processed net fastvit_bd_i/worker_0/inst/conv_worker_U/grp_conv_worker_Pipeline_LOAD_IN_VITIS_LOOP_140_3_fu_393/grp_conv_worker_Pipeline_LOAD_IN_VITIS_LOOP_140_3_fu_393_p_ZL6in_buf_0_ce0.  Re-placed instance fastvit_bd_i/worker_0/inst/conv_worker_U/grp_conv_worker_Pipeline_LOAD_IN_VITIS_LOOP_140_3_fu_393/q0[3]_i_3__0
INFO: [Physopt 32-662] Processed net fastvit_bd_i/worker_0/inst/conv_worker_U/grp_conv_worker_Pipeline_COMPUTE_KH_COMPUTE_KW_COMPUTE_TR_COMPUTE_TC_fu_466/zext_ln193_1_reg_1003_reg[6]_1.  Did not re-place instance fastvit_bd_i/worker_0/inst/conv_worker_U/grp_conv_worker_Pipeline_COMPUTE_KH_COMPUTE_KW_COMPUTE_TR_COMPUTE_TC_fu_466/ram_reg_0_15_0_0__0_i_1__0
INFO: [Physopt 32-663] Processed net fastvit_bd_i/worker_0/inst/conv_worker_U/grp_conv_worker_Pipeline_LOAD_IN_VITIS_LOOP_140_3_fu_393/ap_block_pp0_stage7_subdone_grp0_done_reg_reg_n_0.  Re-placed instance fastvit_bd_i/worker_0/inst/conv_worker_U/grp_conv_worker_Pipeline_LOAD_IN_VITIS_LOOP_140_3_fu_393/ap_block_pp0_stage7_subdone_grp0_done_reg_reg
INFO: [Physopt 32-662] Processed net fastvit_bd_i/worker_0/inst/conv_worker_U/grp_conv_worker_Pipeline_LOAD_IN_VITIS_LOOP_140_3_fu_393/p_0_in__9.  Did not re-place instance fastvit_bd_i/worker_0/inst/conv_worker_U/grp_conv_worker_Pipeline_LOAD_IN_VITIS_LOOP_140_3_fu_393/ram_reg_0_15_0_0_i_2
INFO: [Physopt 32-663] Processed net fastvit_bd_i/worker_0/inst/conv_worker_U/grp_conv_worker_Pipeline_LOAD_IN_VITIS_LOOP_140_3_fu_393/q0[3]_i_5_n_0.  Re-placed instance fastvit_bd_i/worker_0/inst/conv_worker_U/grp_conv_worker_Pipeline_LOAD_IN_VITIS_LOOP_140_3_fu_393/q0[3]_i_5
INFO: [Physopt 32-662] Processed net fastvit_bd_i/worker_0/inst/conv_worker_U/grp_conv_worker_Pipeline_LOAD_IN_VITIS_LOOP_140_3_fu_393/q0[3]_i_7_n_0.  Did not re-place instance fastvit_bd_i/worker_0/inst/conv_worker_U/grp_conv_worker_Pipeline_LOAD_IN_VITIS_LOOP_140_3_fu_393/q0[3]_i_7
INFO: [Physopt 32-663] Processed net fastvit_bd_i/worker_0/inst/ctrl_s_axi_U/int_stride_w_reg[31]_0[26].  Re-placed instance fastvit_bd_i/worker_0/inst/ctrl_s_axi_U/int_stride_w_reg[26]
INFO: [Physopt 32-663] Processed net fastvit_bd_i/worker_0/inst/ctrl_s_axi_U/int_stride_w_reg[31]_0[27].  Re-placed instance fastvit_bd_i/worker_0/inst/ctrl_s_axi_U/int_stride_w_reg[27]
INFO: [Physopt 32-663] Processed net fastvit_bd_i/worker_0/inst/ctrl_s_axi_U/int_stride_w_reg[31]_0[28].  Re-placed instance fastvit_bd_i/worker_0/inst/ctrl_s_axi_U/int_stride_w_reg[28]
INFO: [Physopt 32-663] Processed net fastvit_bd_i/worker_0/inst/ctrl_s_axi_U/int_stride_w_reg[31]_0[29].  Re-placed instance fastvit_bd_i/worker_0/inst/ctrl_s_axi_U/int_stride_w_reg[29]
INFO: [Physopt 32-663] Processed net fastvit_bd_i/worker_0/inst/ctrl_s_axi_U/int_stride_w_reg[31]_0[30].  Re-placed instance fastvit_bd_i/worker_0/inst/ctrl_s_axi_U/int_stride_w_reg[30]
INFO: [Physopt 32-663] Processed net fastvit_bd_i/worker_0/inst/ctrl_s_axi_U/int_stride_w_reg[31]_0[31].  Re-placed instance fastvit_bd_i/worker_0/inst/ctrl_s_axi_U/int_stride_w_reg[31]
INFO: [Physopt 32-662] Processed net fastvit_bd_i/worker_0/inst/ctrl_s_axi_U/int_Kw[31]_i_1_n_0.  Did not re-place instance fastvit_bd_i/worker_0/inst/ctrl_s_axi_U/int_Kw[31]_i_1
INFO: [Physopt 32-662] Processed net fastvit_bd_i/worker_0/inst/ctrl_s_axi_U/int_stride_h[31]_i_1_n_0.  Did not re-place instance fastvit_bd_i/worker_0/inst/ctrl_s_axi_U/int_stride_h[31]_i_1
INFO: [Physopt 32-663] Processed net fastvit_bd_i/worker_0/inst/ctrl_s_axi_U/int_stride_h_reg[31]_0[14].  Re-placed instance fastvit_bd_i/worker_0/inst/ctrl_s_axi_U/int_stride_h_reg[14]
INFO: [Physopt 32-663] Processed net fastvit_bd_i/worker_0/inst/ctrl_s_axi_U/int_stride_h_reg[31]_0[15].  Re-placed instance fastvit_bd_i/worker_0/inst/ctrl_s_axi_U/int_stride_h_reg[15]
INFO: [Physopt 32-663] Processed net fastvit_bd_i/worker_0/inst/ctrl_s_axi_U/int_stride_h_reg[31]_0[8].  Re-placed instance fastvit_bd_i/worker_0/inst/ctrl_s_axi_U/int_stride_h_reg[8]
INFO: [Physopt 32-663] Processed net fastvit_bd_i/worker_0/inst/ctrl_s_axi_U/int_stride_h_reg[31]_0[9].  Re-placed instance fastvit_bd_i/worker_0/inst/ctrl_s_axi_U/int_stride_h_reg[9]
INFO: [Physopt 32-663] Processed net fastvit_bd_i/worker_0/inst/ctrl_s_axi_U/int_stride_h_reg[31]_0[18].  Re-placed instance fastvit_bd_i/worker_0/inst/ctrl_s_axi_U/int_stride_h_reg[18]
INFO: [Physopt 32-663] Processed net fastvit_bd_i/worker_0/inst/ctrl_s_axi_U/int_stride_h_reg[31]_0[19].  Re-placed instance fastvit_bd_i/worker_0/inst/ctrl_s_axi_U/int_stride_h_reg[19]
INFO: [Physopt 32-663] Processed net fastvit_bd_i/worker_0/inst/ctrl_s_axi_U/int_stride_h_reg[31]_0[20].  Re-placed instance fastvit_bd_i/worker_0/inst/ctrl_s_axi_U/int_stride_h_reg[20]
INFO: [Physopt 32-663] Processed net fastvit_bd_i/worker_0/inst/ctrl_s_axi_U/int_stride_h_reg[31]_0[21].  Re-placed instance fastvit_bd_i/worker_0/inst/ctrl_s_axi_U/int_stride_h_reg[21]
INFO: [Physopt 32-663] Processed net fastvit_bd_i/worker_0/inst/ctrl_s_axi_U/int_Kw_reg_n_0_[2].  Re-placed instance fastvit_bd_i/worker_0/inst/ctrl_s_axi_U/int_Kw_reg[2]
INFO: [Physopt 32-663] Processed net fastvit_bd_i/worker_0/inst/ctrl_s_axi_U/int_Kw_reg_n_0_[3].  Re-placed instance fastvit_bd_i/worker_0/inst/ctrl_s_axi_U/int_Kw_reg[3]
INFO: [Physopt 32-662] Processed net fastvit_bd_i/worker_0/inst/conv_worker_U/grp_conv_worker_Pipeline_LOAD_IN_VITIS_LOOP_140_3_fu_393/ram_reg_0_63_0_0_i_23_n_0.  Did not re-place instance fastvit_bd_i/worker_0/inst/conv_worker_U/grp_conv_worker_Pipeline_LOAD_IN_VITIS_LOOP_140_3_fu_393/ram_reg_0_63_0_0_i_23
INFO: [Physopt 32-663] Processed net fastvit_bd_i/worker_0/inst/conv_worker_U/ap_CS_fsm_state60.  Re-placed instance fastvit_bd_i/worker_0/inst/conv_worker_U/ap_CS_fsm_reg[59]
INFO: [Physopt 32-663] Processed net fastvit_bd_i/worker_0/inst/conv_worker_U/grp_conv_worker_Pipeline_COMPUTE_KH_COMPUTE_KW_COMPUTE_TR_COMPUTE_TC_fu_466/p_ZL6wt_buf_1_1_ce0.  Re-placed instance fastvit_bd_i/worker_0/inst/conv_worker_U/grp_conv_worker_Pipeline_COMPUTE_KH_COMPUTE_KW_COMPUTE_TR_COMPUTE_TC_fu_466/ram_reg_i_1__1
INFO: [Physopt 32-663] Processed net fastvit_bd_i/worker_0/inst/conv_worker_U/grp_conv_worker_Pipeline_LOAD_WT_VITIS_LOOP_157_5_VITIS_LOOP_158_6_fu_447/ap_CS_fsm_reg[59].  Re-placed instance fastvit_bd_i/worker_0/inst/conv_worker_U/grp_conv_worker_Pipeline_LOAD_WT_VITIS_LOOP_157_5_VITIS_LOOP_158_6_fu_447/ram_reg_i_29
INFO: [Physopt 32-663] Processed net fastvit_bd_i/worker_0/inst/conv_worker_U/grp_conv_worker_Pipeline_LOAD_WT_VITIS_LOOP_157_5_VITIS_LOOP_158_6_fu_447/ram_reg_i_42_n_0.  Re-placed instance fastvit_bd_i/worker_0/inst/conv_worker_U/grp_conv_worker_Pipeline_LOAD_WT_VITIS_LOOP_157_5_VITIS_LOOP_158_6_fu_447/ram_reg_i_42
INFO: [Physopt 32-662] Processed net fastvit_bd_i/worker_0/inst/conv_worker_U/grp_conv_worker_Pipeline_COMPUTE_KH_COMPUTE_KW_COMPUTE_TR_COMPUTE_TC_fu_466/p_ZL6in_buf_0_address0[0].  Did not re-place instance fastvit_bd_i/worker_0/inst/conv_worker_U/grp_conv_worker_Pipeline_COMPUTE_KH_COMPUTE_KW_COMPUTE_TR_COMPUTE_TC_fu_466/ram_reg_0_63_0_0_i_7__0
INFO: [Physopt 32-662] Processed net fastvit_bd_i/worker_0/inst/conv_worker_U/grp_conv_worker_Pipeline_LOAD_IN_VITIS_LOOP_140_3_fu_393/grp_conv_worker_Pipeline_LOAD_IN_VITIS_LOOP_140_3_fu_393_p_ZL6in_buf_0_address0[4].  Did not re-place instance fastvit_bd_i/worker_0/inst/conv_worker_U/grp_conv_worker_Pipeline_LOAD_IN_VITIS_LOOP_140_3_fu_393/ram_reg_0_63_0_0_i_19
INFO: [Physopt 32-662] Processed net fastvit_bd_i/worker_0/inst/conv_worker_U/grp_conv_worker_Pipeline_LOAD_IN_VITIS_LOOP_140_3_fu_393/grp_conv_worker_Pipeline_LOAD_IN_VITIS_LOOP_140_3_fu_393_p_ZL6in_buf_1_we0.  Did not re-place instance fastvit_bd_i/worker_0/inst/conv_worker_U/grp_conv_worker_Pipeline_LOAD_IN_VITIS_LOOP_140_3_fu_393/i_0_LOPT_REMAP
INFO: [Physopt 32-662] Processed net fastvit_bd_i/worker_0/inst/conv_worker_U/grp_conv_worker_Pipeline_LOAD_IN_VITIS_LOOP_140_3_fu_393/i_2/O_n.  Did not re-place instance fastvit_bd_i/worker_0/inst/conv_worker_U/grp_conv_worker_Pipeline_LOAD_IN_VITIS_LOOP_140_3_fu_393/i_2_LOPT_REMAP
INFO: [Physopt 32-662] Processed net fastvit_bd_i/worker_0/inst/conv_worker_U/grp_conv_worker_Pipeline_LOAD_IN_VITIS_LOOP_140_3_fu_393/ram_reg_0_63_0_0_i_36_n_0.  Did not re-place instance fastvit_bd_i/worker_0/inst/conv_worker_U/grp_conv_worker_Pipeline_LOAD_IN_VITIS_LOOP_140_3_fu_393/ram_reg_0_63_0_0_i_36
INFO: [Physopt 32-663] Processed net fastvit_bd_i/worker_0/inst/ctrl_s_axi_U/int_stride_h_reg[31]_0[26].  Re-placed instance fastvit_bd_i/worker_0/inst/ctrl_s_axi_U/int_stride_h_reg[26]
INFO: [Physopt 32-663] Processed net fastvit_bd_i/worker_0/inst/ctrl_s_axi_U/int_stride_h_reg[31]_0[27].  Re-placed instance fastvit_bd_i/worker_0/inst/ctrl_s_axi_U/int_stride_h_reg[27]
INFO: [Physopt 32-663] Processed net fastvit_bd_i/worker_0/inst/conv_worker_U/grp_conv_worker_Pipeline_COMPUTE_KH_COMPUTE_KW_COMPUTE_TR_COMPUTE_TC_fu_466/p_ZL6in_buf_1_address0[5].  Re-placed instance fastvit_bd_i/worker_0/inst/conv_worker_U/grp_conv_worker_Pipeline_COMPUTE_KH_COMPUTE_KW_COMPUTE_TR_COMPUTE_TC_fu_466/ram_reg_0_63_0_0_i_7
INFO: [Physopt 32-663] Processed net fastvit_bd_i/worker_0/inst/conv_worker_U/grp_conv_worker_Pipeline_LOAD_IN_VITIS_LOOP_140_3_fu_393/ram_reg_0_63_0_0_i_65_n_0.  Re-placed instance fastvit_bd_i/worker_0/inst/conv_worker_U/grp_conv_worker_Pipeline_LOAD_IN_VITIS_LOOP_140_3_fu_393/ram_reg_0_63_0_0_i_65
INFO: [Physopt 32-662] Processed net fastvit_bd_i/worker_0/inst/conv_worker_U/grp_conv_worker_Pipeline_LOAD_IN_VITIS_LOOP_140_3_fu_393/ram_reg_0_63_0_0_i_41_n_0.  Did not re-place instance fastvit_bd_i/worker_0/inst/conv_worker_U/grp_conv_worker_Pipeline_LOAD_IN_VITIS_LOOP_140_3_fu_393/ram_reg_0_63_0_0_i_41
INFO: [Physopt 32-662] Processed net fastvit_bd_i/worker_0/inst/conv_worker_U/grp_conv_worker_Pipeline_LOAD_IN_VITIS_LOOP_140_3_fu_393/ram_reg_0_63_0_0_i_34_n_0.  Did not re-place instance fastvit_bd_i/worker_0/inst/conv_worker_U/grp_conv_worker_Pipeline_LOAD_IN_VITIS_LOOP_140_3_fu_393/ram_reg_0_63_0_0_i_34
INFO: [Physopt 32-663] Processed net fastvit_bd_i/worker_0/inst/conv_worker_U/grp_conv_worker_Pipeline_LOAD_IN_VITIS_LOOP_140_3_fu_393/ram_reg_0_63_0_0_i_49_n_0.  Re-placed instance fastvit_bd_i/worker_0/inst/conv_worker_U/grp_conv_worker_Pipeline_LOAD_IN_VITIS_LOOP_140_3_fu_393/ram_reg_0_63_0_0_i_49
INFO: [Physopt 32-662] Processed net fastvit_bd_i/worker_0/inst/ctrl_s_axi_U/int_pad_w[31]_i_1_n_0.  Did not re-place instance fastvit_bd_i/worker_0/inst/ctrl_s_axi_U/int_pad_w[31]_i_1
INFO: [Physopt 32-663] Processed net fastvit_bd_i/worker_0/inst/ctrl_s_axi_U/int_pad_w_reg[31]_0[12].  Re-placed instance fastvit_bd_i/worker_0/inst/ctrl_s_axi_U/int_pad_w_reg[12]
INFO: [Physopt 32-663] Processed net fastvit_bd_i/worker_0/inst/ctrl_s_axi_U/int_pad_w_reg[31]_0[13].  Re-placed instance fastvit_bd_i/worker_0/inst/ctrl_s_axi_U/int_pad_w_reg[13]
INFO: [Physopt 32-663] Processed net fastvit_bd_i/worker_0/inst/ctrl_s_axi_U/int_pad_w_reg[31]_0[20].  Re-placed instance fastvit_bd_i/worker_0/inst/ctrl_s_axi_U/int_pad_w_reg[20]
INFO: [Physopt 32-663] Processed net fastvit_bd_i/worker_0/inst/ctrl_s_axi_U/int_pad_w_reg[31]_0[21].  Re-placed instance fastvit_bd_i/worker_0/inst/ctrl_s_axi_U/int_pad_w_reg[21]
INFO: [Physopt 32-663] Processed net fastvit_bd_i/worker_0/inst/ctrl_s_axi_U/int_pad_w_reg[31]_0[2].  Re-placed instance fastvit_bd_i/worker_0/inst/ctrl_s_axi_U/int_pad_w_reg[2]
INFO: [Physopt 32-663] Processed net fastvit_bd_i/worker_0/inst/ctrl_s_axi_U/int_pad_w_reg[31]_0[3].  Re-placed instance fastvit_bd_i/worker_0/inst/ctrl_s_axi_U/int_pad_w_reg[3]
INFO: [Physopt 32-663] Processed net fastvit_bd_i/worker_0/inst/ctrl_s_axi_U/int_pad_w_reg[31]_0[4].  Re-placed instance fastvit_bd_i/worker_0/inst/ctrl_s_axi_U/int_pad_w_reg[4]
INFO: [Physopt 32-663] Processed net fastvit_bd_i/worker_0/inst/ctrl_s_axi_U/int_pad_w_reg[31]_0[5].  Re-placed instance fastvit_bd_i/worker_0/inst/ctrl_s_axi_U/int_pad_w_reg[5]
INFO: [Physopt 32-663] Processed net fastvit_bd_i/worker_0/inst/conv_worker_U/grp_conv_worker_Pipeline_COMPUTE_KH_COMPUTE_KW_COMPUTE_TR_COMPUTE_TC_fu_466/p_ZL6in_buf_1_address0[4].  Re-placed instance fastvit_bd_i/worker_0/inst/conv_worker_U/grp_conv_worker_Pipeline_COMPUTE_KH_COMPUTE_KW_COMPUTE_TR_COMPUTE_TC_fu_466/ram_reg_0_63_0_0_i_6
INFO: [Physopt 32-663] Processed net fastvit_bd_i/worker_0/inst/conv_worker_U/grp_conv_worker_Pipeline_LOAD_WT_VITIS_LOOP_157_5_VITIS_LOOP_158_6_fu_447/ap_CS_fsm_pp0_stage2.  Re-placed instance fastvit_bd_i/worker_0/inst/conv_worker_U/grp_conv_worker_Pipeline_LOAD_WT_VITIS_LOOP_157_5_VITIS_LOOP_158_6_fu_447/ap_CS_fsm_reg[2]
INFO: [Physopt 32-663] Processed net fastvit_bd_i/worker_0/inst/conv_worker_U/grp_conv_worker_Pipeline_LOAD_WT_VITIS_LOOP_157_5_VITIS_LOOP_158_6_fu_447/p_ZL6wt_buf_0_0_address0_local148_out__0.  Re-placed instance fastvit_bd_i/worker_0/inst/conv_worker_U/grp_conv_worker_Pipeline_LOAD_WT_VITIS_LOOP_157_5_VITIS_LOOP_158_6_fu_447/ram_reg_i_43
INFO: [Physopt 32-663] Processed net fastvit_bd_i/worker_0/inst/conv_worker_U/grp_conv_worker_Pipeline_COMPUTE_KH_COMPUTE_KW_COMPUTE_TR_COMPUTE_TC_fu_466/ADDRARDADDR[0].  Re-placed instance fastvit_bd_i/worker_0/inst/conv_worker_U/grp_conv_worker_Pipeline_COMPUTE_KH_COMPUTE_KW_COMPUTE_TR_COMPUTE_TC_fu_466/ram_reg_i_6
INFO: [Physopt 32-663] Processed net fastvit_bd_i/worker_0/inst/conv_worker_U/grp_conv_worker_Pipeline_LOAD_WT_VITIS_LOOP_157_5_VITIS_LOOP_158_6_fu_447/p_ZL6wt_buf_0_0_addr_reg_795_pp0_iter27_reg_reg[0]__0_0.  Re-placed instance fastvit_bd_i/worker_0/inst/conv_worker_U/grp_conv_worker_Pipeline_LOAD_WT_VITIS_LOOP_157_5_VITIS_LOOP_158_6_fu_447/ram_reg_i_35
INFO: [Physopt 32-663] Processed net fastvit_bd_i/worker_0/inst/ctrl_s_axi_U/int_pad_w_reg[31]_0[10].  Re-placed instance fastvit_bd_i/worker_0/inst/ctrl_s_axi_U/int_pad_w_reg[10]
INFO: [Physopt 32-663] Processed net fastvit_bd_i/worker_0/inst/ctrl_s_axi_U/int_pad_w_reg[31]_0[11].  Re-placed instance fastvit_bd_i/worker_0/inst/ctrl_s_axi_U/int_pad_w_reg[11]
INFO: [Physopt 32-663] Processed net fastvit_bd_i/worker_0/inst/ctrl_s_axi_U/int_pad_w_reg[31]_0[6].  Re-placed instance fastvit_bd_i/worker_0/inst/ctrl_s_axi_U/int_pad_w_reg[6]
INFO: [Physopt 32-663] Processed net fastvit_bd_i/worker_0/inst/ctrl_s_axi_U/int_pad_w_reg[31]_0[7].  Re-placed instance fastvit_bd_i/worker_0/inst/ctrl_s_axi_U/int_pad_w_reg[7]
INFO: [Physopt 32-663] Processed net fastvit_bd_i/worker_0/inst/ctrl_s_axi_U/int_pad_w_reg[31]_0[8].  Re-placed instance fastvit_bd_i/worker_0/inst/ctrl_s_axi_U/int_pad_w_reg[8]
INFO: [Physopt 32-663] Processed net fastvit_bd_i/worker_0/inst/ctrl_s_axi_U/int_pad_w_reg[31]_0[9].  Re-placed instance fastvit_bd_i/worker_0/inst/ctrl_s_axi_U/int_pad_w_reg[9]
INFO: [Physopt 32-663] Processed net fastvit_bd_i/worker_0/inst/ctrl_s_axi_U/int_pad_w_reg[31]_0[30].  Re-placed instance fastvit_bd_i/worker_0/inst/ctrl_s_axi_U/int_pad_w_reg[30]
INFO: [Physopt 32-663] Processed net fastvit_bd_i/worker_0/inst/ctrl_s_axi_U/int_pad_w_reg[31]_0[31].  Re-placed instance fastvit_bd_i/worker_0/inst/ctrl_s_axi_U/int_pad_w_reg[31]
INFO: [Physopt 32-662] Processed net fastvit_bd_i/worker_0/inst/conv_worker_U/grp_conv_worker_Pipeline_LOAD_IN_VITIS_LOOP_140_3_fu_393/m_axi_gmem0_0_ARVALID4137_out.  Did not re-place instance fastvit_bd_i/worker_0/inst/conv_worker_U/grp_conv_worker_Pipeline_LOAD_IN_VITIS_LOOP_140_3_fu_393/mem_reg[68][0]_srl32_i_10
INFO: [Physopt 32-662] Processed net fastvit_bd_i/worker_0/inst/conv_worker_U/grp_conv_worker_Pipeline_LOAD_IN_VITIS_LOOP_140_3_fu_393/ap_CS_fsm_pp0_stage8.  Did not re-place instance fastvit_bd_i/worker_0/inst/conv_worker_U/grp_conv_worker_Pipeline_LOAD_IN_VITIS_LOOP_140_3_fu_393/ap_CS_fsm_reg[8]
INFO: [Physopt 32-662] Processed net fastvit_bd_i/worker_0/inst/conv_worker_U/grp_conv_worker_Pipeline_LOAD_IN_VITIS_LOOP_140_3_fu_393/conv_g0_ARVALID.  Did not re-place instance fastvit_bd_i/worker_0/inst/conv_worker_U/grp_conv_worker_Pipeline_LOAD_IN_VITIS_LOOP_140_3_fu_393/i_0_LOPT_REMAP_2
INFO: [Physopt 32-663] Processed net fastvit_bd_i/sc_main/inst/m00_nodes/m00_w_node/inst/inst_mi_handler/gen_normal_area.inst_fifo_node_payld/gen_xpm_memory_fifo.inst_fifo/gen_wr.inst_wr_addra_p1/gen_rd.fifo_empty_r_i_2__1_n_0.  Re-placed instance fastvit_bd_i/sc_main/inst/m00_nodes/m00_w_node/inst/inst_mi_handler/gen_normal_area.inst_fifo_node_payld/gen_xpm_memory_fifo.inst_fifo/gen_wr.inst_wr_addra_p1/i_0_LOPT_REMAP
INFO: [Physopt 32-663] Processed net fastvit_bd_i/sc_main/inst/m00_nodes/m00_w_node/inst/inst_mi_handler/gen_normal_area.inst_fifo_node_payld/gen_xpm_memory_fifo.inst_fifo/gen_mem_rep[0].inst_rd_addrb/rd_addrb_incr.  Re-placed instance fastvit_bd_i/sc_main/inst/m00_nodes/m00_w_node/inst/inst_mi_handler/gen_normal_area.inst_fifo_node_payld/gen_xpm_memory_fifo.inst_fifo/gen_mem_rep[0].inst_rd_addrb/gen_mem_rep[0].inst_xpm_memory_i_1
INFO: [Physopt 32-663] Processed net fastvit_bd_i/sc_main/inst/m00_nodes/m00_w_node/inst/inst_mi_handler/gen_normal_area.inst_fifo_node_payld/gen_xpm_memory_fifo.inst_fifo/gen_wr.inst_wr_addra_p1/areset_r_reg.  Re-placed instance fastvit_bd_i/sc_main/inst/m00_nodes/m00_w_node/inst/inst_mi_handler/gen_normal_area.inst_fifo_node_payld/gen_xpm_memory_fifo.inst_fifo/gen_wr.inst_wr_addra_p1/gen_wr.full_r_inv_i_1__0
INFO: [Physopt 32-663] Processed net fastvit_bd_i/sc_main/inst/m00_nodes/m00_w_node/inst/inst_mi_handler/gen_normal_area.inst_fifo_node_payld/gen_xpm_memory_fifo.inst_fifo/gen_wr.inst_wr_addra_p1/gen_rd.fifo_empty_r_i_5__1_n_0.  Re-placed instance fastvit_bd_i/sc_main/inst/m00_nodes/m00_w_node/inst/inst_mi_handler/gen_normal_area.inst_fifo_node_payld/gen_xpm_memory_fifo.inst_fifo/gen_wr.inst_wr_addra_p1/gen_rd.fifo_empty_r_i_5__1
INFO: [Physopt 32-663] Processed net fastvit_bd_i/sc_main/inst/m00_nodes/m00_w_node/inst/inst_mi_handler/gen_normal_area.inst_fifo_node_payld/gen_xpm_memory_fifo.inst_fifo/gen_wr.inst_wr_addra_p1/i_5/O_n.  Re-placed instance fastvit_bd_i/sc_main/inst/m00_nodes/m00_w_node/inst/inst_mi_handler/gen_normal_area.inst_fifo_node_payld/gen_xpm_memory_fifo.inst_fifo/gen_wr.inst_wr_addra_p1/i_5_LOPT_REMAP
INFO: [Physopt 32-662] Processed net fastvit_bd_i/worker_0/inst/conv_gmem0_m_axi_U/load_unit_0/fifo_rreq/raddr[4]_i_6_n_0.  Did not re-place instance fastvit_bd_i/worker_0/inst/conv_gmem0_m_axi_U/load_unit_0/fifo_rreq/raddr[4]_i_6
INFO: [Physopt 32-662] Processed net fastvit_bd_i/worker_0/inst/conv_worker_U/grp_conv_worker_Pipeline_LOAD_IN_VITIS_LOOP_140_3_fu_393/i_1/O_n_2.  Did not re-place instance fastvit_bd_i/worker_0/inst/conv_worker_U/grp_conv_worker_Pipeline_LOAD_IN_VITIS_LOOP_140_3_fu_393/i_1_LOPT_REMAP_2
INFO: [Physopt 32-662] Processed net fastvit_bd_i/worker_0/inst/conv_gmem0_m_axi_U/load_unit_0/fifo_rreq/raddr_reg[4]_rep_n_0.  Did not re-place instance fastvit_bd_i/worker_0/inst/conv_gmem0_m_axi_U/load_unit_0/fifo_rreq/raddr_reg[4]_rep
INFO: [Physopt 32-663] Processed net fastvit_bd_i/sc_main/inst/m00_nodes/m00_w_node/inst/inst_mi_handler/gen_normal_area.inst_fifo_node_payld/gen_xpm_memory_fifo.inst_fifo/wr_wea.  Re-placed instance fastvit_bd_i/sc_main/inst/m00_nodes/m00_w_node/inst/inst_mi_handler/gen_normal_area.inst_fifo_node_payld/gen_xpm_memory_fifo.inst_fifo/gen_wr.full_r_reg_inv
INFO: [Physopt 32-663] Processed net fastvit_bd_i/worker_0/inst/ctrl_s_axi_U/int_pad_w_reg[31]_0[18].  Re-placed instance fastvit_bd_i/worker_0/inst/ctrl_s_axi_U/int_pad_w_reg[18]
INFO: [Physopt 32-663] Processed net fastvit_bd_i/worker_0/inst/ctrl_s_axi_U/int_pad_w_reg[31]_0[19].  Re-placed instance fastvit_bd_i/worker_0/inst/ctrl_s_axi_U/int_pad_w_reg[19]
INFO: [Physopt 32-663] Processed net fastvit_bd_i/worker_0/inst/ctrl_s_axi_U/int_pad_w_reg[31]_0[28].  Re-placed instance fastvit_bd_i/worker_0/inst/ctrl_s_axi_U/int_pad_w_reg[28]
INFO: [Common 17-14] Message 'Physopt 32-663' appears 100 times and further instances of the messages will be disabled. Use the Tcl command set_msg_config to change the current settings.
INFO: [Physopt 32-662] Processed net fastvit_bd_i/worker_0/inst/conv_worker_U/grp_conv_worker_Pipeline_VITIS_LOOP_215_8_fu_500/p_0_in__0[11].  Did not re-place instance fastvit_bd_i/worker_0/inst/conv_worker_U/grp_conv_worker_Pipeline_VITIS_LOOP_215_8_fu_500/tmp_1_reg_1274[11]_i_1
INFO: [Physopt 32-662] Processed net fastvit_bd_i/worker_0/inst/conv_worker_U/grp_conv_worker_Pipeline_VITIS_LOOP_215_8_fu_500/ashr_ln15_2_reg_1236[3].  Did not re-place instance fastvit_bd_i/worker_0/inst/conv_worker_U/grp_conv_worker_Pipeline_VITIS_LOOP_215_8_fu_500/ashr_ln15_2_reg_1236_reg[3]
INFO: [Physopt 32-662] Processed net fastvit_bd_i/worker_0/inst/conv_worker_U/grp_conv_worker_Pipeline_VITIS_LOOP_215_8_fu_500/ashr_ln15_3_reg_1246[1]_i_2_n_0.  Did not re-place instance fastvit_bd_i/worker_0/inst/conv_worker_U/grp_conv_worker_Pipeline_VITIS_LOOP_215_8_fu_500/ashr_ln15_3_reg_1246[1]_i_2
INFO: [Physopt 32-662] Processed net fastvit_bd_i/worker_0/inst/conv_worker_U/grp_conv_worker_Pipeline_VITIS_LOOP_215_8_fu_500/ashr_ln15_3_fu_506_p2[0].  Did not re-place instance fastvit_bd_i/worker_0/inst/conv_worker_U/grp_conv_worker_Pipeline_VITIS_LOOP_215_8_fu_500/ashr_ln15_3_reg_1246[0]_i_1
INFO: [Physopt 32-662] Processed net fastvit_bd_i/worker_0/inst/conv_worker_U/grp_conv_worker_Pipeline_VITIS_LOOP_215_8_fu_500/ashr_ln15_3_reg_1246[0].  Did not re-place instance fastvit_bd_i/worker_0/inst/conv_worker_U/grp_conv_worker_Pipeline_VITIS_LOOP_215_8_fu_500/ashr_ln15_3_reg_1246_reg[0]
INFO: [Physopt 32-662] Processed net fastvit_bd_i/worker_0/inst/conv_worker_U/grp_conv_worker_Pipeline_VITIS_LOOP_215_8_fu_500/ashr_ln15_3_fu_506_p2[1].  Did not re-place instance fastvit_bd_i/worker_0/inst/conv_worker_U/grp_conv_worker_Pipeline_VITIS_LOOP_215_8_fu_500/ashr_ln15_3_reg_1246[1]_i_1
INFO: [Physopt 32-662] Processed net fastvit_bd_i/worker_0/inst/conv_worker_U/grp_conv_worker_Pipeline_VITIS_LOOP_215_8_fu_500/ashr_ln15_3_reg_1246[1].  Did not re-place instance fastvit_bd_i/worker_0/inst/conv_worker_U/grp_conv_worker_Pipeline_VITIS_LOOP_215_8_fu_500/ashr_ln15_3_reg_1246_reg[1]
INFO: [Physopt 32-662] Processed net fastvit_bd_i/worker_0/inst/conv_worker_U/grp_conv_worker_Pipeline_LOAD_IN_VITIS_LOOP_140_3_fu_393/mem_reg[68][0]_srl32_i_16_n_0.  Did not re-place instance fastvit_bd_i/worker_0/inst/conv_worker_U/grp_conv_worker_Pipeline_LOAD_IN_VITIS_LOOP_140_3_fu_393/mem_reg[68][0]_srl32_i_16
INFO: [Physopt 32-662] Processed net fastvit_bd_i/worker_0/inst/conv_worker_U/grp_conv_worker_Pipeline_LOAD_IN_VITIS_LOOP_140_3_fu_393/ap_CS_fsm_reg[2]_0[53].  Did not re-place instance fastvit_bd_i/worker_0/inst/conv_worker_U/grp_conv_worker_Pipeline_LOAD_IN_VITIS_LOOP_140_3_fu_393/mem_reg[68][53]_srl32_i_1
INFO: [Physopt 32-662] Processed net fastvit_bd_i/worker_0/inst/conv_worker_U/grp_conv_worker_Pipeline_LOAD_IN_VITIS_LOOP_140_3_fu_393/ram_reg_0_63_0_0_i_37_n_0.  Did not re-place instance fastvit_bd_i/worker_0/inst/conv_worker_U/grp_conv_worker_Pipeline_LOAD_IN_VITIS_LOOP_140_3_fu_393/ram_reg_0_63_0_0_i_37
INFO: [Physopt 32-662] Processed net fastvit_bd_i/worker_0/inst/conv_gmem0_m_axi_U/load_unit_0/fifo_rreq/U_fifo_srl/mem_reg[68][53]_srl32_n_0.  Did not re-place instance fastvit_bd_i/worker_0/inst/conv_gmem0_m_axi_U/load_unit_0/fifo_rreq/U_fifo_srl/mem_reg[68][53]_srl32
INFO: [Physopt 32-662] Processed net fastvit_bd_i/worker_0/inst/conv_gmem0_m_axi_U/load_unit_0/fifo_rreq/U_fifo_srl/mem_reg[68][53]_srl32_n_1.  Did not re-place instance fastvit_bd_i/worker_0/inst/conv_gmem0_m_axi_U/load_unit_0/fifo_rreq/U_fifo_srl/mem_reg[68][53]_srl32
INFO: [Physopt 32-662] Processed net fastvit_bd_i/worker_0/inst/conv_worker_U/grp_conv_worker_Pipeline_COMPUTE_KH_COMPUTE_KW_COMPUTE_TR_COMPUTE_TC_fu_466/ap_CS_fsm_reg[61].  Did not re-place instance fastvit_bd_i/worker_0/inst/conv_worker_U/grp_conv_worker_Pipeline_COMPUTE_KH_COMPUTE_KW_COMPUTE_TR_COMPUTE_TC_fu_466/ram_reg_0_15_0_0_i_1
INFO: [Physopt 32-662] Processed net fastvit_bd_i/worker_0/inst/conv_worker_U/grp_conv_worker_Pipeline_VITIS_LOOP_215_8_fu_500/ashr_ln15_1_reg_1226[8].  Did not re-place instance fastvit_bd_i/worker_0/inst/conv_worker_U/grp_conv_worker_Pipeline_VITIS_LOOP_215_8_fu_500/ashr_ln15_1_reg_1226_reg[8]
INFO: [Physopt 32-662] Processed net fastvit_bd_i/worker_0/inst/conv_worker_U/grp_conv_worker_Pipeline_VITIS_LOOP_215_8_fu_500/ashr_ln15_1_reg_1226[9]_i_2_n_0.  Did not re-place instance fastvit_bd_i/worker_0/inst/conv_worker_U/grp_conv_worker_Pipeline_VITIS_LOOP_215_8_fu_500/ashr_ln15_1_reg_1226[9]_i_2
INFO: [Physopt 32-662] Processed net fastvit_bd_i/worker_0/inst/conv_worker_U/grp_conv_worker_Pipeline_VITIS_LOOP_215_8_fu_500/ashr_ln15_1_fu_490_p2[8].  Did not re-place instance fastvit_bd_i/worker_0/inst/conv_worker_U/grp_conv_worker_Pipeline_VITIS_LOOP_215_8_fu_500/ashr_ln15_1_reg_1226[8]_i_1
INFO: [Physopt 32-662] Processed net fastvit_bd_i/worker_0/inst/conv_worker_U/grp_conv_worker_Pipeline_VITIS_LOOP_215_8_fu_500/ashr_ln15_3_fu_506_p2[2].  Did not re-place instance fastvit_bd_i/worker_0/inst/conv_worker_U/grp_conv_worker_Pipeline_VITIS_LOOP_215_8_fu_500/ashr_ln15_3_reg_1246[2]_i_1
INFO: [Physopt 32-662] Processed net fastvit_bd_i/worker_0/inst/conv_worker_U/grp_conv_worker_Pipeline_VITIS_LOOP_215_8_fu_500/ashr_ln15_3_reg_1246[2].  Did not re-place instance fastvit_bd_i/worker_0/inst/conv_worker_U/grp_conv_worker_Pipeline_VITIS_LOOP_215_8_fu_500/ashr_ln15_3_reg_1246_reg[2]
INFO: [Physopt 32-662] Processed net fastvit_bd_i/worker_0/inst/conv_worker_U/grp_conv_worker_Pipeline_LOAD_IN_VITIS_LOOP_140_3_fu_393/ap_CS_fsm_pp0_stage7.  Did not re-place instance fastvit_bd_i/worker_0/inst/conv_worker_U/grp_conv_worker_Pipeline_LOAD_IN_VITIS_LOOP_140_3_fu_393/ap_CS_fsm_reg[7]
INFO: [Physopt 32-662] Processed net fastvit_bd_i/worker_0/inst/conv_worker_U/grp_conv_worker_Pipeline_LOAD_IN_VITIS_LOOP_140_3_fu_393/data8[5].  Did not re-place instance fastvit_bd_i/worker_0/inst/conv_worker_U/grp_conv_worker_Pipeline_LOAD_IN_VITIS_LOOP_140_3_fu_393/trunc_ln150_reg_2438[5]_i_1
INFO: [Physopt 32-662] Processed net fastvit_bd_i/worker_0/inst/conv_worker_U/mul_32s_32s_32_5_1_U2135/ap_CS_fsm_reg[63].  Did not re-place instance fastvit_bd_i/worker_0/inst/conv_worker_U/mul_32s_32s_32_5_1_U2135/ap_CS_fsm[1]_i_9
INFO: [Physopt 32-662] Processed net fastvit_bd_i/worker_0/inst/control_s_axi_U/gmem0_addr_reg_2284[30]_i_6_n_0.  Did not re-place instance fastvit_bd_i/worker_0/inst/control_s_axi_U/gmem0_addr_reg_2284[30]_i_6
INFO: [Physopt 32-662] Processed net fastvit_bd_i/worker_0/inst/conv_worker_U/mul_32s_32s_32_5_1_U2135/buff1_reg_i_7_n_0.  Did not re-place instance fastvit_bd_i/worker_0/inst/conv_worker_U/mul_32s_32s_32_5_1_U2135/buff1_reg_i_7
INFO: [Physopt 32-662] Processed net fastvit_bd_i/worker_0/inst/ctrl_s_axi_U/int_stride_h_reg[31]_0[0].  Did not re-place instance fastvit_bd_i/worker_0/inst/ctrl_s_axi_U/int_stride_h_reg[0]
INFO: [Physopt 32-662] Processed net fastvit_bd_i/worker_0/inst/ctrl_s_axi_U/int_stride_h_reg[31]_0[1].  Did not re-place instance fastvit_bd_i/worker_0/inst/ctrl_s_axi_U/int_stride_h_reg[1]
INFO: [Physopt 32-662] Processed net fastvit_bd_i/worker_0/inst/conv_worker_U/mul_32s_32s_32_5_1_U2135/buff0_reg_i_10_n_0.  Did not re-place instance fastvit_bd_i/worker_0/inst/conv_worker_U/mul_32s_32s_32_5_1_U2135/buff0_reg_i_10
INFO: [Physopt 32-662] Processed net fastvit_bd_i/worker_0/inst/conv_worker_U/mul_32s_32s_32_5_1_U2135/buff0_reg_i_45_n_0.  Did not re-place instance fastvit_bd_i/worker_0/inst/conv_worker_U/mul_32s_32s_32_5_1_U2135/buff0_reg_i_45
INFO: [Physopt 32-662] Processed net fastvit_bd_i/worker_0/inst/ctrl_s_axi_U/Tn_loops_fu_771_p3[30].  Did not re-place instance fastvit_bd_i/worker_0/inst/ctrl_s_axi_U/Tn_loops_reg_1747[30]_i_1
INFO: [Physopt 32-662] Processed net fastvit_bd_i/worker_0/inst/conv_worker_U/Tn_loops_reg_1747_reg_n_0_[30].  Did not re-place instance fastvit_bd_i/worker_0/inst/conv_worker_U/Tn_loops_reg_1747_reg[30]
INFO: [Physopt 32-662] Processed net fastvit_bd_i/worker_0/inst/control_s_axi_U/int_bias[31]_i_1_n_0.  Did not re-place instance fastvit_bd_i/worker_0/inst/control_s_axi_U/int_bias[31]_i_1
INFO: [Physopt 32-662] Processed net fastvit_bd_i/ps_ctrl_ic/xbar/inst/gen_sasd.crossbar_sasd_0/addr_arbiter_inst/m_axi_wvalid[0].  Did not re-place instance fastvit_bd_i/ps_ctrl_ic/xbar/inst/gen_sasd.crossbar_sasd_0/addr_arbiter_inst/m_axi_wvalid[0]_INST_0
INFO: [Physopt 32-662] Processed net fastvit_bd_i/worker_0/inst/conv_worker_U/grp_conv_worker_Pipeline_LOAD_IN_VITIS_LOOP_140_3_fu_393/ap_CS_fsm_reg[61]_1[2].  Did not re-place instance fastvit_bd_i/worker_0/inst/conv_worker_U/grp_conv_worker_Pipeline_LOAD_IN_VITIS_LOOP_140_3_fu_393/ram_reg_0_63_0_0_i_5__0
INFO: [Physopt 32-662] Processed net fastvit_bd_i/worker_0/inst/conv_worker_U/m_reg_357_reg_n_0_[0].  Did not re-place instance fastvit_bd_i/worker_0/inst/conv_worker_U/m_reg_357_reg[0]
INFO: [Physopt 32-662] Processed net fastvit_bd_i/worker_0/inst/conv_worker_U/grp_conv_worker_Pipeline_LOAD_IN_VITIS_LOOP_140_3_fu_393/grp_conv_worker_Pipeline_LOAD_IN_VITIS_LOOP_140_3_fu_393_p_ZL6in_buf_0_address0[2].  Did not re-place instance fastvit_bd_i/worker_0/inst/conv_worker_U/grp_conv_worker_Pipeline_LOAD_IN_VITIS_LOOP_140_3_fu_393/ram_reg_0_63_0_0_i_17
INFO: [Physopt 32-662] Processed net fastvit_bd_i/worker_0/inst/conv_worker_U/ap_CS_fsm[63]_i_39_n_0.  Did not re-place instance fastvit_bd_i/worker_0/inst/conv_worker_U/ap_CS_fsm[63]_i_39
INFO: [Physopt 32-662] Processed net fastvit_bd_i/worker_0/inst/conv_worker_U/grp_conv_worker_Pipeline_LOAD_IN_VITIS_LOOP_140_3_fu_393/ram_reg_0_63_0_0_i_31_n_0.  Did not re-place instance fastvit_bd_i/worker_0/inst/conv_worker_U/grp_conv_worker_Pipeline_LOAD_IN_VITIS_LOOP_140_3_fu_393/ram_reg_0_63_0_0_i_31
INFO: [Physopt 32-661] Optimized 135 nets.  Re-placed 135 instances.
INFO: [Physopt 32-775] End 1 Pass. Optimized 135 nets or cells. Created 0 new cell, deleted 0 existing cell and moved 135 existing cells
INFO: [Physopt 32-619] Estimated Timing Summary | WNS=-0.566 | TNS=-165.266 |
Netlist sorting complete. Time (s): cpu = 00:00:00 ; elapsed = 00:00:00.011 . Memory (MB): peak = 2539.672 ; gain = 0.000
Phase 4 Single Cell Placement Optimization | Checksum: f8c8c1a2

Time (s): cpu = 00:00:08 ; elapsed = 00:00:08 . Memory (MB): peak = 2539.672 ; gain = 16.164

Phase 5 Multi Cell Placement Optimization
INFO: [Physopt 32-660] Identified 100 candidate nets for placement-based optimization.
INFO: [Physopt 32-662] Processed net fastvit_bd_i/worker_0/inst/conv_worker_U/grp_conv_worker_Pipeline_COMPUTE_KH_COMPUTE_KW_COMPUTE_TR_COMPUTE_TC_fu_466/p_ZL6in_buf_0_address0[1].  Did not re-place instance fastvit_bd_i/worker_0/inst/conv_worker_U/grp_conv_worker_Pipeline_COMPUTE_KH_COMPUTE_KW_COMPUTE_TR_COMPUTE_TC_fu_466/ram_reg_0_63_0_0_i_8/O
INFO: [Physopt 32-662] Processed net fastvit_bd_i/worker_0/inst/conv_worker_U/grp_conv_worker_Pipeline_LOAD_IN_VITIS_LOOP_140_3_fu_393/ap_phi_reg_pp0_iter9_storemerge177_reg_7644.  Did not re-place instance fastvit_bd_i/worker_0/inst/conv_worker_U/grp_conv_worker_Pipeline_LOAD_IN_VITIS_LOOP_140_3_fu_393/ap_phi_reg_pp0_iter9_storemerge177_reg_764[3]_i_4/O
INFO: [Physopt 32-662] Processed net fastvit_bd_i/worker_0/inst/conv_worker_U/grp_conv_worker_Pipeline_LOAD_IN_VITIS_LOOP_140_3_fu_393/ap_CS_fsm_pp0_stage6.  Did not re-place instance fastvit_bd_i/worker_0/inst/conv_worker_U/grp_conv_worker_Pipeline_LOAD_IN_VITIS_LOOP_140_3_fu_393/ap_CS_fsm_reg[6]/Q
INFO: [Physopt 32-662] Processed net fastvit_bd_i/worker_0/inst/conv_worker_U/grp_conv_worker_Pipeline_LOAD_IN_VITIS_LOOP_140_3_fu_393/grp_conv_worker_Pipeline_LOAD_IN_VITIS_LOOP_140_3_fu_393_p_ZL6in_buf_0_address0[5].  Did not re-place instance fastvit_bd_i/worker_0/inst/conv_worker_U/grp_conv_worker_Pipeline_LOAD_IN_VITIS_LOOP_140_3_fu_393/ram_reg_0_63_0_0_i_20/O
INFO: [Physopt 32-662] Processed net fastvit_bd_i/worker_0/inst/conv_worker_U/grp_conv_worker_Pipeline_LOAD_IN_VITIS_LOOP_140_3_fu_393/ram_reg_0_63_0_0_i_40_n_0.  Did not re-place instance fastvit_bd_i/worker_0/inst/conv_worker_U/grp_conv_worker_Pipeline_LOAD_IN_VITIS_LOOP_140_3_fu_393/ram_reg_0_63_0_0_i_40/O
INFO: [Physopt 32-662] Processed net fastvit_bd_i/ps_ctrl_ic/xbar/inst/gen_sasd.crossbar_sasd_0/addr_arbiter_inst/m_axi_wvalid[1].  Did not re-place instance fastvit_bd_i/ps_ctrl_ic/xbar/inst/gen_sasd.crossbar_sasd_0/addr_arbiter_inst/m_axi_wvalid[1]_INST_0/O
INFO: [Physopt 32-662] Processed net fastvit_bd_i/worker_0/inst/conv_worker_U/grp_conv_worker_Pipeline_LOAD_IN_VITIS_LOOP_140_3_fu_393/grp_conv_worker_Pipeline_LOAD_IN_VITIS_LOOP_140_3_fu_393_p_ZL6in_buf_0_address0[2].  Did not re-place instance fastvit_bd_i/worker_0/inst/conv_worker_U/grp_conv_worker_Pipeline_LOAD_IN_VITIS_LOOP_140_3_fu_393/ram_reg_0_63_0_0_i_17/O
INFO: [Physopt 32-662] Processed net fastvit_bd_i/worker_0/inst/conv_worker_U/grp_conv_worker_Pipeline_LOAD_IN_VITIS_LOOP_140_3_fu_393/grp_conv_worker_Pipeline_LOAD_IN_VITIS_LOOP_140_3_fu_393_p_ZL6in_buf_0_address0[3].  Did not re-place instance fastvit_bd_i/worker_0/inst/conv_worker_U/grp_conv_worker_Pipeline_LOAD_IN_VITIS_LOOP_140_3_fu_393/ram_reg_0_63_0_0_i_18/O
INFO: [Physopt 32-662] Processed net fastvit_bd_i/worker_0/inst/conv_worker_U/grp_conv_worker_Pipeline_LOAD_IN_VITIS_LOOP_140_3_fu_393/ram_reg_0_63_0_0_i_31_n_0.  Did not re-place instance fastvit_bd_i/worker_0/inst/conv_worker_U/grp_conv_worker_Pipeline_LOAD_IN_VITIS_LOOP_140_3_fu_393/ram_reg_0_63_0_0_i_31/O
INFO: [Physopt 32-662] Processed net fastvit_bd_i/worker_0/inst/conv_worker_U/grp_conv_worker_Pipeline_LOAD_IN_VITIS_LOOP_140_3_fu_393/ram_reg_0_63_0_0_i_33_n_0.  Did not re-place instance fastvit_bd_i/worker_0/inst/conv_worker_U/grp_conv_worker_Pipeline_LOAD_IN_VITIS_LOOP_140_3_fu_393/ram_reg_0_63_0_0_i_33/O
INFO: [Physopt 32-662] Processed net fastvit_bd_i/worker_0/inst/conv_worker_U/grp_conv_worker_Pipeline_LOAD_IN_VITIS_LOOP_140_3_fu_393/ram_reg_0_63_0_0_i_47_n_0.  Did not re-place instance fastvit_bd_i/worker_0/inst/conv_worker_U/grp_conv_worker_Pipeline_LOAD_IN_VITIS_LOOP_140_3_fu_393/ram_reg_0_63_0_0_i_47/O
INFO: [Physopt 32-662] Processed net fastvit_bd_i/worker_0/inst/conv_worker_U/p_ZL6in_buf_0_U/q00__7[0].  Did not re-place instance fastvit_bd_i/worker_0/inst/conv_worker_U/p_ZL6in_buf_0_U/q0[0]_i_1/O
INFO: [Physopt 32-662] Processed net fastvit_bd_i/worker_0/inst/conv_worker_U/grp_conv_worker_Pipeline_LOAD_IN_VITIS_LOOP_140_3_fu_393/grp_conv_worker_Pipeline_LOAD_IN_VITIS_LOOP_140_3_fu_393_p_ZL6in_buf_0_address0[1].  Did not re-place instance fastvit_bd_i/worker_0/inst/conv_worker_U/grp_conv_worker_Pipeline_LOAD_IN_VITIS_LOOP_140_3_fu_393/ram_reg_0_63_0_0_i_16/O
INFO: [Physopt 32-662] Processed net fastvit_bd_i/worker_0/inst/conv_worker_U/grp_conv_worker_Pipeline_LOAD_IN_VITIS_LOOP_140_3_fu_393/ram_reg_0_63_0_0_i_28_n_0.  Did not re-place instance fastvit_bd_i/worker_0/inst/conv_worker_U/grp_conv_worker_Pipeline_LOAD_IN_VITIS_LOOP_140_3_fu_393/ram_reg_0_63_0_0_i_28/O
INFO: [Physopt 32-662] Processed net fastvit_bd_i/worker_0/inst/conv_worker_U/grp_conv_worker_Pipeline_COMPUTE_KH_COMPUTE_KW_COMPUTE_TR_COMPUTE_TC_fu_466/p_ZL6in_buf_0_address0[0].  Did not re-place instance fastvit_bd_i/worker_0/inst/conv_worker_U/grp_conv_worker_Pipeline_COMPUTE_KH_COMPUTE_KW_COMPUTE_TR_COMPUTE_TC_fu_466/ram_reg_0_63_0_0_i_7__0/O
INFO: [Physopt 32-662] Processed net fastvit_bd_i/worker_0/inst/conv_worker_U/grp_conv_worker_Pipeline_LOAD_IN_VITIS_LOOP_140_3_fu_393/grp_conv_worker_Pipeline_LOAD_IN_VITIS_LOOP_140_3_fu_393_p_ZL6in_buf_0_address0[4].  Did not re-place instance fastvit_bd_i/worker_0/inst/conv_worker_U/grp_conv_worker_Pipeline_LOAD_IN_VITIS_LOOP_140_3_fu_393/ram_reg_0_63_0_0_i_19/O
INFO: [Physopt 32-662] Processed net fastvit_bd_i/worker_0/inst/conv_worker_U/grp_conv_worker_Pipeline_LOAD_IN_VITIS_LOOP_140_3_fu_393/ram_reg_0_63_0_0_i_37_n_0.  Did not re-place instance fastvit_bd_i/worker_0/inst/conv_worker_U/grp_conv_worker_Pipeline_LOAD_IN_VITIS_LOOP_140_3_fu_393/ram_reg_0_63_0_0_i_37/O
INFO: [Physopt 32-662] Processed net fastvit_bd_i/worker_0/inst/conv_worker_U/grp_conv_worker_Pipeline_LOAD_IN_VITIS_LOOP_140_3_fu_393/trunc_ln150_reg_2438[3].  Did not re-place instance fastvit_bd_i/worker_0/inst/conv_worker_U/grp_conv_worker_Pipeline_LOAD_IN_VITIS_LOOP_140_3_fu_393/trunc_ln150_reg_2438_reg[3]/Q
INFO: [Physopt 32-662] Processed net fastvit_bd_i/worker_0/inst/conv_worker_U/grp_conv_worker_Pipeline_LOAD_IN_VITIS_LOOP_140_3_fu_393/ram_reg_0_63_0_0_i_34_n_0.  Did not re-place instance fastvit_bd_i/worker_0/inst/conv_worker_U/grp_conv_worker_Pipeline_LOAD_IN_VITIS_LOOP_140_3_fu_393/ram_reg_0_63_0_0_i_34/O
INFO: [Physopt 32-662] Processed net fastvit_bd_i/worker_0/inst/conv_worker_U/grp_conv_worker_Pipeline_LOAD_IN_VITIS_LOOP_140_3_fu_393/grp_conv_worker_Pipeline_LOAD_IN_VITIS_LOOP_140_3_fu_393_p_ZL6in_buf_0_address0[0].  Did not re-place instance fastvit_bd_i/worker_0/inst/conv_worker_U/grp_conv_worker_Pipeline_LOAD_IN_VITIS_LOOP_140_3_fu_393/ram_reg_0_63_0_0_i_15/O
INFO: [Physopt 32-662] Processed net fastvit_bd_i/worker_0/inst/conv_worker_U/grp_conv_worker_Pipeline_LOAD_IN_VITIS_LOOP_140_3_fu_393/ram_reg_0_63_0_0_i_26_n_0.  Did not re-place instance fastvit_bd_i/worker_0/inst/conv_worker_U/grp_conv_worker_Pipeline_LOAD_IN_VITIS_LOOP_140_3_fu_393/ram_reg_0_63_0_0_i_26/O
INFO: [Physopt 32-662] Processed net fastvit_bd_i/worker_0/inst/conv_worker_U/grp_conv_worker_Pipeline_LOAD_IN_VITIS_LOOP_140_3_fu_393/ram_reg_0_63_0_0_i_45_n_0.  Did not re-place instance fastvit_bd_i/worker_0/inst/conv_worker_U/grp_conv_worker_Pipeline_LOAD_IN_VITIS_LOOP_140_3_fu_393/ram_reg_0_63_0_0_i_45/O
INFO: [Physopt 32-662] Processed net fastvit_bd_i/worker_0/inst/conv_worker_U/p_ZL6in_buf_1_U/q00__8[3].  Did not re-place instance fastvit_bd_i/worker_0/inst/conv_worker_U/p_ZL6in_buf_1_U/q0[3]_i_2__0/O
INFO: [Physopt 32-662] Processed net fastvit_bd_i/worker_0/inst/conv_worker_U/grp_conv_worker_Pipeline_LOAD_IN_VITIS_LOOP_140_3_fu_393/ap_enable_reg_pp0_iter9_repN.  Did not re-place instance fastvit_bd_i/worker_0/inst/conv_worker_U/grp_conv_worker_Pipeline_LOAD_IN_VITIS_LOOP_140_3_fu_393/ap_enable_reg_pp0_iter9_reg_replica/Q
INFO: [Physopt 32-662] Processed net fastvit_bd_i/worker_0/inst/conv_worker_U/p_ZL6in_buf_0_U/q00__7[1].  Did not re-place instance fastvit_bd_i/worker_0/inst/conv_worker_U/p_ZL6in_buf_0_U/q0[1]_i_1/O
INFO: [Physopt 32-662] Processed net fastvit_bd_i/worker_0/inst/conv_worker_U/grp_conv_worker_Pipeline_LOAD_IN_VITIS_LOOP_140_3_fu_393/ap_CS_fsm_pp0_stage8.  Did not re-place instance fastvit_bd_i/worker_0/inst/conv_worker_U/grp_conv_worker_Pipeline_LOAD_IN_VITIS_LOOP_140_3_fu_393/ap_CS_fsm_reg[8]/Q
INFO: [Physopt 32-662] Processed net fastvit_bd_i/worker_0/inst/conv_worker_U/grp_conv_worker_Pipeline_LOAD_IN_VITIS_LOOP_140_3_fu_393/conv_g0_ARVALID.  Did not re-place instance fastvit_bd_i/worker_0/inst/conv_worker_U/grp_conv_worker_Pipeline_LOAD_IN_VITIS_LOOP_140_3_fu_393/i_0_LOPT_REMAP_2/O
INFO: [Physopt 32-662] Processed net fastvit_bd_i/worker_0/inst/conv_worker_U/grp_conv_worker_Pipeline_LOAD_IN_VITIS_LOOP_140_3_fu_393/i_1/O_n_2.  Did not re-place instance fastvit_bd_i/worker_0/inst/conv_worker_U/grp_conv_worker_Pipeline_LOAD_IN_VITIS_LOOP_140_3_fu_393/i_1_LOPT_REMAP_2/O
INFO: [Physopt 32-662] Processed net fastvit_bd_i/worker_0/inst/conv_worker_U/grp_conv_worker_Pipeline_LOAD_IN_VITIS_LOOP_140_3_fu_393/ram_reg_0_63_0_0_i_23_n_0.  Did not re-place instance fastvit_bd_i/worker_0/inst/conv_worker_U/grp_conv_worker_Pipeline_LOAD_IN_VITIS_LOOP_140_3_fu_393/ram_reg_0_63_0_0_i_23/O
INFO: [Physopt 32-662] Processed net fastvit_bd_i/worker_0/inst/conv_worker_U/grp_conv_worker_Pipeline_LOAD_IN_VITIS_LOOP_140_3_fu_393/ap_CS_fsm_reg_n_0_[0].  Did not re-place instance fastvit_bd_i/worker_0/inst/conv_worker_U/grp_conv_worker_Pipeline_LOAD_IN_VITIS_LOOP_140_3_fu_393/ap_CS_fsm_reg[0]/Q
INFO: [Physopt 32-662] Processed net fastvit_bd_i/worker_0/inst/conv_worker_U/grp_conv_worker_Pipeline_LOAD_IN_VITIS_LOOP_140_3_fu_393/grp_conv_worker_Pipeline_LOAD_IN_VITIS_LOOP_140_3_fu_393_p_ZL6in_buf_0_ce0.  Did not re-place instance fastvit_bd_i/worker_0/inst/conv_worker_U/grp_conv_worker_Pipeline_LOAD_IN_VITIS_LOOP_140_3_fu_393/q0[3]_i_3__0/O
INFO: [Physopt 32-662] Processed net fastvit_bd_i/worker_0/inst/conv_worker_U/grp_conv_worker_Pipeline_LOAD_IN_VITIS_LOOP_140_3_fu_393/p_0_in__8.  Did not re-place instance fastvit_bd_i/worker_0/inst/conv_worker_U/grp_conv_worker_Pipeline_LOAD_IN_VITIS_LOOP_140_3_fu_393/ram_reg_0_15_0_0_i_3/O
INFO: [Physopt 32-662] Processed net fastvit_bd_i/worker_0/inst/conv_worker_U/grp_conv_worker_Pipeline_LOAD_IN_VITIS_LOOP_140_3_fu_393/ap_phi_reg_pp0_iter10_storemerge179_reg_790[3]_i_2_n_0.  Did not re-place instance fastvit_bd_i/worker_0/inst/conv_worker_U/grp_conv_worker_Pipeline_LOAD_IN_VITIS_LOOP_140_3_fu_393/ap_phi_reg_pp0_iter10_storemerge179_reg_790[3]_i_2/O
INFO: [Physopt 32-662] Processed net fastvit_bd_i/worker_0/inst/conv_worker_U/grp_conv_worker_Pipeline_LOAD_IN_VITIS_LOOP_140_3_fu_393/q0[3]_i_6_n_0.  Did not re-place instance fastvit_bd_i/worker_0/inst/conv_worker_U/grp_conv_worker_Pipeline_LOAD_IN_VITIS_LOOP_140_3_fu_393/q0[3]_i_6/O
INFO: [Physopt 32-662] Processed net fastvit_bd_i/worker_0/inst/conv_worker_U/p_ZL6in_buf_1_U/q00__8[1].  Did not re-place instance fastvit_bd_i/worker_0/inst/conv_worker_U/p_ZL6in_buf_1_U/q0[1]_i_1__0/O
INFO: [Physopt 32-662] Processed net fastvit_bd_i/worker_0/inst/conv_worker_U/grp_conv_worker_Pipeline_LOAD_IN_VITIS_LOOP_140_3_fu_393/p_0_in__9.  Did not re-place instance fastvit_bd_i/worker_0/inst/conv_worker_U/grp_conv_worker_Pipeline_LOAD_IN_VITIS_LOOP_140_3_fu_393/ram_reg_0_15_0_0_i_2/O
INFO: [Physopt 32-662] Processed net fastvit_bd_i/worker_0/inst/conv_worker_U/grp_conv_worker_Pipeline_VITIS_LOOP_215_8_fu_500/ashr_ln15_reg_1216[8]_i_2_n_0.  Did not re-place instance fastvit_bd_i/worker_0/inst/conv_worker_U/grp_conv_worker_Pipeline_VITIS_LOOP_215_8_fu_500/ashr_ln15_reg_1216[8]_i_2/O
INFO: [Physopt 32-662] Processed net fastvit_bd_i/worker_0/inst/conv_worker_U/grp_conv_worker_Pipeline_VITIS_LOOP_215_8_fu_500/ashr_ln15_fu_482_p2[7].  Did not re-place instance fastvit_bd_i/worker_0/inst/conv_worker_U/grp_conv_worker_Pipeline_VITIS_LOOP_215_8_fu_500/ashr_ln15_reg_1216[7]_i_1/O
INFO: [Physopt 32-662] Processed net fastvit_bd_i/worker_0/inst/conv_worker_U/grp_conv_worker_Pipeline_COMPUTE_KH_COMPUTE_KW_COMPUTE_TR_COMPUTE_TC_fu_466/p_ZL6in_buf_1_address0[5].  Did not re-place instance fastvit_bd_i/worker_0/inst/conv_worker_U/grp_conv_worker_Pipeline_COMPUTE_KH_COMPUTE_KW_COMPUTE_TR_COMPUTE_TC_fu_466/ram_reg_0_63_0_0_i_7/O
INFO: [Physopt 32-662] Processed net fastvit_bd_i/worker_0/inst/conv_worker_U/grp_conv_worker_Pipeline_LOAD_IN_VITIS_LOOP_140_3_fu_393/mem_reg[68][27]_srl32_i_3_n_0.  Did not re-place instance fastvit_bd_i/worker_0/inst/conv_worker_U/grp_conv_worker_Pipeline_LOAD_IN_VITIS_LOOP_140_3_fu_393/mem_reg[68][27]_srl32_i_3/O
INFO: [Physopt 32-662] Processed net fastvit_bd_i/worker_0/inst/conv_worker_U/grp_conv_worker_Pipeline_LOAD_IN_VITIS_LOOP_140_3_fu_393/data8[4].  Did not re-place instance fastvit_bd_i/worker_0/inst/conv_worker_U/grp_conv_worker_Pipeline_LOAD_IN_VITIS_LOOP_140_3_fu_393/trunc_ln150_reg_2438[4]_i_1/O
INFO: [Physopt 32-662] Processed net fastvit_bd_i/worker_0/inst/conv_worker_U/grp_conv_worker_Pipeline_LOAD_IN_VITIS_LOOP_140_3_fu_393/mem_reg[68][46]_srl32_i_3_n_0.  Did not re-place instance fastvit_bd_i/worker_0/inst/conv_worker_U/grp_conv_worker_Pipeline_LOAD_IN_VITIS_LOOP_140_3_fu_393/mem_reg[68][46]_srl32_i_3/O
INFO: [Physopt 32-662] Processed net fastvit_bd_i/worker_0/inst/conv_worker_U/grp_conv_worker_Pipeline_LOAD_IN_VITIS_LOOP_140_3_fu_393/m_axi_gmem0_0_ARVALID8154_out.  Did not re-place instance fastvit_bd_i/worker_0/inst/conv_worker_U/grp_conv_worker_Pipeline_LOAD_IN_VITIS_LOOP_140_3_fu_393/mem_reg[68][0]_srl32_i_12/O
INFO: [Physopt 32-662] Processed net fastvit_bd_i/worker_0/inst/conv_worker_U/grp_conv_worker_Pipeline_LOAD_IN_VITIS_LOOP_140_3_fu_393/ap_phi_reg_pp0_iter10_storemerge180_reg_8034.  Did not re-place instance fastvit_bd_i/worker_0/inst/conv_worker_U/grp_conv_worker_Pipeline_LOAD_IN_VITIS_LOOP_140_3_fu_393/ram_reg_0_63_0_0_i_22/O
INFO: [Physopt 32-662] Processed net fastvit_bd_i/worker_0/inst/conv_worker_U/grp_conv_worker_Pipeline_COMPUTE_KH_COMPUTE_KW_COMPUTE_TR_COMPUTE_TC_fu_466/mac_muladd_8s_4s_32s_32_4_1_U2090/fastvit_ip_mac_muladd_8s_4s_32s_32_4_1_DSP48_0_U/b_reg_reg[2]_0[2].  Did not re-place instance fastvit_bd_i/worker_0/inst/conv_worker_U/grp_conv_worker_Pipeline_COMPUTE_KH_COMPUTE_KW_COMPUTE_TR_COMPUTE_TC_fu_466/mac_muladd_8s_4s_32s_32_4_1_U2090/fastvit_ip_mac_muladd_8s_4s_32s_32_4_1_DSP48_0_U/m__0_carry__0_i_2__0/O
INFO: [Physopt 32-662] Processed net fastvit_bd_i/worker_0/inst/conv_worker_U/p_ZL6wt_buf_1_0_U/ram_reg_3[0].  Did not re-place instance fastvit_bd_i/worker_0/inst/conv_worker_U/p_ZL6wt_buf_1_0_U/m__32_carry__1_i_2__0/O
INFO: [Physopt 32-662] Processed net fastvit_bd_i/worker_0/inst/conv_worker_U/grp_conv_worker_Pipeline_COMPUTE_KH_COMPUTE_KW_COMPUTE_TR_COMPUTE_TC_fu_466/mac_muladd_8s_4s_32s_32_4_1_U2092/fastvit_ip_mac_muladd_8s_4s_32s_32_4_1_DSP48_0_U/DI[1].  Did not re-place instance fastvit_bd_i/worker_0/inst/conv_worker_U/grp_conv_worker_Pipeline_COMPUTE_KH_COMPUTE_KW_COMPUTE_TR_COMPUTE_TC_fu_466/mac_muladd_8s_4s_32s_32_4_1_U2092/fastvit_ip_mac_muladd_8s_4s_32s_32_4_1_DSP48_0_U/m__0_carry__0_i_3__2/O
INFO: [Physopt 32-662] Processed net fastvit_bd_i/worker_0/inst/conv_worker_U/grp_conv_worker_Pipeline_COMPUTE_KH_COMPUTE_KW_COMPUTE_TR_COMPUTE_TC_fu_466/mac_muladd_8s_4s_32s_32_4_1_U2092/fastvit_ip_mac_muladd_8s_4s_32s_32_4_1_DSP48_0_U/ram_reg[0].  Did not re-place instance fastvit_bd_i/worker_0/inst/conv_worker_U/grp_conv_worker_Pipeline_COMPUTE_KH_COMPUTE_KW_COMPUTE_TR_COMPUTE_TC_fu_466/mac_muladd_8s_4s_32s_32_4_1_U2092/fastvit_ip_mac_muladd_8s_4s_32s_32_4_1_DSP48_0_U/m__32_carry__1_i_3__2/O
INFO: [Physopt 32-662] Processed net fastvit_bd_i/worker_0/inst/conv_worker_U/grp_conv_worker_Pipeline_LOAD_IN_VITIS_LOOP_140_3_fu_393/ram_reg_0_63_0_0_i_39_n_0.  Did not re-place instance fastvit_bd_i/worker_0/inst/conv_worker_U/grp_conv_worker_Pipeline_LOAD_IN_VITIS_LOOP_140_3_fu_393/ram_reg_0_63_0_0_i_39/O
INFO: [Physopt 32-662] Processed net fastvit_bd_i/worker_0/inst/conv_worker_U/grp_conv_worker_Pipeline_LOAD_IN_VITIS_LOOP_140_3_fu_393/mem_reg[68][59]_srl32_i_3_n_0.  Did not re-place instance fastvit_bd_i/worker_0/inst/conv_worker_U/grp_conv_worker_Pipeline_LOAD_IN_VITIS_LOOP_140_3_fu_393/mem_reg[68][59]_srl32_i_3/O
INFO: [Physopt 32-661] Optimized 11 nets.  Re-placed 27 instances.
INFO: [Physopt 32-775] End 1 Pass. Optimized 11 nets or cells. Created 0 new cell, deleted 0 existing cell and moved 27 existing cells
INFO: [Physopt 32-619] Estimated Timing Summary | WNS=-0.514 | TNS=-163.630 |
Netlist sorting complete. Time (s): cpu = 00:00:00 ; elapsed = 00:00:00.009 . Memory (MB): peak = 2539.672 ; gain = 0.000
Phase 5 Multi Cell Placement Optimization | Checksum: 10f85a549

Time (s): cpu = 00:00:13 ; elapsed = 00:00:13 . Memory (MB): peak = 2539.672 ; gain = 16.164

Phase 6 Rewire
INFO: [Physopt 32-246] Starting Signal Push optimization...
INFO: [Physopt 32-77] Pass 1. Identified 21 candidate nets for rewire optimization.
INFO: [Physopt 32-242] Processed net fastvit_bd_i/ps_ctrl_ic/xbar/inst/gen_sasd.crossbar_sasd_0/addr_arbiter_inst/m_axi_wvalid[1]. Rewired (signal push) fastvit_bd_i/ps_ctrl_ic/xbar/inst/gen_sasd.crossbar_sasd_0/addr_arbiter_inst/s_axi_wvalid[0] to 3 loads. Replicated 1 times.
INFO: [Physopt 32-242] Processed net fastvit_bd_i/worker_0/inst/conv_worker_U/grp_conv_worker_Pipeline_LOAD_IN_VITIS_LOOP_140_3_fu_393/grp_conv_worker_Pipeline_LOAD_IN_VITIS_LOOP_140_3_fu_393_p_ZL6in_buf_0_address0[0]. Rewired (signal push) fastvit_bd_i/worker_0/inst/conv_worker_U/grp_conv_worker_Pipeline_LOAD_IN_VITIS_LOOP_140_3_fu_393/ram_reg_0_63_0_0_i_26_n_0 to 2 loads. Replicated 0 times.
INFO: [Physopt 32-242] Processed net fastvit_bd_i/worker_0/inst/conv_worker_U/grp_conv_worker_Pipeline_LOAD_IN_VITIS_LOOP_140_3_fu_393/m_axi_gmem0_0_ARVALID4137_out. Rewired (signal push) fastvit_bd_i/worker_0/inst/conv_worker_U/grp_conv_worker_Pipeline_LOAD_IN_VITIS_LOOP_140_3_fu_393/ap_CS_fsm_pp0_stage8 to 2 loads. Replicated 1 times.
INFO: [Physopt 32-134] Processed net fastvit_bd_i/worker_0/inst/conv_worker_U/grp_conv_worker_Pipeline_LOAD_IN_VITIS_LOOP_140_3_fu_393/m_axi_gmem0_0_ARVALID8154_out. Rewiring did not optimize the net.
INFO: [Physopt 32-134] Processed net fastvit_bd_i/worker_0/inst/conv_gmem2_m_axi_U/load_unit_0/buff_rdata/U_fifo_mem/raddr_reg[7]_i_3_n_0. Rewiring did not optimize the net.
INFO: [Physopt 32-242] Processed net fastvit_bd_i/worker_0/inst/conv_worker_U/grp_conv_worker_Pipeline_LOAD_IN_VITIS_LOOP_140_3_fu_393/m_axi_gmem0_0_ARVALID5. Rewired (signal push) fastvit_bd_i/worker_0/inst/conv_worker_U/grp_conv_worker_Pipeline_LOAD_IN_VITIS_LOOP_140_3_fu_393/ap_CS_fsm_pp0_stage3 to 1 loads. Replicated 1 times.
INFO: [Physopt 32-134] Processed net fastvit_bd_i/worker_0/inst/conv_worker_U/grp_conv_worker_Pipeline_LOAD_IN_VITIS_LOOP_140_3_fu_393/grp_conv_worker_Pipeline_LOAD_IN_VITIS_LOOP_140_3_fu_393_p_ZL6in_buf_1_we0. Rewiring did not optimize the net.
INFO: [Physopt 32-134] Processed net fastvit_bd_i/worker_0/inst/conv_worker_U/grp_conv_worker_Pipeline_LOAD_IN_VITIS_LOOP_140_3_fu_393/grp_conv_worker_Pipeline_LOAD_IN_VITIS_LOOP_140_3_fu_393_p_ZL6in_buf_0_we0. Rewiring did not optimize the net.
INFO: [Physopt 32-242] Processed net fastvit_bd_i/sc_main/inst/s02_entry_pipeline/s02_mmu/inst/ar_reg_stall/m_axi_arvalid. Rewired (signal push) fastvit_bd_i/sc_main/inst/s02_entry_pipeline/s02_mmu/inst/ar_reg_stall/mr_axi_arvalid to 5 loads. Replicated 0 times.
INFO: [Physopt 32-242] Processed net fastvit_bd_i/sc_main/inst/s02_entry_pipeline/s02_transaction_regulator/inst/gen_endpoint.gen_r_singleorder.r_singleorder/gen_id_fifo.singleorder_fifo/m_axi_arvalid. Rewired (signal push) fastvit_bd_i/sc_main/inst/s02_entry_pipeline/s02_transaction_regulator/inst/gen_endpoint.gen_r_singleorder.r_singleorder/gen_id_fifo.singleorder_fifo/s_axi_arvalid to 1 loads. Replicated 0 times.
INFO: [Physopt 32-242] Processed net fastvit_bd_i/sc_main/inst/s02_entry_pipeline/s02_si_converter/inst/m_axi_arvalid. Rewired (signal push) fastvit_bd_i/sc_main/inst/s02_entry_pipeline/s02_si_converter/inst/s_axi_arvalid_alias to 6 loads. Replicated 1 times.
INFO: [Physopt 32-134] Processed net fastvit_bd_i/worker_0/inst/conv_worker_U/grp_conv_worker_Pipeline_LOAD_IN_VITIS_LOOP_140_3_fu_393/m_axi_gmem0_0_ARVALID2. Rewiring did not optimize the net.
INFO: [Physopt 32-134] Processed net fastvit_bd_i/worker_0/inst/conv_worker_U/grp_conv_worker_Pipeline_LOAD_IN_VITIS_LOOP_140_3_fu_393/grp_conv_worker_Pipeline_LOAD_IN_VITIS_LOOP_140_3_fu_393_p_ZL6in_buf_0_ce0. Rewiring did not optimize the net.
INFO: [Physopt 32-242] Processed net fastvit_bd_i/worker_0/inst/ctrl_s_axi_U/int_ier[1]_i_2_n_0. Rewired (signal push) fastvit_bd_i/worker_0/inst/ctrl_s_axi_U/m_axi_wvalid[1]_repN_alias to 4 loads. Replicated 0 times.
INFO: [Physopt 32-134] Processed net fastvit_bd_i/worker_0/inst/conv_worker_U/grp_conv_worker_Pipeline_LOAD_IN_VITIS_LOOP_140_3_fu_393/grp_conv_worker_Pipeline_LOAD_IN_VITIS_LOOP_140_3_fu_393_grp_fu_540_p_ce. Rewiring did not optimize the net.
INFO: [Physopt 32-242] Processed net fastvit_bd_i/sc_main/inst/s01_entry_pipeline/s01_mmu/inst/ar_reg_stall/m_axi_arvalid. Rewired (signal push) fastvit_bd_i/sc_main/inst/s01_entry_pipeline/s01_mmu/inst/ar_reg_stall/mr_axi_arvalid to 5 loads. Replicated 0 times.
INFO: [Physopt 32-242] Processed net fastvit_bd_i/sc_main/inst/s01_entry_pipeline/s01_transaction_regulator/inst/gen_endpoint.gen_r_singleorder.r_singleorder/gen_id_fifo.singleorder_fifo/m_axi_arvalid. Rewired (signal push) fastvit_bd_i/sc_main/inst/s01_entry_pipeline/s01_transaction_regulator/inst/gen_endpoint.gen_r_singleorder.r_singleorder/gen_id_fifo.singleorder_fifo/s_axi_arvalid to 1 loads. Replicated 0 times.
INFO: [Physopt 32-242] Processed net fastvit_bd_i/worker_0/inst/ctrl_s_axi_U/int_gie_i_2_n_0. Rewired (signal push) fastvit_bd_i/worker_0/inst/ctrl_s_axi_U/m_axi_wvalid[1]_repN_alias to 2 loads. Replicated 0 times.
INFO: [Physopt 32-134] Processed net fastvit_bd_i/worker_0/inst/conv_worker_U/grp_conv_worker_Pipeline_LOAD_IN_VITIS_LOOP_140_3_fu_393/q0[3]_i_5_n_0. Rewiring did not optimize the net.
INFO: [Physopt 32-134] Processed net fastvit_bd_i/sc_main/inst/m00_nodes/m00_ar_node/inst/inst_mi_handler/gen_normal_area.inst_fifo_node_payld/gen_xpm_memory_fifo.inst_fifo/gen_wr.inst_wr_addra_p1/i_5/O_n. Rewiring did not optimize the net.
INFO: [Physopt 32-134] Processed net fastvit_bd_i/sc_main/inst/m00_nodes/m00_ar_node/inst/inst_mi_handler/gen_normal_area.inst_fifo_node_payld/gen_xpm_memory_fifo.inst_fifo/gen_wr.inst_wr_addra_p1/gen_rd.fifo_empty_r_i_2__0_n_0. Rewiring did not optimize the net.
INFO: [Physopt 32-232] Optimized 11 nets. Created 4 new instances.
INFO: [Physopt 32-775] End 1 Pass. Optimized 11 nets or cells. Created 4 new cells, deleted 0 existing cell and moved 0 existing cell
Netlist sorting complete. Time (s): cpu = 00:00:00 ; elapsed = 00:00:00.091 . Memory (MB): peak = 2539.672 ; gain = 0.000
INFO: [Physopt 32-619] Estimated Timing Summary | WNS=-0.514 | TNS=-98.896 |
Netlist sorting complete. Time (s): cpu = 00:00:00 ; elapsed = 00:00:00.006 . Memory (MB): peak = 2539.672 ; gain = 0.000
Phase 6 Rewire | Checksum: 20ba0fb78

Time (s): cpu = 00:00:14 ; elapsed = 00:00:15 . Memory (MB): peak = 2539.672 ; gain = 16.164

Phase 7 Critical Cell Optimization
INFO: [Physopt 32-46] Identified 30 candidate nets for critical-cell optimization.
INFO: [Physopt 32-572] Net fastvit_bd_i/worker_0/inst/conv_worker_U/grp_conv_worker_Pipeline_COMPUTE_KH_COMPUTE_KW_COMPUTE_TR_COMPUTE_TC_fu_466/p_ZL6in_buf_0_address0[1] was not replicated.
Resolution: phys_opt_design can be forced to replicate a net driver using the option -force_replication_on_nets <list of net objects>.
INFO: [Physopt 32-81] Processed net fastvit_bd_i/worker_0/inst/conv_worker_U/grp_conv_worker_Pipeline_LOAD_IN_VITIS_LOOP_140_3_fu_393/ap_phi_reg_pp0_iter9_storemerge177_reg_7644. Replicated 1 times.
INFO: [Physopt 32-81] Processed net fastvit_bd_i/worker_0/inst/conv_worker_U/grp_conv_worker_Pipeline_LOAD_IN_VITIS_LOOP_140_3_fu_393/ap_CS_fsm_pp0_stage6. Replicated 4 times.
INFO: [Physopt 32-572] Net fastvit_bd_i/worker_0/inst/conv_worker_U/grp_conv_worker_Pipeline_COMPUTE_KH_COMPUTE_KW_COMPUTE_TR_COMPUTE_TC_fu_466/ap_CS_fsm_reg[61]_0 was not replicated.
Resolution: phys_opt_design can be forced to replicate a net driver using the option -force_replication_on_nets <list of net objects>.
INFO: [Physopt 32-572] Net fastvit_bd_i/worker_0/inst/conv_worker_U/grp_conv_worker_Pipeline_LOAD_IN_VITIS_LOOP_140_3_fu_393/grp_conv_worker_Pipeline_LOAD_IN_VITIS_LOOP_140_3_fu_393_p_ZL6in_buf_0_address0[5] was not replicated.
Resolution: phys_opt_design can be forced to replicate a net driver using the option -force_replication_on_nets <list of net objects>.
INFO: [Physopt 32-81] Processed net fastvit_bd_i/worker_0/inst/conv_worker_U/grp_conv_worker_Pipeline_LOAD_IN_VITIS_LOOP_140_3_fu_393/trunc_ln150_reg_2438[2]. Replicated 3 times.
INFO: [Physopt 32-572] Net fastvit_bd_i/worker_0/inst/conv_worker_U/grp_conv_worker_Pipeline_LOAD_IN_VITIS_LOOP_140_3_fu_393/ap_CS_fsm_reg[61]_1[2] was not replicated.
Resolution: phys_opt_design can be forced to replicate a net driver using the option -force_replication_on_nets <list of net objects>.
INFO: [Physopt 32-572] Net fastvit_bd_i/worker_0/inst/conv_worker_U/grp_conv_worker_Pipeline_LOAD_IN_VITIS_LOOP_140_3_fu_393/ap_CS_fsm_reg[61]_1[3] was not replicated.
Resolution: phys_opt_design can be forced to replicate a net driver using the option -force_replication_on_nets <list of net objects>.
INFO: [Physopt 32-572] Net fastvit_bd_i/worker_0/inst/conv_worker_U/grp_conv_worker_Pipeline_LOAD_IN_VITIS_LOOP_140_3_fu_393/grp_conv_worker_Pipeline_LOAD_IN_VITIS_LOOP_140_3_fu_393_p_ZL6in_buf_0_address0[2] was not replicated.
Resolution: phys_opt_design can be forced to replicate a net driver using the option -force_replication_on_nets <list of net objects>.
INFO: [Physopt 32-572] Net fastvit_bd_i/worker_0/inst/conv_worker_U/grp_conv_worker_Pipeline_LOAD_IN_VITIS_LOOP_140_3_fu_393/grp_conv_worker_Pipeline_LOAD_IN_VITIS_LOOP_140_3_fu_393_p_ZL6in_buf_0_address0[3] was not replicated.
Resolution: phys_opt_design can be forced to replicate a net driver using the option -force_replication_on_nets <list of net objects>.
INFO: [Physopt 32-572] Net fastvit_bd_i/worker_0/inst/conv_worker_U/grp_conv_worker_Pipeline_LOAD_IN_VITIS_LOOP_140_3_fu_393/ap_CS_fsm_reg[61]_1[1] was not replicated.
Resolution: phys_opt_design can be forced to replicate a net driver using the option -force_replication_on_nets <list of net objects>.
INFO: [Physopt 32-572] Net fastvit_bd_i/worker_0/inst/conv_worker_U/grp_conv_worker_Pipeline_LOAD_IN_VITIS_LOOP_140_3_fu_393/grp_conv_worker_Pipeline_LOAD_IN_VITIS_LOOP_140_3_fu_393_p_ZL6in_buf_0_address0[1] was not replicated.
Resolution: phys_opt_design can be forced to replicate a net driver using the option -force_replication_on_nets <list of net objects>.
INFO: [Physopt 32-572] Net fastvit_bd_i/worker_0/inst/conv_worker_U/grp_conv_worker_Pipeline_COMPUTE_KH_COMPUTE_KW_COMPUTE_TR_COMPUTE_TC_fu_466/p_ZL6in_buf_0_address0[0] was not replicated.
Resolution: phys_opt_design can be forced to replicate a net driver using the option -force_replication_on_nets <list of net objects>.
INFO: [Physopt 32-572] Net fastvit_bd_i/worker_0/inst/conv_worker_U/grp_conv_worker_Pipeline_COMPUTE_KH_COMPUTE_KW_COMPUTE_TR_COMPUTE_TC_fu_466/ap_CS_fsm_reg[61] was not replicated.
Resolution: phys_opt_design can be forced to replicate a net driver using the option -force_replication_on_nets <list of net objects>.
INFO: [Physopt 32-572] Net fastvit_bd_i/worker_0/inst/conv_worker_U/grp_conv_worker_Pipeline_LOAD_IN_VITIS_LOOP_140_3_fu_393/grp_conv_worker_Pipeline_LOAD_IN_VITIS_LOOP_140_3_fu_393_p_ZL6in_buf_0_address0[4] was not replicated.
Resolution: phys_opt_design can be forced to replicate a net driver using the option -force_replication_on_nets <list of net objects>.
INFO: [Physopt 32-81] Processed net fastvit_bd_i/worker_0/inst/conv_worker_U/grp_conv_worker_Pipeline_LOAD_IN_VITIS_LOOP_140_3_fu_393/trunc_ln150_reg_2438[3]. Replicated 2 times.
INFO: [Physopt 32-572] Net fastvit_bd_i/worker_0/inst/conv_worker_U/grp_conv_worker_Pipeline_COMPUTE_KH_COMPUTE_KW_COMPUTE_TR_COMPUTE_TC_fu_466/p_ZL6in_buf_1_address0[3] was not replicated.
Resolution: phys_opt_design can be forced to replicate a net driver using the option -force_replication_on_nets <list of net objects>.
INFO: [Physopt 32-572] Net fastvit_bd_i/worker_0/inst/conv_worker_U/grp_conv_worker_Pipeline_COMPUTE_KH_COMPUTE_KW_COMPUTE_TR_COMPUTE_TC_fu_466/p_ZL6in_buf_1_address0[1] was not replicated.
Resolution: phys_opt_design can be forced to replicate a net driver using the option -force_replication_on_nets <list of net objects>.
INFO: [Physopt 32-572] Net fastvit_bd_i/worker_0/inst/conv_worker_U/grp_conv_worker_Pipeline_LOAD_IN_VITIS_LOOP_140_3_fu_393/ram_reg_0_63_0_0_i_23_n_0 was not replicated.
Resolution: phys_opt_design can be forced to replicate a net driver using the option -force_replication_on_nets <list of net objects>.
INFO: [Physopt 32-81] Processed net fastvit_bd_i/worker_0/inst/conv_worker_U/grp_conv_worker_Pipeline_LOAD_IN_VITIS_LOOP_140_3_fu_393/ap_CS_fsm_reg_n_0_[0]. Replicated 3 times.
INFO: [Physopt 32-81] Processed net fastvit_bd_i/worker_0/inst/conv_worker_U/grp_conv_worker_Pipeline_LOAD_IN_VITIS_LOOP_140_3_fu_393/ap_enable_reg_pp0_iter9_repN. Replicated 2 times.
INFO: [Physopt 32-572] Net fastvit_bd_i/worker_0/inst/conv_worker_U/grp_conv_worker_Pipeline_LOAD_IN_VITIS_LOOP_140_3_fu_393/ap_CS_fsm_reg[61]_1[0] was not replicated.
Resolution: phys_opt_design can be forced to replicate a net driver using the option -force_replication_on_nets <list of net objects>.
INFO: [Physopt 32-572] Net fastvit_bd_i/worker_0/inst/conv_worker_U/grp_conv_worker_Pipeline_LOAD_IN_VITIS_LOOP_140_3_fu_393/ram_reg_0_63_0_0_i_26_n_0 was not replicated.
Resolution: phys_opt_design can be forced to replicate a net driver using the option -force_replication_on_nets <list of net objects>.
INFO: [Physopt 32-572] Net fastvit_bd_i/worker_0/inst/conv_worker_U/grp_conv_worker_Pipeline_LOAD_IN_VITIS_LOOP_140_3_fu_393/conv_g0_ARVALID was not replicated.
Resolution: phys_opt_design can be forced to replicate a net driver using the option -force_replication_on_nets <list of net objects>.
INFO: [Physopt 32-572] Net fastvit_bd_i/worker_0/inst/conv_worker_U/grp_conv_worker_Pipeline_LOAD_IN_VITIS_LOOP_140_3_fu_393/ap_phi_reg_pp0_iter10_storemerge180_reg_8034 was not replicated.
Resolution: phys_opt_design can be forced to replicate a net driver using the option -force_replication_on_nets <list of net objects>.
INFO: [Physopt 32-81] Processed net fastvit_bd_i/worker_0/inst/conv_gmem2_m_axi_U/load_unit_0/buff_rdata/U_fifo_mem/raddr_reg[7]_i_3_n_0. Replicated 1 times.
INFO: [Physopt 32-572] Net fastvit_bd_i/worker_0/inst/conv_gmem2_m_axi_U/load_unit_0/buff_rdata/U_fifo_mem/pop was not replicated.
Resolution: phys_opt_design can be forced to replicate a net driver using the option -force_replication_on_nets <list of net objects>.
INFO: [Physopt 32-81] Processed net fastvit_bd_i/worker_0/inst/conv_worker_U/grp_conv_worker_Pipeline_INIT_OUT_VITIS_LOOP_122_1_fu_368/conv_g2_RREADY. Replicated 1 times.
INFO: [Physopt 32-571] Net fastvit_bd_i/worker_0/inst/conv_worker_U/grp_conv_worker_Pipeline_INIT_OUT_VITIS_LOOP_122_1_fu_368/ap_enable_reg_pp0_iter3_reg_0 was not replicated.
INFO: [Physopt 32-571] Net fastvit_bd_i/worker_0/inst/conv_gmem2_m_axi_U/load_unit_0/buff_rdata/U_fifo_mem/rnext[7] was not replicated.
INFO: [Physopt 32-232] Optimized 8 nets. Created 17 new instances.
INFO: [Physopt 32-775] End 1 Pass. Optimized 8 nets or cells. Created 17 new cells, deleted 0 existing cell and moved 0 existing cell
INFO: [Physopt 32-619] Estimated Timing Summary | WNS=-0.519 | TNS=-90.369 |
Netlist sorting complete. Time (s): cpu = 00:00:00 ; elapsed = 00:00:00.045 . Memory (MB): peak = 2539.672 ; gain = 0.000
Phase 7 Critical Cell Optimization | Checksum: 17b29d71a

Time (s): cpu = 00:00:18 ; elapsed = 00:00:18 . Memory (MB): peak = 2539.672 ; gain = 16.164

Phase 8 Fanout Optimization
INFO: [Physopt 32-76] Pass 1. Identified 3 candidate nets for fanout optimization.
INFO: [Physopt 32-572] Net fastvit_bd_i/worker_0/inst/conv_worker_U/ap_CS_fsm_state60 was not replicated.
Resolution: phys_opt_design can be forced to replicate a net driver using the option -force_replication_on_nets <list of net objects>.
INFO: [Physopt 32-81] Processed net fastvit_bd_i/worker_0/inst/conv_worker_U/grp_conv_worker_Pipeline_LOAD_IN_VITIS_LOOP_140_3_fu_393/m_axi_gmem0_0_ARVALID4137_out_repN. Replicated 4 times.
INFO: [Physopt 32-81] Processed net fastvit_bd_i/worker_0/inst/conv_worker_U/grp_conv_worker_Pipeline_LOAD_IN_VITIS_LOOP_140_3_fu_393/m_axi_gmem0_0_ARVALID5_repN. Replicated 3 times.
INFO: [Physopt 32-232] Optimized 2 nets. Created 7 new instances.
INFO: [Physopt 32-775] End 1 Pass. Optimized 2 nets or cells. Created 7 new cells, deleted 0 existing cell and moved 0 existing cell
INFO: [Physopt 32-619] Estimated Timing Summary | WNS=-0.519 | TNS=-90.354 |
Netlist sorting complete. Time (s): cpu = 00:00:00 ; elapsed = 00:00:00.063 . Memory (MB): peak = 2539.672 ; gain = 0.000
Phase 8 Fanout Optimization | Checksum: 1411ba475

Time (s): cpu = 00:00:18 ; elapsed = 00:00:19 . Memory (MB): peak = 2539.672 ; gain = 16.164

Phase 9 Single Cell Placement Optimization
INFO: [Physopt 32-660] Identified 250 candidate nets for placement-based optimization.
INFO: [Physopt 32-662] Processed net fastvit_bd_i/worker_0/inst/conv_worker_U/grp_conv_worker_Pipeline_LOAD_IN_VITIS_LOOP_140_3_fu_393/trunc_ln150_reg_2438[3].  Did not re-place instance fastvit_bd_i/worker_0/inst/conv_worker_U/grp_conv_worker_Pipeline_LOAD_IN_VITIS_LOOP_140_3_fu_393/trunc_ln150_reg_2438_reg[3]
INFO: [Physopt 32-662] Processed net fastvit_bd_i/worker_0/inst/conv_worker_U/grp_conv_worker_Pipeline_LOAD_IN_VITIS_LOOP_140_3_fu_393/grp_conv_worker_Pipeline_LOAD_IN_VITIS_LOOP_140_3_fu_393_p_ZL6in_buf_0_address0[3].  Did not re-place instance fastvit_bd_i/worker_0/inst/conv_worker_U/grp_conv_worker_Pipeline_LOAD_IN_VITIS_LOOP_140_3_fu_393/ram_reg_0_63_0_0_i_18
INFO: [Physopt 32-662] Processed net fastvit_bd_i/worker_0/inst/conv_worker_U/grp_conv_worker_Pipeline_LOAD_IN_VITIS_LOOP_140_3_fu_393/ram_reg_0_63_0_0_i_33_n_0.  Did not re-place instance fastvit_bd_i/worker_0/inst/conv_worker_U/grp_conv_worker_Pipeline_LOAD_IN_VITIS_LOOP_140_3_fu_393/ram_reg_0_63_0_0_i_33
INFO: [Physopt 32-662] Processed net fastvit_bd_i/worker_0/inst/conv_worker_U/grp_conv_worker_Pipeline_LOAD_IN_VITIS_LOOP_140_3_fu_393/ram_reg_0_63_0_0_i_47_n_0.  Did not re-place instance fastvit_bd_i/worker_0/inst/conv_worker_U/grp_conv_worker_Pipeline_LOAD_IN_VITIS_LOOP_140_3_fu_393/ram_reg_0_63_0_0_i_47
INFO: [Physopt 32-662] Processed net fastvit_bd_i/worker_0/inst/conv_worker_U/p_ZL6in_buf_1_U/q00__8[2].  Did not re-place instance fastvit_bd_i/worker_0/inst/conv_worker_U/p_ZL6in_buf_1_U/q0[2]_i_1__0
INFO: [Physopt 32-662] Processed net fastvit_bd_i/worker_0/inst/conv_worker_U/p_ZL6in_buf_1_U/Q[2].  Did not re-place instance fastvit_bd_i/worker_0/inst/conv_worker_U/p_ZL6in_buf_1_U/q0_reg[2]
INFO: [Physopt 32-662] Processed net fastvit_bd_i/worker_0/inst/conv_worker_U/grp_conv_worker_Pipeline_LOAD_IN_VITIS_LOOP_140_3_fu_393/ap_CS_fsm_reg[61]_1[3].  Did not re-place instance fastvit_bd_i/worker_0/inst/conv_worker_U/grp_conv_worker_Pipeline_LOAD_IN_VITIS_LOOP_140_3_fu_393/ram_reg_0_63_0_0_i_6__0
INFO: [Physopt 32-662] Processed net fastvit_bd_i/worker_0/inst/conv_worker_U/p_ZL6in_buf_0_U/q00__7[0].  Did not re-place instance fastvit_bd_i/worker_0/inst/conv_worker_U/p_ZL6in_buf_0_U/q0[0]_i_1
INFO: [Physopt 32-662] Processed net fastvit_bd_i/worker_0/inst/conv_worker_U/p_ZL6in_buf_0_U/Q[0].  Did not re-place instance fastvit_bd_i/worker_0/inst/conv_worker_U/p_ZL6in_buf_0_U/q0_reg[0]
INFO: [Physopt 32-662] Processed net fastvit_bd_i/worker_0/inst/conv_worker_U/grp_conv_worker_Pipeline_LOAD_IN_VITIS_LOOP_140_3_fu_393/trunc_ln150_reg_2438[2]_repN.  Did not re-place instance fastvit_bd_i/worker_0/inst/conv_worker_U/grp_conv_worker_Pipeline_LOAD_IN_VITIS_LOOP_140_3_fu_393/trunc_ln150_reg_2438_reg[2]_replica
INFO: [Physopt 32-662] Processed net fastvit_bd_i/worker_0/inst/conv_worker_U/p_ZL6in_buf_1_U/q00__8[3].  Did not re-place instance fastvit_bd_i/worker_0/inst/conv_worker_U/p_ZL6in_buf_1_U/q0[3]_i_2__0
INFO: [Physopt 32-662] Processed net fastvit_bd_i/worker_0/inst/conv_worker_U/p_ZL6in_buf_1_U/Q[3].  Did not re-place instance fastvit_bd_i/worker_0/inst/conv_worker_U/p_ZL6in_buf_1_U/q0_reg[3]
INFO: [Physopt 32-662] Processed net fastvit_bd_i/worker_0/inst/conv_worker_U/grp_conv_worker_Pipeline_LOAD_IN_VITIS_LOOP_140_3_fu_393/ram_reg_0_63_0_0_i_26_n_0.  Did not re-place instance fastvit_bd_i/worker_0/inst/conv_worker_U/grp_conv_worker_Pipeline_LOAD_IN_VITIS_LOOP_140_3_fu_393/ram_reg_0_63_0_0_i_26
INFO: [Physopt 32-662] Processed net fastvit_bd_i/worker_0/inst/conv_worker_U/grp_conv_worker_Pipeline_LOAD_IN_VITIS_LOOP_140_3_fu_393/ap_CS_fsm_pp0_stage6.  Did not re-place instance fastvit_bd_i/worker_0/inst/conv_worker_U/grp_conv_worker_Pipeline_LOAD_IN_VITIS_LOOP_140_3_fu_393/ap_CS_fsm_reg[6]
INFO: [Physopt 32-662] Processed net fastvit_bd_i/worker_0/inst/conv_worker_U/grp_conv_worker_Pipeline_LOAD_IN_VITIS_LOOP_140_3_fu_393/ram_reg_0_63_0_0_i_45_n_0.  Did not re-place instance fastvit_bd_i/worker_0/inst/conv_worker_U/grp_conv_worker_Pipeline_LOAD_IN_VITIS_LOOP_140_3_fu_393/ram_reg_0_63_0_0_i_45
INFO: [Physopt 32-662] Processed net fastvit_bd_i/worker_0/inst/conv_worker_U/p_ZL6in_buf_1_U/q00__8[1].  Did not re-place instance fastvit_bd_i/worker_0/inst/conv_worker_U/p_ZL6in_buf_1_U/q0[1]_i_1__0
INFO: [Physopt 32-662] Processed net fastvit_bd_i/worker_0/inst/conv_worker_U/p_ZL6in_buf_1_U/Q[1].  Did not re-place instance fastvit_bd_i/worker_0/inst/conv_worker_U/p_ZL6in_buf_1_U/q0_reg[1]
INFO: [Physopt 32-662] Processed net fastvit_bd_i/worker_0/inst/conv_worker_U/grp_conv_worker_Pipeline_LOAD_IN_VITIS_LOOP_140_3_fu_393/zext_ln150_1_fu_1674_p1[3].  Did not re-place instance fastvit_bd_i/worker_0/inst/conv_worker_U/grp_conv_worker_Pipeline_LOAD_IN_VITIS_LOOP_140_3_fu_393/select_ln137_reg_2175_pp0_iter9_reg_reg[0]__0
INFO: [Physopt 32-662] Processed net fastvit_bd_i/worker_0/inst/conv_worker_U/p_ZL6in_buf_0_U/q00__7[1].  Did not re-place instance fastvit_bd_i/worker_0/inst/conv_worker_U/p_ZL6in_buf_0_U/q0[1]_i_1
INFO: [Physopt 32-662] Processed net fastvit_bd_i/worker_0/inst/conv_worker_U/p_ZL6in_buf_0_U/Q[1].  Did not re-place instance fastvit_bd_i/worker_0/inst/conv_worker_U/p_ZL6in_buf_0_U/q0_reg[1]
INFO: [Physopt 32-662] Processed net fastvit_bd_i/worker_0/inst/conv_worker_U/grp_conv_worker_Pipeline_LOAD_IN_VITIS_LOOP_140_3_fu_393/ap_CS_fsm_pp0_stage7.  Did not re-place instance fastvit_bd_i/worker_0/inst/conv_worker_U/grp_conv_worker_Pipeline_LOAD_IN_VITIS_LOOP_140_3_fu_393/ap_CS_fsm_reg[7]
INFO: [Physopt 32-662] Processed net fastvit_bd_i/worker_0/inst/conv_worker_U/grp_conv_worker_Pipeline_LOAD_IN_VITIS_LOOP_140_3_fu_393/ram_reg_0_63_0_0_i_11_n_0.  Did not re-place instance fastvit_bd_i/worker_0/inst/conv_worker_U/grp_conv_worker_Pipeline_LOAD_IN_VITIS_LOOP_140_3_fu_393/ram_reg_0_63_0_0_i_11
INFO: [Physopt 32-662] Processed net fastvit_bd_i/worker_0/inst/conv_worker_U/grp_conv_worker_Pipeline_LOAD_IN_VITIS_LOOP_140_3_fu_393/grp_conv_worker_Pipeline_LOAD_IN_VITIS_LOOP_140_3_fu_393_p_ZL6in_buf_0_address0[1].  Did not re-place instance fastvit_bd_i/worker_0/inst/conv_worker_U/grp_conv_worker_Pipeline_LOAD_IN_VITIS_LOOP_140_3_fu_393/ram_reg_0_63_0_0_i_16
INFO: [Physopt 32-662] Processed net fastvit_bd_i/worker_0/inst/conv_worker_U/grp_conv_worker_Pipeline_LOAD_IN_VITIS_LOOP_140_3_fu_393/ap_CS_fsm_reg[61]_1[0].  Did not re-place instance fastvit_bd_i/worker_0/inst/conv_worker_U/grp_conv_worker_Pipeline_LOAD_IN_VITIS_LOOP_140_3_fu_393/ram_reg_0_63_0_0_i_3__0_rewire
INFO: [Physopt 32-662] Processed net fastvit_bd_i/worker_0/inst/conv_worker_U/grp_conv_worker_Pipeline_LOAD_IN_VITIS_LOOP_140_3_fu_393/trunc_ln150_reg_2438[1].  Did not re-place instance fastvit_bd_i/worker_0/inst/conv_worker_U/grp_conv_worker_Pipeline_LOAD_IN_VITIS_LOOP_140_3_fu_393/trunc_ln150_reg_2438_reg[1]
INFO: [Physopt 32-662] Processed net fastvit_bd_i/worker_0/inst/conv_worker_U/grp_conv_worker_Pipeline_LOAD_IN_VITIS_LOOP_140_3_fu_393/ram_reg_0_63_0_0_i_35_n_0.  Did not re-place instance fastvit_bd_i/worker_0/inst/conv_worker_U/grp_conv_worker_Pipeline_LOAD_IN_VITIS_LOOP_140_3_fu_393/ram_reg_0_63_0_0_i_35
INFO: [Physopt 32-662] Processed net fastvit_bd_i/worker_0/inst/conv_worker_U/grp_conv_worker_Pipeline_LOAD_IN_VITIS_LOOP_140_3_fu_393/grp_conv_worker_Pipeline_LOAD_IN_VITIS_LOOP_140_3_fu_393_p_ZL6in_buf_0_address0[6].  Did not re-place instance fastvit_bd_i/worker_0/inst/conv_worker_U/grp_conv_worker_Pipeline_LOAD_IN_VITIS_LOOP_140_3_fu_393/ram_reg_0_15_0_0_i_2__0
INFO: [Physopt 32-662] Processed net fastvit_bd_i/worker_0/inst/conv_worker_U/grp_conv_worker_Pipeline_COMPUTE_KH_COMPUTE_KW_COMPUTE_TR_COMPUTE_TC_fu_466/p_ZL6in_buf_1_address0[6].  Did not re-place instance fastvit_bd_i/worker_0/inst/conv_worker_U/grp_conv_worker_Pipeline_COMPUTE_KH_COMPUTE_KW_COMPUTE_TR_COMPUTE_TC_fu_466/q0[3]_i_3
INFO: [Physopt 32-662] Processed net fastvit_bd_i/worker_0/inst/conv_worker_U/grp_conv_worker_Pipeline_LOAD_IN_VITIS_LOOP_140_3_fu_393/ap_CS_fsm_reg[61].  Did not re-place instance fastvit_bd_i/worker_0/inst/conv_worker_U/grp_conv_worker_Pipeline_LOAD_IN_VITIS_LOOP_140_3_fu_393/ram_reg_0_63_0_0_i_1
INFO: [Physopt 32-662] Processed net fastvit_bd_i/worker_0/inst/conv_worker_U/grp_conv_worker_Pipeline_LOAD_IN_VITIS_LOOP_140_3_fu_393/ram_reg_0_15_0_0_i_12_n_0.  Did not re-place instance fastvit_bd_i/worker_0/inst/conv_worker_U/grp_conv_worker_Pipeline_LOAD_IN_VITIS_LOOP_140_3_fu_393/ram_reg_0_15_0_0_i_12
INFO: [Physopt 32-662] Processed net fastvit_bd_i/worker_0/inst/conv_worker_U/grp_conv_worker_Pipeline_LOAD_IN_VITIS_LOOP_140_3_fu_393/ram_reg_0_15_0_0_i_14_n_0.  Did not re-place instance fastvit_bd_i/worker_0/inst/conv_worker_U/grp_conv_worker_Pipeline_LOAD_IN_VITIS_LOOP_140_3_fu_393/ram_reg_0_15_0_0_i_14
INFO: [Physopt 32-662] Processed net fastvit_bd_i/worker_0/inst/conv_worker_U/grp_conv_worker_Pipeline_LOAD_IN_VITIS_LOOP_140_3_fu_393/ram_reg_0_15_0_0_i_6_n_0.  Did not re-place instance fastvit_bd_i/worker_0/inst/conv_worker_U/grp_conv_worker_Pipeline_LOAD_IN_VITIS_LOOP_140_3_fu_393/ram_reg_0_15_0_0_i_6
INFO: [Physopt 32-662] Processed net fastvit_bd_i/worker_0/inst/conv_worker_U/grp_conv_worker_Pipeline_COMPUTE_KH_COMPUTE_KW_COMPUTE_TR_COMPUTE_TC_fu_466/zext_ln193_1_reg_1003_reg[6]_1.  Did not re-place instance fastvit_bd_i/worker_0/inst/conv_worker_U/grp_conv_worker_Pipeline_COMPUTE_KH_COMPUTE_KW_COMPUTE_TR_COMPUTE_TC_fu_466/ram_reg_0_15_0_0__0_i_1__0
INFO: [Physopt 32-662] Processed net fastvit_bd_i/worker_0/inst/conv_worker_U/grp_conv_worker_Pipeline_LOAD_IN_VITIS_LOOP_140_3_fu_393/select_ln137_reg_2175[3]_i_2_n_0.  Did not re-place instance fastvit_bd_i/worker_0/inst/conv_worker_U/grp_conv_worker_Pipeline_LOAD_IN_VITIS_LOOP_140_3_fu_393/select_ln137_reg_2175[3]_i_2
INFO: [Physopt 32-662] Processed net fastvit_bd_i/worker_0/inst/conv_worker_U/grp_conv_worker_Pipeline_LOAD_IN_VITIS_LOOP_140_3_fu_393/grp_conv_worker_Pipeline_LOAD_IN_VITIS_LOOP_140_3_fu_393_p_ZL6in_buf_1_we0.  Did not re-place instance fastvit_bd_i/worker_0/inst/conv_worker_U/grp_conv_worker_Pipeline_LOAD_IN_VITIS_LOOP_140_3_fu_393/i_0_LOPT_REMAP
INFO: [Physopt 32-662] Processed net fastvit_bd_i/worker_0/inst/conv_worker_U/grp_conv_worker_Pipeline_LOAD_IN_VITIS_LOOP_140_3_fu_393/p_0_in__9.  Did not re-place instance fastvit_bd_i/worker_0/inst/conv_worker_U/grp_conv_worker_Pipeline_LOAD_IN_VITIS_LOOP_140_3_fu_393/ram_reg_0_15_0_0_i_2
INFO: [Physopt 32-662] Processed net fastvit_bd_i/worker_0/inst/conv_worker_U/grp_conv_worker_Pipeline_LOAD_IN_VITIS_LOOP_140_3_fu_393/i_2/O_n.  Did not re-place instance fastvit_bd_i/worker_0/inst/conv_worker_U/grp_conv_worker_Pipeline_LOAD_IN_VITIS_LOOP_140_3_fu_393/i_2_LOPT_REMAP
INFO: [Physopt 32-662] Processed net fastvit_bd_i/worker_0/inst/conv_worker_U/grp_conv_worker_Pipeline_LOAD_IN_VITIS_LOOP_140_3_fu_393/trunc_ln150_reg_2438[4].  Did not re-place instance fastvit_bd_i/worker_0/inst/conv_worker_U/grp_conv_worker_Pipeline_LOAD_IN_VITIS_LOOP_140_3_fu_393/trunc_ln150_reg_2438_reg[4]
INFO: [Physopt 32-662] Processed net fastvit_bd_i/worker_0/inst/conv_worker_U/grp_conv_worker_Pipeline_LOAD_IN_VITIS_LOOP_140_3_fu_393/ap_CS_fsm_pp0_stage5.  Did not re-place instance fastvit_bd_i/worker_0/inst/conv_worker_U/grp_conv_worker_Pipeline_LOAD_IN_VITIS_LOOP_140_3_fu_393/ap_CS_fsm_reg[5]
INFO: [Physopt 32-662] Processed net fastvit_bd_i/worker_0/inst/conv_worker_U/grp_conv_worker_Pipeline_COMPUTE_KH_COMPUTE_KW_COMPUTE_TR_COMPUTE_TC_fu_466/ap_CS_fsm_reg[61]_0.  Did not re-place instance fastvit_bd_i/worker_0/inst/conv_worker_U/grp_conv_worker_Pipeline_COMPUTE_KH_COMPUTE_KW_COMPUTE_TR_COMPUTE_TC_fu_466/ram_reg_0_15_0_0__0_i_1
INFO: [Physopt 32-662] Processed net fastvit_bd_i/worker_0/inst/conv_worker_U/grp_conv_worker_Pipeline_LOAD_IN_VITIS_LOOP_140_3_fu_393/mul_31ns_32s_32_5_1_U2017/ap_CS_fsm_reg[5].  Did not re-place instance fastvit_bd_i/worker_0/inst/conv_worker_U/grp_conv_worker_Pipeline_LOAD_IN_VITIS_LOOP_140_3_fu_393/mul_31ns_32s_32_5_1_U2017/in_r_reg_2214[31]_i_1
INFO: [Physopt 32-662] Processed net fastvit_bd_i/worker_0/inst/conv_worker_U/grp_conv_worker_Pipeline_COMPUTE_KH_COMPUTE_KW_COMPUTE_TR_COMPUTE_TC_fu_466/mac_muladd_8s_4s_32s_32_4_1_U2090/fastvit_ip_mac_muladd_8s_4s_32s_32_4_1_DSP48_0_U/b_reg_reg[2]_0[1].  Did not re-place instance fastvit_bd_i/worker_0/inst/conv_worker_U/grp_conv_worker_Pipeline_COMPUTE_KH_COMPUTE_KW_COMPUTE_TR_COMPUTE_TC_fu_466/mac_muladd_8s_4s_32s_32_4_1_U2090/fastvit_ip_mac_muladd_8s_4s_32s_32_4_1_DSP48_0_U/m__0_carry__0_i_3__0
INFO: [Physopt 32-662] Processed net fastvit_bd_i/worker_0/inst/conv_worker_U/grp_conv_worker_Pipeline_LOAD_IN_VITIS_LOOP_140_3_fu_393/grp_conv_worker_Pipeline_LOAD_IN_VITIS_LOOP_140_3_fu_393_p_ZL6in_buf_0_we0.  Did not re-place instance fastvit_bd_i/worker_0/inst/conv_worker_U/grp_conv_worker_Pipeline_LOAD_IN_VITIS_LOOP_140_3_fu_393/ram_reg_0_63_0_0_i_14
INFO: [Physopt 32-662] Processed net fastvit_bd_i/worker_0/inst/conv_worker_U/grp_conv_worker_Pipeline_LOAD_IN_VITIS_LOOP_140_3_fu_393/p_0_in__8.  Did not re-place instance fastvit_bd_i/worker_0/inst/conv_worker_U/grp_conv_worker_Pipeline_LOAD_IN_VITIS_LOOP_140_3_fu_393/ram_reg_0_15_0_0_i_3
INFO: [Physopt 32-662] Processed net fastvit_bd_i/worker_0/inst/conv_worker_U/p_ZL6wt_buf_1_0_U/ram_reg_3[0].  Did not re-place instance fastvit_bd_i/worker_0/inst/conv_worker_U/p_ZL6wt_buf_1_0_U/m__32_carry__1_i_2__0
INFO: [Physopt 32-662] Processed net fastvit_bd_i/worker_0/inst/conv_worker_U/grp_conv_worker_Pipeline_COMPUTE_KH_COMPUTE_KW_COMPUTE_TR_COMPUTE_TC_fu_466/mac_muladd_8s_4s_32s_32_4_1_U2090/fastvit_ip_mac_muladd_8s_4s_32s_32_4_1_DSP48_0_U/b_reg_reg[1]_1[1].  Did not re-place instance fastvit_bd_i/worker_0/inst/conv_worker_U/grp_conv_worker_Pipeline_COMPUTE_KH_COMPUTE_KW_COMPUTE_TR_COMPUTE_TC_fu_466/mac_muladd_8s_4s_32s_32_4_1_U2090/fastvit_ip_mac_muladd_8s_4s_32s_32_4_1_DSP48_0_U/m__0_carry__0_i_7__0
INFO: [Physopt 32-662] Processed net fastvit_bd_i/worker_0/inst/conv_worker_U/grp_conv_worker_Pipeline_LOAD_IN_VITIS_LOOP_140_3_fu_393/ram_reg_0_63_0_0_i_24_n_0.  Did not re-place instance fastvit_bd_i/worker_0/inst/conv_worker_U/grp_conv_worker_Pipeline_LOAD_IN_VITIS_LOOP_140_3_fu_393/ram_reg_0_63_0_0_i_24
INFO: [Physopt 32-662] Processed net fastvit_bd_i/worker_0/inst/conv_worker_U/p_ZL6wt_buf_1_0_U/ram_reg_4[0].  Did not re-place instance fastvit_bd_i/worker_0/inst/conv_worker_U/p_ZL6wt_buf_1_0_U/m__32_carry__1_i_5__0
INFO: [Physopt 32-662] Processed net fastvit_bd_i/worker_0/inst/conv_worker_U/grp_conv_worker_Pipeline_COMPUTE_KH_COMPUTE_KW_COMPUTE_TR_COMPUTE_TC_fu_466/mac_muladd_8s_4s_32s_32_4_1_U2091/fastvit_ip_mac_muladd_8s_4s_32s_32_4_1_DSP48_0_U/m_reg_reg_n_0_[13].  Did not re-place instance fastvit_bd_i/worker_0/inst/conv_worker_U/grp_conv_worker_Pipeline_COMPUTE_KH_COMPUTE_KW_COMPUTE_TR_COMPUTE_TC_fu_466/mac_muladd_8s_4s_32s_32_4_1_U2091/fastvit_ip_mac_muladd_8s_4s_32s_32_4_1_DSP48_0_U/m_reg_reg[13]
INFO: [Physopt 32-662] Processed net fastvit_bd_i/worker_0/inst/conv_gmem0_m_axi_U/load_unit_0/fifo_rreq/U_fifo_srl/mem_reg[68][58]_srl32_n_0.  Did not re-place instance fastvit_bd_i/worker_0/inst/conv_gmem0_m_axi_U/load_unit_0/fifo_rreq/U_fifo_srl/mem_reg[68][58]_srl32
INFO: [Physopt 32-662] Processed net fastvit_bd_i/worker_0/inst/conv_gmem0_m_axi_U/load_unit_0/fifo_rreq/U_fifo_srl/mem_reg[68][58]_srl32_n_1.  Did not re-place instance fastvit_bd_i/worker_0/inst/conv_gmem0_m_axi_U/load_unit_0/fifo_rreq/U_fifo_srl/mem_reg[68][58]_srl32
INFO: [Physopt 32-662] Processed net fastvit_bd_i/worker_0/inst/conv_worker_U/p_ZL6in_buf_1_U/q00__8[0].  Did not re-place instance fastvit_bd_i/worker_0/inst/conv_worker_U/p_ZL6in_buf_1_U/q0[0]_i_1__0
INFO: [Physopt 32-662] Processed net fastvit_bd_i/worker_0/inst/conv_worker_U/p_ZL6in_buf_1_U/Q[0].  Did not re-place instance fastvit_bd_i/worker_0/inst/conv_worker_U/p_ZL6in_buf_1_U/q0_reg[0]
INFO: [Physopt 32-662] Processed net fastvit_bd_i/worker_0/inst/conv_worker_U/grp_conv_worker_Pipeline_LOAD_IN_VITIS_LOOP_140_3_fu_393/gmem0_addr_reg_2284[10]_i_3_n_0.  Did not re-place instance fastvit_bd_i/worker_0/inst/conv_worker_U/grp_conv_worker_Pipeline_LOAD_IN_VITIS_LOOP_140_3_fu_393/gmem0_addr_reg_2284[10]_i_3
INFO: [Physopt 32-662] Processed net fastvit_bd_i/worker_0/inst/conv_worker_U/grp_conv_worker_Pipeline_LOAD_IN_VITIS_LOOP_140_3_fu_393/gmem0_addr_reg_2284[10]_i_8_n_0.  Did not re-place instance fastvit_bd_i/worker_0/inst/conv_worker_U/grp_conv_worker_Pipeline_LOAD_IN_VITIS_LOOP_140_3_fu_393/gmem0_addr_reg_2284[10]_i_8
INFO: [Physopt 32-662] Processed net fastvit_bd_i/worker_0/inst/conv_worker_U/grp_conv_worker_Pipeline_LOAD_IN_VITIS_LOOP_140_3_fu_393/gmem0_addr_reg_2284[14]_i_3_n_0.  Did not re-place instance fastvit_bd_i/worker_0/inst/conv_worker_U/grp_conv_worker_Pipeline_LOAD_IN_VITIS_LOOP_140_3_fu_393/gmem0_addr_reg_2284[14]_i_3
INFO: [Physopt 32-662] Processed net fastvit_bd_i/worker_0/inst/conv_worker_U/grp_conv_worker_Pipeline_LOAD_IN_VITIS_LOOP_140_3_fu_393/gmem0_addr_reg_2284[18]_i_3_n_0.  Did not re-place instance fastvit_bd_i/worker_0/inst/conv_worker_U/grp_conv_worker_Pipeline_LOAD_IN_VITIS_LOOP_140_3_fu_393/gmem0_addr_reg_2284[18]_i_3
INFO: [Physopt 32-662] Processed net fastvit_bd_i/worker_0/inst/conv_worker_U/grp_conv_worker_Pipeline_LOAD_IN_VITIS_LOOP_140_3_fu_393/gmem0_addr_reg_2284[22]_i_3_n_0.  Did not re-place instance fastvit_bd_i/worker_0/inst/conv_worker_U/grp_conv_worker_Pipeline_LOAD_IN_VITIS_LOOP_140_3_fu_393/gmem0_addr_reg_2284[22]_i_3
INFO: [Physopt 32-662] Processed net fastvit_bd_i/worker_0/inst/conv_worker_U/grp_conv_worker_Pipeline_LOAD_IN_VITIS_LOOP_140_3_fu_393/gmem0_addr_reg_2284[26]_i_3_n_0.  Did not re-place instance fastvit_bd_i/worker_0/inst/conv_worker_U/grp_conv_worker_Pipeline_LOAD_IN_VITIS_LOOP_140_3_fu_393/gmem0_addr_reg_2284[26]_i_3
INFO: [Physopt 32-662] Processed net fastvit_bd_i/worker_0/inst/conv_worker_U/grp_conv_worker_Pipeline_LOAD_IN_VITIS_LOOP_140_3_fu_393/gmem0_addr_reg_2284[60].  Did not re-place instance fastvit_bd_i/worker_0/inst/conv_worker_U/grp_conv_worker_Pipeline_LOAD_IN_VITIS_LOOP_140_3_fu_393/gmem0_addr_reg_2284_reg[60]
INFO: [Physopt 32-662] Processed net fastvit_bd_i/worker_0/inst/conv_worker_U/grp_conv_worker_Pipeline_COMPUTE_KH_COMPUTE_KW_COMPUTE_TR_COMPUTE_TC_fu_466/mac_muladd_8s_4s_32s_32_4_1_U2090/fastvit_ip_mac_muladd_8s_4s_32s_32_4_1_DSP48_0_U/b_reg_reg[2]_0[0].  Did not re-place instance fastvit_bd_i/worker_0/inst/conv_worker_U/grp_conv_worker_Pipeline_COMPUTE_KH_COMPUTE_KW_COMPUTE_TR_COMPUTE_TC_fu_466/mac_muladd_8s_4s_32s_32_4_1_U2090/fastvit_ip_mac_muladd_8s_4s_32s_32_4_1_DSP48_0_U/m__0_carry__0_i_4__0
INFO: [Physopt 32-662] Processed net fastvit_bd_i/worker_0/inst/conv_worker_U/grp_conv_worker_Pipeline_COMPUTE_KH_COMPUTE_KW_COMPUTE_TR_COMPUTE_TC_fu_466/mac_muladd_8s_4s_32s_32_4_1_U2090/fastvit_ip_mac_muladd_8s_4s_32s_32_4_1_DSP48_0_U/b_reg_reg[1]_1[0].  Did not re-place instance fastvit_bd_i/worker_0/inst/conv_worker_U/grp_conv_worker_Pipeline_COMPUTE_KH_COMPUTE_KW_COMPUTE_TR_COMPUTE_TC_fu_466/mac_muladd_8s_4s_32s_32_4_1_U2090/fastvit_ip_mac_muladd_8s_4s_32s_32_4_1_DSP48_0_U/m__0_carry__0_i_8__0
INFO: [Physopt 32-662] Processed net fastvit_bd_i/worker_0/inst/conv_worker_U/grp_conv_worker_Pipeline_LOAD_IN_VITIS_LOOP_140_3_fu_393/m_axi_gmem0_0_ARVALID8160_out.  Did not re-place instance fastvit_bd_i/worker_0/inst/conv_worker_U/grp_conv_worker_Pipeline_LOAD_IN_VITIS_LOOP_140_3_fu_393/mem_reg[68][0]_srl32_i_15
INFO: [Physopt 32-662] Processed net fastvit_bd_i/worker_0/inst/conv_gmem0_m_axi_U/load_unit_0/buff_rdata/dout_vld_reg_0.  Did not re-place instance fastvit_bd_i/worker_0/inst/conv_gmem0_m_axi_U/load_unit_0/buff_rdata/dout_vld_reg
INFO: [Physopt 32-662] Processed net fastvit_bd_i/worker_0/inst/conv_worker_U/grp_conv_worker_Pipeline_LOAD_IN_VITIS_LOOP_140_3_fu_393/and_ln147_5_reg_2243[0]_i_3_n_0.  Did not re-place instance fastvit_bd_i/worker_0/inst/conv_worker_U/grp_conv_worker_Pipeline_LOAD_IN_VITIS_LOOP_140_3_fu_393/and_ln147_5_reg_2243[0]_i_3
INFO: [Physopt 32-662] Processed net fastvit_bd_i/worker_0/inst/conv_worker_U/grp_conv_worker_Pipeline_LOAD_IN_VITIS_LOOP_140_3_fu_393/and_ln147_5_reg_2243[0]_i_1_n_0.  Did not re-place instance fastvit_bd_i/worker_0/inst/conv_worker_U/grp_conv_worker_Pipeline_LOAD_IN_VITIS_LOOP_140_3_fu_393/and_ln147_5_reg_2243[0]_i_1
INFO: [Physopt 32-662] Processed net fastvit_bd_i/worker_0/inst/conv_worker_U/grp_conv_worker_Pipeline_LOAD_IN_VITIS_LOOP_140_3_fu_393/ap_CS_fsm_reg[2]_0[57].  Did not re-place instance fastvit_bd_i/worker_0/inst/conv_worker_U/grp_conv_worker_Pipeline_LOAD_IN_VITIS_LOOP_140_3_fu_393/mem_reg[68][57]_srl32_i_1
INFO: [Physopt 32-662] Processed net fastvit_bd_i/worker_0/inst/conv_worker_U/grp_conv_worker_Pipeline_LOAD_IN_VITIS_LOOP_140_3_fu_393/mem_reg[68][57]_srl32_i_3_n_0.  Did not re-place instance fastvit_bd_i/worker_0/inst/conv_worker_U/grp_conv_worker_Pipeline_LOAD_IN_VITIS_LOOP_140_3_fu_393/mem_reg[68][57]_srl32_i_3
INFO: [Physopt 32-662] Processed net fastvit_bd_i/worker_0/inst/conv_gmem0_m_axi_U/load_unit_0/fifo_rreq/U_fifo_srl/mem_reg[68][57]_srl32_n_0.  Did not re-place instance fastvit_bd_i/worker_0/inst/conv_gmem0_m_axi_U/load_unit_0/fifo_rreq/U_fifo_srl/mem_reg[68][57]_srl32
INFO: [Physopt 32-662] Processed net fastvit_bd_i/worker_0/inst/conv_gmem0_m_axi_U/load_unit_0/fifo_rreq/U_fifo_srl/mem_reg[68][57]_srl32_n_1.  Did not re-place instance fastvit_bd_i/worker_0/inst/conv_gmem0_m_axi_U/load_unit_0/fifo_rreq/U_fifo_srl/mem_reg[68][57]_srl32
INFO: [Physopt 32-662] Processed net fastvit_bd_i/worker_0/inst/conv_worker_U/phi_mul_reg_334.  Did not re-place instance fastvit_bd_i/worker_0/inst/conv_worker_U/tc_reg_323[28]_i_1
INFO: [Physopt 32-662] Processed net fastvit_bd_i/worker_0/inst/conv_worker_U/ap_CS_fsm_state60.  Did not re-place instance fastvit_bd_i/worker_0/inst/conv_worker_U/ap_CS_fsm_reg[59]
INFO: [Physopt 32-662] Processed net fastvit_bd_i/worker_0/inst/conv_worker_U/grp_conv_worker_Pipeline_COMPUTE_KH_COMPUTE_KW_COMPUTE_TR_COMPUTE_TC_fu_466/p_ZL6in_buf_0_address0[1].  Did not re-place instance fastvit_bd_i/worker_0/inst/conv_worker_U/grp_conv_worker_Pipeline_COMPUTE_KH_COMPUTE_KW_COMPUTE_TR_COMPUTE_TC_fu_466/ram_reg_0_63_0_0_i_8
INFO: [Physopt 32-662] Processed net fastvit_bd_i/worker_0/inst/conv_worker_U/m_reg_357_reg_n_0_[0].  Did not re-place instance fastvit_bd_i/worker_0/inst/conv_worker_U/m_reg_357_reg[0]
INFO: [Physopt 32-662] Processed net fastvit_bd_i/worker_0/inst/conv_worker_U/grp_conv_worker_Pipeline_LOAD_IN_VITIS_LOOP_140_3_fu_393/grp_conv_worker_Pipeline_LOAD_IN_VITIS_LOOP_140_3_fu_393_p_ZL6in_buf_0_address0[5].  Did not re-place instance fastvit_bd_i/worker_0/inst/conv_worker_U/grp_conv_worker_Pipeline_LOAD_IN_VITIS_LOOP_140_3_fu_393/ram_reg_0_63_0_0_i_20
INFO: [Physopt 32-662] Processed net fastvit_bd_i/worker_0/inst/conv_worker_U/mul_32s_32s_32_5_1_U2135/buff0_reg_i_4_n_0.  Did not re-place instance fastvit_bd_i/worker_0/inst/conv_worker_U/mul_32s_32s_32_5_1_U2135/buff0_reg_i_4
INFO: [Physopt 32-662] Processed net fastvit_bd_i/worker_0/inst/conv_worker_U/ap_CS_fsm[63]_i_39_n_0.  Did not re-place instance fastvit_bd_i/worker_0/inst/conv_worker_U/ap_CS_fsm[63]_i_39
INFO: [Physopt 32-662] Processed net fastvit_bd_i/worker_0/inst/conv_worker_U/grp_conv_worker_Pipeline_LOAD_IN_VITIS_LOOP_140_3_fu_393/ram_reg_0_63_0_0_i_40_n_0.  Did not re-place instance fastvit_bd_i/worker_0/inst/conv_worker_U/grp_conv_worker_Pipeline_LOAD_IN_VITIS_LOOP_140_3_fu_393/ram_reg_0_63_0_0_i_40
INFO: [Physopt 32-662] Processed net fastvit_bd_i/worker_0/inst/conv_worker_U/grp_conv_worker_Pipeline_LOAD_IN_VITIS_LOOP_140_3_fu_393/ram_reg_0_63_0_0_i_63_n_0.  Did not re-place instance fastvit_bd_i/worker_0/inst/conv_worker_U/grp_conv_worker_Pipeline_LOAD_IN_VITIS_LOOP_140_3_fu_393/ram_reg_0_63_0_0_i_63
INFO: [Physopt 32-662] Processed net fastvit_bd_i/worker_0/inst/control_s_axi_U/gmem0_addr_reg_2284[30]_i_6_n_0.  Did not re-place instance fastvit_bd_i/worker_0/inst/control_s_axi_U/gmem0_addr_reg_2284[30]_i_6
INFO: [Physopt 32-662] Processed net fastvit_bd_i/worker_0/inst/conv_worker_U/grp_conv_worker_Pipeline_LOAD_IN_VITIS_LOOP_140_3_fu_393/conv_g0_ARVALID.  Did not re-place instance fastvit_bd_i/worker_0/inst/conv_worker_U/grp_conv_worker_Pipeline_LOAD_IN_VITIS_LOOP_140_3_fu_393/i_0_LOPT_REMAP_2
INFO: [Physopt 32-662] Processed net fastvit_bd_i/worker_0/inst/conv_worker_U/grp_conv_worker_Pipeline_LOAD_IN_VITIS_LOOP_140_3_fu_393/m_axi_gmem0_0_ARVALID2.  Did not re-place instance fastvit_bd_i/worker_0/inst/conv_worker_U/grp_conv_worker_Pipeline_LOAD_IN_VITIS_LOOP_140_3_fu_393/mem_reg[68][0]_srl32_i_11
INFO: [Physopt 32-662] Processed net fastvit_bd_i/worker_0/inst/conv_gmem0_m_axi_U/load_unit_0/fifo_rreq/raddr[4]_i_6_n_0.  Did not re-place instance fastvit_bd_i/worker_0/inst/conv_gmem0_m_axi_U/load_unit_0/fifo_rreq/raddr[4]_i_6
INFO: [Physopt 32-662] Processed net fastvit_bd_i/worker_0/inst/conv_worker_U/grp_conv_worker_Pipeline_LOAD_IN_VITIS_LOOP_140_3_fu_393/gmem0_addr_reg_2284[18]_i_9_n_0.  Did not re-place instance fastvit_bd_i/worker_0/inst/conv_worker_U/grp_conv_worker_Pipeline_LOAD_IN_VITIS_LOOP_140_3_fu_393/gmem0_addr_reg_2284[18]_i_9
INFO: [Physopt 32-662] Processed net fastvit_bd_i/worker_0/inst/conv_worker_U/grp_conv_worker_Pipeline_LOAD_IN_VITIS_LOOP_140_3_fu_393/i_1/O_n_2.  Did not re-place instance fastvit_bd_i/worker_0/inst/conv_worker_U/grp_conv_worker_Pipeline_LOAD_IN_VITIS_LOOP_140_3_fu_393/i_1_LOPT_REMAP_2_rewire_rewire
INFO: [Physopt 32-662] Processed net fastvit_bd_i/worker_0/inst/conv_gmem0_m_axi_U/load_unit_0/fifo_rreq/raddr_reg[4]_rep_n_0.  Did not re-place instance fastvit_bd_i/worker_0/inst/conv_gmem0_m_axi_U/load_unit_0/fifo_rreq/raddr_reg[4]_rep
INFO: [Physopt 32-662] Processed net fastvit_bd_i/worker_0/inst/conv_worker_U/grp_conv_worker_Pipeline_LOAD_IN_VITIS_LOOP_140_3_fu_393/ram_reg_0_63_0_0_i_25_n_0.  Did not re-place instance fastvit_bd_i/worker_0/inst/conv_worker_U/grp_conv_worker_Pipeline_LOAD_IN_VITIS_LOOP_140_3_fu_393/ram_reg_0_63_0_0_i_25
INFO: [Physopt 32-662] Processed net fastvit_bd_i/worker_0/inst/conv_worker_U/grp_conv_worker_Pipeline_COMPUTE_KH_COMPUTE_KW_COMPUTE_TR_COMPUTE_TC_fu_466/mac_muladd_8s_4s_32s_32_4_1_U2092/fastvit_ip_mac_muladd_8s_4s_32s_32_4_1_DSP48_0_U/DI[0].  Did not re-place instance fastvit_bd_i/worker_0/inst/conv_worker_U/grp_conv_worker_Pipeline_COMPUTE_KH_COMPUTE_KW_COMPUTE_TR_COMPUTE_TC_fu_466/mac_muladd_8s_4s_32s_32_4_1_U2092/fastvit_ip_mac_muladd_8s_4s_32s_32_4_1_DSP48_0_U/m__0_carry__0_i_4__2
INFO: [Physopt 32-662] Processed net fastvit_bd_i/worker_0/inst/conv_worker_U/grp_conv_worker_Pipeline_COMPUTE_KH_COMPUTE_KW_COMPUTE_TR_COMPUTE_TC_fu_466/mac_muladd_8s_4s_32s_32_4_1_U2092/fastvit_ip_mac_muladd_8s_4s_32s_32_4_1_DSP48_0_U/b_reg_reg[1]_1[0].  Did not re-place instance fastvit_bd_i/worker_0/inst/conv_worker_U/grp_conv_worker_Pipeline_COMPUTE_KH_COMPUTE_KW_COMPUTE_TR_COMPUTE_TC_fu_466/mac_muladd_8s_4s_32s_32_4_1_U2092/fastvit_ip_mac_muladd_8s_4s_32s_32_4_1_DSP48_0_U/m__0_carry__0_i_8__2
INFO: [Physopt 32-662] Processed net fastvit_bd_i/worker_0/inst/conv_worker_U/grp_conv_worker_Pipeline_COMPUTE_KH_COMPUTE_KW_COMPUTE_TR_COMPUTE_TC_fu_466/mac_muladd_8s_4s_32s_32_4_1_U2092/fastvit_ip_mac_muladd_8s_4s_32s_32_4_1_DSP48_0_U/ram_reg_0[0].  Did not re-place instance fastvit_bd_i/worker_0/inst/conv_worker_U/grp_conv_worker_Pipeline_COMPUTE_KH_COMPUTE_KW_COMPUTE_TR_COMPUTE_TC_fu_466/mac_muladd_8s_4s_32s_32_4_1_U2092/fastvit_ip_mac_muladd_8s_4s_32s_32_4_1_DSP48_0_U/m__32_carry__1_i_6__2
INFO: [Physopt 32-662] Processed net fastvit_bd_i/worker_0/inst/conv_worker_U/grp_conv_worker_Pipeline_COMPUTE_KH_COMPUTE_KW_COMPUTE_TR_COMPUTE_TC_fu_466/mac_muladd_8s_4s_32s_32_4_1_U2093/fastvit_ip_mac_muladd_8s_4s_32s_32_4_1_DSP48_0_U/Q[13].  Did not re-place instance fastvit_bd_i/worker_0/inst/conv_worker_U/grp_conv_worker_Pipeline_COMPUTE_KH_COMPUTE_KW_COMPUTE_TR_COMPUTE_TC_fu_466/mac_muladd_8s_4s_32s_32_4_1_U2093/fastvit_ip_mac_muladd_8s_4s_32s_32_4_1_DSP48_0_U/m_reg_reg[13]
INFO: [Physopt 32-662] Processed net fastvit_bd_i/worker_0/inst/conv_worker_U/mul_32s_32s_32_5_1_U2135/buff0_reg_i_6_n_0.  Did not re-place instance fastvit_bd_i/worker_0/inst/conv_worker_U/mul_32s_32s_32_5_1_U2135/buff0_reg_i_6
INFO: [Physopt 32-662] Processed net fastvit_bd_i/worker_0/inst/conv_worker_U/grp_conv_worker_Pipeline_LOAD_IN_VITIS_LOOP_140_3_fu_393/m_axi_gmem0_0_ARVALID7150_out_repN_1.  Did not re-place instance fastvit_bd_i/worker_0/inst/conv_worker_U/grp_conv_worker_Pipeline_LOAD_IN_VITIS_LOOP_140_3_fu_393/mem_reg[68][0]_srl32_i_4_replica_1
INFO: [Physopt 32-662] Processed net fastvit_bd_i/worker_0/inst/conv_worker_U/grp_conv_worker_Pipeline_LOAD_IN_VITIS_LOOP_140_3_fu_393/ap_CS_fsm_pp0_stage2.  Did not re-place instance fastvit_bd_i/worker_0/inst/conv_worker_U/grp_conv_worker_Pipeline_LOAD_IN_VITIS_LOOP_140_3_fu_393/ap_CS_fsm_reg[2]
INFO: [Physopt 32-662] Processed net fastvit_bd_i/worker_0/inst/conv_gmem0_m_axi_U/load_unit_0/fifo_rreq/U_fifo_srl/mem_reg[68][43]_srl32_n_0.  Did not re-place instance fastvit_bd_i/worker_0/inst/conv_gmem0_m_axi_U/load_unit_0/fifo_rreq/U_fifo_srl/mem_reg[68][43]_srl32
INFO: [Physopt 32-662] Processed net fastvit_bd_i/worker_0/inst/conv_gmem0_m_axi_U/load_unit_0/fifo_rreq/U_fifo_srl/mem_reg[68][43]_srl32_n_1.  Did not re-place instance fastvit_bd_i/worker_0/inst/conv_gmem0_m_axi_U/load_unit_0/fifo_rreq/U_fifo_srl/mem_reg[68][43]_srl32
INFO: [Physopt 32-662] Processed net fastvit_bd_i/worker_0/inst/conv_worker_U/grp_conv_worker_Pipeline_LOAD_IN_VITIS_LOOP_140_3_fu_393/ap_CS_fsm_reg[61]_1[2].  Did not re-place instance fastvit_bd_i/worker_0/inst/conv_worker_U/grp_conv_worker_Pipeline_LOAD_IN_VITIS_LOOP_140_3_fu_393/ram_reg_0_63_0_0_i_5__0
INFO: [Physopt 32-662] Processed net fastvit_bd_i/worker_0/inst/conv_worker_U/grp_conv_worker_Pipeline_LOAD_IN_VITIS_LOOP_140_3_fu_393/ap_CS_fsm_pp0_stage8.  Did not re-place instance fastvit_bd_i/worker_0/inst/conv_worker_U/grp_conv_worker_Pipeline_LOAD_IN_VITIS_LOOP_140_3_fu_393/ap_CS_fsm_reg[8]
INFO: [Physopt 32-662] Processed net fastvit_bd_i/worker_0/inst/conv_worker_U/grp_conv_worker_Pipeline_LOAD_IN_VITIS_LOOP_140_3_fu_393/p_116_in.  Did not re-place instance fastvit_bd_i/worker_0/inst/conv_worker_U/grp_conv_worker_Pipeline_LOAD_IN_VITIS_LOOP_140_3_fu_393/ap_phi_reg_pp0_iter10_storemerge183_reg_842[3]_i_4
INFO: [Physopt 32-662] Processed net fastvit_bd_i/worker_0/inst/conv_worker_U/grp_conv_worker_Pipeline_LOAD_IN_VITIS_LOOP_140_3_fu_393/row_base_reg_2271[31]_i_1_n_0.  Did not re-place instance fastvit_bd_i/worker_0/inst/conv_worker_U/grp_conv_worker_Pipeline_LOAD_IN_VITIS_LOOP_140_3_fu_393/row_base_reg_2271[31]_i_1
INFO: [Physopt 32-662] Processed net fastvit_bd_i/worker_0/inst/conv_worker_U/grp_conv_worker_Pipeline_LOAD_IN_VITIS_LOOP_140_3_fu_393/grp_conv_worker_Pipeline_LOAD_IN_VITIS_LOOP_140_3_fu_393_p_ZL6in_buf_0_address0[2].  Did not re-place instance fastvit_bd_i/worker_0/inst/conv_worker_U/grp_conv_worker_Pipeline_LOAD_IN_VITIS_LOOP_140_3_fu_393/ram_reg_0_63_0_0_i_17
INFO: [Physopt 32-662] Processed net fastvit_bd_i/worker_0/inst/conv_worker_U/grp_conv_worker_Pipeline_LOAD_IN_VITIS_LOOP_140_3_fu_393/ram_reg_0_63_0_0_i_30_n_0.  Did not re-place instance fastvit_bd_i/worker_0/inst/conv_worker_U/grp_conv_worker_Pipeline_LOAD_IN_VITIS_LOOP_140_3_fu_393/ram_reg_0_63_0_0_i_30
INFO: [Physopt 32-662] Processed net fastvit_bd_i/worker_0/inst/conv_worker_U/grp_conv_worker_Pipeline_LOAD_IN_VITIS_LOOP_140_3_fu_393/data8[5].  Did not re-place instance fastvit_bd_i/worker_0/inst/conv_worker_U/grp_conv_worker_Pipeline_LOAD_IN_VITIS_LOOP_140_3_fu_393/trunc_ln150_reg_2438[5]_i_1
INFO: [Physopt 32-662] Processed net fastvit_bd_i/worker_0/inst/conv_worker_U/grp_conv_worker_Pipeline_LOAD_IN_VITIS_LOOP_140_3_fu_393/ram_reg_0_63_0_0_i_23_n_0.  Did not re-place instance fastvit_bd_i/worker_0/inst/conv_worker_U/grp_conv_worker_Pipeline_LOAD_IN_VITIS_LOOP_140_3_fu_393/ram_reg_0_63_0_0_i_23
INFO: [Physopt 32-662] Processed net fastvit_bd_i/worker_0/inst/conv_worker_U/grp_conv_worker_Pipeline_LOAD_IN_VITIS_LOOP_140_3_fu_393/ap_CS_fsm_reg_n_0_[0]_repN.  Did not re-place instance fastvit_bd_i/worker_0/inst/conv_worker_U/grp_conv_worker_Pipeline_LOAD_IN_VITIS_LOOP_140_3_fu_393/ap_CS_fsm_reg[0]_replica
INFO: [Physopt 32-662] Processed net fastvit_bd_i/worker_0/inst/conv_worker_U/grp_conv_worker_Pipeline_LOAD_IN_VITIS_LOOP_140_3_fu_393/ap_enable_reg_pp0_iter9_repN_1.  Did not re-place instance fastvit_bd_i/worker_0/inst/conv_worker_U/grp_conv_worker_Pipeline_LOAD_IN_VITIS_LOOP_140_3_fu_393/ap_enable_reg_pp0_iter9_reg_replica_1
INFO: [Physopt 32-662] Processed net fastvit_bd_i/worker_0/inst/conv_worker_U/grp_conv_worker_Pipeline_LOAD_IN_VITIS_LOOP_140_3_fu_393/in_r_reg_2214[3]_i_4_n_0.  Did not re-place instance fastvit_bd_i/worker_0/inst/conv_worker_U/grp_conv_worker_Pipeline_LOAD_IN_VITIS_LOOP_140_3_fu_393/in_r_reg_2214[3]_i_4
INFO: [Physopt 32-662] Processed net fastvit_bd_i/worker_0/inst/ctrl_s_axi_U/icmp_ln143_reg_2220[0]_i_10_n_0.  Did not re-place instance fastvit_bd_i/worker_0/inst/ctrl_s_axi_U/icmp_ln143_reg_2220[0]_i_10
INFO: [Physopt 32-662] Processed net fastvit_bd_i/worker_0/inst/conv_worker_U/grp_conv_worker_Pipeline_LOAD_IN_VITIS_LOOP_140_3_fu_393/icmp_ln143_reg_2220.  Did not re-place instance fastvit_bd_i/worker_0/inst/conv_worker_U/grp_conv_worker_Pipeline_LOAD_IN_VITIS_LOOP_140_3_fu_393/icmp_ln143_reg_2220_reg[0]
INFO: [Physopt 32-662] Processed net fastvit_bd_i/worker_0/inst/conv_worker_U/grp_conv_worker_Pipeline_COMPUTE_KH_COMPUTE_KW_COMPUTE_TR_COMPUTE_TC_fu_466/p_ZL6in_buf_0_address0[0].  Did not re-place instance fastvit_bd_i/worker_0/inst/conv_worker_U/grp_conv_worker_Pipeline_COMPUTE_KH_COMPUTE_KW_COMPUTE_TR_COMPUTE_TC_fu_466/ram_reg_0_63_0_0_i_7__0
INFO: [Physopt 32-662] Processed net fastvit_bd_i/worker_0/inst/conv_worker_U/grp_conv_worker_Pipeline_COMPUTE_KH_COMPUTE_KW_COMPUTE_TR_COMPUTE_TC_fu_466/ap_CS_fsm_reg[61].  Did not re-place instance fastvit_bd_i/worker_0/inst/conv_worker_U/grp_conv_worker_Pipeline_COMPUTE_KH_COMPUTE_KW_COMPUTE_TR_COMPUTE_TC_fu_466/ram_reg_0_15_0_0_i_1
INFO: [Physopt 32-662] Processed net fastvit_bd_i/worker_0/inst/conv_worker_U/grp_conv_worker_Pipeline_LOAD_IN_VITIS_LOOP_140_3_fu_393/grp_conv_worker_Pipeline_LOAD_IN_VITIS_LOOP_140_3_fu_393_p_ZL6in_buf_0_address0[4].  Did not re-place instance fastvit_bd_i/worker_0/inst/conv_worker_U/grp_conv_worker_Pipeline_LOAD_IN_VITIS_LOOP_140_3_fu_393/ram_reg_0_63_0_0_i_19
INFO: [Physopt 32-662] Processed net fastvit_bd_i/worker_0/inst/conv_worker_U/grp_conv_worker_Pipeline_LOAD_IN_VITIS_LOOP_140_3_fu_393/ram_reg_0_63_0_0_i_37_n_0.  Did not re-place instance fastvit_bd_i/worker_0/inst/conv_worker_U/grp_conv_worker_Pipeline_LOAD_IN_VITIS_LOOP_140_3_fu_393/ram_reg_0_63_0_0_i_37
INFO: [Physopt 32-662] Processed net fastvit_bd_i/worker_0/inst/conv_worker_U/ap_CS_fsm[63]_i_35_n_0.  Did not re-place instance fastvit_bd_i/worker_0/inst/conv_worker_U/ap_CS_fsm[63]_i_35
INFO: [Physopt 32-662] Processed net fastvit_bd_i/worker_0/inst/ctrl_s_axi_U/icmp_ln143_reg_2220[0]_i_7_n_0.  Did not re-place instance fastvit_bd_i/worker_0/inst/ctrl_s_axi_U/icmp_ln143_reg_2220[0]_i_7
INFO: [Physopt 32-662] Processed net fastvit_bd_i/worker_0/inst/conv_worker_U/grp_conv_worker_Pipeline_LOAD_IN_VITIS_LOOP_140_3_fu_393/grp_conv_worker_Pipeline_LOAD_IN_VITIS_LOOP_140_3_fu_393_p_ZL6in_buf_0_ce0.  Did not re-place instance fastvit_bd_i/worker_0/inst/conv_worker_U/grp_conv_worker_Pipeline_LOAD_IN_VITIS_LOOP_140_3_fu_393/q0[3]_i_3__0
INFO: [Physopt 32-662] Processed net fastvit_bd_i/worker_0/inst/conv_worker_U/grp_conv_worker_Pipeline_LOAD_IN_VITIS_LOOP_140_3_fu_393/q0[3]_i_6_n_0.  Did not re-place instance fastvit_bd_i/worker_0/inst/conv_worker_U/grp_conv_worker_Pipeline_LOAD_IN_VITIS_LOOP_140_3_fu_393/q0[3]_i_6
INFO: [Physopt 32-662] Processed net fastvit_bd_i/worker_0/inst/conv_worker_U/grp_conv_worker_Pipeline_VITIS_LOOP_215_8_fu_500/ashr_ln15_1_reg_1226[6]_i_2_n_0.  Did not re-place instance fastvit_bd_i/worker_0/inst/conv_worker_U/grp_conv_worker_Pipeline_VITIS_LOOP_215_8_fu_500/ashr_ln15_1_reg_1226[6]_i_2
INFO: [Physopt 32-662] Processed net fastvit_bd_i/worker_0/inst/conv_worker_U/grp_conv_worker_Pipeline_VITIS_LOOP_215_8_fu_500/ashr_ln15_1_fu_490_p2[5].  Did not re-place instance fastvit_bd_i/worker_0/inst/conv_worker_U/grp_conv_worker_Pipeline_VITIS_LOOP_215_8_fu_500/ashr_ln15_1_reg_1226[5]_i_1
INFO: [Physopt 32-662] Processed net fastvit_bd_i/worker_0/inst/conv_worker_U/grp_conv_worker_Pipeline_VITIS_LOOP_215_8_fu_500/ashr_ln15_1_reg_1226[5].  Did not re-place instance fastvit_bd_i/worker_0/inst/conv_worker_U/grp_conv_worker_Pipeline_VITIS_LOOP_215_8_fu_500/ashr_ln15_1_reg_1226_reg[5]
INFO: [Physopt 32-662] Processed net fastvit_bd_i/worker_0/inst/conv_worker_U/grp_conv_worker_Pipeline_VITIS_LOOP_215_8_fu_500/shl_ln15_reg_1221[6].  Did not re-place instance fastvit_bd_i/worker_0/inst/conv_worker_U/grp_conv_worker_Pipeline_VITIS_LOOP_215_8_fu_500/shl_ln15_reg_1221_reg[6]
INFO: [Physopt 32-662] Processed net fastvit_bd_i/worker_0/inst/conv_worker_U/grp_conv_worker_Pipeline_VITIS_LOOP_215_8_fu_500/shl_ln15_fu_486_p2[6].  Did not re-place instance fastvit_bd_i/worker_0/inst/conv_worker_U/grp_conv_worker_Pipeline_VITIS_LOOP_215_8_fu_500/shl_ln15_reg_1221[6]_i_1
INFO: [Physopt 32-662] Processed net fastvit_bd_i/worker_0/inst/conv_worker_U/grp_conv_worker_Pipeline_LOAD_IN_VITIS_LOOP_140_3_fu_393/gmem0_addr_reg_2284[22]_i_10_n_0.  Did not re-place instance fastvit_bd_i/worker_0/inst/conv_worker_U/grp_conv_worker_Pipeline_LOAD_IN_VITIS_LOOP_140_3_fu_393/gmem0_addr_reg_2284[22]_i_10
INFO: [Physopt 32-662] Processed net fastvit_bd_i/worker_0/inst/conv_worker_U/grp_conv_worker_Pipeline_LOAD_IN_VITIS_LOOP_140_3_fu_393/trunc_ln150_reg_2438[2]_repN_1.  Did not re-place instance fastvit_bd_i/worker_0/inst/conv_worker_U/grp_conv_worker_Pipeline_LOAD_IN_VITIS_LOOP_140_3_fu_393/trunc_ln150_reg_2438_reg[2]_replica_1
INFO: [Physopt 32-662] Processed net fastvit_bd_i/worker_0/inst/conv_worker_U/grp_conv_worker_Pipeline_LOAD_IN_VITIS_LOOP_140_3_fu_393/ram_reg_0_63_0_0_i_34_n_0.  Did not re-place instance fastvit_bd_i/worker_0/inst/conv_worker_U/grp_conv_worker_Pipeline_LOAD_IN_VITIS_LOOP_140_3_fu_393/ram_reg_0_63_0_0_i_34
INFO: [Physopt 32-662] Processed net fastvit_bd_i/worker_0/inst/conv_worker_U/grp_conv_worker_Pipeline_LOAD_IN_VITIS_LOOP_140_3_fu_393/ram_reg_0_63_0_0_i_49_n_0.  Did not re-place instance fastvit_bd_i/worker_0/inst/conv_worker_U/grp_conv_worker_Pipeline_LOAD_IN_VITIS_LOOP_140_3_fu_393/ram_reg_0_63_0_0_i_49
INFO: [Physopt 32-662] Processed net fastvit_bd_i/worker_0/inst/conv_worker_U/grp_conv_worker_Pipeline_LOAD_IN_VITIS_LOOP_140_3_fu_393/ram_reg_0_15_0_0_i_13_n_0.  Did not re-place instance fastvit_bd_i/worker_0/inst/conv_worker_U/grp_conv_worker_Pipeline_LOAD_IN_VITIS_LOOP_140_3_fu_393/ram_reg_0_15_0_0_i_13
INFO: [Physopt 32-662] Processed net fastvit_bd_i/worker_0/inst/conv_worker_U/grp_conv_worker_Pipeline_LOAD_IN_VITIS_LOOP_140_3_fu_393/ram_reg_0_15_0_0_i_4_n_0.  Did not re-place instance fastvit_bd_i/worker_0/inst/conv_worker_U/grp_conv_worker_Pipeline_LOAD_IN_VITIS_LOOP_140_3_fu_393/ram_reg_0_15_0_0_i_4
INFO: [Physopt 32-662] Processed net fastvit_bd_i/worker_0/inst/conv_worker_U/grp_conv_worker_Pipeline_LOAD_IN_VITIS_LOOP_140_3_fu_393/ram_reg_0_15_0_0_i_9_n_0.  Did not re-place instance fastvit_bd_i/worker_0/inst/conv_worker_U/grp_conv_worker_Pipeline_LOAD_IN_VITIS_LOOP_140_3_fu_393/ram_reg_0_15_0_0_i_9
INFO: [Physopt 32-662] Processed net fastvit_bd_i/worker_0/inst/conv_worker_U/grp_conv_worker_Pipeline_VITIS_LOOP_215_8_fu_500/ashr_ln15_1_reg_1226[24].  Did not re-place instance fastvit_bd_i/worker_0/inst/conv_worker_U/grp_conv_worker_Pipeline_VITIS_LOOP_215_8_fu_500/ashr_ln15_1_reg_1226_reg[24]
INFO: [Physopt 32-662] Processed net fastvit_bd_i/worker_0/inst/ctrl_s_axi_U/ashr_ln15_1_reg_1226[27]_i_4_n_0.  Did not re-place instance fastvit_bd_i/worker_0/inst/ctrl_s_axi_U/ashr_ln15_1_reg_1226[27]_i_4
INFO: [Physopt 32-662] Processed net fastvit_bd_i/worker_0/inst/ctrl_s_axi_U/icmp_ln143_reg_2220[0]_i_6_n_0.  Did not re-place instance fastvit_bd_i/worker_0/inst/ctrl_s_axi_U/icmp_ln143_reg_2220[0]_i_6
INFO: [Physopt 32-662] Processed net fastvit_bd_i/worker_0/inst/ctrl_s_axi_U/v_1_reg_1198_reg[31][7].  Did not re-place instance fastvit_bd_i/worker_0/inst/ctrl_s_axi_U/ashr_ln15_1_reg_1226[24]_i_1
INFO: [Physopt 32-662] Processed net fastvit_bd_i/worker_0/inst/ctrl_s_axi_U/Tn_loops_fu_771_p3[30].  Did not re-place instance fastvit_bd_i/worker_0/inst/ctrl_s_axi_U/Tn_loops_reg_1747[30]_i_1
INFO: [Physopt 32-662] Processed net fastvit_bd_i/worker_0/inst/conv_worker_U/Tn_loops_reg_1747_reg_n_0_[30].  Did not re-place instance fastvit_bd_i/worker_0/inst/conv_worker_U/Tn_loops_reg_1747_reg[30]
INFO: [Physopt 32-662] Processed net fastvit_bd_i/worker_0/inst/conv_worker_U/grp_conv_worker_Pipeline_VITIS_LOOP_215_8_fu_500/ashr_ln15_reg_1216[6].  Did not re-place instance fastvit_bd_i/worker_0/inst/conv_worker_U/grp_conv_worker_Pipeline_VITIS_LOOP_215_8_fu_500/ashr_ln15_reg_1216_reg[6]
INFO: [Physopt 32-662] Processed net fastvit_bd_i/worker_0/inst/conv_worker_U/grp_conv_worker_Pipeline_VITIS_LOOP_215_8_fu_500/ashr_ln15_reg_1216[7]_i_2_n_0.  Did not re-place instance fastvit_bd_i/worker_0/inst/conv_worker_U/grp_conv_worker_Pipeline_VITIS_LOOP_215_8_fu_500/ashr_ln15_reg_1216[7]_i_2
INFO: [Physopt 32-662] Processed net fastvit_bd_i/worker_0/inst/conv_worker_U/grp_conv_worker_Pipeline_VITIS_LOOP_215_8_fu_500/ashr_ln15_fu_482_p2[6].  Did not re-place instance fastvit_bd_i/worker_0/inst/conv_worker_U/grp_conv_worker_Pipeline_VITIS_LOOP_215_8_fu_500/ashr_ln15_reg_1216[6]_i_1
INFO: [Physopt 32-662] Processed net fastvit_bd_i/worker_0/inst/conv_worker_U/p_ZL6in_buf_0_U/q00__7[2].  Did not re-place instance fastvit_bd_i/worker_0/inst/conv_worker_U/p_ZL6in_buf_0_U/q0[2]_i_1
INFO: [Physopt 32-662] Processed net fastvit_bd_i/worker_0/inst/conv_worker_U/p_ZL6in_buf_0_U/Q[2].  Did not re-place instance fastvit_bd_i/worker_0/inst/conv_worker_U/p_ZL6in_buf_0_U/q0_reg[2]
INFO: [Physopt 32-662] Processed net fastvit_bd_i/sc_main/inst/m00_nodes/m00_r_node/inst/inst_mi_handler/gen_normal_area.inst_fifo_node_payld/gen_xpm_memory_fifo.inst_fifo/gen_mem_rep[0].inst_rd_addrb/rd_addrb_incr.  Did not re-place instance fastvit_bd_i/sc_main/inst/m00_nodes/m00_r_node/inst/inst_mi_handler/gen_normal_area.inst_fifo_node_payld/gen_xpm_memory_fifo.inst_fifo/gen_mem_rep[0].inst_rd_addrb/gen_mem_rep[0].inst_xpm_memory_i_1__0
INFO: [Physopt 32-662] Processed net fastvit_bd_i/sc_main/inst/m00_nodes/m00_r_node/inst/inst_mi_handler/gen_normal_area.inst_fifo_node_payld/gen_xpm_memory_fifo.inst_fifo/gen_rd.fifo_empty_r_i_10__0_n_0.  Did not re-place instance fastvit_bd_i/sc_main/inst/m00_nodes/m00_r_node/inst/inst_mi_handler/gen_normal_area.inst_fifo_node_payld/gen_xpm_memory_fifo.inst_fifo/gen_rd.fifo_empty_r_i_10__0
INFO: [Physopt 32-662] Processed net fastvit_bd_i/sc_main/inst/m00_nodes/m00_r_node/inst/inst_mi_handler/gen_normal_area.inst_fifo_node_payld/gen_xpm_memory_fifo.inst_fifo/gen_wr.inst_wr_addra_p1/gen_rd.fifo_empty_r_i_4__0_n_0.  Did not re-place instance fastvit_bd_i/sc_main/inst/m00_nodes/m00_r_node/inst/inst_mi_handler/gen_normal_area.inst_fifo_node_payld/gen_xpm_memory_fifo.inst_fifo/gen_wr.inst_wr_addra_p1/gen_rd.fifo_empty_r_i_4__0
INFO: [Physopt 32-662] Processed net fastvit_bd_i/sc_main/inst/m00_nodes/m00_r_node/inst/inst_mi_handler/gen_normal_area.inst_fifo_send/gen_normal_area.fifo_node_payld_pop_early.  Did not re-place instance fastvit_bd_i/sc_main/inst/m00_nodes/m00_r_node/inst/inst_mi_handler/gen_normal_area.inst_fifo_send/gen_mem_rep[0].inst_xpm_memory_i_2
INFO: [Physopt 32-662] Processed net fastvit_bd_i/worker_0/inst/ctrl_s_axi_U/icmp_ln143_reg_2220[0]_i_3_n_0.  Did not re-place instance fastvit_bd_i/worker_0/inst/ctrl_s_axi_U/icmp_ln143_reg_2220[0]_i_3
INFO: [Physopt 32-662] Processed net fastvit_bd_i/sc_main/inst/m00_nodes/m00_r_node/inst/inst_mi_handler/gen_normal_area.inst_fifo_node_payld/gen_xpm_memory_fifo.inst_fifo/wr_wea.  Did not re-place instance fastvit_bd_i/sc_main/inst/m00_nodes/m00_r_node/inst/inst_mi_handler/gen_normal_area.inst_fifo_node_payld/gen_xpm_memory_fifo.inst_fifo/gen_wr.full_r_reg_inv
INFO: [Physopt 32-662] Processed net fastvit_bd_i/worker_0/inst/control_s_axi_U/int_bias[31]_i_1_n_0.  Did not re-place instance fastvit_bd_i/worker_0/inst/control_s_axi_U/int_bias[31]_i_1
INFO: [Physopt 32-662] Processed net fastvit_bd_i/ps_ctrl_ic/xbar/inst/gen_sasd.crossbar_sasd_0/addr_arbiter_inst/m_axi_wvalid[0].  Did not re-place instance fastvit_bd_i/ps_ctrl_ic/xbar/inst/gen_sasd.crossbar_sasd_0/addr_arbiter_inst/m_axi_wvalid[0]_INST_0
INFO: [Physopt 32-662] Processed net fastvit_bd_i/sc_main/inst/s01_nodes/s01_ar_node/inst/inst_mi_handler/gen_normal_area.inst_fifo_node_payld/gen_xpm_memory_fifo.inst_fifo/gen_mem_rep[0].inst_rd_addrb/rd_addrb_incr.  Did not re-place instance fastvit_bd_i/sc_main/inst/s01_nodes/s01_ar_node/inst/inst_mi_handler/gen_normal_area.inst_fifo_node_payld/gen_xpm_memory_fifo.inst_fifo/gen_mem_rep[0].inst_rd_addrb/gen_mem_rep[0].inst_xpm_memory_i_1
INFO: [Physopt 32-662] Processed net fastvit_bd_i/sc_main/inst/s01_nodes/s01_ar_node/inst/inst_mi_handler/gen_normal_area.inst_fifo_node_payld/gen_xpm_memory_fifo.inst_fifo/gen_wr.inst_wr_addra_p1/gen_rd.fifo_empty_r_i_6_n_0.  Did not re-place instance fastvit_bd_i/sc_main/inst/s01_nodes/s01_ar_node/inst/inst_mi_handler/gen_normal_area.inst_fifo_node_payld/gen_xpm_memory_fifo.inst_fifo/gen_wr.inst_wr_addra_p1/gen_rd.fifo_empty_r_i_6
INFO: [Physopt 32-662] Processed net fastvit_bd_i/sc_main/inst/s01_nodes/s01_ar_node/inst/inst_mi_handler/gen_normal_area.inst_fifo_node_payld/gen_xpm_memory_fifo.inst_fifo/wr_wea.  Did not re-place instance fastvit_bd_i/sc_main/inst/s01_nodes/s01_ar_node/inst/inst_mi_handler/gen_normal_area.inst_fifo_node_payld/gen_xpm_memory_fifo.inst_fifo/gen_wr.full_r_reg_inv
INFO: [Physopt 32-662] Processed net fastvit_bd_i/worker_0/inst/conv_worker_U/grp_conv_worker_Pipeline_COMPUTE_KH_COMPUTE_KW_COMPUTE_TR_COMPUTE_TC_fu_466/mac_muladd_8s_4s_32s_32_4_1_U2091/fastvit_ip_mac_muladd_8s_4s_32s_32_4_1_DSP48_0_U/m_reg_reg_n_0_[12].  Did not re-place instance fastvit_bd_i/worker_0/inst/conv_worker_U/grp_conv_worker_Pipeline_COMPUTE_KH_COMPUTE_KW_COMPUTE_TR_COMPUTE_TC_fu_466/mac_muladd_8s_4s_32s_32_4_1_U2091/fastvit_ip_mac_muladd_8s_4s_32s_32_4_1_DSP48_0_U/m_reg_reg[12]
INFO: [Physopt 32-662] Processed net fastvit_bd_i/worker_0/inst/conv_worker_U/grp_conv_worker_Pipeline_LOAD_IN_VITIS_LOOP_140_3_fu_393/ram_reg_0_63_0_0_i_56_n_0.  Did not re-place instance fastvit_bd_i/worker_0/inst/conv_worker_U/grp_conv_worker_Pipeline_LOAD_IN_VITIS_LOOP_140_3_fu_393/ram_reg_0_63_0_0_i_56
INFO: [Physopt 32-662] Processed net fastvit_bd_i/worker_0/inst/conv_worker_U/grp_conv_worker_Pipeline_LOAD_IN_VITIS_LOOP_140_3_fu_393/push_0.  Did not re-place instance fastvit_bd_i/worker_0/inst/conv_worker_U/grp_conv_worker_Pipeline_LOAD_IN_VITIS_LOOP_140_3_fu_393/mem_reg[68][0]_srl32_i_1
INFO: [Physopt 32-662] Processed net fastvit_bd_i/worker_0/inst/conv_worker_U/grp_conv_worker_Pipeline_LOAD_IN_VITIS_LOOP_140_3_fu_393/p_118_in.  Did not re-place instance fastvit_bd_i/worker_0/inst/conv_worker_U/grp_conv_worker_Pipeline_LOAD_IN_VITIS_LOOP_140_3_fu_393/ram_reg_0_63_0_0_i_21
INFO: [Physopt 32-662] Processed net fastvit_bd_i/worker_0/inst/conv_worker_U/grp_conv_worker_Pipeline_LOAD_IN_VITIS_LOOP_140_3_fu_393/ap_CS_fsm_pp0_stage1.  Did not re-place instance fastvit_bd_i/worker_0/inst/conv_worker_U/grp_conv_worker_Pipeline_LOAD_IN_VITIS_LOOP_140_3_fu_393/ap_CS_fsm_reg[1]
INFO: [Physopt 32-662] Processed net fastvit_bd_i/worker_0/inst/conv_gmem0_m_axi_U/load_unit_0/fifo_rreq/U_fifo_srl/mem_reg[68][5]_srl32__0_n_0.  Did not re-place instance fastvit_bd_i/worker_0/inst/conv_gmem0_m_axi_U/load_unit_0/fifo_rreq/U_fifo_srl/mem_reg[68][5]_srl32__0
INFO: [Physopt 32-662] Processed net fastvit_bd_i/worker_0/inst/conv_gmem0_m_axi_U/load_unit_0/fifo_rreq/U_fifo_srl/mem_reg[68][5]_srl32__0_n_1.  Did not re-place instance fastvit_bd_i/worker_0/inst/conv_gmem0_m_axi_U/load_unit_0/fifo_rreq/U_fifo_srl/mem_reg[68][5]_srl32__0
INFO: [Physopt 32-662] Processed net fastvit_bd_i/worker_0/inst/conv_gmem0_m_axi_U/load_unit_0/fifo_rreq/U_fifo_srl/mem_reg[68][5]_srl32_n_0.  Did not re-place instance fastvit_bd_i/worker_0/inst/conv_gmem0_m_axi_U/load_unit_0/fifo_rreq/U_fifo_srl/mem_reg[68][5]_srl32
INFO: [Physopt 32-662] Processed net fastvit_bd_i/worker_0/inst/conv_gmem0_m_axi_U/load_unit_0/fifo_rreq/U_fifo_srl/mem_reg[68][5]_srl32_n_1.  Did not re-place instance fastvit_bd_i/worker_0/inst/conv_gmem0_m_axi_U/load_unit_0/fifo_rreq/U_fifo_srl/mem_reg[68][5]_srl32
INFO: [Physopt 32-662] Processed net fastvit_bd_i/worker_0/inst/conv_worker_U/grp_conv_worker_Pipeline_COMPUTE_KH_COMPUTE_KW_COMPUTE_TR_COMPUTE_TC_fu_466/zext_ln193_1_reg_1003_reg[6]_0.  Did not re-place instance fastvit_bd_i/worker_0/inst/conv_worker_U/grp_conv_worker_Pipeline_COMPUTE_KH_COMPUTE_KW_COMPUTE_TR_COMPUTE_TC_fu_466/ram_reg_0_15_0_0_i_1__0
INFO: [Physopt 32-662] Processed net fastvit_bd_i/worker_0/inst/conv_worker_U/p_ZL6in_buf_0_U/q00__7[3].  Did not re-place instance fastvit_bd_i/worker_0/inst/conv_worker_U/p_ZL6in_buf_0_U/q0[3]_i_2
INFO: [Physopt 32-662] Processed net fastvit_bd_i/worker_0/inst/conv_worker_U/p_ZL6in_buf_0_U/Q[3].  Did not re-place instance fastvit_bd_i/worker_0/inst/conv_worker_U/p_ZL6in_buf_0_U/q0_reg[3]
INFO: [Physopt 32-662] Processed net fastvit_bd_i/worker_0/inst/conv_worker_U/grp_conv_worker_Pipeline_LOAD_IN_VITIS_LOOP_140_3_fu_393/tmp_54_reg_2343[28]_i_1_n_0.  Did not re-place instance fastvit_bd_i/worker_0/inst/conv_worker_U/grp_conv_worker_Pipeline_LOAD_IN_VITIS_LOOP_140_3_fu_393/tmp_54_reg_2343[28]_i_1
INFO: [Physopt 32-662] Processed net fastvit_bd_i/worker_0/inst/conv_worker_U/grp_conv_worker_Pipeline_COMPUTE_KH_COMPUTE_KW_COMPUTE_TR_COMPUTE_TC_fu_466/mac_muladd_8s_4s_32s_32_4_1_U2092/fastvit_ip_mac_muladd_8s_4s_32s_32_4_1_DSP48_0_U/b_reg_reg[1]_1[3].  Did not re-place instance fastvit_bd_i/worker_0/inst/conv_worker_U/grp_conv_worker_Pipeline_COMPUTE_KH_COMPUTE_KW_COMPUTE_TR_COMPUTE_TC_fu_466/mac_muladd_8s_4s_32s_32_4_1_U2092/fastvit_ip_mac_muladd_8s_4s_32s_32_4_1_DSP48_0_U/m__0_carry__0_i_5__2
INFO: [Physopt 32-662] Processed net fastvit_bd_i/worker_0/inst/conv_worker_U/grp_conv_worker_Pipeline_LOAD_IN_VITIS_LOOP_140_3_fu_393/gmem0_addr_reg_2284[14]_i_6_n_0.  Did not re-place instance fastvit_bd_i/worker_0/inst/conv_worker_U/grp_conv_worker_Pipeline_LOAD_IN_VITIS_LOOP_140_3_fu_393/gmem0_addr_reg_2284[14]_i_6
INFO: [Physopt 32-662] Processed net fastvit_bd_i/worker_0/inst/conv_worker_U/grp_conv_worker_Pipeline_LOAD_IN_VITIS_LOOP_140_3_fu_393/gmem0_addr_reg_2284[18]_i_6_n_0.  Did not re-place instance fastvit_bd_i/worker_0/inst/conv_worker_U/grp_conv_worker_Pipeline_LOAD_IN_VITIS_LOOP_140_3_fu_393/gmem0_addr_reg_2284[18]_i_6
INFO: [Physopt 32-662] Processed net fastvit_bd_i/worker_0/inst/conv_worker_U/grp_conv_worker_Pipeline_LOAD_IN_VITIS_LOOP_140_3_fu_393/gmem0_addr_reg_2284[22]_i_6_n_0.  Did not re-place instance fastvit_bd_i/worker_0/inst/conv_worker_U/grp_conv_worker_Pipeline_LOAD_IN_VITIS_LOOP_140_3_fu_393/gmem0_addr_reg_2284[22]_i_6
INFO: [Physopt 32-662] Processed net fastvit_bd_i/worker_0/inst/conv_worker_U/grp_conv_worker_Pipeline_LOAD_IN_VITIS_LOOP_140_3_fu_393/gmem0_addr_reg_2284[26]_i_6_n_0.  Did not re-place instance fastvit_bd_i/worker_0/inst/conv_worker_U/grp_conv_worker_Pipeline_LOAD_IN_VITIS_LOOP_140_3_fu_393/gmem0_addr_reg_2284[26]_i_6
INFO: [Physopt 32-662] Processed net fastvit_bd_i/worker_0/inst/conv_worker_U/grp_conv_worker_Pipeline_LOAD_IN_VITIS_LOOP_140_3_fu_393/i_3/O_n.  Did not re-place instance fastvit_bd_i/worker_0/inst/conv_worker_U/grp_conv_worker_Pipeline_LOAD_IN_VITIS_LOOP_140_3_fu_393/i_3_LOPT_REMAP
INFO: [Physopt 32-662] Processed net fastvit_bd_i/worker_0/inst/conv_worker_U/grp_conv_worker_Pipeline_LOAD_IN_VITIS_LOOP_140_3_fu_393/int_in_a_reg[29][0].  Did not re-place instance fastvit_bd_i/worker_0/inst/conv_worker_U/grp_conv_worker_Pipeline_LOAD_IN_VITIS_LOOP_140_3_fu_393/gmem0_addr_reg_2284[30]_i_7
INFO: [Physopt 32-662] Processed net fastvit_bd_i/worker_0/inst/conv_worker_U/grp_conv_worker_Pipeline_LOAD_IN_VITIS_LOOP_140_3_fu_393/grp_fu_540_ce.  Did not re-place instance fastvit_bd_i/worker_0/inst/conv_worker_U/grp_conv_worker_Pipeline_LOAD_IN_VITIS_LOOP_140_3_fu_393/buff0_reg_i_1
INFO: [Physopt 32-661] Optimized 78 nets.  Re-placed 78 instances.
INFO: [Physopt 32-775] End 1 Pass. Optimized 78 nets or cells. Created 0 new cell, deleted 0 existing cell and moved 78 existing cells
INFO: [Physopt 32-619] Estimated Timing Summary | WNS=-0.442 | TNS=-81.359 |
Netlist sorting complete. Time (s): cpu = 00:00:00 ; elapsed = 00:00:00.007 . Memory (MB): peak = 2539.672 ; gain = 0.000
Phase 9 Single Cell Placement Optimization | Checksum: 105e1ba37

Time (s): cpu = 00:00:22 ; elapsed = 00:00:22 . Memory (MB): peak = 2539.672 ; gain = 16.164

Phase 10 Multi Cell Placement Optimization
INFO: [Physopt 32-660] Identified 100 candidate nets for placement-based optimization.
INFO: [Physopt 32-662] Processed net fastvit_bd_i/worker_0/inst/conv_worker_U/grp_conv_worker_Pipeline_LOAD_IN_VITIS_LOOP_140_3_fu_393/trunc_ln150_reg_2438[3].  Did not re-place instance fastvit_bd_i/worker_0/inst/conv_worker_U/grp_conv_worker_Pipeline_LOAD_IN_VITIS_LOOP_140_3_fu_393/trunc_ln150_reg_2438_reg[3]/Q
INFO: [Physopt 32-662] Processed net fastvit_bd_i/worker_0/inst/conv_worker_U/grp_conv_worker_Pipeline_LOAD_IN_VITIS_LOOP_140_3_fu_393/grp_conv_worker_Pipeline_LOAD_IN_VITIS_LOOP_140_3_fu_393_p_ZL6in_buf_0_address0[3].  Did not re-place instance fastvit_bd_i/worker_0/inst/conv_worker_U/grp_conv_worker_Pipeline_LOAD_IN_VITIS_LOOP_140_3_fu_393/ram_reg_0_63_0_0_i_18/O
INFO: [Physopt 32-662] Processed net fastvit_bd_i/worker_0/inst/conv_worker_U/grp_conv_worker_Pipeline_LOAD_IN_VITIS_LOOP_140_3_fu_393/ram_reg_0_63_0_0_i_33_n_0.  Did not re-place instance fastvit_bd_i/worker_0/inst/conv_worker_U/grp_conv_worker_Pipeline_LOAD_IN_VITIS_LOOP_140_3_fu_393/ram_reg_0_63_0_0_i_33/O
INFO: [Physopt 32-662] Processed net fastvit_bd_i/worker_0/inst/conv_worker_U/grp_conv_worker_Pipeline_LOAD_IN_VITIS_LOOP_140_3_fu_393/ram_reg_0_63_0_0_i_47_n_0.  Did not re-place instance fastvit_bd_i/worker_0/inst/conv_worker_U/grp_conv_worker_Pipeline_LOAD_IN_VITIS_LOOP_140_3_fu_393/ram_reg_0_63_0_0_i_47/O
INFO: [Physopt 32-662] Processed net fastvit_bd_i/worker_0/inst/conv_worker_U/p_ZL6in_buf_0_U/q00__7[0].  Did not re-place instance fastvit_bd_i/worker_0/inst/conv_worker_U/p_ZL6in_buf_0_U/q0[0]_i_1/O
INFO: [Physopt 32-662] Processed net fastvit_bd_i/worker_0/inst/conv_worker_U/m_reg_357_reg_n_0_[0].  Did not re-place instance fastvit_bd_i/worker_0/inst/conv_worker_U/m_reg_357_reg[0]/Q
INFO: [Physopt 32-662] Processed net fastvit_bd_i/worker_0/inst/conv_worker_U/p_ZL6in_buf_1_U/q00__8[3].  Did not re-place instance fastvit_bd_i/worker_0/inst/conv_worker_U/p_ZL6in_buf_1_U/q0[3]_i_2__0/O
INFO: [Physopt 32-662] Processed net fastvit_bd_i/worker_0/inst/conv_worker_U/p_ZL6in_buf_1_U/q00__8[2].  Did not re-place instance fastvit_bd_i/worker_0/inst/conv_worker_U/p_ZL6in_buf_1_U/q0[2]_i_1__0/O
INFO: [Physopt 32-662] Processed net fastvit_bd_i/worker_0/inst/conv_worker_U/p_ZL6in_buf_0_U/q00__7[1].  Did not re-place instance fastvit_bd_i/worker_0/inst/conv_worker_U/p_ZL6in_buf_0_U/q0[1]_i_1/O
INFO: [Physopt 32-662] Processed net fastvit_bd_i/worker_0/inst/conv_worker_U/p_ZL6in_buf_1_U/q00__8[1].  Did not re-place instance fastvit_bd_i/worker_0/inst/conv_worker_U/p_ZL6in_buf_1_U/q0[1]_i_1__0/O
INFO: [Physopt 32-662] Processed net fastvit_bd_i/worker_0/inst/conv_worker_U/grp_conv_worker_Pipeline_LOAD_IN_VITIS_LOOP_140_3_fu_393/trunc_ln150_reg_2438[2]_repN.  Did not re-place instance fastvit_bd_i/worker_0/inst/conv_worker_U/grp_conv_worker_Pipeline_LOAD_IN_VITIS_LOOP_140_3_fu_393/trunc_ln150_reg_2438_reg[2]_replica/Q
INFO: [Physopt 32-662] Processed net fastvit_bd_i/worker_0/inst/conv_worker_U/grp_conv_worker_Pipeline_LOAD_IN_VITIS_LOOP_140_3_fu_393/ram_reg_0_63_0_0_i_26_n_0.  Did not re-place instance fastvit_bd_i/worker_0/inst/conv_worker_U/grp_conv_worker_Pipeline_LOAD_IN_VITIS_LOOP_140_3_fu_393/ram_reg_0_63_0_0_i_26/O
INFO: [Physopt 32-662] Processed net fastvit_bd_i/worker_0/inst/conv_worker_U/grp_conv_worker_Pipeline_LOAD_IN_VITIS_LOOP_140_3_fu_393/ap_CS_fsm_pp0_stage6.  Did not re-place instance fastvit_bd_i/worker_0/inst/conv_worker_U/grp_conv_worker_Pipeline_LOAD_IN_VITIS_LOOP_140_3_fu_393/ap_CS_fsm_reg[6]/Q
INFO: [Physopt 32-662] Processed net fastvit_bd_i/worker_0/inst/conv_worker_U/grp_conv_worker_Pipeline_LOAD_IN_VITIS_LOOP_140_3_fu_393/ram_reg_0_63_0_0_i_45_n_0.  Did not re-place instance fastvit_bd_i/worker_0/inst/conv_worker_U/grp_conv_worker_Pipeline_LOAD_IN_VITIS_LOOP_140_3_fu_393/ram_reg_0_63_0_0_i_45/O
INFO: [Physopt 32-662] Processed net fastvit_bd_i/worker_0/inst/conv_worker_U/grp_conv_worker_Pipeline_LOAD_IN_VITIS_LOOP_140_3_fu_393/grp_conv_worker_Pipeline_LOAD_IN_VITIS_LOOP_140_3_fu_393_p_ZL6in_buf_0_address0[6].  Did not re-place instance fastvit_bd_i/worker_0/inst/conv_worker_U/grp_conv_worker_Pipeline_LOAD_IN_VITIS_LOOP_140_3_fu_393/ram_reg_0_15_0_0_i_2__0/O
INFO: [Physopt 32-662] Processed net fastvit_bd_i/worker_0/inst/conv_worker_U/grp_conv_worker_Pipeline_LOAD_IN_VITIS_LOOP_140_3_fu_393/ram_reg_0_15_0_0_i_12_n_0.  Did not re-place instance fastvit_bd_i/worker_0/inst/conv_worker_U/grp_conv_worker_Pipeline_LOAD_IN_VITIS_LOOP_140_3_fu_393/ram_reg_0_15_0_0_i_12/O
INFO: [Physopt 32-662] Processed net fastvit_bd_i/worker_0/inst/conv_worker_U/grp_conv_worker_Pipeline_LOAD_IN_VITIS_LOOP_140_3_fu_393/ram_reg_0_15_0_0_i_14_n_0.  Did not re-place instance fastvit_bd_i/worker_0/inst/conv_worker_U/grp_conv_worker_Pipeline_LOAD_IN_VITIS_LOOP_140_3_fu_393/ram_reg_0_15_0_0_i_14/O
INFO: [Physopt 32-662] Processed net fastvit_bd_i/worker_0/inst/conv_worker_U/grp_conv_worker_Pipeline_LOAD_IN_VITIS_LOOP_140_3_fu_393/ram_reg_0_15_0_0_i_6_n_0.  Did not re-place instance fastvit_bd_i/worker_0/inst/conv_worker_U/grp_conv_worker_Pipeline_LOAD_IN_VITIS_LOOP_140_3_fu_393/ram_reg_0_15_0_0_i_6/O
INFO: [Physopt 32-662] Processed net fastvit_bd_i/worker_0/inst/conv_worker_U/grp_conv_worker_Pipeline_LOAD_IN_VITIS_LOOP_140_3_fu_393/ap_CS_fsm_pp0_stage5.  Did not re-place instance fastvit_bd_i/worker_0/inst/conv_worker_U/grp_conv_worker_Pipeline_LOAD_IN_VITIS_LOOP_140_3_fu_393/ap_CS_fsm_reg[5]/Q
INFO: [Physopt 32-662] Processed net fastvit_bd_i/worker_0/inst/conv_worker_U/grp_conv_worker_Pipeline_LOAD_IN_VITIS_LOOP_140_3_fu_393/mul_31ns_32s_32_5_1_U2017/ap_CS_fsm_reg[5].  Did not re-place instance fastvit_bd_i/worker_0/inst/conv_worker_U/grp_conv_worker_Pipeline_LOAD_IN_VITIS_LOOP_140_3_fu_393/mul_31ns_32s_32_5_1_U2017/in_r_reg_2214[31]_i_1/O
INFO: [Physopt 32-662] Processed net fastvit_bd_i/worker_0/inst/conv_worker_U/grp_conv_worker_Pipeline_LOAD_IN_VITIS_LOOP_140_3_fu_393/grp_conv_worker_Pipeline_LOAD_IN_VITIS_LOOP_140_3_fu_393_p_ZL6in_buf_0_we0.  Did not re-place instance fastvit_bd_i/worker_0/inst/conv_worker_U/grp_conv_worker_Pipeline_LOAD_IN_VITIS_LOOP_140_3_fu_393/ram_reg_0_63_0_0_i_14/O
INFO: [Physopt 32-662] Processed net fastvit_bd_i/worker_0/inst/conv_worker_U/grp_conv_worker_Pipeline_LOAD_IN_VITIS_LOOP_140_3_fu_393/p_0_in__8.  Did not re-place instance fastvit_bd_i/worker_0/inst/conv_worker_U/grp_conv_worker_Pipeline_LOAD_IN_VITIS_LOOP_140_3_fu_393/ram_reg_0_15_0_0_i_3/O
INFO: [Physopt 32-662] Processed net fastvit_bd_i/worker_0/inst/conv_worker_U/grp_conv_worker_Pipeline_LOAD_IN_VITIS_LOOP_140_3_fu_393/ram_reg_0_63_0_0_i_24_n_0.  Did not re-place instance fastvit_bd_i/worker_0/inst/conv_worker_U/grp_conv_worker_Pipeline_LOAD_IN_VITIS_LOOP_140_3_fu_393/ram_reg_0_63_0_0_i_24/O
INFO: [Physopt 32-662] Processed net fastvit_bd_i/worker_0/inst/conv_worker_U/p_ZL6in_buf_1_U/q00__8[0].  Did not re-place instance fastvit_bd_i/worker_0/inst/conv_worker_U/p_ZL6in_buf_1_U/q0[0]_i_1__0/O
INFO: [Physopt 32-662] Processed net fastvit_bd_i/worker_0/inst/conv_worker_U/grp_conv_worker_Pipeline_LOAD_IN_VITIS_LOOP_140_3_fu_393/m_axi_gmem0_0_ARVALID8160_out.  Did not re-place instance fastvit_bd_i/worker_0/inst/conv_worker_U/grp_conv_worker_Pipeline_LOAD_IN_VITIS_LOOP_140_3_fu_393/mem_reg[68][0]_srl32_i_15/O
INFO: [Physopt 32-662] Processed net fastvit_bd_i/worker_0/inst/conv_gmem0_m_axi_U/load_unit_0/buff_rdata/dout_vld_reg_0.  Did not re-place instance fastvit_bd_i/worker_0/inst/conv_gmem0_m_axi_U/load_unit_0/buff_rdata/dout_vld_reg/Q
INFO: [Physopt 32-662] Processed net fastvit_bd_i/worker_0/inst/conv_worker_U/grp_conv_worker_Pipeline_LOAD_IN_VITIS_LOOP_140_3_fu_393/and_ln147_5_reg_2243[0]_i_3_n_0.  Did not re-place instance fastvit_bd_i/worker_0/inst/conv_worker_U/grp_conv_worker_Pipeline_LOAD_IN_VITIS_LOOP_140_3_fu_393/and_ln147_5_reg_2243[0]_i_3/O
INFO: [Physopt 32-662] Processed net fastvit_bd_i/worker_0/inst/conv_worker_U/grp_conv_worker_Pipeline_LOAD_IN_VITIS_LOOP_140_3_fu_393/and_ln147_5_reg_2243[0]_i_1_n_0.  Did not re-place instance fastvit_bd_i/worker_0/inst/conv_worker_U/grp_conv_worker_Pipeline_LOAD_IN_VITIS_LOOP_140_3_fu_393/and_ln147_5_reg_2243[0]_i_1/O
INFO: [Physopt 32-662] Processed net fastvit_bd_i/worker_0/inst/conv_worker_U/grp_conv_worker_Pipeline_LOAD_IN_VITIS_LOOP_140_3_fu_393/mem_reg[68][57]_srl32_i_3_n_0.  Did not re-place instance fastvit_bd_i/worker_0/inst/conv_worker_U/grp_conv_worker_Pipeline_LOAD_IN_VITIS_LOOP_140_3_fu_393/mem_reg[68][57]_srl32_i_3/O
INFO: [Physopt 32-662] Processed net fastvit_bd_i/worker_0/inst/conv_worker_U/grp_conv_worker_Pipeline_COMPUTE_KH_COMPUTE_KW_COMPUTE_TR_COMPUTE_TC_fu_466/p_ZL6in_buf_0_address0[1].  Did not re-place instance fastvit_bd_i/worker_0/inst/conv_worker_U/grp_conv_worker_Pipeline_COMPUTE_KH_COMPUTE_KW_COMPUTE_TR_COMPUTE_TC_fu_466/ram_reg_0_63_0_0_i_8/O
INFO: [Physopt 32-662] Processed net fastvit_bd_i/worker_0/inst/conv_worker_U/grp_conv_worker_Pipeline_LOAD_IN_VITIS_LOOP_140_3_fu_393/grp_conv_worker_Pipeline_LOAD_IN_VITIS_LOOP_140_3_fu_393_p_ZL6in_buf_0_address0[5].  Did not re-place instance fastvit_bd_i/worker_0/inst/conv_worker_U/grp_conv_worker_Pipeline_LOAD_IN_VITIS_LOOP_140_3_fu_393/ram_reg_0_63_0_0_i_20/O
INFO: [Physopt 32-662] Processed net fastvit_bd_i/worker_0/inst/conv_worker_U/grp_conv_worker_Pipeline_LOAD_IN_VITIS_LOOP_140_3_fu_393/ram_reg_0_63_0_0_i_40_n_0.  Did not re-place instance fastvit_bd_i/worker_0/inst/conv_worker_U/grp_conv_worker_Pipeline_LOAD_IN_VITIS_LOOP_140_3_fu_393/ram_reg_0_63_0_0_i_40/O
INFO: [Physopt 32-662] Processed net fastvit_bd_i/worker_0/inst/conv_worker_U/grp_conv_worker_Pipeline_LOAD_IN_VITIS_LOOP_140_3_fu_393/ram_reg_0_63_0_0_i_63_n_0.  Did not re-place instance fastvit_bd_i/worker_0/inst/conv_worker_U/grp_conv_worker_Pipeline_LOAD_IN_VITIS_LOOP_140_3_fu_393/ram_reg_0_63_0_0_i_63/O
INFO: [Physopt 32-662] Processed net fastvit_bd_i/worker_0/inst/conv_worker_U/grp_conv_worker_Pipeline_LOAD_IN_VITIS_LOOP_140_3_fu_393/conv_g0_ARVALID.  Did not re-place instance fastvit_bd_i/worker_0/inst/conv_worker_U/grp_conv_worker_Pipeline_LOAD_IN_VITIS_LOOP_140_3_fu_393/i_0_LOPT_REMAP_2/O
INFO: [Physopt 32-662] Processed net fastvit_bd_i/worker_0/inst/conv_worker_U/grp_conv_worker_Pipeline_LOAD_IN_VITIS_LOOP_140_3_fu_393/m_axi_gmem0_0_ARVALID2.  Did not re-place instance fastvit_bd_i/worker_0/inst/conv_worker_U/grp_conv_worker_Pipeline_LOAD_IN_VITIS_LOOP_140_3_fu_393/mem_reg[68][0]_srl32_i_11/O
INFO: [Physopt 32-662] Processed net fastvit_bd_i/worker_0/inst/conv_worker_U/grp_conv_worker_Pipeline_LOAD_IN_VITIS_LOOP_140_3_fu_393/grp_conv_worker_Pipeline_LOAD_IN_VITIS_LOOP_140_3_fu_393_p_ZL6in_buf_1_we0.  Did not re-place instance fastvit_bd_i/worker_0/inst/conv_worker_U/grp_conv_worker_Pipeline_LOAD_IN_VITIS_LOOP_140_3_fu_393/i_0_LOPT_REMAP/O
INFO: [Physopt 32-662] Processed net fastvit_bd_i/worker_0/inst/conv_worker_U/grp_conv_worker_Pipeline_LOAD_IN_VITIS_LOOP_140_3_fu_393/p_0_in__9.  Did not re-place instance fastvit_bd_i/worker_0/inst/conv_worker_U/grp_conv_worker_Pipeline_LOAD_IN_VITIS_LOOP_140_3_fu_393/ram_reg_0_15_0_0_i_2/O
INFO: [Physopt 32-662] Processed net fastvit_bd_i/worker_0/inst/conv_worker_U/grp_conv_worker_Pipeline_LOAD_IN_VITIS_LOOP_140_3_fu_393/i_1/O_n_2.  Did not re-place instance fastvit_bd_i/worker_0/inst/conv_worker_U/grp_conv_worker_Pipeline_LOAD_IN_VITIS_LOOP_140_3_fu_393/i_1_LOPT_REMAP_2_rewire_rewire/O
INFO: [Physopt 32-662] Processed net fastvit_bd_i/worker_0/inst/conv_worker_U/grp_conv_worker_Pipeline_LOAD_IN_VITIS_LOOP_140_3_fu_393/i_2/O_n.  Did not re-place instance fastvit_bd_i/worker_0/inst/conv_worker_U/grp_conv_worker_Pipeline_LOAD_IN_VITIS_LOOP_140_3_fu_393/i_2_LOPT_REMAP/O
INFO: [Physopt 32-662] Processed net fastvit_bd_i/worker_0/inst/conv_worker_U/grp_conv_worker_Pipeline_LOAD_IN_VITIS_LOOP_140_3_fu_393/ram_reg_0_63_0_0_i_39_n_0.  Did not re-place instance fastvit_bd_i/worker_0/inst/conv_worker_U/grp_conv_worker_Pipeline_LOAD_IN_VITIS_LOOP_140_3_fu_393/ram_reg_0_63_0_0_i_39/O
INFO: [Physopt 32-662] Processed net fastvit_bd_i/worker_0/inst/conv_worker_U/grp_conv_worker_Pipeline_LOAD_IN_VITIS_LOOP_140_3_fu_393/ram_reg_0_63_0_0_i_61_n_0.  Did not re-place instance fastvit_bd_i/worker_0/inst/conv_worker_U/grp_conv_worker_Pipeline_LOAD_IN_VITIS_LOOP_140_3_fu_393/ram_reg_0_63_0_0_i_61/O
INFO: [Physopt 32-662] Processed net fastvit_bd_i/worker_0/inst/conv_worker_U/grp_conv_worker_Pipeline_LOAD_IN_VITIS_LOOP_140_3_fu_393/ram_reg_0_63_0_0_i_68_n_0.  Did not re-place instance fastvit_bd_i/worker_0/inst/conv_worker_U/grp_conv_worker_Pipeline_LOAD_IN_VITIS_LOOP_140_3_fu_393/ram_reg_0_63_0_0_i_68/O
INFO: [Physopt 32-662] Processed net fastvit_bd_i/worker_0/inst/conv_worker_U/grp_conv_worker_Pipeline_LOAD_IN_VITIS_LOOP_140_3_fu_393/ap_CS_fsm_pp0_stage7.  Did not re-place instance fastvit_bd_i/worker_0/inst/conv_worker_U/grp_conv_worker_Pipeline_LOAD_IN_VITIS_LOOP_140_3_fu_393/ap_CS_fsm_reg[7]/Q
INFO: [Physopt 32-662] Processed net fastvit_bd_i/worker_0/inst/conv_worker_U/grp_conv_worker_Pipeline_LOAD_IN_VITIS_LOOP_140_3_fu_393/ap_CS_fsm_pp0_stage2.  Did not re-place instance fastvit_bd_i/worker_0/inst/conv_worker_U/grp_conv_worker_Pipeline_LOAD_IN_VITIS_LOOP_140_3_fu_393/ap_CS_fsm_reg[2]/Q
INFO: [Physopt 32-662] Processed net fastvit_bd_i/worker_0/inst/conv_worker_U/grp_conv_worker_Pipeline_LOAD_IN_VITIS_LOOP_140_3_fu_393/ap_CS_fsm_pp0_stage8.  Did not re-place instance fastvit_bd_i/worker_0/inst/conv_worker_U/grp_conv_worker_Pipeline_LOAD_IN_VITIS_LOOP_140_3_fu_393/ap_CS_fsm_reg[8]/Q
INFO: [Physopt 32-662] Processed net fastvit_bd_i/worker_0/inst/conv_worker_U/grp_conv_worker_Pipeline_LOAD_IN_VITIS_LOOP_140_3_fu_393/p_116_in.  Did not re-place instance fastvit_bd_i/worker_0/inst/conv_worker_U/grp_conv_worker_Pipeline_LOAD_IN_VITIS_LOOP_140_3_fu_393/ap_phi_reg_pp0_iter10_storemerge183_reg_842[3]_i_4/O
INFO: [Physopt 32-662] Processed net fastvit_bd_i/worker_0/inst/conv_worker_U/grp_conv_worker_Pipeline_LOAD_IN_VITIS_LOOP_140_3_fu_393/row_base_reg_2271[31]_i_1_n_0.  Did not re-place instance fastvit_bd_i/worker_0/inst/conv_worker_U/grp_conv_worker_Pipeline_LOAD_IN_VITIS_LOOP_140_3_fu_393/row_base_reg_2271[31]_i_1/O
INFO: [Physopt 32-662] Processed net fastvit_bd_i/worker_0/inst/conv_worker_U/grp_conv_worker_Pipeline_LOAD_IN_VITIS_LOOP_140_3_fu_393/grp_conv_worker_Pipeline_LOAD_IN_VITIS_LOOP_140_3_fu_393_p_ZL6in_buf_0_address0[2].  Did not re-place instance fastvit_bd_i/worker_0/inst/conv_worker_U/grp_conv_worker_Pipeline_LOAD_IN_VITIS_LOOP_140_3_fu_393/ram_reg_0_63_0_0_i_17/O
INFO: [Physopt 32-662] Processed net fastvit_bd_i/worker_0/inst/conv_worker_U/grp_conv_worker_Pipeline_LOAD_IN_VITIS_LOOP_140_3_fu_393/ram_reg_0_63_0_0_i_25_n_0.  Did not re-place instance fastvit_bd_i/worker_0/inst/conv_worker_U/grp_conv_worker_Pipeline_LOAD_IN_VITIS_LOOP_140_3_fu_393/ram_reg_0_63_0_0_i_25/O
INFO: [Physopt 32-662] Processed net fastvit_bd_i/worker_0/inst/conv_worker_U/grp_conv_worker_Pipeline_LOAD_IN_VITIS_LOOP_140_3_fu_393/ram_reg_0_63_0_0_i_30_n_0.  Did not re-place instance fastvit_bd_i/worker_0/inst/conv_worker_U/grp_conv_worker_Pipeline_LOAD_IN_VITIS_LOOP_140_3_fu_393/ram_reg_0_63_0_0_i_30/O
INFO: [Physopt 32-662] Processed net fastvit_bd_i/worker_0/inst/conv_worker_U/grp_conv_worker_Pipeline_COMPUTE_KH_COMPUTE_KW_COMPUTE_TR_COMPUTE_TC_fu_466/mac_muladd_8s_4s_32s_32_4_1_U2090/fastvit_ip_mac_muladd_8s_4s_32s_32_4_1_DSP48_0_U/b_reg_reg[2]_0[0].  Did not re-place instance fastvit_bd_i/worker_0/inst/conv_worker_U/grp_conv_worker_Pipeline_COMPUTE_KH_COMPUTE_KW_COMPUTE_TR_COMPUTE_TC_fu_466/mac_muladd_8s_4s_32s_32_4_1_U2090/fastvit_ip_mac_muladd_8s_4s_32s_32_4_1_DSP48_0_U/m__0_carry__0_i_4__0/O
INFO: [Physopt 32-662] Processed net fastvit_bd_i/worker_0/inst/conv_worker_U/p_ZL6wt_buf_1_0_U/ram_reg_3[0].  Did not re-place instance fastvit_bd_i/worker_0/inst/conv_worker_U/p_ZL6wt_buf_1_0_U/m__32_carry__1_i_2__0/O
INFO: [Physopt 32-662] Processed net fastvit_bd_i/worker_0/inst/conv_worker_U/grp_conv_worker_Pipeline_LOAD_IN_VITIS_LOOP_140_3_fu_393/grp_conv_worker_Pipeline_LOAD_IN_VITIS_LOOP_140_3_fu_393_p_ZL6in_buf_0_address0[1].  Did not re-place instance fastvit_bd_i/worker_0/inst/conv_worker_U/grp_conv_worker_Pipeline_LOAD_IN_VITIS_LOOP_140_3_fu_393/ram_reg_0_63_0_0_i_16/O
INFO: [Physopt 32-662] Processed net fastvit_bd_i/worker_0/inst/conv_worker_U/grp_conv_worker_Pipeline_LOAD_IN_VITIS_LOOP_140_3_fu_393/ram_reg_0_63_0_0_i_28_n_0.  Did not re-place instance fastvit_bd_i/worker_0/inst/conv_worker_U/grp_conv_worker_Pipeline_LOAD_IN_VITIS_LOOP_140_3_fu_393/ram_reg_0_63_0_0_i_28/O
INFO: [Physopt 32-662] Processed net fastvit_bd_i/worker_0/inst/conv_worker_U/grp_conv_worker_Pipeline_COMPUTE_KH_COMPUTE_KW_COMPUTE_TR_COMPUTE_TC_fu_466/mac_muladd_8s_4s_32s_32_4_1_U2090/fastvit_ip_mac_muladd_8s_4s_32s_32_4_1_DSP48_0_U/Q[2].  Did not re-place instance fastvit_bd_i/worker_0/inst/conv_worker_U/grp_conv_worker_Pipeline_COMPUTE_KH_COMPUTE_KW_COMPUTE_TR_COMPUTE_TC_fu_466/mac_muladd_8s_4s_32s_32_4_1_U2090/fastvit_ip_mac_muladd_8s_4s_32s_32_4_1_DSP48_0_U/b_reg_reg[2]/Q
INFO: [Physopt 32-662] Processed net fastvit_bd_i/worker_0/inst/conv_worker_U/grp_conv_worker_Pipeline_COMPUTE_KH_COMPUTE_KW_COMPUTE_TR_COMPUTE_TC_fu_466/mac_muladd_8s_4s_32s_32_4_1_U2090/fastvit_ip_mac_muladd_8s_4s_32s_32_4_1_DSP48_0_U/b_reg_reg[2]_0[1].  Did not re-place instance fastvit_bd_i/worker_0/inst/conv_worker_U/grp_conv_worker_Pipeline_COMPUTE_KH_COMPUTE_KW_COMPUTE_TR_COMPUTE_TC_fu_466/mac_muladd_8s_4s_32s_32_4_1_U2090/fastvit_ip_mac_muladd_8s_4s_32s_32_4_1_DSP48_0_U/m__0_carry__0_i_3__0/O
INFO: [Physopt 32-662] Processed net fastvit_bd_i/worker_0/inst/conv_worker_U/grp_conv_worker_Pipeline_LOAD_IN_VITIS_LOOP_140_3_fu_393/ram_reg_0_15_0_0_i_13_n_0.  Did not re-place instance fastvit_bd_i/worker_0/inst/conv_worker_U/grp_conv_worker_Pipeline_LOAD_IN_VITIS_LOOP_140_3_fu_393/ram_reg_0_15_0_0_i_13/O
INFO: [Physopt 32-662] Processed net fastvit_bd_i/worker_0/inst/conv_worker_U/grp_conv_worker_Pipeline_LOAD_IN_VITIS_LOOP_140_3_fu_393/ram_reg_0_15_0_0_i_4_n_0.  Did not re-place instance fastvit_bd_i/worker_0/inst/conv_worker_U/grp_conv_worker_Pipeline_LOAD_IN_VITIS_LOOP_140_3_fu_393/ram_reg_0_15_0_0_i_4/O
INFO: [Physopt 32-662] Processed net fastvit_bd_i/worker_0/inst/conv_worker_U/grp_conv_worker_Pipeline_LOAD_IN_VITIS_LOOP_140_3_fu_393/ram_reg_0_15_0_0_i_9_n_0.  Did not re-place instance fastvit_bd_i/worker_0/inst/conv_worker_U/grp_conv_worker_Pipeline_LOAD_IN_VITIS_LOOP_140_3_fu_393/ram_reg_0_15_0_0_i_9/O
INFO: [Physopt 32-662] Processed net fastvit_bd_i/worker_0/inst/conv_worker_U/grp_conv_worker_Pipeline_LOAD_IN_VITIS_LOOP_140_3_fu_393/ram_reg_0_63_0_0_i_23_n_0.  Did not re-place instance fastvit_bd_i/worker_0/inst/conv_worker_U/grp_conv_worker_Pipeline_LOAD_IN_VITIS_LOOP_140_3_fu_393/ram_reg_0_63_0_0_i_23/O
INFO: [Physopt 32-662] Processed net fastvit_bd_i/worker_0/inst/conv_worker_U/grp_conv_worker_Pipeline_LOAD_IN_VITIS_LOOP_140_3_fu_393/ap_CS_fsm_reg_n_0_[0]_repN.  Did not re-place instance fastvit_bd_i/worker_0/inst/conv_worker_U/grp_conv_worker_Pipeline_LOAD_IN_VITIS_LOOP_140_3_fu_393/ap_CS_fsm_reg[0]_replica/Q
INFO: [Physopt 32-662] Processed net fastvit_bd_i/worker_0/inst/conv_worker_U/sub_ln101_reg_1864[2].  Did not re-place instance fastvit_bd_i/worker_0/inst/conv_worker_U/sub_ln101_reg_1864_reg[2]/Q
INFO: [Physopt 32-661] Optimized 6 nets.  Re-placed 15 instances.
INFO: [Physopt 32-775] End 1 Pass. Optimized 6 nets or cells. Created 0 new cell, deleted 0 existing cell and moved 15 existing cells
INFO: [Physopt 32-619] Estimated Timing Summary | WNS=-0.442 | TNS=-82.489 |
Netlist sorting complete. Time (s): cpu = 00:00:00 ; elapsed = 00:00:00.007 . Memory (MB): peak = 2539.672 ; gain = 0.000
Phase 10 Multi Cell Placement Optimization | Checksum: 12db387b9

Time (s): cpu = 00:00:27 ; elapsed = 00:00:28 . Memory (MB): peak = 2539.672 ; gain = 16.164

Phase 11 Rewire
INFO: [Physopt 32-246] Starting Signal Push optimization...
INFO: [Physopt 32-77] Pass 1. Identified 21 candidate nets for rewire optimization.
INFO: [Physopt 32-134] Processed net fastvit_bd_i/worker_0/inst/conv_worker_U/grp_conv_worker_Pipeline_LOAD_IN_VITIS_LOOP_140_3_fu_393/grp_conv_worker_Pipeline_LOAD_IN_VITIS_LOOP_140_3_fu_393_p_ZL6in_buf_0_we0. Rewiring did not optimize the net.
INFO: [Physopt 32-134] Processed net fastvit_bd_i/worker_0/inst/conv_worker_U/grp_conv_worker_Pipeline_LOAD_IN_VITIS_LOOP_140_3_fu_393/grp_conv_worker_Pipeline_LOAD_IN_VITIS_LOOP_140_3_fu_393_p_ZL6in_buf_1_we0. Rewiring did not optimize the net.
INFO: [Physopt 32-134] Processed net fastvit_bd_i/worker_0/inst/conv_worker_U/grp_conv_worker_Pipeline_LOAD_IN_VITIS_LOOP_140_3_fu_393/q0[3]_i_6_n_0. Rewiring did not optimize the net.
INFO: [Physopt 32-134] Processed net fastvit_bd_i/worker_0/inst/conv_worker_U/grp_conv_worker_Pipeline_LOAD_IN_VITIS_LOOP_140_3_fu_393/grp_conv_worker_Pipeline_LOAD_IN_VITIS_LOOP_140_3_fu_393_p_ZL6in_buf_0_ce0. Rewiring did not optimize the net.
INFO: [Physopt 32-134] Processed net fastvit_bd_i/worker_0/inst/conv_worker_U/grp_conv_worker_Pipeline_LOAD_IN_VITIS_LOOP_140_3_fu_393/conv_g0_RREADY. Rewiring did not optimize the net.
INFO: [Physopt 32-134] Processed net fastvit_bd_i/sc_main/inst/s03_entry_pipeline/s03_mmu/inst/aw_reg_stall/m_axi_awvalid. Rewiring did not optimize the net.
INFO: [Physopt 32-242] Processed net fastvit_bd_i/worker_0/inst/conv_worker_U/grp_conv_worker_Pipeline_LOAD_WT_VITIS_LOOP_157_5_VITIS_LOOP_158_6_fu_447/flow_control_loop_pipe_sequential_init_U/ap_block_pp0_stage0_11001. Rewired (signal push) fastvit_bd_i/worker_0/inst/conv_worker_U/grp_conv_worker_Pipeline_LOAD_WT_VITIS_LOOP_157_5_VITIS_LOOP_158_6_fu_447/flow_control_loop_pipe_sequential_init_U/indvar_flatten27_fu_112_reg[0] to 3 loads. Replicated 1 times.
INFO: [Physopt 32-242] Processed net fastvit_bd_i/sc_main/inst/s03_entry_pipeline/s03_transaction_regulator/inst/gen_endpoint.gen_w_singleorder.w_singleorder/gen_id_fifo.singleorder_fifo/m_axi_awvalid. Rewired (signal push) fastvit_bd_i/sc_main/inst/s03_entry_pipeline/s03_transaction_regulator/inst/gen_endpoint.gen_w_singleorder.w_singleorder/gen_id_fifo.singleorder_fifo/s_axi_awvalid to 6 loads. Replicated 0 times.
INFO: [Physopt 32-242] Processed net fastvit_bd_i/sc_main/inst/s03_entry_pipeline/s03_si_converter/inst/gen_normal.splitter_inst/gen_no_wsplitter.gen_endpoint_woffset.gen_wbypass_offset_fifo.wbypass_offset_fifo/m_axi_awvalid. Rewired (signal push) fastvit_bd_i/sc_main/inst/s03_entry_pipeline/s03_si_converter/inst/gen_normal.splitter_inst/gen_no_wsplitter.gen_endpoint_woffset.gen_wbypass_offset_fifo.wbypass_offset_fifo/s_axi_awvalid_alias to 6 loads. Replicated 1 times.
INFO: [Physopt 32-242] Processed net fastvit_bd_i/worker_0/inst/conv_gmem1_m_axi_U/bus_read/rreq_burst_conv/last_sect_i_9__0_n_0. Rewired (signal push) fastvit_bd_i/worker_0/inst/conv_gmem1_m_axi_U/bus_read/rreq_burst_conv/sect_total_buf_reg[7] to 1 loads. Replicated 0 times.
INFO: [Physopt 32-134] Processed net fastvit_bd_i/worker_0/inst/conv_gmem1_m_axi_U/bus_read/rreq_burst_conv/i_1/O_n. Rewiring did not optimize the net.
INFO: [Physopt 32-134] Processed net fastvit_bd_i/worker_0/inst/conv_gmem1_m_axi_U/bus_read/rreq_burst_conv/last_sect_i_2__0_n_0. Rewiring did not optimize the net.
INFO: [Physopt 32-242] Processed net fastvit_bd_i/worker_0/inst/conv_worker_U/grp_conv_worker_Pipeline_VITIS_LOOP_215_8_fu_500/i_1/O_n. Rewired (signal push) fastvit_bd_i/worker_0/inst/conv_worker_U/grp_conv_worker_Pipeline_VITIS_LOOP_215_8_fu_500/shl_ln15_reg_1221[31]_i_3_0[27] to 1 loads. Replicated 0 times.
INFO: [Physopt 32-134] Processed net fastvit_bd_i/sc_main/inst/s00_entry_pipeline/s00_mmu/inst/ar_reg_stall/m_axi_arvalid. Rewiring did not optimize the net.
INFO: [Physopt 32-242] Processed net fastvit_bd_i/sc_main/inst/s00_entry_pipeline/s00_transaction_regulator/inst/gen_endpoint.gen_r_singleorder.r_singleorder/gen_id_fifo.singleorder_fifo/m_axi_arvalid. Rewired (signal push) fastvit_bd_i/sc_main/inst/s00_entry_pipeline/s00_transaction_regulator/inst/gen_endpoint.gen_r_singleorder.r_singleorder/gen_id_fifo.singleorder_fifo/s_axi_arvalid to 1 loads. Replicated 0 times.
INFO: [Physopt 32-134] Processed net fastvit_bd_i/worker_0/inst/conv_worker_U/grp_conv_worker_Pipeline_LOAD_IN_VITIS_LOOP_140_3_fu_393/q0[3]_i_5_n_0. Rewiring did not optimize the net.
INFO: [Physopt 32-134] Processed net fastvit_bd_i/sc_main/inst/s00_entry_pipeline/s00_si_converter/inst/m_axi_arvalid. Rewiring did not optimize the net.
INFO: [Physopt 32-134] Processed net fastvit_bd_i/worker_0/inst/conv_worker_U/grp_conv_worker_Pipeline_VITIS_LOOP_215_8_fu_500/i_5/O_n. Rewiring did not optimize the net.
INFO: [Physopt 32-242] Processed net fastvit_bd_i/worker_0/inst/conv_worker_U/grp_conv_worker_Pipeline_LOAD_IN_VITIS_LOOP_140_3_fu_393/i_3/O_n_1. Rewired (signal push) fastvit_bd_i/worker_0/inst/conv_worker_U/grp_conv_worker_Pipeline_LOAD_IN_VITIS_LOOP_140_3_fu_393/icmp_ln137_reg_2171_pp0_iter9_reg_reg[0]__0_n_0 to 1 loads. Replicated 0 times.
INFO: [Physopt 32-242] Processed net fastvit_bd_i/worker_0/inst/ctrl_s_axi_U/i_4/O_n. Rewired (signal push) fastvit_bd_i/worker_0/inst/ctrl_s_axi_U/out_shift_w[20] to 1 loads. Replicated 0 times.
INFO: [Physopt 32-134] Processed net fastvit_bd_i/worker_0/inst/ctrl_s_axi_U/i_3/O_n. Rewiring did not optimize the net.
INFO: [Physopt 32-232] Optimized 8 nets. Created 2 new instances.
INFO: [Physopt 32-775] End 1 Pass. Optimized 8 nets or cells. Created 2 new cells, deleted 0 existing cell and moved 0 existing cell
Netlist sorting complete. Time (s): cpu = 00:00:00 ; elapsed = 00:00:00.055 . Memory (MB): peak = 2539.672 ; gain = 0.000
INFO: [Physopt 32-619] Estimated Timing Summary | WNS=-0.442 | TNS=-81.649 |
Netlist sorting complete. Time (s): cpu = 00:00:00 ; elapsed = 00:00:00.005 . Memory (MB): peak = 2539.672 ; gain = 0.000
Phase 11 Rewire | Checksum: 1bcded990

Time (s): cpu = 00:00:28 ; elapsed = 00:00:29 . Memory (MB): peak = 2539.672 ; gain = 16.164

Phase 12 Critical Cell Optimization
INFO: [Physopt 32-46] Identified 30 candidate nets for critical-cell optimization.
INFO: [Physopt 32-572] Net fastvit_bd_i/worker_0/inst/conv_worker_U/grp_conv_worker_Pipeline_LOAD_IN_VITIS_LOOP_140_3_fu_393/trunc_ln150_reg_2438[3] was not replicated.
Resolution: phys_opt_design can be forced to replicate a net driver using the option -force_replication_on_nets <list of net objects>.
INFO: [Physopt 32-572] Net fastvit_bd_i/worker_0/inst/conv_worker_U/grp_conv_worker_Pipeline_LOAD_IN_VITIS_LOOP_140_3_fu_393/ap_CS_fsm_reg[61]_1[3] was not replicated.
Resolution: phys_opt_design can be forced to replicate a net driver using the option -force_replication_on_nets <list of net objects>.
INFO: [Physopt 32-572] Net fastvit_bd_i/worker_0/inst/conv_worker_U/grp_conv_worker_Pipeline_LOAD_IN_VITIS_LOOP_140_3_fu_393/grp_conv_worker_Pipeline_LOAD_IN_VITIS_LOOP_140_3_fu_393_p_ZL6in_buf_0_address0[3] was not replicated.
Resolution: phys_opt_design can be forced to replicate a net driver using the option -force_replication_on_nets <list of net objects>.
INFO: [Physopt 32-81] Processed net fastvit_bd_i/worker_0/inst/conv_worker_U/ap_CS_fsm_state64. Replicated 1 times.
INFO: [Physopt 32-572] Net fastvit_bd_i/worker_0/inst/conv_worker_U/m_reg_357_reg_n_0_[0] was not replicated.
Resolution: phys_opt_design can be forced to replicate a net driver using the option -force_replication_on_nets <list of net objects>.
INFO: [Physopt 32-81] Processed net fastvit_bd_i/worker_0/inst/conv_worker_U/grp_conv_worker_Pipeline_LOAD_IN_VITIS_LOOP_140_3_fu_393/trunc_ln150_reg_2438[2]_repN. Replicated 1 times.
INFO: [Physopt 32-572] Net fastvit_bd_i/worker_0/inst/conv_worker_U/grp_conv_worker_Pipeline_LOAD_IN_VITIS_LOOP_140_3_fu_393/ap_CS_fsm_reg[61]_1[0] was not replicated.
Resolution: phys_opt_design can be forced to replicate a net driver using the option -force_replication_on_nets <list of net objects>.
INFO: [Physopt 32-572] Net fastvit_bd_i/worker_0/inst/conv_worker_U/grp_conv_worker_Pipeline_LOAD_IN_VITIS_LOOP_140_3_fu_393/ram_reg_0_63_0_0_i_26_n_0 was not replicated.
Resolution: phys_opt_design can be forced to replicate a net driver using the option -force_replication_on_nets <list of net objects>.
INFO: [Physopt 32-81] Processed net fastvit_bd_i/worker_0/inst/conv_worker_U/grp_conv_worker_Pipeline_LOAD_IN_VITIS_LOOP_140_3_fu_393/ap_CS_fsm_pp0_stage5. Replicated 3 times.
INFO: [Physopt 32-572] Net fastvit_bd_i/worker_0/inst/conv_worker_U/grp_conv_worker_Pipeline_COMPUTE_KH_COMPUTE_KW_COMPUTE_TR_COMPUTE_TC_fu_466/ap_CS_fsm_reg[61]_0 was not replicated.
Resolution: phys_opt_design can be forced to replicate a net driver using the option -force_replication_on_nets <list of net objects>.
INFO: [Physopt 32-572] Net fastvit_bd_i/worker_0/inst/conv_worker_U/grp_conv_worker_Pipeline_LOAD_IN_VITIS_LOOP_140_3_fu_393/mul_31ns_32s_32_5_1_U2017/ap_CS_fsm_reg[5] was not replicated.
Resolution: phys_opt_design can be forced to replicate a net driver using the option -force_replication_on_nets <list of net objects>.
INFO: [Physopt 32-572] Net fastvit_bd_i/worker_0/inst/conv_worker_U/grp_conv_worker_Pipeline_LOAD_IN_VITIS_LOOP_140_3_fu_393/grp_conv_worker_Pipeline_LOAD_IN_VITIS_LOOP_140_3_fu_393_p_ZL6in_buf_0_we0 was not replicated.
Resolution: phys_opt_design can be forced to replicate a net driver using the option -force_replication_on_nets <list of net objects>.
INFO: [Physopt 32-572] Net fastvit_bd_i/worker_0/inst/conv_worker_U/grp_conv_worker_Pipeline_LOAD_IN_VITIS_LOOP_140_3_fu_393/p_0_in__8 was not replicated.
Resolution: phys_opt_design can be forced to replicate a net driver using the option -force_replication_on_nets <list of net objects>.
INFO: [Physopt 32-81] Processed net fastvit_bd_i/worker_0/inst/conv_worker_U/grp_conv_worker_Pipeline_LOAD_IN_VITIS_LOOP_140_3_fu_393/zext_ln150_1_fu_1674_p1[3]. Replicated 3 times.
INFO: [Physopt 32-572] Net fastvit_bd_i/worker_0/inst/conv_gmem0_m_axi_U/load_unit_0/buff_rdata/dout_vld_reg_0 was not replicated.
Resolution: phys_opt_design can be forced to replicate a net driver using the option -force_replication_on_nets <list of net objects>.
INFO: [Physopt 32-81] Processed net fastvit_bd_i/worker_0/inst/conv_worker_U/grp_conv_worker_Pipeline_LOAD_IN_VITIS_LOOP_140_3_fu_393/and_ln147_5_reg_2243[0]_i_3_n_0. Replicated 1 times.
INFO: [Physopt 32-81] Processed net fastvit_bd_i/worker_0/inst/conv_worker_U/grp_conv_worker_Pipeline_LOAD_IN_VITIS_LOOP_140_3_fu_393/trunc_ln150_reg_2438[0]. Replicated 3 times.
INFO: [Physopt 32-572] Net fastvit_bd_i/worker_0/inst/conv_worker_U/grp_conv_worker_Pipeline_COMPUTE_KH_COMPUTE_KW_COMPUTE_TR_COMPUTE_TC_fu_466/p_ZL6in_buf_0_address0[1] was not replicated.
Resolution: phys_opt_design can be forced to replicate a net driver using the option -force_replication_on_nets <list of net objects>.
INFO: [Physopt 32-572] Net fastvit_bd_i/worker_0/inst/conv_worker_U/grp_conv_worker_Pipeline_LOAD_IN_VITIS_LOOP_140_3_fu_393/grp_conv_worker_Pipeline_LOAD_IN_VITIS_LOOP_140_3_fu_393_p_ZL6in_buf_0_address0[5] was not replicated.
Resolution: phys_opt_design can be forced to replicate a net driver using the option -force_replication_on_nets <list of net objects>.
INFO: [Physopt 32-572] Net fastvit_bd_i/worker_0/inst/conv_worker_U/grp_conv_worker_Pipeline_LOAD_IN_VITIS_LOOP_140_3_fu_393/conv_g0_ARVALID was not replicated.
Resolution: phys_opt_design can be forced to replicate a net driver using the option -force_replication_on_nets <list of net objects>.
INFO: [Physopt 32-572] Net fastvit_bd_i/worker_0/inst/conv_worker_U/grp_conv_worker_Pipeline_COMPUTE_KH_COMPUTE_KW_COMPUTE_TR_COMPUTE_TC_fu_466/zext_ln193_1_reg_1003_reg[6]_1 was not replicated.
Resolution: phys_opt_design can be forced to replicate a net driver using the option -force_replication_on_nets <list of net objects>.
INFO: [Physopt 32-572] Net fastvit_bd_i/worker_0/inst/conv_worker_U/grp_conv_worker_Pipeline_LOAD_IN_VITIS_LOOP_140_3_fu_393/m_axi_gmem0_0_ARVALID2 was not replicated.
Resolution: phys_opt_design can be forced to replicate a net driver using the option -force_replication_on_nets <list of net objects>.
INFO: [Physopt 32-572] Net fastvit_bd_i/worker_0/inst/conv_worker_U/grp_conv_worker_Pipeline_LOAD_IN_VITIS_LOOP_140_3_fu_393/grp_conv_worker_Pipeline_LOAD_IN_VITIS_LOOP_140_3_fu_393_p_ZL6in_buf_1_we0 was not replicated.
Resolution: phys_opt_design can be forced to replicate a net driver using the option -force_replication_on_nets <list of net objects>.
INFO: [Physopt 32-572] Net fastvit_bd_i/worker_0/inst/conv_worker_U/grp_conv_worker_Pipeline_LOAD_IN_VITIS_LOOP_140_3_fu_393/p_0_in__9 was not replicated.
Resolution: phys_opt_design can be forced to replicate a net driver using the option -force_replication_on_nets <list of net objects>.
INFO: [Physopt 32-81] Processed net fastvit_bd_i/worker_0/inst/conv_worker_U/grp_conv_worker_Pipeline_LOAD_IN_VITIS_LOOP_140_3_fu_393/ap_CS_fsm_pp0_stage7. Replicated 3 times.
INFO: [Physopt 32-81] Processed net fastvit_bd_i/worker_0/inst/conv_worker_U/grp_conv_worker_Pipeline_LOAD_IN_VITIS_LOOP_140_3_fu_393/ap_CS_fsm_pp0_stage2. Replicated 2 times.
INFO: [Physopt 32-572] Net fastvit_bd_i/worker_0/inst/conv_worker_U/grp_conv_worker_Pipeline_LOAD_IN_VITIS_LOOP_140_3_fu_393/ap_CS_fsm_reg[61]_1[2] was not replicated.
Resolution: phys_opt_design can be forced to replicate a net driver using the option -force_replication_on_nets <list of net objects>.
INFO: [Physopt 32-81] Processed net fastvit_bd_i/worker_0/inst/conv_worker_U/grp_conv_worker_Pipeline_LOAD_IN_VITIS_LOOP_140_3_fu_393/ap_CS_fsm_pp0_stage8. Replicated 1 times.
INFO: [Physopt 32-232] Optimized 9 nets. Created 18 new instances.
INFO: [Physopt 32-775] End 1 Pass. Optimized 9 nets or cells. Created 18 new cells, deleted 0 existing cell and moved 0 existing cell
INFO: [Physopt 32-619] Estimated Timing Summary | WNS=-0.442 | TNS=-74.884 |
Netlist sorting complete. Time (s): cpu = 00:00:00 ; elapsed = 00:00:00.041 . Memory (MB): peak = 2539.672 ; gain = 0.000
Phase 12 Critical Cell Optimization | Checksum: 15a49beaa

Time (s): cpu = 00:00:31 ; elapsed = 00:00:32 . Memory (MB): peak = 2539.672 ; gain = 16.164

Phase 13 SLR Crossing Optimization
Phase 13 SLR Crossing Optimization | Checksum: 15a49beaa

Time (s): cpu = 00:00:31 ; elapsed = 00:00:32 . Memory (MB): peak = 2539.672 ; gain = 16.164

Phase 14 Fanout Optimization
INFO: [Physopt 32-76] Pass 1. Identified 2 candidate nets for fanout optimization.
INFO: [Physopt 32-81] Processed net fastvit_bd_i/worker_0/inst/conv_worker_U/ap_NS_fsm10_out. Replicated 4 times.
INFO: [Physopt 32-572] Net fastvit_bd_i/worker_0/inst/conv_worker_U/grp_conv_worker_Pipeline_LOAD_IN_VITIS_LOOP_140_3_fu_393/m_axi_gmem0_0_ARVALID4137_out_repN_1 was not replicated.
Resolution: phys_opt_design can be forced to replicate a net driver using the option -force_replication_on_nets <list of net objects>.
INFO: [Physopt 32-232] Optimized 1 net. Created 4 new instances.
INFO: [Physopt 32-775] End 1 Pass. Optimized 1 net or cell. Created 4 new cells, deleted 0 existing cell and moved 0 existing cell
INFO: [Physopt 32-619] Estimated Timing Summary | WNS=-0.442 | TNS=-68.808 |
Netlist sorting complete. Time (s): cpu = 00:00:00 ; elapsed = 00:00:00.029 . Memory (MB): peak = 2539.672 ; gain = 0.000
Phase 14 Fanout Optimization | Checksum: 2409ab053

Time (s): cpu = 00:00:31 ; elapsed = 00:00:33 . Memory (MB): peak = 2539.672 ; gain = 16.164

Phase 15 Single Cell Placement Optimization
INFO: [Physopt 32-660] Identified 250 candidate nets for placement-based optimization.
INFO: [Physopt 32-662] Processed net fastvit_bd_i/worker_0/inst/conv_worker_U/grp_conv_worker_Pipeline_LOAD_IN_VITIS_LOOP_140_3_fu_393/trunc_ln150_reg_2438[3].  Did not re-place instance fastvit_bd_i/worker_0/inst/conv_worker_U/grp_conv_worker_Pipeline_LOAD_IN_VITIS_LOOP_140_3_fu_393/trunc_ln150_reg_2438_reg[3]
INFO: [Physopt 32-662] Processed net fastvit_bd_i/worker_0/inst/conv_worker_U/grp_conv_worker_Pipeline_LOAD_IN_VITIS_LOOP_140_3_fu_393/ap_CS_fsm_reg[61]_1[3].  Did not re-place instance fastvit_bd_i/worker_0/inst/conv_worker_U/grp_conv_worker_Pipeline_LOAD_IN_VITIS_LOOP_140_3_fu_393/ram_reg_0_63_0_0_i_6__0
INFO: [Physopt 32-662] Processed net fastvit_bd_i/worker_0/inst/conv_worker_U/grp_conv_worker_Pipeline_LOAD_IN_VITIS_LOOP_140_3_fu_393/grp_conv_worker_Pipeline_LOAD_IN_VITIS_LOOP_140_3_fu_393_p_ZL6in_buf_0_address0[3].  Did not re-place instance fastvit_bd_i/worker_0/inst/conv_worker_U/grp_conv_worker_Pipeline_LOAD_IN_VITIS_LOOP_140_3_fu_393/ram_reg_0_63_0_0_i_18
INFO: [Physopt 32-662] Processed net fastvit_bd_i/worker_0/inst/conv_worker_U/grp_conv_worker_Pipeline_LOAD_IN_VITIS_LOOP_140_3_fu_393/ram_reg_0_63_0_0_i_33_n_0.  Did not re-place instance fastvit_bd_i/worker_0/inst/conv_worker_U/grp_conv_worker_Pipeline_LOAD_IN_VITIS_LOOP_140_3_fu_393/ram_reg_0_63_0_0_i_33
INFO: [Physopt 32-662] Processed net fastvit_bd_i/worker_0/inst/conv_worker_U/grp_conv_worker_Pipeline_LOAD_IN_VITIS_LOOP_140_3_fu_393/ram_reg_0_63_0_0_i_47_n_0.  Did not re-place instance fastvit_bd_i/worker_0/inst/conv_worker_U/grp_conv_worker_Pipeline_LOAD_IN_VITIS_LOOP_140_3_fu_393/ram_reg_0_63_0_0_i_47
INFO: [Physopt 32-662] Processed net fastvit_bd_i/worker_0/inst/conv_worker_U/p_ZL6in_buf_0_U/q00__7[0].  Did not re-place instance fastvit_bd_i/worker_0/inst/conv_worker_U/p_ZL6in_buf_0_U/q0[0]_i_1
INFO: [Physopt 32-662] Processed net fastvit_bd_i/worker_0/inst/conv_worker_U/p_ZL6in_buf_0_U/Q[0].  Did not re-place instance fastvit_bd_i/worker_0/inst/conv_worker_U/p_ZL6in_buf_0_U/q0_reg[0]
INFO: [Physopt 32-662] Processed net fastvit_bd_i/worker_0/inst/conv_worker_U/grp_conv_worker_Pipeline_COMPUTE_KH_COMPUTE_KW_COMPUTE_TR_COMPUTE_TC_fu_466/p_ZL6in_buf_1_address0[3].  Did not re-place instance fastvit_bd_i/worker_0/inst/conv_worker_U/grp_conv_worker_Pipeline_COMPUTE_KH_COMPUTE_KW_COMPUTE_TR_COMPUTE_TC_fu_466/ram_reg_0_63_0_0_i_5
INFO: [Physopt 32-662] Processed net fastvit_bd_i/worker_0/inst/conv_worker_U/p_ZL6in_buf_1_U/q00__8[3].  Did not re-place instance fastvit_bd_i/worker_0/inst/conv_worker_U/p_ZL6in_buf_1_U/q0[3]_i_2__0
INFO: [Physopt 32-662] Processed net fastvit_bd_i/worker_0/inst/conv_worker_U/p_ZL6in_buf_1_U/Q[3].  Did not re-place instance fastvit_bd_i/worker_0/inst/conv_worker_U/p_ZL6in_buf_1_U/q0_reg[3]
INFO: [Physopt 32-662] Processed net fastvit_bd_i/worker_0/inst/conv_worker_U/p_ZL6in_buf_1_U/q00__8[2].  Did not re-place instance fastvit_bd_i/worker_0/inst/conv_worker_U/p_ZL6in_buf_1_U/q0[2]_i_1__0
INFO: [Physopt 32-662] Processed net fastvit_bd_i/worker_0/inst/conv_worker_U/p_ZL6in_buf_1_U/Q[2].  Did not re-place instance fastvit_bd_i/worker_0/inst/conv_worker_U/p_ZL6in_buf_1_U/q0_reg[2]
INFO: [Physopt 32-662] Processed net fastvit_bd_i/worker_0/inst/conv_worker_U/p_ZL6in_buf_0_U/q00__7[1].  Did not re-place instance fastvit_bd_i/worker_0/inst/conv_worker_U/p_ZL6in_buf_0_U/q0[1]_i_1
INFO: [Physopt 32-662] Processed net fastvit_bd_i/worker_0/inst/conv_worker_U/p_ZL6in_buf_0_U/Q[1].  Did not re-place instance fastvit_bd_i/worker_0/inst/conv_worker_U/p_ZL6in_buf_0_U/q0_reg[1]
INFO: [Physopt 32-662] Processed net fastvit_bd_i/worker_0/inst/conv_worker_U/p_ZL6in_buf_1_U/q00__8[1].  Did not re-place instance fastvit_bd_i/worker_0/inst/conv_worker_U/p_ZL6in_buf_1_U/q0[1]_i_1__0
INFO: [Physopt 32-662] Processed net fastvit_bd_i/worker_0/inst/conv_worker_U/p_ZL6in_buf_1_U/Q[1].  Did not re-place instance fastvit_bd_i/worker_0/inst/conv_worker_U/p_ZL6in_buf_1_U/q0_reg[1]
INFO: [Physopt 32-662] Processed net fastvit_bd_i/worker_0/inst/conv_worker_U/grp_conv_worker_Pipeline_LOAD_IN_VITIS_LOOP_140_3_fu_393/ap_CS_fsm_reg[61]_1[0].  Did not re-place instance fastvit_bd_i/worker_0/inst/conv_worker_U/grp_conv_worker_Pipeline_LOAD_IN_VITIS_LOOP_140_3_fu_393/ram_reg_0_63_0_0_i_3__0_rewire
INFO: [Physopt 32-662] Processed net fastvit_bd_i/worker_0/inst/conv_worker_U/grp_conv_worker_Pipeline_LOAD_IN_VITIS_LOOP_140_3_fu_393/ram_reg_0_63_0_0_i_26_n_0.  Did not re-place instance fastvit_bd_i/worker_0/inst/conv_worker_U/grp_conv_worker_Pipeline_LOAD_IN_VITIS_LOOP_140_3_fu_393/ram_reg_0_63_0_0_i_26
INFO: [Physopt 32-662] Processed net fastvit_bd_i/worker_0/inst/conv_worker_U/grp_conv_worker_Pipeline_LOAD_IN_VITIS_LOOP_140_3_fu_393/ap_CS_fsm_pp0_stage6.  Did not re-place instance fastvit_bd_i/worker_0/inst/conv_worker_U/grp_conv_worker_Pipeline_LOAD_IN_VITIS_LOOP_140_3_fu_393/ap_CS_fsm_reg[6]
INFO: [Physopt 32-662] Processed net fastvit_bd_i/worker_0/inst/conv_worker_U/grp_conv_worker_Pipeline_LOAD_IN_VITIS_LOOP_140_3_fu_393/ram_reg_0_63_0_0_i_45_n_0.  Did not re-place instance fastvit_bd_i/worker_0/inst/conv_worker_U/grp_conv_worker_Pipeline_LOAD_IN_VITIS_LOOP_140_3_fu_393/ram_reg_0_63_0_0_i_45
INFO: [Physopt 32-662] Processed net fastvit_bd_i/worker_0/inst/conv_worker_U/p_ZL6in_buf_1_U/q00__8[0].  Did not re-place instance fastvit_bd_i/worker_0/inst/conv_worker_U/p_ZL6in_buf_1_U/q0[0]_i_1__0
INFO: [Physopt 32-662] Processed net fastvit_bd_i/worker_0/inst/conv_worker_U/p_ZL6in_buf_1_U/Q[0].  Did not re-place instance fastvit_bd_i/worker_0/inst/conv_worker_U/p_ZL6in_buf_1_U/q0_reg[0]
INFO: [Physopt 32-662] Processed net fastvit_bd_i/worker_0/inst/conv_worker_U/grp_conv_worker_Pipeline_LOAD_IN_VITIS_LOOP_140_3_fu_393/zext_ln150_1_fu_1674_p1[3]_repN.  Did not re-place instance fastvit_bd_i/worker_0/inst/conv_worker_U/grp_conv_worker_Pipeline_LOAD_IN_VITIS_LOOP_140_3_fu_393/select_ln137_reg_2175_pp0_iter8_reg_reg[0]_srl8_srlopt_replica
INFO: [Physopt 32-662] Processed net fastvit_bd_i/worker_0/inst/conv_worker_U/grp_conv_worker_Pipeline_LOAD_IN_VITIS_LOOP_140_3_fu_393/m_axi_gmem0_0_ARVALID8160_out.  Did not re-place instance fastvit_bd_i/worker_0/inst/conv_worker_U/grp_conv_worker_Pipeline_LOAD_IN_VITIS_LOOP_140_3_fu_393/mem_reg[68][0]_srl32_i_15
INFO: [Physopt 32-662] Processed net fastvit_bd_i/worker_0/inst/conv_gmem0_m_axi_U/load_unit_0/buff_rdata/dout_vld_reg_0.  Did not re-place instance fastvit_bd_i/worker_0/inst/conv_gmem0_m_axi_U/load_unit_0/buff_rdata/dout_vld_reg
INFO: [Physopt 32-662] Processed net fastvit_bd_i/worker_0/inst/conv_worker_U/grp_conv_worker_Pipeline_LOAD_IN_VITIS_LOOP_140_3_fu_393/and_ln147_5_reg_2243[0]_i_3_n_0.  Did not re-place instance fastvit_bd_i/worker_0/inst/conv_worker_U/grp_conv_worker_Pipeline_LOAD_IN_VITIS_LOOP_140_3_fu_393/and_ln147_5_reg_2243[0]_i_3
INFO: [Physopt 32-662] Processed net fastvit_bd_i/worker_0/inst/conv_worker_U/grp_conv_worker_Pipeline_LOAD_IN_VITIS_LOOP_140_3_fu_393/and_ln147_5_reg_2243[0]_i_1_n_0.  Did not re-place instance fastvit_bd_i/worker_0/inst/conv_worker_U/grp_conv_worker_Pipeline_LOAD_IN_VITIS_LOOP_140_3_fu_393/and_ln147_5_reg_2243[0]_i_1
INFO: [Physopt 32-662] Processed net fastvit_bd_i/worker_0/inst/conv_worker_U/grp_conv_worker_Pipeline_LOAD_IN_VITIS_LOOP_140_3_fu_393/ap_CS_fsm_reg[2]_0[57].  Did not re-place instance fastvit_bd_i/worker_0/inst/conv_worker_U/grp_conv_worker_Pipeline_LOAD_IN_VITIS_LOOP_140_3_fu_393/mem_reg[68][57]_srl32_i_1
INFO: [Physopt 32-662] Processed net fastvit_bd_i/worker_0/inst/conv_worker_U/grp_conv_worker_Pipeline_LOAD_IN_VITIS_LOOP_140_3_fu_393/mem_reg[68][57]_srl32_i_3_n_0.  Did not re-place instance fastvit_bd_i/worker_0/inst/conv_worker_U/grp_conv_worker_Pipeline_LOAD_IN_VITIS_LOOP_140_3_fu_393/mem_reg[68][57]_srl32_i_3
INFO: [Physopt 32-662] Processed net fastvit_bd_i/worker_0/inst/conv_gmem0_m_axi_U/load_unit_0/fifo_rreq/U_fifo_srl/mem_reg[68][57]_srl32_n_0.  Did not re-place instance fastvit_bd_i/worker_0/inst/conv_gmem0_m_axi_U/load_unit_0/fifo_rreq/U_fifo_srl/mem_reg[68][57]_srl32
INFO: [Physopt 32-662] Processed net fastvit_bd_i/worker_0/inst/conv_gmem0_m_axi_U/load_unit_0/fifo_rreq/U_fifo_srl/mem_reg[68][57]_srl32_n_1.  Did not re-place instance fastvit_bd_i/worker_0/inst/conv_gmem0_m_axi_U/load_unit_0/fifo_rreq/U_fifo_srl/mem_reg[68][57]_srl32
INFO: [Physopt 32-662] Processed net fastvit_bd_i/worker_0/inst/conv_worker_U/grp_conv_worker_Pipeline_LOAD_IN_VITIS_LOOP_140_3_fu_393/ram_reg_0_63_0_0_i_23_n_0.  Did not re-place instance fastvit_bd_i/worker_0/inst/conv_worker_U/grp_conv_worker_Pipeline_LOAD_IN_VITIS_LOOP_140_3_fu_393/ram_reg_0_63_0_0_i_23
INFO: [Physopt 32-662] Processed net fastvit_bd_i/worker_0/inst/conv_worker_U/grp_conv_worker_Pipeline_LOAD_IN_VITIS_LOOP_140_3_fu_393/ap_CS_fsm_reg_n_0_[0]_repN.  Did not re-place instance fastvit_bd_i/worker_0/inst/conv_worker_U/grp_conv_worker_Pipeline_LOAD_IN_VITIS_LOOP_140_3_fu_393/ap_CS_fsm_reg[0]_replica
INFO: [Physopt 32-662] Processed net fastvit_bd_i/worker_0/inst/conv_worker_U/grp_conv_worker_Pipeline_LOAD_IN_VITIS_LOOP_140_3_fu_393/grp_conv_worker_Pipeline_LOAD_IN_VITIS_LOOP_140_3_fu_393_p_ZL6in_buf_0_address0[1].  Did not re-place instance fastvit_bd_i/worker_0/inst/conv_worker_U/grp_conv_worker_Pipeline_LOAD_IN_VITIS_LOOP_140_3_fu_393/ram_reg_0_63_0_0_i_16
INFO: [Physopt 32-662] Processed net fastvit_bd_i/worker_0/inst/conv_worker_U/grp_conv_worker_Pipeline_LOAD_IN_VITIS_LOOP_140_3_fu_393/conv_g0_ARVALID.  Did not re-place instance fastvit_bd_i/worker_0/inst/conv_worker_U/grp_conv_worker_Pipeline_LOAD_IN_VITIS_LOOP_140_3_fu_393/i_0_LOPT_REMAP_2
INFO: [Physopt 32-662] Processed net fastvit_bd_i/worker_0/inst/conv_worker_U/grp_conv_worker_Pipeline_LOAD_IN_VITIS_LOOP_140_3_fu_393/ap_CS_fsm_pp0_stage7.  Did not re-place instance fastvit_bd_i/worker_0/inst/conv_worker_U/grp_conv_worker_Pipeline_LOAD_IN_VITIS_LOOP_140_3_fu_393/ap_CS_fsm_reg[7]
INFO: [Physopt 32-662] Processed net fastvit_bd_i/worker_0/inst/conv_gmem0_m_axi_U/load_unit_0/fifo_rreq/raddr[4]_i_6_n_0.  Did not re-place instance fastvit_bd_i/worker_0/inst/conv_gmem0_m_axi_U/load_unit_0/fifo_rreq/raddr[4]_i_6
INFO: [Physopt 32-662] Processed net fastvit_bd_i/worker_0/inst/conv_gmem0_m_axi_U/load_unit_0/fifo_rreq/raddr_reg[4]_rep_n_0.  Did not re-place instance fastvit_bd_i/worker_0/inst/conv_gmem0_m_axi_U/load_unit_0/fifo_rreq/raddr_reg[4]_rep
INFO: [Physopt 32-662] Processed net fastvit_bd_i/worker_0/inst/conv_worker_U/grp_conv_worker_Pipeline_LOAD_IN_VITIS_LOOP_140_3_fu_393/ap_CS_fsm_reg[61]_1[2].  Did not re-place instance fastvit_bd_i/worker_0/inst/conv_worker_U/grp_conv_worker_Pipeline_LOAD_IN_VITIS_LOOP_140_3_fu_393/ram_reg_0_63_0_0_i_5__0
INFO: [Physopt 32-662] Processed net fastvit_bd_i/worker_0/inst/conv_worker_U/grp_conv_worker_Pipeline_LOAD_IN_VITIS_LOOP_140_3_fu_393/ap_CS_fsm_pp0_stage8.  Did not re-place instance fastvit_bd_i/worker_0/inst/conv_worker_U/grp_conv_worker_Pipeline_LOAD_IN_VITIS_LOOP_140_3_fu_393/ap_CS_fsm_reg[8]
INFO: [Physopt 32-662] Processed net fastvit_bd_i/worker_0/inst/conv_worker_U/grp_conv_worker_Pipeline_LOAD_IN_VITIS_LOOP_140_3_fu_393/p_116_in.  Did not re-place instance fastvit_bd_i/worker_0/inst/conv_worker_U/grp_conv_worker_Pipeline_LOAD_IN_VITIS_LOOP_140_3_fu_393/ap_phi_reg_pp0_iter10_storemerge183_reg_842[3]_i_4
INFO: [Physopt 32-662] Processed net fastvit_bd_i/worker_0/inst/conv_worker_U/grp_conv_worker_Pipeline_LOAD_IN_VITIS_LOOP_140_3_fu_393/grp_conv_worker_Pipeline_LOAD_IN_VITIS_LOOP_140_3_fu_393_p_ZL6in_buf_0_address0[2].  Did not re-place instance fastvit_bd_i/worker_0/inst/conv_worker_U/grp_conv_worker_Pipeline_LOAD_IN_VITIS_LOOP_140_3_fu_393/ram_reg_0_63_0_0_i_17
INFO: [Physopt 32-662] Processed net fastvit_bd_i/worker_0/inst/conv_worker_U/grp_conv_worker_Pipeline_LOAD_IN_VITIS_LOOP_140_3_fu_393/ram_reg_0_63_0_0_i_30_n_0.  Did not re-place instance fastvit_bd_i/worker_0/inst/conv_worker_U/grp_conv_worker_Pipeline_LOAD_IN_VITIS_LOOP_140_3_fu_393/ram_reg_0_63_0_0_i_30
INFO: [Physopt 32-662] Processed net fastvit_bd_i/worker_0/inst/conv_worker_U/grp_conv_worker_Pipeline_LOAD_IN_VITIS_LOOP_140_3_fu_393/trunc_ln150_reg_2438[2]_repN.  Did not re-place instance fastvit_bd_i/worker_0/inst/conv_worker_U/grp_conv_worker_Pipeline_LOAD_IN_VITIS_LOOP_140_3_fu_393/trunc_ln150_reg_2438_reg[2]_replica
INFO: [Physopt 32-662] Processed net fastvit_bd_i/worker_0/inst/conv_worker_U/grp_conv_worker_Pipeline_COMPUTE_KH_COMPUTE_KW_COMPUTE_TR_COMPUTE_TC_fu_466/mac_muladd_8s_4s_32s_32_4_1_U2090/fastvit_ip_mac_muladd_8s_4s_32s_32_4_1_DSP48_0_U/Q[2].  Did not re-place instance fastvit_bd_i/worker_0/inst/conv_worker_U/grp_conv_worker_Pipeline_COMPUTE_KH_COMPUTE_KW_COMPUTE_TR_COMPUTE_TC_fu_466/mac_muladd_8s_4s_32s_32_4_1_U2090/fastvit_ip_mac_muladd_8s_4s_32s_32_4_1_DSP48_0_U/b_reg_reg[2]
INFO: [Physopt 32-662] Processed net fastvit_bd_i/worker_0/inst/conv_worker_U/grp_conv_worker_Pipeline_COMPUTE_KH_COMPUTE_KW_COMPUTE_TR_COMPUTE_TC_fu_466/mac_muladd_8s_4s_32s_32_4_1_U2090/fastvit_ip_mac_muladd_8s_4s_32s_32_4_1_DSP48_0_U/b_reg_reg[2]_0[1].  Did not re-place instance fastvit_bd_i/worker_0/inst/conv_worker_U/grp_conv_worker_Pipeline_COMPUTE_KH_COMPUTE_KW_COMPUTE_TR_COMPUTE_TC_fu_466/mac_muladd_8s_4s_32s_32_4_1_U2090/fastvit_ip_mac_muladd_8s_4s_32s_32_4_1_DSP48_0_U/m__0_carry__0_i_3__0
INFO: [Physopt 32-662] Processed net fastvit_bd_i/worker_0/inst/conv_worker_U/p_ZL6wt_buf_1_0_U/ram_reg_3[0].  Did not re-place instance fastvit_bd_i/worker_0/inst/conv_worker_U/p_ZL6wt_buf_1_0_U/m__32_carry__1_i_2__0
INFO: [Physopt 32-662] Processed net fastvit_bd_i/worker_0/inst/conv_worker_U/grp_conv_worker_Pipeline_COMPUTE_KH_COMPUTE_KW_COMPUTE_TR_COMPUTE_TC_fu_466/mac_muladd_8s_4s_32s_32_4_1_U2090/fastvit_ip_mac_muladd_8s_4s_32s_32_4_1_DSP48_0_U/b_reg_reg[1]_1[1].  Did not re-place instance fastvit_bd_i/worker_0/inst/conv_worker_U/grp_conv_worker_Pipeline_COMPUTE_KH_COMPUTE_KW_COMPUTE_TR_COMPUTE_TC_fu_466/mac_muladd_8s_4s_32s_32_4_1_U2090/fastvit_ip_mac_muladd_8s_4s_32s_32_4_1_DSP48_0_U/m__0_carry__0_i_7__0
INFO: [Physopt 32-662] Processed net fastvit_bd_i/worker_0/inst/conv_worker_U/p_ZL6wt_buf_1_0_U/ram_reg_4[0].  Did not re-place instance fastvit_bd_i/worker_0/inst/conv_worker_U/p_ZL6wt_buf_1_0_U/m__32_carry__1_i_5__0
INFO: [Physopt 32-662] Processed net fastvit_bd_i/worker_0/inst/conv_worker_U/grp_conv_worker_Pipeline_COMPUTE_KH_COMPUTE_KW_COMPUTE_TR_COMPUTE_TC_fu_466/mac_muladd_8s_4s_32s_32_4_1_U2091/fastvit_ip_mac_muladd_8s_4s_32s_32_4_1_DSP48_0_U/m_reg_reg_n_0_[13].  Did not re-place instance fastvit_bd_i/worker_0/inst/conv_worker_U/grp_conv_worker_Pipeline_COMPUTE_KH_COMPUTE_KW_COMPUTE_TR_COMPUTE_TC_fu_466/mac_muladd_8s_4s_32s_32_4_1_U2091/fastvit_ip_mac_muladd_8s_4s_32s_32_4_1_DSP48_0_U/m_reg_reg[13]
INFO: [Physopt 32-662] Processed net fastvit_bd_i/worker_0/inst/conv_worker_U/grp_conv_worker_Pipeline_LOAD_IN_VITIS_LOOP_140_3_fu_393/trunc_ln150_reg_2438[1].  Did not re-place instance fastvit_bd_i/worker_0/inst/conv_worker_U/grp_conv_worker_Pipeline_LOAD_IN_VITIS_LOOP_140_3_fu_393/trunc_ln150_reg_2438_reg[1]
INFO: [Physopt 32-662] Processed net fastvit_bd_i/worker_0/inst/conv_worker_U/grp_conv_worker_Pipeline_COMPUTE_KH_COMPUTE_KW_COMPUTE_TR_COMPUTE_TC_fu_466/p_ZL6in_buf_0_address0[0].  Did not re-place instance fastvit_bd_i/worker_0/inst/conv_worker_U/grp_conv_worker_Pipeline_COMPUTE_KH_COMPUTE_KW_COMPUTE_TR_COMPUTE_TC_fu_466/ram_reg_0_63_0_0_i_7__0
INFO: [Physopt 32-662] Processed net fastvit_bd_i/worker_0/inst/conv_worker_U/grp_conv_worker_Pipeline_COMPUTE_KH_COMPUTE_KW_COMPUTE_TR_COMPUTE_TC_fu_466/ap_CS_fsm_reg[61].  Did not re-place instance fastvit_bd_i/worker_0/inst/conv_worker_U/grp_conv_worker_Pipeline_COMPUTE_KH_COMPUTE_KW_COMPUTE_TR_COMPUTE_TC_fu_466/ram_reg_0_15_0_0_i_1
INFO: [Physopt 32-662] Processed net fastvit_bd_i/worker_0/inst/conv_worker_U/grp_conv_worker_Pipeline_LOAD_IN_VITIS_LOOP_140_3_fu_393/grp_conv_worker_Pipeline_LOAD_IN_VITIS_LOOP_140_3_fu_393_p_ZL6in_buf_0_address0[4].  Did not re-place instance fastvit_bd_i/worker_0/inst/conv_worker_U/grp_conv_worker_Pipeline_LOAD_IN_VITIS_LOOP_140_3_fu_393/ram_reg_0_63_0_0_i_19
INFO: [Physopt 32-662] Processed net fastvit_bd_i/worker_0/inst/conv_worker_U/grp_conv_worker_Pipeline_LOAD_IN_VITIS_LOOP_140_3_fu_393/ram_reg_0_63_0_0_i_37_n_0.  Did not re-place instance fastvit_bd_i/worker_0/inst/conv_worker_U/grp_conv_worker_Pipeline_LOAD_IN_VITIS_LOOP_140_3_fu_393/ram_reg_0_63_0_0_i_37
INFO: [Physopt 32-662] Processed net fastvit_bd_i/worker_0/inst/conv_worker_U/grp_conv_worker_Pipeline_LOAD_IN_VITIS_LOOP_140_3_fu_393/ram_reg_0_63_0_0_i_56_n_0.  Did not re-place instance fastvit_bd_i/worker_0/inst/conv_worker_U/grp_conv_worker_Pipeline_LOAD_IN_VITIS_LOOP_140_3_fu_393/ram_reg_0_63_0_0_i_56
INFO: [Physopt 32-662] Processed net fastvit_bd_i/worker_0/inst/conv_worker_U/grp_conv_worker_Pipeline_COMPUTE_KH_COMPUTE_KW_COMPUTE_TR_COMPUTE_TC_fu_466/p_ZL6in_buf_0_address0[1].  Did not re-place instance fastvit_bd_i/worker_0/inst/conv_worker_U/grp_conv_worker_Pipeline_COMPUTE_KH_COMPUTE_KW_COMPUTE_TR_COMPUTE_TC_fu_466/ram_reg_0_63_0_0_i_8
INFO: [Physopt 32-662] Processed net fastvit_bd_i/worker_0/inst/conv_worker_U/grp_conv_worker_Pipeline_COMPUTE_KH_COMPUTE_KW_COMPUTE_TR_COMPUTE_TC_fu_466/ap_CS_fsm_reg[61]_0.  Did not re-place instance fastvit_bd_i/worker_0/inst/conv_worker_U/grp_conv_worker_Pipeline_COMPUTE_KH_COMPUTE_KW_COMPUTE_TR_COMPUTE_TC_fu_466/ram_reg_0_15_0_0__0_i_1
INFO: [Physopt 32-662] Processed net fastvit_bd_i/worker_0/inst/conv_worker_U/grp_conv_worker_Pipeline_LOAD_IN_VITIS_LOOP_140_3_fu_393/grp_conv_worker_Pipeline_LOAD_IN_VITIS_LOOP_140_3_fu_393_p_ZL6in_buf_0_address0[5].  Did not re-place instance fastvit_bd_i/worker_0/inst/conv_worker_U/grp_conv_worker_Pipeline_LOAD_IN_VITIS_LOOP_140_3_fu_393/ram_reg_0_63_0_0_i_20
INFO: [Physopt 32-662] Processed net fastvit_bd_i/worker_0/inst/conv_worker_U/grp_conv_worker_Pipeline_LOAD_IN_VITIS_LOOP_140_3_fu_393/ram_reg_0_63_0_0_i_39_n_0.  Did not re-place instance fastvit_bd_i/worker_0/inst/conv_worker_U/grp_conv_worker_Pipeline_LOAD_IN_VITIS_LOOP_140_3_fu_393/ram_reg_0_63_0_0_i_39
INFO: [Physopt 32-662] Processed net fastvit_bd_i/worker_0/inst/conv_worker_U/grp_conv_worker_Pipeline_LOAD_IN_VITIS_LOOP_140_3_fu_393/ram_reg_0_63_0_0_i_61_n_0.  Did not re-place instance fastvit_bd_i/worker_0/inst/conv_worker_U/grp_conv_worker_Pipeline_LOAD_IN_VITIS_LOOP_140_3_fu_393/ram_reg_0_63_0_0_i_61
INFO: [Physopt 32-662] Processed net fastvit_bd_i/worker_0/inst/conv_worker_U/grp_conv_worker_Pipeline_LOAD_IN_VITIS_LOOP_140_3_fu_393/tmp_60_reg_2359[28]_i_1_n_0.  Did not re-place instance fastvit_bd_i/worker_0/inst/conv_worker_U/grp_conv_worker_Pipeline_LOAD_IN_VITIS_LOOP_140_3_fu_393/tmp_60_reg_2359[28]_i_1
INFO: [Physopt 32-662] Processed net fastvit_bd_i/worker_0/inst/conv_worker_U/grp_conv_worker_Pipeline_LOAD_IN_VITIS_LOOP_140_3_fu_393/p_0_in__8.  Did not re-place instance fastvit_bd_i/worker_0/inst/conv_worker_U/grp_conv_worker_Pipeline_LOAD_IN_VITIS_LOOP_140_3_fu_393/ram_reg_0_15_0_0_i_3
INFO: [Physopt 32-662] Processed net fastvit_bd_i/worker_0/inst/conv_worker_U/grp_conv_worker_Pipeline_LOAD_IN_VITIS_LOOP_140_3_fu_393/grp_conv_worker_Pipeline_LOAD_IN_VITIS_LOOP_140_3_fu_393_p_ZL6in_buf_0_we0.  Did not re-place instance fastvit_bd_i/worker_0/inst/conv_worker_U/grp_conv_worker_Pipeline_LOAD_IN_VITIS_LOOP_140_3_fu_393/ram_reg_0_63_0_0_i_14
INFO: [Physopt 32-662] Processed net fastvit_bd_i/worker_0/inst/conv_worker_U/grp_conv_worker_Pipeline_LOAD_IN_VITIS_LOOP_140_3_fu_393/ram_reg_0_63_0_0_i_25_n_0.  Did not re-place instance fastvit_bd_i/worker_0/inst/conv_worker_U/grp_conv_worker_Pipeline_LOAD_IN_VITIS_LOOP_140_3_fu_393/ram_reg_0_63_0_0_i_25
INFO: [Physopt 32-662] Processed net fastvit_bd_i/worker_0/inst/conv_worker_U/grp_conv_worker_Pipeline_LOAD_IN_VITIS_LOOP_140_3_fu_393/p_118_in.  Did not re-place instance fastvit_bd_i/worker_0/inst/conv_worker_U/grp_conv_worker_Pipeline_LOAD_IN_VITIS_LOOP_140_3_fu_393/ram_reg_0_63_0_0_i_21
INFO: [Physopt 32-662] Processed net fastvit_bd_i/worker_0/inst/conv_worker_U/grp_conv_worker_Pipeline_LOAD_IN_VITIS_LOOP_140_3_fu_393/ap_CS_fsm_pp0_stage1.  Did not re-place instance fastvit_bd_i/worker_0/inst/conv_worker_U/grp_conv_worker_Pipeline_LOAD_IN_VITIS_LOOP_140_3_fu_393/ap_CS_fsm_reg[1]
INFO: [Physopt 32-662] Processed net fastvit_bd_i/worker_0/inst/conv_worker_U/p_ZL6in_buf_0_U/q00__7[3].  Did not re-place instance fastvit_bd_i/worker_0/inst/conv_worker_U/p_ZL6in_buf_0_U/q0[3]_i_2
INFO: [Physopt 32-662] Processed net fastvit_bd_i/worker_0/inst/conv_worker_U/p_ZL6in_buf_0_U/Q[3].  Did not re-place instance fastvit_bd_i/worker_0/inst/conv_worker_U/p_ZL6in_buf_0_U/q0_reg[3]
INFO: [Physopt 32-662] Processed net fastvit_bd_i/worker_0/inst/conv_worker_U/grp_conv_worker_Pipeline_LOAD_IN_VITIS_LOOP_140_3_fu_393/trunc_ln150_reg_2438[4].  Did not re-place instance fastvit_bd_i/worker_0/inst/conv_worker_U/grp_conv_worker_Pipeline_LOAD_IN_VITIS_LOOP_140_3_fu_393/trunc_ln150_reg_2438_reg[4]
INFO: [Physopt 32-662] Processed net fastvit_bd_i/worker_0/inst/conv_worker_U/grp_conv_worker_Pipeline_LOAD_IN_VITIS_LOOP_140_3_fu_393/grp_conv_worker_Pipeline_LOAD_IN_VITIS_LOOP_140_3_fu_393_p_ZL6in_buf_0_address0[6].  Did not re-place instance fastvit_bd_i/worker_0/inst/conv_worker_U/grp_conv_worker_Pipeline_LOAD_IN_VITIS_LOOP_140_3_fu_393/ram_reg_0_15_0_0_i_2__0
INFO: [Physopt 32-662] Processed net fastvit_bd_i/worker_0/inst/conv_worker_U/grp_conv_worker_Pipeline_LOAD_IN_VITIS_LOOP_140_3_fu_393/ram_reg_0_15_0_0_i_12_n_0.  Did not re-place instance fastvit_bd_i/worker_0/inst/conv_worker_U/grp_conv_worker_Pipeline_LOAD_IN_VITIS_LOOP_140_3_fu_393/ram_reg_0_15_0_0_i_12
INFO: [Physopt 32-662] Processed net fastvit_bd_i/worker_0/inst/conv_worker_U/grp_conv_worker_Pipeline_LOAD_IN_VITIS_LOOP_140_3_fu_393/ram_reg_0_15_0_0_i_14_n_0.  Did not re-place instance fastvit_bd_i/worker_0/inst/conv_worker_U/grp_conv_worker_Pipeline_LOAD_IN_VITIS_LOOP_140_3_fu_393/ram_reg_0_15_0_0_i_14
INFO: [Physopt 32-662] Processed net fastvit_bd_i/worker_0/inst/conv_worker_U/grp_conv_worker_Pipeline_LOAD_IN_VITIS_LOOP_140_3_fu_393/ram_reg_0_15_0_0_i_6_n_0.  Did not re-place instance fastvit_bd_i/worker_0/inst/conv_worker_U/grp_conv_worker_Pipeline_LOAD_IN_VITIS_LOOP_140_3_fu_393/ram_reg_0_15_0_0_i_6
INFO: [Physopt 32-662] Processed net fastvit_bd_i/worker_0/inst/conv_worker_U/grp_conv_worker_Pipeline_LOAD_IN_VITIS_LOOP_140_3_fu_393/ap_enable_reg_pp0_iter9_repN_1.  Did not re-place instance fastvit_bd_i/worker_0/inst/conv_worker_U/grp_conv_worker_Pipeline_LOAD_IN_VITIS_LOOP_140_3_fu_393/ap_enable_reg_pp0_iter9_reg_replica_1
INFO: [Physopt 32-662] Processed net fastvit_bd_i/worker_0/inst/conv_worker_U/grp_conv_worker_Pipeline_LOAD_IN_VITIS_LOOP_140_3_fu_393/ap_phi_reg_pp0_iter10_storemerge179_reg_790[3]_i_2_n_0.  Did not re-place instance fastvit_bd_i/worker_0/inst/conv_worker_U/grp_conv_worker_Pipeline_LOAD_IN_VITIS_LOOP_140_3_fu_393/ap_phi_reg_pp0_iter10_storemerge179_reg_790[3]_i_2
INFO: [Physopt 32-662] Processed net fastvit_bd_i/worker_0/inst/conv_worker_U/grp_conv_worker_Pipeline_LOAD_IN_VITIS_LOOP_140_3_fu_393/q0[3]_i_6_n_0.  Did not re-place instance fastvit_bd_i/worker_0/inst/conv_worker_U/grp_conv_worker_Pipeline_LOAD_IN_VITIS_LOOP_140_3_fu_393/q0[3]_i_6
INFO: [Physopt 32-662] Processed net fastvit_bd_i/worker_0/inst/conv_worker_U/phi_mul_reg_334.  Did not re-place instance fastvit_bd_i/worker_0/inst/conv_worker_U/tc_reg_323[28]_i_1
INFO: [Physopt 32-662] Processed net fastvit_bd_i/worker_0/inst/conv_worker_U/m_reg_357_reg_n_0_[0].  Did not re-place instance fastvit_bd_i/worker_0/inst/conv_worker_U/m_reg_357_reg[0]
INFO: [Physopt 32-662] Processed net fastvit_bd_i/worker_0/inst/conv_worker_U/ap_CS_fsm[63]_i_39_n_0.  Did not re-place instance fastvit_bd_i/worker_0/inst/conv_worker_U/ap_CS_fsm[63]_i_39
INFO: [Physopt 32-662] Processed net fastvit_bd_i/worker_0/inst/conv_worker_U/p_ZL6in_buf_0_U/q00__7[2].  Did not re-place instance fastvit_bd_i/worker_0/inst/conv_worker_U/p_ZL6in_buf_0_U/q0[2]_i_1
INFO: [Physopt 32-662] Processed net fastvit_bd_i/worker_0/inst/conv_worker_U/p_ZL6in_buf_0_U/Q[2].  Did not re-place instance fastvit_bd_i/worker_0/inst/conv_worker_U/p_ZL6in_buf_0_U/q0_reg[2]
INFO: [Physopt 32-662] Processed net fastvit_bd_i/worker_0/inst/conv_worker_U/grp_conv_worker_Pipeline_LOAD_IN_VITIS_LOOP_140_3_fu_393/row_base_reg_2271[5].  Did not re-place instance fastvit_bd_i/worker_0/inst/conv_worker_U/grp_conv_worker_Pipeline_LOAD_IN_VITIS_LOOP_140_3_fu_393/row_base_reg_2271_reg[5]
INFO: [Physopt 32-662] Processed net fastvit_bd_i/worker_0/inst/conv_worker_U/grp_conv_worker_Pipeline_LOAD_IN_VITIS_LOOP_140_3_fu_393/gmem0_addr_reg_2284[10]_i_3_n_0.  Did not re-place instance fastvit_bd_i/worker_0/inst/conv_worker_U/grp_conv_worker_Pipeline_LOAD_IN_VITIS_LOOP_140_3_fu_393/gmem0_addr_reg_2284[10]_i_3
INFO: [Physopt 32-662] Processed net fastvit_bd_i/worker_0/inst/conv_worker_U/grp_conv_worker_Pipeline_LOAD_IN_VITIS_LOOP_140_3_fu_393/gmem0_addr_reg_2284[14]_i_3_n_0.  Did not re-place instance fastvit_bd_i/worker_0/inst/conv_worker_U/grp_conv_worker_Pipeline_LOAD_IN_VITIS_LOOP_140_3_fu_393/gmem0_addr_reg_2284[14]_i_3
INFO: [Physopt 32-662] Processed net fastvit_bd_i/worker_0/inst/conv_worker_U/grp_conv_worker_Pipeline_LOAD_IN_VITIS_LOOP_140_3_fu_393/gmem0_addr_reg_2284[18]_i_3_n_0.  Did not re-place instance fastvit_bd_i/worker_0/inst/conv_worker_U/grp_conv_worker_Pipeline_LOAD_IN_VITIS_LOOP_140_3_fu_393/gmem0_addr_reg_2284[18]_i_3
INFO: [Physopt 32-662] Processed net fastvit_bd_i/worker_0/inst/conv_worker_U/grp_conv_worker_Pipeline_LOAD_IN_VITIS_LOOP_140_3_fu_393/gmem0_addr_reg_2284[22]_i_3_n_0.  Did not re-place instance fastvit_bd_i/worker_0/inst/conv_worker_U/grp_conv_worker_Pipeline_LOAD_IN_VITIS_LOOP_140_3_fu_393/gmem0_addr_reg_2284[22]_i_3
INFO: [Physopt 32-662] Processed net fastvit_bd_i/worker_0/inst/conv_worker_U/grp_conv_worker_Pipeline_LOAD_IN_VITIS_LOOP_140_3_fu_393/gmem0_addr_reg_2284[26]_i_3_n_0.  Did not re-place instance fastvit_bd_i/worker_0/inst/conv_worker_U/grp_conv_worker_Pipeline_LOAD_IN_VITIS_LOOP_140_3_fu_393/gmem0_addr_reg_2284[26]_i_3
INFO: [Physopt 32-662] Processed net fastvit_bd_i/worker_0/inst/conv_worker_U/grp_conv_worker_Pipeline_LOAD_IN_VITIS_LOOP_140_3_fu_393/gmem0_addr_reg_2284[6]_i_3_n_0.  Did not re-place instance fastvit_bd_i/worker_0/inst/conv_worker_U/grp_conv_worker_Pipeline_LOAD_IN_VITIS_LOOP_140_3_fu_393/gmem0_addr_reg_2284[6]_i_3
INFO: [Physopt 32-662] Processed net fastvit_bd_i/worker_0/inst/conv_worker_U/grp_conv_worker_Pipeline_LOAD_IN_VITIS_LOOP_140_3_fu_393/gmem0_addr_reg_2284[6]_i_9_n_0.  Did not re-place instance fastvit_bd_i/worker_0/inst/conv_worker_U/grp_conv_worker_Pipeline_LOAD_IN_VITIS_LOOP_140_3_fu_393/gmem0_addr_reg_2284[6]_i_9
INFO: [Physopt 32-662] Processed net fastvit_bd_i/worker_0/inst/conv_worker_U/grp_conv_worker_Pipeline_LOAD_IN_VITIS_LOOP_140_3_fu_393/gmem0_addr_reg_2284[60].  Did not re-place instance fastvit_bd_i/worker_0/inst/conv_worker_U/grp_conv_worker_Pipeline_LOAD_IN_VITIS_LOOP_140_3_fu_393/gmem0_addr_reg_2284_reg[60]
INFO: [Physopt 32-662] Processed net fastvit_bd_i/worker_0/inst/conv_worker_U/grp_conv_worker_Pipeline_COMPUTE_KH_COMPUTE_KW_COMPUTE_TR_COMPUTE_TC_fu_466/zext_ln193_1_reg_1003_reg[6]_1.  Did not re-place instance fastvit_bd_i/worker_0/inst/conv_worker_U/grp_conv_worker_Pipeline_COMPUTE_KH_COMPUTE_KW_COMPUTE_TR_COMPUTE_TC_fu_466/ram_reg_0_15_0_0__0_i_1__0
INFO: [Physopt 32-662] Processed net fastvit_bd_i/worker_0/inst/conv_worker_U/grp_conv_worker_Pipeline_LOAD_IN_VITIS_LOOP_140_3_fu_393/ap_CS_fsm_pp0_stage2_repN.  Did not re-place instance fastvit_bd_i/worker_0/inst/conv_worker_U/grp_conv_worker_Pipeline_LOAD_IN_VITIS_LOOP_140_3_fu_393/ap_CS_fsm_reg[2]_replica
INFO: [Physopt 32-662] Processed net fastvit_bd_i/worker_0/inst/conv_worker_U/grp_conv_worker_Pipeline_LOAD_IN_VITIS_LOOP_140_3_fu_393/row_base_reg_2271[31]_i_1_n_0.  Did not re-place instance fastvit_bd_i/worker_0/inst/conv_worker_U/grp_conv_worker_Pipeline_LOAD_IN_VITIS_LOOP_140_3_fu_393/row_base_reg_2271[31]_i_1
INFO: [Physopt 32-662] Processed net fastvit_bd_i/worker_0/inst/conv_worker_U/grp_conv_worker_Pipeline_LOAD_IN_VITIS_LOOP_140_3_fu_393/row_base_reg_2271[4].  Did not re-place instance fastvit_bd_i/worker_0/inst/conv_worker_U/grp_conv_worker_Pipeline_LOAD_IN_VITIS_LOOP_140_3_fu_393/row_base_reg_2271_reg[4]
INFO: [Physopt 32-662] Processed net fastvit_bd_i/worker_0/inst/conv_worker_U/grp_conv_worker_Pipeline_LOAD_IN_VITIS_LOOP_140_3_fu_393/p_0_in__9.  Did not re-place instance fastvit_bd_i/worker_0/inst/conv_worker_U/grp_conv_worker_Pipeline_LOAD_IN_VITIS_LOOP_140_3_fu_393/ram_reg_0_15_0_0_i_2
INFO: [Physopt 32-662] Processed net fastvit_bd_i/worker_0/inst/conv_worker_U/grp_conv_worker_Pipeline_LOAD_IN_VITIS_LOOP_140_3_fu_393/gmem0_addr_reg_2284[6]_i_10_n_0.  Did not re-place instance fastvit_bd_i/worker_0/inst/conv_worker_U/grp_conv_worker_Pipeline_LOAD_IN_VITIS_LOOP_140_3_fu_393/gmem0_addr_reg_2284[6]_i_10
INFO: [Physopt 32-662] Processed net fastvit_bd_i/worker_0/inst/conv_worker_U/grp_conv_worker_Pipeline_LOAD_IN_VITIS_LOOP_140_3_fu_393/push_0.  Did not re-place instance fastvit_bd_i/worker_0/inst/conv_worker_U/grp_conv_worker_Pipeline_LOAD_IN_VITIS_LOOP_140_3_fu_393/mem_reg[68][0]_srl32_i_1
INFO: [Physopt 32-662] Processed net fastvit_bd_i/worker_0/inst/conv_gmem0_m_axi_U/load_unit_0/fifo_rreq/U_fifo_srl/mem_reg[68][5]_srl32__0_n_0.  Did not re-place instance fastvit_bd_i/worker_0/inst/conv_gmem0_m_axi_U/load_unit_0/fifo_rreq/U_fifo_srl/mem_reg[68][5]_srl32__0
INFO: [Physopt 32-662] Processed net fastvit_bd_i/worker_0/inst/conv_gmem0_m_axi_U/load_unit_0/fifo_rreq/U_fifo_srl/mem_reg[68][5]_srl32__0_n_1.  Did not re-place instance fastvit_bd_i/worker_0/inst/conv_gmem0_m_axi_U/load_unit_0/fifo_rreq/U_fifo_srl/mem_reg[68][5]_srl32__0
INFO: [Physopt 32-662] Processed net fastvit_bd_i/worker_0/inst/conv_gmem0_m_axi_U/load_unit_0/fifo_rreq/U_fifo_srl/mem_reg[68][5]_srl32_n_0.  Did not re-place instance fastvit_bd_i/worker_0/inst/conv_gmem0_m_axi_U/load_unit_0/fifo_rreq/U_fifo_srl/mem_reg[68][5]_srl32
INFO: [Physopt 32-662] Processed net fastvit_bd_i/worker_0/inst/conv_gmem0_m_axi_U/load_unit_0/fifo_rreq/U_fifo_srl/mem_reg[68][5]_srl32_n_1.  Did not re-place instance fastvit_bd_i/worker_0/inst/conv_gmem0_m_axi_U/load_unit_0/fifo_rreq/U_fifo_srl/mem_reg[68][5]_srl32
INFO: [Physopt 32-662] Processed net fastvit_bd_i/worker_0/inst/control_s_axi_U/gmem0_addr_reg_2284[30]_i_6_n_0.  Did not re-place instance fastvit_bd_i/worker_0/inst/control_s_axi_U/gmem0_addr_reg_2284[30]_i_6
INFO: [Physopt 32-662] Processed net fastvit_bd_i/worker_0/inst/conv_worker_U/grp_conv_worker_Pipeline_LOAD_IN_VITIS_LOOP_140_3_fu_393/ram_reg_0_63_0_0_i_11_n_0.  Did not re-place instance fastvit_bd_i/worker_0/inst/conv_worker_U/grp_conv_worker_Pipeline_LOAD_IN_VITIS_LOOP_140_3_fu_393/ram_reg_0_63_0_0_i_11
INFO: [Physopt 32-662] Processed net fastvit_bd_i/worker_0/inst/conv_worker_U/grp_conv_worker_Pipeline_LOAD_IN_VITIS_LOOP_140_3_fu_393/ap_enable_reg_pp0_iter9_repN.  Did not re-place instance fastvit_bd_i/worker_0/inst/conv_worker_U/grp_conv_worker_Pipeline_LOAD_IN_VITIS_LOOP_140_3_fu_393/ap_enable_reg_pp0_iter9_reg_replica
INFO: [Physopt 32-662] Processed net fastvit_bd_i/worker_0/inst/conv_worker_U/grp_conv_worker_Pipeline_LOAD_IN_VITIS_LOOP_140_3_fu_393/m_axi_gmem0_0_ARVALID8154_out.  Did not re-place instance fastvit_bd_i/worker_0/inst/conv_worker_U/grp_conv_worker_Pipeline_LOAD_IN_VITIS_LOOP_140_3_fu_393/mem_reg[68][0]_srl32_i_12
INFO: [Physopt 32-662] Processed net fastvit_bd_i/worker_0/inst/conv_worker_U/grp_conv_worker_Pipeline_LOAD_IN_VITIS_LOOP_140_3_fu_393/ap_enable_reg_pp0_iter2.  Did not re-place instance fastvit_bd_i/worker_0/inst/conv_worker_U/grp_conv_worker_Pipeline_LOAD_IN_VITIS_LOOP_140_3_fu_393/ap_enable_reg_pp0_iter2_reg
INFO: [Physopt 32-662] Processed net fastvit_bd_i/worker_0/inst/conv_worker_U/grp_conv_worker_Pipeline_LOAD_IN_VITIS_LOOP_140_3_fu_393/i_1/O_n_2.  Did not re-place instance fastvit_bd_i/worker_0/inst/conv_worker_U/grp_conv_worker_Pipeline_LOAD_IN_VITIS_LOOP_140_3_fu_393/i_1_LOPT_REMAP_2_rewire_rewire
INFO: [Physopt 32-662] Processed net fastvit_bd_i/worker_0/inst/conv_worker_U/grp_conv_worker_Pipeline_LOAD_IN_VITIS_LOOP_140_3_fu_393/data8[5].  Did not re-place instance fastvit_bd_i/worker_0/inst/conv_worker_U/grp_conv_worker_Pipeline_LOAD_IN_VITIS_LOOP_140_3_fu_393/trunc_ln150_reg_2438[5]_i_1
INFO: [Physopt 32-662] Processed net fastvit_bd_i/worker_0/inst/conv_worker_U/grp_conv_worker_Pipeline_LOAD_IN_VITIS_LOOP_140_3_fu_393/ram_reg_0_63_0_0_i_40_n_0.  Did not re-place instance fastvit_bd_i/worker_0/inst/conv_worker_U/grp_conv_worker_Pipeline_LOAD_IN_VITIS_LOOP_140_3_fu_393/ram_reg_0_63_0_0_i_40
INFO: [Physopt 32-662] Processed net fastvit_bd_i/worker_0/inst/conv_worker_U/grp_conv_worker_Pipeline_LOAD_IN_VITIS_LOOP_140_3_fu_393/zext_ln150_1_fu_1674_p1[3]_repN_1.  Did not re-place instance fastvit_bd_i/worker_0/inst/conv_worker_U/grp_conv_worker_Pipeline_LOAD_IN_VITIS_LOOP_140_3_fu_393/select_ln137_reg_2175_pp0_iter8_reg_reg[0]_srl8_srlopt_replica_1
INFO: [Physopt 32-662] Processed net fastvit_bd_i/worker_0/inst/conv_worker_U/grp_conv_worker_Pipeline_LOAD_IN_VITIS_LOOP_140_3_fu_393/ap_CS_fsm_reg[2]_0[53].  Did not re-place instance fastvit_bd_i/worker_0/inst/conv_worker_U/grp_conv_worker_Pipeline_LOAD_IN_VITIS_LOOP_140_3_fu_393/mem_reg[68][53]_srl32_i_1
INFO: [Physopt 32-662] Processed net fastvit_bd_i/worker_0/inst/conv_worker_U/grp_conv_worker_Pipeline_LOAD_IN_VITIS_LOOP_140_3_fu_393/mem_reg[68][53]_srl32_i_3_n_0.  Did not re-place instance fastvit_bd_i/worker_0/inst/conv_worker_U/grp_conv_worker_Pipeline_LOAD_IN_VITIS_LOOP_140_3_fu_393/mem_reg[68][53]_srl32_i_3
INFO: [Physopt 32-662] Processed net fastvit_bd_i/worker_0/inst/conv_gmem0_m_axi_U/load_unit_0/fifo_rreq/U_fifo_srl/mem_reg[68][53]_srl32_n_0.  Did not re-place instance fastvit_bd_i/worker_0/inst/conv_gmem0_m_axi_U/load_unit_0/fifo_rreq/U_fifo_srl/mem_reg[68][53]_srl32
INFO: [Physopt 32-662] Processed net fastvit_bd_i/worker_0/inst/conv_gmem0_m_axi_U/load_unit_0/fifo_rreq/U_fifo_srl/mem_reg[68][53]_srl32_n_1.  Did not re-place instance fastvit_bd_i/worker_0/inst/conv_gmem0_m_axi_U/load_unit_0/fifo_rreq/U_fifo_srl/mem_reg[68][53]_srl32
INFO: [Physopt 32-662] Processed net fastvit_bd_i/worker_0/inst/conv_worker_U/grp_conv_worker_Pipeline_LOAD_IN_VITIS_LOOP_140_3_fu_393/conv_g0_RREADY.  Did not re-place instance fastvit_bd_i/worker_0/inst/conv_worker_U/grp_conv_worker_Pipeline_LOAD_IN_VITIS_LOOP_140_3_fu_393/i_0_LOPT_REMAP_1
INFO: [Physopt 32-662] Processed net fastvit_bd_i/worker_0/inst/conv_gmem0_m_axi_U/load_unit_0/buff_rdata/U_fifo_mem/pop.  Did not re-place instance fastvit_bd_i/worker_0/inst/conv_gmem0_m_axi_U/load_unit_0/buff_rdata/U_fifo_mem/raddr_reg[9]_i_2
INFO: [Physopt 32-662] Processed net fastvit_bd_i/worker_0/inst/conv_worker_U/grp_conv_worker_Pipeline_LOAD_IN_VITIS_LOOP_140_3_fu_393/and_ln147_5_reg_2243[0]_i_5_n_0.  Did not re-place instance fastvit_bd_i/worker_0/inst/conv_worker_U/grp_conv_worker_Pipeline_LOAD_IN_VITIS_LOOP_140_3_fu_393/and_ln147_5_reg_2243[0]_i_5
INFO: [Physopt 32-662] Processed net fastvit_bd_i/worker_0/inst/conv_worker_U/grp_conv_worker_Pipeline_LOAD_IN_VITIS_LOOP_140_3_fu_393/ap_CS_fsm[7]_i_2_n_0.  Did not re-place instance fastvit_bd_i/worker_0/inst/conv_worker_U/grp_conv_worker_Pipeline_LOAD_IN_VITIS_LOOP_140_3_fu_393/ap_CS_fsm[7]_i_2
INFO: [Physopt 32-662] Processed net fastvit_bd_i/worker_0/inst/conv_worker_U/grp_conv_worker_Pipeline_LOAD_IN_VITIS_LOOP_140_3_fu_393/i_5/O_n.  Did not re-place instance fastvit_bd_i/worker_0/inst/conv_worker_U/grp_conv_worker_Pipeline_LOAD_IN_VITIS_LOOP_140_3_fu_393/i_5_LOPT_REMAP
INFO: [Physopt 32-662] Processed net fastvit_bd_i/worker_0/inst/ctrl_s_axi_U/Tn_loops_fu_771_p3[30].  Did not re-place instance fastvit_bd_i/worker_0/inst/ctrl_s_axi_U/Tn_loops_reg_1747[30]_i_1
INFO: [Physopt 32-662] Processed net fastvit_bd_i/worker_0/inst/conv_worker_U/Tn_loops_reg_1747_reg_n_0_[30].  Did not re-place instance fastvit_bd_i/worker_0/inst/conv_worker_U/Tn_loops_reg_1747_reg[30]
INFO: [Physopt 32-662] Processed net fastvit_bd_i/worker_0/inst/conv_worker_U/grp_conv_worker_Pipeline_LOAD_IN_VITIS_LOOP_140_3_fu_393/row_base_reg_2271[1].  Did not re-place instance fastvit_bd_i/worker_0/inst/conv_worker_U/grp_conv_worker_Pipeline_LOAD_IN_VITIS_LOOP_140_3_fu_393/row_base_reg_2271_reg[1]
INFO: [Physopt 32-662] Processed net fastvit_bd_i/worker_0/inst/conv_worker_U/grp_conv_worker_Pipeline_LOAD_IN_VITIS_LOOP_140_3_fu_393/ram_reg_0_63_0_0_i_63_n_0.  Did not re-place instance fastvit_bd_i/worker_0/inst/conv_worker_U/grp_conv_worker_Pipeline_LOAD_IN_VITIS_LOOP_140_3_fu_393/ram_reg_0_63_0_0_i_63
INFO: [Physopt 32-662] Processed net fastvit_bd_i/worker_0/inst/conv_worker_U/grp_conv_worker_Pipeline_LOAD_IN_VITIS_LOOP_140_3_fu_393/trunc_ln34_reg_2290[2]__0_i_4_n_0.  Did not re-place instance fastvit_bd_i/worker_0/inst/conv_worker_U/grp_conv_worker_Pipeline_LOAD_IN_VITIS_LOOP_140_3_fu_393/trunc_ln34_reg_2290[2]__0_i_4
INFO: [Physopt 32-662] Processed net fastvit_bd_i/worker_0/inst/conv_worker_U/ap_CS_fsm[63]_i_35_n_0.  Did not re-place instance fastvit_bd_i/worker_0/inst/conv_worker_U/ap_CS_fsm[63]_i_35
INFO: [Physopt 32-662] Processed net fastvit_bd_i/worker_0/inst/conv_worker_U/grp_conv_worker_Pipeline_LOAD_IN_VITIS_LOOP_140_3_fu_393/gmem0_addr_reg_2284[22]_i_8_n_0.  Did not re-place instance fastvit_bd_i/worker_0/inst/conv_worker_U/grp_conv_worker_Pipeline_LOAD_IN_VITIS_LOOP_140_3_fu_393/gmem0_addr_reg_2284[22]_i_8
INFO: [Physopt 32-662] Processed net fastvit_bd_i/sc_main/inst/s02_entry_pipeline/s02_mmu/inst/ar_sreg/gen_endpoint.r_trigger_decerr.  Did not re-place instance fastvit_bd_i/sc_main/inst/s02_entry_pipeline/s02_mmu/inst/ar_sreg/i_0_LOPT_REMAP
INFO: [Physopt 32-662] Processed net fastvit_bd_i/worker_0/inst/conv_worker_U/grp_conv_worker_Pipeline_INIT_OUT_VITIS_LOOP_122_1_fu_368/ap_CS_fsm_reg[69].  Did not re-place instance fastvit_bd_i/worker_0/inst/conv_worker_U/grp_conv_worker_Pipeline_INIT_OUT_VITIS_LOOP_122_1_fu_368/ram_reg_0_3_0_0_i_6
INFO: [Physopt 32-662] Processed net fastvit_bd_i/worker_0/inst/conv_worker_U/p_ZL6wt_buf_0_0_U/ram_reg_1[0].  Did not re-place instance fastvit_bd_i/worker_0/inst/conv_worker_U/p_ZL6wt_buf_0_0_U/m__32_carry__1_i_2
INFO: [Physopt 32-662] Processed net fastvit_bd_i/sc_main/inst/s02_entry_pipeline/s02_mmu/inst/ar_sreg/state_reg[s_ready_i]_1.  Did not re-place instance fastvit_bd_i/sc_main/inst/s02_entry_pipeline/s02_mmu/inst/ar_sreg/gen_endpoint.r_cnt[4]_i_3
INFO: [Physopt 32-662] Processed net fastvit_bd_i/worker_0/inst/conv_worker_U/grp_conv_worker_Pipeline_COMPUTE_KH_COMPUTE_KW_COMPUTE_TR_COMPUTE_TC_fu_466/mac_muladd_8s_4s_32s_32_4_1_U2090/fastvit_ip_mac_muladd_8s_4s_32s_32_4_1_DSP48_0_U/m__0_carry__0_i_5_n_0.  Did not re-place instance fastvit_bd_i/worker_0/inst/conv_worker_U/grp_conv_worker_Pipeline_COMPUTE_KH_COMPUTE_KW_COMPUTE_TR_COMPUTE_TC_fu_466/mac_muladd_8s_4s_32s_32_4_1_U2090/fastvit_ip_mac_muladd_8s_4s_32s_32_4_1_DSP48_0_U/m__0_carry__0_i_5
INFO: [Physopt 32-662] Processed net fastvit_bd_i/worker_0/inst/conv_worker_U/grp_conv_worker_Pipeline_LOAD_IN_VITIS_LOOP_140_3_fu_393/ram_reg_0_63_0_0_i_27_n_0.  Did not re-place instance fastvit_bd_i/worker_0/inst/conv_worker_U/grp_conv_worker_Pipeline_LOAD_IN_VITIS_LOOP_140_3_fu_393/ram_reg_0_63_0_0_i_27
INFO: [Physopt 32-662] Processed net fastvit_bd_i/worker_0/inst/conv_worker_U/p_ZL6wt_buf_0_0_U/ram_reg_2[0].  Did not re-place instance fastvit_bd_i/worker_0/inst/conv_worker_U/p_ZL6wt_buf_0_0_U/m__32_carry__1_i_5
INFO: [Physopt 32-662] Processed net fastvit_bd_i/worker_0/inst/conv_worker_U/grp_conv_worker_Pipeline_COMPUTE_KH_COMPUTE_KW_COMPUTE_TR_COMPUTE_TC_fu_466/mac_muladd_8s_4s_32s_32_4_1_U2090/fastvit_ip_mac_muladd_8s_4s_32s_32_4_1_DSP48_0_U/m_reg[13].  Did not re-place instance fastvit_bd_i/worker_0/inst/conv_worker_U/grp_conv_worker_Pipeline_COMPUTE_KH_COMPUTE_KW_COMPUTE_TR_COMPUTE_TC_fu_466/mac_muladd_8s_4s_32s_32_4_1_U2090/fastvit_ip_mac_muladd_8s_4s_32s_32_4_1_DSP48_0_U/m_reg_reg[13]
INFO: [Physopt 32-662] Processed net fastvit_bd_i/sc_main/inst/m00_exit_pipeline/m00_exit/inst/splitter_inst/gen_axi3.splitter_inst/ar_cmd_reg/s_axi_arready.  Did not re-place instance fastvit_bd_i/sc_main/inst/m00_exit_pipeline/m00_exit/inst/splitter_inst/gen_axi3.splitter_inst/ar_cmd_reg/s_axi_arready_INST_0
INFO: [Physopt 32-662] Processed net fastvit_bd_i/sc_main/inst/m00_nodes/m00_ar_node/inst/inst_mi_handler/gen_normal_area.inst_fifo_node_payld/gen_xpm_memory_fifo.inst_fifo/gen_wr.inst_wr_addra_p1/gen_rd.fifo_empty_r_i_2__0_n_0.  Did not re-place instance fastvit_bd_i/sc_main/inst/m00_nodes/m00_ar_node/inst/inst_mi_handler/gen_normal_area.inst_fifo_node_payld/gen_xpm_memory_fifo.inst_fifo/gen_wr.inst_wr_addra_p1/i_0_LOPT_REMAP
INFO: [Physopt 32-662] Processed net fastvit_bd_i/sc_main/inst/m00_nodes/m00_ar_node/inst/inst_mi_handler/gen_normal_area.inst_fifo_node_payld/gen_xpm_memory_fifo.inst_fifo/gen_wr.inst_wr_addra_p1/gen_rd.fifo_empty_r_i_5__0_n_0.  Did not re-place instance fastvit_bd_i/sc_main/inst/m00_nodes/m00_ar_node/inst/inst_mi_handler/gen_normal_area.inst_fifo_node_payld/gen_xpm_memory_fifo.inst_fifo/gen_wr.inst_wr_addra_p1/gen_rd.fifo_empty_r_i_5__0
INFO: [Physopt 32-662] Processed net fastvit_bd_i/sc_main/inst/m00_nodes/m00_ar_node/inst/inst_mi_handler/gen_normal_area.inst_fifo_node_payld/gen_xpm_memory_fifo.inst_fifo/gen_wr.inst_wr_addra_p1/i_5/O_n.  Did not re-place instance fastvit_bd_i/sc_main/inst/m00_nodes/m00_ar_node/inst/inst_mi_handler/gen_normal_area.inst_fifo_node_payld/gen_xpm_memory_fifo.inst_fifo/gen_wr.inst_wr_addra_p1/i_5_LOPT_REMAP
INFO: [Physopt 32-662] Processed net fastvit_bd_i/worker_0/inst/ctrl_s_axi_U/int_stride_w0[22].  Did not re-place instance fastvit_bd_i/worker_0/inst/ctrl_s_axi_U/int_stride_w[22]_i_1
INFO: [Physopt 32-662] Processed net fastvit_bd_i/worker_0/inst/conv_worker_U/grp_conv_worker_Pipeline_VITIS_LOOP_215_8_fu_500/ap_enable_reg_pp0_iter78.  Did not re-place instance fastvit_bd_i/worker_0/inst/conv_worker_U/grp_conv_worker_Pipeline_VITIS_LOOP_215_8_fu_500/ap_enable_reg_pp0_iter78_reg
INFO: [Physopt 32-662] Processed net fastvit_bd_i/worker_0/inst/conv_worker_U/grp_conv_worker_Pipeline_LOAD_IN_VITIS_LOOP_140_3_fu_393/m_axi_gmem0_0_ARVALID5.  Did not re-place instance fastvit_bd_i/worker_0/inst/conv_worker_U/grp_conv_worker_Pipeline_LOAD_IN_VITIS_LOOP_140_3_fu_393/mem_reg[68][0]_srl32_i_6_rewire
INFO: [Physopt 32-662] Processed net fastvit_bd_i/worker_0/inst/conv_gmem0_m_axi_U/load_unit_0/fifo_rreq/U_fifo_srl/mem_reg[68][43]_srl32__0_n_0.  Did not re-place instance fastvit_bd_i/worker_0/inst/conv_gmem0_m_axi_U/load_unit_0/fifo_rreq/U_fifo_srl/mem_reg[68][43]_srl32__0
INFO: [Physopt 32-662] Processed net fastvit_bd_i/worker_0/inst/conv_gmem0_m_axi_U/load_unit_0/fifo_rreq/U_fifo_srl/mem_reg[68][43]_srl32__0_n_1.  Did not re-place instance fastvit_bd_i/worker_0/inst/conv_gmem0_m_axi_U/load_unit_0/fifo_rreq/U_fifo_srl/mem_reg[68][43]_srl32__0
INFO: [Physopt 32-662] Processed net fastvit_bd_i/worker_0/inst/conv_gmem0_m_axi_U/load_unit_0/fifo_rreq/U_fifo_srl/mem_reg[68][43]_srl32_n_0.  Did not re-place instance fastvit_bd_i/worker_0/inst/conv_gmem0_m_axi_U/load_unit_0/fifo_rreq/U_fifo_srl/mem_reg[68][43]_srl32
INFO: [Physopt 32-662] Processed net fastvit_bd_i/worker_0/inst/conv_gmem0_m_axi_U/load_unit_0/fifo_rreq/U_fifo_srl/mem_reg[68][43]_srl32_n_1.  Did not re-place instance fastvit_bd_i/worker_0/inst/conv_gmem0_m_axi_U/load_unit_0/fifo_rreq/U_fifo_srl/mem_reg[68][43]_srl32
INFO: [Physopt 32-662] Processed net fastvit_bd_i/worker_0/inst/conv_worker_U/grp_conv_worker_Pipeline_LOAD_IN_VITIS_LOOP_140_3_fu_393/p_114_in.  Did not re-place instance fastvit_bd_i/worker_0/inst/conv_worker_U/grp_conv_worker_Pipeline_LOAD_IN_VITIS_LOOP_140_3_fu_393/ap_phi_reg_pp0_iter9_storemerge178_reg_777[3]_i_4
INFO: [Physopt 32-662] Processed net fastvit_bd_i/worker_0/inst/conv_gmem0_m_axi_U/load_unit_0/fifo_rreq/raddr_reg[3]_rep_n_0.  Did not re-place instance fastvit_bd_i/worker_0/inst/conv_gmem0_m_axi_U/load_unit_0/fifo_rreq/raddr_reg[3]_rep
INFO: [Physopt 32-662] Processed net fastvit_bd_i/worker_0/inst/conv_worker_U/grp_conv_worker_Pipeline_COMPUTE_KH_COMPUTE_KW_COMPUTE_TR_COMPUTE_TC_fu_466/mac_muladd_8s_4s_32s_32_4_1_U2091/fastvit_ip_mac_muladd_8s_4s_32s_32_4_1_DSP48_0_U/m_reg_reg_n_0_[12].  Did not re-place instance fastvit_bd_i/worker_0/inst/conv_worker_U/grp_conv_worker_Pipeline_COMPUTE_KH_COMPUTE_KW_COMPUTE_TR_COMPUTE_TC_fu_466/mac_muladd_8s_4s_32s_32_4_1_U2091/fastvit_ip_mac_muladd_8s_4s_32s_32_4_1_DSP48_0_U/m_reg_reg[12]
INFO: [Physopt 32-662] Processed net fastvit_bd_i/worker_0/inst/conv_worker_U/grp_conv_worker_Pipeline_COMPUTE_KH_COMPUTE_KW_COMPUTE_TR_COMPUTE_TC_fu_466/p_ZL6in_buf_1_address0[1].  Did not re-place instance fastvit_bd_i/worker_0/inst/conv_worker_U/grp_conv_worker_Pipeline_COMPUTE_KH_COMPUTE_KW_COMPUTE_TR_COMPUTE_TC_fu_466/ram_reg_0_63_0_0_i_3
INFO: [Physopt 32-662] Processed net fastvit_bd_i/worker_0/inst/conv_worker_U/grp_conv_worker_Pipeline_LOAD_IN_VITIS_LOOP_140_3_fu_393/icmp_ln137_reg_2171_pp0_iter1_reg_reg_n_0_[0].  Did not re-place instance fastvit_bd_i/worker_0/inst/conv_worker_U/grp_conv_worker_Pipeline_LOAD_IN_VITIS_LOOP_140_3_fu_393/icmp_ln137_reg_2171_pp0_iter1_reg_reg[0]
INFO: [Physopt 32-662] Processed net fastvit_bd_i/worker_0/inst/conv_gmem0_m_axi_U/load_unit_0/fifo_rreq/U_fifo_srl/mem_reg[68][61]_srl32_n_0.  Did not re-place instance fastvit_bd_i/worker_0/inst/conv_gmem0_m_axi_U/load_unit_0/fifo_rreq/U_fifo_srl/mem_reg[68][61]_srl32
INFO: [Physopt 32-662] Processed net fastvit_bd_i/worker_0/inst/conv_gmem0_m_axi_U/load_unit_0/fifo_rreq/U_fifo_srl/mem_reg[68][61]_srl32_n_1.  Did not re-place instance fastvit_bd_i/worker_0/inst/conv_gmem0_m_axi_U/load_unit_0/fifo_rreq/U_fifo_srl/mem_reg[68][61]_srl32
INFO: [Physopt 32-662] Processed net fastvit_bd_i/worker_0/inst/conv_worker_U/grp_conv_worker_Pipeline_LOAD_IN_VITIS_LOOP_140_3_fu_393/trunc_ln34_reg_2290[2]__0_i_3_n_0.  Did not re-place instance fastvit_bd_i/worker_0/inst/conv_worker_U/grp_conv_worker_Pipeline_LOAD_IN_VITIS_LOOP_140_3_fu_393/trunc_ln34_reg_2290[2]__0_i_3
INFO: [Physopt 32-662] Processed net fastvit_bd_i/worker_0/inst/conv_gmem0_m_axi_U/load_unit_0/fifo_rreq/U_fifo_srl/mem_reg[68][46]_srl32__0_n_0.  Did not re-place instance fastvit_bd_i/worker_0/inst/conv_gmem0_m_axi_U/load_unit_0/fifo_rreq/U_fifo_srl/mem_reg[68][46]_srl32__0
INFO: [Physopt 32-662] Processed net fastvit_bd_i/worker_0/inst/conv_gmem0_m_axi_U/load_unit_0/fifo_rreq/U_fifo_srl/mem_reg[68][46]_srl32__0_n_1.  Did not re-place instance fastvit_bd_i/worker_0/inst/conv_gmem0_m_axi_U/load_unit_0/fifo_rreq/U_fifo_srl/mem_reg[68][46]_srl32__0
INFO: [Physopt 32-662] Processed net fastvit_bd_i/worker_0/inst/conv_gmem0_m_axi_U/load_unit_0/fifo_rreq/U_fifo_srl/mem_reg[68][46]_srl32_n_0.  Did not re-place instance fastvit_bd_i/worker_0/inst/conv_gmem0_m_axi_U/load_unit_0/fifo_rreq/U_fifo_srl/mem_reg[68][46]_srl32
INFO: [Physopt 32-662] Processed net fastvit_bd_i/worker_0/inst/conv_gmem0_m_axi_U/load_unit_0/fifo_rreq/U_fifo_srl/mem_reg[68][46]_srl32_n_1.  Did not re-place instance fastvit_bd_i/worker_0/inst/conv_gmem0_m_axi_U/load_unit_0/fifo_rreq/U_fifo_srl/mem_reg[68][46]_srl32
INFO: [Physopt 32-662] Processed net fastvit_bd_i/worker_0/inst/conv_gmem0_m_axi_U/load_unit_0/fifo_rreq/U_fifo_srl/mem_reg[68][41]_srl32__0_n_0.  Did not re-place instance fastvit_bd_i/worker_0/inst/conv_gmem0_m_axi_U/load_unit_0/fifo_rreq/U_fifo_srl/mem_reg[68][41]_srl32__0
INFO: [Physopt 32-662] Processed net fastvit_bd_i/worker_0/inst/conv_gmem0_m_axi_U/load_unit_0/fifo_rreq/U_fifo_srl/mem_reg[68][41]_srl32__0_n_1.  Did not re-place instance fastvit_bd_i/worker_0/inst/conv_gmem0_m_axi_U/load_unit_0/fifo_rreq/U_fifo_srl/mem_reg[68][41]_srl32__0
INFO: [Physopt 32-662] Processed net fastvit_bd_i/worker_0/inst/conv_gmem0_m_axi_U/load_unit_0/fifo_rreq/U_fifo_srl/mem_reg[68][41]_srl32_n_0.  Did not re-place instance fastvit_bd_i/worker_0/inst/conv_gmem0_m_axi_U/load_unit_0/fifo_rreq/U_fifo_srl/mem_reg[68][41]_srl32
INFO: [Physopt 32-662] Processed net fastvit_bd_i/worker_0/inst/conv_gmem0_m_axi_U/load_unit_0/fifo_rreq/U_fifo_srl/mem_reg[68][41]_srl32_n_1.  Did not re-place instance fastvit_bd_i/worker_0/inst/conv_gmem0_m_axi_U/load_unit_0/fifo_rreq/U_fifo_srl/mem_reg[68][41]_srl32
INFO: [Physopt 32-662] Processed net fastvit_bd_i/worker_0/inst/conv_gmem0_m_axi_U/load_unit_0/fifo_rreq/U_fifo_srl/mem_reg[68][35]_srl32__1_n_0.  Did not re-place instance fastvit_bd_i/worker_0/inst/conv_gmem0_m_axi_U/load_unit_0/fifo_rreq/U_fifo_srl/mem_reg[68][35]_srl32__1
INFO: [Physopt 32-662] Processed net fastvit_bd_i/worker_0/inst/conv_worker_U/grp_conv_worker_Pipeline_LOAD_IN_VITIS_LOOP_140_3_fu_393/row_base_reg_2271[0].  Did not re-place instance fastvit_bd_i/worker_0/inst/conv_worker_U/grp_conv_worker_Pipeline_LOAD_IN_VITIS_LOOP_140_3_fu_393/row_base_reg_2271_reg[0]
INFO: [Physopt 32-662] Processed net fastvit_bd_i/worker_0/inst/conv_worker_U/grp_conv_worker_Pipeline_LOAD_IN_VITIS_LOOP_140_3_fu_393/trunc_ln34_reg_2290[2]__0_i_5_n_0.  Did not re-place instance fastvit_bd_i/worker_0/inst/conv_worker_U/grp_conv_worker_Pipeline_LOAD_IN_VITIS_LOOP_140_3_fu_393/trunc_ln34_reg_2290[2]__0_i_5
INFO: [Physopt 32-662] Processed net fastvit_bd_i/sc_main/inst/s02_entry_pipeline/s02_mmu/inst/ar_sreg/i_7/O_n.  Did not re-place instance fastvit_bd_i/sc_main/inst/s02_entry_pipeline/s02_mmu/inst/ar_sreg/i_7_LOPT_REMAP
INFO: [Physopt 32-662] Processed net fastvit_bd_i/worker_0/inst/conv_worker_U/grp_conv_worker_Pipeline_LOAD_IN_VITIS_LOOP_140_3_fu_393/m_axi_gmem0_0_ARVALID2.  Did not re-place instance fastvit_bd_i/worker_0/inst/conv_worker_U/grp_conv_worker_Pipeline_LOAD_IN_VITIS_LOOP_140_3_fu_393/mem_reg[68][0]_srl32_i_11
INFO: [Physopt 32-662] Processed net fastvit_bd_i/worker_0/inst/conv_worker_U/grp_conv_worker_Pipeline_LOAD_IN_VITIS_LOOP_140_3_fu_393/ap_CS_fsm_pp0_stage5_repN_1.  Did not re-place instance fastvit_bd_i/worker_0/inst/conv_worker_U/grp_conv_worker_Pipeline_LOAD_IN_VITIS_LOOP_140_3_fu_393/ap_CS_fsm_reg[5]_replica_1
INFO: [Physopt 32-662] Processed net fastvit_bd_i/worker_0/inst/conv_worker_U/grp_conv_worker_Pipeline_LOAD_IN_VITIS_LOOP_140_3_fu_393/ram_reg_0_15_0_0_i_13_n_0.  Did not re-place instance fastvit_bd_i/worker_0/inst/conv_worker_U/grp_conv_worker_Pipeline_LOAD_IN_VITIS_LOOP_140_3_fu_393/ram_reg_0_15_0_0_i_13
INFO: [Physopt 32-662] Processed net fastvit_bd_i/worker_0/inst/conv_worker_U/grp_conv_worker_Pipeline_LOAD_IN_VITIS_LOOP_140_3_fu_393/ram_reg_0_15_0_0_i_4_n_0.  Did not re-place instance fastvit_bd_i/worker_0/inst/conv_worker_U/grp_conv_worker_Pipeline_LOAD_IN_VITIS_LOOP_140_3_fu_393/ram_reg_0_15_0_0_i_4
INFO: [Physopt 32-662] Processed net fastvit_bd_i/worker_0/inst/conv_worker_U/grp_conv_worker_Pipeline_LOAD_IN_VITIS_LOOP_140_3_fu_393/ram_reg_0_15_0_0_i_9_n_0.  Did not re-place instance fastvit_bd_i/worker_0/inst/conv_worker_U/grp_conv_worker_Pipeline_LOAD_IN_VITIS_LOOP_140_3_fu_393/ram_reg_0_15_0_0_i_9
INFO: [Physopt 32-662] Processed net fastvit_bd_i/worker_0/inst/conv_worker_U/grp_conv_worker_Pipeline_LOAD_IN_VITIS_LOOP_140_3_fu_393/zext_ln150_1_fu_1674_p1[4].  Did not re-place instance fastvit_bd_i/worker_0/inst/conv_worker_U/grp_conv_worker_Pipeline_LOAD_IN_VITIS_LOOP_140_3_fu_393/select_ln137_reg_2175_pp0_iter9_reg_reg[1]__0
INFO: [Physopt 32-662] Processed net fastvit_bd_i/worker_0/inst/conv_worker_U/grp_conv_worker_Pipeline_LOAD_IN_VITIS_LOOP_140_3_fu_393/ap_CS_fsm_pp0_stage3.  Did not re-place instance fastvit_bd_i/worker_0/inst/conv_worker_U/grp_conv_worker_Pipeline_LOAD_IN_VITIS_LOOP_140_3_fu_393/ap_CS_fsm_reg[3]
INFO: [Physopt 32-662] Processed net fastvit_bd_i/worker_0/inst/conv_worker_U/mul_32s_32s_32_5_1_U2135/buff1_reg_i_3_n_0.  Did not re-place instance fastvit_bd_i/worker_0/inst/conv_worker_U/mul_32s_32s_32_5_1_U2135/buff1_reg_i_3
INFO: [Physopt 32-662] Processed net fastvit_bd_i/worker_0/inst/conv_gmem0_m_axi_U/load_unit_0/fifo_rreq/U_fifo_srl/mem_reg[68][18]_srl32__1_n_0.  Did not re-place instance fastvit_bd_i/worker_0/inst/conv_gmem0_m_axi_U/load_unit_0/fifo_rreq/U_fifo_srl/mem_reg[68][18]_srl32__1
INFO: [Physopt 32-662] Processed net fastvit_bd_i/worker_0/inst/conv_gmem0_m_axi_U/load_unit_0/fifo_rreq/U_fifo_srl/mem_reg[68][53]_srl32__0_n_0.  Did not re-place instance fastvit_bd_i/worker_0/inst/conv_gmem0_m_axi_U/load_unit_0/fifo_rreq/U_fifo_srl/mem_reg[68][53]_srl32__0
INFO: [Physopt 32-662] Processed net fastvit_bd_i/worker_0/inst/conv_gmem0_m_axi_U/load_unit_0/fifo_rreq/U_fifo_srl/mem_reg[68][53]_srl32__0_n_1.  Did not re-place instance fastvit_bd_i/worker_0/inst/conv_gmem0_m_axi_U/load_unit_0/fifo_rreq/U_fifo_srl/mem_reg[68][53]_srl32__0
INFO: [Physopt 32-662] Processed net fastvit_bd_i/worker_0/inst/conv_gmem0_m_axi_U/load_unit_0/fifo_rreq/U_fifo_srl/mem_reg[68][60]_srl32__1_n_0.  Did not re-place instance fastvit_bd_i/worker_0/inst/conv_gmem0_m_axi_U/load_unit_0/fifo_rreq/U_fifo_srl/mem_reg[68][60]_srl32__1
INFO: [Physopt 32-662] Processed net fastvit_bd_i/worker_0/inst/conv_worker_U/grp_conv_worker_Pipeline_COMPUTE_KH_COMPUTE_KW_COMPUTE_TR_COMPUTE_TC_fu_466/p_ZL6in_buf_1_address0[0].  Did not re-place instance fastvit_bd_i/worker_0/inst/conv_worker_U/grp_conv_worker_Pipeline_COMPUTE_KH_COMPUTE_KW_COMPUTE_TR_COMPUTE_TC_fu_466/ram_reg_0_63_0_0_i_2_rewire
INFO: [Physopt 32-662] Processed net fastvit_bd_i/worker_0/inst/conv_worker_U/grp_conv_worker_Pipeline_LOAD_IN_VITIS_LOOP_140_3_fu_393/ram_reg_0_63_0_0_i_34_n_0.  Did not re-place instance fastvit_bd_i/worker_0/inst/conv_worker_U/grp_conv_worker_Pipeline_LOAD_IN_VITIS_LOOP_140_3_fu_393/ram_reg_0_63_0_0_i_34
INFO: [Physopt 32-662] Processed net fastvit_bd_i/worker_0/inst/conv_worker_U/grp_conv_worker_Pipeline_LOAD_IN_VITIS_LOOP_140_3_fu_393/ram_reg_0_63_0_0_i_49_n_0.  Did not re-place instance fastvit_bd_i/worker_0/inst/conv_worker_U/grp_conv_worker_Pipeline_LOAD_IN_VITIS_LOOP_140_3_fu_393/ram_reg_0_63_0_0_i_49
INFO: [Physopt 32-662] Processed net fastvit_bd_i/worker_0/inst/conv_worker_U/grp_conv_worker_Pipeline_LOAD_IN_VITIS_LOOP_140_3_fu_393/p_ZL6in_buf_0_address0_local1.  Did not re-place instance fastvit_bd_i/worker_0/inst/conv_worker_U/grp_conv_worker_Pipeline_LOAD_IN_VITIS_LOOP_140_3_fu_393/q0[3]_i_8
INFO: [Physopt 32-662] Processed net fastvit_bd_i/worker_0/inst/conv_worker_U/grp_conv_worker_Pipeline_LOAD_IN_VITIS_LOOP_140_3_fu_393/zext_ln150_1_fu_1674_p1[6].  Did not re-place instance fastvit_bd_i/worker_0/inst/conv_worker_U/grp_conv_worker_Pipeline_LOAD_IN_VITIS_LOOP_140_3_fu_393/select_ln137_reg_2175_pp0_iter9_reg_reg[3]__0
INFO: [Physopt 32-662] Processed net fastvit_bd_i/worker_0/inst/conv_gmem0_m_axi_U/load_unit_0/buff_rdata/U_fifo_mem/raddr_reg[8]_i_3_n_0.  Did not re-place instance fastvit_bd_i/worker_0/inst/conv_gmem0_m_axi_U/load_unit_0/buff_rdata/U_fifo_mem/raddr_reg[8]_i_3
INFO: [Physopt 32-662] Processed net fastvit_bd_i/sc_main/inst/s02_entry_pipeline/s02_mmu/inst/gen_endpoint.r_cnt_reg[1].  Did not re-place instance fastvit_bd_i/sc_main/inst/s02_entry_pipeline/s02_mmu/inst/gen_endpoint.r_cnt_reg[1]
INFO: [Physopt 32-662] Processed net fastvit_bd_i/sc_main/inst/s02_entry_pipeline/s02_mmu/inst/gen_endpoint.r_cnt_reg[2].  Did not re-place instance fastvit_bd_i/sc_main/inst/s02_entry_pipeline/s02_mmu/inst/gen_endpoint.r_cnt_reg[2]
INFO: [Physopt 32-662] Processed net fastvit_bd_i/sc_main/inst/s02_entry_pipeline/s02_mmu/inst/gen_endpoint.r_cnt_reg[3].  Did not re-place instance fastvit_bd_i/sc_main/inst/s02_entry_pipeline/s02_mmu/inst/gen_endpoint.r_cnt_reg[3]
INFO: [Physopt 32-662] Processed net fastvit_bd_i/sc_main/inst/s02_entry_pipeline/s02_mmu/inst/gen_endpoint.r_cnt_reg[4].  Did not re-place instance fastvit_bd_i/sc_main/inst/s02_entry_pipeline/s02_mmu/inst/gen_endpoint.r_cnt_reg[4]
INFO: [Physopt 32-662] Processed net fastvit_bd_i/worker_0/inst/conv_gmem0_m_axi_U/load_unit_0/fifo_rreq/U_fifo_srl/mem_reg[68][2]_srl32_n_0.  Did not re-place instance fastvit_bd_i/worker_0/inst/conv_gmem0_m_axi_U/load_unit_0/fifo_rreq/U_fifo_srl/mem_reg[68][2]_srl32
INFO: [Physopt 32-662] Processed net fastvit_bd_i/worker_0/inst/conv_gmem0_m_axi_U/load_unit_0/fifo_rreq/U_fifo_srl/mem_reg[68][2]_srl32_n_1.  Did not re-place instance fastvit_bd_i/worker_0/inst/conv_gmem0_m_axi_U/load_unit_0/fifo_rreq/U_fifo_srl/mem_reg[68][2]_srl32
INFO: [Physopt 32-662] Processed net fastvit_bd_i/worker_0/inst/conv_worker_U/grp_conv_worker_Pipeline_COMPUTE_KH_COMPUTE_KW_COMPUTE_TR_COMPUTE_TC_fu_466/mac_muladd_8s_4s_32s_32_4_1_U2092/fastvit_ip_mac_muladd_8s_4s_32s_32_4_1_DSP48_0_U/ram_reg[0].  Did not re-place instance fastvit_bd_i/worker_0/inst/conv_worker_U/grp_conv_worker_Pipeline_COMPUTE_KH_COMPUTE_KW_COMPUTE_TR_COMPUTE_TC_fu_466/mac_muladd_8s_4s_32s_32_4_1_U2092/fastvit_ip_mac_muladd_8s_4s_32s_32_4_1_DSP48_0_U/m__32_carry__1_i_3__2
INFO: [Physopt 32-662] Processed net fastvit_bd_i/worker_0/inst/conv_worker_U/grp_conv_worker_Pipeline_COMPUTE_KH_COMPUTE_KW_COMPUTE_TR_COMPUTE_TC_fu_466/mac_muladd_8s_4s_32s_32_4_1_U2092/fastvit_ip_mac_muladd_8s_4s_32s_32_4_1_DSP48_0_U/b_reg_reg[1]_1[2].  Did not re-place instance fastvit_bd_i/worker_0/inst/conv_worker_U/grp_conv_worker_Pipeline_COMPUTE_KH_COMPUTE_KW_COMPUTE_TR_COMPUTE_TC_fu_466/mac_muladd_8s_4s_32s_32_4_1_U2092/fastvit_ip_mac_muladd_8s_4s_32s_32_4_1_DSP48_0_U/m__0_carry__0_i_6__2
INFO: [Physopt 32-662] Processed net fastvit_bd_i/worker_0/inst/conv_worker_U/grp_conv_worker_Pipeline_COMPUTE_KH_COMPUTE_KW_COMPUTE_TR_COMPUTE_TC_fu_466/mac_muladd_8s_4s_32s_32_4_1_U2093/fastvit_ip_mac_muladd_8s_4s_32s_32_4_1_DSP48_0_U/Q[13].  Did not re-place instance fastvit_bd_i/worker_0/inst/conv_worker_U/grp_conv_worker_Pipeline_COMPUTE_KH_COMPUTE_KW_COMPUTE_TR_COMPUTE_TC_fu_466/mac_muladd_8s_4s_32s_32_4_1_U2093/fastvit_ip_mac_muladd_8s_4s_32s_32_4_1_DSP48_0_U/m_reg_reg[13]
INFO: [Physopt 32-661] Optimized 57 nets.  Re-placed 57 instances.
INFO: [Physopt 32-775] End 1 Pass. Optimized 57 nets or cells. Created 0 new cell, deleted 0 existing cell and moved 57 existing cells
INFO: [Physopt 32-619] Estimated Timing Summary | WNS=-0.442 | TNS=-51.449 |
Netlist sorting complete. Time (s): cpu = 00:00:00 ; elapsed = 00:00:00.011 . Memory (MB): peak = 2539.672 ; gain = 0.000
Phase 15 Single Cell Placement Optimization | Checksum: 17ac2d34f

Time (s): cpu = 00:00:34 ; elapsed = 00:00:36 . Memory (MB): peak = 2539.672 ; gain = 16.164

Phase 16 Multi Cell Placement Optimization
INFO: [Physopt 32-660] Identified 100 candidate nets for placement-based optimization.
INFO: [Physopt 32-662] Processed net fastvit_bd_i/worker_0/inst/conv_worker_U/grp_conv_worker_Pipeline_LOAD_IN_VITIS_LOOP_140_3_fu_393/trunc_ln150_reg_2438[3].  Did not re-place instance fastvit_bd_i/worker_0/inst/conv_worker_U/grp_conv_worker_Pipeline_LOAD_IN_VITIS_LOOP_140_3_fu_393/trunc_ln150_reg_2438_reg[3]/Q
INFO: [Physopt 32-662] Processed net fastvit_bd_i/worker_0/inst/conv_worker_U/grp_conv_worker_Pipeline_LOAD_IN_VITIS_LOOP_140_3_fu_393/grp_conv_worker_Pipeline_LOAD_IN_VITIS_LOOP_140_3_fu_393_p_ZL6in_buf_0_address0[3].  Did not re-place instance fastvit_bd_i/worker_0/inst/conv_worker_U/grp_conv_worker_Pipeline_LOAD_IN_VITIS_LOOP_140_3_fu_393/ram_reg_0_63_0_0_i_18/O
INFO: [Physopt 32-662] Processed net fastvit_bd_i/worker_0/inst/conv_worker_U/grp_conv_worker_Pipeline_LOAD_IN_VITIS_LOOP_140_3_fu_393/ram_reg_0_63_0_0_i_33_n_0.  Did not re-place instance fastvit_bd_i/worker_0/inst/conv_worker_U/grp_conv_worker_Pipeline_LOAD_IN_VITIS_LOOP_140_3_fu_393/ram_reg_0_63_0_0_i_33/O
INFO: [Physopt 32-662] Processed net fastvit_bd_i/worker_0/inst/conv_worker_U/grp_conv_worker_Pipeline_LOAD_IN_VITIS_LOOP_140_3_fu_393/ram_reg_0_63_0_0_i_47_n_0.  Did not re-place instance fastvit_bd_i/worker_0/inst/conv_worker_U/grp_conv_worker_Pipeline_LOAD_IN_VITIS_LOOP_140_3_fu_393/ram_reg_0_63_0_0_i_47/O
INFO: [Physopt 32-662] Processed net fastvit_bd_i/worker_0/inst/conv_worker_U/p_ZL6in_buf_0_U/q00__7[0].  Did not re-place instance fastvit_bd_i/worker_0/inst/conv_worker_U/p_ZL6in_buf_0_U/q0[0]_i_1/O
INFO: [Physopt 32-662] Processed net fastvit_bd_i/worker_0/inst/conv_worker_U/p_ZL6in_buf_1_U/q00__8[3].  Did not re-place instance fastvit_bd_i/worker_0/inst/conv_worker_U/p_ZL6in_buf_1_U/q0[3]_i_2__0/O
INFO: [Physopt 32-662] Processed net fastvit_bd_i/worker_0/inst/conv_worker_U/p_ZL6in_buf_1_U/q00__8[2].  Did not re-place instance fastvit_bd_i/worker_0/inst/conv_worker_U/p_ZL6in_buf_1_U/q0[2]_i_1__0/O
INFO: [Physopt 32-662] Processed net fastvit_bd_i/worker_0/inst/conv_worker_U/p_ZL6in_buf_0_U/q00__7[1].  Did not re-place instance fastvit_bd_i/worker_0/inst/conv_worker_U/p_ZL6in_buf_0_U/q0[1]_i_1/O
INFO: [Physopt 32-662] Processed net fastvit_bd_i/worker_0/inst/conv_worker_U/p_ZL6in_buf_1_U/q00__8[1].  Did not re-place instance fastvit_bd_i/worker_0/inst/conv_worker_U/p_ZL6in_buf_1_U/q0[1]_i_1__0/O
INFO: [Physopt 32-662] Processed net fastvit_bd_i/worker_0/inst/conv_worker_U/grp_conv_worker_Pipeline_LOAD_IN_VITIS_LOOP_140_3_fu_393/ram_reg_0_63_0_0_i_26_n_0.  Did not re-place instance fastvit_bd_i/worker_0/inst/conv_worker_U/grp_conv_worker_Pipeline_LOAD_IN_VITIS_LOOP_140_3_fu_393/ram_reg_0_63_0_0_i_26/O
INFO: [Physopt 32-662] Processed net fastvit_bd_i/worker_0/inst/conv_worker_U/grp_conv_worker_Pipeline_LOAD_IN_VITIS_LOOP_140_3_fu_393/ap_CS_fsm_pp0_stage6.  Did not re-place instance fastvit_bd_i/worker_0/inst/conv_worker_U/grp_conv_worker_Pipeline_LOAD_IN_VITIS_LOOP_140_3_fu_393/ap_CS_fsm_reg[6]/Q
INFO: [Physopt 32-662] Processed net fastvit_bd_i/worker_0/inst/conv_worker_U/grp_conv_worker_Pipeline_LOAD_IN_VITIS_LOOP_140_3_fu_393/ram_reg_0_63_0_0_i_45_n_0.  Did not re-place instance fastvit_bd_i/worker_0/inst/conv_worker_U/grp_conv_worker_Pipeline_LOAD_IN_VITIS_LOOP_140_3_fu_393/ram_reg_0_63_0_0_i_45/O
INFO: [Physopt 32-662] Processed net fastvit_bd_i/worker_0/inst/conv_worker_U/p_ZL6in_buf_1_U/q00__8[0].  Did not re-place instance fastvit_bd_i/worker_0/inst/conv_worker_U/p_ZL6in_buf_1_U/q0[0]_i_1__0/O
INFO: [Physopt 32-662] Processed net fastvit_bd_i/worker_0/inst/conv_worker_U/grp_conv_worker_Pipeline_LOAD_IN_VITIS_LOOP_140_3_fu_393/zext_ln150_1_fu_1674_p1[3]_repN.  Did not re-place instance fastvit_bd_i/worker_0/inst/conv_worker_U/grp_conv_worker_Pipeline_LOAD_IN_VITIS_LOOP_140_3_fu_393/select_ln137_reg_2175_pp0_iter8_reg_reg[0]_srl8_srlopt_replica/Q
INFO: [Physopt 32-662] Processed net fastvit_bd_i/worker_0/inst/conv_worker_U/grp_conv_worker_Pipeline_LOAD_IN_VITIS_LOOP_140_3_fu_393/m_axi_gmem0_0_ARVALID8160_out.  Did not re-place instance fastvit_bd_i/worker_0/inst/conv_worker_U/grp_conv_worker_Pipeline_LOAD_IN_VITIS_LOOP_140_3_fu_393/mem_reg[68][0]_srl32_i_15/O
INFO: [Physopt 32-662] Processed net fastvit_bd_i/worker_0/inst/conv_gmem0_m_axi_U/load_unit_0/buff_rdata/dout_vld_reg_0.  Did not re-place instance fastvit_bd_i/worker_0/inst/conv_gmem0_m_axi_U/load_unit_0/buff_rdata/dout_vld_reg/Q
INFO: [Physopt 32-662] Processed net fastvit_bd_i/worker_0/inst/conv_worker_U/grp_conv_worker_Pipeline_LOAD_IN_VITIS_LOOP_140_3_fu_393/and_ln147_5_reg_2243[0]_i_3_n_0.  Did not re-place instance fastvit_bd_i/worker_0/inst/conv_worker_U/grp_conv_worker_Pipeline_LOAD_IN_VITIS_LOOP_140_3_fu_393/and_ln147_5_reg_2243[0]_i_3/O
INFO: [Physopt 32-662] Processed net fastvit_bd_i/worker_0/inst/conv_worker_U/grp_conv_worker_Pipeline_LOAD_IN_VITIS_LOOP_140_3_fu_393/and_ln147_5_reg_2243[0]_i_1_n_0.  Did not re-place instance fastvit_bd_i/worker_0/inst/conv_worker_U/grp_conv_worker_Pipeline_LOAD_IN_VITIS_LOOP_140_3_fu_393/and_ln147_5_reg_2243[0]_i_1/O
INFO: [Physopt 32-662] Processed net fastvit_bd_i/worker_0/inst/conv_worker_U/grp_conv_worker_Pipeline_LOAD_IN_VITIS_LOOP_140_3_fu_393/mem_reg[68][57]_srl32_i_3_n_0.  Did not re-place instance fastvit_bd_i/worker_0/inst/conv_worker_U/grp_conv_worker_Pipeline_LOAD_IN_VITIS_LOOP_140_3_fu_393/mem_reg[68][57]_srl32_i_3/O
INFO: [Physopt 32-662] Processed net fastvit_bd_i/worker_0/inst/conv_worker_U/grp_conv_worker_Pipeline_LOAD_IN_VITIS_LOOP_140_3_fu_393/conv_g0_ARVALID.  Did not re-place instance fastvit_bd_i/worker_0/inst/conv_worker_U/grp_conv_worker_Pipeline_LOAD_IN_VITIS_LOOP_140_3_fu_393/i_0_LOPT_REMAP_2/O
INFO: [Physopt 32-662] Processed net fastvit_bd_i/worker_0/inst/conv_worker_U/grp_conv_worker_Pipeline_LOAD_IN_VITIS_LOOP_140_3_fu_393/ap_CS_fsm_pp0_stage7.  Did not re-place instance fastvit_bd_i/worker_0/inst/conv_worker_U/grp_conv_worker_Pipeline_LOAD_IN_VITIS_LOOP_140_3_fu_393/ap_CS_fsm_reg[7]/Q
INFO: [Physopt 32-662] Processed net fastvit_bd_i/worker_0/inst/conv_worker_U/grp_conv_worker_Pipeline_LOAD_IN_VITIS_LOOP_140_3_fu_393/ap_CS_fsm_pp0_stage8.  Did not re-place instance fastvit_bd_i/worker_0/inst/conv_worker_U/grp_conv_worker_Pipeline_LOAD_IN_VITIS_LOOP_140_3_fu_393/ap_CS_fsm_reg[8]/Q
INFO: [Physopt 32-662] Processed net fastvit_bd_i/worker_0/inst/conv_worker_U/grp_conv_worker_Pipeline_LOAD_IN_VITIS_LOOP_140_3_fu_393/p_116_in.  Did not re-place instance fastvit_bd_i/worker_0/inst/conv_worker_U/grp_conv_worker_Pipeline_LOAD_IN_VITIS_LOOP_140_3_fu_393/ap_phi_reg_pp0_iter10_storemerge183_reg_842[3]_i_4/O
INFO: [Physopt 32-662] Processed net fastvit_bd_i/worker_0/inst/conv_worker_U/grp_conv_worker_Pipeline_LOAD_IN_VITIS_LOOP_140_3_fu_393/grp_conv_worker_Pipeline_LOAD_IN_VITIS_LOOP_140_3_fu_393_p_ZL6in_buf_0_address0[2].  Did not re-place instance fastvit_bd_i/worker_0/inst/conv_worker_U/grp_conv_worker_Pipeline_LOAD_IN_VITIS_LOOP_140_3_fu_393/ram_reg_0_63_0_0_i_17/O
INFO: [Physopt 32-662] Processed net fastvit_bd_i/worker_0/inst/conv_worker_U/grp_conv_worker_Pipeline_LOAD_IN_VITIS_LOOP_140_3_fu_393/ram_reg_0_63_0_0_i_30_n_0.  Did not re-place instance fastvit_bd_i/worker_0/inst/conv_worker_U/grp_conv_worker_Pipeline_LOAD_IN_VITIS_LOOP_140_3_fu_393/ram_reg_0_63_0_0_i_30/O
INFO: [Physopt 32-662] Processed net fastvit_bd_i/worker_0/inst/conv_worker_U/grp_conv_worker_Pipeline_LOAD_IN_VITIS_LOOP_140_3_fu_393/trunc_ln150_reg_2438[2]_repN.  Did not re-place instance fastvit_bd_i/worker_0/inst/conv_worker_U/grp_conv_worker_Pipeline_LOAD_IN_VITIS_LOOP_140_3_fu_393/trunc_ln150_reg_2438_reg[2]_replica/Q
INFO: [Physopt 32-662] Processed net fastvit_bd_i/worker_0/inst/conv_worker_U/grp_conv_worker_Pipeline_COMPUTE_KH_COMPUTE_KW_COMPUTE_TR_COMPUTE_TC_fu_466/mac_muladd_8s_4s_32s_32_4_1_U2090/fastvit_ip_mac_muladd_8s_4s_32s_32_4_1_DSP48_0_U/Q[2].  Did not re-place instance fastvit_bd_i/worker_0/inst/conv_worker_U/grp_conv_worker_Pipeline_COMPUTE_KH_COMPUTE_KW_COMPUTE_TR_COMPUTE_TC_fu_466/mac_muladd_8s_4s_32s_32_4_1_U2090/fastvit_ip_mac_muladd_8s_4s_32s_32_4_1_DSP48_0_U/b_reg_reg[2]/Q
INFO: [Physopt 32-662] Processed net fastvit_bd_i/worker_0/inst/conv_worker_U/grp_conv_worker_Pipeline_COMPUTE_KH_COMPUTE_KW_COMPUTE_TR_COMPUTE_TC_fu_466/mac_muladd_8s_4s_32s_32_4_1_U2090/fastvit_ip_mac_muladd_8s_4s_32s_32_4_1_DSP48_0_U/b_reg_reg[2]_0[1].  Did not re-place instance fastvit_bd_i/worker_0/inst/conv_worker_U/grp_conv_worker_Pipeline_COMPUTE_KH_COMPUTE_KW_COMPUTE_TR_COMPUTE_TC_fu_466/mac_muladd_8s_4s_32s_32_4_1_U2090/fastvit_ip_mac_muladd_8s_4s_32s_32_4_1_DSP48_0_U/m__0_carry__0_i_3__0/O
INFO: [Physopt 32-662] Processed net fastvit_bd_i/worker_0/inst/conv_worker_U/p_ZL6wt_buf_1_0_U/ram_reg_3[0].  Did not re-place instance fastvit_bd_i/worker_0/inst/conv_worker_U/p_ZL6wt_buf_1_0_U/m__32_carry__1_i_2__0/O
INFO: [Physopt 32-662] Processed net fastvit_bd_i/worker_0/inst/conv_worker_U/grp_conv_worker_Pipeline_LOAD_IN_VITIS_LOOP_140_3_fu_393/ram_reg_0_63_0_0_i_23_n_0.  Did not re-place instance fastvit_bd_i/worker_0/inst/conv_worker_U/grp_conv_worker_Pipeline_LOAD_IN_VITIS_LOOP_140_3_fu_393/ram_reg_0_63_0_0_i_23/O
INFO: [Physopt 32-662] Processed net fastvit_bd_i/worker_0/inst/conv_worker_U/grp_conv_worker_Pipeline_LOAD_IN_VITIS_LOOP_140_3_fu_393/ap_CS_fsm_reg_n_0_[0]_repN.  Did not re-place instance fastvit_bd_i/worker_0/inst/conv_worker_U/grp_conv_worker_Pipeline_LOAD_IN_VITIS_LOOP_140_3_fu_393/ap_CS_fsm_reg[0]_replica/Q
INFO: [Physopt 32-662] Processed net fastvit_bd_i/worker_0/inst/conv_worker_U/grp_conv_worker_Pipeline_LOAD_IN_VITIS_LOOP_140_3_fu_393/grp_conv_worker_Pipeline_LOAD_IN_VITIS_LOOP_140_3_fu_393_p_ZL6in_buf_0_address0[1].  Did not re-place instance fastvit_bd_i/worker_0/inst/conv_worker_U/grp_conv_worker_Pipeline_LOAD_IN_VITIS_LOOP_140_3_fu_393/ram_reg_0_63_0_0_i_16/O
INFO: [Physopt 32-662] Processed net fastvit_bd_i/worker_0/inst/conv_worker_U/p_ZL6in_buf_0_U/q00__7[3].  Did not re-place instance fastvit_bd_i/worker_0/inst/conv_worker_U/p_ZL6in_buf_0_U/q0[3]_i_2/O
INFO: [Physopt 32-662] Processed net fastvit_bd_i/worker_0/inst/conv_worker_U/p_ZL6in_buf_0_U/q00__7[2].  Did not re-place instance fastvit_bd_i/worker_0/inst/conv_worker_U/p_ZL6in_buf_0_U/q0[2]_i_1/O
INFO: [Physopt 32-662] Processed net fastvit_bd_i/worker_0/inst/conv_worker_U/grp_conv_worker_Pipeline_COMPUTE_KH_COMPUTE_KW_COMPUTE_TR_COMPUTE_TC_fu_466/p_ZL6in_buf_0_address0[0].  Did not re-place instance fastvit_bd_i/worker_0/inst/conv_worker_U/grp_conv_worker_Pipeline_COMPUTE_KH_COMPUTE_KW_COMPUTE_TR_COMPUTE_TC_fu_466/ram_reg_0_63_0_0_i_7__0/O
INFO: [Physopt 32-662] Processed net fastvit_bd_i/worker_0/inst/conv_worker_U/grp_conv_worker_Pipeline_LOAD_IN_VITIS_LOOP_140_3_fu_393/grp_conv_worker_Pipeline_LOAD_IN_VITIS_LOOP_140_3_fu_393_p_ZL6in_buf_0_address0[4].  Did not re-place instance fastvit_bd_i/worker_0/inst/conv_worker_U/grp_conv_worker_Pipeline_LOAD_IN_VITIS_LOOP_140_3_fu_393/ram_reg_0_63_0_0_i_19/O
INFO: [Physopt 32-662] Processed net fastvit_bd_i/worker_0/inst/conv_worker_U/grp_conv_worker_Pipeline_LOAD_IN_VITIS_LOOP_140_3_fu_393/ram_reg_0_63_0_0_i_37_n_0.  Did not re-place instance fastvit_bd_i/worker_0/inst/conv_worker_U/grp_conv_worker_Pipeline_LOAD_IN_VITIS_LOOP_140_3_fu_393/ram_reg_0_63_0_0_i_37/O
INFO: [Physopt 32-662] Processed net fastvit_bd_i/worker_0/inst/conv_worker_U/grp_conv_worker_Pipeline_LOAD_IN_VITIS_LOOP_140_3_fu_393/ram_reg_0_63_0_0_i_56_n_0.  Did not re-place instance fastvit_bd_i/worker_0/inst/conv_worker_U/grp_conv_worker_Pipeline_LOAD_IN_VITIS_LOOP_140_3_fu_393/ram_reg_0_63_0_0_i_56/O
INFO: [Physopt 32-662] Processed net fastvit_bd_i/worker_0/inst/conv_worker_U/grp_conv_worker_Pipeline_LOAD_IN_VITIS_LOOP_140_3_fu_393/tmp_60_reg_2359[28]_i_1_n_0.  Did not re-place instance fastvit_bd_i/worker_0/inst/conv_worker_U/grp_conv_worker_Pipeline_LOAD_IN_VITIS_LOOP_140_3_fu_393/tmp_60_reg_2359[28]_i_1/O
INFO: [Physopt 32-662] Processed net fastvit_bd_i/worker_0/inst/conv_worker_U/grp_conv_worker_Pipeline_LOAD_IN_VITIS_LOOP_140_3_fu_393/p_0_in__8.  Did not re-place instance fastvit_bd_i/worker_0/inst/conv_worker_U/grp_conv_worker_Pipeline_LOAD_IN_VITIS_LOOP_140_3_fu_393/ram_reg_0_15_0_0_i_3/O
INFO: [Physopt 32-662] Processed net fastvit_bd_i/worker_0/inst/conv_worker_U/grp_conv_worker_Pipeline_LOAD_IN_VITIS_LOOP_140_3_fu_393/grp_conv_worker_Pipeline_LOAD_IN_VITIS_LOOP_140_3_fu_393_p_ZL6in_buf_0_we0.  Did not re-place instance fastvit_bd_i/worker_0/inst/conv_worker_U/grp_conv_worker_Pipeline_LOAD_IN_VITIS_LOOP_140_3_fu_393/ram_reg_0_63_0_0_i_14/O
INFO: [Physopt 32-662] Processed net fastvit_bd_i/worker_0/inst/conv_worker_U/grp_conv_worker_Pipeline_LOAD_IN_VITIS_LOOP_140_3_fu_393/ram_reg_0_63_0_0_i_25_n_0.  Did not re-place instance fastvit_bd_i/worker_0/inst/conv_worker_U/grp_conv_worker_Pipeline_LOAD_IN_VITIS_LOOP_140_3_fu_393/ram_reg_0_63_0_0_i_25/O
INFO: [Physopt 32-662] Processed net fastvit_bd_i/worker_0/inst/conv_worker_U/grp_conv_worker_Pipeline_LOAD_IN_VITIS_LOOP_140_3_fu_393/p_118_in.  Did not re-place instance fastvit_bd_i/worker_0/inst/conv_worker_U/grp_conv_worker_Pipeline_LOAD_IN_VITIS_LOOP_140_3_fu_393/ram_reg_0_63_0_0_i_21/O
INFO: [Physopt 32-662] Processed net fastvit_bd_i/worker_0/inst/conv_worker_U/grp_conv_worker_Pipeline_LOAD_IN_VITIS_LOOP_140_3_fu_393/ap_CS_fsm_pp0_stage1.  Did not re-place instance fastvit_bd_i/worker_0/inst/conv_worker_U/grp_conv_worker_Pipeline_LOAD_IN_VITIS_LOOP_140_3_fu_393/ap_CS_fsm_reg[1]/Q
INFO: [Physopt 32-662] Processed net fastvit_bd_i/worker_0/inst/conv_worker_U/grp_conv_worker_Pipeline_LOAD_IN_VITIS_LOOP_140_3_fu_393/grp_conv_worker_Pipeline_LOAD_IN_VITIS_LOOP_140_3_fu_393_p_ZL6in_buf_0_address0[6].  Did not re-place instance fastvit_bd_i/worker_0/inst/conv_worker_U/grp_conv_worker_Pipeline_LOAD_IN_VITIS_LOOP_140_3_fu_393/ram_reg_0_15_0_0_i_2__0/O
INFO: [Physopt 32-662] Processed net fastvit_bd_i/worker_0/inst/conv_worker_U/grp_conv_worker_Pipeline_LOAD_IN_VITIS_LOOP_140_3_fu_393/ram_reg_0_15_0_0_i_12_n_0.  Did not re-place instance fastvit_bd_i/worker_0/inst/conv_worker_U/grp_conv_worker_Pipeline_LOAD_IN_VITIS_LOOP_140_3_fu_393/ram_reg_0_15_0_0_i_12/O
INFO: [Physopt 32-662] Processed net fastvit_bd_i/worker_0/inst/conv_worker_U/grp_conv_worker_Pipeline_LOAD_IN_VITIS_LOOP_140_3_fu_393/ram_reg_0_15_0_0_i_14_n_0.  Did not re-place instance fastvit_bd_i/worker_0/inst/conv_worker_U/grp_conv_worker_Pipeline_LOAD_IN_VITIS_LOOP_140_3_fu_393/ram_reg_0_15_0_0_i_14/O
INFO: [Physopt 32-662] Processed net fastvit_bd_i/worker_0/inst/conv_worker_U/grp_conv_worker_Pipeline_LOAD_IN_VITIS_LOOP_140_3_fu_393/ram_reg_0_15_0_0_i_6_n_0.  Did not re-place instance fastvit_bd_i/worker_0/inst/conv_worker_U/grp_conv_worker_Pipeline_LOAD_IN_VITIS_LOOP_140_3_fu_393/ram_reg_0_15_0_0_i_6/O
INFO: [Physopt 32-662] Processed net fastvit_bd_i/worker_0/inst/conv_worker_U/grp_conv_worker_Pipeline_LOAD_IN_VITIS_LOOP_140_3_fu_393/ap_enable_reg_pp0_iter9_repN_1.  Did not re-place instance fastvit_bd_i/worker_0/inst/conv_worker_U/grp_conv_worker_Pipeline_LOAD_IN_VITIS_LOOP_140_3_fu_393/ap_enable_reg_pp0_iter9_reg_replica_1/Q
INFO: [Physopt 32-662] Processed net fastvit_bd_i/worker_0/inst/conv_worker_U/grp_conv_worker_Pipeline_LOAD_IN_VITIS_LOOP_140_3_fu_393/row_base_reg_2271[5].  Did not re-place instance fastvit_bd_i/worker_0/inst/conv_worker_U/grp_conv_worker_Pipeline_LOAD_IN_VITIS_LOOP_140_3_fu_393/row_base_reg_2271_reg[5]/Q
INFO: [Physopt 32-662] Processed net fastvit_bd_i/worker_0/inst/conv_worker_U/grp_conv_worker_Pipeline_LOAD_IN_VITIS_LOOP_140_3_fu_393/ap_CS_fsm_pp0_stage2_repN.  Did not re-place instance fastvit_bd_i/worker_0/inst/conv_worker_U/grp_conv_worker_Pipeline_LOAD_IN_VITIS_LOOP_140_3_fu_393/ap_CS_fsm_reg[2]_replica/Q
INFO: [Physopt 32-662] Processed net fastvit_bd_i/worker_0/inst/conv_worker_U/grp_conv_worker_Pipeline_LOAD_IN_VITIS_LOOP_140_3_fu_393/row_base_reg_2271[31]_i_1_n_0.  Did not re-place instance fastvit_bd_i/worker_0/inst/conv_worker_U/grp_conv_worker_Pipeline_LOAD_IN_VITIS_LOOP_140_3_fu_393/row_base_reg_2271[31]_i_1/O
INFO: [Physopt 32-662] Processed net fastvit_bd_i/worker_0/inst/conv_worker_U/grp_conv_worker_Pipeline_LOAD_IN_VITIS_LOOP_140_3_fu_393/ap_enable_reg_pp0_iter9_repN.  Did not re-place instance fastvit_bd_i/worker_0/inst/conv_worker_U/grp_conv_worker_Pipeline_LOAD_IN_VITIS_LOOP_140_3_fu_393/ap_enable_reg_pp0_iter9_reg_replica/Q
INFO: [Physopt 32-662] Processed net fastvit_bd_i/worker_0/inst/conv_worker_U/grp_conv_worker_Pipeline_LOAD_IN_VITIS_LOOP_140_3_fu_393/grp_conv_worker_Pipeline_LOAD_IN_VITIS_LOOP_140_3_fu_393_p_ZL6in_buf_0_ce0.  Did not re-place instance fastvit_bd_i/worker_0/inst/conv_worker_U/grp_conv_worker_Pipeline_LOAD_IN_VITIS_LOOP_140_3_fu_393/q0[3]_i_3__0/O
INFO: [Physopt 32-662] Processed net fastvit_bd_i/worker_0/inst/conv_worker_U/grp_conv_worker_Pipeline_LOAD_IN_VITIS_LOOP_140_3_fu_393/ap_phi_reg_pp0_iter10_storemerge179_reg_790[3]_i_2_n_0.  Did not re-place instance fastvit_bd_i/worker_0/inst/conv_worker_U/grp_conv_worker_Pipeline_LOAD_IN_VITIS_LOOP_140_3_fu_393/ap_phi_reg_pp0_iter10_storemerge179_reg_790[3]_i_2/O
INFO: [Physopt 32-662] Processed net fastvit_bd_i/worker_0/inst/conv_worker_U/grp_conv_worker_Pipeline_LOAD_IN_VITIS_LOOP_140_3_fu_393/q0[3]_i_6_n_0.  Did not re-place instance fastvit_bd_i/worker_0/inst/conv_worker_U/grp_conv_worker_Pipeline_LOAD_IN_VITIS_LOOP_140_3_fu_393/q0[3]_i_6/O
INFO: [Physopt 32-662] Processed net fastvit_bd_i/worker_0/inst/conv_worker_U/grp_conv_worker_Pipeline_LOAD_IN_VITIS_LOOP_140_3_fu_393/m_axi_gmem0_0_ARVALID8154_out.  Did not re-place instance fastvit_bd_i/worker_0/inst/conv_worker_U/grp_conv_worker_Pipeline_LOAD_IN_VITIS_LOOP_140_3_fu_393/mem_reg[68][0]_srl32_i_12/O
INFO: [Physopt 32-662] Processed net fastvit_bd_i/worker_0/inst/conv_worker_U/grp_conv_worker_Pipeline_LOAD_IN_VITIS_LOOP_140_3_fu_393/ap_enable_reg_pp0_iter2.  Did not re-place instance fastvit_bd_i/worker_0/inst/conv_worker_U/grp_conv_worker_Pipeline_LOAD_IN_VITIS_LOOP_140_3_fu_393/ap_enable_reg_pp0_iter2_reg/Q
INFO: [Physopt 32-662] Processed net fastvit_bd_i/worker_0/inst/conv_worker_U/grp_conv_worker_Pipeline_LOAD_IN_VITIS_LOOP_140_3_fu_393/ap_block_pp0_stage7_subdone_grp0_done_reg_reg_n_0.  Did not re-place instance fastvit_bd_i/worker_0/inst/conv_worker_U/grp_conv_worker_Pipeline_LOAD_IN_VITIS_LOOP_140_3_fu_393/ap_block_pp0_stage7_subdone_grp0_done_reg_reg/Q
INFO: [Physopt 32-662] Processed net fastvit_bd_i/worker_0/inst/conv_worker_U/grp_conv_worker_Pipeline_LOAD_IN_VITIS_LOOP_140_3_fu_393/i_1/O_n_2.  Did not re-place instance fastvit_bd_i/worker_0/inst/conv_worker_U/grp_conv_worker_Pipeline_LOAD_IN_VITIS_LOOP_140_3_fu_393/i_1_LOPT_REMAP_2_rewire_rewire/O
INFO: [Physopt 32-662] Processed net fastvit_bd_i/worker_0/inst/conv_worker_U/grp_conv_worker_Pipeline_LOAD_IN_VITIS_LOOP_140_3_fu_393/q0[3]_i_7_n_0.  Did not re-place instance fastvit_bd_i/worker_0/inst/conv_worker_U/grp_conv_worker_Pipeline_LOAD_IN_VITIS_LOOP_140_3_fu_393/q0[3]_i_7/O
INFO: [Physopt 32-662] Processed net fastvit_bd_i/worker_0/inst/conv_worker_U/grp_conv_worker_Pipeline_COMPUTE_KH_COMPUTE_KW_COMPUTE_TR_COMPUTE_TC_fu_466/p_ZL6in_buf_0_address0[1].  Did not re-place instance fastvit_bd_i/worker_0/inst/conv_worker_U/grp_conv_worker_Pipeline_COMPUTE_KH_COMPUTE_KW_COMPUTE_TR_COMPUTE_TC_fu_466/ram_reg_0_63_0_0_i_8/O
INFO: [Physopt 32-662] Processed net fastvit_bd_i/worker_0/inst/conv_worker_U/grp_conv_worker_Pipeline_LOAD_IN_VITIS_LOOP_140_3_fu_393/grp_conv_worker_Pipeline_LOAD_IN_VITIS_LOOP_140_3_fu_393_p_ZL6in_buf_0_address0[5].  Did not re-place instance fastvit_bd_i/worker_0/inst/conv_worker_U/grp_conv_worker_Pipeline_LOAD_IN_VITIS_LOOP_140_3_fu_393/ram_reg_0_63_0_0_i_20/O
INFO: [Physopt 32-662] Processed net fastvit_bd_i/worker_0/inst/conv_worker_U/grp_conv_worker_Pipeline_LOAD_IN_VITIS_LOOP_140_3_fu_393/data8[5].  Did not re-place instance fastvit_bd_i/worker_0/inst/conv_worker_U/grp_conv_worker_Pipeline_LOAD_IN_VITIS_LOOP_140_3_fu_393/trunc_ln150_reg_2438[5]_i_1/O
INFO: [Physopt 32-661] Optimized 3 nets.  Re-placed 10 instances.
INFO: [Physopt 32-775] End 1 Pass. Optimized 3 nets or cells. Created 0 new cell, deleted 0 existing cell and moved 10 existing cells
INFO: [Physopt 32-619] Estimated Timing Summary | WNS=-0.442 | TNS=-51.729 |
Netlist sorting complete. Time (s): cpu = 00:00:00 ; elapsed = 00:00:00.008 . Memory (MB): peak = 2539.672 ; gain = 0.000
Phase 16 Multi Cell Placement Optimization | Checksum: 193536b8d

Time (s): cpu = 00:00:39 ; elapsed = 00:00:40 . Memory (MB): peak = 2539.672 ; gain = 16.164

Phase 17 Rewire
INFO: [Physopt 32-246] Starting Signal Push optimization...
INFO: [Physopt 32-77] Pass 1. Identified 3 candidate nets for rewire optimization.
INFO: [Physopt 32-134] Processed net fastvit_bd_i/worker_0/inst/conv_worker_U/grp_conv_worker_Pipeline_LOAD_IN_VITIS_LOOP_140_3_fu_393/q0[3]_i_6_n_0. Rewiring did not optimize the net.
INFO: [Physopt 32-134] Processed net fastvit_bd_i/worker_0/inst/conv_worker_U/grp_conv_worker_Pipeline_LOAD_IN_VITIS_LOOP_140_3_fu_393/grp_conv_worker_Pipeline_LOAD_IN_VITIS_LOOP_140_3_fu_393_p_ZL6in_buf_0_ce0. Rewiring did not optimize the net.
INFO: [Physopt 32-134] Processed net fastvit_bd_i/worker_0/inst/conv_worker_U/grp_conv_worker_Pipeline_LOAD_IN_VITIS_LOOP_140_3_fu_393/grp_conv_worker_Pipeline_LOAD_IN_VITIS_LOOP_140_3_fu_393_p_ZL6in_buf_0_we0. Rewiring did not optimize the net.
INFO: [Physopt 32-232] Optimized 0 net. Created 0 new instance.
INFO: [Physopt 32-775] End 1 Pass. Optimized 0 net or cell. Created 0 new cell, deleted 0 existing cell and moved 0 existing cell
Netlist sorting complete. Time (s): cpu = 00:00:00 ; elapsed = 00:00:00.021 . Memory (MB): peak = 2539.672 ; gain = 0.000
Netlist sorting complete. Time (s): cpu = 00:00:00 ; elapsed = 00:00:00.005 . Memory (MB): peak = 2539.672 ; gain = 0.000
Phase 17 Rewire | Checksum: 1d2895dee

Time (s): cpu = 00:00:39 ; elapsed = 00:00:40 . Memory (MB): peak = 2539.672 ; gain = 16.164

Phase 18 Critical Cell Optimization
INFO: [Physopt 32-46] Identified 30 candidate nets for critical-cell optimization.
INFO: [Physopt 32-572] Net fastvit_bd_i/worker_0/inst/conv_worker_U/grp_conv_worker_Pipeline_LOAD_IN_VITIS_LOOP_140_3_fu_393/trunc_ln150_reg_2438[3] was not replicated.
Resolution: phys_opt_design can be forced to replicate a net driver using the option -force_replication_on_nets <list of net objects>.
INFO: [Physopt 32-572] Net fastvit_bd_i/worker_0/inst/conv_worker_U/grp_conv_worker_Pipeline_LOAD_IN_VITIS_LOOP_140_3_fu_393/grp_conv_worker_Pipeline_LOAD_IN_VITIS_LOOP_140_3_fu_393_p_ZL6in_buf_0_address0[3] was not replicated.
Resolution: phys_opt_design can be forced to replicate a net driver using the option -force_replication_on_nets <list of net objects>.
INFO: [Physopt 32-81] Processed net fastvit_bd_i/worker_0/inst/conv_worker_U/grp_conv_worker_Pipeline_LOAD_IN_VITIS_LOOP_140_3_fu_393/ap_CS_fsm_reg[61]_1[0]. Replicated 1 times.
INFO: [Physopt 32-572] Net fastvit_bd_i/worker_0/inst/conv_worker_U/grp_conv_worker_Pipeline_LOAD_IN_VITIS_LOOP_140_3_fu_393/ram_reg_0_63_0_0_i_26_n_0 was not replicated.
Resolution: phys_opt_design can be forced to replicate a net driver using the option -force_replication_on_nets <list of net objects>.
INFO: [Physopt 32-81] Processed net fastvit_bd_i/worker_0/inst/conv_worker_U/grp_conv_worker_Pipeline_LOAD_IN_VITIS_LOOP_140_3_fu_393/zext_ln150_1_fu_1674_p1[3]_repN. Replicated 1 times.
INFO: [Physopt 32-572] Net fastvit_bd_i/worker_0/inst/conv_gmem0_m_axi_U/load_unit_0/buff_rdata/dout_vld_reg_0 was not replicated.
Resolution: phys_opt_design can be forced to replicate a net driver using the option -force_replication_on_nets <list of net objects>.
INFO: [Physopt 32-572] Net fastvit_bd_i/worker_0/inst/conv_worker_U/grp_conv_worker_Pipeline_LOAD_IN_VITIS_LOOP_140_3_fu_393/conv_g0_ARVALID was not replicated.
Resolution: phys_opt_design can be forced to replicate a net driver using the option -force_replication_on_nets <list of net objects>.
INFO: [Physopt 32-572] Net fastvit_bd_i/worker_0/inst/conv_worker_U/grp_conv_worker_Pipeline_LOAD_IN_VITIS_LOOP_140_3_fu_393/ap_CS_fsm_reg[61]_1[2] was not replicated.
Resolution: phys_opt_design can be forced to replicate a net driver using the option -force_replication_on_nets <list of net objects>.
INFO: [Physopt 32-81] Processed net fastvit_bd_i/worker_0/inst/conv_worker_U/grp_conv_worker_Pipeline_LOAD_IN_VITIS_LOOP_140_3_fu_393/p_116_in. Replicated 1 times.
INFO: [Physopt 32-572] Net fastvit_bd_i/worker_0/inst/conv_worker_U/grp_conv_worker_Pipeline_LOAD_IN_VITIS_LOOP_140_3_fu_393/grp_conv_worker_Pipeline_LOAD_IN_VITIS_LOOP_140_3_fu_393_p_ZL6in_buf_0_address0[2] was not replicated.
Resolution: phys_opt_design can be forced to replicate a net driver using the option -force_replication_on_nets <list of net objects>.
INFO: [Physopt 32-81] Processed net fastvit_bd_i/worker_0/inst/conv_worker_U/grp_conv_worker_Pipeline_LOAD_IN_VITIS_LOOP_140_3_fu_393/ap_enable_reg_pp0_iter9_repN_1. Replicated 1 times.
INFO: [Physopt 32-81] Processed net fastvit_bd_i/worker_0/inst/conv_worker_U/grp_conv_worker_Pipeline_LOAD_IN_VITIS_LOOP_140_3_fu_393/grp_conv_worker_Pipeline_LOAD_IN_VITIS_LOOP_140_3_fu_393_p_ZL6in_buf_0_ce0. Replicated 2 times.
INFO: [Physopt 32-572] Net fastvit_bd_i/worker_0/inst/conv_worker_U/grp_conv_worker_Pipeline_COMPUTE_KH_COMPUTE_KW_COMPUTE_TR_COMPUTE_TC_fu_466/ap_CS_fsm_reg[61]_0 was not replicated.
Resolution: phys_opt_design can be forced to replicate a net driver using the option -force_replication_on_nets <list of net objects>.
INFO: [Physopt 32-572] Net fastvit_bd_i/worker_0/inst/conv_worker_U/grp_conv_worker_Pipeline_LOAD_IN_VITIS_LOOP_140_3_fu_393/p_0_in__8 was not replicated.
Resolution: phys_opt_design can be forced to replicate a net driver using the option -force_replication_on_nets <list of net objects>.
INFO: [Physopt 32-81] Processed net fastvit_bd_i/worker_0/inst/conv_worker_U/grp_conv_worker_Pipeline_LOAD_IN_VITIS_LOOP_140_3_fu_393/ap_phi_reg_pp0_iter10_storemerge179_reg_790[3]_i_2_n_0. Replicated 1 times.
INFO: [Physopt 32-572] Net fastvit_bd_i/worker_0/inst/conv_worker_U/grp_conv_worker_Pipeline_COMPUTE_KH_COMPUTE_KW_COMPUTE_TR_COMPUTE_TC_fu_466/mac_muladd_8s_4s_32s_32_4_1_U2090/fastvit_ip_mac_muladd_8s_4s_32s_32_4_1_DSP48_0_U/b_reg_reg[2]_0[1] was not replicated.
Resolution: phys_opt_design can be forced to replicate a net driver using the option -force_replication_on_nets <list of net objects>.
INFO: [Physopt 32-572] Net fastvit_bd_i/worker_0/inst/conv_worker_U/p_ZL6wt_buf_1_0_U/ram_reg_3[0] was not replicated.
Resolution: phys_opt_design can be forced to replicate a net driver using the option -force_replication_on_nets <list of net objects>.
INFO: [Physopt 32-572] Net fastvit_bd_i/worker_0/inst/conv_worker_U/grp_conv_worker_Pipeline_LOAD_IN_VITIS_LOOP_140_3_fu_393/ap_CS_fsm_reg[61]_1[1] was not replicated.
Resolution: phys_opt_design can be forced to replicate a net driver using the option -force_replication_on_nets <list of net objects>.
INFO: [Physopt 32-572] Net fastvit_bd_i/worker_0/inst/conv_worker_U/grp_conv_worker_Pipeline_LOAD_IN_VITIS_LOOP_140_3_fu_393/ram_reg_0_63_0_0_i_23_n_0 was not replicated.
Resolution: phys_opt_design can be forced to replicate a net driver using the option -force_replication_on_nets <list of net objects>.
INFO: [Physopt 32-81] Processed net fastvit_bd_i/worker_0/inst/conv_worker_U/grp_conv_worker_Pipeline_LOAD_IN_VITIS_LOOP_140_3_fu_393/ap_CS_fsm_reg_n_0_[0]_repN. Replicated 1 times.
INFO: [Physopt 32-572] Net fastvit_bd_i/worker_0/inst/conv_worker_U/grp_conv_worker_Pipeline_LOAD_IN_VITIS_LOOP_140_3_fu_393/grp_conv_worker_Pipeline_LOAD_IN_VITIS_LOOP_140_3_fu_393_p_ZL6in_buf_0_address0[1] was not replicated.
Resolution: phys_opt_design can be forced to replicate a net driver using the option -force_replication_on_nets <list of net objects>.
INFO: [Physopt 32-81] Processed net fastvit_bd_i/worker_0/inst/conv_worker_U/grp_conv_worker_Pipeline_LOAD_IN_VITIS_LOOP_140_3_fu_393/trunc_ln150_reg_2438[1]. Replicated 2 times.
INFO: [Physopt 32-572] Net fastvit_bd_i/worker_0/inst/conv_worker_U/grp_conv_worker_Pipeline_COMPUTE_KH_COMPUTE_KW_COMPUTE_TR_COMPUTE_TC_fu_466/p_ZL6in_buf_0_address0[0] was not replicated.
Resolution: phys_opt_design can be forced to replicate a net driver using the option -force_replication_on_nets <list of net objects>.
INFO: [Physopt 32-572] Net fastvit_bd_i/worker_0/inst/conv_worker_U/grp_conv_worker_Pipeline_COMPUTE_KH_COMPUTE_KW_COMPUTE_TR_COMPUTE_TC_fu_466/ap_CS_fsm_reg[61] was not replicated.
Resolution: phys_opt_design can be forced to replicate a net driver using the option -force_replication_on_nets <list of net objects>.
INFO: [Physopt 32-572] Net fastvit_bd_i/worker_0/inst/conv_worker_U/grp_conv_worker_Pipeline_LOAD_IN_VITIS_LOOP_140_3_fu_393/grp_conv_worker_Pipeline_LOAD_IN_VITIS_LOOP_140_3_fu_393_p_ZL6in_buf_0_address0[4] was not replicated.
Resolution: phys_opt_design can be forced to replicate a net driver using the option -force_replication_on_nets <list of net objects>.
INFO: [Physopt 32-572] Net fastvit_bd_i/worker_0/inst/conv_worker_U/grp_conv_worker_Pipeline_COMPUTE_KH_COMPUTE_KW_COMPUTE_TR_COMPUTE_TC_fu_466/zext_ln193_1_reg_1003_reg[6]_1 was not replicated.
Resolution: phys_opt_design can be forced to replicate a net driver using the option -force_replication_on_nets <list of net objects>.
INFO: [Physopt 32-572] Net fastvit_bd_i/worker_0/inst/conv_worker_U/grp_conv_worker_Pipeline_LOAD_IN_VITIS_LOOP_140_3_fu_393/p_0_in__9 was not replicated.
Resolution: phys_opt_design can be forced to replicate a net driver using the option -force_replication_on_nets <list of net objects>.
INFO: [Physopt 32-81] Processed net fastvit_bd_i/worker_0/inst/conv_worker_U/grp_conv_worker_Pipeline_LOAD_IN_VITIS_LOOP_140_3_fu_393/tmp_60_reg_2359[28]_i_1_n_0. Replicated 1 times.
INFO: [Physopt 32-232] Optimized 9 nets. Created 11 new instances.
INFO: [Physopt 32-775] End 1 Pass. Optimized 9 nets or cells. Created 11 new cells, deleted 0 existing cell and moved 0 existing cell
INFO: [Physopt 32-619] Estimated Timing Summary | WNS=-0.442 | TNS=-51.196 |
Netlist sorting complete. Time (s): cpu = 00:00:00 ; elapsed = 00:00:00.038 . Memory (MB): peak = 2539.672 ; gain = 0.000
Phase 18 Critical Cell Optimization | Checksum: 12d1cd6fe

Time (s): cpu = 00:00:41 ; elapsed = 00:00:43 . Memory (MB): peak = 2539.672 ; gain = 16.164

Phase 19 DSP Register Optimization
INFO: [Physopt 32-457] Pass 1. Identified 1 candidate cell for DSP register optimization.
INFO: [Physopt 32-666] Processed cell fastvit_bd_i/worker_0/inst/conv_worker_U/mul_32s_32s_32_5_1_U2135/buff0_reg. No change.
INFO: [Physopt 32-775] End 1 Pass. Optimized 0 net or cell. Created 0 new cell, deleted 0 existing cell and moved 0 existing cell
Netlist sorting complete. Time (s): cpu = 00:00:00 ; elapsed = 00:00:00.007 . Memory (MB): peak = 2539.672 ; gain = 0.000
Phase 19 DSP Register Optimization | Checksum: 1654af641

Time (s): cpu = 00:00:41 ; elapsed = 00:00:43 . Memory (MB): peak = 2539.672 ; gain = 16.164

Phase 20 BRAM Register Optimization
INFO: [Physopt 32-526] No candidate cells for BRAM register optimization found in the design
INFO: [Physopt 32-775] End 1 Pass. Optimized 0 net or cell. Created 0 new cell, deleted 0 existing cell and moved 0 existing cell
Phase 20 BRAM Register Optimization | Checksum: 1654af641

Time (s): cpu = 00:00:41 ; elapsed = 00:00:43 . Memory (MB): peak = 2539.672 ; gain = 16.164

Phase 21 URAM Register Optimization
INFO: [Physopt 32-846] No candidate cells for URAM register optimization found in the design
INFO: [Physopt 32-775] End 1 Pass. Optimized 0 net or cell. Created 0 new cell, deleted 0 existing cell and moved 0 existing cell
INFO: [Physopt 32-846] No candidate cells for URAM register optimization found in the design
INFO: [Physopt 32-775] End 1 Pass. Optimized 0 net or cell. Created 0 new cell, deleted 0 existing cell and moved 0 existing cell
Phase 21 URAM Register Optimization | Checksum: 1654af641

Time (s): cpu = 00:00:41 ; elapsed = 00:00:43 . Memory (MB): peak = 2539.672 ; gain = 16.164

Phase 22 Shift Register Optimization
INFO: [Physopt 32-1402] Pass 1: Identified 6 candidate cells for Shift Register optimization.
INFO: [Physopt 32-775] End 1 Pass. Optimized 1 net or cell. Created 1 new cell, deleted 0 existing cell and moved 0 existing cell
INFO: [Physopt 32-619] Estimated Timing Summary | WNS=-0.442 | TNS=-51.012 |
Netlist sorting complete. Time (s): cpu = 00:00:00 ; elapsed = 00:00:00.016 . Memory (MB): peak = 2539.672 ; gain = 0.000
Phase 22 Shift Register Optimization | Checksum: 1899fc48e

Time (s): cpu = 00:00:42 ; elapsed = 00:00:43 . Memory (MB): peak = 2539.672 ; gain = 16.164

Phase 23 DSP Register Optimization
INFO: [Physopt 32-456] No candidate cells for DSP register optimization found in the design.
INFO: [Physopt 32-775] End 1 Pass. Optimized 0 net or cell. Created 0 new cell, deleted 0 existing cell and moved 0 existing cell
Phase 23 DSP Register Optimization | Checksum: 1899fc48e

Time (s): cpu = 00:00:42 ; elapsed = 00:00:43 . Memory (MB): peak = 2539.672 ; gain = 16.164

Phase 24 BRAM Register Optimization
INFO: [Physopt 32-526] No candidate cells for BRAM register optimization found in the design
INFO: [Physopt 32-775] End 1 Pass. Optimized 0 net or cell. Created 0 new cell, deleted 0 existing cell and moved 0 existing cell
Phase 24 BRAM Register Optimization | Checksum: 1899fc48e

Time (s): cpu = 00:00:42 ; elapsed = 00:00:43 . Memory (MB): peak = 2539.672 ; gain = 16.164

Phase 25 URAM Register Optimization
INFO: [Physopt 32-846] No candidate cells for URAM register optimization found in the design
INFO: [Physopt 32-775] End 1 Pass. Optimized 0 net or cell. Created 0 new cell, deleted 0 existing cell and moved 0 existing cell
INFO: [Physopt 32-846] No candidate cells for URAM register optimization found in the design
INFO: [Physopt 32-775] End 1 Pass. Optimized 0 net or cell. Created 0 new cell, deleted 0 existing cell and moved 0 existing cell
Phase 25 URAM Register Optimization | Checksum: 1899fc48e

Time (s): cpu = 00:00:42 ; elapsed = 00:00:43 . Memory (MB): peak = 2539.672 ; gain = 16.164

Phase 26 Shift Register Optimization
INFO: [Physopt 32-1402] Pass 1: Identified 5 candidate cells for Shift Register optimization.
INFO: [Physopt 32-775] End 1 Pass. Optimized 0 net or cell. Created 0 new cell, deleted 0 existing cell and moved 0 existing cell
Netlist sorting complete. Time (s): cpu = 00:00:00 ; elapsed = 00:00:00.012 . Memory (MB): peak = 2539.672 ; gain = 0.000
Phase 26 Shift Register Optimization | Checksum: 1899fc48e

Time (s): cpu = 00:00:42 ; elapsed = 00:00:43 . Memory (MB): peak = 2539.672 ; gain = 16.164

Phase 27 Critical Pin Optimization
INFO: [Physopt 32-606] Identified 31 candidate nets for critical-pin optimization.
INFO: [Physopt 32-608] Optimized 14 nets.  Swapped 285 pins.
INFO: [Physopt 32-775] End 1 Pass. Optimized 14 nets or cells. Created 0 new cell, deleted 0 existing cell and moved 285 existing cells
INFO: [Physopt 32-619] Estimated Timing Summary | WNS=-0.323 | TNS=-49.154 |
Netlist sorting complete. Time (s): cpu = 00:00:00 ; elapsed = 00:00:00.011 . Memory (MB): peak = 2539.672 ; gain = 0.000
Phase 27 Critical Pin Optimization | Checksum: 1899fc48e

Time (s): cpu = 00:00:42 ; elapsed = 00:00:43 . Memory (MB): peak = 2539.672 ; gain = 16.164

Phase 28 Very High Fanout Optimization
INFO: [Physopt 32-1408] Pass 1. Identified 9 candidate nets for high-fanout optimization.
INFO: [Physopt 32-81] Processed net fastvit_bd_i/worker_0/inst/conv_gmem3_m_axi_U/bus_write/wreq_burst_conv/rs_req/ap_rst_n_0. Replicated 8 times.
INFO: [Physopt 32-81] Processed net fastvit_bd_i/worker_0/inst/conv_worker_U/ap_CS_fsm_state56. Replicated 2 times.
INFO: [Physopt 32-572] Net fastvit_bd_i/worker_0/inst/conv_worker_U/grp_conv_worker_Pipeline_VITIS_LOOP_215_8_fu_500/grp_conv_worker_Pipeline_VITIS_LOOP_215_8_fu_500_grp_fu_540_p_ce was not replicated.
Resolution: phys_opt_design can be forced to replicate a net driver using the option -force_replication_on_nets <list of net objects>.
INFO: [Physopt 32-232] Optimized 2 nets. Created 10 new instances.
INFO: [Physopt 32-775] End 1 Pass. Optimized 2 nets or cells. Created 10 new cells, deleted 0 existing cell and moved 0 existing cell
INFO: [Physopt 32-619] Estimated Timing Summary | WNS=-0.323 | TNS=-49.154 |
Netlist sorting complete. Time (s): cpu = 00:00:00 ; elapsed = 00:00:00.085 . Memory (MB): peak = 2544.211 ; gain = 0.000
Phase 28 Very High Fanout Optimization | Checksum: 1edcd8e78

Time (s): cpu = 00:00:44 ; elapsed = 00:00:46 . Memory (MB): peak = 2544.211 ; gain = 20.703

Phase 29 Single Cell Placement Optimization
INFO: [Physopt 32-660] Identified 250 candidate nets for placement-based optimization.
INFO: [Physopt 32-662] Processed net fastvit_bd_i/worker_0/inst/conv_worker_U/grp_conv_worker_Pipeline_COMPUTE_KH_COMPUTE_KW_COMPUTE_TR_COMPUTE_TC_fu_466/p_ZL6in_buf_1_address0[3].  Did not re-place instance fastvit_bd_i/worker_0/inst/conv_worker_U/grp_conv_worker_Pipeline_COMPUTE_KH_COMPUTE_KW_COMPUTE_TR_COMPUTE_TC_fu_466/ram_reg_0_63_0_0_i_5
INFO: [Physopt 32-662] Processed net fastvit_bd_i/worker_0/inst/conv_worker_U/grp_conv_worker_Pipeline_LOAD_IN_VITIS_LOOP_140_3_fu_393/trunc_ln150_reg_2438[2]_repN_1.  Did not re-place instance fastvit_bd_i/worker_0/inst/conv_worker_U/grp_conv_worker_Pipeline_LOAD_IN_VITIS_LOOP_140_3_fu_393/trunc_ln150_reg_2438_reg[2]_replica_1
INFO: [Physopt 32-662] Processed net fastvit_bd_i/worker_0/inst/conv_worker_U/grp_conv_worker_Pipeline_LOAD_IN_VITIS_LOOP_140_3_fu_393/ram_reg_0_63_0_0_i_34_n_0.  Did not re-place instance fastvit_bd_i/worker_0/inst/conv_worker_U/grp_conv_worker_Pipeline_LOAD_IN_VITIS_LOOP_140_3_fu_393/ram_reg_0_63_0_0_i_34
INFO: [Physopt 32-662] Processed net fastvit_bd_i/worker_0/inst/conv_worker_U/grp_conv_worker_Pipeline_LOAD_IN_VITIS_LOOP_140_3_fu_393/ram_reg_0_63_0_0_i_49_n_0.  Did not re-place instance fastvit_bd_i/worker_0/inst/conv_worker_U/grp_conv_worker_Pipeline_LOAD_IN_VITIS_LOOP_140_3_fu_393/ram_reg_0_63_0_0_i_49
INFO: [Physopt 32-662] Processed net fastvit_bd_i/worker_0/inst/conv_worker_U/p_ZL6in_buf_1_U/q00__8[3].  Did not re-place instance fastvit_bd_i/worker_0/inst/conv_worker_U/p_ZL6in_buf_1_U/q0[3]_i_2__0
INFO: [Physopt 32-662] Processed net fastvit_bd_i/worker_0/inst/conv_worker_U/p_ZL6in_buf_1_U/Q[3].  Did not re-place instance fastvit_bd_i/worker_0/inst/conv_worker_U/p_ZL6in_buf_1_U/q0_reg[3]
INFO: [Physopt 32-662] Processed net fastvit_bd_i/worker_0/inst/conv_worker_U/p_ZL6in_buf_1_U/q00__8[0].  Did not re-place instance fastvit_bd_i/worker_0/inst/conv_worker_U/p_ZL6in_buf_1_U/q0[0]_i_1__0
INFO: [Physopt 32-662] Processed net fastvit_bd_i/worker_0/inst/conv_worker_U/p_ZL6in_buf_1_U/Q[0].  Did not re-place instance fastvit_bd_i/worker_0/inst/conv_worker_U/p_ZL6in_buf_1_U/q0_reg[0]
INFO: [Physopt 32-662] Processed net fastvit_bd_i/worker_0/inst/conv_worker_U/grp_conv_worker_Pipeline_LOAD_IN_VITIS_LOOP_140_3_fu_393/m_axi_gmem0_0_ARVALID8160_out.  Did not re-place instance fastvit_bd_i/worker_0/inst/conv_worker_U/grp_conv_worker_Pipeline_LOAD_IN_VITIS_LOOP_140_3_fu_393/mem_reg[68][0]_srl32_i_15
INFO: [Physopt 32-662] Processed net fastvit_bd_i/worker_0/inst/conv_gmem0_m_axi_U/load_unit_0/buff_rdata/dout_vld_reg_0.  Did not re-place instance fastvit_bd_i/worker_0/inst/conv_gmem0_m_axi_U/load_unit_0/buff_rdata/dout_vld_reg
INFO: [Physopt 32-662] Processed net fastvit_bd_i/worker_0/inst/conv_worker_U/grp_conv_worker_Pipeline_LOAD_IN_VITIS_LOOP_140_3_fu_393/conv_g0_ARVALID.  Did not re-place instance fastvit_bd_i/worker_0/inst/conv_worker_U/grp_conv_worker_Pipeline_LOAD_IN_VITIS_LOOP_140_3_fu_393/i_0_LOPT_REMAP_2
INFO: [Physopt 32-662] Processed net fastvit_bd_i/worker_0/inst/conv_worker_U/grp_conv_worker_Pipeline_LOAD_IN_VITIS_LOOP_140_3_fu_393/and_ln147_5_reg_2243[0]_i_3_n_0.  Did not re-place instance fastvit_bd_i/worker_0/inst/conv_worker_U/grp_conv_worker_Pipeline_LOAD_IN_VITIS_LOOP_140_3_fu_393/and_ln147_5_reg_2243[0]_i_3
INFO: [Physopt 32-662] Processed net fastvit_bd_i/worker_0/inst/conv_worker_U/grp_conv_worker_Pipeline_LOAD_IN_VITIS_LOOP_140_3_fu_393/and_ln147_5_reg_2243[0]_i_1_n_0.  Did not re-place instance fastvit_bd_i/worker_0/inst/conv_worker_U/grp_conv_worker_Pipeline_LOAD_IN_VITIS_LOOP_140_3_fu_393/and_ln147_5_reg_2243[0]_i_1
INFO: [Physopt 32-662] Processed net fastvit_bd_i/worker_0/inst/conv_gmem0_m_axi_U/load_unit_0/fifo_rreq/raddr[4]_i_6_n_0.  Did not re-place instance fastvit_bd_i/worker_0/inst/conv_gmem0_m_axi_U/load_unit_0/fifo_rreq/raddr[4]_i_6
INFO: [Physopt 32-662] Processed net fastvit_bd_i/worker_0/inst/conv_gmem0_m_axi_U/load_unit_0/fifo_rreq/raddr_reg[4]_rep_n_0.  Did not re-place instance fastvit_bd_i/worker_0/inst/conv_gmem0_m_axi_U/load_unit_0/fifo_rreq/raddr_reg[4]_rep
INFO: [Physopt 32-662] Processed net fastvit_bd_i/worker_0/inst/conv_worker_U/grp_conv_worker_Pipeline_LOAD_IN_VITIS_LOOP_140_3_fu_393/ap_phi_reg_pp0_iter9_storemerge177_reg_7644_repN.  Did not re-place instance fastvit_bd_i/worker_0/inst/conv_worker_U/grp_conv_worker_Pipeline_LOAD_IN_VITIS_LOOP_140_3_fu_393/ap_phi_reg_pp0_iter9_storemerge177_reg_764[3]_i_4_replica
INFO: [Physopt 32-662] Processed net fastvit_bd_i/worker_0/inst/conv_worker_U/grp_conv_worker_Pipeline_LOAD_IN_VITIS_LOOP_140_3_fu_393/ap_CS_fsm_pp0_stage6_repN_1.  Did not re-place instance fastvit_bd_i/worker_0/inst/conv_worker_U/grp_conv_worker_Pipeline_LOAD_IN_VITIS_LOOP_140_3_fu_393/ap_CS_fsm_reg[6]_replica_1
INFO: [Physopt 32-662] Processed net fastvit_bd_i/worker_0/inst/conv_worker_U/grp_conv_worker_Pipeline_LOAD_IN_VITIS_LOOP_140_3_fu_393/ap_enable_reg_pp0_iter9_repN_3.  Did not re-place instance fastvit_bd_i/worker_0/inst/conv_worker_U/grp_conv_worker_Pipeline_LOAD_IN_VITIS_LOOP_140_3_fu_393/ap_enable_reg_pp0_iter9_reg_replica_3
INFO: [Physopt 32-662] Processed net fastvit_bd_i/worker_0/inst/conv_worker_U/grp_conv_worker_Pipeline_LOAD_IN_VITIS_LOOP_140_3_fu_393/trunc_ln150_reg_2438[0]_repN_1.  Did not re-place instance fastvit_bd_i/worker_0/inst/conv_worker_U/grp_conv_worker_Pipeline_LOAD_IN_VITIS_LOOP_140_3_fu_393/trunc_ln150_reg_2438_reg[0]_replica_1
INFO: [Physopt 32-662] Processed net fastvit_bd_i/worker_0/inst/conv_worker_U/grp_conv_worker_Pipeline_LOAD_IN_VITIS_LOOP_140_3_fu_393/ap_enable_reg_pp0_iter10_repN_1.  Did not re-place instance fastvit_bd_i/worker_0/inst/conv_worker_U/grp_conv_worker_Pipeline_LOAD_IN_VITIS_LOOP_140_3_fu_393/ap_enable_reg_pp0_iter10_reg_replica_1
INFO: [Physopt 32-662] Processed net fastvit_bd_i/worker_0/inst/conv_worker_U/grp_conv_worker_Pipeline_LOAD_IN_VITIS_LOOP_140_3_fu_393/ram_reg_0_63_0_0_i_35_n_0.  Did not re-place instance fastvit_bd_i/worker_0/inst/conv_worker_U/grp_conv_worker_Pipeline_LOAD_IN_VITIS_LOOP_140_3_fu_393/ram_reg_0_63_0_0_i_35
INFO: [Physopt 32-662] Processed net fastvit_bd_i/worker_0/inst/conv_worker_U/grp_conv_worker_Pipeline_LOAD_IN_VITIS_LOOP_140_3_fu_393/trunc_ln150_reg_2438[4].  Did not re-place instance fastvit_bd_i/worker_0/inst/conv_worker_U/grp_conv_worker_Pipeline_LOAD_IN_VITIS_LOOP_140_3_fu_393/trunc_ln150_reg_2438_reg[4]
INFO: [Physopt 32-662] Processed net fastvit_bd_i/worker_0/inst/conv_worker_U/grp_conv_worker_Pipeline_LOAD_IN_VITIS_LOOP_140_3_fu_393/grp_conv_worker_Pipeline_LOAD_IN_VITIS_LOOP_140_3_fu_393_p_ZL6in_buf_0_address0[6].  Did not re-place instance fastvit_bd_i/worker_0/inst/conv_worker_U/grp_conv_worker_Pipeline_LOAD_IN_VITIS_LOOP_140_3_fu_393/ram_reg_0_15_0_0_i_2__0
INFO: [Physopt 32-662] Processed net fastvit_bd_i/worker_0/inst/conv_worker_U/grp_conv_worker_Pipeline_COMPUTE_KH_COMPUTE_KW_COMPUTE_TR_COMPUTE_TC_fu_466/ap_CS_fsm_reg[61].  Did not re-place instance fastvit_bd_i/worker_0/inst/conv_worker_U/grp_conv_worker_Pipeline_COMPUTE_KH_COMPUTE_KW_COMPUTE_TR_COMPUTE_TC_fu_466/ram_reg_0_15_0_0_i_1
INFO: [Physopt 32-662] Processed net fastvit_bd_i/worker_0/inst/conv_worker_U/grp_conv_worker_Pipeline_LOAD_IN_VITIS_LOOP_140_3_fu_393/ram_reg_0_15_0_0_i_12_n_0.  Did not re-place instance fastvit_bd_i/worker_0/inst/conv_worker_U/grp_conv_worker_Pipeline_LOAD_IN_VITIS_LOOP_140_3_fu_393/ram_reg_0_15_0_0_i_12
INFO: [Physopt 32-662] Processed net fastvit_bd_i/worker_0/inst/conv_worker_U/grp_conv_worker_Pipeline_LOAD_IN_VITIS_LOOP_140_3_fu_393/ram_reg_0_15_0_0_i_6_n_0.  Did not re-place instance fastvit_bd_i/worker_0/inst/conv_worker_U/grp_conv_worker_Pipeline_LOAD_IN_VITIS_LOOP_140_3_fu_393/ram_reg_0_15_0_0_i_6
INFO: [Physopt 32-662] Processed net fastvit_bd_i/worker_0/inst/conv_worker_U/grp_conv_worker_Pipeline_LOAD_IN_VITIS_LOOP_140_3_fu_393/ap_CS_fsm_pp0_stage4.  Did not re-place instance fastvit_bd_i/worker_0/inst/conv_worker_U/grp_conv_worker_Pipeline_LOAD_IN_VITIS_LOOP_140_3_fu_393/ap_CS_fsm_reg[4]
INFO: [Physopt 32-662] Processed net fastvit_bd_i/worker_0/inst/conv_worker_U/grp_conv_worker_Pipeline_LOAD_IN_VITIS_LOOP_140_3_fu_393/row_base_reg_2271[5].  Did not re-place instance fastvit_bd_i/worker_0/inst/conv_worker_U/grp_conv_worker_Pipeline_LOAD_IN_VITIS_LOOP_140_3_fu_393/row_base_reg_2271_reg[5]
INFO: [Physopt 32-662] Processed net fastvit_bd_i/worker_0/inst/conv_worker_U/grp_conv_worker_Pipeline_LOAD_IN_VITIS_LOOP_140_3_fu_393/gmem0_addr_reg_2284[10]_i_3_n_0.  Did not re-place instance fastvit_bd_i/worker_0/inst/conv_worker_U/grp_conv_worker_Pipeline_LOAD_IN_VITIS_LOOP_140_3_fu_393/gmem0_addr_reg_2284[10]_i_3
INFO: [Physopt 32-662] Processed net fastvit_bd_i/worker_0/inst/conv_worker_U/grp_conv_worker_Pipeline_LOAD_IN_VITIS_LOOP_140_3_fu_393/gmem0_addr_reg_2284[14]_i_3_n_0.  Did not re-place instance fastvit_bd_i/worker_0/inst/conv_worker_U/grp_conv_worker_Pipeline_LOAD_IN_VITIS_LOOP_140_3_fu_393/gmem0_addr_reg_2284[14]_i_3
INFO: [Physopt 32-662] Processed net fastvit_bd_i/worker_0/inst/conv_worker_U/grp_conv_worker_Pipeline_LOAD_IN_VITIS_LOOP_140_3_fu_393/gmem0_addr_reg_2284[18]_i_3_n_0.  Did not re-place instance fastvit_bd_i/worker_0/inst/conv_worker_U/grp_conv_worker_Pipeline_LOAD_IN_VITIS_LOOP_140_3_fu_393/gmem0_addr_reg_2284[18]_i_3
INFO: [Physopt 32-662] Processed net fastvit_bd_i/worker_0/inst/conv_worker_U/grp_conv_worker_Pipeline_LOAD_IN_VITIS_LOOP_140_3_fu_393/gmem0_addr_reg_2284[22]_i_3_n_0.  Did not re-place instance fastvit_bd_i/worker_0/inst/conv_worker_U/grp_conv_worker_Pipeline_LOAD_IN_VITIS_LOOP_140_3_fu_393/gmem0_addr_reg_2284[22]_i_3
INFO: [Physopt 32-662] Processed net fastvit_bd_i/worker_0/inst/conv_worker_U/grp_conv_worker_Pipeline_LOAD_IN_VITIS_LOOP_140_3_fu_393/gmem0_addr_reg_2284[26]_i_3_n_0.  Did not re-place instance fastvit_bd_i/worker_0/inst/conv_worker_U/grp_conv_worker_Pipeline_LOAD_IN_VITIS_LOOP_140_3_fu_393/gmem0_addr_reg_2284[26]_i_3
INFO: [Physopt 32-662] Processed net fastvit_bd_i/worker_0/inst/conv_worker_U/grp_conv_worker_Pipeline_LOAD_IN_VITIS_LOOP_140_3_fu_393/gmem0_addr_reg_2284[6]_i_3_n_0.  Did not re-place instance fastvit_bd_i/worker_0/inst/conv_worker_U/grp_conv_worker_Pipeline_LOAD_IN_VITIS_LOOP_140_3_fu_393/gmem0_addr_reg_2284[6]_i_3
INFO: [Physopt 32-662] Processed net fastvit_bd_i/worker_0/inst/conv_worker_U/grp_conv_worker_Pipeline_LOAD_IN_VITIS_LOOP_140_3_fu_393/gmem0_addr_reg_2284[6]_i_9_n_0.  Did not re-place instance fastvit_bd_i/worker_0/inst/conv_worker_U/grp_conv_worker_Pipeline_LOAD_IN_VITIS_LOOP_140_3_fu_393/gmem0_addr_reg_2284[6]_i_9
INFO: [Physopt 32-662] Processed net fastvit_bd_i/worker_0/inst/conv_worker_U/grp_conv_worker_Pipeline_LOAD_IN_VITIS_LOOP_140_3_fu_393/gmem0_addr_reg_2284[60].  Did not re-place instance fastvit_bd_i/worker_0/inst/conv_worker_U/grp_conv_worker_Pipeline_LOAD_IN_VITIS_LOOP_140_3_fu_393/gmem0_addr_reg_2284_reg[60]
INFO: [Physopt 32-662] Processed net fastvit_bd_i/worker_0/inst/conv_worker_U/grp_conv_worker_Pipeline_LOAD_IN_VITIS_LOOP_140_3_fu_393/ap_block_pp0_stage7_subdone_grp0_done_reg_reg_n_0.  Did not re-place instance fastvit_bd_i/worker_0/inst/conv_worker_U/grp_conv_worker_Pipeline_LOAD_IN_VITIS_LOOP_140_3_fu_393/ap_block_pp0_stage7_subdone_grp0_done_reg_reg
INFO: [Physopt 32-662] Processed net fastvit_bd_i/worker_0/inst/conv_worker_U/grp_conv_worker_Pipeline_COMPUTE_KH_COMPUTE_KW_COMPUTE_TR_COMPUTE_TC_fu_466/ap_CS_fsm_reg[61]_0.  Did not re-place instance fastvit_bd_i/worker_0/inst/conv_worker_U/grp_conv_worker_Pipeline_COMPUTE_KH_COMPUTE_KW_COMPUTE_TR_COMPUTE_TC_fu_466/ram_reg_0_15_0_0__0_i_1
INFO: [Physopt 32-662] Processed net fastvit_bd_i/worker_0/inst/conv_worker_U/grp_conv_worker_Pipeline_LOAD_IN_VITIS_LOOP_140_3_fu_393/grp_conv_worker_Pipeline_LOAD_IN_VITIS_LOOP_140_3_fu_393_p_ZL6in_buf_0_ce0_repN.  Did not re-place instance fastvit_bd_i/worker_0/inst/conv_worker_U/grp_conv_worker_Pipeline_LOAD_IN_VITIS_LOOP_140_3_fu_393/q0[3]_i_3__0_replica
INFO: [Physopt 32-662] Processed net fastvit_bd_i/worker_0/inst/conv_worker_U/grp_conv_worker_Pipeline_LOAD_IN_VITIS_LOOP_140_3_fu_393/row_base_reg_2271[31]_i_1_n_0.  Did not re-place instance fastvit_bd_i/worker_0/inst/conv_worker_U/grp_conv_worker_Pipeline_LOAD_IN_VITIS_LOOP_140_3_fu_393/row_base_reg_2271[31]_i_1
INFO: [Physopt 32-662] Processed net fastvit_bd_i/worker_0/inst/conv_worker_U/grp_conv_worker_Pipeline_LOAD_IN_VITIS_LOOP_140_3_fu_393/q0[3]_i_5_n_0.  Did not re-place instance fastvit_bd_i/worker_0/inst/conv_worker_U/grp_conv_worker_Pipeline_LOAD_IN_VITIS_LOOP_140_3_fu_393/q0[3]_i_5
INFO: [Physopt 32-662] Processed net fastvit_bd_i/worker_0/inst/conv_worker_U/grp_conv_worker_Pipeline_LOAD_IN_VITIS_LOOP_140_3_fu_393/p_0_in__8.  Did not re-place instance fastvit_bd_i/worker_0/inst/conv_worker_U/grp_conv_worker_Pipeline_LOAD_IN_VITIS_LOOP_140_3_fu_393/ram_reg_0_15_0_0_i_3
INFO: [Physopt 32-662] Processed net fastvit_bd_i/worker_0/inst/conv_worker_U/grp_conv_worker_Pipeline_LOAD_IN_VITIS_LOOP_140_3_fu_393/grp_conv_worker_Pipeline_LOAD_IN_VITIS_LOOP_140_3_fu_393_p_ZL6in_buf_0_we0.  Did not re-place instance fastvit_bd_i/worker_0/inst/conv_worker_U/grp_conv_worker_Pipeline_LOAD_IN_VITIS_LOOP_140_3_fu_393/ram_reg_0_63_0_0_i_14
INFO: [Physopt 32-662] Processed net fastvit_bd_i/worker_0/inst/conv_worker_U/grp_conv_worker_Pipeline_LOAD_IN_VITIS_LOOP_140_3_fu_393/q0[3]_i_7_n_0.  Did not re-place instance fastvit_bd_i/worker_0/inst/conv_worker_U/grp_conv_worker_Pipeline_LOAD_IN_VITIS_LOOP_140_3_fu_393/q0[3]_i_7
INFO: [Physopt 32-662] Processed net fastvit_bd_i/worker_0/inst/conv_worker_U/grp_conv_worker_Pipeline_LOAD_IN_VITIS_LOOP_140_3_fu_393/ram_reg_0_63_0_0_i_25_n_0.  Did not re-place instance fastvit_bd_i/worker_0/inst/conv_worker_U/grp_conv_worker_Pipeline_LOAD_IN_VITIS_LOOP_140_3_fu_393/ram_reg_0_63_0_0_i_25
INFO: [Physopt 32-662] Processed net fastvit_bd_i/worker_0/inst/conv_worker_U/grp_conv_worker_Pipeline_LOAD_IN_VITIS_LOOP_140_3_fu_393/push_0.  Did not re-place instance fastvit_bd_i/worker_0/inst/conv_worker_U/grp_conv_worker_Pipeline_LOAD_IN_VITIS_LOOP_140_3_fu_393/mem_reg[68][0]_srl32_i_1
INFO: [Physopt 32-662] Processed net fastvit_bd_i/worker_0/inst/conv_gmem0_m_axi_U/load_unit_0/fifo_rreq/U_fifo_srl/mem_reg[68][5]_srl32__0_n_0.  Did not re-place instance fastvit_bd_i/worker_0/inst/conv_gmem0_m_axi_U/load_unit_0/fifo_rreq/U_fifo_srl/mem_reg[68][5]_srl32__0
INFO: [Physopt 32-662] Processed net fastvit_bd_i/worker_0/inst/conv_gmem0_m_axi_U/load_unit_0/fifo_rreq/U_fifo_srl/mem_reg[68][5]_srl32__0_n_1.  Did not re-place instance fastvit_bd_i/worker_0/inst/conv_gmem0_m_axi_U/load_unit_0/fifo_rreq/U_fifo_srl/mem_reg[68][5]_srl32__0
INFO: [Physopt 32-662] Processed net fastvit_bd_i/worker_0/inst/conv_gmem0_m_axi_U/load_unit_0/fifo_rreq/U_fifo_srl/mem_reg[68][5]_srl32_n_0.  Did not re-place instance fastvit_bd_i/worker_0/inst/conv_gmem0_m_axi_U/load_unit_0/fifo_rreq/U_fifo_srl/mem_reg[68][5]_srl32
INFO: [Physopt 32-662] Processed net fastvit_bd_i/worker_0/inst/conv_gmem0_m_axi_U/load_unit_0/fifo_rreq/U_fifo_srl/mem_reg[68][5]_srl32_n_1.  Did not re-place instance fastvit_bd_i/worker_0/inst/conv_gmem0_m_axi_U/load_unit_0/fifo_rreq/U_fifo_srl/mem_reg[68][5]_srl32
INFO: [Physopt 32-662] Processed net fastvit_bd_i/worker_0/inst/conv_worker_U/grp_conv_worker_Pipeline_COMPUTE_KH_COMPUTE_KW_COMPUTE_TR_COMPUTE_TC_fu_466/zext_ln193_1_reg_1003_reg[6]_1.  Did not re-place instance fastvit_bd_i/worker_0/inst/conv_worker_U/grp_conv_worker_Pipeline_COMPUTE_KH_COMPUTE_KW_COMPUTE_TR_COMPUTE_TC_fu_466/ram_reg_0_15_0_0__0_i_1__0
INFO: [Physopt 32-662] Processed net fastvit_bd_i/worker_0/inst/conv_worker_U/grp_conv_worker_Pipeline_LOAD_IN_VITIS_LOOP_140_3_fu_393/p_0_in__9.  Did not re-place instance fastvit_bd_i/worker_0/inst/conv_worker_U/grp_conv_worker_Pipeline_LOAD_IN_VITIS_LOOP_140_3_fu_393/ram_reg_0_15_0_0_i_2
INFO: [Physopt 32-662] Processed net fastvit_bd_i/worker_0/inst/control_s_axi_U/gmem0_addr_reg_2284[30]_i_6_n_0.  Did not re-place instance fastvit_bd_i/worker_0/inst/control_s_axi_U/gmem0_addr_reg_2284[30]_i_6
INFO: [Physopt 32-662] Processed net fastvit_bd_i/worker_0/inst/conv_worker_U/grp_conv_worker_Pipeline_LOAD_IN_VITIS_LOOP_140_3_fu_393/m_axi_gmem0_0_ARVALID8154_out.  Did not re-place instance fastvit_bd_i/worker_0/inst/conv_worker_U/grp_conv_worker_Pipeline_LOAD_IN_VITIS_LOOP_140_3_fu_393/mem_reg[68][0]_srl32_i_12
INFO: [Physopt 32-662] Processed net fastvit_bd_i/worker_0/inst/conv_worker_U/grp_conv_worker_Pipeline_LOAD_IN_VITIS_LOOP_140_3_fu_393/ap_enable_reg_pp0_iter2.  Did not re-place instance fastvit_bd_i/worker_0/inst/conv_worker_U/grp_conv_worker_Pipeline_LOAD_IN_VITIS_LOOP_140_3_fu_393/ap_enable_reg_pp0_iter2_reg
INFO: [Physopt 32-662] Processed net fastvit_bd_i/worker_0/inst/conv_worker_U/grp_conv_worker_Pipeline_LOAD_IN_VITIS_LOOP_140_3_fu_393/trunc_ln150_reg_2438[1].  Did not re-place instance fastvit_bd_i/worker_0/inst/conv_worker_U/grp_conv_worker_Pipeline_LOAD_IN_VITIS_LOOP_140_3_fu_393/trunc_ln150_reg_2438_reg[1]
INFO: [Physopt 32-662] Processed net fastvit_bd_i/worker_0/inst/conv_worker_U/grp_conv_worker_Pipeline_LOAD_IN_VITIS_LOOP_140_3_fu_393/i_1/O_n_2.  Did not re-place instance fastvit_bd_i/worker_0/inst/conv_worker_U/grp_conv_worker_Pipeline_LOAD_IN_VITIS_LOOP_140_3_fu_393/i_1_LOPT_REMAP_2_rewire_rewire
INFO: [Physopt 32-662] Processed net fastvit_bd_i/worker_0/inst/conv_worker_U/grp_conv_worker_Pipeline_LOAD_IN_VITIS_LOOP_140_3_fu_393/ram_reg_0_63_0_0_i_51_n_0.  Did not re-place instance fastvit_bd_i/worker_0/inst/conv_worker_U/grp_conv_worker_Pipeline_LOAD_IN_VITIS_LOOP_140_3_fu_393/ram_reg_0_63_0_0_i_51
INFO: [Physopt 32-662] Processed net fastvit_bd_i/worker_0/inst/conv_worker_U/grp_conv_worker_Pipeline_COMPUTE_KH_COMPUTE_KW_COMPUTE_TR_COMPUTE_TC_fu_466/p_ZL6in_buf_0_address0[1].  Did not re-place instance fastvit_bd_i/worker_0/inst/conv_worker_U/grp_conv_worker_Pipeline_COMPUTE_KH_COMPUTE_KW_COMPUTE_TR_COMPUTE_TC_fu_466/ram_reg_0_63_0_0_i_8
INFO: [Physopt 32-662] Processed net fastvit_bd_i/worker_0/inst/conv_worker_U/grp_conv_worker_Pipeline_LOAD_IN_VITIS_LOOP_140_3_fu_393/grp_conv_worker_Pipeline_LOAD_IN_VITIS_LOOP_140_3_fu_393_p_ZL6in_buf_0_address0[5].  Did not re-place instance fastvit_bd_i/worker_0/inst/conv_worker_U/grp_conv_worker_Pipeline_LOAD_IN_VITIS_LOOP_140_3_fu_393/ram_reg_0_63_0_0_i_20
INFO: [Physopt 32-662] Processed net fastvit_bd_i/worker_0/inst/conv_worker_U/grp_conv_worker_Pipeline_LOAD_IN_VITIS_LOOP_140_3_fu_393/data8[5].  Did not re-place instance fastvit_bd_i/worker_0/inst/conv_worker_U/grp_conv_worker_Pipeline_LOAD_IN_VITIS_LOOP_140_3_fu_393/trunc_ln150_reg_2438[5]_i_1
INFO: [Physopt 32-662] Processed net fastvit_bd_i/worker_0/inst/conv_worker_U/grp_conv_worker_Pipeline_LOAD_IN_VITIS_LOOP_140_3_fu_393/ram_reg_0_63_0_0_i_40_n_0.  Did not re-place instance fastvit_bd_i/worker_0/inst/conv_worker_U/grp_conv_worker_Pipeline_LOAD_IN_VITIS_LOOP_140_3_fu_393/ram_reg_0_63_0_0_i_40
INFO: [Physopt 32-662] Processed net fastvit_bd_i/worker_0/inst/conv_worker_U/grp_conv_worker_Pipeline_LOAD_IN_VITIS_LOOP_140_3_fu_393/zext_ln150_1_fu_1674_p1[3]_repN_1.  Did not re-place instance fastvit_bd_i/worker_0/inst/conv_worker_U/grp_conv_worker_Pipeline_LOAD_IN_VITIS_LOOP_140_3_fu_393/select_ln137_reg_2175_pp0_iter8_reg_reg[0]_srl8_srlopt_replica_1
INFO: [Physopt 32-662] Processed net fastvit_bd_i/worker_0/inst/conv_worker_U/grp_conv_worker_Pipeline_LOAD_IN_VITIS_LOOP_140_3_fu_393/ap_CS_fsm_reg[61]_1[3].  Did not re-place instance fastvit_bd_i/worker_0/inst/conv_worker_U/grp_conv_worker_Pipeline_LOAD_IN_VITIS_LOOP_140_3_fu_393/ram_reg_0_63_0_0_i_6__0
INFO: [Physopt 32-662] Processed net fastvit_bd_i/worker_0/inst/conv_worker_U/p_ZL6in_buf_0_U/q00__7[2].  Did not re-place instance fastvit_bd_i/worker_0/inst/conv_worker_U/p_ZL6in_buf_0_U/q0[2]_i_1
INFO: [Physopt 32-662] Processed net fastvit_bd_i/worker_0/inst/conv_worker_U/p_ZL6in_buf_0_U/Q[2].  Did not re-place instance fastvit_bd_i/worker_0/inst/conv_worker_U/p_ZL6in_buf_0_U/q0_reg[2]
INFO: [Physopt 32-662] Processed net fastvit_bd_i/worker_0/inst/conv_worker_U/grp_conv_worker_Pipeline_LOAD_IN_VITIS_LOOP_140_3_fu_393/ap_CS_fsm_reg[2]_0[53].  Did not re-place instance fastvit_bd_i/worker_0/inst/conv_worker_U/grp_conv_worker_Pipeline_LOAD_IN_VITIS_LOOP_140_3_fu_393/mem_reg[68][53]_srl32_i_1
INFO: [Physopt 32-662] Processed net fastvit_bd_i/worker_0/inst/conv_worker_U/grp_conv_worker_Pipeline_LOAD_IN_VITIS_LOOP_140_3_fu_393/mem_reg[68][53]_srl32_i_3_n_0.  Did not re-place instance fastvit_bd_i/worker_0/inst/conv_worker_U/grp_conv_worker_Pipeline_LOAD_IN_VITIS_LOOP_140_3_fu_393/mem_reg[68][53]_srl32_i_3
INFO: [Physopt 32-662] Processed net fastvit_bd_i/worker_0/inst/conv_gmem0_m_axi_U/load_unit_0/fifo_rreq/U_fifo_srl/mem_reg[68][53]_srl32_n_0.  Did not re-place instance fastvit_bd_i/worker_0/inst/conv_gmem0_m_axi_U/load_unit_0/fifo_rreq/U_fifo_srl/mem_reg[68][53]_srl32
INFO: [Physopt 32-662] Processed net fastvit_bd_i/worker_0/inst/conv_gmem0_m_axi_U/load_unit_0/fifo_rreq/U_fifo_srl/mem_reg[68][53]_srl32_n_1.  Did not re-place instance fastvit_bd_i/worker_0/inst/conv_gmem0_m_axi_U/load_unit_0/fifo_rreq/U_fifo_srl/mem_reg[68][53]_srl32
INFO: [Physopt 32-662] Processed net fastvit_bd_i/worker_0/inst/conv_worker_U/grp_conv_worker_Pipeline_LOAD_IN_VITIS_LOOP_140_3_fu_393/q0[3]_i_6_n_0.  Did not re-place instance fastvit_bd_i/worker_0/inst/conv_worker_U/grp_conv_worker_Pipeline_LOAD_IN_VITIS_LOOP_140_3_fu_393/q0[3]_i_6
INFO: [Physopt 32-662] Processed net fastvit_bd_i/worker_0/inst/conv_worker_U/grp_conv_worker_Pipeline_LOAD_IN_VITIS_LOOP_140_3_fu_393/ap_phi_reg_pp0_iter10_storemerge179_reg_790[3]_i_2_n_0_repN.  Did not re-place instance fastvit_bd_i/worker_0/inst/conv_worker_U/grp_conv_worker_Pipeline_LOAD_IN_VITIS_LOOP_140_3_fu_393/ap_phi_reg_pp0_iter10_storemerge179_reg_790[3]_i_2_replica
INFO: [Physopt 32-662] Processed net fastvit_bd_i/worker_0/inst/conv_worker_U/grp_conv_worker_Pipeline_LOAD_IN_VITIS_LOOP_140_3_fu_393/row_base_reg_2271[4].  Did not re-place instance fastvit_bd_i/worker_0/inst/conv_worker_U/grp_conv_worker_Pipeline_LOAD_IN_VITIS_LOOP_140_3_fu_393/row_base_reg_2271_reg[4]
INFO: [Physopt 32-662] Processed net fastvit_bd_i/worker_0/inst/conv_worker_U/grp_conv_worker_Pipeline_LOAD_IN_VITIS_LOOP_140_3_fu_393/gmem0_addr_reg_2284[6]_i_10_n_0.  Did not re-place instance fastvit_bd_i/worker_0/inst/conv_worker_U/grp_conv_worker_Pipeline_LOAD_IN_VITIS_LOOP_140_3_fu_393/gmem0_addr_reg_2284[6]_i_10
INFO: [Physopt 32-662] Processed net fastvit_bd_i/worker_0/inst/conv_worker_U/grp_conv_worker_Pipeline_LOAD_IN_VITIS_LOOP_140_3_fu_393/ram_reg_0_63_0_0_i_63_n_0.  Did not re-place instance fastvit_bd_i/worker_0/inst/conv_worker_U/grp_conv_worker_Pipeline_LOAD_IN_VITIS_LOOP_140_3_fu_393/ram_reg_0_63_0_0_i_63
INFO: [Physopt 32-662] Processed net fastvit_bd_i/worker_0/inst/conv_worker_U/grp_conv_worker_Pipeline_LOAD_IN_VITIS_LOOP_140_3_fu_393/ap_enable_reg_pp0_iter9_repN.  Did not re-place instance fastvit_bd_i/worker_0/inst/conv_worker_U/grp_conv_worker_Pipeline_LOAD_IN_VITIS_LOOP_140_3_fu_393/ap_enable_reg_pp0_iter9_reg_replica
INFO: [Physopt 32-662] Processed net fastvit_bd_i/worker_0/inst/conv_worker_U/grp_conv_worker_Pipeline_LOAD_IN_VITIS_LOOP_140_3_fu_393/m_axi_gmem0_0_ARVALID5.  Did not re-place instance fastvit_bd_i/worker_0/inst/conv_worker_U/grp_conv_worker_Pipeline_LOAD_IN_VITIS_LOOP_140_3_fu_393/mem_reg[68][0]_srl32_i_6_rewire
INFO: [Physopt 32-662] Processed net fastvit_bd_i/worker_0/inst/conv_gmem0_m_axi_U/load_unit_0/fifo_rreq/U_fifo_srl/mem_reg[68][43]_srl32__0_n_0.  Did not re-place instance fastvit_bd_i/worker_0/inst/conv_gmem0_m_axi_U/load_unit_0/fifo_rreq/U_fifo_srl/mem_reg[68][43]_srl32__0
INFO: [Physopt 32-662] Processed net fastvit_bd_i/worker_0/inst/conv_gmem0_m_axi_U/load_unit_0/fifo_rreq/U_fifo_srl/mem_reg[68][43]_srl32__0_n_1.  Did not re-place instance fastvit_bd_i/worker_0/inst/conv_gmem0_m_axi_U/load_unit_0/fifo_rreq/U_fifo_srl/mem_reg[68][43]_srl32__0
INFO: [Physopt 32-662] Processed net fastvit_bd_i/worker_0/inst/conv_gmem0_m_axi_U/load_unit_0/fifo_rreq/U_fifo_srl/mem_reg[68][43]_srl32_n_0.  Did not re-place instance fastvit_bd_i/worker_0/inst/conv_gmem0_m_axi_U/load_unit_0/fifo_rreq/U_fifo_srl/mem_reg[68][43]_srl32
INFO: [Physopt 32-662] Processed net fastvit_bd_i/worker_0/inst/conv_gmem0_m_axi_U/load_unit_0/fifo_rreq/U_fifo_srl/mem_reg[68][43]_srl32_n_1.  Did not re-place instance fastvit_bd_i/worker_0/inst/conv_gmem0_m_axi_U/load_unit_0/fifo_rreq/U_fifo_srl/mem_reg[68][43]_srl32
INFO: [Physopt 32-662] Processed net fastvit_bd_i/worker_0/inst/conv_worker_U/grp_conv_worker_Pipeline_COMPUTE_KH_COMPUTE_KW_COMPUTE_TR_COMPUTE_TC_fu_466/p_ZL6in_buf_0_address0[0].  Did not re-place instance fastvit_bd_i/worker_0/inst/conv_worker_U/grp_conv_worker_Pipeline_COMPUTE_KH_COMPUTE_KW_COMPUTE_TR_COMPUTE_TC_fu_466/ram_reg_0_63_0_0_i_7__0
INFO: [Physopt 32-662] Processed net fastvit_bd_i/worker_0/inst/conv_worker_U/grp_conv_worker_Pipeline_LOAD_IN_VITIS_LOOP_140_3_fu_393/ap_CS_fsm_pp0_stage7.  Did not re-place instance fastvit_bd_i/worker_0/inst/conv_worker_U/grp_conv_worker_Pipeline_LOAD_IN_VITIS_LOOP_140_3_fu_393/ap_CS_fsm_reg[7]
INFO: [Physopt 32-662] Processed net fastvit_bd_i/worker_0/inst/conv_worker_U/grp_conv_worker_Pipeline_LOAD_IN_VITIS_LOOP_140_3_fu_393/grp_conv_worker_Pipeline_LOAD_IN_VITIS_LOOP_140_3_fu_393_p_ZL6in_buf_0_address0[4].  Did not re-place instance fastvit_bd_i/worker_0/inst/conv_worker_U/grp_conv_worker_Pipeline_LOAD_IN_VITIS_LOOP_140_3_fu_393/ram_reg_0_63_0_0_i_19
INFO: [Physopt 32-662] Processed net fastvit_bd_i/worker_0/inst/conv_worker_U/grp_conv_worker_Pipeline_LOAD_IN_VITIS_LOOP_140_3_fu_393/ram_reg_0_63_0_0_i_37_n_0.  Did not re-place instance fastvit_bd_i/worker_0/inst/conv_worker_U/grp_conv_worker_Pipeline_LOAD_IN_VITIS_LOOP_140_3_fu_393/ram_reg_0_63_0_0_i_37
INFO: [Physopt 32-662] Processed net fastvit_bd_i/worker_0/inst/conv_worker_U/grp_conv_worker_Pipeline_LOAD_IN_VITIS_LOOP_140_3_fu_393/ap_CS_fsm_pp0_stage8.  Did not re-place instance fastvit_bd_i/worker_0/inst/conv_worker_U/grp_conv_worker_Pipeline_LOAD_IN_VITIS_LOOP_140_3_fu_393/ap_CS_fsm_reg[8]
INFO: [Physopt 32-662] Processed net fastvit_bd_i/worker_0/inst/conv_worker_U/grp_conv_worker_Pipeline_LOAD_IN_VITIS_LOOP_140_3_fu_393/p_116_in.  Did not re-place instance fastvit_bd_i/worker_0/inst/conv_worker_U/grp_conv_worker_Pipeline_LOAD_IN_VITIS_LOOP_140_3_fu_393/ap_phi_reg_pp0_iter10_storemerge183_reg_842[3]_i_4
INFO: [Physopt 32-662] Processed net fastvit_bd_i/worker_0/inst/conv_worker_U/grp_conv_worker_Pipeline_LOAD_IN_VITIS_LOOP_140_3_fu_393/ram_reg_0_63_0_0_i_39_n_0.  Did not re-place instance fastvit_bd_i/worker_0/inst/conv_worker_U/grp_conv_worker_Pipeline_LOAD_IN_VITIS_LOOP_140_3_fu_393/ram_reg_0_63_0_0_i_39
INFO: [Physopt 32-662] Processed net fastvit_bd_i/worker_0/inst/conv_worker_U/grp_conv_worker_Pipeline_LOAD_IN_VITIS_LOOP_140_3_fu_393/ram_reg_0_63_0_0_i_61_n_0.  Did not re-place instance fastvit_bd_i/worker_0/inst/conv_worker_U/grp_conv_worker_Pipeline_LOAD_IN_VITIS_LOOP_140_3_fu_393/ram_reg_0_63_0_0_i_61
INFO: [Physopt 32-662] Processed net fastvit_bd_i/worker_0/inst/conv_gmem0_m_axi_U/load_unit_0/fifo_rreq/raddr_reg[3]_rep_n_0.  Did not re-place instance fastvit_bd_i/worker_0/inst/conv_gmem0_m_axi_U/load_unit_0/fifo_rreq/raddr_reg[3]_rep
INFO: [Physopt 32-662] Processed net fastvit_bd_i/worker_0/inst/conv_gmem0_m_axi_U/load_unit_0/fifo_rreq/U_fifo_srl/mem_reg[68][46]_srl32__0_n_0.  Did not re-place instance fastvit_bd_i/worker_0/inst/conv_gmem0_m_axi_U/load_unit_0/fifo_rreq/U_fifo_srl/mem_reg[68][46]_srl32__0
INFO: [Physopt 32-662] Processed net fastvit_bd_i/worker_0/inst/conv_gmem0_m_axi_U/load_unit_0/fifo_rreq/U_fifo_srl/mem_reg[68][46]_srl32__0_n_1.  Did not re-place instance fastvit_bd_i/worker_0/inst/conv_gmem0_m_axi_U/load_unit_0/fifo_rreq/U_fifo_srl/mem_reg[68][46]_srl32__0
INFO: [Physopt 32-662] Processed net fastvit_bd_i/worker_0/inst/conv_gmem0_m_axi_U/load_unit_0/fifo_rreq/U_fifo_srl/mem_reg[68][46]_srl32_n_0.  Did not re-place instance fastvit_bd_i/worker_0/inst/conv_gmem0_m_axi_U/load_unit_0/fifo_rreq/U_fifo_srl/mem_reg[68][46]_srl32
INFO: [Physopt 32-662] Processed net fastvit_bd_i/worker_0/inst/conv_gmem0_m_axi_U/load_unit_0/fifo_rreq/U_fifo_srl/mem_reg[68][46]_srl32_n_1.  Did not re-place instance fastvit_bd_i/worker_0/inst/conv_gmem0_m_axi_U/load_unit_0/fifo_rreq/U_fifo_srl/mem_reg[68][46]_srl32
INFO: [Physopt 32-662] Processed net fastvit_bd_i/worker_0/inst/conv_gmem0_m_axi_U/load_unit_0/fifo_rreq/U_fifo_srl/mem_reg[68][41]_srl32__0_n_0.  Did not re-place instance fastvit_bd_i/worker_0/inst/conv_gmem0_m_axi_U/load_unit_0/fifo_rreq/U_fifo_srl/mem_reg[68][41]_srl32__0
INFO: [Physopt 32-662] Processed net fastvit_bd_i/worker_0/inst/conv_gmem0_m_axi_U/load_unit_0/fifo_rreq/U_fifo_srl/mem_reg[68][41]_srl32__0_n_1.  Did not re-place instance fastvit_bd_i/worker_0/inst/conv_gmem0_m_axi_U/load_unit_0/fifo_rreq/U_fifo_srl/mem_reg[68][41]_srl32__0
INFO: [Physopt 32-662] Processed net fastvit_bd_i/worker_0/inst/conv_gmem0_m_axi_U/load_unit_0/fifo_rreq/U_fifo_srl/mem_reg[68][41]_srl32_n_0.  Did not re-place instance fastvit_bd_i/worker_0/inst/conv_gmem0_m_axi_U/load_unit_0/fifo_rreq/U_fifo_srl/mem_reg[68][41]_srl32
INFO: [Physopt 32-662] Processed net fastvit_bd_i/worker_0/inst/conv_gmem0_m_axi_U/load_unit_0/fifo_rreq/U_fifo_srl/mem_reg[68][41]_srl32_n_1.  Did not re-place instance fastvit_bd_i/worker_0/inst/conv_gmem0_m_axi_U/load_unit_0/fifo_rreq/U_fifo_srl/mem_reg[68][41]_srl32
INFO: [Physopt 32-662] Processed net fastvit_bd_i/worker_0/inst/conv_gmem0_m_axi_U/load_unit_0/fifo_rreq/U_fifo_srl/mem_reg[68][17]_srl32__1_n_0.  Did not re-place instance fastvit_bd_i/worker_0/inst/conv_gmem0_m_axi_U/load_unit_0/fifo_rreq/U_fifo_srl/mem_reg[68][17]_srl32__1
INFO: [Physopt 32-662] Processed net fastvit_bd_i/worker_0/inst/conv_gmem0_m_axi_U/load_unit_0/fifo_rreq/U_fifo_srl/mem_reg[68][22]_srl32__1_n_0.  Did not re-place instance fastvit_bd_i/worker_0/inst/conv_gmem0_m_axi_U/load_unit_0/fifo_rreq/U_fifo_srl/mem_reg[68][22]_srl32__1
INFO: [Physopt 32-662] Processed net fastvit_bd_i/worker_0/inst/conv_gmem0_m_axi_U/load_unit_0/fifo_rreq/U_fifo_srl/mem_reg[68][35]_srl32__1_n_0.  Did not re-place instance fastvit_bd_i/worker_0/inst/conv_gmem0_m_axi_U/load_unit_0/fifo_rreq/U_fifo_srl/mem_reg[68][35]_srl32__1
INFO: [Physopt 32-662] Processed net fastvit_bd_i/worker_0/inst/conv_worker_U/grp_conv_worker_Pipeline_LOAD_IN_VITIS_LOOP_140_3_fu_393/m_axi_gmem0_0_ARVALID2.  Did not re-place instance fastvit_bd_i/worker_0/inst/conv_worker_U/grp_conv_worker_Pipeline_LOAD_IN_VITIS_LOOP_140_3_fu_393/mem_reg[68][0]_srl32_i_11
INFO: [Physopt 32-662] Processed net fastvit_bd_i/worker_0/inst/conv_worker_U/grp_conv_worker_Pipeline_LOAD_IN_VITIS_LOOP_140_3_fu_393/ap_CS_fsm_pp0_stage5_repN_1.  Did not re-place instance fastvit_bd_i/worker_0/inst/conv_worker_U/grp_conv_worker_Pipeline_LOAD_IN_VITIS_LOOP_140_3_fu_393/ap_CS_fsm_reg[5]_replica_1
INFO: [Physopt 32-662] Processed net fastvit_bd_i/worker_0/inst/conv_worker_U/grp_conv_worker_Pipeline_LOAD_IN_VITIS_LOOP_140_3_fu_393/ram_reg_0_15_0_0_i_13_n_0.  Did not re-place instance fastvit_bd_i/worker_0/inst/conv_worker_U/grp_conv_worker_Pipeline_LOAD_IN_VITIS_LOOP_140_3_fu_393/ram_reg_0_15_0_0_i_13
INFO: [Physopt 32-662] Processed net fastvit_bd_i/worker_0/inst/conv_worker_U/grp_conv_worker_Pipeline_LOAD_IN_VITIS_LOOP_140_3_fu_393/ram_reg_0_15_0_0_i_4_n_0.  Did not re-place instance fastvit_bd_i/worker_0/inst/conv_worker_U/grp_conv_worker_Pipeline_LOAD_IN_VITIS_LOOP_140_3_fu_393/ram_reg_0_15_0_0_i_4
INFO: [Physopt 32-662] Processed net fastvit_bd_i/worker_0/inst/conv_worker_U/grp_conv_worker_Pipeline_LOAD_IN_VITIS_LOOP_140_3_fu_393/ram_reg_0_15_0_0_i_9_n_0.  Did not re-place instance fastvit_bd_i/worker_0/inst/conv_worker_U/grp_conv_worker_Pipeline_LOAD_IN_VITIS_LOOP_140_3_fu_393/ram_reg_0_15_0_0_i_9
INFO: [Physopt 32-662] Processed net fastvit_bd_i/worker_0/inst/conv_worker_U/p_ZL6in_buf_1_U/q00__8[1].  Did not re-place instance fastvit_bd_i/worker_0/inst/conv_worker_U/p_ZL6in_buf_1_U/q0[1]_i_1__0
INFO: [Physopt 32-662] Processed net fastvit_bd_i/worker_0/inst/conv_worker_U/p_ZL6in_buf_1_U/Q[1].  Did not re-place instance fastvit_bd_i/worker_0/inst/conv_worker_U/p_ZL6in_buf_1_U/q0_reg[1]
INFO: [Physopt 32-662] Processed net fastvit_bd_i/worker_0/inst/conv_gmem0_m_axi_U/load_unit_0/fifo_rreq/U_fifo_srl/mem_reg[68][18]_srl32__1_n_0.  Did not re-place instance fastvit_bd_i/worker_0/inst/conv_gmem0_m_axi_U/load_unit_0/fifo_rreq/U_fifo_srl/mem_reg[68][18]_srl32__1
INFO: [Physopt 32-662] Processed net fastvit_bd_i/worker_0/inst/conv_gmem0_m_axi_U/load_unit_0/fifo_rreq/U_fifo_srl/mem_reg[68][53]_srl32__0_n_0.  Did not re-place instance fastvit_bd_i/worker_0/inst/conv_gmem0_m_axi_U/load_unit_0/fifo_rreq/U_fifo_srl/mem_reg[68][53]_srl32__0
INFO: [Physopt 32-662] Processed net fastvit_bd_i/worker_0/inst/conv_gmem0_m_axi_U/load_unit_0/fifo_rreq/U_fifo_srl/mem_reg[68][53]_srl32__0_n_1.  Did not re-place instance fastvit_bd_i/worker_0/inst/conv_gmem0_m_axi_U/load_unit_0/fifo_rreq/U_fifo_srl/mem_reg[68][53]_srl32__0
INFO: [Physopt 32-662] Processed net fastvit_bd_i/worker_0/inst/conv_gmem0_m_axi_U/load_unit_0/fifo_rreq/U_fifo_srl/mem_reg[68][60]_srl32__1_n_0.  Did not re-place instance fastvit_bd_i/worker_0/inst/conv_gmem0_m_axi_U/load_unit_0/fifo_rreq/U_fifo_srl/mem_reg[68][60]_srl32__1
INFO: [Physopt 32-662] Processed net fastvit_bd_i/worker_0/inst/conv_worker_U/grp_conv_worker_Pipeline_LOAD_IN_VITIS_LOOP_140_3_fu_393/zext_ln150_1_fu_1674_p1[6].  Did not re-place instance fastvit_bd_i/worker_0/inst/conv_worker_U/grp_conv_worker_Pipeline_LOAD_IN_VITIS_LOOP_140_3_fu_393/select_ln137_reg_2175_pp0_iter9_reg_reg[3]__0
INFO: [Physopt 32-662] Processed net fastvit_bd_i/worker_0/inst/conv_worker_U/grp_conv_worker_Pipeline_LOAD_IN_VITIS_LOOP_140_3_fu_393/row_base_reg_2271[1].  Did not re-place instance fastvit_bd_i/worker_0/inst/conv_worker_U/grp_conv_worker_Pipeline_LOAD_IN_VITIS_LOOP_140_3_fu_393/row_base_reg_2271_reg[1]
INFO: [Physopt 32-662] Processed net fastvit_bd_i/worker_0/inst/conv_worker_U/grp_conv_worker_Pipeline_LOAD_IN_VITIS_LOOP_140_3_fu_393/gmem0_addr_reg_2284[2]_i_2_n_0.  Did not re-place instance fastvit_bd_i/worker_0/inst/conv_worker_U/grp_conv_worker_Pipeline_LOAD_IN_VITIS_LOOP_140_3_fu_393/gmem0_addr_reg_2284[2]_i_2
INFO: [Physopt 32-662] Processed net fastvit_bd_i/worker_0/inst/conv_worker_U/grp_conv_worker_Pipeline_LOAD_IN_VITIS_LOOP_140_3_fu_393/trunc_ln34_reg_2290[2]__0_i_4_n_0.  Did not re-place instance fastvit_bd_i/worker_0/inst/conv_worker_U/grp_conv_worker_Pipeline_LOAD_IN_VITIS_LOOP_140_3_fu_393/trunc_ln34_reg_2290[2]__0_i_4
INFO: [Physopt 32-662] Processed net fastvit_bd_i/worker_0/inst/conv_worker_U/grp_conv_worker_Pipeline_LOAD_IN_VITIS_LOOP_140_3_fu_393/ap_CS_fsm_pp0_stage3.  Did not re-place instance fastvit_bd_i/worker_0/inst/conv_worker_U/grp_conv_worker_Pipeline_LOAD_IN_VITIS_LOOP_140_3_fu_393/ap_CS_fsm_reg[3]
INFO: [Physopt 32-662] Processed net fastvit_bd_i/worker_0/inst/conv_worker_U/grp_conv_worker_Pipeline_LOAD_IN_VITIS_LOOP_140_3_fu_393/p_ZL6in_buf_0_address0_local1.  Did not re-place instance fastvit_bd_i/worker_0/inst/conv_worker_U/grp_conv_worker_Pipeline_LOAD_IN_VITIS_LOOP_140_3_fu_393/q0[3]_i_8
INFO: [Physopt 32-662] Processed net fastvit_bd_i/worker_0/inst/conv_worker_U/phi_mul_reg_334.  Did not re-place instance fastvit_bd_i/worker_0/inst/conv_worker_U/tc_reg_323[28]_i_1
INFO: [Physopt 32-662] Processed net fastvit_bd_i/worker_0/inst/conv_worker_U/m_reg_357_reg_n_0_[0].  Did not re-place instance fastvit_bd_i/worker_0/inst/conv_worker_U/m_reg_357_reg[0]
INFO: [Physopt 32-662] Processed net fastvit_bd_i/worker_0/inst/conv_worker_U/ap_CS_fsm[63]_i_39_n_0.  Did not re-place instance fastvit_bd_i/worker_0/inst/conv_worker_U/ap_CS_fsm[63]_i_39
INFO: [Physopt 32-662] Processed net fastvit_bd_i/worker_0/inst/conv_worker_U/grp_conv_worker_Pipeline_LOAD_IN_VITIS_LOOP_140_3_fu_393/ap_CS_fsm_pp0_stage8_repN.  Did not re-place instance fastvit_bd_i/worker_0/inst/conv_worker_U/grp_conv_worker_Pipeline_LOAD_IN_VITIS_LOOP_140_3_fu_393/ap_CS_fsm_reg[8]_replica
INFO: [Physopt 32-662] Processed net fastvit_bd_i/worker_0/inst/conv_worker_U/grp_conv_worker_Pipeline_VITIS_LOOP_215_8_fu_500/shl_ln15_reg_1221[0]_i_1_n_0.  Did not re-place instance fastvit_bd_i/worker_0/inst/conv_worker_U/grp_conv_worker_Pipeline_VITIS_LOOP_215_8_fu_500/shl_ln15_reg_1221[0]_i_1
INFO: [Physopt 32-662] Processed net fastvit_bd_i/worker_0/inst/conv_worker_U/grp_conv_worker_Pipeline_VITIS_LOOP_215_8_fu_500/i_1/O_n.  Did not re-place instance fastvit_bd_i/worker_0/inst/conv_worker_U/grp_conv_worker_Pipeline_VITIS_LOOP_215_8_fu_500/i_1_LOPT_REMAP_rewire
INFO: [Physopt 32-662] Processed net fastvit_bd_i/worker_0/inst/conv_worker_U/grp_conv_worker_Pipeline_LOAD_IN_VITIS_LOOP_140_3_fu_393/zext_ln150_1_fu_1674_p1[4].  Did not re-place instance fastvit_bd_i/worker_0/inst/conv_worker_U/grp_conv_worker_Pipeline_LOAD_IN_VITIS_LOOP_140_3_fu_393/select_ln137_reg_2175_pp0_iter9_reg_reg[1]__0
INFO: [Physopt 32-662] Processed net fastvit_bd_i/worker_0/inst/conv_worker_U/grp_conv_worker_Pipeline_VITIS_LOOP_215_8_fu_500/ashr_ln15_3_reg_1246[6].  Did not re-place instance fastvit_bd_i/worker_0/inst/conv_worker_U/grp_conv_worker_Pipeline_VITIS_LOOP_215_8_fu_500/ashr_ln15_3_reg_1246_reg[6]
INFO: [Physopt 32-662] Processed net fastvit_bd_i/worker_0/inst/conv_worker_U/grp_conv_worker_Pipeline_VITIS_LOOP_215_8_fu_500/ashr_ln15_3_reg_1246[7]_i_2_n_0.  Did not re-place instance fastvit_bd_i/worker_0/inst/conv_worker_U/grp_conv_worker_Pipeline_VITIS_LOOP_215_8_fu_500/ashr_ln15_3_reg_1246[7]_i_2
INFO: [Physopt 32-662] Processed net fastvit_bd_i/worker_0/inst/conv_worker_U/grp_conv_worker_Pipeline_LOAD_IN_VITIS_LOOP_140_3_fu_393/ram_reg_0_15_0_0_i_5_n_0.  Did not re-place instance fastvit_bd_i/worker_0/inst/conv_worker_U/grp_conv_worker_Pipeline_LOAD_IN_VITIS_LOOP_140_3_fu_393/ram_reg_0_15_0_0_i_5
INFO: [Physopt 32-662] Processed net fastvit_bd_i/worker_0/inst/conv_worker_U/grp_conv_worker_Pipeline_VITIS_LOOP_215_8_fu_500/ashr_ln15_3_fu_506_p2[6].  Did not re-place instance fastvit_bd_i/worker_0/inst/conv_worker_U/grp_conv_worker_Pipeline_VITIS_LOOP_215_8_fu_500/ashr_ln15_3_reg_1246[6]_i_1
INFO: [Physopt 32-662] Processed net fastvit_bd_i/worker_0/inst/conv_worker_U/grp_conv_worker_Pipeline_LOAD_IN_VITIS_LOOP_140_3_fu_393/gmem0_addr_reg_2284[10]_i_6_n_0.  Did not re-place instance fastvit_bd_i/worker_0/inst/conv_worker_U/grp_conv_worker_Pipeline_LOAD_IN_VITIS_LOOP_140_3_fu_393/gmem0_addr_reg_2284[10]_i_6
INFO: [Physopt 32-662] Processed net fastvit_bd_i/worker_0/inst/conv_worker_U/grp_conv_worker_Pipeline_LOAD_IN_VITIS_LOOP_140_3_fu_393/gmem0_addr_reg_2284[14]_i_6_n_0.  Did not re-place instance fastvit_bd_i/worker_0/inst/conv_worker_U/grp_conv_worker_Pipeline_LOAD_IN_VITIS_LOOP_140_3_fu_393/gmem0_addr_reg_2284[14]_i_6
INFO: [Physopt 32-662] Processed net fastvit_bd_i/worker_0/inst/conv_worker_U/grp_conv_worker_Pipeline_LOAD_IN_VITIS_LOOP_140_3_fu_393/gmem0_addr_reg_2284[18]_i_6_n_0.  Did not re-place instance fastvit_bd_i/worker_0/inst/conv_worker_U/grp_conv_worker_Pipeline_LOAD_IN_VITIS_LOOP_140_3_fu_393/gmem0_addr_reg_2284[18]_i_6
INFO: [Physopt 32-662] Processed net fastvit_bd_i/worker_0/inst/conv_worker_U/grp_conv_worker_Pipeline_LOAD_IN_VITIS_LOOP_140_3_fu_393/gmem0_addr_reg_2284[22]_i_6_n_0.  Did not re-place instance fastvit_bd_i/worker_0/inst/conv_worker_U/grp_conv_worker_Pipeline_LOAD_IN_VITIS_LOOP_140_3_fu_393/gmem0_addr_reg_2284[22]_i_6
INFO: [Physopt 32-662] Processed net fastvit_bd_i/worker_0/inst/conv_worker_U/grp_conv_worker_Pipeline_LOAD_IN_VITIS_LOOP_140_3_fu_393/gmem0_addr_reg_2284[26]_i_6_n_0.  Did not re-place instance fastvit_bd_i/worker_0/inst/conv_worker_U/grp_conv_worker_Pipeline_LOAD_IN_VITIS_LOOP_140_3_fu_393/gmem0_addr_reg_2284[26]_i_6
INFO: [Physopt 32-662] Processed net fastvit_bd_i/worker_0/inst/conv_worker_U/grp_conv_worker_Pipeline_LOAD_IN_VITIS_LOOP_140_3_fu_393/int_in_a_reg[29][0].  Did not re-place instance fastvit_bd_i/worker_0/inst/conv_worker_U/grp_conv_worker_Pipeline_LOAD_IN_VITIS_LOOP_140_3_fu_393/gmem0_addr_reg_2284[30]_i_7
INFO: [Physopt 32-662] Processed net fastvit_bd_i/worker_0/inst/conv_gmem0_m_axi_U/load_unit_0/fifo_rreq/U_fifo_srl/mem_reg[68][27]_srl32__1_n_0.  Did not re-place instance fastvit_bd_i/worker_0/inst/conv_gmem0_m_axi_U/load_unit_0/fifo_rreq/U_fifo_srl/mem_reg[68][27]_srl32__1
INFO: [Physopt 32-662] Processed net fastvit_bd_i/worker_0/inst/conv_gmem0_m_axi_U/load_unit_0/fifo_rreq/U_fifo_srl/mem_reg[68][44]_srl32__0_n_0.  Did not re-place instance fastvit_bd_i/worker_0/inst/conv_gmem0_m_axi_U/load_unit_0/fifo_rreq/U_fifo_srl/mem_reg[68][44]_srl32__0
INFO: [Physopt 32-662] Processed net fastvit_bd_i/worker_0/inst/conv_gmem0_m_axi_U/load_unit_0/fifo_rreq/U_fifo_srl/mem_reg[68][44]_srl32__0_n_1.  Did not re-place instance fastvit_bd_i/worker_0/inst/conv_gmem0_m_axi_U/load_unit_0/fifo_rreq/U_fifo_srl/mem_reg[68][44]_srl32__0
INFO: [Physopt 32-662] Processed net fastvit_bd_i/worker_0/inst/conv_gmem0_m_axi_U/load_unit_0/fifo_rreq/U_fifo_srl/mem_reg[68][44]_srl32_n_0.  Did not re-place instance fastvit_bd_i/worker_0/inst/conv_gmem0_m_axi_U/load_unit_0/fifo_rreq/U_fifo_srl/mem_reg[68][44]_srl32
INFO: [Physopt 32-662] Processed net fastvit_bd_i/worker_0/inst/conv_gmem0_m_axi_U/load_unit_0/fifo_rreq/U_fifo_srl/mem_reg[68][44]_srl32_n_1.  Did not re-place instance fastvit_bd_i/worker_0/inst/conv_gmem0_m_axi_U/load_unit_0/fifo_rreq/U_fifo_srl/mem_reg[68][44]_srl32
INFO: [Physopt 32-662] Processed net fastvit_bd_i/worker_0/inst/conv_gmem0_m_axi_U/load_unit_0/fifo_rreq/U_fifo_srl/mem_reg[68][7]_srl32__1_n_0.  Did not re-place instance fastvit_bd_i/worker_0/inst/conv_gmem0_m_axi_U/load_unit_0/fifo_rreq/U_fifo_srl/mem_reg[68][7]_srl32__1
INFO: [Physopt 32-662] Processed net fastvit_bd_i/sc_main/inst/m00_nodes/m00_aw_node/inst/inst_mi_handler/gen_normal_area.gen_node_prog_full.inst_node_prog_full/gen_xpm_memory_fifo.inst_fifo/gen_mem_rep[0].inst_rd_addrb/rd_addrb_incr.  Did not re-place instance fastvit_bd_i/sc_main/inst/m00_nodes/m00_aw_node/inst/inst_mi_handler/gen_normal_area.gen_node_prog_full.inst_node_prog_full/gen_xpm_memory_fifo.inst_fifo/gen_mem_rep[0].inst_rd_addrb/count_r[5]_i_1__1
INFO: [Physopt 32-662] Processed net fastvit_bd_i/sc_main/inst/m00_nodes/m00_aw_node/inst/inst_mi_handler/gen_normal_area.gen_node_prog_full.inst_node_prog_full/gen_xpm_memory_fifo.inst_fifo/gen_wr.inst_wr_addra_p1/gen_wr.afull_r_i_4_n_0.  Did not re-place instance fastvit_bd_i/sc_main/inst/m00_nodes/m00_aw_node/inst/inst_mi_handler/gen_normal_area.gen_node_prog_full.inst_node_prog_full/gen_xpm_memory_fifo.inst_fifo/gen_wr.inst_wr_addra_p1/gen_wr.afull_r_i_4
INFO: [Physopt 32-662] Processed net fastvit_bd_i/sc_main/inst/m00_nodes/m00_aw_node/inst/inst_mi_handler/gen_normal_area.gen_node_prog_full.inst_node_prog_full/gen_xpm_memory_fifo.inst_fifo/gen_wr.afull_r.  Did not re-place instance fastvit_bd_i/sc_main/inst/m00_nodes/m00_aw_node/inst/inst_mi_handler/gen_normal_area.gen_node_prog_full.inst_node_prog_full/gen_xpm_memory_fifo.inst_fifo/gen_wr.afull_r_reg
INFO: [Physopt 32-662] Processed net fastvit_bd_i/worker_0/inst/conv_worker_U/grp_conv_worker_Pipeline_COMPUTE_KH_COMPUTE_KW_COMPUTE_TR_COMPUTE_TC_fu_466/mac_muladd_8s_4s_32s_32_4_1_U2090/fastvit_ip_mac_muladd_8s_4s_32s_32_4_1_DSP48_0_U/Q[2].  Did not re-place instance fastvit_bd_i/worker_0/inst/conv_worker_U/grp_conv_worker_Pipeline_COMPUTE_KH_COMPUTE_KW_COMPUTE_TR_COMPUTE_TC_fu_466/mac_muladd_8s_4s_32s_32_4_1_U2090/fastvit_ip_mac_muladd_8s_4s_32s_32_4_1_DSP48_0_U/b_reg_reg[2]
INFO: [Physopt 32-662] Processed net fastvit_bd_i/worker_0/inst/conv_worker_U/grp_conv_worker_Pipeline_COMPUTE_KH_COMPUTE_KW_COMPUTE_TR_COMPUTE_TC_fu_466/mac_muladd_8s_4s_32s_32_4_1_U2090/fastvit_ip_mac_muladd_8s_4s_32s_32_4_1_DSP48_0_U/m__0_carry__0_i_3_n_0.  Did not re-place instance fastvit_bd_i/worker_0/inst/conv_worker_U/grp_conv_worker_Pipeline_COMPUTE_KH_COMPUTE_KW_COMPUTE_TR_COMPUTE_TC_fu_466/mac_muladd_8s_4s_32s_32_4_1_U2090/fastvit_ip_mac_muladd_8s_4s_32s_32_4_1_DSP48_0_U/m__0_carry__0_i_3
INFO: [Physopt 32-662] Processed net fastvit_bd_i/worker_0/inst/conv_worker_U/p_ZL6wt_buf_0_0_U/ram_reg_1[0].  Did not re-place instance fastvit_bd_i/worker_0/inst/conv_worker_U/p_ZL6wt_buf_0_0_U/m__32_carry__1_i_2
INFO: [Physopt 32-662] Processed net fastvit_bd_i/worker_0/inst/conv_worker_U/grp_conv_worker_Pipeline_COMPUTE_KH_COMPUTE_KW_COMPUTE_TR_COMPUTE_TC_fu_466/mac_muladd_8s_4s_32s_32_4_1_U2090/fastvit_ip_mac_muladd_8s_4s_32s_32_4_1_DSP48_0_U/m__0_carry__0_i_7_n_0.  Did not re-place instance fastvit_bd_i/worker_0/inst/conv_worker_U/grp_conv_worker_Pipeline_COMPUTE_KH_COMPUTE_KW_COMPUTE_TR_COMPUTE_TC_fu_466/mac_muladd_8s_4s_32s_32_4_1_U2090/fastvit_ip_mac_muladd_8s_4s_32s_32_4_1_DSP48_0_U/m__0_carry__0_i_7
INFO: [Physopt 32-662] Processed net fastvit_bd_i/worker_0/inst/conv_worker_U/p_ZL6wt_buf_0_0_U/ram_reg_2[0].  Did not re-place instance fastvit_bd_i/worker_0/inst/conv_worker_U/p_ZL6wt_buf_0_0_U/m__32_carry__1_i_5
INFO: [Physopt 32-662] Processed net fastvit_bd_i/worker_0/inst/conv_worker_U/sub_i_i211_reg_1772[29].  Did not re-place instance fastvit_bd_i/worker_0/inst/conv_worker_U/sub_i_i211_reg_1772_reg[29]
INFO: [Physopt 32-662] Processed net fastvit_bd_i/worker_0/inst/conv_worker_U/grp_conv_worker_Pipeline_COMPUTE_KH_COMPUTE_KW_COMPUTE_TR_COMPUTE_TC_fu_466/mac_muladd_8s_4s_32s_32_4_1_U2090/fastvit_ip_mac_muladd_8s_4s_32s_32_4_1_DSP48_0_U/m_reg[13].  Did not re-place instance fastvit_bd_i/worker_0/inst/conv_worker_U/grp_conv_worker_Pipeline_COMPUTE_KH_COMPUTE_KW_COMPUTE_TR_COMPUTE_TC_fu_466/mac_muladd_8s_4s_32s_32_4_1_U2090/fastvit_ip_mac_muladd_8s_4s_32s_32_4_1_DSP48_0_U/m_reg_reg[13]
INFO: [Physopt 32-662] Processed net fastvit_bd_i/worker_0/inst/conv_worker_U/p_ZL6in_buf_1_U/q00__8[2].  Did not re-place instance fastvit_bd_i/worker_0/inst/conv_worker_U/p_ZL6in_buf_1_U/q0[2]_i_1__0
INFO: [Physopt 32-662] Processed net fastvit_bd_i/worker_0/inst/conv_worker_U/p_ZL6in_buf_1_U/Q[2].  Did not re-place instance fastvit_bd_i/worker_0/inst/conv_worker_U/p_ZL6in_buf_1_U/q0_reg[2]
INFO: [Physopt 32-662] Processed net fastvit_bd_i/worker_0/inst/ctrl_s_axi_U/int_CHin0[15].  Did not re-place instance fastvit_bd_i/worker_0/inst/ctrl_s_axi_U/int_CHin[15]_i_1
INFO: [Physopt 32-662] Processed net fastvit_bd_i/worker_0/inst/conv_worker_U/grp_conv_worker_Pipeline_LOAD_IN_VITIS_LOOP_140_3_fu_393/row_base_reg_2271[0].  Did not re-place instance fastvit_bd_i/worker_0/inst/conv_worker_U/grp_conv_worker_Pipeline_LOAD_IN_VITIS_LOOP_140_3_fu_393/row_base_reg_2271_reg[0]
INFO: [Physopt 32-662] Processed net fastvit_bd_i/worker_0/inst/conv_worker_U/grp_conv_worker_Pipeline_COMPUTE_KH_COMPUTE_KW_COMPUTE_TR_COMPUTE_TC_fu_466/mac_muladd_8s_4s_32s_32_4_1_U2090/fastvit_ip_mac_muladd_8s_4s_32s_32_4_1_DSP48_0_U/m__0_carry__0_i_4_n_0.  Did not re-place instance fastvit_bd_i/worker_0/inst/conv_worker_U/grp_conv_worker_Pipeline_COMPUTE_KH_COMPUTE_KW_COMPUTE_TR_COMPUTE_TC_fu_466/mac_muladd_8s_4s_32s_32_4_1_U2090/fastvit_ip_mac_muladd_8s_4s_32s_32_4_1_DSP48_0_U/m__0_carry__0_i_4
INFO: [Physopt 32-662] Processed net fastvit_bd_i/worker_0/inst/conv_worker_U/grp_conv_worker_Pipeline_LOAD_IN_VITIS_LOOP_140_3_fu_393/gmem0_addr_reg_2284[10]_i_7_n_0.  Did not re-place instance fastvit_bd_i/worker_0/inst/conv_worker_U/grp_conv_worker_Pipeline_LOAD_IN_VITIS_LOOP_140_3_fu_393/gmem0_addr_reg_2284[10]_i_7
INFO: [Physopt 32-662] Processed net fastvit_bd_i/worker_0/inst/conv_worker_U/grp_conv_worker_Pipeline_LOAD_IN_VITIS_LOOP_140_3_fu_393/trunc_ln34_reg_2290[2]__0_i_5_n_0.  Did not re-place instance fastvit_bd_i/worker_0/inst/conv_worker_U/grp_conv_worker_Pipeline_LOAD_IN_VITIS_LOOP_140_3_fu_393/trunc_ln34_reg_2290[2]__0_i_5
INFO: [Physopt 32-662] Processed net fastvit_bd_i/worker_0/inst/control_s_axi_U/int_in_a[31]_i_1_n_0.  Did not re-place instance fastvit_bd_i/worker_0/inst/control_s_axi_U/int_in_a[31]_i_1
INFO: [Physopt 32-662] Processed net fastvit_bd_i/ps_ctrl_ic/xbar/inst/gen_sasd.crossbar_sasd_0/addr_arbiter_inst/m_axi_wvalid[0].  Did not re-place instance fastvit_bd_i/ps_ctrl_ic/xbar/inst/gen_sasd.crossbar_sasd_0/addr_arbiter_inst/m_axi_wvalid[0]_INST_0
INFO: [Physopt 32-662] Processed net fastvit_bd_i/worker_0/inst/control_s_axi_U/int_in_a_reg[29]_0[8].  Did not re-place instance fastvit_bd_i/worker_0/inst/control_s_axi_U/int_in_a_reg[9]
INFO: [Physopt 32-662] Processed net fastvit_bd_i/worker_0/inst/control_s_axi_U/int_out_r[31]_i_1_n_0.  Did not re-place instance fastvit_bd_i/worker_0/inst/control_s_axi_U/int_out_r[31]_i_1
INFO: [Physopt 32-662] Processed net fastvit_bd_i/worker_0/inst/conv_worker_U/grp_conv_worker_Pipeline_COMPUTE_KH_COMPUTE_KW_COMPUTE_TR_COMPUTE_TC_fu_466/mac_muladd_8s_4s_32s_32_4_1_U2092/fastvit_ip_mac_muladd_8s_4s_32s_32_4_1_DSP48_0_U/b_reg_reg[4]_0[2].  Did not re-place instance fastvit_bd_i/worker_0/inst/conv_worker_U/grp_conv_worker_Pipeline_COMPUTE_KH_COMPUTE_KW_COMPUTE_TR_COMPUTE_TC_fu_466/mac_muladd_8s_4s_32s_32_4_1_U2092/fastvit_ip_mac_muladd_8s_4s_32s_32_4_1_DSP48_0_U/b_reg_reg[2]
INFO: [Physopt 32-662] Processed net fastvit_bd_i/worker_0/inst/conv_worker_U/grp_conv_worker_Pipeline_COMPUTE_KH_COMPUTE_KW_COMPUTE_TR_COMPUTE_TC_fu_466/mac_muladd_8s_4s_32s_32_4_1_U2092/fastvit_ip_mac_muladd_8s_4s_32s_32_4_1_DSP48_0_U/m__32_carry__1_i_3__1_n_0.  Did not re-place instance fastvit_bd_i/worker_0/inst/conv_worker_U/grp_conv_worker_Pipeline_COMPUTE_KH_COMPUTE_KW_COMPUTE_TR_COMPUTE_TC_fu_466/mac_muladd_8s_4s_32s_32_4_1_U2092/fastvit_ip_mac_muladd_8s_4s_32s_32_4_1_DSP48_0_U/m__32_carry__1_i_3__1
INFO: [Physopt 32-662] Processed net fastvit_bd_i/worker_0/inst/conv_worker_U/ap_CS_fsm[63]_i_35_n_0.  Did not re-place instance fastvit_bd_i/worker_0/inst/conv_worker_U/ap_CS_fsm[63]_i_35
INFO: [Physopt 32-662] Processed net fastvit_bd_i/worker_0/inst/conv_worker_U/grp_conv_worker_Pipeline_COMPUTE_KH_COMPUTE_KW_COMPUTE_TR_COMPUTE_TC_fu_466/mac_muladd_8s_4s_32s_32_4_1_U2092/fastvit_ip_mac_muladd_8s_4s_32s_32_4_1_DSP48_0_U/m__0_carry__0_i_7__1_n_0.  Did not re-place instance fastvit_bd_i/worker_0/inst/conv_worker_U/grp_conv_worker_Pipeline_COMPUTE_KH_COMPUTE_KW_COMPUTE_TR_COMPUTE_TC_fu_466/mac_muladd_8s_4s_32s_32_4_1_U2092/fastvit_ip_mac_muladd_8s_4s_32s_32_4_1_DSP48_0_U/m__0_carry__0_i_7__1
INFO: [Physopt 32-662] Processed net fastvit_bd_i/worker_0/inst/conv_worker_U/grp_conv_worker_Pipeline_COMPUTE_KH_COMPUTE_KW_COMPUTE_TR_COMPUTE_TC_fu_466/mac_muladd_8s_4s_32s_32_4_1_U2092/fastvit_ip_mac_muladd_8s_4s_32s_32_4_1_DSP48_0_U/m__32_carry__1_i_6__1_n_0.  Did not re-place instance fastvit_bd_i/worker_0/inst/conv_worker_U/grp_conv_worker_Pipeline_COMPUTE_KH_COMPUTE_KW_COMPUTE_TR_COMPUTE_TC_fu_466/mac_muladd_8s_4s_32s_32_4_1_U2092/fastvit_ip_mac_muladd_8s_4s_32s_32_4_1_DSP48_0_U/m__32_carry__1_i_6__1
INFO: [Physopt 32-662] Processed net fastvit_bd_i/worker_0/inst/conv_worker_U/grp_conv_worker_Pipeline_COMPUTE_KH_COMPUTE_KW_COMPUTE_TR_COMPUTE_TC_fu_466/mac_muladd_8s_4s_32s_32_4_1_U2092/fastvit_ip_mac_muladd_8s_4s_32s_32_4_1_DSP48_0_U/Q[13].  Did not re-place instance fastvit_bd_i/worker_0/inst/conv_worker_U/grp_conv_worker_Pipeline_COMPUTE_KH_COMPUTE_KW_COMPUTE_TR_COMPUTE_TC_fu_466/mac_muladd_8s_4s_32s_32_4_1_U2092/fastvit_ip_mac_muladd_8s_4s_32s_32_4_1_DSP48_0_U/m_reg_reg[13]
INFO: [Physopt 32-662] Processed net fastvit_bd_i/worker_0/inst/conv_worker_U/grp_conv_worker_Pipeline_COMPUTE_KH_COMPUTE_KW_COMPUTE_TR_COMPUTE_TC_fu_466/zext_ln193_1_reg_1003_reg[6]_0.  Did not re-place instance fastvit_bd_i/worker_0/inst/conv_worker_U/grp_conv_worker_Pipeline_COMPUTE_KH_COMPUTE_KW_COMPUTE_TR_COMPUTE_TC_fu_466/ram_reg_0_15_0_0_i_1__0
INFO: [Physopt 32-662] Processed net fastvit_bd_i/worker_0/inst/conv_worker_U/grp_conv_worker_Pipeline_LOAD_IN_VITIS_LOOP_140_3_fu_393/ram_reg_0_63_0_0_i_26_n_0.  Did not re-place instance fastvit_bd_i/worker_0/inst/conv_worker_U/grp_conv_worker_Pipeline_LOAD_IN_VITIS_LOOP_140_3_fu_393/ram_reg_0_63_0_0_i_26
INFO: [Physopt 32-662] Processed net fastvit_bd_i/worker_0/inst/conv_worker_U/grp_conv_worker_Pipeline_LOAD_IN_VITIS_LOOP_140_3_fu_393/ap_CS_fsm_pp0_stage6.  Did not re-place instance fastvit_bd_i/worker_0/inst/conv_worker_U/grp_conv_worker_Pipeline_LOAD_IN_VITIS_LOOP_140_3_fu_393/ap_CS_fsm_reg[6]
INFO: [Physopt 32-662] Processed net fastvit_bd_i/worker_0/inst/conv_worker_U/grp_conv_worker_Pipeline_LOAD_IN_VITIS_LOOP_140_3_fu_393/ram_reg_0_63_0_0_i_45_n_0.  Did not re-place instance fastvit_bd_i/worker_0/inst/conv_worker_U/grp_conv_worker_Pipeline_LOAD_IN_VITIS_LOOP_140_3_fu_393/ram_reg_0_63_0_0_i_45
INFO: [Physopt 32-662] Processed net fastvit_bd_i/worker_0/inst/conv_worker_U/p_ZL6wt_buf_1_0_U/ram_reg_3[0].  Did not re-place instance fastvit_bd_i/worker_0/inst/conv_worker_U/p_ZL6wt_buf_1_0_U/m__32_carry__1_i_2__0
INFO: [Physopt 32-662] Processed net fastvit_bd_i/worker_0/inst/conv_worker_U/p_ZL6wt_buf_1_0_U/ram_reg_4[0].  Did not re-place instance fastvit_bd_i/worker_0/inst/conv_worker_U/p_ZL6wt_buf_1_0_U/m__32_carry__1_i_5__0
INFO: [Physopt 32-662] Processed net fastvit_bd_i/worker_0/inst/conv_worker_U/grp_conv_worker_Pipeline_COMPUTE_KH_COMPUTE_KW_COMPUTE_TR_COMPUTE_TC_fu_466/mac_muladd_8s_4s_32s_32_4_1_U2091/fastvit_ip_mac_muladd_8s_4s_32s_32_4_1_DSP48_0_U/m_reg_reg_n_0_[13].  Did not re-place instance fastvit_bd_i/worker_0/inst/conv_worker_U/grp_conv_worker_Pipeline_COMPUTE_KH_COMPUTE_KW_COMPUTE_TR_COMPUTE_TC_fu_466/mac_muladd_8s_4s_32s_32_4_1_U2091/fastvit_ip_mac_muladd_8s_4s_32s_32_4_1_DSP48_0_U/m_reg_reg[13]
INFO: [Physopt 32-662] Processed net fastvit_bd_i/sc_main/inst/s02_entry_pipeline/s02_mmu/inst/ar_reg_stall/sr_axi_arready.  Did not re-place instance fastvit_bd_i/sc_main/inst/s02_entry_pipeline/s02_mmu/inst/ar_reg_stall/state_reg[s_ready_i]
INFO: [Physopt 32-662] Processed net fastvit_bd_i/sc_main/inst/s02_entry_pipeline/s02_mmu/inst/ar_sreg/s_arvector_d[1095].  Did not re-place instance fastvit_bd_i/sc_main/inst/s02_entry_pipeline/s02_mmu/inst/ar_sreg/m_vector_i_reg[1095]
INFO: [Physopt 32-662] Processed net fastvit_bd_i/worker_0/inst/conv_worker_U/grp_conv_worker_Pipeline_LOAD_IN_VITIS_LOOP_140_3_fu_393/gmem0_addr_reg_2284[26]_i_10_n_0.  Did not re-place instance fastvit_bd_i/worker_0/inst/conv_worker_U/grp_conv_worker_Pipeline_LOAD_IN_VITIS_LOOP_140_3_fu_393/gmem0_addr_reg_2284[26]_i_10
INFO: [Physopt 32-662] Processed net fastvit_bd_i/sc_main/inst/s02_entry_pipeline/s02_mmu/inst/ar_sreg/s_arvector_d[1104].  Did not re-place instance fastvit_bd_i/sc_main/inst/s02_entry_pipeline/s02_mmu/inst/ar_sreg/m_vector_i_reg[1104]
INFO: [Physopt 32-662] Processed net fastvit_bd_i/sc_main/inst/s02_entry_pipeline/s02_mmu/inst/ar_sreg/s_arvector_d[1118].  Did not re-place instance fastvit_bd_i/sc_main/inst/s02_entry_pipeline/s02_mmu/inst/ar_sreg/m_vector_i_reg[1118]
INFO: [Physopt 32-662] Processed net fastvit_bd_i/worker_0/inst/conv_worker_U/grp_conv_worker_Pipeline_LOAD_IN_VITIS_LOOP_140_3_fu_393/and_ln147_5_reg_2243[0]_i_5_n_0.  Did not re-place instance fastvit_bd_i/worker_0/inst/conv_worker_U/grp_conv_worker_Pipeline_LOAD_IN_VITIS_LOOP_140_3_fu_393/and_ln147_5_reg_2243[0]_i_5
INFO: [Physopt 32-662] Processed net fastvit_bd_i/worker_0/inst/conv_worker_U/grp_conv_worker_Pipeline_VITIS_LOOP_215_8_fu_500/push.  Did not re-place instance fastvit_bd_i/worker_0/inst/conv_worker_U/grp_conv_worker_Pipeline_VITIS_LOOP_215_8_fu_500/mem_reg[65][0]_srl32_i_1
INFO: [Physopt 32-662] Processed net fastvit_bd_i/worker_0/inst/conv_worker_U/grp_conv_worker_Pipeline_COMPUTE_KH_COMPUTE_KW_COMPUTE_TR_COMPUTE_TC_fu_466/mac_muladd_8s_4s_32s_32_4_1_U2090/fastvit_ip_mac_muladd_8s_4s_32s_32_4_1_DSP48_0_U/m__0_carry__0_i_8_n_0.  Did not re-place instance fastvit_bd_i/worker_0/inst/conv_worker_U/grp_conv_worker_Pipeline_COMPUTE_KH_COMPUTE_KW_COMPUTE_TR_COMPUTE_TC_fu_466/mac_muladd_8s_4s_32s_32_4_1_U2090/fastvit_ip_mac_muladd_8s_4s_32s_32_4_1_DSP48_0_U/m__0_carry__0_i_8
INFO: [Physopt 32-662] Processed net fastvit_bd_i/sc_main/inst/s00_nodes/s00_ar_node/inst/inst_mi_handler/gen_normal_area.inst_fifo_node_payld/gen_xpm_memory_fifo.inst_fifo/gen_wr.inst_wr_addra_p1/gen_rd.fifo_empty_r_i_6_n_0.  Did not re-place instance fastvit_bd_i/sc_main/inst/s00_nodes/s00_ar_node/inst/inst_mi_handler/gen_normal_area.inst_fifo_node_payld/gen_xpm_memory_fifo.inst_fifo/gen_wr.inst_wr_addra_p1/gen_rd.fifo_empty_r_i_6
INFO: [Physopt 32-662] Processed net fastvit_bd_i/worker_0/inst/conv_worker_U/grp_conv_worker_Pipeline_LOAD_IN_VITIS_LOOP_140_3_fu_393/zext_ln150_1_fu_1674_p1[3].  Did not re-place instance fastvit_bd_i/worker_0/inst/conv_worker_U/grp_conv_worker_Pipeline_LOAD_IN_VITIS_LOOP_140_3_fu_393/select_ln137_reg_2175_pp0_iter8_reg_reg[0]_srl8_srlopt
INFO: [Physopt 32-661] Optimized 65 nets.  Re-placed 65 instances.
INFO: [Physopt 32-775] End 1 Pass. Optimized 65 nets or cells. Created 0 new cell, deleted 0 existing cell and moved 65 existing cells
INFO: [Physopt 32-619] Estimated Timing Summary | WNS=-0.309 | TNS=-40.435 |
Netlist sorting complete. Time (s): cpu = 00:00:00 ; elapsed = 00:00:00.010 . Memory (MB): peak = 2544.211 ; gain = 0.000
Phase 29 Single Cell Placement Optimization | Checksum: 21c2cea79

Time (s): cpu = 00:00:47 ; elapsed = 00:00:49 . Memory (MB): peak = 2544.211 ; gain = 20.703

Phase 30 Multi Cell Placement Optimization
INFO: [Physopt 32-660] Identified 100 candidate nets for placement-based optimization.
INFO: [Physopt 32-662] Processed net fastvit_bd_i/worker_0/inst/conv_worker_U/grp_conv_worker_Pipeline_LOAD_IN_VITIS_LOOP_140_3_fu_393/m_axi_gmem0_0_ARVALID8160_out.  Did not re-place instance fastvit_bd_i/worker_0/inst/conv_worker_U/grp_conv_worker_Pipeline_LOAD_IN_VITIS_LOOP_140_3_fu_393/mem_reg[68][0]_srl32_i_15/O
INFO: [Physopt 32-662] Processed net fastvit_bd_i/worker_0/inst/conv_worker_U/grp_conv_worker_Pipeline_LOAD_IN_VITIS_LOOP_140_3_fu_393/conv_g0_ARVALID.  Did not re-place instance fastvit_bd_i/worker_0/inst/conv_worker_U/grp_conv_worker_Pipeline_LOAD_IN_VITIS_LOOP_140_3_fu_393/i_0_LOPT_REMAP_2/O
INFO: [Physopt 32-662] Processed net fastvit_bd_i/worker_0/inst/conv_worker_U/grp_conv_worker_Pipeline_LOAD_IN_VITIS_LOOP_140_3_fu_393/and_ln147_5_reg_2243[0]_i_3_n_0.  Did not re-place instance fastvit_bd_i/worker_0/inst/conv_worker_U/grp_conv_worker_Pipeline_LOAD_IN_VITIS_LOOP_140_3_fu_393/and_ln147_5_reg_2243[0]_i_3/O
INFO: [Physopt 32-662] Processed net fastvit_bd_i/worker_0/inst/conv_worker_U/grp_conv_worker_Pipeline_LOAD_IN_VITIS_LOOP_140_3_fu_393/and_ln147_5_reg_2243[0]_i_1_n_0.  Did not re-place instance fastvit_bd_i/worker_0/inst/conv_worker_U/grp_conv_worker_Pipeline_LOAD_IN_VITIS_LOOP_140_3_fu_393/and_ln147_5_reg_2243[0]_i_1/O
INFO: [Physopt 32-662] Processed net fastvit_bd_i/worker_0/inst/conv_worker_U/grp_conv_worker_Pipeline_LOAD_IN_VITIS_LOOP_140_3_fu_393/trunc_ln150_reg_2438[4].  Did not re-place instance fastvit_bd_i/worker_0/inst/conv_worker_U/grp_conv_worker_Pipeline_LOAD_IN_VITIS_LOOP_140_3_fu_393/trunc_ln150_reg_2438_reg[4]/Q
INFO: [Physopt 32-662] Processed net fastvit_bd_i/worker_0/inst/conv_worker_U/grp_conv_worker_Pipeline_LOAD_IN_VITIS_LOOP_140_3_fu_393/grp_conv_worker_Pipeline_LOAD_IN_VITIS_LOOP_140_3_fu_393_p_ZL6in_buf_0_address0[6].  Did not re-place instance fastvit_bd_i/worker_0/inst/conv_worker_U/grp_conv_worker_Pipeline_LOAD_IN_VITIS_LOOP_140_3_fu_393/ram_reg_0_15_0_0_i_2__0/O
INFO: [Physopt 32-662] Processed net fastvit_bd_i/worker_0/inst/conv_worker_U/grp_conv_worker_Pipeline_LOAD_IN_VITIS_LOOP_140_3_fu_393/ram_reg_0_15_0_0_i_12_n_0.  Did not re-place instance fastvit_bd_i/worker_0/inst/conv_worker_U/grp_conv_worker_Pipeline_LOAD_IN_VITIS_LOOP_140_3_fu_393/ram_reg_0_15_0_0_i_12/O
INFO: [Physopt 32-662] Processed net fastvit_bd_i/worker_0/inst/conv_worker_U/grp_conv_worker_Pipeline_LOAD_IN_VITIS_LOOP_140_3_fu_393/ram_reg_0_15_0_0_i_14_n_0.  Did not re-place instance fastvit_bd_i/worker_0/inst/conv_worker_U/grp_conv_worker_Pipeline_LOAD_IN_VITIS_LOOP_140_3_fu_393/ram_reg_0_15_0_0_i_14/O
INFO: [Physopt 32-662] Processed net fastvit_bd_i/worker_0/inst/conv_worker_U/grp_conv_worker_Pipeline_LOAD_IN_VITIS_LOOP_140_3_fu_393/ram_reg_0_15_0_0_i_6_n_0.  Did not re-place instance fastvit_bd_i/worker_0/inst/conv_worker_U/grp_conv_worker_Pipeline_LOAD_IN_VITIS_LOOP_140_3_fu_393/ram_reg_0_15_0_0_i_6/O
INFO: [Physopt 32-662] Processed net fastvit_bd_i/worker_0/inst/conv_worker_U/grp_conv_worker_Pipeline_LOAD_IN_VITIS_LOOP_140_3_fu_393/row_base_reg_2271[5].  Did not re-place instance fastvit_bd_i/worker_0/inst/conv_worker_U/grp_conv_worker_Pipeline_LOAD_IN_VITIS_LOOP_140_3_fu_393/row_base_reg_2271_reg[5]/Q
INFO: [Physopt 32-662] Processed net fastvit_bd_i/worker_0/inst/conv_worker_U/grp_conv_worker_Pipeline_LOAD_IN_VITIS_LOOP_140_3_fu_393/ap_block_pp0_stage7_subdone_grp0_done_reg_reg_n_0.  Did not re-place instance fastvit_bd_i/worker_0/inst/conv_worker_U/grp_conv_worker_Pipeline_LOAD_IN_VITIS_LOOP_140_3_fu_393/ap_block_pp0_stage7_subdone_grp0_done_reg_reg/Q
INFO: [Physopt 32-662] Processed net fastvit_bd_i/worker_0/inst/conv_worker_U/grp_conv_worker_Pipeline_LOAD_IN_VITIS_LOOP_140_3_fu_393/grp_conv_worker_Pipeline_LOAD_IN_VITIS_LOOP_140_3_fu_393_p_ZL6in_buf_0_ce0_repN.  Did not re-place instance fastvit_bd_i/worker_0/inst/conv_worker_U/grp_conv_worker_Pipeline_LOAD_IN_VITIS_LOOP_140_3_fu_393/q0[3]_i_3__0_replica/O
INFO: [Physopt 32-662] Processed net fastvit_bd_i/worker_0/inst/conv_worker_U/grp_conv_worker_Pipeline_LOAD_IN_VITIS_LOOP_140_3_fu_393/q0[3]_i_5_n_0.  Did not re-place instance fastvit_bd_i/worker_0/inst/conv_worker_U/grp_conv_worker_Pipeline_LOAD_IN_VITIS_LOOP_140_3_fu_393/q0[3]_i_5/O
INFO: [Physopt 32-662] Processed net fastvit_bd_i/worker_0/inst/conv_worker_U/grp_conv_worker_Pipeline_LOAD_IN_VITIS_LOOP_140_3_fu_393/p_0_in__8.  Did not re-place instance fastvit_bd_i/worker_0/inst/conv_worker_U/grp_conv_worker_Pipeline_LOAD_IN_VITIS_LOOP_140_3_fu_393/ram_reg_0_15_0_0_i_3/O
INFO: [Physopt 32-662] Processed net fastvit_bd_i/worker_0/inst/conv_worker_U/grp_conv_worker_Pipeline_LOAD_IN_VITIS_LOOP_140_3_fu_393/q0[3]_i_7_n_0.  Did not re-place instance fastvit_bd_i/worker_0/inst/conv_worker_U/grp_conv_worker_Pipeline_LOAD_IN_VITIS_LOOP_140_3_fu_393/q0[3]_i_7/O
INFO: [Physopt 32-662] Processed net fastvit_bd_i/worker_0/inst/conv_worker_U/grp_conv_worker_Pipeline_LOAD_IN_VITIS_LOOP_140_3_fu_393/p_0_in__9.  Did not re-place instance fastvit_bd_i/worker_0/inst/conv_worker_U/grp_conv_worker_Pipeline_LOAD_IN_VITIS_LOOP_140_3_fu_393/ram_reg_0_15_0_0_i_2/O
INFO: [Physopt 32-662] Processed net fastvit_bd_i/worker_0/inst/conv_worker_U/grp_conv_worker_Pipeline_LOAD_IN_VITIS_LOOP_140_3_fu_393/m_axi_gmem0_0_ARVALID8154_out.  Did not re-place instance fastvit_bd_i/worker_0/inst/conv_worker_U/grp_conv_worker_Pipeline_LOAD_IN_VITIS_LOOP_140_3_fu_393/mem_reg[68][0]_srl32_i_12/O
INFO: [Physopt 32-662] Processed net fastvit_bd_i/worker_0/inst/conv_worker_U/grp_conv_worker_Pipeline_LOAD_IN_VITIS_LOOP_140_3_fu_393/ap_enable_reg_pp0_iter2.  Did not re-place instance fastvit_bd_i/worker_0/inst/conv_worker_U/grp_conv_worker_Pipeline_LOAD_IN_VITIS_LOOP_140_3_fu_393/ap_enable_reg_pp0_iter2_reg/Q
INFO: [Physopt 32-662] Processed net fastvit_bd_i/worker_0/inst/conv_worker_U/grp_conv_worker_Pipeline_LOAD_IN_VITIS_LOOP_140_3_fu_393/i_1/O_n_2.  Did not re-place instance fastvit_bd_i/worker_0/inst/conv_worker_U/grp_conv_worker_Pipeline_LOAD_IN_VITIS_LOOP_140_3_fu_393/i_1_LOPT_REMAP_2_rewire_rewire/O
INFO: [Physopt 32-662] Processed net fastvit_bd_i/worker_0/inst/conv_worker_U/grp_conv_worker_Pipeline_COMPUTE_KH_COMPUTE_KW_COMPUTE_TR_COMPUTE_TC_fu_466/p_ZL6in_buf_0_address0[1].  Did not re-place instance fastvit_bd_i/worker_0/inst/conv_worker_U/grp_conv_worker_Pipeline_COMPUTE_KH_COMPUTE_KW_COMPUTE_TR_COMPUTE_TC_fu_466/ram_reg_0_63_0_0_i_8/O
INFO: [Physopt 32-662] Processed net fastvit_bd_i/worker_0/inst/conv_worker_U/grp_conv_worker_Pipeline_LOAD_IN_VITIS_LOOP_140_3_fu_393/grp_conv_worker_Pipeline_LOAD_IN_VITIS_LOOP_140_3_fu_393_p_ZL6in_buf_0_address0[5].  Did not re-place instance fastvit_bd_i/worker_0/inst/conv_worker_U/grp_conv_worker_Pipeline_LOAD_IN_VITIS_LOOP_140_3_fu_393/ram_reg_0_63_0_0_i_20/O
INFO: [Physopt 32-662] Processed net fastvit_bd_i/worker_0/inst/conv_worker_U/grp_conv_worker_Pipeline_LOAD_IN_VITIS_LOOP_140_3_fu_393/data8[5].  Did not re-place instance fastvit_bd_i/worker_0/inst/conv_worker_U/grp_conv_worker_Pipeline_LOAD_IN_VITIS_LOOP_140_3_fu_393/trunc_ln150_reg_2438[5]_i_1/O
INFO: [Physopt 32-662] Processed net fastvit_bd_i/worker_0/inst/conv_worker_U/grp_conv_worker_Pipeline_LOAD_IN_VITIS_LOOP_140_3_fu_393/ram_reg_0_63_0_0_i_40_n_0.  Did not re-place instance fastvit_bd_i/worker_0/inst/conv_worker_U/grp_conv_worker_Pipeline_LOAD_IN_VITIS_LOOP_140_3_fu_393/ram_reg_0_63_0_0_i_40/O
INFO: [Physopt 32-662] Processed net fastvit_bd_i/worker_0/inst/conv_worker_U/grp_conv_worker_Pipeline_LOAD_IN_VITIS_LOOP_140_3_fu_393/zext_ln150_1_fu_1674_p1[3]_repN_1.  Did not re-place instance fastvit_bd_i/worker_0/inst/conv_worker_U/grp_conv_worker_Pipeline_LOAD_IN_VITIS_LOOP_140_3_fu_393/select_ln137_reg_2175_pp0_iter8_reg_reg[0]_srl8_srlopt_replica_1/Q
INFO: [Physopt 32-662] Processed net fastvit_bd_i/worker_0/inst/conv_worker_U/grp_conv_worker_Pipeline_LOAD_IN_VITIS_LOOP_140_3_fu_393/mem_reg[68][53]_srl32_i_3_n_0.  Did not re-place instance fastvit_bd_i/worker_0/inst/conv_worker_U/grp_conv_worker_Pipeline_LOAD_IN_VITIS_LOOP_140_3_fu_393/mem_reg[68][53]_srl32_i_3/O
INFO: [Physopt 32-662] Processed net fastvit_bd_i/worker_0/inst/conv_worker_U/grp_conv_worker_Pipeline_LOAD_IN_VITIS_LOOP_140_3_fu_393/row_base_reg_2271[4].  Did not re-place instance fastvit_bd_i/worker_0/inst/conv_worker_U/grp_conv_worker_Pipeline_LOAD_IN_VITIS_LOOP_140_3_fu_393/row_base_reg_2271_reg[4]/Q
INFO: [Physopt 32-662] Processed net fastvit_bd_i/worker_0/inst/conv_worker_U/grp_conv_worker_Pipeline_LOAD_IN_VITIS_LOOP_140_3_fu_393/ram_reg_0_63_0_0_i_63_n_0.  Did not re-place instance fastvit_bd_i/worker_0/inst/conv_worker_U/grp_conv_worker_Pipeline_LOAD_IN_VITIS_LOOP_140_3_fu_393/ram_reg_0_63_0_0_i_63/O
INFO: [Physopt 32-662] Processed net fastvit_bd_i/worker_0/inst/conv_worker_U/grp_conv_worker_Pipeline_LOAD_IN_VITIS_LOOP_140_3_fu_393/ap_enable_reg_pp0_iter9_repN.  Did not re-place instance fastvit_bd_i/worker_0/inst/conv_worker_U/grp_conv_worker_Pipeline_LOAD_IN_VITIS_LOOP_140_3_fu_393/ap_enable_reg_pp0_iter9_reg_replica/Q
INFO: [Physopt 32-662] Processed net fastvit_bd_i/worker_0/inst/conv_worker_U/grp_conv_worker_Pipeline_LOAD_IN_VITIS_LOOP_140_3_fu_393/ram_reg_0_63_0_0_i_11_n_0.  Did not re-place instance fastvit_bd_i/worker_0/inst/conv_worker_U/grp_conv_worker_Pipeline_LOAD_IN_VITIS_LOOP_140_3_fu_393/ram_reg_0_63_0_0_i_11/O
INFO: [Physopt 32-662] Processed net fastvit_bd_i/worker_0/inst/conv_worker_U/grp_conv_worker_Pipeline_LOAD_IN_VITIS_LOOP_140_3_fu_393/ap_CS_fsm_pp0_stage2_repN.  Did not re-place instance fastvit_bd_i/worker_0/inst/conv_worker_U/grp_conv_worker_Pipeline_LOAD_IN_VITIS_LOOP_140_3_fu_393/ap_CS_fsm_reg[2]_replica/Q
INFO: [Physopt 32-662] Processed net fastvit_bd_i/worker_0/inst/conv_worker_U/grp_conv_worker_Pipeline_LOAD_IN_VITIS_LOOP_140_3_fu_393/grp_conv_worker_Pipeline_LOAD_IN_VITIS_LOOP_140_3_fu_393_p_ZL6in_buf_0_address0[1].  Did not re-place instance fastvit_bd_i/worker_0/inst/conv_worker_U/grp_conv_worker_Pipeline_LOAD_IN_VITIS_LOOP_140_3_fu_393/ram_reg_0_63_0_0_i_16/O
INFO: [Physopt 32-662] Processed net fastvit_bd_i/worker_0/inst/conv_worker_U/p_ZL6in_buf_0_U/q00__7[2].  Did not re-place instance fastvit_bd_i/worker_0/inst/conv_worker_U/p_ZL6in_buf_0_U/q0[2]_i_1/O
INFO: [Physopt 32-662] Processed net fastvit_bd_i/worker_0/inst/conv_worker_U/grp_conv_worker_Pipeline_LOAD_IN_VITIS_LOOP_140_3_fu_393/m_axi_gmem0_0_ARVALID5.  Did not re-place instance fastvit_bd_i/worker_0/inst/conv_worker_U/grp_conv_worker_Pipeline_LOAD_IN_VITIS_LOOP_140_3_fu_393/mem_reg[68][0]_srl32_i_6_rewire/O
INFO: [Physopt 32-662] Processed net fastvit_bd_i/worker_0/inst/conv_worker_U/grp_conv_worker_Pipeline_LOAD_IN_VITIS_LOOP_140_3_fu_393/trunc_ln150_reg_2438[3].  Did not re-place instance fastvit_bd_i/worker_0/inst/conv_worker_U/grp_conv_worker_Pipeline_LOAD_IN_VITIS_LOOP_140_3_fu_393/trunc_ln150_reg_2438_reg[3]/Q
INFO: [Physopt 32-662] Processed net fastvit_bd_i/worker_0/inst/conv_worker_U/grp_conv_worker_Pipeline_LOAD_IN_VITIS_LOOP_140_3_fu_393/grp_conv_worker_Pipeline_LOAD_IN_VITIS_LOOP_140_3_fu_393_p_ZL6in_buf_0_address0[3].  Did not re-place instance fastvit_bd_i/worker_0/inst/conv_worker_U/grp_conv_worker_Pipeline_LOAD_IN_VITIS_LOOP_140_3_fu_393/ram_reg_0_63_0_0_i_18/O
INFO: [Physopt 32-662] Processed net fastvit_bd_i/worker_0/inst/conv_worker_U/grp_conv_worker_Pipeline_LOAD_IN_VITIS_LOOP_140_3_fu_393/ram_reg_0_63_0_0_i_33_n_0.  Did not re-place instance fastvit_bd_i/worker_0/inst/conv_worker_U/grp_conv_worker_Pipeline_LOAD_IN_VITIS_LOOP_140_3_fu_393/ram_reg_0_63_0_0_i_33/O
INFO: [Physopt 32-662] Processed net fastvit_bd_i/worker_0/inst/conv_worker_U/grp_conv_worker_Pipeline_LOAD_IN_VITIS_LOOP_140_3_fu_393/ram_reg_0_63_0_0_i_47_n_0.  Did not re-place instance fastvit_bd_i/worker_0/inst/conv_worker_U/grp_conv_worker_Pipeline_LOAD_IN_VITIS_LOOP_140_3_fu_393/ram_reg_0_63_0_0_i_47/O
INFO: [Physopt 32-662] Processed net fastvit_bd_i/worker_0/inst/conv_worker_U/p_ZL6in_buf_1_U/q00__8[3].  Did not re-place instance fastvit_bd_i/worker_0/inst/conv_worker_U/p_ZL6in_buf_1_U/q0[3]_i_2__0/O
INFO: [Physopt 32-662] Processed net fastvit_bd_i/worker_0/inst/conv_worker_U/grp_conv_worker_Pipeline_LOAD_IN_VITIS_LOOP_140_3_fu_393/ap_CS_fsm_pp0_stage8.  Did not re-place instance fastvit_bd_i/worker_0/inst/conv_worker_U/grp_conv_worker_Pipeline_LOAD_IN_VITIS_LOOP_140_3_fu_393/ap_CS_fsm_reg[8]/Q
INFO: [Physopt 32-662] Processed net fastvit_bd_i/worker_0/inst/conv_worker_U/grp_conv_worker_Pipeline_LOAD_IN_VITIS_LOOP_140_3_fu_393/p_116_in.  Did not re-place instance fastvit_bd_i/worker_0/inst/conv_worker_U/grp_conv_worker_Pipeline_LOAD_IN_VITIS_LOOP_140_3_fu_393/ap_phi_reg_pp0_iter10_storemerge183_reg_842[3]_i_4/O
INFO: [Physopt 32-662] Processed net fastvit_bd_i/worker_0/inst/conv_worker_U/grp_conv_worker_Pipeline_LOAD_IN_VITIS_LOOP_140_3_fu_393/ram_reg_0_63_0_0_i_39_n_0.  Did not re-place instance fastvit_bd_i/worker_0/inst/conv_worker_U/grp_conv_worker_Pipeline_LOAD_IN_VITIS_LOOP_140_3_fu_393/ram_reg_0_63_0_0_i_39/O
INFO: [Physopt 32-662] Processed net fastvit_bd_i/worker_0/inst/conv_worker_U/grp_conv_worker_Pipeline_LOAD_IN_VITIS_LOOP_140_3_fu_393/ram_reg_0_63_0_0_i_61_n_0.  Did not re-place instance fastvit_bd_i/worker_0/inst/conv_worker_U/grp_conv_worker_Pipeline_LOAD_IN_VITIS_LOOP_140_3_fu_393/ram_reg_0_63_0_0_i_61/O
INFO: [Physopt 32-662] Processed net fastvit_bd_i/worker_0/inst/conv_worker_U/p_ZL6in_buf_1_U/q00__8[0].  Did not re-place instance fastvit_bd_i/worker_0/inst/conv_worker_U/p_ZL6in_buf_1_U/q0[0]_i_1__0/O
INFO: [Physopt 32-662] Processed net fastvit_bd_i/worker_0/inst/conv_worker_U/grp_conv_worker_Pipeline_COMPUTE_KH_COMPUTE_KW_COMPUTE_TR_COMPUTE_TC_fu_466/p_ZL6in_buf_0_address0[0].  Did not re-place instance fastvit_bd_i/worker_0/inst/conv_worker_U/grp_conv_worker_Pipeline_COMPUTE_KH_COMPUTE_KW_COMPUTE_TR_COMPUTE_TC_fu_466/ram_reg_0_63_0_0_i_7__0/O
INFO: [Physopt 32-662] Processed net fastvit_bd_i/worker_0/inst/conv_worker_U/grp_conv_worker_Pipeline_LOAD_IN_VITIS_LOOP_140_3_fu_393/grp_conv_worker_Pipeline_LOAD_IN_VITIS_LOOP_140_3_fu_393_p_ZL6in_buf_0_address0[4].  Did not re-place instance fastvit_bd_i/worker_0/inst/conv_worker_U/grp_conv_worker_Pipeline_LOAD_IN_VITIS_LOOP_140_3_fu_393/ram_reg_0_63_0_0_i_19/O
INFO: [Physopt 32-662] Processed net fastvit_bd_i/worker_0/inst/conv_worker_U/grp_conv_worker_Pipeline_LOAD_IN_VITIS_LOOP_140_3_fu_393/ram_reg_0_63_0_0_i_37_n_0.  Did not re-place instance fastvit_bd_i/worker_0/inst/conv_worker_U/grp_conv_worker_Pipeline_LOAD_IN_VITIS_LOOP_140_3_fu_393/ram_reg_0_63_0_0_i_37/O
INFO: [Physopt 32-662] Processed net fastvit_bd_i/worker_0/inst/conv_gmem0_m_axi_U/load_unit_0/fifo_rreq/U_fifo_srl/mem_reg[68][35]_srl32__1_n_0.  Did not re-place instance fastvit_bd_i/worker_0/inst/conv_gmem0_m_axi_U/load_unit_0/fifo_rreq/U_fifo_srl/mem_reg[68][35]_srl32__1/Q
INFO: [Physopt 32-662] Processed net fastvit_bd_i/worker_0/inst/conv_worker_U/grp_conv_worker_Pipeline_LOAD_IN_VITIS_LOOP_140_3_fu_393/m_axi_gmem0_0_ARVALID2.  Did not re-place instance fastvit_bd_i/worker_0/inst/conv_worker_U/grp_conv_worker_Pipeline_LOAD_IN_VITIS_LOOP_140_3_fu_393/mem_reg[68][0]_srl32_i_11/O
INFO: [Physopt 32-662] Processed net fastvit_bd_i/worker_0/inst/conv_worker_U/grp_conv_worker_Pipeline_LOAD_IN_VITIS_LOOP_140_3_fu_393/ap_CS_fsm_pp0_stage5_repN_1.  Did not re-place instance fastvit_bd_i/worker_0/inst/conv_worker_U/grp_conv_worker_Pipeline_LOAD_IN_VITIS_LOOP_140_3_fu_393/ap_CS_fsm_reg[5]_replica_1/Q
INFO: [Physopt 32-662] Processed net fastvit_bd_i/worker_0/inst/conv_worker_U/grp_conv_worker_Pipeline_LOAD_IN_VITIS_LOOP_140_3_fu_393/ram_reg_0_15_0_0_i_13_n_0.  Did not re-place instance fastvit_bd_i/worker_0/inst/conv_worker_U/grp_conv_worker_Pipeline_LOAD_IN_VITIS_LOOP_140_3_fu_393/ram_reg_0_15_0_0_i_13/O
INFO: [Physopt 32-662] Processed net fastvit_bd_i/worker_0/inst/conv_worker_U/grp_conv_worker_Pipeline_LOAD_IN_VITIS_LOOP_140_3_fu_393/ram_reg_0_15_0_0_i_4_n_0.  Did not re-place instance fastvit_bd_i/worker_0/inst/conv_worker_U/grp_conv_worker_Pipeline_LOAD_IN_VITIS_LOOP_140_3_fu_393/ram_reg_0_15_0_0_i_4/O
INFO: [Physopt 32-662] Processed net fastvit_bd_i/worker_0/inst/conv_worker_U/grp_conv_worker_Pipeline_LOAD_IN_VITIS_LOOP_140_3_fu_393/ram_reg_0_15_0_0_i_9_n_0.  Did not re-place instance fastvit_bd_i/worker_0/inst/conv_worker_U/grp_conv_worker_Pipeline_LOAD_IN_VITIS_LOOP_140_3_fu_393/ram_reg_0_15_0_0_i_9/O
INFO: [Physopt 32-662] Processed net fastvit_bd_i/worker_0/inst/conv_worker_U/grp_conv_worker_Pipeline_LOAD_IN_VITIS_LOOP_140_3_fu_393/zext_ln150_1_fu_1674_p1[6].  Did not re-place instance fastvit_bd_i/worker_0/inst/conv_worker_U/grp_conv_worker_Pipeline_LOAD_IN_VITIS_LOOP_140_3_fu_393/select_ln137_reg_2175_pp0_iter9_reg_reg[3]__0/Q
INFO: [Physopt 32-662] Processed net fastvit_bd_i/worker_0/inst/conv_worker_U/grp_conv_worker_Pipeline_LOAD_IN_VITIS_LOOP_140_3_fu_393/row_base_reg_2271[1].  Did not re-place instance fastvit_bd_i/worker_0/inst/conv_worker_U/grp_conv_worker_Pipeline_LOAD_IN_VITIS_LOOP_140_3_fu_393/row_base_reg_2271_reg[1]/Q
INFO: [Physopt 32-662] Processed net fastvit_bd_i/worker_0/inst/conv_worker_U/grp_conv_worker_Pipeline_LOAD_IN_VITIS_LOOP_140_3_fu_393/ap_CS_fsm_pp0_stage3.  Did not re-place instance fastvit_bd_i/worker_0/inst/conv_worker_U/grp_conv_worker_Pipeline_LOAD_IN_VITIS_LOOP_140_3_fu_393/ap_CS_fsm_reg[3]/Q
INFO: [Physopt 32-662] Processed net fastvit_bd_i/worker_0/inst/conv_worker_U/grp_conv_worker_Pipeline_LOAD_IN_VITIS_LOOP_140_3_fu_393/p_ZL6in_buf_0_address0_local1.  Did not re-place instance fastvit_bd_i/worker_0/inst/conv_worker_U/grp_conv_worker_Pipeline_LOAD_IN_VITIS_LOOP_140_3_fu_393/q0[3]_i_8/O
INFO: [Physopt 32-662] Processed net fastvit_bd_i/worker_0/inst/conv_worker_U/grp_conv_worker_Pipeline_LOAD_IN_VITIS_LOOP_140_3_fu_393/q0[3]_i_6_n_0.  Did not re-place instance fastvit_bd_i/worker_0/inst/conv_worker_U/grp_conv_worker_Pipeline_LOAD_IN_VITIS_LOOP_140_3_fu_393/q0[3]_i_6/O
INFO: [Physopt 32-662] Processed net fastvit_bd_i/worker_0/inst/conv_worker_U/grp_conv_worker_Pipeline_LOAD_IN_VITIS_LOOP_140_3_fu_393/ap_CS_fsm_pp0_stage8_repN.  Did not re-place instance fastvit_bd_i/worker_0/inst/conv_worker_U/grp_conv_worker_Pipeline_LOAD_IN_VITIS_LOOP_140_3_fu_393/ap_CS_fsm_reg[8]_replica/Q
INFO: [Physopt 32-662] Processed net fastvit_bd_i/worker_0/inst/conv_worker_U/grp_conv_worker_Pipeline_LOAD_IN_VITIS_LOOP_140_3_fu_393/ap_phi_reg_pp0_iter10_storemerge179_reg_790[3]_i_2_n_0_repN.  Did not re-place instance fastvit_bd_i/worker_0/inst/conv_worker_U/grp_conv_worker_Pipeline_LOAD_IN_VITIS_LOOP_140_3_fu_393/ap_phi_reg_pp0_iter10_storemerge179_reg_790[3]_i_2_replica/O
INFO: [Physopt 32-662] Processed net fastvit_bd_i/worker_0/inst/conv_gmem0_m_axi_U/load_unit_0/fifo_rreq/U_fifo_srl/mem_reg[68][27]_srl32__1_n_0.  Did not re-place instance fastvit_bd_i/worker_0/inst/conv_gmem0_m_axi_U/load_unit_0/fifo_rreq/U_fifo_srl/mem_reg[68][27]_srl32__1/Q
INFO: [Physopt 32-662] Processed net fastvit_bd_i/worker_0/inst/conv_worker_U/grp_conv_worker_Pipeline_LOAD_IN_VITIS_LOOP_140_3_fu_393/grp_conv_worker_Pipeline_LOAD_IN_VITIS_LOOP_140_3_fu_393_p_ZL6in_buf_0_we0.  Did not re-place instance fastvit_bd_i/worker_0/inst/conv_worker_U/grp_conv_worker_Pipeline_LOAD_IN_VITIS_LOOP_140_3_fu_393/ram_reg_0_63_0_0_i_14/O
INFO: [Physopt 32-661] Optimized 7 nets.  Re-placed 18 instances.
INFO: [Physopt 32-775] End 1 Pass. Optimized 7 nets or cells. Created 0 new cell, deleted 0 existing cell and moved 18 existing cells
INFO: [Physopt 32-619] Estimated Timing Summary | WNS=-0.270 | TNS=-36.266 |
Netlist sorting complete. Time (s): cpu = 00:00:00 ; elapsed = 00:00:00.008 . Memory (MB): peak = 2544.211 ; gain = 0.000
Phase 30 Multi Cell Placement Optimization | Checksum: 15574a342

Time (s): cpu = 00:00:50 ; elapsed = 00:00:52 . Memory (MB): peak = 2544.211 ; gain = 20.703

Phase 31 SLR Crossing Optimization
Phase 31 SLR Crossing Optimization | Checksum: 15574a342

Time (s): cpu = 00:00:50 ; elapsed = 00:00:52 . Memory (MB): peak = 2544.211 ; gain = 20.703

Phase 32 Critical Path Optimization
INFO: [Physopt 32-619] Estimated Timing Summary | WNS=-0.270 | TNS=-36.266 |
INFO: [Physopt 32-702] Processed net fastvit_bd_i/worker_0/inst/conv_worker_U/p_ZL6in_buf_0_U/ram_reg_0_15_0_0/O. Optimizations did not improve timing on the net.
INFO: [Physopt 32-702] Processed net fastvit_bd_i/ps7_0/inst/FCLK_CLK_unbuffered[0]. Optimizations did not improve timing on the net.
INFO: [Physopt 32-702] Processed net fastvit_bd_i/worker_0/inst/conv_worker_U/grp_conv_worker_Pipeline_LOAD_IN_VITIS_LOOP_140_3_fu_393/grp_conv_worker_Pipeline_LOAD_IN_VITIS_LOOP_140_3_fu_393_p_ZL6in_buf_0_address0[6]. Optimizations did not improve timing on the net.
INFO: [Physopt 32-702] Processed net fastvit_bd_i/worker_0/inst/conv_worker_U/grp_conv_worker_Pipeline_LOAD_IN_VITIS_LOOP_140_3_fu_393/ram_reg_0_15_0_0_i_6_n_0. Optimizations did not improve timing on the net.
INFO: [Physopt 32-702] Processed net fastvit_bd_i/worker_0/inst/conv_worker_U/grp_conv_worker_Pipeline_LOAD_IN_VITIS_LOOP_140_3_fu_393/ram_reg_0_15_0_0_i_12_n_0. Optimizations did not improve timing on the net.
INFO: [Physopt 32-710] Processed net fastvit_bd_i/worker_0/inst/conv_worker_U/grp_conv_worker_Pipeline_LOAD_IN_VITIS_LOOP_140_3_fu_393/ram_reg_0_15_0_0_i_12_n_0. Critical path length was reduced through logic transformation on cell fastvit_bd_i/worker_0/inst/conv_worker_U/grp_conv_worker_Pipeline_LOAD_IN_VITIS_LOOP_140_3_fu_393/ram_reg_0_15_0_0_i_12_comp.
INFO: [Physopt 32-735] Processed net fastvit_bd_i/worker_0/inst/conv_worker_U/grp_conv_worker_Pipeline_LOAD_IN_VITIS_LOOP_140_3_fu_393/ram_reg_0_15_0_0_i_14_n_0. Optimization improves timing on the net.
INFO: [Physopt 32-619] Estimated Timing Summary | WNS=-0.269 | TNS=-35.762 |
INFO: [Physopt 32-702] Processed net fastvit_bd_i/worker_0/inst/conv_worker_U/p_ZL6in_buf_0_U/ram_reg_0_15_0_0__0/O. Optimizations did not improve timing on the net.
INFO: [Physopt 32-702] Processed net fastvit_bd_i/worker_0/inst/conv_worker_U/grp_conv_worker_Pipeline_LOAD_IN_VITIS_LOOP_140_3_fu_393/p_0_in__8. Optimizations did not improve timing on the net.
INFO: [Physopt 32-134] Processed net fastvit_bd_i/worker_0/inst/conv_worker_U/grp_conv_worker_Pipeline_LOAD_IN_VITIS_LOOP_140_3_fu_393/grp_conv_worker_Pipeline_LOAD_IN_VITIS_LOOP_140_3_fu_393_p_ZL6in_buf_0_ce0_repN. Rewiring did not optimize the net.
INFO: [Physopt 32-702] Processed net fastvit_bd_i/worker_0/inst/conv_worker_U/grp_conv_worker_Pipeline_LOAD_IN_VITIS_LOOP_140_3_fu_393/grp_conv_worker_Pipeline_LOAD_IN_VITIS_LOOP_140_3_fu_393_p_ZL6in_buf_0_ce0_repN. Optimizations did not improve timing on the net.
INFO: [Physopt 32-735] Processed net fastvit_bd_i/worker_0/inst/conv_worker_U/grp_conv_worker_Pipeline_LOAD_IN_VITIS_LOOP_140_3_fu_393/q0[3]_i_5_n_0. Optimization improves timing on the net.
INFO: [Physopt 32-619] Estimated Timing Summary | WNS=-0.264 | TNS=-35.606 |
INFO: [Physopt 32-702] Processed net fastvit_bd_i/worker_0/inst/conv_worker_U/grp_conv_worker_Pipeline_LOAD_IN_VITIS_LOOP_140_3_fu_393/gmem0_addr_reg_2284[60]. Optimizations did not improve timing on the net.
INFO: [Physopt 32-702] Processed net fastvit_bd_i/worker_0/inst/control_s_axi_U/gmem0_addr_reg_2284_reg[58]_i_1_n_0. Optimizations did not improve timing on the net.
INFO: [Physopt 32-702] Processed net fastvit_bd_i/worker_0/inst/control_s_axi_U/gmem0_addr_reg_2284_reg[54]_i_1_n_0. Optimizations did not improve timing on the net.
INFO: [Physopt 32-702] Processed net fastvit_bd_i/worker_0/inst/control_s_axi_U/gmem0_addr_reg_2284_reg[50]_i_1_n_0. Optimizations did not improve timing on the net.
INFO: [Physopt 32-702] Processed net fastvit_bd_i/worker_0/inst/control_s_axi_U/gmem0_addr_reg_2284_reg[46]_i_1_n_0. Optimizations did not improve timing on the net.
INFO: [Physopt 32-702] Processed net fastvit_bd_i/worker_0/inst/control_s_axi_U/gmem0_addr_reg_2284_reg[42]_i_1_n_0. Optimizations did not improve timing on the net.
INFO: [Physopt 32-702] Processed net fastvit_bd_i/worker_0/inst/control_s_axi_U/gmem0_addr_reg_2284_reg[38]_i_1_n_0. Optimizations did not improve timing on the net.
INFO: [Physopt 32-702] Processed net fastvit_bd_i/worker_0/inst/control_s_axi_U/gmem0_addr_reg_2284_reg[34]_i_1_n_0. Optimizations did not improve timing on the net.
INFO: [Physopt 32-702] Processed net fastvit_bd_i/worker_0/inst/control_s_axi_U/gmem0_addr_reg_2284_reg[30]_i_1_n_0. Optimizations did not improve timing on the net.
INFO: [Physopt 32-702] Processed net fastvit_bd_i/worker_0/inst/conv_worker_U/grp_conv_worker_Pipeline_LOAD_IN_VITIS_LOOP_140_3_fu_393/row_base_reg_2271_reg[30]_1[0]. Optimizations did not improve timing on the net.
INFO: [Physopt 32-702] Processed net fastvit_bd_i/worker_0/inst/conv_worker_U/grp_conv_worker_Pipeline_LOAD_IN_VITIS_LOOP_140_3_fu_393/gmem0_addr_reg_2284[26]_i_3_n_0. Optimizations did not improve timing on the net.
INFO: [Physopt 32-702] Processed net fastvit_bd_i/worker_0/inst/conv_worker_U/grp_conv_worker_Pipeline_LOAD_IN_VITIS_LOOP_140_3_fu_393/sext_ln32_fu_1181_p1[28]. Optimizations did not improve timing on the net.
INFO: [Physopt 32-702] Processed net fastvit_bd_i/worker_0/inst/conv_worker_U/grp_conv_worker_Pipeline_LOAD_IN_VITIS_LOOP_140_3_fu_393/gmem0_addr_reg_2284_reg[26]_i_2_n_0. Optimizations did not improve timing on the net.
INFO: [Physopt 32-702] Processed net fastvit_bd_i/worker_0/inst/conv_worker_U/grp_conv_worker_Pipeline_LOAD_IN_VITIS_LOOP_140_3_fu_393/gmem0_addr_reg_2284_reg[22]_i_2_n_0. Optimizations did not improve timing on the net.
INFO: [Physopt 32-702] Processed net fastvit_bd_i/worker_0/inst/conv_worker_U/grp_conv_worker_Pipeline_LOAD_IN_VITIS_LOOP_140_3_fu_393/gmem0_addr_reg_2284_reg[18]_i_2_n_0. Optimizations did not improve timing on the net.
INFO: [Physopt 32-702] Processed net fastvit_bd_i/worker_0/inst/conv_worker_U/grp_conv_worker_Pipeline_LOAD_IN_VITIS_LOOP_140_3_fu_393/gmem0_addr_reg_2284_reg[14]_i_2_n_0. Optimizations did not improve timing on the net.
INFO: [Physopt 32-702] Processed net fastvit_bd_i/worker_0/inst/conv_worker_U/grp_conv_worker_Pipeline_LOAD_IN_VITIS_LOOP_140_3_fu_393/gmem0_addr_reg_2284_reg[10]_i_2_n_0. Optimizations did not improve timing on the net.
INFO: [Physopt 32-702] Processed net fastvit_bd_i/worker_0/inst/conv_worker_U/grp_conv_worker_Pipeline_LOAD_IN_VITIS_LOOP_140_3_fu_393/gmem0_addr_reg_2284_reg[6]_i_2_n_0. Optimizations did not improve timing on the net.
INFO: [Physopt 32-702] Processed net fastvit_bd_i/worker_0/inst/conv_worker_U/grp_conv_worker_Pipeline_LOAD_IN_VITIS_LOOP_140_3_fu_393/gmem0_addr_reg_2284[6]_i_9_n_0. Optimizations did not improve timing on the net.
INFO: [Physopt 32-702] Processed net fastvit_bd_i/worker_0/inst/control_s_axi_U/int_in_a_reg[61]_8[33]. Optimizations did not improve timing on the net.
INFO: [Physopt 32-702] Processed net fastvit_bd_i/worker_0/inst/conv_worker_U/grp_conv_worker_Pipeline_LOAD_IN_VITIS_LOOP_140_3_fu_393/row_base_reg_2271[5]. Optimizations did not improve timing on the net.
INFO: [Physopt 32-702] Processed net fastvit_bd_i/worker_0/inst/conv_worker_U/grp_conv_worker_Pipeline_LOAD_IN_VITIS_LOOP_140_3_fu_393/gmem0_addr_reg_2284[60]. Optimizations did not improve timing on the net.
INFO: [Physopt 32-702] Processed net fastvit_bd_i/ps7_0/inst/FCLK_CLK_unbuffered[0]. Optimizations did not improve timing on the net.
INFO: [Physopt 32-702] Processed net fastvit_bd_i/worker_0/inst/conv_worker_U/grp_conv_worker_Pipeline_LOAD_IN_VITIS_LOOP_140_3_fu_393/gmem0_addr_reg_2284[26]_i_3_n_0. Optimizations did not improve timing on the net.
INFO: [Physopt 32-702] Processed net fastvit_bd_i/worker_0/inst/conv_worker_U/grp_conv_worker_Pipeline_LOAD_IN_VITIS_LOOP_140_3_fu_393/sext_ln32_fu_1181_p1[28]. Optimizations did not improve timing on the net.
INFO: [Physopt 32-702] Processed net fastvit_bd_i/worker_0/inst/conv_worker_U/grp_conv_worker_Pipeline_LOAD_IN_VITIS_LOOP_140_3_fu_393/gmem0_addr_reg_2284[6]_i_9_n_0. Optimizations did not improve timing on the net.
INFO: [Physopt 32-702] Processed net fastvit_bd_i/worker_0/inst/control_s_axi_U/int_in_a_reg[61]_8[33]. Optimizations did not improve timing on the net.
INFO: [Physopt 32-702] Processed net fastvit_bd_i/worker_0/inst/conv_worker_U/grp_conv_worker_Pipeline_LOAD_IN_VITIS_LOOP_140_3_fu_393/row_base_reg_2271[5]. Optimizations did not improve timing on the net.
INFO: [Physopt 32-619] Estimated Timing Summary | WNS=-0.264 | TNS=-35.606 |
Netlist sorting complete. Time (s): cpu = 00:00:00 ; elapsed = 00:00:00.026 . Memory (MB): peak = 2551.035 ; gain = 0.000
Phase 32 Critical Path Optimization | Checksum: 15574a342

Time (s): cpu = 00:00:52 ; elapsed = 00:00:54 . Memory (MB): peak = 2551.035 ; gain = 27.527

Phase 33 Critical Path Optimization
INFO: [Physopt 32-619] Estimated Timing Summary | WNS=-0.264 | TNS=-35.606 |
INFO: [Physopt 32-702] Processed net fastvit_bd_i/worker_0/inst/conv_worker_U/grp_conv_worker_Pipeline_LOAD_IN_VITIS_LOOP_140_3_fu_393/gmem0_addr_reg_2284[60]. Optimizations did not improve timing on the net.
INFO: [Physopt 32-702] Processed net fastvit_bd_i/ps7_0/inst/FCLK_CLK_unbuffered[0]. Optimizations did not improve timing on the net.
INFO: [Physopt 32-702] Processed net fastvit_bd_i/worker_0/inst/control_s_axi_U/gmem0_addr_reg_2284_reg[58]_i_1_n_0. Optimizations did not improve timing on the net.
INFO: [Physopt 32-702] Processed net fastvit_bd_i/worker_0/inst/control_s_axi_U/gmem0_addr_reg_2284_reg[54]_i_1_n_0. Optimizations did not improve timing on the net.
INFO: [Physopt 32-702] Processed net fastvit_bd_i/worker_0/inst/control_s_axi_U/gmem0_addr_reg_2284_reg[50]_i_1_n_0. Optimizations did not improve timing on the net.
INFO: [Physopt 32-702] Processed net fastvit_bd_i/worker_0/inst/control_s_axi_U/gmem0_addr_reg_2284_reg[46]_i_1_n_0. Optimizations did not improve timing on the net.
INFO: [Physopt 32-702] Processed net fastvit_bd_i/worker_0/inst/control_s_axi_U/gmem0_addr_reg_2284_reg[42]_i_1_n_0. Optimizations did not improve timing on the net.
INFO: [Physopt 32-702] Processed net fastvit_bd_i/worker_0/inst/control_s_axi_U/gmem0_addr_reg_2284_reg[38]_i_1_n_0. Optimizations did not improve timing on the net.
INFO: [Physopt 32-702] Processed net fastvit_bd_i/worker_0/inst/control_s_axi_U/gmem0_addr_reg_2284_reg[34]_i_1_n_0. Optimizations did not improve timing on the net.
INFO: [Physopt 32-702] Processed net fastvit_bd_i/worker_0/inst/control_s_axi_U/gmem0_addr_reg_2284_reg[30]_i_1_n_0. Optimizations did not improve timing on the net.
INFO: [Physopt 32-702] Processed net fastvit_bd_i/worker_0/inst/conv_worker_U/grp_conv_worker_Pipeline_LOAD_IN_VITIS_LOOP_140_3_fu_393/row_base_reg_2271_reg[30]_1[0]. Optimizations did not improve timing on the net.
INFO: [Physopt 32-702] Processed net fastvit_bd_i/worker_0/inst/conv_worker_U/grp_conv_worker_Pipeline_LOAD_IN_VITIS_LOOP_140_3_fu_393/gmem0_addr_reg_2284[26]_i_3_n_0. Optimizations did not improve timing on the net.
INFO: [Physopt 32-702] Processed net fastvit_bd_i/worker_0/inst/conv_worker_U/grp_conv_worker_Pipeline_LOAD_IN_VITIS_LOOP_140_3_fu_393/sext_ln32_fu_1181_p1[28]. Optimizations did not improve timing on the net.
INFO: [Physopt 32-702] Processed net fastvit_bd_i/worker_0/inst/conv_worker_U/grp_conv_worker_Pipeline_LOAD_IN_VITIS_LOOP_140_3_fu_393/gmem0_addr_reg_2284_reg[26]_i_2_n_0. Optimizations did not improve timing on the net.
INFO: [Physopt 32-702] Processed net fastvit_bd_i/worker_0/inst/conv_worker_U/grp_conv_worker_Pipeline_LOAD_IN_VITIS_LOOP_140_3_fu_393/gmem0_addr_reg_2284_reg[22]_i_2_n_0. Optimizations did not improve timing on the net.
INFO: [Physopt 32-702] Processed net fastvit_bd_i/worker_0/inst/conv_worker_U/grp_conv_worker_Pipeline_LOAD_IN_VITIS_LOOP_140_3_fu_393/gmem0_addr_reg_2284_reg[18]_i_2_n_0. Optimizations did not improve timing on the net.
INFO: [Physopt 32-702] Processed net fastvit_bd_i/worker_0/inst/conv_worker_U/grp_conv_worker_Pipeline_LOAD_IN_VITIS_LOOP_140_3_fu_393/gmem0_addr_reg_2284_reg[14]_i_2_n_0. Optimizations did not improve timing on the net.
INFO: [Physopt 32-702] Processed net fastvit_bd_i/worker_0/inst/conv_worker_U/grp_conv_worker_Pipeline_LOAD_IN_VITIS_LOOP_140_3_fu_393/gmem0_addr_reg_2284_reg[10]_i_2_n_0. Optimizations did not improve timing on the net.
INFO: [Physopt 32-702] Processed net fastvit_bd_i/worker_0/inst/conv_worker_U/grp_conv_worker_Pipeline_LOAD_IN_VITIS_LOOP_140_3_fu_393/gmem0_addr_reg_2284_reg[6]_i_2_n_0. Optimizations did not improve timing on the net.
INFO: [Physopt 32-702] Processed net fastvit_bd_i/worker_0/inst/conv_worker_U/grp_conv_worker_Pipeline_LOAD_IN_VITIS_LOOP_140_3_fu_393/gmem0_addr_reg_2284[6]_i_9_n_0. Optimizations did not improve timing on the net.
INFO: [Physopt 32-702] Processed net fastvit_bd_i/worker_0/inst/control_s_axi_U/int_in_a_reg[61]_8[33]. Optimizations did not improve timing on the net.
INFO: [Physopt 32-702] Processed net fastvit_bd_i/worker_0/inst/conv_worker_U/grp_conv_worker_Pipeline_LOAD_IN_VITIS_LOOP_140_3_fu_393/row_base_reg_2271[5]. Optimizations did not improve timing on the net.
INFO: [Physopt 32-702] Processed net fastvit_bd_i/worker_0/inst/conv_worker_U/grp_conv_worker_Pipeline_LOAD_IN_VITIS_LOOP_140_3_fu_393/gmem0_addr_reg_2284[60]. Optimizations did not improve timing on the net.
INFO: [Physopt 32-702] Processed net fastvit_bd_i/ps7_0/inst/FCLK_CLK_unbuffered[0]. Optimizations did not improve timing on the net.
INFO: [Physopt 32-702] Processed net fastvit_bd_i/worker_0/inst/conv_worker_U/grp_conv_worker_Pipeline_LOAD_IN_VITIS_LOOP_140_3_fu_393/gmem0_addr_reg_2284[26]_i_3_n_0. Optimizations did not improve timing on the net.
INFO: [Physopt 32-702] Processed net fastvit_bd_i/worker_0/inst/conv_worker_U/grp_conv_worker_Pipeline_LOAD_IN_VITIS_LOOP_140_3_fu_393/sext_ln32_fu_1181_p1[28]. Optimizations did not improve timing on the net.
INFO: [Physopt 32-702] Processed net fastvit_bd_i/worker_0/inst/conv_worker_U/grp_conv_worker_Pipeline_LOAD_IN_VITIS_LOOP_140_3_fu_393/gmem0_addr_reg_2284[6]_i_9_n_0. Optimizations did not improve timing on the net.
INFO: [Physopt 32-702] Processed net fastvit_bd_i/worker_0/inst/control_s_axi_U/int_in_a_reg[61]_8[33]. Optimizations did not improve timing on the net.
INFO: [Physopt 32-702] Processed net fastvit_bd_i/worker_0/inst/conv_worker_U/grp_conv_worker_Pipeline_LOAD_IN_VITIS_LOOP_140_3_fu_393/row_base_reg_2271[5]. Optimizations did not improve timing on the net.
INFO: [Physopt 32-619] Estimated Timing Summary | WNS=-0.264 | TNS=-35.606 |
Netlist sorting complete. Time (s): cpu = 00:00:00 ; elapsed = 00:00:00.010 . Memory (MB): peak = 2551.035 ; gain = 0.000
Phase 33 Critical Path Optimization | Checksum: 15574a342

Time (s): cpu = 00:00:53 ; elapsed = 00:00:55 . Memory (MB): peak = 2551.035 ; gain = 27.527

Phase 34 BRAM Enable Optimization
Phase 34 BRAM Enable Optimization | Checksum: 15574a342

Time (s): cpu = 00:00:53 ; elapsed = 00:00:55 . Memory (MB): peak = 2551.035 ; gain = 27.527
INFO: [Physopt 32-960] Skip hold-fix as initial WHS does not violate hold threshold 250 ps
Netlist sorting complete. Time (s): cpu = 00:00:00 ; elapsed = 00:00:00.004 . Memory (MB): peak = 2551.035 ; gain = 0.000
INFO: [Physopt 32-603] Post Physical Optimization Timing Summary | WNS=-0.264 | TNS=-35.606 |

Summary of Physical Synthesis Optimizations
============================================


----------------------------------------------------------------------------------------------------------------------------------------------------------------------
|  Optimization            |  WNS Gain (ns)  |  TNS Gain (ns)  |  Added Cells  |  Removed Cells  |  Optimized Cells/Nets  |  Dont Touch  |  Iterations  |  Elapsed   |
----------------------------------------------------------------------------------------------------------------------------------------------------------------------
|  Fanout                  |          0.000  |         23.835  |           25  |              0  |                     8  |           0  |           3  |  00:00:03  |
|  Single Cell Placement   |          0.159  |         99.973  |            0  |              0  |                   335  |           0  |           4  |  00:00:13  |
|  Multi Cell Placement    |          0.091  |          4.395  |            0  |              0  |                    27  |           0  |           4  |  00:00:18  |
|  Rewire                  |          0.000  |         66.413  |            6  |              0  |                    19  |           0  |           3  |  00:00:03  |
|  Critical Cell           |         -0.005  |         15.826  |           46  |              0  |                    26  |           0  |           3  |  00:00:09  |
|  SLR Crossing            |          0.000  |          0.000  |            0  |              0  |                     0  |           0  |           3  |  00:00:00  |
|  DSP Register            |          0.000  |          0.000  |            0  |              0  |                     0  |           0  |           2  |  00:00:00  |
|  BRAM Register           |          0.000  |          0.000  |            0  |              0  |                     0  |           0  |           2  |  00:00:00  |
|  URAM Register           |          0.000  |          0.000  |            0  |              0  |                     0  |           0  |           2  |  00:00:00  |
|  Shift Register          |          0.000  |          0.368  |            1  |              0  |                     1  |           0  |           2  |  00:00:00  |
|  Critical Pin            |          0.119  |          1.858  |            0  |              0  |                    14  |           0  |           1  |  00:00:00  |
|  Very High Fanout        |          0.000  |          0.000  |           10  |              0  |                     2  |           0  |           1  |  00:00:02  |
|  BRAM Enable             |          0.000  |          0.000  |            0  |              0  |                     0  |           0  |           1  |  00:00:00  |
|  Critical Path           |          0.006  |          0.660  |            0  |              0  |                     2  |           0  |           2  |  00:00:03  |
|  Total                   |          0.370  |        213.327  |           88  |              0  |                   434  |           0  |          33  |  00:00:52  |
----------------------------------------------------------------------------------------------------------------------------------------------------------------------


Netlist sorting complete. Time (s): cpu = 00:00:00 ; elapsed = 00:00:00.005 . Memory (MB): peak = 2551.035 ; gain = 0.000
Ending Physical Synthesis Task | Checksum: 12cc4fff9

Time (s): cpu = 00:00:53 ; elapsed = 00:00:55 . Memory (MB): peak = 2551.035 ; gain = 27.527
INFO: [Common 17-83] Releasing license: Implementation
1443 Infos, 1 Warnings, 0 Critical Warnings and 0 Errors encountered.
phys_opt_design completed successfully
phys_opt_design: Time (s): cpu = 00:00:57 ; elapsed = 00:00:58 . Memory (MB): peak = 2551.035 ; gain = 28.484
INFO: [Timing 38-480] Writing timing data to binary archive.
Write ShapeDB Complete: Time (s): cpu = 00:00:00 ; elapsed = 00:00:00.037 . Memory (MB): peak = 2551.035 ; gain = 0.000
Wrote PlaceDB: Time (s): cpu = 00:00:00 ; elapsed = 00:00:00.943 . Memory (MB): peak = 2551.035 ; gain = 0.000
Wrote PulsedLatchDB: Time (s): cpu = 00:00:00 ; elapsed = 00:00:00 . Memory (MB): peak = 2551.035 ; gain = 0.000
Writing XDEF routing.
Writing XDEF routing logical nets.
Writing XDEF routing special nets.
Wrote RouteStorage: Time (s): cpu = 00:00:00 ; elapsed = 00:00:00.033 . Memory (MB): peak = 2551.035 ; gain = 0.000
Wrote Netlist Cache: Time (s): cpu = 00:00:00 ; elapsed = 00:00:00.030 . Memory (MB): peak = 2551.035 ; gain = 0.000
Wrote Device Cache: Time (s): cpu = 00:00:00 ; elapsed = 00:00:00.008 . Memory (MB): peak = 2551.035 ; gain = 0.000
Write Physdb Complete: Time (s): cpu = 00:00:00 ; elapsed = 00:00:01 . Memory (MB): peak = 2551.035 ; gain = 0.000
INFO: [Common 17-1381] The checkpoint 'E:/codes/microzed/fastvit_hls/vivado_impl/fastvit_conv_only_200mhz_proj/fastvit_conv_only_200mhz_proj.runs/impl_1/fastvit_bd_wrapper_physopt.dcp' has been generated.
Command: route_design
Attempting to get a license for feature 'Implementation' and/or device 'xc7z020'
INFO: [Common 17-349] Got license for feature 'Implementation' and/or device 'xc7z020'
INFO: [Vivado_Tcl 4-198] DRC finished with 0 Errors
INFO: [Vivado_Tcl 4-199] Please refer to the DRC report (report_drc) for more information.


Starting Routing Task

Phase 1 Build RT Design
Checksum: PlaceDB: 5972bbe0 ConstDB: 0 ShapeSum: 869b3025 RouteDB: 15f972f0
Post Restoration Checksum: NetGraph: d782b21c | NumContArr: ab567000 | Constraints: c2a8fa9d | Timing: c2a8fa9d
Phase 1 Build RT Design | Checksum: 3082b1756

Time (s): cpu = 00:00:16 ; elapsed = 00:00:16 . Memory (MB): peak = 2657.680 ; gain = 106.113

Phase 2 Router Initialization

Phase 2.1 Fix Topology Constraints
Phase 2.1 Fix Topology Constraints | Checksum: 3082b1756

Time (s): cpu = 00:00:16 ; elapsed = 00:00:16 . Memory (MB): peak = 2657.680 ; gain = 106.113

Phase 2.2 Pre Route Cleanup
Phase 2.2 Pre Route Cleanup | Checksum: 3082b1756

Time (s): cpu = 00:00:16 ; elapsed = 00:00:17 . Memory (MB): peak = 2657.680 ; gain = 106.113
 Number of Nodes with overlaps = 0

Phase 2.3 Update Timing
Phase 2.3 Update Timing | Checksum: 2a2b3b192

Time (s): cpu = 00:00:21 ; elapsed = 00:00:21 . Memory (MB): peak = 2708.777 ; gain = 157.211
INFO: [Route 35-416] Intermediate Timing Summary | WNS=-0.312 | TNS=-24.346| WHS=-0.206 | THS=-240.648|


Router Utilization Summary
  Global Vertical Routing Utilization    = 0 %
  Global Horizontal Routing Utilization  = 0 %
  Routable Net Status*
  *Does not include unroutable nets such as driverless and loadless.
  Run report_route_status for detailed report.
  Number of Failed Nets               = 24456
    (Failed Nets is the sum of unrouted and partially routed nets)
  Number of Unrouted Nets             = 24456
  Number of Partially Routed Nets     = 0
  Number of Node Overlaps             = 0

Phase 2 Router Initialization | Checksum: 2986c814a

Time (s): cpu = 00:00:23 ; elapsed = 00:00:24 . Memory (MB): peak = 2754.566 ; gain = 203.000

Phase 3 Global Routing
Phase 3 Global Routing | Checksum: 2986c814a

Time (s): cpu = 00:00:23 ; elapsed = 00:00:24 . Memory (MB): peak = 2754.566 ; gain = 203.000

Phase 4 Initial Routing

Phase 4.1 Initial Net Routing Pass
Phase 4.1 Initial Net Routing Pass | Checksum: 2428a8dbc

Time (s): cpu = 00:00:26 ; elapsed = 00:00:26 . Memory (MB): peak = 2754.566 ; gain = 203.000
Phase 4 Initial Routing | Checksum: 2428a8dbc

Time (s): cpu = 00:00:26 ; elapsed = 00:00:26 . Memory (MB): peak = 2754.566 ; gain = 203.000
INFO: [Route 35-580] Design has 43 pins with tight setup and hold constraints.

The top 5 pins with tight setup and hold constraints:

+====================+===================+====================================================================================================================================================================================+
| Launch Setup Clock | Launch Hold Clock | Pin                                                                                                                                                                                |
+====================+===================+====================================================================================================================================================================================+
| clk_fpga_0         | clk_fpga_0        | fastvit_bd_i/worker_0/inst/ctrl_s_axi_U/int_task_ap_done_reg/D                                                                                                                     |
| clk_fpga_0         | clk_fpga_0        | fastvit_bd_i/sc_main/inst/s02_entry_pipeline/s02_transaction_regulator/inst/gen_endpoint.gen_r_singleorder.r_singleorder/gen_id_fifo.singleorder_fifo/gen_pipelined.state_reg[0]/D |
| clk_fpga_0         | clk_fpga_0        | fastvit_bd_i/worker_0/inst/conv_gmem3_m_axi_U/bus_write/wreq_burst_conv/last_sect_reg/D                                                                                            |
| clk_fpga_0         | clk_fpga_0        | fastvit_bd_i/worker_0/inst/ctrl_s_axi_U/int_ap_start_reg/D                                                                                                                         |
| clk_fpga_0         | clk_fpga_0        | fastvit_bd_i/sc_main/inst/s02_entry_pipeline/s02_transaction_regulator/inst/gen_endpoint.gen_r_singleorder.r_singleorder/gen_id_fifo.singleorder_fifo/fifoaddr_reg[2]/D            |
+--------------------+-------------------+------------------------------------------------------------------------------------------------------------------------------------------------------------------------------------+

File with complete list of pins: tight_setup_hold_pins.txt


Phase 5 Rip-up And Reroute

Phase 5.1 Global Iteration 0
 Number of Nodes with overlaps = 4293
 Number of Nodes with overlaps = 1447
 Number of Nodes with overlaps = 587
 Number of Nodes with overlaps = 193
 Number of Nodes with overlaps = 64
 Number of Nodes with overlaps = 24
 Number of Nodes with overlaps = 23
 Number of Nodes with overlaps = 5
 Number of Nodes with overlaps = 5
 Number of Nodes with overlaps = 6
 Number of Nodes with overlaps = 1
 Number of Nodes with overlaps = 2
 Number of Nodes with overlaps = 0
INFO: [Route 35-416] Intermediate Timing Summary | WNS=-0.953 | TNS=-197.209| WHS=N/A    | THS=N/A    |

Phase 5.1 Global Iteration 0 | Checksum: 32ad4ad06

Time (s): cpu = 00:00:49 ; elapsed = 00:00:50 . Memory (MB): peak = 2788.277 ; gain = 236.711

Phase 5.2 Global Iteration 1
 Number of Nodes with overlaps = 236
 Number of Nodes with overlaps = 160
 Number of Nodes with overlaps = 37
 Number of Nodes with overlaps = 14
 Number of Nodes with overlaps = 9
 Number of Nodes with overlaps = 2
 Number of Nodes with overlaps = 3
 Number of Nodes with overlaps = 2
 Number of Nodes with overlaps = 1
 Number of Nodes with overlaps = 1
 Number of Nodes with overlaps = 0
INFO: [Route 35-416] Intermediate Timing Summary | WNS=-0.934 | TNS=-254.648| WHS=N/A    | THS=N/A    |

Phase 5.2 Global Iteration 1 | Checksum: 258ce0985

Time (s): cpu = 00:00:55 ; elapsed = 00:00:56 . Memory (MB): peak = 2788.293 ; gain = 236.727

Phase 5.3 Global Iteration 2
 Number of Nodes with overlaps = 500
 Number of Nodes with overlaps = 119
 Number of Nodes with overlaps = 59
 Number of Nodes with overlaps = 19
 Number of Nodes with overlaps = 14
 Number of Nodes with overlaps = 7
 Number of Nodes with overlaps = 2
 Number of Nodes with overlaps = 1
 Number of Nodes with overlaps = 0
INFO: [Route 35-416] Intermediate Timing Summary | WNS=-1.367 | TNS=-230.147| WHS=N/A    | THS=N/A    |

Phase 5.3 Global Iteration 2 | Checksum: 1b887de7e

Time (s): cpu = 00:00:59 ; elapsed = 00:01:01 . Memory (MB): peak = 2788.293 ; gain = 236.727
Phase 5 Rip-up And Reroute | Checksum: 1b887de7e

Time (s): cpu = 00:00:59 ; elapsed = 00:01:01 . Memory (MB): peak = 2788.293 ; gain = 236.727

Phase 6 Delay and Skew Optimization

Phase 6.1 Delay CleanUp

Phase 6.1.1 Update Timing
Phase 6.1.1 Update Timing | Checksum: 1fca063e8

Time (s): cpu = 00:01:00 ; elapsed = 00:01:02 . Memory (MB): peak = 2788.293 ; gain = 236.727
INFO: [Route 35-416] Intermediate Timing Summary | WNS=-0.884 | TNS=-197.141| WHS=N/A    | THS=N/A    |

 Number of Nodes with overlaps = 0
Phase 6.1 Delay CleanUp | Checksum: 277203494

Time (s): cpu = 00:01:00 ; elapsed = 00:01:03 . Memory (MB): peak = 2788.293 ; gain = 236.727

Phase 6.2 Clock Skew Optimization
Phase 6.2 Clock Skew Optimization | Checksum: 277203494

Time (s): cpu = 00:01:01 ; elapsed = 00:01:03 . Memory (MB): peak = 2788.293 ; gain = 236.727
Phase 6 Delay and Skew Optimization | Checksum: 277203494

Time (s): cpu = 00:01:01 ; elapsed = 00:01:03 . Memory (MB): peak = 2788.293 ; gain = 236.727

Phase 7 Post Hold Fix

Phase 7.1 Hold Fix Iter
INFO: [Route 35-416] Intermediate Timing Summary | WNS=-0.858 | TNS=-187.389| WHS=0.018  | THS=0.000  |

Phase 7.1 Hold Fix Iter | Checksum: 2556e6e26

Time (s): cpu = 00:01:02 ; elapsed = 00:01:04 . Memory (MB): peak = 2788.293 ; gain = 236.727
Phase 7 Post Hold Fix | Checksum: 2556e6e26

Time (s): cpu = 00:01:02 ; elapsed = 00:01:04 . Memory (MB): peak = 2788.293 ; gain = 236.727

Phase 8 Route finalize

Router Utilization Summary
  Global Vertical Routing Utilization    = 7.86538 %
  Global Horizontal Routing Utilization  = 9.3002 %
  Routable Net Status*
  *Does not include unroutable nets such as driverless and loadless.
  Run report_route_status for detailed report.
  Number of Failed Nets               = 0
    (Failed Nets is the sum of unrouted and partially routed nets)
  Number of Unrouted Nets             = 0
  Number of Partially Routed Nets     = 0
  Number of Node Overlaps             = 0


--GLOBAL Congestion:
Utilization threshold used for congestion level computation: 0.85
Congestion Report
North Dir 1x1 Area, Max Cong = 85.5856%, Congestion bounded by tiles (Lower Left Tile -> Upper Right Tile):
   INT_L_X42Y60 -> INT_L_X42Y60
South Dir 1x1 Area, Max Cong = 92.7928%, Congestion bounded by tiles (Lower Left Tile -> Upper Right Tile):
   INT_R_X19Y49 -> INT_R_X19Y49
   INT_R_X41Y46 -> INT_R_X41Y46
   INT_R_X43Y46 -> INT_R_X43Y46
East Dir 1x1 Area, Max Cong = 80.8824%, No Congested Regions.
West Dir 1x1 Area, Max Cong = 85.2941%, Congestion bounded by tiles (Lower Left Tile -> Upper Right Tile):
   INT_R_X19Y49 -> INT_R_X19Y49

------------------------------
Reporting congestion hotspots
------------------------------
Direction: North
----------------
Congested clusters found at Level 0
Effective congestion level: 0 Aspect Ratio: 1 Sparse Ratio: 1
Direction: South
----------------
Congested clusters found at Level 0
Effective congestion level: 1 Aspect Ratio: 0.5 Sparse Ratio: 0.5
Direction: East
----------------
Congested clusters found at Level 0
Effective congestion level: 0 Aspect Ratio: 1 Sparse Ratio: 0
Direction: West
----------------
Congested clusters found at Level 0
Effective congestion level: 0 Aspect Ratio: 1 Sparse Ratio: 1

Phase 8 Route finalize | Checksum: 2556e6e26

Time (s): cpu = 00:01:02 ; elapsed = 00:01:04 . Memory (MB): peak = 2788.293 ; gain = 236.727

Phase 9 Verifying routed nets

 Verification completed successfully
Phase 9 Verifying routed nets | Checksum: 2556e6e26

Time (s): cpu = 00:01:02 ; elapsed = 00:01:04 . Memory (MB): peak = 2788.293 ; gain = 236.727

Phase 10 Depositing Routes
Phase 10 Depositing Routes | Checksum: 3187ded18

Time (s): cpu = 00:01:03 ; elapsed = 00:01:05 . Memory (MB): peak = 2788.293 ; gain = 236.727

Phase 11 Post Process Routing
Phase 11 Post Process Routing | Checksum: 3187ded18

Time (s): cpu = 00:01:03 ; elapsed = 00:01:05 . Memory (MB): peak = 2788.293 ; gain = 236.727

Phase 12 Post Router Timing
INFO: [Route 35-57] Estimated Timing Summary | WNS=-0.858 | TNS=-187.389| WHS=0.018  | THS=0.000  |

WARNING: [Route 35-328] Router estimated timing not met.
Resolution: For a complete and accurate timing signoff, report_timing_summary must be run after route_design. Alternatively, route_design can be run with the -timing_summary option to enable a complete timing signoff at the end of route_design.
Phase 12 Post Router Timing | Checksum: 3187ded18

Time (s): cpu = 00:01:03 ; elapsed = 00:01:05 . Memory (MB): peak = 2788.293 ; gain = 236.727
Total Elapsed time in route_design: 65.226 secs

Phase 13 Post-Route Event Processing
Phase 13 Post-Route Event Processing | Checksum: 11de7dc54

Time (s): cpu = 00:01:03 ; elapsed = 00:01:05 . Memory (MB): peak = 2788.293 ; gain = 236.727
INFO: [Route 35-16] Router Completed Successfully
Ending Routing Task | Checksum: 11de7dc54

Time (s): cpu = 00:01:03 ; elapsed = 00:01:06 . Memory (MB): peak = 2788.293 ; gain = 236.727

Routing Is Done.
INFO: [Common 17-83] Releasing license: Implementation
1458 Infos, 2 Warnings, 0 Critical Warnings and 0 Errors encountered.
route_design completed successfully
route_design: Time (s): cpu = 00:01:05 ; elapsed = 00:01:06 . Memory (MB): peak = 2788.293 ; gain = 237.258
INFO: [Vivado 12-24828] Executing command : report_drc -file fastvit_bd_wrapper_drc_routed.rpt -pb fastvit_bd_wrapper_drc_routed.pb -rpx fastvit_bd_wrapper_drc_routed.rpx
Command: report_drc -file fastvit_bd_wrapper_drc_routed.rpt -pb fastvit_bd_wrapper_drc_routed.pb -rpx fastvit_bd_wrapper_drc_routed.rpx
INFO: [IP_Flow 19-1839] IP Catalog is up to date.
INFO: [Vivado_Tcl 2-168] The results of DRC are in file E:/codes/microzed/fastvit_hls/vivado_impl/fastvit_conv_only_200mhz_proj/fastvit_conv_only_200mhz_proj.runs/impl_1/fastvit_bd_wrapper_drc_routed.rpt.
report_drc completed successfully
INFO: [Vivado 12-24828] Executing command : report_methodology -file fastvit_bd_wrapper_methodology_drc_routed.rpt -pb fastvit_bd_wrapper_methodology_drc_routed.pb -rpx fastvit_bd_wrapper_methodology_drc_routed.rpx
Command: report_methodology -file fastvit_bd_wrapper_methodology_drc_routed.rpt -pb fastvit_bd_wrapper_methodology_drc_routed.pb -rpx fastvit_bd_wrapper_methodology_drc_routed.rpx
INFO: [Timing 38-35] Done setting XDC timing constraints.
INFO: [Vivado_Tcl 2-1520] The results of Report Methodology are in file E:/codes/microzed/fastvit_hls/vivado_impl/fastvit_conv_only_200mhz_proj/fastvit_conv_only_200mhz_proj.runs/impl_1/fastvit_bd_wrapper_methodology_drc_routed.rpt.
report_methodology completed successfully
report_methodology: Time (s): cpu = 00:00:07 ; elapsed = 00:00:07 . Memory (MB): peak = 2788.293 ; gain = 0.000
INFO: [Vivado 12-24828] Executing command : report_timing_summary -max_paths 10 -report_unconstrained -file fastvit_bd_wrapper_timing_summary_routed.rpt -pb fastvit_bd_wrapper_timing_summary_routed.pb -rpx fastvit_bd_wrapper_timing_summary_routed.rpx -warn_on_violation 
INFO: [Timing 38-35] Done setting XDC timing constraints.
INFO: [Timing 38-91] UpdateTimingParams: Speed grade: -1, Delay Type: min_max.
CRITICAL WARNING: [Timing 38-282] The design failed to meet the timing requirements. Please see the timing summary report for details on the timing violations.
INFO: [Vivado 12-24828] Executing command : report_route_status -file fastvit_bd_wrapper_route_status.rpt -pb fastvit_bd_wrapper_route_status.pb
INFO: [Vivado 12-24828] Executing command : report_incremental_reuse -file fastvit_bd_wrapper_incremental_reuse_routed.rpt
INFO: [Vivado_Tcl 4-1062] Incremental flow is disabled. No incremental reuse Info to report.
INFO: [Vivado 12-24828] Executing command : report_power -file fastvit_bd_wrapper_power_routed.rpt -pb fastvit_bd_wrapper_power_summary_routed.pb -rpx fastvit_bd_wrapper_power_routed.rpx
Command: report_power -file fastvit_bd_wrapper_power_routed.rpt -pb fastvit_bd_wrapper_power_summary_routed.pb -rpx fastvit_bd_wrapper_power_routed.rpx
Running Vector-less Activity Propagation...

Finished Running Vector-less Activity Propagation
1471 Infos, 2 Warnings, 1 Critical Warnings and 0 Errors encountered.
report_power completed successfully
INFO: [Vivado 12-24828] Executing command : report_clock_utilization -file fastvit_bd_wrapper_clock_utilization_routed.rpt
INFO: [Vivado 12-24828] Executing command : report_bus_skew -warn_on_violation -file fastvit_bd_wrapper_bus_skew_routed.rpt -pb fastvit_bd_wrapper_bus_skew_routed.pb -rpx fastvit_bd_wrapper_bus_skew_routed.rpx
INFO: [Timing 38-91] UpdateTimingParams: Speed grade: -1, Delay Type: min_max.
generate_parallel_reports: Time (s): cpu = 00:00:15 ; elapsed = 00:00:16 . Memory (MB): peak = 2788.293 ; gain = 0.000
INFO: [Timing 38-480] Writing timing data to binary archive.
Write ShapeDB Complete: Time (s): cpu = 00:00:00 ; elapsed = 00:00:00.037 . Memory (MB): peak = 2797.973 ; gain = 0.000
Wrote PlaceDB: Time (s): cpu = 00:00:01 ; elapsed = 00:00:00.943 . Memory (MB): peak = 2797.973 ; gain = 0.000
Wrote PulsedLatchDB: Time (s): cpu = 00:00:00 ; elapsed = 00:00:00 . Memory (MB): peak = 2797.973 ; gain = 0.000
Writing XDEF routing.
Writing XDEF routing logical nets.
Writing XDEF routing special nets.
Wrote RouteStorage: Time (s): cpu = 00:00:00 ; elapsed = 00:00:00.156 . Memory (MB): peak = 2797.973 ; gain = 0.000
Wrote Netlist Cache: Time (s): cpu = 00:00:00 ; elapsed = 00:00:00.030 . Memory (MB): peak = 2797.973 ; gain = 0.000
Wrote Device Cache: Time (s): cpu = 00:00:00 ; elapsed = 00:00:00.008 . Memory (MB): peak = 2797.973 ; gain = 0.000
Write Physdb Complete: Time (s): cpu = 00:00:01 ; elapsed = 00:00:01 . Memory (MB): peak = 2797.973 ; gain = 0.000
INFO: [Common 17-1381] The checkpoint 'E:/codes/microzed/fastvit_hls/vivado_impl/fastvit_conv_only_200mhz_proj/fastvit_conv_only_200mhz_proj.runs/impl_1/fastvit_bd_wrapper_routed.dcp' has been generated.
INFO: [Memdata 28-167] Found XPM memory block fastvit_bd_i/sc_main/inst/s03_nodes/s03_w_node/inst/inst_mi_handler/gen_normal_area.inst_fifo_node_payld/gen_xpm_memory_fifo.inst_fifo/gen_mem_rep[0].inst_xpm_memory/xpm_memory_base_inst with a P_MEMORY_PRIMITIVE property set to distributed. A value of block is required. You will not be able to use the updatemem program to update the bitstream with new data for the fastvit_bd_i/sc_main/inst/s03_nodes/s03_w_node/inst/inst_mi_handler/gen_normal_area.inst_fifo_node_payld/gen_xpm_memory_fifo.inst_fifo/gen_mem_rep[0].inst_xpm_memory/xpm_memory_base_inst block.
INFO: [Memdata 28-167] Found XPM memory block fastvit_bd_i/sc_main/inst/s03_nodes/s03_w_node/inst/inst_mi_handler/gen_normal_area.gen_fifo_req.inst_fifo_req/gen_xpm_memory_fifo.inst_fifo/gen_mem_rep[0].inst_xpm_memory/xpm_memory_base_inst with a P_MEMORY_PRIMITIVE property set to distributed. A value of block is required. You will not be able to use the updatemem program to update the bitstream with new data for the fastvit_bd_i/sc_main/inst/s03_nodes/s03_w_node/inst/inst_mi_handler/gen_normal_area.gen_fifo_req.inst_fifo_req/gen_xpm_memory_fifo.inst_fifo/gen_mem_rep[0].inst_xpm_memory/xpm_memory_base_inst block.
INFO: [Memdata 28-167] Found XPM memory block fastvit_bd_i/sc_main/inst/s03_nodes/s03_aw_node/inst/inst_mi_handler/gen_normal_area.inst_fifo_node_payld/gen_xpm_memory_fifo.inst_fifo/gen_mem_rep[0].inst_xpm_memory/xpm_memory_base_inst with a P_MEMORY_PRIMITIVE property set to distributed. A value of block is required. You will not be able to use the updatemem program to update the bitstream with new data for the fastvit_bd_i/sc_main/inst/s03_nodes/s03_aw_node/inst/inst_mi_handler/gen_normal_area.inst_fifo_node_payld/gen_xpm_memory_fifo.inst_fifo/gen_mem_rep[0].inst_xpm_memory/xpm_memory_base_inst block.
INFO: [Memdata 28-167] Found XPM memory block fastvit_bd_i/sc_main/inst/s02_nodes/s02_r_node/inst/inst_mi_handler/gen_normal_area.inst_fifo_node_payld/gen_xpm_memory_fifo.inst_fifo/gen_mem_rep[0].inst_xpm_memory/xpm_memory_base_inst with a P_MEMORY_PRIMITIVE property set to distributed. A value of block is required. You will not be able to use the updatemem program to update the bitstream with new data for the fastvit_bd_i/sc_main/inst/s02_nodes/s02_r_node/inst/inst_mi_handler/gen_normal_area.inst_fifo_node_payld/gen_xpm_memory_fifo.inst_fifo/gen_mem_rep[0].inst_xpm_memory/xpm_memory_base_inst block.
INFO: [Memdata 28-167] Found XPM memory block fastvit_bd_i/sc_main/inst/s02_nodes/s02_ar_node/inst/inst_mi_handler/gen_normal_area.inst_fifo_node_payld/gen_xpm_memory_fifo.inst_fifo/gen_mem_rep[0].inst_xpm_memory/xpm_memory_base_inst with a P_MEMORY_PRIMITIVE property set to distributed. A value of block is required. You will not be able to use the updatemem program to update the bitstream with new data for the fastvit_bd_i/sc_main/inst/s02_nodes/s02_ar_node/inst/inst_mi_handler/gen_normal_area.inst_fifo_node_payld/gen_xpm_memory_fifo.inst_fifo/gen_mem_rep[0].inst_xpm_memory/xpm_memory_base_inst block.
INFO: [Memdata 28-167] Found XPM memory block fastvit_bd_i/sc_main/inst/s01_nodes/s01_r_node/inst/inst_mi_handler/gen_normal_area.inst_fifo_node_payld/gen_xpm_memory_fifo.inst_fifo/gen_mem_rep[0].inst_xpm_memory/xpm_memory_base_inst with a P_MEMORY_PRIMITIVE property set to distributed. A value of block is required. You will not be able to use the updatemem program to update the bitstream with new data for the fastvit_bd_i/sc_main/inst/s01_nodes/s01_r_node/inst/inst_mi_handler/gen_normal_area.inst_fifo_node_payld/gen_xpm_memory_fifo.inst_fifo/gen_mem_rep[0].inst_xpm_memory/xpm_memory_base_inst block.
INFO: [Memdata 28-167] Found XPM memory block fastvit_bd_i/sc_main/inst/s01_nodes/s01_ar_node/inst/inst_mi_handler/gen_normal_area.inst_fifo_node_payld/gen_xpm_memory_fifo.inst_fifo/gen_mem_rep[0].inst_xpm_memory/xpm_memory_base_inst with a P_MEMORY_PRIMITIVE property set to distributed. A value of block is required. You will not be able to use the updatemem program to update the bitstream with new data for the fastvit_bd_i/sc_main/inst/s01_nodes/s01_ar_node/inst/inst_mi_handler/gen_normal_area.inst_fifo_node_payld/gen_xpm_memory_fifo.inst_fifo/gen_mem_rep[0].inst_xpm_memory/xpm_memory_base_inst block.
INFO: [Memdata 28-167] Found XPM memory block fastvit_bd_i/sc_main/inst/s00_nodes/s00_r_node/inst/inst_mi_handler/gen_normal_area.inst_fifo_node_payld/gen_xpm_memory_fifo.inst_fifo/gen_mem_rep[0].inst_xpm_memory/xpm_memory_base_inst with a P_MEMORY_PRIMITIVE property set to distributed. A value of block is required. You will not be able to use the updatemem program to update the bitstream with new data for the fastvit_bd_i/sc_main/inst/s00_nodes/s00_r_node/inst/inst_mi_handler/gen_normal_area.inst_fifo_node_payld/gen_xpm_memory_fifo.inst_fifo/gen_mem_rep[0].inst_xpm_memory/xpm_memory_base_inst block.
INFO: [Memdata 28-167] Found XPM memory block fastvit_bd_i/sc_main/inst/s00_nodes/s00_ar_node/inst/inst_mi_handler/gen_normal_area.inst_fifo_node_payld/gen_xpm_memory_fifo.inst_fifo/gen_mem_rep[0].inst_xpm_memory/xpm_memory_base_inst with a P_MEMORY_PRIMITIVE property set to distributed. A value of block is required. You will not be able to use the updatemem program to update the bitstream with new data for the fastvit_bd_i/sc_main/inst/s00_nodes/s00_ar_node/inst/inst_mi_handler/gen_normal_area.inst_fifo_node_payld/gen_xpm_memory_fifo.inst_fifo/gen_mem_rep[0].inst_xpm_memory/xpm_memory_base_inst block.
INFO: [Memdata 28-167] Found XPM memory block fastvit_bd_i/sc_main/inst/m00_nodes/m00_w_node/inst/inst_si_handler/gen_si_handler.gen_request_fifos.gen_req_fifo[3].inst_req_fifo/gen_xpm_memory_fifo.inst_fifo/gen_mem_rep[0].inst_xpm_memory/xpm_memory_base_inst with a P_MEMORY_PRIMITIVE property set to distributed. A value of block is required. You will not be able to use the updatemem program to update the bitstream with new data for the fastvit_bd_i/sc_main/inst/m00_nodes/m00_w_node/inst/inst_si_handler/gen_si_handler.gen_request_fifos.gen_req_fifo[3].inst_req_fifo/gen_xpm_memory_fifo.inst_fifo/gen_mem_rep[0].inst_xpm_memory/xpm_memory_base_inst block.
INFO: [Memdata 28-167] Found XPM memory block fastvit_bd_i/sc_main/inst/m00_nodes/m00_w_node/inst/inst_mi_handler/gen_normal_area.inst_fifo_node_payld/gen_xpm_memory_fifo.inst_fifo/gen_mem_rep[0].inst_xpm_memory/xpm_memory_base_inst with a P_MEMORY_PRIMITIVE property set to distributed. A value of block is required. You will not be able to use the updatemem program to update the bitstream with new data for the fastvit_bd_i/sc_main/inst/m00_nodes/m00_w_node/inst/inst_mi_handler/gen_normal_area.inst_fifo_node_payld/gen_xpm_memory_fifo.inst_fifo/gen_mem_rep[0].inst_xpm_memory/xpm_memory_base_inst block.
INFO: [Memdata 28-167] Found XPM memory block fastvit_bd_i/sc_main/inst/m00_nodes/m00_r_node/inst/inst_mi_handler/gen_normal_area.inst_fifo_node_payld/gen_xpm_memory_fifo.inst_fifo/gen_mem_rep[0].inst_xpm_memory/xpm_memory_base_inst with a P_MEMORY_PRIMITIVE property set to distributed. A value of block is required. You will not be able to use the updatemem program to update the bitstream with new data for the fastvit_bd_i/sc_main/inst/m00_nodes/m00_r_node/inst/inst_mi_handler/gen_normal_area.inst_fifo_node_payld/gen_xpm_memory_fifo.inst_fifo/gen_mem_rep[0].inst_xpm_memory/xpm_memory_base_inst block.
INFO: [Memdata 28-167] Found XPM memory block fastvit_bd_i/sc_main/inst/m00_nodes/m00_r_node/inst/inst_mi_handler/gen_normal_area.gen_fifo_req.inst_fifo_req/gen_xpm_memory_fifo.inst_fifo/gen_mem_rep[0].inst_xpm_memory/xpm_memory_base_inst with a P_MEMORY_PRIMITIVE property set to distributed. A value of block is required. You will not be able to use the updatemem program to update the bitstream with new data for the fastvit_bd_i/sc_main/inst/m00_nodes/m00_r_node/inst/inst_mi_handler/gen_normal_area.gen_fifo_req.inst_fifo_req/gen_xpm_memory_fifo.inst_fifo/gen_mem_rep[0].inst_xpm_memory/xpm_memory_base_inst block.
INFO: [Memdata 28-167] Found XPM memory block fastvit_bd_i/sc_main/inst/m00_nodes/m00_b_node/inst/inst_mi_handler/gen_normal_area.gen_fifo_req.inst_fifo_req/gen_xpm_memory_fifo.inst_fifo/gen_mem_rep[0].inst_xpm_memory/xpm_memory_base_inst with a P_MEMORY_PRIMITIVE property set to distributed. A value of block is required. You will not be able to use the updatemem program to update the bitstream with new data for the fastvit_bd_i/sc_main/inst/m00_nodes/m00_b_node/inst/inst_mi_handler/gen_normal_area.gen_fifo_req.inst_fifo_req/gen_xpm_memory_fifo.inst_fifo/gen_mem_rep[0].inst_xpm_memory/xpm_memory_base_inst block.
INFO: [Memdata 28-167] Found XPM memory block fastvit_bd_i/sc_main/inst/m00_nodes/m00_aw_node/inst/inst_mi_handler/gen_normal_area.inst_fifo_node_payld/gen_xpm_memory_fifo.inst_fifo/gen_mem_rep[0].inst_xpm_memory/xpm_memory_base_inst with a P_MEMORY_PRIMITIVE property set to distributed. A value of block is required. You will not be able to use the updatemem program to update the bitstream with new data for the fastvit_bd_i/sc_main/inst/m00_nodes/m00_aw_node/inst/inst_mi_handler/gen_normal_area.inst_fifo_node_payld/gen_xpm_memory_fifo.inst_fifo/gen_mem_rep[0].inst_xpm_memory/xpm_memory_base_inst block.
INFO: [Memdata 28-167] Found XPM memory block fastvit_bd_i/sc_main/inst/m00_nodes/m00_ar_node/inst/inst_mi_handler/gen_normal_area.inst_fifo_node_payld/gen_xpm_memory_fifo.inst_fifo/gen_mem_rep[0].inst_xpm_memory/xpm_memory_base_inst with a P_MEMORY_PRIMITIVE property set to distributed. A value of block is required. You will not be able to use the updatemem program to update the bitstream with new data for the fastvit_bd_i/sc_main/inst/m00_nodes/m00_ar_node/inst/inst_mi_handler/gen_normal_area.inst_fifo_node_payld/gen_xpm_memory_fifo.inst_fifo/gen_mem_rep[0].inst_xpm_memory/xpm_memory_base_inst block.
Command: write_bitstream -force fastvit_bd_wrapper.bit
Attempting to get a license for feature 'Implementation' and/or device 'xc7z020'
INFO: [Common 17-349] Got license for feature 'Implementation' and/or device 'xc7z020'
Running DRC as a precondition to command write_bitstream
INFO: [IP_Flow 19-1839] IP Catalog is up to date.
INFO: [Vivado 12-3199] DRC finished with 0 Errors
INFO: [Vivado 12-3200] Please refer to the DRC report (report_drc) for more information.
Loading data files...
Loading site data...
Loading route data...
Processing options...
Creating bitmap...
Creating bitstream...
Writing bitstream ./fastvit_bd_wrapper.bit...
INFO: [Vivado 12-1842] Bitgen Completed Successfully.
INFO: [Project 1-1876] WebTalk data collection is mandatory when using a ULT device. To see the specific WebTalk data collected for your design, open the usage_statistics_webtalk.html or usage_statistics_webtalk.xml file in the implementation directory.
INFO: [Common 17-83] Releasing license: Implementation
1499 Infos, 2 Warnings, 1 Critical Warnings and 0 Errors encountered.
write_bitstream completed successfully
write_bitstream: Time (s): cpu = 00:00:13 ; elapsed = 00:00:13 . Memory (MB): peak = 3273.086 ; gain = 467.402
INFO: [Common 17-206] Exiting Vivado at Thu Aug  6 23:34:13 2026...
[Thu Aug  6 23:34:16 2026] impl_1 finished
wait_on_runs: Time (s): cpu = 00:00:00 ; elapsed = 00:04:26 . Memory (MB): peak = 712.121 ; gain = 0.000
# puts "Implementation status: [get_property STATUS [get_runs impl_1]]"
Implementation status: write_bitstream Complete!
# if {[get_property PROGRESS [get_runs impl_1]] != "100%"} { error "Implementation FAILED" }
# open_run impl_1
INFO: [Device 21-403] Loading part xc7z020clg400-1
Netlist sorting complete. Time (s): cpu = 00:00:00 ; elapsed = 00:00:00.317 . Memory (MB): peak = 974.125 ; gain = 0.000
INFO: [Netlist 29-17] Analyzing 2406 Unisim elements for replacement
INFO: [Netlist 29-28] Unisim Transformation completed in 1 CPU seconds
INFO: [Project 1-479] Netlist was created with Vivado 2024.2
INFO: [Project 1-570] Preparing netlist for logic optimization
Read ShapeDB Complete: Time (s): cpu = 00:00:00 ; elapsed = 00:00:00.041 . Memory (MB): peak = 1163.047 ; gain = 9.023
INFO: [Timing 38-478] Restoring timing data from binary archive.
INFO: [Timing 38-479] Binary timing data restore complete.
INFO: [Project 1-856] Restoring constraints from binary archive.
INFO: [Project 1-853] Binary constraint restore complete.
INFO: [Designutils 20-5722] Start Reading Physical Databases.
Reading placement.
Read Netlist Cache: Time (s): cpu = 00:00:00 ; elapsed = 00:00:00.017 . Memory (MB): peak = 1813.207 ; gain = 0.000
Reading placer database...
Read Device Cache: Time (s): cpu = 00:00:00 ; elapsed = 00:00:00.008 . Memory (MB): peak = 1813.207 ; gain = 0.000
Read PlaceDB: Time (s): cpu = 00:00:00 ; elapsed = 00:00:00.549 . Memory (MB): peak = 1813.207 ; gain = 0.000
Read PulsedLatchDB: Time (s): cpu = 00:00:00 ; elapsed = 00:00:00 . Memory (MB): peak = 1813.207 ; gain = 0.000
Reading routing.
Read RouteStorage: Time (s): cpu = 00:00:01 ; elapsed = 00:00:00.226 . Memory (MB): peak = 1824.930 ; gain = 11.723
Read Physdb Files: Time (s): cpu = 00:00:01 ; elapsed = 00:00:00.815 . Memory (MB): peak = 1824.930 ; gain = 11.723
Restored from archive | CPU: 1.000000 secs | Memory: 0.000000 MB |
Finished XDEF File Restore: Time (s): cpu = 00:00:01 ; elapsed = 00:00:00.842 . Memory (MB): peak = 1824.930 ; gain = 11.723
Netlist sorting complete. Time (s): cpu = 00:00:00 ; elapsed = 00:00:00.004 . Memory (MB): peak = 1824.930 ; gain = 0.000
INFO: [Project 1-111] Unisim Transformation Summary:
  A total of 447 instances were transformed.
  RAM16X1D => RAM32X1D (RAMD32(x2)): 257 instances
  RAM16X1S => RAM32X1S (RAMS32): 16 instances
  RAM32M => RAM32M (RAMD32(x6), RAMS32(x2)): 164 instances
  RAM64X1S => RAM64X1S (RAMS64E): 8 instances
  SRLC32E => SRL16E: 2 instances

open_run: Time (s): cpu = 00:00:09 ; elapsed = 00:00:09 . Memory (MB): peak = 1824.930 ; gain = 1112.809
# set rpt_file "$proj_dir/utilization_conv_only_200mhz.rpt"
# report_utilization -file $rpt_file
# set timing_rpt "$proj_dir/timing_detail_conv_only_200mhz.rpt"
# report_timing -delay_type max -max_paths 10 -sort_by group -file $timing_rpt
INFO: [Timing 38-91] UpdateTimingParams: Speed grade: -1, Delay Type: max.
INFO: [Timing 38-78] ReportTimingParams: -max_paths 10 -nworst 1 -delay_type max -sort_by group.
# puts ">>> Detailed timing report: $timing_rpt"
>>> Detailed timing report: E:/codes/microzed/fastvit_hls/vivado_impl/fastvit_conv_only_200mhz_proj/timing_detail_conv_only_200mhz.rpt
# puts ""

# puts "========================================"
========================================
# puts " POST-IMPLEMENTATION UTILIZATION (conv-only, 200MHz)"
 POST-IMPLEMENTATION UTILIZATION (conv-only, 200MHz)
# puts "========================================"
========================================
# report_utilization
Copyright 1986-2022 Xilinx, Inc. All Rights Reserved. Copyright 2022-2024 Advanced Micro Devices, Inc. All Rights Reserved.
---------------------------------------------------------------------------------------------------------------------------------------------
| Tool Version : Vivado v.2024.2 (win64) Build 5239630 Fri Nov 08 22:35:27 MST 2024
| Date         : Thu Aug  6 23:34:28 2026
| Host         : DESKTOP-GBLH5MP running 64-bit major release  (build 9200)
| Command      : report_utilization
| Design       : fastvit_bd_wrapper
| Device       : xc7z020clg400-1
| Speed File   : -1
| Design State : Routed
---------------------------------------------------------------------------------------------------------------------------------------------

Utilization Design Information

Table of Contents
-----------------
1. Slice Logic
1.1 Summary of Registers by Type
2. Slice Logic Distribution
3. Memory
4. DSP
5. IO and GT Specific
6. Clocking
7. Specific Feature
8. Primitives
9. Black Boxes
10. Instantiated Netlists

1. Slice Logic
--------------

+----------------------------+-------+-------+------------+-----------+-------+
|          Site Type         |  Used | Fixed | Prohibited | Available | Util% |
+----------------------------+-------+-------+------------+-----------+-------+
| Slice LUTs                 | 13800 |     0 |          0 |     53200 | 25.94 |
|   LUT as Logic             | 11644 |     0 |          0 |     53200 | 21.89 |
|   LUT as Memory            |  2156 |     0 |          0 |     17400 | 12.39 |
|     LUT as Distributed RAM |  1018 |     0 |            |           |       |
|     LUT as Shift Register  |  1138 |     0 |            |           |       |
| Slice Registers            | 16212 |     0 |          0 |    106400 | 15.24 |
|   Register as Flip Flop    | 16212 |     0 |          0 |    106400 | 15.24 |
|   Register as Latch        |     0 |     0 |          0 |    106400 |  0.00 |
| F7 Muxes                   |   446 |     0 |          0 |     26600 |  1.68 |
| F8 Muxes                   |    75 |     0 |          0 |     13300 |  0.56 |
+----------------------------+-------+-------+------------+-----------+-------+
* Warning! LUT value is adjusted to account for LUT combining.


1.1 Summary of Registers by Type
--------------------------------

+-------+--------------+-------------+--------------+
| Total | Clock Enable | Synchronous | Asynchronous |
+-------+--------------+-------------+--------------+
| 0     |            _ |           - |            - |
| 0     |            _ |           - |          Set |
| 0     |            _ |           - |        Reset |
| 0     |            _ |         Set |            - |
| 0     |            _ |       Reset |            - |
| 0     |          Yes |           - |            - |
| 0     |          Yes |           - |          Set |
| 81    |          Yes |           - |        Reset |
| 277   |          Yes |         Set |            - |
| 15854 |          Yes |       Reset |            - |
+-------+--------------+-------------+--------------+


2. Slice Logic Distribution
---------------------------

+--------------------------------------------+-------+-------+------------+-----------+-------+
|                  Site Type                 |  Used | Fixed | Prohibited | Available | Util% |
+--------------------------------------------+-------+-------+------------+-----------+-------+
| Slice                                      |  5336 |     0 |          0 |     13300 | 40.12 |
|   SLICEL                                   |  3694 |     0 |            |           |       |
|   SLICEM                                   |  1642 |     0 |            |           |       |
| LUT as Logic                               | 11644 |     0 |          0 |     53200 | 21.89 |
|   using O5 output only                     |    67 |       |            |           |       |
|   using O6 output only                     |  8210 |       |            |           |       |
|   using O5 and O6                          |  3367 |       |            |           |       |
| LUT as Memory                              |  2156 |     0 |          0 |     17400 | 12.39 |
|   LUT as Distributed RAM                   |  1018 |     0 |            |           |       |
|     using O5 output only                   |    48 |       |            |           |       |
|     using O6 output only                   |   138 |       |            |           |       |
|     using O5 and O6                        |   832 |       |            |           |       |
|   LUT as Shift Register                    |  1138 |     0 |            |           |       |
|     using O5 output only                   |    29 |       |            |           |       |
|     using O6 output only                   |  1028 |       |            |           |       |
|     using O5 and O6                        |    81 |       |            |           |       |
| Slice Registers                            | 16212 |     0 |          0 |    106400 | 15.24 |
|   Register driven from within the Slice    | 11088 |       |            |           |       |
|   Register driven from outside the Slice   |  5124 |       |            |           |       |
|     LUT in front of the register is unused |  3719 |       |            |           |       |
|     LUT in front of the register is used   |  1405 |       |            |           |       |
| Unique Control Sets                        |   536 |       |          0 |     13300 |  4.03 |
+--------------------------------------------+-------+-------+------------+-----------+-------+
* * Note: Available Control Sets calculated as Slice * 1, Review the Control Sets Report for more information regarding control sets.


3. Memory
---------

+-------------------+------+-------+------------+-----------+-------+
|     Site Type     | Used | Fixed | Prohibited | Available | Util% |
+-------------------+------+-------+------------+-----------+-------+
| Block RAM Tile    |    5 |     0 |          0 |       140 |  3.57 |
|   RAMB36/FIFO*    |    2 |     0 |          0 |       140 |  1.43 |
|     RAMB36E1 only |    2 |       |            |           |       |
|   RAMB18          |    6 |     0 |          0 |       280 |  2.14 |
|     RAMB18E1 only |    6 |       |            |           |       |
+-------------------+------+-------+------------+-----------+-------+
* Note: Each Block RAM Tile only has one FIFO logic available and therefore can accommodate only one FIFO36E1 or one FIFO18E1. However, if a FIFO18E1 occupies a Block RAM Tile, that tile can still accommodate a RAMB18E1


4. DSP
------

+----------------+------+-------+------------+-----------+-------+
|    Site Type   | Used | Fixed | Prohibited | Available | Util% |
+----------------+------+-------+------------+-----------+-------+
| DSPs           |    9 |     0 |          0 |       220 |  4.09 |
|   DSP48E1 only |    9 |       |            |           |       |
+----------------+------+-------+------------+-----------+-------+


5. IO and GT Specific
---------------------

+-----------------------------+------+-------+------------+-----------+--------+
|          Site Type          | Used | Fixed | Prohibited | Available |  Util% |
+-----------------------------+------+-------+------------+-----------+--------+
| Bonded IOB                  |    0 |     0 |          0 |       125 |   0.00 |
| Bonded IPADs                |    0 |     0 |          0 |         2 |   0.00 |
| Bonded IOPADs               |  130 |   130 |          0 |       130 | 100.00 |
| PHY_CONTROL                 |    0 |     0 |          0 |         4 |   0.00 |
| PHASER_REF                  |    0 |     0 |          0 |         4 |   0.00 |
| OUT_FIFO                    |    0 |     0 |          0 |        16 |   0.00 |
| IN_FIFO                     |    0 |     0 |          0 |        16 |   0.00 |
| IDELAYCTRL                  |    0 |     0 |          0 |         4 |   0.00 |
| IBUFDS                      |    0 |     0 |          0 |       121 |   0.00 |
| PHASER_OUT/PHASER_OUT_PHY   |    0 |     0 |          0 |        16 |   0.00 |
| PHASER_IN/PHASER_IN_PHY     |    0 |     0 |          0 |        16 |   0.00 |
| IDELAYE2/IDELAYE2_FINEDELAY |    0 |     0 |          0 |       200 |   0.00 |
| ILOGIC                      |    0 |     0 |          0 |       125 |   0.00 |
| OLOGIC                      |    0 |     0 |          0 |       125 |   0.00 |
+-----------------------------+------+-------+------------+-----------+--------+


6. Clocking
-----------

+------------+------+-------+------------+-----------+-------+
|  Site Type | Used | Fixed | Prohibited | Available | Util% |
+------------+------+-------+------------+-----------+-------+
| BUFGCTRL   |    1 |     0 |          0 |        32 |  3.13 |
| BUFIO      |    0 |     0 |          0 |        16 |  0.00 |
| MMCME2_ADV |    0 |     0 |          0 |         4 |  0.00 |
| PLLE2_ADV  |    0 |     0 |          0 |         4 |  0.00 |
| BUFMRCE    |    0 |     0 |          0 |         8 |  0.00 |
| BUFHCE     |    0 |     0 |          0 |        72 |  0.00 |
| BUFR       |    0 |     0 |          0 |        16 |  0.00 |
+------------+------+-------+------------+-----------+-------+


7. Specific Feature
-------------------

+-------------+------+-------+------------+-----------+-------+
|  Site Type  | Used | Fixed | Prohibited | Available | Util% |
+-------------+------+-------+------------+-----------+-------+
| BSCANE2     |    0 |     0 |          0 |         4 |  0.00 |
| CAPTUREE2   |    0 |     0 |          0 |         1 |  0.00 |
| DNA_PORT    |    0 |     0 |          0 |         1 |  0.00 |
| EFUSE_USR   |    0 |     0 |          0 |         1 |  0.00 |
| FRAME_ECCE2 |    0 |     0 |          0 |         1 |  0.00 |
| ICAPE2      |    0 |     0 |          0 |         2 |  0.00 |
| STARTUPE2   |    0 |     0 |          0 |         1 |  0.00 |
| XADC        |    0 |     0 |          0 |         1 |  0.00 |
+-------------+------+-------+------------+-----------+-------+


8. Primitives
-------------

+----------+-------+----------------------+
| Ref Name |  Used |  Functional Category |
+----------+-------+----------------------+
| FDRE     | 15854 |         Flop & Latch |
| LUT3     |  4139 |                  LUT |
| LUT2     |  3178 |                  LUT |
| LUT6     |  2787 |                  LUT |
| LUT4     |  2501 |                  LUT |
| LUT5     |  1764 |                  LUT |
| RAMD32   |  1498 |   Distributed Memory |
| CARRY4   |  1423 |           CarryLogic |
| SRLC32E  |   939 |   Distributed Memory |
| LUT1     |   642 |                  LUT |
| MUXF7    |   446 |                MuxFx |
| RAMS32   |   344 |   Distributed Memory |
| SRL16E   |   280 |   Distributed Memory |
| FDSE     |   277 |         Flop & Latch |
| BIBUF    |   130 |                   IO |
| FDCE     |    81 |         Flop & Latch |
| MUXF8    |    75 |                MuxFx |
| DSP48E1  |     9 |     Block Arithmetic |
| RAMS64E  |     8 |   Distributed Memory |
| RAMB18E1 |     6 |         Block Memory |
| RAMB36E1 |     2 |         Block Memory |
| PS7      |     1 | Specialized Resource |
| BUFG     |     1 |                Clock |
+----------+-------+----------------------+


9. Black Boxes
--------------

+----------+------+
| Ref Name | Used |
+----------+------+


10. Instantiated Netlists
-------------------------

+-------------------------------------+------+
|               Ref Name              | Used |
+-------------------------------------+------+
| fastvit_bd_worker_0_0               |    1 |
| fastvit_bd_sc_main_0                |    1 |
| fastvit_bd_rst_ps7_0_200M_0         |    1 |
| fastvit_bd_ps_ctrl_ic_imp_xbar_0    |    1 |
| fastvit_bd_ps_ctrl_ic_imp_auto_pc_0 |    1 |
| fastvit_bd_ps7_0_0                  |    1 |
+-------------------------------------+------+


# set wns [get_property STATS.WNS [get_runs impl_1]]
# set tns [get_property STATS.TNS [get_runs impl_1]]
# puts ""

# puts ">>> WNS: $wns ns"
>>> WNS: -0.854318 ns
# puts ">>> TNS: $tns ns"
>>> TNS: -160.853729 ns
# puts ">>> Report:    $rpt_file"
>>> Report:    E:/codes/microzed/fastvit_hls/vivado_impl/fastvit_conv_only_200mhz_proj/utilization_conv_only_200mhz.rpt
INFO: [Common 17-206] Exiting Vivado at Thu Aug  6 23:34:28 2026...
