

================================================================
== Vitis HLS Report for 'run_reduce_unified_Pipeline_DW_TAP_H_DW_TAP_W'
================================================================
* Date:           Thu Aug 20 10:19:34 2026

* Version:        2024.2 (Build 5238294 on Nov  8 2024)
* Project:        mac_array_poc_r13
* Solution:       solution1 (Vivado IP Flow Target)
* Product family: zynq
* Target device:  xc7z020-clg400-1


================================================================
== Performance Estimates
================================================================
+ Timing: 
    * Summary: 
    +--------+----------+----------+------------+
    |  Clock |  Target  | Estimated| Uncertainty|
    +--------+----------+----------+------------+
    |ap_clk  |  10.00 ns|  7.299 ns|     2.70 ns|
    +--------+----------+----------+------------+

+ Latency: 
    * Summary: 
    +---------+---------+----------+----------+-----+-----+------------------------------------------------+
    |  Latency (cycles) |  Latency (absolute) |  Interval |                    Pipeline                    |
    |   min   |   max   |    min   |    max   | min | max |                      Type                      |
    +---------+---------+----------+----------+-----+-----+------------------------------------------------+
    |       14|       14|  0.140 us|  0.140 us|   10|   10|  loop auto-rewind stp (delay=0 clock cycles(s))|
    +---------+---------+----------+----------+-----+-----+------------------------------------------------+

    + Detail: 
        * Instance: 
        N/A

        * Loop: 
        +---------------------+---------+---------+----------+-----------+-----------+------+----------+
        |                     |  Latency (cycles) | Iteration|  Initiation Interval  | Trip |          |
        |      Loop Name      |   min   |   max   |  Latency |  achieved |   target  | Count| Pipelined|
        +---------------------+---------+---------+----------+-----------+-----------+------+----------+
        |- DW_TAP_H_DW_TAP_W  |       12|       12|         5|          1|          1|     9|       yes|
        +---------------------+---------+---------+----------+-----------+-----------+------+----------+



================================================================
== Utilization Estimates
================================================================
* Summary: 
+-----------------+---------+-----+--------+-------+-----+
|       Name      | BRAM_18K| DSP |   FF   |  LUT  | URAM|
+-----------------+---------+-----+--------+-------+-----+
|DSP              |        -|  512|       -|      -|    -|
|Expression       |        -|    -|       0|   4277|    -|
|FIFO             |        -|    -|       -|      -|    -|
|Instance         |        -|    -|       0|  21024|    -|
|Memory           |        -|    -|       -|      -|    -|
|Multiplexer      |        -|    -|       0|   9288|    -|
|Register         |        -|    -|    9817|     32|    -|
+-----------------+---------+-----+--------+-------+-----+
|Total            |        0|  512|    9817|  34621|    0|
+-----------------+---------+-----+--------+-------+-----+
|Available        |      280|  220|  106400|  53200|    0|
+-----------------+---------+-----+--------+-------+-----+
|Utilization (%)  |        0|  232|       9|     65|    0|
+-----------------+---------+-----+--------+-------+-----+

+ Detail: 
    * Instance: 
    +---------------------------+---------------------+---------+----+---+-----+-----+
    |          Instance         |        Module       | BRAM_18K| DSP| FF| LUT | URAM|
    +---------------------------+---------------------+---------+----+---+-----+-----+
    |sparsemux_7_2_8_1_1_U6854  |sparsemux_7_2_8_1_1  |        0|   0|  0|    9|    0|
    |sparsemux_7_2_8_1_1_U6855  |sparsemux_7_2_8_1_1  |        0|   0|  0|    9|    0|
    |sparsemux_7_2_8_1_1_U6856  |sparsemux_7_2_8_1_1  |        0|   0|  0|    9|    0|
    |sparsemux_7_2_8_1_1_U6857  |sparsemux_7_2_8_1_1  |        0|   0|  0|    9|    0|
    |sparsemux_7_2_8_1_1_U6858  |sparsemux_7_2_8_1_1  |        0|   0|  0|    9|    0|
    |sparsemux_7_2_8_1_1_U6859  |sparsemux_7_2_8_1_1  |        0|   0|  0|    9|    0|
    |sparsemux_7_2_8_1_1_U6860  |sparsemux_7_2_8_1_1  |        0|   0|  0|    9|    0|
    |sparsemux_7_2_8_1_1_U6861  |sparsemux_7_2_8_1_1  |        0|   0|  0|    9|    0|
    |sparsemux_7_2_8_1_1_U6862  |sparsemux_7_2_8_1_1  |        0|   0|  0|    9|    0|
    |sparsemux_7_2_8_1_1_U6863  |sparsemux_7_2_8_1_1  |        0|   0|  0|    9|    0|
    |sparsemux_7_2_8_1_1_U6864  |sparsemux_7_2_8_1_1  |        0|   0|  0|    9|    0|
    |sparsemux_7_2_8_1_1_U6865  |sparsemux_7_2_8_1_1  |        0|   0|  0|    9|    0|
    |sparsemux_7_2_8_1_1_U6866  |sparsemux_7_2_8_1_1  |        0|   0|  0|    9|    0|
    |sparsemux_7_2_8_1_1_U6867  |sparsemux_7_2_8_1_1  |        0|   0|  0|    9|    0|
    |sparsemux_7_2_8_1_1_U6868  |sparsemux_7_2_8_1_1  |        0|   0|  0|    9|    0|
    |sparsemux_7_2_8_1_1_U6869  |sparsemux_7_2_8_1_1  |        0|   0|  0|    9|    0|
    |sparsemux_7_2_8_1_1_U6870  |sparsemux_7_2_8_1_1  |        0|   0|  0|    9|    0|
    |sparsemux_7_2_8_1_1_U6871  |sparsemux_7_2_8_1_1  |        0|   0|  0|    9|    0|
    |sparsemux_7_2_8_1_1_U6872  |sparsemux_7_2_8_1_1  |        0|   0|  0|    9|    0|
    |sparsemux_7_2_8_1_1_U6873  |sparsemux_7_2_8_1_1  |        0|   0|  0|    9|    0|
    |sparsemux_7_2_8_1_1_U6874  |sparsemux_7_2_8_1_1  |        0|   0|  0|    9|    0|
    |sparsemux_7_2_8_1_1_U6875  |sparsemux_7_2_8_1_1  |        0|   0|  0|    9|    0|
    |sparsemux_7_2_8_1_1_U6876  |sparsemux_7_2_8_1_1  |        0|   0|  0|    9|    0|
    |sparsemux_7_2_8_1_1_U6877  |sparsemux_7_2_8_1_1  |        0|   0|  0|    9|    0|
    |sparsemux_7_2_8_1_1_U6878  |sparsemux_7_2_8_1_1  |        0|   0|  0|    9|    0|
    |sparsemux_7_2_8_1_1_U6879  |sparsemux_7_2_8_1_1  |        0|   0|  0|    9|    0|
    |sparsemux_7_2_8_1_1_U6880  |sparsemux_7_2_8_1_1  |        0|   0|  0|    9|    0|
    |sparsemux_7_2_8_1_1_U6881  |sparsemux_7_2_8_1_1  |        0|   0|  0|    9|    0|
    |sparsemux_7_2_8_1_1_U6882  |sparsemux_7_2_8_1_1  |        0|   0|  0|    9|    0|
    |sparsemux_7_2_8_1_1_U6883  |sparsemux_7_2_8_1_1  |        0|   0|  0|    9|    0|
    |sparsemux_7_2_8_1_1_U6884  |sparsemux_7_2_8_1_1  |        0|   0|  0|    9|    0|
    |sparsemux_7_2_8_1_1_U6885  |sparsemux_7_2_8_1_1  |        0|   0|  0|    9|    0|
    |sparsemux_7_2_8_1_1_U6886  |sparsemux_7_2_8_1_1  |        0|   0|  0|    9|    0|
    |sparsemux_7_2_8_1_1_U6887  |sparsemux_7_2_8_1_1  |        0|   0|  0|    9|    0|
    |sparsemux_7_2_8_1_1_U6888  |sparsemux_7_2_8_1_1  |        0|   0|  0|    9|    0|
    |sparsemux_7_2_8_1_1_U6889  |sparsemux_7_2_8_1_1  |        0|   0|  0|    9|    0|
    |sparsemux_7_2_8_1_1_U6890  |sparsemux_7_2_8_1_1  |        0|   0|  0|    9|    0|
    |sparsemux_7_2_8_1_1_U6891  |sparsemux_7_2_8_1_1  |        0|   0|  0|    9|    0|
    |sparsemux_7_2_8_1_1_U6892  |sparsemux_7_2_8_1_1  |        0|   0|  0|    9|    0|
    |sparsemux_7_2_8_1_1_U6893  |sparsemux_7_2_8_1_1  |        0|   0|  0|    9|    0|
    |sparsemux_7_2_8_1_1_U6894  |sparsemux_7_2_8_1_1  |        0|   0|  0|    9|    0|
    |sparsemux_7_2_8_1_1_U6895  |sparsemux_7_2_8_1_1  |        0|   0|  0|    9|    0|
    |sparsemux_7_2_8_1_1_U6896  |sparsemux_7_2_8_1_1  |        0|   0|  0|    9|    0|
    |sparsemux_7_2_8_1_1_U6897  |sparsemux_7_2_8_1_1  |        0|   0|  0|    9|    0|
    |sparsemux_7_2_8_1_1_U6898  |sparsemux_7_2_8_1_1  |        0|   0|  0|    9|    0|
    |sparsemux_7_2_8_1_1_U6899  |sparsemux_7_2_8_1_1  |        0|   0|  0|    9|    0|
    |sparsemux_7_2_8_1_1_U6900  |sparsemux_7_2_8_1_1  |        0|   0|  0|    9|    0|
    |sparsemux_7_2_8_1_1_U6901  |sparsemux_7_2_8_1_1  |        0|   0|  0|    9|    0|
    |sparsemux_7_2_8_1_1_U6902  |sparsemux_7_2_8_1_1  |        0|   0|  0|    9|    0|
    |sparsemux_7_2_8_1_1_U6903  |sparsemux_7_2_8_1_1  |        0|   0|  0|    9|    0|
    |sparsemux_7_2_8_1_1_U6904  |sparsemux_7_2_8_1_1  |        0|   0|  0|    9|    0|
    |sparsemux_7_2_8_1_1_U6905  |sparsemux_7_2_8_1_1  |        0|   0|  0|    9|    0|
    |sparsemux_7_2_8_1_1_U6906  |sparsemux_7_2_8_1_1  |        0|   0|  0|    9|    0|
    |sparsemux_7_2_8_1_1_U6907  |sparsemux_7_2_8_1_1  |        0|   0|  0|    9|    0|
    |sparsemux_7_2_8_1_1_U6908  |sparsemux_7_2_8_1_1  |        0|   0|  0|    9|    0|
    |sparsemux_7_2_8_1_1_U6909  |sparsemux_7_2_8_1_1  |        0|   0|  0|    9|    0|
    |sparsemux_7_2_8_1_1_U6910  |sparsemux_7_2_8_1_1  |        0|   0|  0|    9|    0|
    |sparsemux_7_2_8_1_1_U6911  |sparsemux_7_2_8_1_1  |        0|   0|  0|    9|    0|
    |sparsemux_7_2_8_1_1_U6912  |sparsemux_7_2_8_1_1  |        0|   0|  0|    9|    0|
    |sparsemux_7_2_8_1_1_U6913  |sparsemux_7_2_8_1_1  |        0|   0|  0|    9|    0|
    |sparsemux_7_2_8_1_1_U6914  |sparsemux_7_2_8_1_1  |        0|   0|  0|    9|    0|
    |sparsemux_7_2_8_1_1_U6915  |sparsemux_7_2_8_1_1  |        0|   0|  0|    9|    0|
    |sparsemux_7_2_8_1_1_U6916  |sparsemux_7_2_8_1_1  |        0|   0|  0|    9|    0|
    |sparsemux_7_2_8_1_1_U6917  |sparsemux_7_2_8_1_1  |        0|   0|  0|    9|    0|
    |sparsemux_7_2_8_1_1_U6918  |sparsemux_7_2_8_1_1  |        0|   0|  0|    9|    0|
    |sparsemux_7_2_8_1_1_U6919  |sparsemux_7_2_8_1_1  |        0|   0|  0|    9|    0|
    |sparsemux_7_2_8_1_1_U6920  |sparsemux_7_2_8_1_1  |        0|   0|  0|    9|    0|
    |sparsemux_7_2_8_1_1_U6921  |sparsemux_7_2_8_1_1  |        0|   0|  0|    9|    0|
    |sparsemux_7_2_8_1_1_U6922  |sparsemux_7_2_8_1_1  |        0|   0|  0|    9|    0|
    |sparsemux_7_2_8_1_1_U6923  |sparsemux_7_2_8_1_1  |        0|   0|  0|    9|    0|
    |sparsemux_7_2_8_1_1_U6924  |sparsemux_7_2_8_1_1  |        0|   0|  0|    9|    0|
    |sparsemux_7_2_8_1_1_U6925  |sparsemux_7_2_8_1_1  |        0|   0|  0|    9|    0|
    |sparsemux_7_2_8_1_1_U6926  |sparsemux_7_2_8_1_1  |        0|   0|  0|    9|    0|
    |sparsemux_7_2_8_1_1_U6927  |sparsemux_7_2_8_1_1  |        0|   0|  0|    9|    0|
    |sparsemux_7_2_8_1_1_U6928  |sparsemux_7_2_8_1_1  |        0|   0|  0|    9|    0|
    |sparsemux_7_2_8_1_1_U6929  |sparsemux_7_2_8_1_1  |        0|   0|  0|    9|    0|
    |sparsemux_7_2_8_1_1_U6930  |sparsemux_7_2_8_1_1  |        0|   0|  0|    9|    0|
    |sparsemux_7_2_8_1_1_U6931  |sparsemux_7_2_8_1_1  |        0|   0|  0|    9|    0|
    |sparsemux_7_2_8_1_1_U6932  |sparsemux_7_2_8_1_1  |        0|   0|  0|    9|    0|
    |sparsemux_7_2_8_1_1_U6933  |sparsemux_7_2_8_1_1  |        0|   0|  0|    9|    0|
    |sparsemux_7_2_8_1_1_U6934  |sparsemux_7_2_8_1_1  |        0|   0|  0|    9|    0|
    |sparsemux_7_2_8_1_1_U6935  |sparsemux_7_2_8_1_1  |        0|   0|  0|    9|    0|
    |sparsemux_7_2_8_1_1_U6936  |sparsemux_7_2_8_1_1  |        0|   0|  0|    9|    0|
    |sparsemux_7_2_8_1_1_U6937  |sparsemux_7_2_8_1_1  |        0|   0|  0|    9|    0|
    |sparsemux_7_2_8_1_1_U6938  |sparsemux_7_2_8_1_1  |        0|   0|  0|    9|    0|
    |sparsemux_7_2_8_1_1_U6939  |sparsemux_7_2_8_1_1  |        0|   0|  0|    9|    0|
    |sparsemux_7_2_8_1_1_U6940  |sparsemux_7_2_8_1_1  |        0|   0|  0|    9|    0|
    |sparsemux_7_2_8_1_1_U6941  |sparsemux_7_2_8_1_1  |        0|   0|  0|    9|    0|
    |sparsemux_7_2_8_1_1_U6942  |sparsemux_7_2_8_1_1  |        0|   0|  0|    9|    0|
    |sparsemux_7_2_8_1_1_U6943  |sparsemux_7_2_8_1_1  |        0|   0|  0|    9|    0|
    |sparsemux_7_2_8_1_1_U6944  |sparsemux_7_2_8_1_1  |        0|   0|  0|    9|    0|
    |sparsemux_7_2_8_1_1_U6945  |sparsemux_7_2_8_1_1  |        0|   0|  0|    9|    0|
    |sparsemux_7_2_8_1_1_U6946  |sparsemux_7_2_8_1_1  |        0|   0|  0|    9|    0|
    |sparsemux_7_2_8_1_1_U6947  |sparsemux_7_2_8_1_1  |        0|   0|  0|    9|    0|
    |sparsemux_7_2_8_1_1_U6948  |sparsemux_7_2_8_1_1  |        0|   0|  0|    9|    0|
    |sparsemux_7_2_8_1_1_U6949  |sparsemux_7_2_8_1_1  |        0|   0|  0|    9|    0|
    |sparsemux_7_2_8_1_1_U6950  |sparsemux_7_2_8_1_1  |        0|   0|  0|    9|    0|
    |sparsemux_7_2_8_1_1_U6951  |sparsemux_7_2_8_1_1  |        0|   0|  0|    9|    0|
    |sparsemux_7_2_8_1_1_U6952  |sparsemux_7_2_8_1_1  |        0|   0|  0|    9|    0|
    |sparsemux_7_2_8_1_1_U6953  |sparsemux_7_2_8_1_1  |        0|   0|  0|    9|    0|
    |sparsemux_7_2_8_1_1_U6954  |sparsemux_7_2_8_1_1  |        0|   0|  0|    9|    0|
    |sparsemux_7_2_8_1_1_U6955  |sparsemux_7_2_8_1_1  |        0|   0|  0|    9|    0|
    |sparsemux_7_2_8_1_1_U6956  |sparsemux_7_2_8_1_1  |        0|   0|  0|    9|    0|
    |sparsemux_7_2_8_1_1_U6957  |sparsemux_7_2_8_1_1  |        0|   0|  0|    9|    0|
    |sparsemux_7_2_8_1_1_U6958  |sparsemux_7_2_8_1_1  |        0|   0|  0|    9|    0|
    |sparsemux_7_2_8_1_1_U6959  |sparsemux_7_2_8_1_1  |        0|   0|  0|    9|    0|
    |sparsemux_7_2_8_1_1_U6960  |sparsemux_7_2_8_1_1  |        0|   0|  0|    9|    0|
    |sparsemux_7_2_8_1_1_U6961  |sparsemux_7_2_8_1_1  |        0|   0|  0|    9|    0|
    |sparsemux_7_2_8_1_1_U6962  |sparsemux_7_2_8_1_1  |        0|   0|  0|    9|    0|
    |sparsemux_7_2_8_1_1_U6963  |sparsemux_7_2_8_1_1  |        0|   0|  0|    9|    0|
    |sparsemux_7_2_8_1_1_U6964  |sparsemux_7_2_8_1_1  |        0|   0|  0|    9|    0|
    |sparsemux_7_2_8_1_1_U6965  |sparsemux_7_2_8_1_1  |        0|   0|  0|    9|    0|
    |sparsemux_7_2_8_1_1_U6966  |sparsemux_7_2_8_1_1  |        0|   0|  0|    9|    0|
    |sparsemux_7_2_8_1_1_U6967  |sparsemux_7_2_8_1_1  |        0|   0|  0|    9|    0|
    |sparsemux_7_2_8_1_1_U6968  |sparsemux_7_2_8_1_1  |        0|   0|  0|    9|    0|
    |sparsemux_7_2_8_1_1_U6969  |sparsemux_7_2_8_1_1  |        0|   0|  0|    9|    0|
    |sparsemux_7_2_8_1_1_U6970  |sparsemux_7_2_8_1_1  |        0|   0|  0|    9|    0|
    |sparsemux_7_2_8_1_1_U6971  |sparsemux_7_2_8_1_1  |        0|   0|  0|    9|    0|
    |sparsemux_7_2_8_1_1_U6972  |sparsemux_7_2_8_1_1  |        0|   0|  0|    9|    0|
    |sparsemux_7_2_8_1_1_U6973  |sparsemux_7_2_8_1_1  |        0|   0|  0|    9|    0|
    |sparsemux_7_2_8_1_1_U6974  |sparsemux_7_2_8_1_1  |        0|   0|  0|    9|    0|
    |sparsemux_7_2_8_1_1_U6975  |sparsemux_7_2_8_1_1  |        0|   0|  0|    9|    0|
    |sparsemux_7_2_8_1_1_U6976  |sparsemux_7_2_8_1_1  |        0|   0|  0|    9|    0|
    |sparsemux_7_2_8_1_1_U6977  |sparsemux_7_2_8_1_1  |        0|   0|  0|    9|    0|
    |sparsemux_7_2_8_1_1_U6978  |sparsemux_7_2_8_1_1  |        0|   0|  0|    9|    0|
    |sparsemux_7_2_8_1_1_U6979  |sparsemux_7_2_8_1_1  |        0|   0|  0|    9|    0|
    |sparsemux_7_2_8_1_1_U6980  |sparsemux_7_2_8_1_1  |        0|   0|  0|    9|    0|
    |sparsemux_7_2_8_1_1_U6981  |sparsemux_7_2_8_1_1  |        0|   0|  0|    9|    0|
    |sparsemux_7_2_8_1_1_U6982  |sparsemux_7_2_8_1_1  |        0|   0|  0|    9|    0|
    |sparsemux_7_2_8_1_1_U6983  |sparsemux_7_2_8_1_1  |        0|   0|  0|    9|    0|
    |sparsemux_7_2_8_1_1_U6984  |sparsemux_7_2_8_1_1  |        0|   0|  0|    9|    0|
    |sparsemux_7_2_8_1_1_U6985  |sparsemux_7_2_8_1_1  |        0|   0|  0|    9|    0|
    |sparsemux_7_2_8_1_1_U6986  |sparsemux_7_2_8_1_1  |        0|   0|  0|    9|    0|
    |sparsemux_7_2_8_1_1_U6987  |sparsemux_7_2_8_1_1  |        0|   0|  0|    9|    0|
    |sparsemux_7_2_8_1_1_U6988  |sparsemux_7_2_8_1_1  |        0|   0|  0|    9|    0|
    |sparsemux_7_2_8_1_1_U6989  |sparsemux_7_2_8_1_1  |        0|   0|  0|    9|    0|
    |sparsemux_7_2_8_1_1_U6990  |sparsemux_7_2_8_1_1  |        0|   0|  0|    9|    0|
    |sparsemux_7_2_8_1_1_U6991  |sparsemux_7_2_8_1_1  |        0|   0|  0|    9|    0|
    |sparsemux_7_2_8_1_1_U6992  |sparsemux_7_2_8_1_1  |        0|   0|  0|    9|    0|
    |sparsemux_7_2_8_1_1_U6993  |sparsemux_7_2_8_1_1  |        0|   0|  0|    9|    0|
    |sparsemux_7_2_8_1_1_U6994  |sparsemux_7_2_8_1_1  |        0|   0|  0|    9|    0|
    |sparsemux_7_2_8_1_1_U6995  |sparsemux_7_2_8_1_1  |        0|   0|  0|    9|    0|
    |sparsemux_7_2_8_1_1_U6996  |sparsemux_7_2_8_1_1  |        0|   0|  0|    9|    0|
    |sparsemux_7_2_8_1_1_U6997  |sparsemux_7_2_8_1_1  |        0|   0|  0|    9|    0|
    |sparsemux_7_2_8_1_1_U6998  |sparsemux_7_2_8_1_1  |        0|   0|  0|    9|    0|
    |sparsemux_7_2_8_1_1_U6999  |sparsemux_7_2_8_1_1  |        0|   0|  0|    9|    0|
    |sparsemux_7_2_8_1_1_U7000  |sparsemux_7_2_8_1_1  |        0|   0|  0|    9|    0|
    |sparsemux_7_2_8_1_1_U7001  |sparsemux_7_2_8_1_1  |        0|   0|  0|    9|    0|
    |sparsemux_7_2_8_1_1_U7002  |sparsemux_7_2_8_1_1  |        0|   0|  0|    9|    0|
    |sparsemux_7_2_8_1_1_U7003  |sparsemux_7_2_8_1_1  |        0|   0|  0|    9|    0|
    |sparsemux_7_2_8_1_1_U7004  |sparsemux_7_2_8_1_1  |        0|   0|  0|    9|    0|
    |sparsemux_7_2_8_1_1_U7005  |sparsemux_7_2_8_1_1  |        0|   0|  0|    9|    0|
    |sparsemux_7_2_8_1_1_U7006  |sparsemux_7_2_8_1_1  |        0|   0|  0|    9|    0|
    |sparsemux_7_2_8_1_1_U7007  |sparsemux_7_2_8_1_1  |        0|   0|  0|    9|    0|
    |sparsemux_7_2_8_1_1_U7008  |sparsemux_7_2_8_1_1  |        0|   0|  0|    9|    0|
    |sparsemux_7_2_8_1_1_U7009  |sparsemux_7_2_8_1_1  |        0|   0|  0|    9|    0|
    |sparsemux_7_2_8_1_1_U7010  |sparsemux_7_2_8_1_1  |        0|   0|  0|    9|    0|
    |sparsemux_7_2_8_1_1_U7011  |sparsemux_7_2_8_1_1  |        0|   0|  0|    9|    0|
    |sparsemux_7_2_8_1_1_U7012  |sparsemux_7_2_8_1_1  |        0|   0|  0|    9|    0|
    |sparsemux_7_2_8_1_1_U7013  |sparsemux_7_2_8_1_1  |        0|   0|  0|    9|    0|
    |sparsemux_7_2_8_1_1_U7014  |sparsemux_7_2_8_1_1  |        0|   0|  0|    9|    0|
    |sparsemux_7_2_8_1_1_U7015  |sparsemux_7_2_8_1_1  |        0|   0|  0|    9|    0|
    |sparsemux_7_2_8_1_1_U7016  |sparsemux_7_2_8_1_1  |        0|   0|  0|    9|    0|
    |sparsemux_7_2_8_1_1_U7017  |sparsemux_7_2_8_1_1  |        0|   0|  0|    9|    0|
    |sparsemux_7_2_8_1_1_U7018  |sparsemux_7_2_8_1_1  |        0|   0|  0|    9|    0|
    |sparsemux_7_2_8_1_1_U7019  |sparsemux_7_2_8_1_1  |        0|   0|  0|    9|    0|
    |sparsemux_7_2_8_1_1_U7020  |sparsemux_7_2_8_1_1  |        0|   0|  0|    9|    0|
    |sparsemux_7_2_8_1_1_U7021  |sparsemux_7_2_8_1_1  |        0|   0|  0|    9|    0|
    |sparsemux_7_2_8_1_1_U7022  |sparsemux_7_2_8_1_1  |        0|   0|  0|    9|    0|
    |sparsemux_7_2_8_1_1_U7023  |sparsemux_7_2_8_1_1  |        0|   0|  0|    9|    0|
    |sparsemux_7_2_8_1_1_U7024  |sparsemux_7_2_8_1_1  |        0|   0|  0|    9|    0|
    |sparsemux_7_2_8_1_1_U7025  |sparsemux_7_2_8_1_1  |        0|   0|  0|    9|    0|
    |sparsemux_7_2_8_1_1_U7026  |sparsemux_7_2_8_1_1  |        0|   0|  0|    9|    0|
    |sparsemux_7_2_8_1_1_U7027  |sparsemux_7_2_8_1_1  |        0|   0|  0|    9|    0|
    |sparsemux_7_2_8_1_1_U7028  |sparsemux_7_2_8_1_1  |        0|   0|  0|    9|    0|
    |sparsemux_7_2_8_1_1_U7029  |sparsemux_7_2_8_1_1  |        0|   0|  0|    9|    0|
    |sparsemux_7_2_8_1_1_U7030  |sparsemux_7_2_8_1_1  |        0|   0|  0|    9|    0|
    |sparsemux_7_2_8_1_1_U7031  |sparsemux_7_2_8_1_1  |        0|   0|  0|    9|    0|
    |sparsemux_7_2_8_1_1_U7032  |sparsemux_7_2_8_1_1  |        0|   0|  0|    9|    0|
    |sparsemux_7_2_8_1_1_U7033  |sparsemux_7_2_8_1_1  |        0|   0|  0|    9|    0|
    |sparsemux_7_2_8_1_1_U7034  |sparsemux_7_2_8_1_1  |        0|   0|  0|    9|    0|
    |sparsemux_7_2_8_1_1_U7035  |sparsemux_7_2_8_1_1  |        0|   0|  0|    9|    0|
    |sparsemux_7_2_8_1_1_U7036  |sparsemux_7_2_8_1_1  |        0|   0|  0|    9|    0|
    |sparsemux_7_2_8_1_1_U7037  |sparsemux_7_2_8_1_1  |        0|   0|  0|    9|    0|
    |sparsemux_7_2_8_1_1_U7038  |sparsemux_7_2_8_1_1  |        0|   0|  0|    9|    0|
    |sparsemux_7_2_8_1_1_U7039  |sparsemux_7_2_8_1_1  |        0|   0|  0|    9|    0|
    |sparsemux_7_2_8_1_1_U7040  |sparsemux_7_2_8_1_1  |        0|   0|  0|    9|    0|
    |sparsemux_7_2_8_1_1_U7041  |sparsemux_7_2_8_1_1  |        0|   0|  0|    9|    0|
    |sparsemux_7_2_8_1_1_U7042  |sparsemux_7_2_8_1_1  |        0|   0|  0|    9|    0|
    |sparsemux_7_2_8_1_1_U7043  |sparsemux_7_2_8_1_1  |        0|   0|  0|    9|    0|
    |sparsemux_7_2_8_1_1_U7044  |sparsemux_7_2_8_1_1  |        0|   0|  0|    9|    0|
    |sparsemux_7_2_8_1_1_U7045  |sparsemux_7_2_8_1_1  |        0|   0|  0|    9|    0|
    |sparsemux_7_2_8_1_1_U7046  |sparsemux_7_2_8_1_1  |        0|   0|  0|    9|    0|
    |sparsemux_7_2_8_1_1_U7047  |sparsemux_7_2_8_1_1  |        0|   0|  0|    9|    0|
    |sparsemux_7_2_8_1_1_U7048  |sparsemux_7_2_8_1_1  |        0|   0|  0|    9|    0|
    |sparsemux_7_2_8_1_1_U7049  |sparsemux_7_2_8_1_1  |        0|   0|  0|    9|    0|
    |sparsemux_7_2_8_1_1_U7050  |sparsemux_7_2_8_1_1  |        0|   0|  0|    9|    0|
    |sparsemux_7_2_8_1_1_U7051  |sparsemux_7_2_8_1_1  |        0|   0|  0|    9|    0|
    |sparsemux_7_2_8_1_1_U7052  |sparsemux_7_2_8_1_1  |        0|   0|  0|    9|    0|
    |sparsemux_7_2_8_1_1_U7053  |sparsemux_7_2_8_1_1  |        0|   0|  0|    9|    0|
    |sparsemux_7_2_8_1_1_U7054  |sparsemux_7_2_8_1_1  |        0|   0|  0|    9|    0|
    |sparsemux_7_2_8_1_1_U7055  |sparsemux_7_2_8_1_1  |        0|   0|  0|    9|    0|
    |sparsemux_7_2_8_1_1_U7056  |sparsemux_7_2_8_1_1  |        0|   0|  0|    9|    0|
    |sparsemux_7_2_8_1_1_U7057  |sparsemux_7_2_8_1_1  |        0|   0|  0|    9|    0|
    |sparsemux_7_2_8_1_1_U7058  |sparsemux_7_2_8_1_1  |        0|   0|  0|    9|    0|
    |sparsemux_7_2_8_1_1_U7059  |sparsemux_7_2_8_1_1  |        0|   0|  0|    9|    0|
    |sparsemux_7_2_8_1_1_U7060  |sparsemux_7_2_8_1_1  |        0|   0|  0|    9|    0|
    |sparsemux_7_2_8_1_1_U7061  |sparsemux_7_2_8_1_1  |        0|   0|  0|    9|    0|
    |sparsemux_7_2_8_1_1_U7062  |sparsemux_7_2_8_1_1  |        0|   0|  0|    9|    0|
    |sparsemux_7_2_8_1_1_U7063  |sparsemux_7_2_8_1_1  |        0|   0|  0|    9|    0|
    |sparsemux_7_2_8_1_1_U7064  |sparsemux_7_2_8_1_1  |        0|   0|  0|    9|    0|
    |sparsemux_7_2_8_1_1_U7065  |sparsemux_7_2_8_1_1  |        0|   0|  0|    9|    0|
    |sparsemux_7_2_8_1_1_U7066  |sparsemux_7_2_8_1_1  |        0|   0|  0|    9|    0|
    |sparsemux_7_2_8_1_1_U7067  |sparsemux_7_2_8_1_1  |        0|   0|  0|    9|    0|
    |sparsemux_7_2_8_1_1_U7068  |sparsemux_7_2_8_1_1  |        0|   0|  0|    9|    0|
    |sparsemux_7_2_8_1_1_U7069  |sparsemux_7_2_8_1_1  |        0|   0|  0|    9|    0|
    |sparsemux_7_2_8_1_1_U7070  |sparsemux_7_2_8_1_1  |        0|   0|  0|    9|    0|
    |sparsemux_7_2_8_1_1_U7071  |sparsemux_7_2_8_1_1  |        0|   0|  0|    9|    0|
    |sparsemux_7_2_8_1_1_U7072  |sparsemux_7_2_8_1_1  |        0|   0|  0|    9|    0|
    |sparsemux_7_2_8_1_1_U7073  |sparsemux_7_2_8_1_1  |        0|   0|  0|    9|    0|
    |sparsemux_7_2_8_1_1_U7074  |sparsemux_7_2_8_1_1  |        0|   0|  0|    9|    0|
    |sparsemux_7_2_8_1_1_U7075  |sparsemux_7_2_8_1_1  |        0|   0|  0|    9|    0|
    |sparsemux_7_2_8_1_1_U7076  |sparsemux_7_2_8_1_1  |        0|   0|  0|    9|    0|
    |sparsemux_7_2_8_1_1_U7077  |sparsemux_7_2_8_1_1  |        0|   0|  0|    9|    0|
    |sparsemux_7_2_8_1_1_U7078  |sparsemux_7_2_8_1_1  |        0|   0|  0|    9|    0|
    |sparsemux_7_2_8_1_1_U7079  |sparsemux_7_2_8_1_1  |        0|   0|  0|    9|    0|
    |sparsemux_7_2_8_1_1_U7080  |sparsemux_7_2_8_1_1  |        0|   0|  0|    9|    0|
    |sparsemux_7_2_8_1_1_U7081  |sparsemux_7_2_8_1_1  |        0|   0|  0|    9|    0|
    |sparsemux_7_2_8_1_1_U7082  |sparsemux_7_2_8_1_1  |        0|   0|  0|    9|    0|
    |sparsemux_7_2_8_1_1_U7083  |sparsemux_7_2_8_1_1  |        0|   0|  0|    9|    0|
    |sparsemux_7_2_8_1_1_U7084  |sparsemux_7_2_8_1_1  |        0|   0|  0|    9|    0|
    |sparsemux_7_2_8_1_1_U7085  |sparsemux_7_2_8_1_1  |        0|   0|  0|    9|    0|
    |sparsemux_7_2_8_1_1_U7086  |sparsemux_7_2_8_1_1  |        0|   0|  0|    9|    0|
    |sparsemux_7_2_8_1_1_U7087  |sparsemux_7_2_8_1_1  |        0|   0|  0|    9|    0|
    |sparsemux_7_2_8_1_1_U7088  |sparsemux_7_2_8_1_1  |        0|   0|  0|    9|    0|
    |sparsemux_7_2_8_1_1_U7089  |sparsemux_7_2_8_1_1  |        0|   0|  0|    9|    0|
    |sparsemux_7_2_8_1_1_U7090  |sparsemux_7_2_8_1_1  |        0|   0|  0|    9|    0|
    |sparsemux_7_2_8_1_1_U7091  |sparsemux_7_2_8_1_1  |        0|   0|  0|    9|    0|
    |sparsemux_7_2_8_1_1_U7092  |sparsemux_7_2_8_1_1  |        0|   0|  0|    9|    0|
    |sparsemux_7_2_8_1_1_U7093  |sparsemux_7_2_8_1_1  |        0|   0|  0|    9|    0|
    |sparsemux_7_2_8_1_1_U7094  |sparsemux_7_2_8_1_1  |        0|   0|  0|    9|    0|
    |sparsemux_7_2_8_1_1_U7095  |sparsemux_7_2_8_1_1  |        0|   0|  0|    9|    0|
    |sparsemux_7_2_8_1_1_U7096  |sparsemux_7_2_8_1_1  |        0|   0|  0|    9|    0|
    |sparsemux_7_2_8_1_1_U7097  |sparsemux_7_2_8_1_1  |        0|   0|  0|    9|    0|
    |sparsemux_7_2_8_1_1_U7098  |sparsemux_7_2_8_1_1  |        0|   0|  0|    9|    0|
    |sparsemux_7_2_8_1_1_U7099  |sparsemux_7_2_8_1_1  |        0|   0|  0|    9|    0|
    |sparsemux_7_2_8_1_1_U7100  |sparsemux_7_2_8_1_1  |        0|   0|  0|    9|    0|
    |sparsemux_7_2_8_1_1_U7101  |sparsemux_7_2_8_1_1  |        0|   0|  0|    9|    0|
    |sparsemux_7_2_8_1_1_U7102  |sparsemux_7_2_8_1_1  |        0|   0|  0|    9|    0|
    |sparsemux_7_2_8_1_1_U7103  |sparsemux_7_2_8_1_1  |        0|   0|  0|    9|    0|
    |sparsemux_7_2_8_1_1_U7104  |sparsemux_7_2_8_1_1  |        0|   0|  0|    9|    0|
    |sparsemux_7_2_8_1_1_U7105  |sparsemux_7_2_8_1_1  |        0|   0|  0|    9|    0|
    |sparsemux_7_2_8_1_1_U7106  |sparsemux_7_2_8_1_1  |        0|   0|  0|    9|    0|
    |sparsemux_7_2_8_1_1_U7107  |sparsemux_7_2_8_1_1  |        0|   0|  0|    9|    0|
    |sparsemux_7_2_8_1_1_U7108  |sparsemux_7_2_8_1_1  |        0|   0|  0|    9|    0|
    |sparsemux_7_2_8_1_1_U7109  |sparsemux_7_2_8_1_1  |        0|   0|  0|    9|    0|
    |sparsemux_7_2_8_1_1_U7110  |sparsemux_7_2_8_1_1  |        0|   0|  0|    9|    0|
    |sparsemux_7_2_8_1_1_U7111  |sparsemux_7_2_8_1_1  |        0|   0|  0|    9|    0|
    |sparsemux_7_2_8_1_1_U7112  |sparsemux_7_2_8_1_1  |        0|   0|  0|    9|    0|
    |sparsemux_7_2_8_1_1_U7113  |sparsemux_7_2_8_1_1  |        0|   0|  0|    9|    0|
    |sparsemux_7_2_8_1_1_U7114  |sparsemux_7_2_8_1_1  |        0|   0|  0|    9|    0|
    |sparsemux_7_2_8_1_1_U7115  |sparsemux_7_2_8_1_1  |        0|   0|  0|    9|    0|
    |sparsemux_7_2_8_1_1_U7116  |sparsemux_7_2_8_1_1  |        0|   0|  0|    9|    0|
    |sparsemux_7_2_8_1_1_U7117  |sparsemux_7_2_8_1_1  |        0|   0|  0|    9|    0|
    |sparsemux_7_2_8_1_1_U7118  |sparsemux_7_2_8_1_1  |        0|   0|  0|    9|    0|
    |sparsemux_7_2_8_1_1_U7119  |sparsemux_7_2_8_1_1  |        0|   0|  0|    9|    0|
    |sparsemux_7_2_8_1_1_U7120  |sparsemux_7_2_8_1_1  |        0|   0|  0|    9|    0|
    |sparsemux_7_2_8_1_1_U7121  |sparsemux_7_2_8_1_1  |        0|   0|  0|    9|    0|
    |sparsemux_7_2_8_1_1_U7122  |sparsemux_7_2_8_1_1  |        0|   0|  0|    9|    0|
    |sparsemux_7_2_8_1_1_U7123  |sparsemux_7_2_8_1_1  |        0|   0|  0|    9|    0|
    |sparsemux_7_2_8_1_1_U7124  |sparsemux_7_2_8_1_1  |        0|   0|  0|    9|    0|
    |sparsemux_7_2_8_1_1_U7125  |sparsemux_7_2_8_1_1  |        0|   0|  0|    9|    0|
    |sparsemux_7_2_8_1_1_U7126  |sparsemux_7_2_8_1_1  |        0|   0|  0|    9|    0|
    |sparsemux_7_2_8_1_1_U7127  |sparsemux_7_2_8_1_1  |        0|   0|  0|    9|    0|
    |sparsemux_7_2_8_1_1_U7128  |sparsemux_7_2_8_1_1  |        0|   0|  0|    9|    0|
    |sparsemux_7_2_8_1_1_U7129  |sparsemux_7_2_8_1_1  |        0|   0|  0|    9|    0|
    |sparsemux_7_2_8_1_1_U7130  |sparsemux_7_2_8_1_1  |        0|   0|  0|    9|    0|
    |sparsemux_7_2_8_1_1_U7131  |sparsemux_7_2_8_1_1  |        0|   0|  0|    9|    0|
    |sparsemux_7_2_8_1_1_U7132  |sparsemux_7_2_8_1_1  |        0|   0|  0|    9|    0|
    |sparsemux_7_2_8_1_1_U7133  |sparsemux_7_2_8_1_1  |        0|   0|  0|    9|    0|
    |sparsemux_7_2_8_1_1_U7134  |sparsemux_7_2_8_1_1  |        0|   0|  0|    9|    0|
    |sparsemux_7_2_8_1_1_U7135  |sparsemux_7_2_8_1_1  |        0|   0|  0|    9|    0|
    |sparsemux_7_2_8_1_1_U7136  |sparsemux_7_2_8_1_1  |        0|   0|  0|    9|    0|
    |sparsemux_7_2_8_1_1_U7137  |sparsemux_7_2_8_1_1  |        0|   0|  0|    9|    0|
    |sparsemux_7_2_8_1_1_U7138  |sparsemux_7_2_8_1_1  |        0|   0|  0|    9|    0|
    |sparsemux_7_2_8_1_1_U7139  |sparsemux_7_2_8_1_1  |        0|   0|  0|    9|    0|
    |sparsemux_7_2_8_1_1_U7140  |sparsemux_7_2_8_1_1  |        0|   0|  0|    9|    0|
    |sparsemux_7_2_8_1_1_U7141  |sparsemux_7_2_8_1_1  |        0|   0|  0|    9|    0|
    |sparsemux_7_2_8_1_1_U7142  |sparsemux_7_2_8_1_1  |        0|   0|  0|    9|    0|
    |sparsemux_7_2_8_1_1_U7143  |sparsemux_7_2_8_1_1  |        0|   0|  0|    9|    0|
    |sparsemux_7_2_8_1_1_U7144  |sparsemux_7_2_8_1_1  |        0|   0|  0|    9|    0|
    |sparsemux_7_2_8_1_1_U7145  |sparsemux_7_2_8_1_1  |        0|   0|  0|    9|    0|
    |sparsemux_7_2_8_1_1_U7146  |sparsemux_7_2_8_1_1  |        0|   0|  0|    9|    0|
    |sparsemux_7_2_8_1_1_U7147  |sparsemux_7_2_8_1_1  |        0|   0|  0|    9|    0|
    |sparsemux_7_2_8_1_1_U7148  |sparsemux_7_2_8_1_1  |        0|   0|  0|    9|    0|
    |sparsemux_7_2_8_1_1_U7149  |sparsemux_7_2_8_1_1  |        0|   0|  0|    9|    0|
    |sparsemux_7_2_8_1_1_U7150  |sparsemux_7_2_8_1_1  |        0|   0|  0|    9|    0|
    |sparsemux_7_2_8_1_1_U7151  |sparsemux_7_2_8_1_1  |        0|   0|  0|    9|    0|
    |sparsemux_7_2_8_1_1_U7152  |sparsemux_7_2_8_1_1  |        0|   0|  0|    9|    0|
    |sparsemux_7_2_8_1_1_U7153  |sparsemux_7_2_8_1_1  |        0|   0|  0|    9|    0|
    |sparsemux_7_2_8_1_1_U7154  |sparsemux_7_2_8_1_1  |        0|   0|  0|    9|    0|
    |sparsemux_7_2_8_1_1_U7155  |sparsemux_7_2_8_1_1  |        0|   0|  0|    9|    0|
    |sparsemux_7_2_8_1_1_U7156  |sparsemux_7_2_8_1_1  |        0|   0|  0|    9|    0|
    |sparsemux_7_2_8_1_1_U7157  |sparsemux_7_2_8_1_1  |        0|   0|  0|    9|    0|
    |sparsemux_7_2_8_1_1_U7158  |sparsemux_7_2_8_1_1  |        0|   0|  0|    9|    0|
    |sparsemux_7_2_8_1_1_U7159  |sparsemux_7_2_8_1_1  |        0|   0|  0|    9|    0|
    |sparsemux_7_2_8_1_1_U7160  |sparsemux_7_2_8_1_1  |        0|   0|  0|    9|    0|
    |sparsemux_7_2_8_1_1_U7161  |sparsemux_7_2_8_1_1  |        0|   0|  0|    9|    0|
    |sparsemux_7_2_8_1_1_U7162  |sparsemux_7_2_8_1_1  |        0|   0|  0|    9|    0|
    |sparsemux_7_2_8_1_1_U7163  |sparsemux_7_2_8_1_1  |        0|   0|  0|    9|    0|
    |sparsemux_7_2_8_1_1_U7164  |sparsemux_7_2_8_1_1  |        0|   0|  0|    9|    0|
    |sparsemux_7_2_8_1_1_U7165  |sparsemux_7_2_8_1_1  |        0|   0|  0|    9|    0|
    |sparsemux_7_2_8_1_1_U7166  |sparsemux_7_2_8_1_1  |        0|   0|  0|    9|    0|
    |sparsemux_7_2_8_1_1_U7167  |sparsemux_7_2_8_1_1  |        0|   0|  0|    9|    0|
    |sparsemux_7_2_8_1_1_U7168  |sparsemux_7_2_8_1_1  |        0|   0|  0|    9|    0|
    |sparsemux_7_2_8_1_1_U7169  |sparsemux_7_2_8_1_1  |        0|   0|  0|    9|    0|
    |sparsemux_7_2_8_1_1_U7170  |sparsemux_7_2_8_1_1  |        0|   0|  0|    9|    0|
    |sparsemux_7_2_8_1_1_U7171  |sparsemux_7_2_8_1_1  |        0|   0|  0|    9|    0|
    |sparsemux_7_2_8_1_1_U7172  |sparsemux_7_2_8_1_1  |        0|   0|  0|    9|    0|
    |sparsemux_7_2_8_1_1_U7173  |sparsemux_7_2_8_1_1  |        0|   0|  0|    9|    0|
    |sparsemux_7_2_8_1_1_U7174  |sparsemux_7_2_8_1_1  |        0|   0|  0|    9|    0|
    |sparsemux_7_2_8_1_1_U7175  |sparsemux_7_2_8_1_1  |        0|   0|  0|    9|    0|
    |sparsemux_7_2_8_1_1_U7176  |sparsemux_7_2_8_1_1  |        0|   0|  0|    9|    0|
    |sparsemux_7_2_8_1_1_U7177  |sparsemux_7_2_8_1_1  |        0|   0|  0|    9|    0|
    |sparsemux_7_2_8_1_1_U7178  |sparsemux_7_2_8_1_1  |        0|   0|  0|    9|    0|
    |sparsemux_7_2_8_1_1_U7179  |sparsemux_7_2_8_1_1  |        0|   0|  0|    9|    0|
    |sparsemux_7_2_8_1_1_U7180  |sparsemux_7_2_8_1_1  |        0|   0|  0|    9|    0|
    |sparsemux_7_2_8_1_1_U7181  |sparsemux_7_2_8_1_1  |        0|   0|  0|    9|    0|
    |sparsemux_7_2_8_1_1_U7182  |sparsemux_7_2_8_1_1  |        0|   0|  0|    9|    0|
    |sparsemux_7_2_8_1_1_U7183  |sparsemux_7_2_8_1_1  |        0|   0|  0|    9|    0|
    |sparsemux_7_2_8_1_1_U7184  |sparsemux_7_2_8_1_1  |        0|   0|  0|    9|    0|
    |sparsemux_7_2_8_1_1_U7185  |sparsemux_7_2_8_1_1  |        0|   0|  0|    9|    0|
    |sparsemux_7_2_8_1_1_U7186  |sparsemux_7_2_8_1_1  |        0|   0|  0|    9|    0|
    |sparsemux_7_2_8_1_1_U7187  |sparsemux_7_2_8_1_1  |        0|   0|  0|    9|    0|
    |sparsemux_7_2_8_1_1_U7188  |sparsemux_7_2_8_1_1  |        0|   0|  0|    9|    0|
    |sparsemux_7_2_8_1_1_U7189  |sparsemux_7_2_8_1_1  |        0|   0|  0|    9|    0|
    |sparsemux_7_2_8_1_1_U7190  |sparsemux_7_2_8_1_1  |        0|   0|  0|    9|    0|
    |sparsemux_7_2_8_1_1_U7191  |sparsemux_7_2_8_1_1  |        0|   0|  0|    9|    0|
    |sparsemux_7_2_8_1_1_U7192  |sparsemux_7_2_8_1_1  |        0|   0|  0|    9|    0|
    |sparsemux_7_2_8_1_1_U7193  |sparsemux_7_2_8_1_1  |        0|   0|  0|    9|    0|
    |sparsemux_7_2_8_1_1_U7194  |sparsemux_7_2_8_1_1  |        0|   0|  0|    9|    0|
    |sparsemux_7_2_8_1_1_U7195  |sparsemux_7_2_8_1_1  |        0|   0|  0|    9|    0|
    |sparsemux_7_2_8_1_1_U7196  |sparsemux_7_2_8_1_1  |        0|   0|  0|    9|    0|
    |sparsemux_7_2_8_1_1_U7197  |sparsemux_7_2_8_1_1  |        0|   0|  0|    9|    0|
    |sparsemux_7_2_8_1_1_U7198  |sparsemux_7_2_8_1_1  |        0|   0|  0|    9|    0|
    |sparsemux_7_2_8_1_1_U7199  |sparsemux_7_2_8_1_1  |        0|   0|  0|    9|    0|
    |sparsemux_7_2_8_1_1_U7200  |sparsemux_7_2_8_1_1  |        0|   0|  0|    9|    0|
    |sparsemux_7_2_8_1_1_U7201  |sparsemux_7_2_8_1_1  |        0|   0|  0|    9|    0|
    |sparsemux_7_2_8_1_1_U7202  |sparsemux_7_2_8_1_1  |        0|   0|  0|    9|    0|
    |sparsemux_7_2_8_1_1_U7203  |sparsemux_7_2_8_1_1  |        0|   0|  0|    9|    0|
    |sparsemux_7_2_8_1_1_U7204  |sparsemux_7_2_8_1_1  |        0|   0|  0|    9|    0|
    |sparsemux_7_2_8_1_1_U7205  |sparsemux_7_2_8_1_1  |        0|   0|  0|    9|    0|
    |sparsemux_7_2_8_1_1_U7206  |sparsemux_7_2_8_1_1  |        0|   0|  0|    9|    0|
    |sparsemux_7_2_8_1_1_U7207  |sparsemux_7_2_8_1_1  |        0|   0|  0|    9|    0|
    |sparsemux_7_2_8_1_1_U7208  |sparsemux_7_2_8_1_1  |        0|   0|  0|    9|    0|
    |sparsemux_7_2_8_1_1_U7209  |sparsemux_7_2_8_1_1  |        0|   0|  0|    9|    0|
    |sparsemux_7_2_8_1_1_U7210  |sparsemux_7_2_8_1_1  |        0|   0|  0|    9|    0|
    |sparsemux_7_2_8_1_1_U7211  |sparsemux_7_2_8_1_1  |        0|   0|  0|    9|    0|
    |sparsemux_7_2_8_1_1_U7212  |sparsemux_7_2_8_1_1  |        0|   0|  0|    9|    0|
    |sparsemux_7_2_8_1_1_U7213  |sparsemux_7_2_8_1_1  |        0|   0|  0|    9|    0|
    |sparsemux_7_2_8_1_1_U7214  |sparsemux_7_2_8_1_1  |        0|   0|  0|    9|    0|
    |sparsemux_7_2_8_1_1_U7215  |sparsemux_7_2_8_1_1  |        0|   0|  0|    9|    0|
    |sparsemux_7_2_8_1_1_U7216  |sparsemux_7_2_8_1_1  |        0|   0|  0|    9|    0|
    |sparsemux_7_2_8_1_1_U7217  |sparsemux_7_2_8_1_1  |        0|   0|  0|    9|    0|
    |sparsemux_7_2_8_1_1_U7218  |sparsemux_7_2_8_1_1  |        0|   0|  0|    9|    0|
    |sparsemux_7_2_8_1_1_U7219  |sparsemux_7_2_8_1_1  |        0|   0|  0|    9|    0|
    |sparsemux_7_2_8_1_1_U7220  |sparsemux_7_2_8_1_1  |        0|   0|  0|    9|    0|
    |sparsemux_7_2_8_1_1_U7221  |sparsemux_7_2_8_1_1  |        0|   0|  0|    9|    0|
    |sparsemux_7_2_8_1_1_U7222  |sparsemux_7_2_8_1_1  |        0|   0|  0|    9|    0|
    |sparsemux_7_2_8_1_1_U7223  |sparsemux_7_2_8_1_1  |        0|   0|  0|    9|    0|
    |sparsemux_7_2_8_1_1_U7224  |sparsemux_7_2_8_1_1  |        0|   0|  0|    9|    0|
    |sparsemux_7_2_8_1_1_U7225  |sparsemux_7_2_8_1_1  |        0|   0|  0|    9|    0|
    |sparsemux_7_2_8_1_1_U7226  |sparsemux_7_2_8_1_1  |        0|   0|  0|    9|    0|
    |sparsemux_7_2_8_1_1_U7227  |sparsemux_7_2_8_1_1  |        0|   0|  0|    9|    0|
    |sparsemux_7_2_8_1_1_U7228  |sparsemux_7_2_8_1_1  |        0|   0|  0|    9|    0|
    |sparsemux_7_2_8_1_1_U7229  |sparsemux_7_2_8_1_1  |        0|   0|  0|    9|    0|
    |sparsemux_7_2_8_1_1_U7230  |sparsemux_7_2_8_1_1  |        0|   0|  0|    9|    0|
    |sparsemux_7_2_8_1_1_U7231  |sparsemux_7_2_8_1_1  |        0|   0|  0|    9|    0|
    |sparsemux_7_2_8_1_1_U7232  |sparsemux_7_2_8_1_1  |        0|   0|  0|    9|    0|
    |sparsemux_7_2_8_1_1_U7233  |sparsemux_7_2_8_1_1  |        0|   0|  0|    9|    0|
    |sparsemux_7_2_8_1_1_U7234  |sparsemux_7_2_8_1_1  |        0|   0|  0|    9|    0|
    |sparsemux_7_2_8_1_1_U7235  |sparsemux_7_2_8_1_1  |        0|   0|  0|    9|    0|
    |sparsemux_7_2_8_1_1_U7236  |sparsemux_7_2_8_1_1  |        0|   0|  0|    9|    0|
    |sparsemux_7_2_8_1_1_U7237  |sparsemux_7_2_8_1_1  |        0|   0|  0|    9|    0|
    |sparsemux_7_2_8_1_1_U7238  |sparsemux_7_2_8_1_1  |        0|   0|  0|    9|    0|
    |sparsemux_7_2_8_1_1_U7239  |sparsemux_7_2_8_1_1  |        0|   0|  0|    9|    0|
    |sparsemux_7_2_8_1_1_U7240  |sparsemux_7_2_8_1_1  |        0|   0|  0|    9|    0|
    |sparsemux_7_2_8_1_1_U7241  |sparsemux_7_2_8_1_1  |        0|   0|  0|    9|    0|
    |sparsemux_7_2_8_1_1_U7242  |sparsemux_7_2_8_1_1  |        0|   0|  0|    9|    0|
    |sparsemux_7_2_8_1_1_U7243  |sparsemux_7_2_8_1_1  |        0|   0|  0|    9|    0|
    |sparsemux_7_2_8_1_1_U7244  |sparsemux_7_2_8_1_1  |        0|   0|  0|    9|    0|
    |sparsemux_7_2_8_1_1_U7245  |sparsemux_7_2_8_1_1  |        0|   0|  0|    9|    0|
    |sparsemux_7_2_8_1_1_U7246  |sparsemux_7_2_8_1_1  |        0|   0|  0|    9|    0|
    |sparsemux_7_2_8_1_1_U7247  |sparsemux_7_2_8_1_1  |        0|   0|  0|    9|    0|
    |sparsemux_7_2_8_1_1_U7248  |sparsemux_7_2_8_1_1  |        0|   0|  0|    9|    0|
    |sparsemux_7_2_8_1_1_U7249  |sparsemux_7_2_8_1_1  |        0|   0|  0|    9|    0|
    |sparsemux_7_2_8_1_1_U7250  |sparsemux_7_2_8_1_1  |        0|   0|  0|    9|    0|
    |sparsemux_7_2_8_1_1_U7251  |sparsemux_7_2_8_1_1  |        0|   0|  0|    9|    0|
    |sparsemux_7_2_8_1_1_U7252  |sparsemux_7_2_8_1_1  |        0|   0|  0|    9|    0|
    |sparsemux_7_2_8_1_1_U7253  |sparsemux_7_2_8_1_1  |        0|   0|  0|    9|    0|
    |sparsemux_7_2_8_1_1_U7254  |sparsemux_7_2_8_1_1  |        0|   0|  0|    9|    0|
    |sparsemux_7_2_8_1_1_U7255  |sparsemux_7_2_8_1_1  |        0|   0|  0|    9|    0|
    |sparsemux_7_2_8_1_1_U7256  |sparsemux_7_2_8_1_1  |        0|   0|  0|    9|    0|
    |sparsemux_7_2_8_1_1_U7257  |sparsemux_7_2_8_1_1  |        0|   0|  0|    9|    0|
    |sparsemux_7_2_8_1_1_U7258  |sparsemux_7_2_8_1_1  |        0|   0|  0|    9|    0|
    |sparsemux_7_2_8_1_1_U7259  |sparsemux_7_2_8_1_1  |        0|   0|  0|    9|    0|
    |sparsemux_7_2_8_1_1_U7260  |sparsemux_7_2_8_1_1  |        0|   0|  0|    9|    0|
    |sparsemux_7_2_8_1_1_U7261  |sparsemux_7_2_8_1_1  |        0|   0|  0|    9|    0|
    |sparsemux_7_2_8_1_1_U7262  |sparsemux_7_2_8_1_1  |        0|   0|  0|    9|    0|
    |sparsemux_7_2_8_1_1_U7263  |sparsemux_7_2_8_1_1  |        0|   0|  0|    9|    0|
    |sparsemux_7_2_8_1_1_U7264  |sparsemux_7_2_8_1_1  |        0|   0|  0|    9|    0|
    |sparsemux_7_2_8_1_1_U7265  |sparsemux_7_2_8_1_1  |        0|   0|  0|    9|    0|
    |sparsemux_7_2_8_1_1_U7266  |sparsemux_7_2_8_1_1  |        0|   0|  0|    9|    0|
    |sparsemux_7_2_8_1_1_U7267  |sparsemux_7_2_8_1_1  |        0|   0|  0|    9|    0|
    |sparsemux_7_2_8_1_1_U7268  |sparsemux_7_2_8_1_1  |        0|   0|  0|    9|    0|
    |sparsemux_7_2_8_1_1_U7269  |sparsemux_7_2_8_1_1  |        0|   0|  0|    9|    0|
    |sparsemux_7_2_8_1_1_U7270  |sparsemux_7_2_8_1_1  |        0|   0|  0|    9|    0|
    |sparsemux_7_2_8_1_1_U7271  |sparsemux_7_2_8_1_1  |        0|   0|  0|    9|    0|
    |sparsemux_7_2_8_1_1_U7272  |sparsemux_7_2_8_1_1  |        0|   0|  0|    9|    0|
    |sparsemux_7_2_8_1_1_U7273  |sparsemux_7_2_8_1_1  |        0|   0|  0|    9|    0|
    |sparsemux_7_2_8_1_1_U7274  |sparsemux_7_2_8_1_1  |        0|   0|  0|    9|    0|
    |sparsemux_7_2_8_1_1_U7275  |sparsemux_7_2_8_1_1  |        0|   0|  0|    9|    0|
    |sparsemux_7_2_8_1_1_U7276  |sparsemux_7_2_8_1_1  |        0|   0|  0|    9|    0|
    |sparsemux_7_2_8_1_1_U7277  |sparsemux_7_2_8_1_1  |        0|   0|  0|    9|    0|
    |sparsemux_7_2_8_1_1_U7278  |sparsemux_7_2_8_1_1  |        0|   0|  0|    9|    0|
    |sparsemux_7_2_8_1_1_U7279  |sparsemux_7_2_8_1_1  |        0|   0|  0|    9|    0|
    |sparsemux_7_2_8_1_1_U7280  |sparsemux_7_2_8_1_1  |        0|   0|  0|    9|    0|
    |sparsemux_7_2_8_1_1_U7281  |sparsemux_7_2_8_1_1  |        0|   0|  0|    9|    0|
    |sparsemux_7_2_8_1_1_U7282  |sparsemux_7_2_8_1_1  |        0|   0|  0|    9|    0|
    |sparsemux_7_2_8_1_1_U7283  |sparsemux_7_2_8_1_1  |        0|   0|  0|    9|    0|
    |sparsemux_7_2_8_1_1_U7284  |sparsemux_7_2_8_1_1  |        0|   0|  0|    9|    0|
    |sparsemux_7_2_8_1_1_U7285  |sparsemux_7_2_8_1_1  |        0|   0|  0|    9|    0|
    |sparsemux_7_2_8_1_1_U7286  |sparsemux_7_2_8_1_1  |        0|   0|  0|    9|    0|
    |sparsemux_7_2_8_1_1_U7287  |sparsemux_7_2_8_1_1  |        0|   0|  0|    9|    0|
    |sparsemux_7_2_8_1_1_U7288  |sparsemux_7_2_8_1_1  |        0|   0|  0|    9|    0|
    |sparsemux_7_2_8_1_1_U7289  |sparsemux_7_2_8_1_1  |        0|   0|  0|    9|    0|
    |sparsemux_7_2_8_1_1_U7290  |sparsemux_7_2_8_1_1  |        0|   0|  0|    9|    0|
    |sparsemux_7_2_8_1_1_U7291  |sparsemux_7_2_8_1_1  |        0|   0|  0|    9|    0|
    |sparsemux_7_2_8_1_1_U7292  |sparsemux_7_2_8_1_1  |        0|   0|  0|    9|    0|
    |sparsemux_7_2_8_1_1_U7293  |sparsemux_7_2_8_1_1  |        0|   0|  0|    9|    0|
    |sparsemux_7_2_8_1_1_U7294  |sparsemux_7_2_8_1_1  |        0|   0|  0|    9|    0|
    |sparsemux_7_2_8_1_1_U7295  |sparsemux_7_2_8_1_1  |        0|   0|  0|    9|    0|
    |sparsemux_7_2_8_1_1_U7296  |sparsemux_7_2_8_1_1  |        0|   0|  0|    9|    0|
    |sparsemux_7_2_8_1_1_U7297  |sparsemux_7_2_8_1_1  |        0|   0|  0|    9|    0|
    |sparsemux_7_2_8_1_1_U7298  |sparsemux_7_2_8_1_1  |        0|   0|  0|    9|    0|
    |sparsemux_7_2_8_1_1_U7299  |sparsemux_7_2_8_1_1  |        0|   0|  0|    9|    0|
    |sparsemux_7_2_8_1_1_U7300  |sparsemux_7_2_8_1_1  |        0|   0|  0|    9|    0|
    |sparsemux_7_2_8_1_1_U7301  |sparsemux_7_2_8_1_1  |        0|   0|  0|    9|    0|
    |sparsemux_7_2_8_1_1_U7302  |sparsemux_7_2_8_1_1  |        0|   0|  0|    9|    0|
    |sparsemux_7_2_8_1_1_U7303  |sparsemux_7_2_8_1_1  |        0|   0|  0|    9|    0|
    |sparsemux_7_2_8_1_1_U7304  |sparsemux_7_2_8_1_1  |        0|   0|  0|    9|    0|
    |sparsemux_7_2_8_1_1_U7305  |sparsemux_7_2_8_1_1  |        0|   0|  0|    9|    0|
    |sparsemux_7_2_8_1_1_U7306  |sparsemux_7_2_8_1_1  |        0|   0|  0|    9|    0|
    |sparsemux_7_2_8_1_1_U7307  |sparsemux_7_2_8_1_1  |        0|   0|  0|    9|    0|
    |sparsemux_7_2_8_1_1_U7308  |sparsemux_7_2_8_1_1  |        0|   0|  0|    9|    0|
    |sparsemux_7_2_8_1_1_U7309  |sparsemux_7_2_8_1_1  |        0|   0|  0|    9|    0|
    |sparsemux_7_2_8_1_1_U7310  |sparsemux_7_2_8_1_1  |        0|   0|  0|    9|    0|
    |sparsemux_7_2_8_1_1_U7311  |sparsemux_7_2_8_1_1  |        0|   0|  0|    9|    0|
    |sparsemux_7_2_8_1_1_U7312  |sparsemux_7_2_8_1_1  |        0|   0|  0|    9|    0|
    |sparsemux_7_2_8_1_1_U7313  |sparsemux_7_2_8_1_1  |        0|   0|  0|    9|    0|
    |sparsemux_7_2_8_1_1_U7314  |sparsemux_7_2_8_1_1  |        0|   0|  0|    9|    0|
    |sparsemux_7_2_8_1_1_U7315  |sparsemux_7_2_8_1_1  |        0|   0|  0|    9|    0|
    |sparsemux_7_2_8_1_1_U7316  |sparsemux_7_2_8_1_1  |        0|   0|  0|    9|    0|
    |sparsemux_7_2_8_1_1_U7317  |sparsemux_7_2_8_1_1  |        0|   0|  0|    9|    0|
    |sparsemux_7_2_8_1_1_U7318  |sparsemux_7_2_8_1_1  |        0|   0|  0|    9|    0|
    |sparsemux_7_2_8_1_1_U7319  |sparsemux_7_2_8_1_1  |        0|   0|  0|    9|    0|
    |sparsemux_7_2_8_1_1_U7320  |sparsemux_7_2_8_1_1  |        0|   0|  0|    9|    0|
    |sparsemux_7_2_8_1_1_U7321  |sparsemux_7_2_8_1_1  |        0|   0|  0|    9|    0|
    |sparsemux_7_2_8_1_1_U7322  |sparsemux_7_2_8_1_1  |        0|   0|  0|    9|    0|
    |sparsemux_7_2_8_1_1_U7323  |sparsemux_7_2_8_1_1  |        0|   0|  0|    9|    0|
    |sparsemux_7_2_8_1_1_U7324  |sparsemux_7_2_8_1_1  |        0|   0|  0|    9|    0|
    |sparsemux_7_2_8_1_1_U7325  |sparsemux_7_2_8_1_1  |        0|   0|  0|    9|    0|
    |sparsemux_7_2_8_1_1_U7326  |sparsemux_7_2_8_1_1  |        0|   0|  0|    9|    0|
    |sparsemux_7_2_8_1_1_U7327  |sparsemux_7_2_8_1_1  |        0|   0|  0|    9|    0|
    |sparsemux_7_2_8_1_1_U7328  |sparsemux_7_2_8_1_1  |        0|   0|  0|    9|    0|
    |sparsemux_7_2_8_1_1_U7329  |sparsemux_7_2_8_1_1  |        0|   0|  0|    9|    0|
    |sparsemux_7_2_8_1_1_U7330  |sparsemux_7_2_8_1_1  |        0|   0|  0|    9|    0|
    |sparsemux_7_2_8_1_1_U7331  |sparsemux_7_2_8_1_1  |        0|   0|  0|    9|    0|
    |sparsemux_7_2_8_1_1_U7332  |sparsemux_7_2_8_1_1  |        0|   0|  0|    9|    0|
    |sparsemux_7_2_8_1_1_U7333  |sparsemux_7_2_8_1_1  |        0|   0|  0|    9|    0|
    |sparsemux_7_2_8_1_1_U7334  |sparsemux_7_2_8_1_1  |        0|   0|  0|    9|    0|
    |sparsemux_7_2_8_1_1_U7335  |sparsemux_7_2_8_1_1  |        0|   0|  0|    9|    0|
    |sparsemux_7_2_8_1_1_U7336  |sparsemux_7_2_8_1_1  |        0|   0|  0|    9|    0|
    |sparsemux_7_2_8_1_1_U7337  |sparsemux_7_2_8_1_1  |        0|   0|  0|    9|    0|
    |sparsemux_7_2_8_1_1_U7338  |sparsemux_7_2_8_1_1  |        0|   0|  0|    9|    0|
    |sparsemux_7_2_8_1_1_U7339  |sparsemux_7_2_8_1_1  |        0|   0|  0|    9|    0|
    |sparsemux_7_2_8_1_1_U7340  |sparsemux_7_2_8_1_1  |        0|   0|  0|    9|    0|
    |sparsemux_7_2_8_1_1_U7341  |sparsemux_7_2_8_1_1  |        0|   0|  0|    9|    0|
    |sparsemux_7_2_8_1_1_U7342  |sparsemux_7_2_8_1_1  |        0|   0|  0|    9|    0|
    |sparsemux_7_2_8_1_1_U7343  |sparsemux_7_2_8_1_1  |        0|   0|  0|    9|    0|
    |sparsemux_7_2_8_1_1_U7344  |sparsemux_7_2_8_1_1  |        0|   0|  0|    9|    0|
    |sparsemux_7_2_8_1_1_U7345  |sparsemux_7_2_8_1_1  |        0|   0|  0|    9|    0|
    |sparsemux_7_2_8_1_1_U7346  |sparsemux_7_2_8_1_1  |        0|   0|  0|    9|    0|
    |sparsemux_7_2_8_1_1_U7347  |sparsemux_7_2_8_1_1  |        0|   0|  0|    9|    0|
    |sparsemux_7_2_8_1_1_U7348  |sparsemux_7_2_8_1_1  |        0|   0|  0|    9|    0|
    |sparsemux_7_2_8_1_1_U7349  |sparsemux_7_2_8_1_1  |        0|   0|  0|    9|    0|
    |sparsemux_7_2_8_1_1_U7350  |sparsemux_7_2_8_1_1  |        0|   0|  0|    9|    0|
    |sparsemux_7_2_8_1_1_U7351  |sparsemux_7_2_8_1_1  |        0|   0|  0|    9|    0|
    |sparsemux_7_2_8_1_1_U7352  |sparsemux_7_2_8_1_1  |        0|   0|  0|    9|    0|
    |sparsemux_7_2_8_1_1_U7353  |sparsemux_7_2_8_1_1  |        0|   0|  0|    9|    0|
    |sparsemux_7_2_8_1_1_U7354  |sparsemux_7_2_8_1_1  |        0|   0|  0|    9|    0|
    |sparsemux_7_2_8_1_1_U7355  |sparsemux_7_2_8_1_1  |        0|   0|  0|    9|    0|
    |sparsemux_7_2_8_1_1_U7356  |sparsemux_7_2_8_1_1  |        0|   0|  0|    9|    0|
    |sparsemux_7_2_8_1_1_U7357  |sparsemux_7_2_8_1_1  |        0|   0|  0|    9|    0|
    |sparsemux_7_2_8_1_1_U7358  |sparsemux_7_2_8_1_1  |        0|   0|  0|    9|    0|
    |sparsemux_7_2_8_1_1_U7359  |sparsemux_7_2_8_1_1  |        0|   0|  0|    9|    0|
    |sparsemux_7_2_8_1_1_U7360  |sparsemux_7_2_8_1_1  |        0|   0|  0|    9|    0|
    |sparsemux_7_2_8_1_1_U7361  |sparsemux_7_2_8_1_1  |        0|   0|  0|    9|    0|
    |sparsemux_7_2_8_1_1_U7362  |sparsemux_7_2_8_1_1  |        0|   0|  0|    9|    0|
    |sparsemux_7_2_8_1_1_U7363  |sparsemux_7_2_8_1_1  |        0|   0|  0|    9|    0|
    |sparsemux_7_2_8_1_1_U7364  |sparsemux_7_2_8_1_1  |        0|   0|  0|    9|    0|
    |sparsemux_7_2_8_1_1_U7365  |sparsemux_7_2_8_1_1  |        0|   0|  0|    9|    0|
    |sparsemux_7_2_8_1_1_U7366  |sparsemux_7_2_8_1_1  |        0|   0|  0|    9|    0|
    |sparsemux_7_2_8_1_1_U7367  |sparsemux_7_2_8_1_1  |        0|   0|  0|    9|    0|
    |sparsemux_7_2_8_1_1_U7368  |sparsemux_7_2_8_1_1  |        0|   0|  0|    9|    0|
    |sparsemux_7_2_8_1_1_U7369  |sparsemux_7_2_8_1_1  |        0|   0|  0|    9|    0|
    |sparsemux_7_2_8_1_1_U7370  |sparsemux_7_2_8_1_1  |        0|   0|  0|    9|    0|
    |sparsemux_7_2_8_1_1_U7371  |sparsemux_7_2_8_1_1  |        0|   0|  0|    9|    0|
    |sparsemux_7_2_8_1_1_U7372  |sparsemux_7_2_8_1_1  |        0|   0|  0|    9|    0|
    |sparsemux_7_2_8_1_1_U7373  |sparsemux_7_2_8_1_1  |        0|   0|  0|    9|    0|
    |sparsemux_7_2_8_1_1_U7374  |sparsemux_7_2_8_1_1  |        0|   0|  0|    9|    0|
    |sparsemux_7_2_8_1_1_U7375  |sparsemux_7_2_8_1_1  |        0|   0|  0|    9|    0|
    |sparsemux_7_2_8_1_1_U7376  |sparsemux_7_2_8_1_1  |        0|   0|  0|    9|    0|
    |sparsemux_7_2_8_1_1_U7377  |sparsemux_7_2_8_1_1  |        0|   0|  0|    9|    0|
    |sparsemux_7_2_8_1_1_U7378  |sparsemux_7_2_8_1_1  |        0|   0|  0|    9|    0|
    |sparsemux_7_2_8_1_1_U7379  |sparsemux_7_2_8_1_1  |        0|   0|  0|    9|    0|
    |sparsemux_7_2_8_1_1_U7380  |sparsemux_7_2_8_1_1  |        0|   0|  0|    9|    0|
    |sparsemux_7_2_8_1_1_U7381  |sparsemux_7_2_8_1_1  |        0|   0|  0|    9|    0|
    |sparsemux_7_2_8_1_1_U7382  |sparsemux_7_2_8_1_1  |        0|   0|  0|    9|    0|
    |sparsemux_7_2_8_1_1_U7383  |sparsemux_7_2_8_1_1  |        0|   0|  0|    9|    0|
    |sparsemux_7_2_8_1_1_U7384  |sparsemux_7_2_8_1_1  |        0|   0|  0|    9|    0|
    |sparsemux_7_2_8_1_1_U7385  |sparsemux_7_2_8_1_1  |        0|   0|  0|    9|    0|
    |sparsemux_7_2_8_1_1_U7386  |sparsemux_7_2_8_1_1  |        0|   0|  0|    9|    0|
    |sparsemux_7_2_8_1_1_U7387  |sparsemux_7_2_8_1_1  |        0|   0|  0|    9|    0|
    |sparsemux_7_2_8_1_1_U7388  |sparsemux_7_2_8_1_1  |        0|   0|  0|    9|    0|
    |sparsemux_7_2_8_1_1_U7389  |sparsemux_7_2_8_1_1  |        0|   0|  0|    9|    0|
    |sparsemux_7_2_8_1_1_U7390  |sparsemux_7_2_8_1_1  |        0|   0|  0|    9|    0|
    |sparsemux_7_2_8_1_1_U7391  |sparsemux_7_2_8_1_1  |        0|   0|  0|    9|    0|
    |sparsemux_7_2_8_1_1_U7392  |sparsemux_7_2_8_1_1  |        0|   0|  0|    9|    0|
    |sparsemux_7_2_8_1_1_U7393  |sparsemux_7_2_8_1_1  |        0|   0|  0|    9|    0|
    |sparsemux_7_2_8_1_1_U7394  |sparsemux_7_2_8_1_1  |        0|   0|  0|    9|    0|
    |sparsemux_7_2_8_1_1_U7395  |sparsemux_7_2_8_1_1  |        0|   0|  0|    9|    0|
    |sparsemux_7_2_8_1_1_U7396  |sparsemux_7_2_8_1_1  |        0|   0|  0|    9|    0|
    |sparsemux_7_2_8_1_1_U7397  |sparsemux_7_2_8_1_1  |        0|   0|  0|    9|    0|
    |sparsemux_7_2_8_1_1_U7398  |sparsemux_7_2_8_1_1  |        0|   0|  0|    9|    0|
    |sparsemux_7_2_8_1_1_U7399  |sparsemux_7_2_8_1_1  |        0|   0|  0|    9|    0|
    |sparsemux_7_2_8_1_1_U7400  |sparsemux_7_2_8_1_1  |        0|   0|  0|    9|    0|
    |sparsemux_7_2_8_1_1_U7401  |sparsemux_7_2_8_1_1  |        0|   0|  0|    9|    0|
    |sparsemux_7_2_8_1_1_U7402  |sparsemux_7_2_8_1_1  |        0|   0|  0|    9|    0|
    |sparsemux_7_2_8_1_1_U7403  |sparsemux_7_2_8_1_1  |        0|   0|  0|    9|    0|
    |sparsemux_7_2_8_1_1_U7404  |sparsemux_7_2_8_1_1  |        0|   0|  0|    9|    0|
    |sparsemux_7_2_8_1_1_U7405  |sparsemux_7_2_8_1_1  |        0|   0|  0|    9|    0|
    |sparsemux_7_2_8_1_1_U7406  |sparsemux_7_2_8_1_1  |        0|   0|  0|    9|    0|
    |sparsemux_7_2_8_1_1_U7407  |sparsemux_7_2_8_1_1  |        0|   0|  0|    9|    0|
    |sparsemux_7_2_8_1_1_U7408  |sparsemux_7_2_8_1_1  |        0|   0|  0|    9|    0|
    |sparsemux_7_2_8_1_1_U7409  |sparsemux_7_2_8_1_1  |        0|   0|  0|    9|    0|
    |sparsemux_7_2_8_1_1_U7410  |sparsemux_7_2_8_1_1  |        0|   0|  0|    9|    0|
    |sparsemux_7_2_8_1_1_U7411  |sparsemux_7_2_8_1_1  |        0|   0|  0|    9|    0|
    |sparsemux_7_2_8_1_1_U7412  |sparsemux_7_2_8_1_1  |        0|   0|  0|    9|    0|
    |sparsemux_7_2_8_1_1_U7413  |sparsemux_7_2_8_1_1  |        0|   0|  0|    9|    0|
    |sparsemux_7_2_8_1_1_U7414  |sparsemux_7_2_8_1_1  |        0|   0|  0|    9|    0|
    |sparsemux_7_2_8_1_1_U7415  |sparsemux_7_2_8_1_1  |        0|   0|  0|    9|    0|
    |sparsemux_7_2_8_1_1_U7416  |sparsemux_7_2_8_1_1  |        0|   0|  0|    9|    0|
    |sparsemux_7_2_8_1_1_U7417  |sparsemux_7_2_8_1_1  |        0|   0|  0|    9|    0|
    |sparsemux_7_2_8_1_1_U7418  |sparsemux_7_2_8_1_1  |        0|   0|  0|    9|    0|
    |sparsemux_7_2_8_1_1_U7419  |sparsemux_7_2_8_1_1  |        0|   0|  0|    9|    0|
    |sparsemux_7_2_8_1_1_U7420  |sparsemux_7_2_8_1_1  |        0|   0|  0|    9|    0|
    |sparsemux_7_2_8_1_1_U7421  |sparsemux_7_2_8_1_1  |        0|   0|  0|    9|    0|
    |sparsemux_7_2_8_1_1_U7422  |sparsemux_7_2_8_1_1  |        0|   0|  0|    9|    0|
    |sparsemux_7_2_8_1_1_U7423  |sparsemux_7_2_8_1_1  |        0|   0|  0|    9|    0|
    |sparsemux_7_2_8_1_1_U7424  |sparsemux_7_2_8_1_1  |        0|   0|  0|    9|    0|
    |sparsemux_7_2_8_1_1_U7425  |sparsemux_7_2_8_1_1  |        0|   0|  0|    9|    0|
    |sparsemux_7_2_8_1_1_U7426  |sparsemux_7_2_8_1_1  |        0|   0|  0|    9|    0|
    |sparsemux_7_2_8_1_1_U7427  |sparsemux_7_2_8_1_1  |        0|   0|  0|    9|    0|
    |sparsemux_7_2_8_1_1_U7428  |sparsemux_7_2_8_1_1  |        0|   0|  0|    9|    0|
    |sparsemux_7_2_8_1_1_U7429  |sparsemux_7_2_8_1_1  |        0|   0|  0|    9|    0|
    |sparsemux_7_2_8_1_1_U7430  |sparsemux_7_2_8_1_1  |        0|   0|  0|    9|    0|
    |sparsemux_7_2_8_1_1_U7431  |sparsemux_7_2_8_1_1  |        0|   0|  0|    9|    0|
    |sparsemux_7_2_8_1_1_U7432  |sparsemux_7_2_8_1_1  |        0|   0|  0|    9|    0|
    |sparsemux_7_2_8_1_1_U7433  |sparsemux_7_2_8_1_1  |        0|   0|  0|    9|    0|
    |sparsemux_7_2_8_1_1_U7434  |sparsemux_7_2_8_1_1  |        0|   0|  0|    9|    0|
    |sparsemux_7_2_8_1_1_U7435  |sparsemux_7_2_8_1_1  |        0|   0|  0|    9|    0|
    |sparsemux_7_2_8_1_1_U7436  |sparsemux_7_2_8_1_1  |        0|   0|  0|    9|    0|
    |sparsemux_7_2_8_1_1_U7437  |sparsemux_7_2_8_1_1  |        0|   0|  0|    9|    0|
    |sparsemux_7_2_8_1_1_U7438  |sparsemux_7_2_8_1_1  |        0|   0|  0|    9|    0|
    |sparsemux_7_2_8_1_1_U7439  |sparsemux_7_2_8_1_1  |        0|   0|  0|    9|    0|
    |sparsemux_7_2_8_1_1_U7440  |sparsemux_7_2_8_1_1  |        0|   0|  0|    9|    0|
    |sparsemux_7_2_8_1_1_U7441  |sparsemux_7_2_8_1_1  |        0|   0|  0|    9|    0|
    |sparsemux_7_2_8_1_1_U7442  |sparsemux_7_2_8_1_1  |        0|   0|  0|    9|    0|
    |sparsemux_7_2_8_1_1_U7443  |sparsemux_7_2_8_1_1  |        0|   0|  0|    9|    0|
    |sparsemux_7_2_8_1_1_U7444  |sparsemux_7_2_8_1_1  |        0|   0|  0|    9|    0|
    |sparsemux_7_2_8_1_1_U7445  |sparsemux_7_2_8_1_1  |        0|   0|  0|    9|    0|
    |sparsemux_7_2_8_1_1_U7446  |sparsemux_7_2_8_1_1  |        0|   0|  0|    9|    0|
    |sparsemux_7_2_8_1_1_U7447  |sparsemux_7_2_8_1_1  |        0|   0|  0|    9|    0|
    |sparsemux_7_2_8_1_1_U7448  |sparsemux_7_2_8_1_1  |        0|   0|  0|    9|    0|
    |sparsemux_7_2_8_1_1_U7449  |sparsemux_7_2_8_1_1  |        0|   0|  0|    9|    0|
    |sparsemux_7_2_8_1_1_U7450  |sparsemux_7_2_8_1_1  |        0|   0|  0|    9|    0|
    |sparsemux_7_2_8_1_1_U7451  |sparsemux_7_2_8_1_1  |        0|   0|  0|    9|    0|
    |sparsemux_7_2_8_1_1_U7452  |sparsemux_7_2_8_1_1  |        0|   0|  0|    9|    0|
    |sparsemux_7_2_8_1_1_U7453  |sparsemux_7_2_8_1_1  |        0|   0|  0|    9|    0|
    |sparsemux_7_2_8_1_1_U7454  |sparsemux_7_2_8_1_1  |        0|   0|  0|    9|    0|
    |sparsemux_7_2_8_1_1_U7455  |sparsemux_7_2_8_1_1  |        0|   0|  0|    9|    0|
    |sparsemux_7_2_8_1_1_U7456  |sparsemux_7_2_8_1_1  |        0|   0|  0|    9|    0|
    |sparsemux_7_2_8_1_1_U7457  |sparsemux_7_2_8_1_1  |        0|   0|  0|    9|    0|
    |sparsemux_7_2_8_1_1_U7458  |sparsemux_7_2_8_1_1  |        0|   0|  0|    9|    0|
    |sparsemux_7_2_8_1_1_U7459  |sparsemux_7_2_8_1_1  |        0|   0|  0|    9|    0|
    |sparsemux_7_2_8_1_1_U7460  |sparsemux_7_2_8_1_1  |        0|   0|  0|    9|    0|
    |sparsemux_7_2_8_1_1_U7461  |sparsemux_7_2_8_1_1  |        0|   0|  0|    9|    0|
    |sparsemux_7_2_8_1_1_U7462  |sparsemux_7_2_8_1_1  |        0|   0|  0|    9|    0|
    |sparsemux_7_2_8_1_1_U7463  |sparsemux_7_2_8_1_1  |        0|   0|  0|    9|    0|
    |sparsemux_7_2_8_1_1_U7464  |sparsemux_7_2_8_1_1  |        0|   0|  0|    9|    0|
    |sparsemux_7_2_8_1_1_U7465  |sparsemux_7_2_8_1_1  |        0|   0|  0|    9|    0|
    |sparsemux_7_2_8_1_1_U7466  |sparsemux_7_2_8_1_1  |        0|   0|  0|    9|    0|
    |sparsemux_7_2_8_1_1_U7467  |sparsemux_7_2_8_1_1  |        0|   0|  0|    9|    0|
    |sparsemux_7_2_8_1_1_U7468  |sparsemux_7_2_8_1_1  |        0|   0|  0|    9|    0|
    |sparsemux_7_2_8_1_1_U7469  |sparsemux_7_2_8_1_1  |        0|   0|  0|    9|    0|
    |sparsemux_7_2_8_1_1_U7470  |sparsemux_7_2_8_1_1  |        0|   0|  0|    9|    0|
    |sparsemux_7_2_8_1_1_U7471  |sparsemux_7_2_8_1_1  |        0|   0|  0|    9|    0|
    |sparsemux_7_2_8_1_1_U7472  |sparsemux_7_2_8_1_1  |        0|   0|  0|    9|    0|
    |sparsemux_7_2_8_1_1_U7473  |sparsemux_7_2_8_1_1  |        0|   0|  0|    9|    0|
    |sparsemux_7_2_8_1_1_U7474  |sparsemux_7_2_8_1_1  |        0|   0|  0|    9|    0|
    |sparsemux_7_2_8_1_1_U7475  |sparsemux_7_2_8_1_1  |        0|   0|  0|    9|    0|
    |sparsemux_7_2_8_1_1_U7476  |sparsemux_7_2_8_1_1  |        0|   0|  0|    9|    0|
    |sparsemux_7_2_8_1_1_U7477  |sparsemux_7_2_8_1_1  |        0|   0|  0|    9|    0|
    |sparsemux_7_2_8_1_1_U7478  |sparsemux_7_2_8_1_1  |        0|   0|  0|    9|    0|
    |sparsemux_7_2_8_1_1_U7479  |sparsemux_7_2_8_1_1  |        0|   0|  0|    9|    0|
    |sparsemux_7_2_8_1_1_U7480  |sparsemux_7_2_8_1_1  |        0|   0|  0|    9|    0|
    |sparsemux_7_2_8_1_1_U7481  |sparsemux_7_2_8_1_1  |        0|   0|  0|    9|    0|
    |sparsemux_7_2_8_1_1_U7482  |sparsemux_7_2_8_1_1  |        0|   0|  0|    9|    0|
    |sparsemux_7_2_8_1_1_U7483  |sparsemux_7_2_8_1_1  |        0|   0|  0|    9|    0|
    |sparsemux_7_2_8_1_1_U7484  |sparsemux_7_2_8_1_1  |        0|   0|  0|    9|    0|
    |sparsemux_7_2_8_1_1_U7485  |sparsemux_7_2_8_1_1  |        0|   0|  0|    9|    0|
    |sparsemux_7_2_8_1_1_U7486  |sparsemux_7_2_8_1_1  |        0|   0|  0|    9|    0|
    |sparsemux_7_2_8_1_1_U7487  |sparsemux_7_2_8_1_1  |        0|   0|  0|    9|    0|
    |sparsemux_7_2_8_1_1_U7488  |sparsemux_7_2_8_1_1  |        0|   0|  0|    9|    0|
    |sparsemux_7_2_8_1_1_U7489  |sparsemux_7_2_8_1_1  |        0|   0|  0|    9|    0|
    |sparsemux_7_2_8_1_1_U7490  |sparsemux_7_2_8_1_1  |        0|   0|  0|    9|    0|
    |sparsemux_7_2_8_1_1_U7491  |sparsemux_7_2_8_1_1  |        0|   0|  0|    9|    0|
    |sparsemux_7_2_8_1_1_U7492  |sparsemux_7_2_8_1_1  |        0|   0|  0|    9|    0|
    |sparsemux_7_2_8_1_1_U7493  |sparsemux_7_2_8_1_1  |        0|   0|  0|    9|    0|
    |sparsemux_7_2_8_1_1_U7494  |sparsemux_7_2_8_1_1  |        0|   0|  0|    9|    0|
    |sparsemux_7_2_8_1_1_U7495  |sparsemux_7_2_8_1_1  |        0|   0|  0|    9|    0|
    |sparsemux_7_2_8_1_1_U7496  |sparsemux_7_2_8_1_1  |        0|   0|  0|    9|    0|
    |sparsemux_7_2_8_1_1_U7497  |sparsemux_7_2_8_1_1  |        0|   0|  0|    9|    0|
    |sparsemux_7_2_8_1_1_U7498  |sparsemux_7_2_8_1_1  |        0|   0|  0|    9|    0|
    |sparsemux_7_2_8_1_1_U7499  |sparsemux_7_2_8_1_1  |        0|   0|  0|    9|    0|
    |sparsemux_7_2_8_1_1_U7500  |sparsemux_7_2_8_1_1  |        0|   0|  0|    9|    0|
    |sparsemux_7_2_8_1_1_U7501  |sparsemux_7_2_8_1_1  |        0|   0|  0|    9|    0|
    |sparsemux_7_2_8_1_1_U7502  |sparsemux_7_2_8_1_1  |        0|   0|  0|    9|    0|
    |sparsemux_7_2_8_1_1_U7503  |sparsemux_7_2_8_1_1  |        0|   0|  0|    9|    0|
    |sparsemux_7_2_8_1_1_U7504  |sparsemux_7_2_8_1_1  |        0|   0|  0|    9|    0|
    |sparsemux_7_2_8_1_1_U7505  |sparsemux_7_2_8_1_1  |        0|   0|  0|    9|    0|
    |sparsemux_7_2_8_1_1_U7506  |sparsemux_7_2_8_1_1  |        0|   0|  0|    9|    0|
    |sparsemux_7_2_8_1_1_U7507  |sparsemux_7_2_8_1_1  |        0|   0|  0|    9|    0|
    |sparsemux_7_2_8_1_1_U7508  |sparsemux_7_2_8_1_1  |        0|   0|  0|    9|    0|
    |sparsemux_7_2_8_1_1_U7509  |sparsemux_7_2_8_1_1  |        0|   0|  0|    9|    0|
    |sparsemux_7_2_8_1_1_U7510  |sparsemux_7_2_8_1_1  |        0|   0|  0|    9|    0|
    |sparsemux_7_2_8_1_1_U7511  |sparsemux_7_2_8_1_1  |        0|   0|  0|    9|    0|
    |sparsemux_7_2_8_1_1_U7512  |sparsemux_7_2_8_1_1  |        0|   0|  0|    9|    0|
    |sparsemux_7_2_8_1_1_U7513  |sparsemux_7_2_8_1_1  |        0|   0|  0|    9|    0|
    |sparsemux_7_2_8_1_1_U7514  |sparsemux_7_2_8_1_1  |        0|   0|  0|    9|    0|
    |sparsemux_7_2_8_1_1_U7515  |sparsemux_7_2_8_1_1  |        0|   0|  0|    9|    0|
    |sparsemux_7_2_8_1_1_U7516  |sparsemux_7_2_8_1_1  |        0|   0|  0|    9|    0|
    |sparsemux_7_2_8_1_1_U7517  |sparsemux_7_2_8_1_1  |        0|   0|  0|    9|    0|
    |sparsemux_7_2_8_1_1_U7518  |sparsemux_7_2_8_1_1  |        0|   0|  0|    9|    0|
    |sparsemux_7_2_8_1_1_U7519  |sparsemux_7_2_8_1_1  |        0|   0|  0|    9|    0|
    |sparsemux_7_2_8_1_1_U7520  |sparsemux_7_2_8_1_1  |        0|   0|  0|    9|    0|
    |sparsemux_7_2_8_1_1_U7521  |sparsemux_7_2_8_1_1  |        0|   0|  0|    9|    0|
    |sparsemux_7_2_8_1_1_U7522  |sparsemux_7_2_8_1_1  |        0|   0|  0|    9|    0|
    |sparsemux_7_2_8_1_1_U7523  |sparsemux_7_2_8_1_1  |        0|   0|  0|    9|    0|
    |sparsemux_7_2_8_1_1_U7524  |sparsemux_7_2_8_1_1  |        0|   0|  0|    9|    0|
    |sparsemux_7_2_8_1_1_U7525  |sparsemux_7_2_8_1_1  |        0|   0|  0|    9|    0|
    |sparsemux_7_2_8_1_1_U7526  |sparsemux_7_2_8_1_1  |        0|   0|  0|    9|    0|
    |sparsemux_7_2_8_1_1_U7527  |sparsemux_7_2_8_1_1  |        0|   0|  0|    9|    0|
    |sparsemux_7_2_8_1_1_U7528  |sparsemux_7_2_8_1_1  |        0|   0|  0|    9|    0|
    |sparsemux_7_2_8_1_1_U7529  |sparsemux_7_2_8_1_1  |        0|   0|  0|    9|    0|
    |sparsemux_7_2_8_1_1_U7530  |sparsemux_7_2_8_1_1  |        0|   0|  0|    9|    0|
    |sparsemux_7_2_8_1_1_U7531  |sparsemux_7_2_8_1_1  |        0|   0|  0|    9|    0|
    |sparsemux_7_2_8_1_1_U7532  |sparsemux_7_2_8_1_1  |        0|   0|  0|    9|    0|
    |sparsemux_7_2_8_1_1_U7533  |sparsemux_7_2_8_1_1  |        0|   0|  0|    9|    0|
    |sparsemux_7_2_8_1_1_U7534  |sparsemux_7_2_8_1_1  |        0|   0|  0|    9|    0|
    |sparsemux_7_2_8_1_1_U7535  |sparsemux_7_2_8_1_1  |        0|   0|  0|    9|    0|
    |sparsemux_7_2_8_1_1_U7536  |sparsemux_7_2_8_1_1  |        0|   0|  0|    9|    0|
    |sparsemux_7_2_8_1_1_U7537  |sparsemux_7_2_8_1_1  |        0|   0|  0|    9|    0|
    |sparsemux_7_2_8_1_1_U7538  |sparsemux_7_2_8_1_1  |        0|   0|  0|    9|    0|
    |sparsemux_7_2_8_1_1_U7539  |sparsemux_7_2_8_1_1  |        0|   0|  0|    9|    0|
    |sparsemux_7_2_8_1_1_U7540  |sparsemux_7_2_8_1_1  |        0|   0|  0|    9|    0|
    |sparsemux_7_2_8_1_1_U7541  |sparsemux_7_2_8_1_1  |        0|   0|  0|    9|    0|
    |sparsemux_7_2_8_1_1_U7542  |sparsemux_7_2_8_1_1  |        0|   0|  0|    9|    0|
    |sparsemux_7_2_8_1_1_U7543  |sparsemux_7_2_8_1_1  |        0|   0|  0|    9|    0|
    |sparsemux_7_2_8_1_1_U7544  |sparsemux_7_2_8_1_1  |        0|   0|  0|    9|    0|
    |sparsemux_7_2_8_1_1_U7545  |sparsemux_7_2_8_1_1  |        0|   0|  0|    9|    0|
    |sparsemux_7_2_8_1_1_U7546  |sparsemux_7_2_8_1_1  |        0|   0|  0|    9|    0|
    |sparsemux_7_2_8_1_1_U7547  |sparsemux_7_2_8_1_1  |        0|   0|  0|    9|    0|
    |sparsemux_7_2_8_1_1_U7548  |sparsemux_7_2_8_1_1  |        0|   0|  0|    9|    0|
    |sparsemux_7_2_8_1_1_U7549  |sparsemux_7_2_8_1_1  |        0|   0|  0|    9|    0|
    |sparsemux_7_2_8_1_1_U7550  |sparsemux_7_2_8_1_1  |        0|   0|  0|    9|    0|
    |sparsemux_7_2_8_1_1_U7551  |sparsemux_7_2_8_1_1  |        0|   0|  0|    9|    0|
    |sparsemux_7_2_8_1_1_U7552  |sparsemux_7_2_8_1_1  |        0|   0|  0|    9|    0|
    |sparsemux_7_2_8_1_1_U7553  |sparsemux_7_2_8_1_1  |        0|   0|  0|    9|    0|
    |sparsemux_7_2_8_1_1_U7554  |sparsemux_7_2_8_1_1  |        0|   0|  0|    9|    0|
    |sparsemux_7_2_8_1_1_U7555  |sparsemux_7_2_8_1_1  |        0|   0|  0|    9|    0|
    |sparsemux_7_2_8_1_1_U7556  |sparsemux_7_2_8_1_1  |        0|   0|  0|    9|    0|
    |sparsemux_7_2_8_1_1_U7557  |sparsemux_7_2_8_1_1  |        0|   0|  0|    9|    0|
    |sparsemux_7_2_8_1_1_U7558  |sparsemux_7_2_8_1_1  |        0|   0|  0|    9|    0|
    |sparsemux_7_2_8_1_1_U7559  |sparsemux_7_2_8_1_1  |        0|   0|  0|    9|    0|
    |sparsemux_7_2_8_1_1_U7560  |sparsemux_7_2_8_1_1  |        0|   0|  0|    9|    0|
    |sparsemux_7_2_8_1_1_U7561  |sparsemux_7_2_8_1_1  |        0|   0|  0|    9|    0|
    |sparsemux_7_2_8_1_1_U7562  |sparsemux_7_2_8_1_1  |        0|   0|  0|    9|    0|
    |sparsemux_7_2_8_1_1_U7563  |sparsemux_7_2_8_1_1  |        0|   0|  0|    9|    0|
    |sparsemux_7_2_8_1_1_U7564  |sparsemux_7_2_8_1_1  |        0|   0|  0|    9|    0|
    |sparsemux_7_2_8_1_1_U7565  |sparsemux_7_2_8_1_1  |        0|   0|  0|    9|    0|
    |sparsemux_7_2_8_1_1_U7566  |sparsemux_7_2_8_1_1  |        0|   0|  0|    9|    0|
    |sparsemux_7_2_8_1_1_U7567  |sparsemux_7_2_8_1_1  |        0|   0|  0|    9|    0|
    |sparsemux_7_2_8_1_1_U7568  |sparsemux_7_2_8_1_1  |        0|   0|  0|    9|    0|
    |sparsemux_7_2_8_1_1_U7569  |sparsemux_7_2_8_1_1  |        0|   0|  0|    9|    0|
    |sparsemux_7_2_8_1_1_U7570  |sparsemux_7_2_8_1_1  |        0|   0|  0|    9|    0|
    |sparsemux_7_2_8_1_1_U7571  |sparsemux_7_2_8_1_1  |        0|   0|  0|    9|    0|
    |sparsemux_7_2_8_1_1_U7572  |sparsemux_7_2_8_1_1  |        0|   0|  0|    9|    0|
    |sparsemux_7_2_8_1_1_U7573  |sparsemux_7_2_8_1_1  |        0|   0|  0|    9|    0|
    |sparsemux_7_2_8_1_1_U7574  |sparsemux_7_2_8_1_1  |        0|   0|  0|    9|    0|
    |sparsemux_7_2_8_1_1_U7575  |sparsemux_7_2_8_1_1  |        0|   0|  0|    9|    0|
    |sparsemux_7_2_8_1_1_U7576  |sparsemux_7_2_8_1_1  |        0|   0|  0|    9|    0|
    |sparsemux_7_2_8_1_1_U7577  |sparsemux_7_2_8_1_1  |        0|   0|  0|    9|    0|
    |sparsemux_7_2_8_1_1_U7578  |sparsemux_7_2_8_1_1  |        0|   0|  0|    9|    0|
    |sparsemux_7_2_8_1_1_U7579  |sparsemux_7_2_8_1_1  |        0|   0|  0|    9|    0|
    |sparsemux_7_2_8_1_1_U7580  |sparsemux_7_2_8_1_1  |        0|   0|  0|    9|    0|
    |sparsemux_7_2_8_1_1_U7581  |sparsemux_7_2_8_1_1  |        0|   0|  0|    9|    0|
    |sparsemux_7_2_8_1_1_U7582  |sparsemux_7_2_8_1_1  |        0|   0|  0|    9|    0|
    |sparsemux_7_2_8_1_1_U7583  |sparsemux_7_2_8_1_1  |        0|   0|  0|    9|    0|
    |sparsemux_7_2_8_1_1_U7584  |sparsemux_7_2_8_1_1  |        0|   0|  0|    9|    0|
    |sparsemux_7_2_8_1_1_U7585  |sparsemux_7_2_8_1_1  |        0|   0|  0|    9|    0|
    |sparsemux_7_2_8_1_1_U7586  |sparsemux_7_2_8_1_1  |        0|   0|  0|    9|    0|
    |sparsemux_7_2_8_1_1_U7587  |sparsemux_7_2_8_1_1  |        0|   0|  0|    9|    0|
    |sparsemux_7_2_8_1_1_U7588  |sparsemux_7_2_8_1_1  |        0|   0|  0|    9|    0|
    |sparsemux_7_2_8_1_1_U7589  |sparsemux_7_2_8_1_1  |        0|   0|  0|    9|    0|
    |sparsemux_7_2_8_1_1_U7590  |sparsemux_7_2_8_1_1  |        0|   0|  0|    9|    0|
    |sparsemux_7_2_8_1_1_U7591  |sparsemux_7_2_8_1_1  |        0|   0|  0|    9|    0|
    |sparsemux_7_2_8_1_1_U7592  |sparsemux_7_2_8_1_1  |        0|   0|  0|    9|    0|
    |sparsemux_7_2_8_1_1_U7593  |sparsemux_7_2_8_1_1  |        0|   0|  0|    9|    0|
    |sparsemux_7_2_8_1_1_U7594  |sparsemux_7_2_8_1_1  |        0|   0|  0|    9|    0|
    |sparsemux_7_2_8_1_1_U7595  |sparsemux_7_2_8_1_1  |        0|   0|  0|    9|    0|
    |sparsemux_7_2_8_1_1_U7596  |sparsemux_7_2_8_1_1  |        0|   0|  0|    9|    0|
    |sparsemux_7_2_8_1_1_U7597  |sparsemux_7_2_8_1_1  |        0|   0|  0|    9|    0|
    |sparsemux_7_2_8_1_1_U7598  |sparsemux_7_2_8_1_1  |        0|   0|  0|    9|    0|
    |sparsemux_7_2_8_1_1_U7599  |sparsemux_7_2_8_1_1  |        0|   0|  0|    9|    0|
    |sparsemux_7_2_8_1_1_U7600  |sparsemux_7_2_8_1_1  |        0|   0|  0|    9|    0|
    |sparsemux_7_2_8_1_1_U7601  |sparsemux_7_2_8_1_1  |        0|   0|  0|    9|    0|
    |sparsemux_7_2_8_1_1_U7602  |sparsemux_7_2_8_1_1  |        0|   0|  0|    9|    0|
    |sparsemux_7_2_8_1_1_U7603  |sparsemux_7_2_8_1_1  |        0|   0|  0|    9|    0|
    |sparsemux_7_2_8_1_1_U7604  |sparsemux_7_2_8_1_1  |        0|   0|  0|    9|    0|
    |sparsemux_7_2_8_1_1_U7605  |sparsemux_7_2_8_1_1  |        0|   0|  0|    9|    0|
    |sparsemux_7_2_8_1_1_U7606  |sparsemux_7_2_8_1_1  |        0|   0|  0|    9|    0|
    |sparsemux_7_2_8_1_1_U7607  |sparsemux_7_2_8_1_1  |        0|   0|  0|    9|    0|
    |sparsemux_7_2_8_1_1_U7608  |sparsemux_7_2_8_1_1  |        0|   0|  0|    9|    0|
    |sparsemux_7_2_8_1_1_U7609  |sparsemux_7_2_8_1_1  |        0|   0|  0|    9|    0|
    |sparsemux_7_2_8_1_1_U7610  |sparsemux_7_2_8_1_1  |        0|   0|  0|    9|    0|
    |sparsemux_7_2_8_1_1_U7611  |sparsemux_7_2_8_1_1  |        0|   0|  0|    9|    0|
    |sparsemux_7_2_8_1_1_U7612  |sparsemux_7_2_8_1_1  |        0|   0|  0|    9|    0|
    |sparsemux_7_2_8_1_1_U7613  |sparsemux_7_2_8_1_1  |        0|   0|  0|    9|    0|
    |sparsemux_7_2_8_1_1_U7614  |sparsemux_7_2_8_1_1  |        0|   0|  0|    9|    0|
    |sparsemux_7_2_8_1_1_U7615  |sparsemux_7_2_8_1_1  |        0|   0|  0|    9|    0|
    |sparsemux_7_2_8_1_1_U7616  |sparsemux_7_2_8_1_1  |        0|   0|  0|    9|    0|
    |sparsemux_7_2_8_1_1_U7617  |sparsemux_7_2_8_1_1  |        0|   0|  0|    9|    0|
    |sparsemux_7_2_8_1_1_U7618  |sparsemux_7_2_8_1_1  |        0|   0|  0|    9|    0|
    |sparsemux_7_2_8_1_1_U7619  |sparsemux_7_2_8_1_1  |        0|   0|  0|    9|    0|
    |sparsemux_7_2_8_1_1_U7620  |sparsemux_7_2_8_1_1  |        0|   0|  0|    9|    0|
    |sparsemux_7_2_8_1_1_U7621  |sparsemux_7_2_8_1_1  |        0|   0|  0|    9|    0|
    |sparsemux_7_2_8_1_1_U7622  |sparsemux_7_2_8_1_1  |        0|   0|  0|    9|    0|
    |sparsemux_7_2_8_1_1_U7623  |sparsemux_7_2_8_1_1  |        0|   0|  0|    9|    0|
    |sparsemux_7_2_8_1_1_U7624  |sparsemux_7_2_8_1_1  |        0|   0|  0|    9|    0|
    |sparsemux_7_2_8_1_1_U7625  |sparsemux_7_2_8_1_1  |        0|   0|  0|    9|    0|
    |sparsemux_7_2_8_1_1_U7626  |sparsemux_7_2_8_1_1  |        0|   0|  0|    9|    0|
    |sparsemux_7_2_8_1_1_U7627  |sparsemux_7_2_8_1_1  |        0|   0|  0|    9|    0|
    |sparsemux_7_2_8_1_1_U7628  |sparsemux_7_2_8_1_1  |        0|   0|  0|    9|    0|
    |sparsemux_7_2_8_1_1_U7629  |sparsemux_7_2_8_1_1  |        0|   0|  0|    9|    0|
    |sparsemux_7_2_8_1_1_U7630  |sparsemux_7_2_8_1_1  |        0|   0|  0|    9|    0|
    |sparsemux_7_2_8_1_1_U7631  |sparsemux_7_2_8_1_1  |        0|   0|  0|    9|    0|
    |sparsemux_7_2_8_1_1_U7632  |sparsemux_7_2_8_1_1  |        0|   0|  0|    9|    0|
    |sparsemux_7_2_8_1_1_U7633  |sparsemux_7_2_8_1_1  |        0|   0|  0|    9|    0|
    |sparsemux_7_2_8_1_1_U7634  |sparsemux_7_2_8_1_1  |        0|   0|  0|    9|    0|
    |sparsemux_7_2_8_1_1_U7635  |sparsemux_7_2_8_1_1  |        0|   0|  0|    9|    0|
    |sparsemux_7_2_8_1_1_U7636  |sparsemux_7_2_8_1_1  |        0|   0|  0|    9|    0|
    |sparsemux_7_2_8_1_1_U7637  |sparsemux_7_2_8_1_1  |        0|   0|  0|    9|    0|
    |sparsemux_7_2_8_1_1_U7638  |sparsemux_7_2_8_1_1  |        0|   0|  0|    9|    0|
    |sparsemux_7_2_8_1_1_U7639  |sparsemux_7_2_8_1_1  |        0|   0|  0|    9|    0|
    |sparsemux_7_2_8_1_1_U7640  |sparsemux_7_2_8_1_1  |        0|   0|  0|    9|    0|
    |sparsemux_7_2_8_1_1_U7641  |sparsemux_7_2_8_1_1  |        0|   0|  0|    9|    0|
    |sparsemux_7_2_8_1_1_U7642  |sparsemux_7_2_8_1_1  |        0|   0|  0|    9|    0|
    |sparsemux_7_2_8_1_1_U7643  |sparsemux_7_2_8_1_1  |        0|   0|  0|    9|    0|
    |sparsemux_7_2_8_1_1_U7644  |sparsemux_7_2_8_1_1  |        0|   0|  0|    9|    0|
    |sparsemux_7_2_8_1_1_U7645  |sparsemux_7_2_8_1_1  |        0|   0|  0|    9|    0|
    |sparsemux_7_2_8_1_1_U7646  |sparsemux_7_2_8_1_1  |        0|   0|  0|    9|    0|
    |sparsemux_7_2_8_1_1_U7647  |sparsemux_7_2_8_1_1  |        0|   0|  0|    9|    0|
    |sparsemux_7_2_8_1_1_U7648  |sparsemux_7_2_8_1_1  |        0|   0|  0|    9|    0|
    |sparsemux_7_2_8_1_1_U7649  |sparsemux_7_2_8_1_1  |        0|   0|  0|    9|    0|
    |sparsemux_7_2_8_1_1_U7650  |sparsemux_7_2_8_1_1  |        0|   0|  0|    9|    0|
    |sparsemux_7_2_8_1_1_U7651  |sparsemux_7_2_8_1_1  |        0|   0|  0|    9|    0|
    |sparsemux_7_2_8_1_1_U7652  |sparsemux_7_2_8_1_1  |        0|   0|  0|    9|    0|
    |sparsemux_7_2_8_1_1_U7653  |sparsemux_7_2_8_1_1  |        0|   0|  0|    9|    0|
    |sparsemux_7_2_8_1_1_U7654  |sparsemux_7_2_8_1_1  |        0|   0|  0|    9|    0|
    |sparsemux_7_2_8_1_1_U7655  |sparsemux_7_2_8_1_1  |        0|   0|  0|    9|    0|
    |sparsemux_7_2_8_1_1_U7656  |sparsemux_7_2_8_1_1  |        0|   0|  0|    9|    0|
    |sparsemux_7_2_8_1_1_U7657  |sparsemux_7_2_8_1_1  |        0|   0|  0|    9|    0|
    |sparsemux_7_2_8_1_1_U7658  |sparsemux_7_2_8_1_1  |        0|   0|  0|    9|    0|
    |sparsemux_7_2_8_1_1_U7659  |sparsemux_7_2_8_1_1  |        0|   0|  0|    9|    0|
    |sparsemux_7_2_8_1_1_U7660  |sparsemux_7_2_8_1_1  |        0|   0|  0|    9|    0|
    |sparsemux_7_2_8_1_1_U7661  |sparsemux_7_2_8_1_1  |        0|   0|  0|    9|    0|
    |sparsemux_7_2_8_1_1_U7662  |sparsemux_7_2_8_1_1  |        0|   0|  0|    9|    0|
    |sparsemux_7_2_8_1_1_U7663  |sparsemux_7_2_8_1_1  |        0|   0|  0|    9|    0|
    |sparsemux_7_2_8_1_1_U7664  |sparsemux_7_2_8_1_1  |        0|   0|  0|    9|    0|
    |sparsemux_7_2_8_1_1_U7665  |sparsemux_7_2_8_1_1  |        0|   0|  0|    9|    0|
    |sparsemux_7_2_8_1_1_U7666  |sparsemux_7_2_8_1_1  |        0|   0|  0|    9|    0|
    |sparsemux_7_2_8_1_1_U7667  |sparsemux_7_2_8_1_1  |        0|   0|  0|    9|    0|
    |sparsemux_7_2_8_1_1_U7668  |sparsemux_7_2_8_1_1  |        0|   0|  0|    9|    0|
    |sparsemux_7_2_8_1_1_U7669  |sparsemux_7_2_8_1_1  |        0|   0|  0|    9|    0|
    |sparsemux_7_2_8_1_1_U7670  |sparsemux_7_2_8_1_1  |        0|   0|  0|    9|    0|
    |sparsemux_7_2_8_1_1_U7671  |sparsemux_7_2_8_1_1  |        0|   0|  0|    9|    0|
    |sparsemux_7_2_8_1_1_U7672  |sparsemux_7_2_8_1_1  |        0|   0|  0|    9|    0|
    |sparsemux_7_2_8_1_1_U7673  |sparsemux_7_2_8_1_1  |        0|   0|  0|    9|    0|
    |sparsemux_7_2_8_1_1_U7674  |sparsemux_7_2_8_1_1  |        0|   0|  0|    9|    0|
    |sparsemux_7_2_8_1_1_U7675  |sparsemux_7_2_8_1_1  |        0|   0|  0|    9|    0|
    |sparsemux_7_2_8_1_1_U7676  |sparsemux_7_2_8_1_1  |        0|   0|  0|    9|    0|
    |sparsemux_7_2_8_1_1_U7677  |sparsemux_7_2_8_1_1  |        0|   0|  0|    9|    0|
    |sparsemux_7_2_8_1_1_U7678  |sparsemux_7_2_8_1_1  |        0|   0|  0|    9|    0|
    |sparsemux_7_2_8_1_1_U7679  |sparsemux_7_2_8_1_1  |        0|   0|  0|    9|    0|
    |sparsemux_7_2_8_1_1_U7680  |sparsemux_7_2_8_1_1  |        0|   0|  0|    9|    0|
    |sparsemux_7_2_8_1_1_U7681  |sparsemux_7_2_8_1_1  |        0|   0|  0|    9|    0|
    |sparsemux_7_2_8_1_1_U7682  |sparsemux_7_2_8_1_1  |        0|   0|  0|    9|    0|
    |sparsemux_7_2_8_1_1_U7683  |sparsemux_7_2_8_1_1  |        0|   0|  0|    9|    0|
    |sparsemux_7_2_8_1_1_U7684  |sparsemux_7_2_8_1_1  |        0|   0|  0|    9|    0|
    |sparsemux_7_2_8_1_1_U7685  |sparsemux_7_2_8_1_1  |        0|   0|  0|    9|    0|
    |sparsemux_7_2_8_1_1_U7686  |sparsemux_7_2_8_1_1  |        0|   0|  0|    9|    0|
    |sparsemux_7_2_8_1_1_U7687  |sparsemux_7_2_8_1_1  |        0|   0|  0|    9|    0|
    |sparsemux_7_2_8_1_1_U7688  |sparsemux_7_2_8_1_1  |        0|   0|  0|    9|    0|
    |sparsemux_7_2_8_1_1_U7689  |sparsemux_7_2_8_1_1  |        0|   0|  0|    9|    0|
    |sparsemux_7_2_8_1_1_U7690  |sparsemux_7_2_8_1_1  |        0|   0|  0|    9|    0|
    |sparsemux_7_2_8_1_1_U7691  |sparsemux_7_2_8_1_1  |        0|   0|  0|    9|    0|
    |sparsemux_7_2_8_1_1_U7692  |sparsemux_7_2_8_1_1  |        0|   0|  0|    9|    0|
    |sparsemux_7_2_8_1_1_U7693  |sparsemux_7_2_8_1_1  |        0|   0|  0|    9|    0|
    |sparsemux_7_2_8_1_1_U7694  |sparsemux_7_2_8_1_1  |        0|   0|  0|    9|    0|
    |sparsemux_7_2_8_1_1_U7695  |sparsemux_7_2_8_1_1  |        0|   0|  0|    9|    0|
    |sparsemux_7_2_8_1_1_U7696  |sparsemux_7_2_8_1_1  |        0|   0|  0|    9|    0|
    |sparsemux_7_2_8_1_1_U7697  |sparsemux_7_2_8_1_1  |        0|   0|  0|    9|    0|
    |sparsemux_7_2_8_1_1_U7698  |sparsemux_7_2_8_1_1  |        0|   0|  0|    9|    0|
    |sparsemux_7_2_8_1_1_U7699  |sparsemux_7_2_8_1_1  |        0|   0|  0|    9|    0|
    |sparsemux_7_2_8_1_1_U7700  |sparsemux_7_2_8_1_1  |        0|   0|  0|    9|    0|
    |sparsemux_7_2_8_1_1_U7701  |sparsemux_7_2_8_1_1  |        0|   0|  0|    9|    0|
    |sparsemux_7_2_8_1_1_U7702  |sparsemux_7_2_8_1_1  |        0|   0|  0|    9|    0|
    |sparsemux_7_2_8_1_1_U7703  |sparsemux_7_2_8_1_1  |        0|   0|  0|    9|    0|
    |sparsemux_7_2_8_1_1_U7704  |sparsemux_7_2_8_1_1  |        0|   0|  0|    9|    0|
    |sparsemux_7_2_8_1_1_U7705  |sparsemux_7_2_8_1_1  |        0|   0|  0|    9|    0|
    |sparsemux_7_2_8_1_1_U7706  |sparsemux_7_2_8_1_1  |        0|   0|  0|    9|    0|
    |sparsemux_7_2_8_1_1_U7707  |sparsemux_7_2_8_1_1  |        0|   0|  0|    9|    0|
    |sparsemux_7_2_8_1_1_U7708  |sparsemux_7_2_8_1_1  |        0|   0|  0|    9|    0|
    |sparsemux_7_2_8_1_1_U7709  |sparsemux_7_2_8_1_1  |        0|   0|  0|    9|    0|
    |sparsemux_7_2_8_1_1_U7710  |sparsemux_7_2_8_1_1  |        0|   0|  0|    9|    0|
    |sparsemux_7_2_8_1_1_U7711  |sparsemux_7_2_8_1_1  |        0|   0|  0|    9|    0|
    |sparsemux_7_2_8_1_1_U7712  |sparsemux_7_2_8_1_1  |        0|   0|  0|    9|    0|
    |sparsemux_7_2_8_1_1_U7713  |sparsemux_7_2_8_1_1  |        0|   0|  0|    9|    0|
    |sparsemux_7_2_8_1_1_U7714  |sparsemux_7_2_8_1_1  |        0|   0|  0|    9|    0|
    |sparsemux_7_2_8_1_1_U7715  |sparsemux_7_2_8_1_1  |        0|   0|  0|    9|    0|
    |sparsemux_7_2_8_1_1_U7716  |sparsemux_7_2_8_1_1  |        0|   0|  0|    9|    0|
    |sparsemux_7_2_8_1_1_U7717  |sparsemux_7_2_8_1_1  |        0|   0|  0|    9|    0|
    |sparsemux_7_2_8_1_1_U7718  |sparsemux_7_2_8_1_1  |        0|   0|  0|    9|    0|
    |sparsemux_7_2_8_1_1_U7719  |sparsemux_7_2_8_1_1  |        0|   0|  0|    9|    0|
    |sparsemux_7_2_8_1_1_U7720  |sparsemux_7_2_8_1_1  |        0|   0|  0|    9|    0|
    |sparsemux_7_2_8_1_1_U7721  |sparsemux_7_2_8_1_1  |        0|   0|  0|    9|    0|
    |sparsemux_7_2_8_1_1_U7722  |sparsemux_7_2_8_1_1  |        0|   0|  0|    9|    0|
    |sparsemux_7_2_8_1_1_U7723  |sparsemux_7_2_8_1_1  |        0|   0|  0|    9|    0|
    |sparsemux_7_2_8_1_1_U7724  |sparsemux_7_2_8_1_1  |        0|   0|  0|    9|    0|
    |sparsemux_7_2_8_1_1_U7725  |sparsemux_7_2_8_1_1  |        0|   0|  0|    9|    0|
    |sparsemux_7_2_8_1_1_U7726  |sparsemux_7_2_8_1_1  |        0|   0|  0|    9|    0|
    |sparsemux_7_2_8_1_1_U7727  |sparsemux_7_2_8_1_1  |        0|   0|  0|    9|    0|
    |sparsemux_7_2_8_1_1_U7728  |sparsemux_7_2_8_1_1  |        0|   0|  0|    9|    0|
    |sparsemux_7_2_8_1_1_U7729  |sparsemux_7_2_8_1_1  |        0|   0|  0|    9|    0|
    |sparsemux_7_2_8_1_1_U7730  |sparsemux_7_2_8_1_1  |        0|   0|  0|    9|    0|
    |sparsemux_7_2_8_1_1_U7731  |sparsemux_7_2_8_1_1  |        0|   0|  0|    9|    0|
    |sparsemux_7_2_8_1_1_U7732  |sparsemux_7_2_8_1_1  |        0|   0|  0|    9|    0|
    |sparsemux_7_2_8_1_1_U7733  |sparsemux_7_2_8_1_1  |        0|   0|  0|    9|    0|
    |sparsemux_7_2_8_1_1_U7734  |sparsemux_7_2_8_1_1  |        0|   0|  0|    9|    0|
    |sparsemux_7_2_8_1_1_U7735  |sparsemux_7_2_8_1_1  |        0|   0|  0|    9|    0|
    |sparsemux_7_2_8_1_1_U7736  |sparsemux_7_2_8_1_1  |        0|   0|  0|    9|    0|
    |sparsemux_7_2_8_1_1_U7737  |sparsemux_7_2_8_1_1  |        0|   0|  0|    9|    0|
    |sparsemux_7_2_8_1_1_U7738  |sparsemux_7_2_8_1_1  |        0|   0|  0|    9|    0|
    |sparsemux_7_2_8_1_1_U7739  |sparsemux_7_2_8_1_1  |        0|   0|  0|    9|    0|
    |sparsemux_7_2_8_1_1_U7740  |sparsemux_7_2_8_1_1  |        0|   0|  0|    9|    0|
    |sparsemux_7_2_8_1_1_U7741  |sparsemux_7_2_8_1_1  |        0|   0|  0|    9|    0|
    |sparsemux_7_2_8_1_1_U7742  |sparsemux_7_2_8_1_1  |        0|   0|  0|    9|    0|
    |sparsemux_7_2_8_1_1_U7743  |sparsemux_7_2_8_1_1  |        0|   0|  0|    9|    0|
    |sparsemux_7_2_8_1_1_U7744  |sparsemux_7_2_8_1_1  |        0|   0|  0|    9|    0|
    |sparsemux_7_2_8_1_1_U7745  |sparsemux_7_2_8_1_1  |        0|   0|  0|    9|    0|
    |sparsemux_7_2_8_1_1_U7746  |sparsemux_7_2_8_1_1  |        0|   0|  0|    9|    0|
    |sparsemux_7_2_8_1_1_U7747  |sparsemux_7_2_8_1_1  |        0|   0|  0|    9|    0|
    |sparsemux_7_2_8_1_1_U7748  |sparsemux_7_2_8_1_1  |        0|   0|  0|    9|    0|
    |sparsemux_7_2_8_1_1_U7749  |sparsemux_7_2_8_1_1  |        0|   0|  0|    9|    0|
    |sparsemux_7_2_8_1_1_U7750  |sparsemux_7_2_8_1_1  |        0|   0|  0|    9|    0|
    |sparsemux_7_2_8_1_1_U7751  |sparsemux_7_2_8_1_1  |        0|   0|  0|    9|    0|
    |sparsemux_7_2_8_1_1_U7752  |sparsemux_7_2_8_1_1  |        0|   0|  0|    9|    0|
    |sparsemux_7_2_8_1_1_U7753  |sparsemux_7_2_8_1_1  |        0|   0|  0|    9|    0|
    |sparsemux_7_2_8_1_1_U7754  |sparsemux_7_2_8_1_1  |        0|   0|  0|    9|    0|
    |sparsemux_7_2_8_1_1_U7755  |sparsemux_7_2_8_1_1  |        0|   0|  0|    9|    0|
    |sparsemux_7_2_8_1_1_U7756  |sparsemux_7_2_8_1_1  |        0|   0|  0|    9|    0|
    |sparsemux_7_2_8_1_1_U7757  |sparsemux_7_2_8_1_1  |        0|   0|  0|    9|    0|
    |sparsemux_7_2_8_1_1_U7758  |sparsemux_7_2_8_1_1  |        0|   0|  0|    9|    0|
    |sparsemux_7_2_8_1_1_U7759  |sparsemux_7_2_8_1_1  |        0|   0|  0|    9|    0|
    |sparsemux_7_2_8_1_1_U7760  |sparsemux_7_2_8_1_1  |        0|   0|  0|    9|    0|
    |sparsemux_7_2_8_1_1_U7761  |sparsemux_7_2_8_1_1  |        0|   0|  0|    9|    0|
    |sparsemux_7_2_8_1_1_U7762  |sparsemux_7_2_8_1_1  |        0|   0|  0|    9|    0|
    |sparsemux_7_2_8_1_1_U7763  |sparsemux_7_2_8_1_1  |        0|   0|  0|    9|    0|
    |sparsemux_7_2_8_1_1_U7764  |sparsemux_7_2_8_1_1  |        0|   0|  0|    9|    0|
    |sparsemux_7_2_8_1_1_U7765  |sparsemux_7_2_8_1_1  |        0|   0|  0|    9|    0|
    |sparsemux_7_2_8_1_1_U7766  |sparsemux_7_2_8_1_1  |        0|   0|  0|    9|    0|
    |sparsemux_7_2_8_1_1_U7767  |sparsemux_7_2_8_1_1  |        0|   0|  0|    9|    0|
    |sparsemux_7_2_8_1_1_U7768  |sparsemux_7_2_8_1_1  |        0|   0|  0|    9|    0|
    |sparsemux_7_2_8_1_1_U7769  |sparsemux_7_2_8_1_1  |        0|   0|  0|    9|    0|
    |sparsemux_7_2_8_1_1_U7770  |sparsemux_7_2_8_1_1  |        0|   0|  0|    9|    0|
    |sparsemux_7_2_8_1_1_U7771  |sparsemux_7_2_8_1_1  |        0|   0|  0|    9|    0|
    |sparsemux_7_2_8_1_1_U7772  |sparsemux_7_2_8_1_1  |        0|   0|  0|    9|    0|
    |sparsemux_7_2_8_1_1_U7773  |sparsemux_7_2_8_1_1  |        0|   0|  0|    9|    0|
    |sparsemux_7_2_8_1_1_U7774  |sparsemux_7_2_8_1_1  |        0|   0|  0|    9|    0|
    |sparsemux_7_2_8_1_1_U7775  |sparsemux_7_2_8_1_1  |        0|   0|  0|    9|    0|
    |sparsemux_7_2_8_1_1_U7776  |sparsemux_7_2_8_1_1  |        0|   0|  0|    9|    0|
    |sparsemux_7_2_8_1_1_U7777  |sparsemux_7_2_8_1_1  |        0|   0|  0|    9|    0|
    |sparsemux_7_2_8_1_1_U7778  |sparsemux_7_2_8_1_1  |        0|   0|  0|    9|    0|
    |sparsemux_7_2_8_1_1_U7779  |sparsemux_7_2_8_1_1  |        0|   0|  0|    9|    0|
    |sparsemux_7_2_8_1_1_U7780  |sparsemux_7_2_8_1_1  |        0|   0|  0|    9|    0|
    |sparsemux_7_2_8_1_1_U7781  |sparsemux_7_2_8_1_1  |        0|   0|  0|    9|    0|
    |sparsemux_7_2_8_1_1_U7782  |sparsemux_7_2_8_1_1  |        0|   0|  0|    9|    0|
    |sparsemux_7_2_8_1_1_U7783  |sparsemux_7_2_8_1_1  |        0|   0|  0|    9|    0|
    |sparsemux_7_2_8_1_1_U7784  |sparsemux_7_2_8_1_1  |        0|   0|  0|    9|    0|
    |sparsemux_7_2_8_1_1_U7785  |sparsemux_7_2_8_1_1  |        0|   0|  0|    9|    0|
    |sparsemux_7_2_8_1_1_U7786  |sparsemux_7_2_8_1_1  |        0|   0|  0|    9|    0|
    |sparsemux_7_2_8_1_1_U7787  |sparsemux_7_2_8_1_1  |        0|   0|  0|    9|    0|
    |sparsemux_7_2_8_1_1_U7788  |sparsemux_7_2_8_1_1  |        0|   0|  0|    9|    0|
    |sparsemux_7_2_8_1_1_U7789  |sparsemux_7_2_8_1_1  |        0|   0|  0|    9|    0|
    |sparsemux_7_2_8_1_1_U7790  |sparsemux_7_2_8_1_1  |        0|   0|  0|    9|    0|
    |sparsemux_7_2_8_1_1_U7791  |sparsemux_7_2_8_1_1  |        0|   0|  0|    9|    0|
    |sparsemux_7_2_8_1_1_U7792  |sparsemux_7_2_8_1_1  |        0|   0|  0|    9|    0|
    |sparsemux_7_2_8_1_1_U7793  |sparsemux_7_2_8_1_1  |        0|   0|  0|    9|    0|
    |sparsemux_7_2_8_1_1_U7794  |sparsemux_7_2_8_1_1  |        0|   0|  0|    9|    0|
    |sparsemux_7_2_8_1_1_U7795  |sparsemux_7_2_8_1_1  |        0|   0|  0|    9|    0|
    |sparsemux_7_2_8_1_1_U7796  |sparsemux_7_2_8_1_1  |        0|   0|  0|    9|    0|
    |sparsemux_7_2_8_1_1_U7797  |sparsemux_7_2_8_1_1  |        0|   0|  0|    9|    0|
    |sparsemux_7_2_8_1_1_U7798  |sparsemux_7_2_8_1_1  |        0|   0|  0|    9|    0|
    |sparsemux_7_2_8_1_1_U7799  |sparsemux_7_2_8_1_1  |        0|   0|  0|    9|    0|
    |sparsemux_7_2_8_1_1_U7800  |sparsemux_7_2_8_1_1  |        0|   0|  0|    9|    0|
    |sparsemux_7_2_8_1_1_U7801  |sparsemux_7_2_8_1_1  |        0|   0|  0|    9|    0|
    |sparsemux_7_2_8_1_1_U7802  |sparsemux_7_2_8_1_1  |        0|   0|  0|    9|    0|
    |sparsemux_7_2_8_1_1_U7803  |sparsemux_7_2_8_1_1  |        0|   0|  0|    9|    0|
    |sparsemux_7_2_8_1_1_U7804  |sparsemux_7_2_8_1_1  |        0|   0|  0|    9|    0|
    |sparsemux_7_2_8_1_1_U7805  |sparsemux_7_2_8_1_1  |        0|   0|  0|    9|    0|
    |sparsemux_7_2_8_1_1_U7806  |sparsemux_7_2_8_1_1  |        0|   0|  0|    9|    0|
    |sparsemux_7_2_8_1_1_U7807  |sparsemux_7_2_8_1_1  |        0|   0|  0|    9|    0|
    |sparsemux_7_2_8_1_1_U7808  |sparsemux_7_2_8_1_1  |        0|   0|  0|    9|    0|
    |sparsemux_7_2_8_1_1_U7809  |sparsemux_7_2_8_1_1  |        0|   0|  0|    9|    0|
    |sparsemux_7_2_8_1_1_U7810  |sparsemux_7_2_8_1_1  |        0|   0|  0|    9|    0|
    |sparsemux_7_2_8_1_1_U7811  |sparsemux_7_2_8_1_1  |        0|   0|  0|    9|    0|
    |sparsemux_7_2_8_1_1_U7812  |sparsemux_7_2_8_1_1  |        0|   0|  0|    9|    0|
    |sparsemux_7_2_8_1_1_U7813  |sparsemux_7_2_8_1_1  |        0|   0|  0|    9|    0|
    |sparsemux_7_2_8_1_1_U7814  |sparsemux_7_2_8_1_1  |        0|   0|  0|    9|    0|
    |sparsemux_7_2_8_1_1_U7815  |sparsemux_7_2_8_1_1  |        0|   0|  0|    9|    0|
    |sparsemux_7_2_8_1_1_U7816  |sparsemux_7_2_8_1_1  |        0|   0|  0|    9|    0|
    |sparsemux_7_2_8_1_1_U7817  |sparsemux_7_2_8_1_1  |        0|   0|  0|    9|    0|
    |sparsemux_7_2_8_1_1_U7818  |sparsemux_7_2_8_1_1  |        0|   0|  0|    9|    0|
    |sparsemux_7_2_8_1_1_U7819  |sparsemux_7_2_8_1_1  |        0|   0|  0|    9|    0|
    |sparsemux_7_2_8_1_1_U7820  |sparsemux_7_2_8_1_1  |        0|   0|  0|    9|    0|
    |sparsemux_7_2_8_1_1_U7821  |sparsemux_7_2_8_1_1  |        0|   0|  0|    9|    0|
    |sparsemux_7_2_8_1_1_U7822  |sparsemux_7_2_8_1_1  |        0|   0|  0|    9|    0|
    |sparsemux_7_2_8_1_1_U7823  |sparsemux_7_2_8_1_1  |        0|   0|  0|    9|    0|
    |sparsemux_7_2_8_1_1_U7824  |sparsemux_7_2_8_1_1  |        0|   0|  0|    9|    0|
    |sparsemux_7_2_8_1_1_U7825  |sparsemux_7_2_8_1_1  |        0|   0|  0|    9|    0|
    |sparsemux_7_2_8_1_1_U7826  |sparsemux_7_2_8_1_1  |        0|   0|  0|    9|    0|
    |sparsemux_7_2_8_1_1_U7827  |sparsemux_7_2_8_1_1  |        0|   0|  0|    9|    0|
    |sparsemux_7_2_8_1_1_U7828  |sparsemux_7_2_8_1_1  |        0|   0|  0|    9|    0|
    |sparsemux_7_2_8_1_1_U7829  |sparsemux_7_2_8_1_1  |        0|   0|  0|    9|    0|
    |sparsemux_7_2_8_1_1_U7830  |sparsemux_7_2_8_1_1  |        0|   0|  0|    9|    0|
    |sparsemux_7_2_8_1_1_U7831  |sparsemux_7_2_8_1_1  |        0|   0|  0|    9|    0|
    |sparsemux_7_2_8_1_1_U7832  |sparsemux_7_2_8_1_1  |        0|   0|  0|    9|    0|
    |sparsemux_7_2_8_1_1_U7833  |sparsemux_7_2_8_1_1  |        0|   0|  0|    9|    0|
    |sparsemux_7_2_8_1_1_U7834  |sparsemux_7_2_8_1_1  |        0|   0|  0|    9|    0|
    |sparsemux_7_2_8_1_1_U7835  |sparsemux_7_2_8_1_1  |        0|   0|  0|    9|    0|
    |sparsemux_7_2_8_1_1_U7836  |sparsemux_7_2_8_1_1  |        0|   0|  0|    9|    0|
    |sparsemux_7_2_8_1_1_U7837  |sparsemux_7_2_8_1_1  |        0|   0|  0|    9|    0|
    |sparsemux_7_2_8_1_1_U7838  |sparsemux_7_2_8_1_1  |        0|   0|  0|    9|    0|
    |sparsemux_7_2_8_1_1_U7839  |sparsemux_7_2_8_1_1  |        0|   0|  0|    9|    0|
    |sparsemux_7_2_8_1_1_U7840  |sparsemux_7_2_8_1_1  |        0|   0|  0|    9|    0|
    |sparsemux_7_2_8_1_1_U7841  |sparsemux_7_2_8_1_1  |        0|   0|  0|    9|    0|
    |sparsemux_7_2_8_1_1_U7842  |sparsemux_7_2_8_1_1  |        0|   0|  0|    9|    0|
    |sparsemux_7_2_8_1_1_U7843  |sparsemux_7_2_8_1_1  |        0|   0|  0|    9|    0|
    |sparsemux_7_2_8_1_1_U7844  |sparsemux_7_2_8_1_1  |        0|   0|  0|    9|    0|
    |sparsemux_7_2_8_1_1_U7845  |sparsemux_7_2_8_1_1  |        0|   0|  0|    9|    0|
    |sparsemux_7_2_8_1_1_U7846  |sparsemux_7_2_8_1_1  |        0|   0|  0|    9|    0|
    |sparsemux_7_2_8_1_1_U7847  |sparsemux_7_2_8_1_1  |        0|   0|  0|    9|    0|
    |sparsemux_7_2_8_1_1_U7848  |sparsemux_7_2_8_1_1  |        0|   0|  0|    9|    0|
    |sparsemux_7_2_8_1_1_U7849  |sparsemux_7_2_8_1_1  |        0|   0|  0|    9|    0|
    |sparsemux_7_2_8_1_1_U7850  |sparsemux_7_2_8_1_1  |        0|   0|  0|    9|    0|
    |sparsemux_7_2_8_1_1_U7851  |sparsemux_7_2_8_1_1  |        0|   0|  0|    9|    0|
    |sparsemux_7_2_8_1_1_U7852  |sparsemux_7_2_8_1_1  |        0|   0|  0|    9|    0|
    |sparsemux_7_2_8_1_1_U7853  |sparsemux_7_2_8_1_1  |        0|   0|  0|    9|    0|
    |sparsemux_7_2_8_1_1_U7854  |sparsemux_7_2_8_1_1  |        0|   0|  0|    9|    0|
    |sparsemux_7_2_8_1_1_U7855  |sparsemux_7_2_8_1_1  |        0|   0|  0|    9|    0|
    |sparsemux_7_2_8_1_1_U7856  |sparsemux_7_2_8_1_1  |        0|   0|  0|    9|    0|
    |sparsemux_7_2_8_1_1_U7857  |sparsemux_7_2_8_1_1  |        0|   0|  0|    9|    0|
    |sparsemux_7_2_8_1_1_U7858  |sparsemux_7_2_8_1_1  |        0|   0|  0|    9|    0|
    |sparsemux_7_2_8_1_1_U7859  |sparsemux_7_2_8_1_1  |        0|   0|  0|    9|    0|
    |sparsemux_7_2_8_1_1_U7860  |sparsemux_7_2_8_1_1  |        0|   0|  0|    9|    0|
    |sparsemux_7_2_8_1_1_U7861  |sparsemux_7_2_8_1_1  |        0|   0|  0|    9|    0|
    |sparsemux_7_2_8_1_1_U7862  |sparsemux_7_2_8_1_1  |        0|   0|  0|    9|    0|
    |sparsemux_7_2_8_1_1_U7863  |sparsemux_7_2_8_1_1  |        0|   0|  0|    9|    0|
    |sparsemux_7_2_8_1_1_U7864  |sparsemux_7_2_8_1_1  |        0|   0|  0|    9|    0|
    |sparsemux_7_2_8_1_1_U7865  |sparsemux_7_2_8_1_1  |        0|   0|  0|    9|    0|
    |sparsemux_7_2_8_1_1_U7866  |sparsemux_7_2_8_1_1  |        0|   0|  0|    9|    0|
    |sparsemux_7_2_8_1_1_U7867  |sparsemux_7_2_8_1_1  |        0|   0|  0|    9|    0|
    |sparsemux_7_2_8_1_1_U7868  |sparsemux_7_2_8_1_1  |        0|   0|  0|    9|    0|
    |sparsemux_7_2_8_1_1_U7869  |sparsemux_7_2_8_1_1  |        0|   0|  0|    9|    0|
    |sparsemux_7_2_8_1_1_U7870  |sparsemux_7_2_8_1_1  |        0|   0|  0|    9|    0|
    |sparsemux_7_2_8_1_1_U7871  |sparsemux_7_2_8_1_1  |        0|   0|  0|    9|    0|
    |sparsemux_7_2_8_1_1_U7872  |sparsemux_7_2_8_1_1  |        0|   0|  0|    9|    0|
    |sparsemux_7_2_8_1_1_U7873  |sparsemux_7_2_8_1_1  |        0|   0|  0|    9|    0|
    |sparsemux_7_2_8_1_1_U7874  |sparsemux_7_2_8_1_1  |        0|   0|  0|    9|    0|
    |sparsemux_7_2_8_1_1_U7875  |sparsemux_7_2_8_1_1  |        0|   0|  0|    9|    0|
    |sparsemux_7_2_8_1_1_U7876  |sparsemux_7_2_8_1_1  |        0|   0|  0|    9|    0|
    |sparsemux_7_2_8_1_1_U7877  |sparsemux_7_2_8_1_1  |        0|   0|  0|    9|    0|
    |sparsemux_7_2_8_1_1_U7878  |sparsemux_7_2_8_1_1  |        0|   0|  0|    9|    0|
    |sparsemux_7_2_8_1_1_U7879  |sparsemux_7_2_8_1_1  |        0|   0|  0|    9|    0|
    |sparsemux_7_2_8_1_1_U7880  |sparsemux_7_2_8_1_1  |        0|   0|  0|    9|    0|
    |sparsemux_7_2_8_1_1_U7881  |sparsemux_7_2_8_1_1  |        0|   0|  0|    9|    0|
    |sparsemux_7_2_8_1_1_U7882  |sparsemux_7_2_8_1_1  |        0|   0|  0|    9|    0|
    |sparsemux_7_2_8_1_1_U7883  |sparsemux_7_2_8_1_1  |        0|   0|  0|    9|    0|
    |sparsemux_7_2_8_1_1_U7884  |sparsemux_7_2_8_1_1  |        0|   0|  0|    9|    0|
    |sparsemux_7_2_8_1_1_U7885  |sparsemux_7_2_8_1_1  |        0|   0|  0|    9|    0|
    |sparsemux_7_2_8_1_1_U7886  |sparsemux_7_2_8_1_1  |        0|   0|  0|    9|    0|
    |sparsemux_7_2_8_1_1_U7887  |sparsemux_7_2_8_1_1  |        0|   0|  0|    9|    0|
    |sparsemux_7_2_8_1_1_U7888  |sparsemux_7_2_8_1_1  |        0|   0|  0|    9|    0|
    |sparsemux_7_2_8_1_1_U7889  |sparsemux_7_2_8_1_1  |        0|   0|  0|    9|    0|
    |sparsemux_7_2_8_1_1_U7890  |sparsemux_7_2_8_1_1  |        0|   0|  0|    9|    0|
    |sparsemux_7_2_8_1_1_U7891  |sparsemux_7_2_8_1_1  |        0|   0|  0|    9|    0|
    |sparsemux_7_2_8_1_1_U7892  |sparsemux_7_2_8_1_1  |        0|   0|  0|    9|    0|
    |sparsemux_7_2_8_1_1_U7893  |sparsemux_7_2_8_1_1  |        0|   0|  0|    9|    0|
    |sparsemux_7_2_8_1_1_U7894  |sparsemux_7_2_8_1_1  |        0|   0|  0|    9|    0|
    |sparsemux_7_2_8_1_1_U7895  |sparsemux_7_2_8_1_1  |        0|   0|  0|    9|    0|
    |sparsemux_7_2_8_1_1_U7896  |sparsemux_7_2_8_1_1  |        0|   0|  0|    9|    0|
    |sparsemux_7_2_8_1_1_U7897  |sparsemux_7_2_8_1_1  |        0|   0|  0|    9|    0|
    |sparsemux_7_2_8_1_1_U7898  |sparsemux_7_2_8_1_1  |        0|   0|  0|    9|    0|
    |sparsemux_7_2_8_1_1_U7899  |sparsemux_7_2_8_1_1  |        0|   0|  0|    9|    0|
    |sparsemux_7_2_8_1_1_U7900  |sparsemux_7_2_8_1_1  |        0|   0|  0|    9|    0|
    |sparsemux_7_2_8_1_1_U7901  |sparsemux_7_2_8_1_1  |        0|   0|  0|    9|    0|
    |sparsemux_7_2_8_1_1_U7902  |sparsemux_7_2_8_1_1  |        0|   0|  0|    9|    0|
    |sparsemux_7_2_8_1_1_U7903  |sparsemux_7_2_8_1_1  |        0|   0|  0|    9|    0|
    |sparsemux_7_2_8_1_1_U7904  |sparsemux_7_2_8_1_1  |        0|   0|  0|    9|    0|
    |sparsemux_7_2_8_1_1_U7905  |sparsemux_7_2_8_1_1  |        0|   0|  0|    9|    0|
    |sparsemux_7_2_8_1_1_U7906  |sparsemux_7_2_8_1_1  |        0|   0|  0|    9|    0|
    |sparsemux_7_2_8_1_1_U7907  |sparsemux_7_2_8_1_1  |        0|   0|  0|    9|    0|
    |sparsemux_7_2_8_1_1_U7908  |sparsemux_7_2_8_1_1  |        0|   0|  0|    9|    0|
    |sparsemux_7_2_8_1_1_U7909  |sparsemux_7_2_8_1_1  |        0|   0|  0|    9|    0|
    |sparsemux_7_2_8_1_1_U7910  |sparsemux_7_2_8_1_1  |        0|   0|  0|    9|    0|
    |sparsemux_7_2_8_1_1_U7911  |sparsemux_7_2_8_1_1  |        0|   0|  0|    9|    0|
    |sparsemux_7_2_8_1_1_U7912  |sparsemux_7_2_8_1_1  |        0|   0|  0|    9|    0|
    |sparsemux_7_2_8_1_1_U7913  |sparsemux_7_2_8_1_1  |        0|   0|  0|    9|    0|
    |sparsemux_7_2_8_1_1_U7914  |sparsemux_7_2_8_1_1  |        0|   0|  0|    9|    0|
    |sparsemux_7_2_8_1_1_U7915  |sparsemux_7_2_8_1_1  |        0|   0|  0|    9|    0|
    |sparsemux_7_2_8_1_1_U7916  |sparsemux_7_2_8_1_1  |        0|   0|  0|    9|    0|
    |sparsemux_7_2_8_1_1_U7917  |sparsemux_7_2_8_1_1  |        0|   0|  0|    9|    0|
    |sparsemux_7_2_8_1_1_U7918  |sparsemux_7_2_8_1_1  |        0|   0|  0|    9|    0|
    |sparsemux_7_2_8_1_1_U7919  |sparsemux_7_2_8_1_1  |        0|   0|  0|    9|    0|
    |sparsemux_7_2_8_1_1_U7920  |sparsemux_7_2_8_1_1  |        0|   0|  0|    9|    0|
    |sparsemux_7_2_8_1_1_U7921  |sparsemux_7_2_8_1_1  |        0|   0|  0|    9|    0|
    |sparsemux_7_2_8_1_1_U7922  |sparsemux_7_2_8_1_1  |        0|   0|  0|    9|    0|
    |sparsemux_7_2_8_1_1_U7923  |sparsemux_7_2_8_1_1  |        0|   0|  0|    9|    0|
    |sparsemux_7_2_8_1_1_U7924  |sparsemux_7_2_8_1_1  |        0|   0|  0|    9|    0|
    |sparsemux_7_2_8_1_1_U7925  |sparsemux_7_2_8_1_1  |        0|   0|  0|    9|    0|
    |sparsemux_7_2_8_1_1_U7926  |sparsemux_7_2_8_1_1  |        0|   0|  0|    9|    0|
    |sparsemux_7_2_8_1_1_U7927  |sparsemux_7_2_8_1_1  |        0|   0|  0|    9|    0|
    |sparsemux_7_2_8_1_1_U7928  |sparsemux_7_2_8_1_1  |        0|   0|  0|    9|    0|
    |sparsemux_7_2_8_1_1_U7929  |sparsemux_7_2_8_1_1  |        0|   0|  0|    9|    0|
    |sparsemux_7_2_8_1_1_U7930  |sparsemux_7_2_8_1_1  |        0|   0|  0|    9|    0|
    |sparsemux_7_2_8_1_1_U7931  |sparsemux_7_2_8_1_1  |        0|   0|  0|    9|    0|
    |sparsemux_7_2_8_1_1_U7932  |sparsemux_7_2_8_1_1  |        0|   0|  0|    9|    0|
    |sparsemux_7_2_8_1_1_U7933  |sparsemux_7_2_8_1_1  |        0|   0|  0|    9|    0|
    |sparsemux_7_2_8_1_1_U7934  |sparsemux_7_2_8_1_1  |        0|   0|  0|    9|    0|
    |sparsemux_7_2_8_1_1_U7935  |sparsemux_7_2_8_1_1  |        0|   0|  0|    9|    0|
    |sparsemux_7_2_8_1_1_U7936  |sparsemux_7_2_8_1_1  |        0|   0|  0|    9|    0|
    |sparsemux_7_2_8_1_1_U7937  |sparsemux_7_2_8_1_1  |        0|   0|  0|    9|    0|
    |sparsemux_7_2_8_1_1_U7938  |sparsemux_7_2_8_1_1  |        0|   0|  0|    9|    0|
    |sparsemux_7_2_8_1_1_U7939  |sparsemux_7_2_8_1_1  |        0|   0|  0|    9|    0|
    |sparsemux_7_2_8_1_1_U7940  |sparsemux_7_2_8_1_1  |        0|   0|  0|    9|    0|
    |sparsemux_7_2_8_1_1_U7941  |sparsemux_7_2_8_1_1  |        0|   0|  0|    9|    0|
    |sparsemux_7_2_8_1_1_U7942  |sparsemux_7_2_8_1_1  |        0|   0|  0|    9|    0|
    |sparsemux_7_2_8_1_1_U7943  |sparsemux_7_2_8_1_1  |        0|   0|  0|    9|    0|
    |sparsemux_7_2_8_1_1_U7944  |sparsemux_7_2_8_1_1  |        0|   0|  0|    9|    0|
    |sparsemux_7_2_8_1_1_U7945  |sparsemux_7_2_8_1_1  |        0|   0|  0|    9|    0|
    |sparsemux_7_2_8_1_1_U7946  |sparsemux_7_2_8_1_1  |        0|   0|  0|    9|    0|
    |sparsemux_7_2_8_1_1_U7947  |sparsemux_7_2_8_1_1  |        0|   0|  0|    9|    0|
    |sparsemux_7_2_8_1_1_U7948  |sparsemux_7_2_8_1_1  |        0|   0|  0|    9|    0|
    |sparsemux_7_2_8_1_1_U7949  |sparsemux_7_2_8_1_1  |        0|   0|  0|    9|    0|
    |sparsemux_7_2_8_1_1_U7950  |sparsemux_7_2_8_1_1  |        0|   0|  0|    9|    0|
    |sparsemux_7_2_8_1_1_U7951  |sparsemux_7_2_8_1_1  |        0|   0|  0|    9|    0|
    |sparsemux_7_2_8_1_1_U7952  |sparsemux_7_2_8_1_1  |        0|   0|  0|    9|    0|
    |sparsemux_7_2_8_1_1_U7953  |sparsemux_7_2_8_1_1  |        0|   0|  0|    9|    0|
    |sparsemux_7_2_8_1_1_U7954  |sparsemux_7_2_8_1_1  |        0|   0|  0|    9|    0|
    |sparsemux_7_2_8_1_1_U7955  |sparsemux_7_2_8_1_1  |        0|   0|  0|    9|    0|
    |sparsemux_7_2_8_1_1_U7956  |sparsemux_7_2_8_1_1  |        0|   0|  0|    9|    0|
    |sparsemux_7_2_8_1_1_U7957  |sparsemux_7_2_8_1_1  |        0|   0|  0|    9|    0|
    |sparsemux_7_2_8_1_1_U7958  |sparsemux_7_2_8_1_1  |        0|   0|  0|    9|    0|
    |sparsemux_7_2_8_1_1_U7959  |sparsemux_7_2_8_1_1  |        0|   0|  0|    9|    0|
    |sparsemux_7_2_8_1_1_U7960  |sparsemux_7_2_8_1_1  |        0|   0|  0|    9|    0|
    |sparsemux_7_2_8_1_1_U7961  |sparsemux_7_2_8_1_1  |        0|   0|  0|    9|    0|
    |sparsemux_7_2_8_1_1_U7962  |sparsemux_7_2_8_1_1  |        0|   0|  0|    9|    0|
    |sparsemux_7_2_8_1_1_U7963  |sparsemux_7_2_8_1_1  |        0|   0|  0|    9|    0|
    |sparsemux_7_2_8_1_1_U7964  |sparsemux_7_2_8_1_1  |        0|   0|  0|    9|    0|
    |sparsemux_7_2_8_1_1_U7965  |sparsemux_7_2_8_1_1  |        0|   0|  0|    9|    0|
    |sparsemux_7_2_8_1_1_U7966  |sparsemux_7_2_8_1_1  |        0|   0|  0|    9|    0|
    |sparsemux_7_2_8_1_1_U7967  |sparsemux_7_2_8_1_1  |        0|   0|  0|    9|    0|
    |sparsemux_7_2_8_1_1_U7968  |sparsemux_7_2_8_1_1  |        0|   0|  0|    9|    0|
    |sparsemux_7_2_8_1_1_U7969  |sparsemux_7_2_8_1_1  |        0|   0|  0|    9|    0|
    |sparsemux_7_2_8_1_1_U7970  |sparsemux_7_2_8_1_1  |        0|   0|  0|    9|    0|
    |sparsemux_7_2_8_1_1_U7971  |sparsemux_7_2_8_1_1  |        0|   0|  0|    9|    0|
    |sparsemux_7_2_8_1_1_U7972  |sparsemux_7_2_8_1_1  |        0|   0|  0|    9|    0|
    |sparsemux_7_2_8_1_1_U7973  |sparsemux_7_2_8_1_1  |        0|   0|  0|    9|    0|
    |sparsemux_7_2_8_1_1_U7974  |sparsemux_7_2_8_1_1  |        0|   0|  0|    9|    0|
    |sparsemux_7_2_8_1_1_U7975  |sparsemux_7_2_8_1_1  |        0|   0|  0|    9|    0|
    |sparsemux_7_2_8_1_1_U7976  |sparsemux_7_2_8_1_1  |        0|   0|  0|    9|    0|
    |sparsemux_7_2_8_1_1_U7977  |sparsemux_7_2_8_1_1  |        0|   0|  0|    9|    0|
    |sparsemux_7_2_8_1_1_U7978  |sparsemux_7_2_8_1_1  |        0|   0|  0|    9|    0|
    |sparsemux_7_2_8_1_1_U7979  |sparsemux_7_2_8_1_1  |        0|   0|  0|    9|    0|
    |sparsemux_7_2_8_1_1_U7980  |sparsemux_7_2_8_1_1  |        0|   0|  0|    9|    0|
    |sparsemux_7_2_8_1_1_U7981  |sparsemux_7_2_8_1_1  |        0|   0|  0|    9|    0|
    |sparsemux_7_2_8_1_1_U7982  |sparsemux_7_2_8_1_1  |        0|   0|  0|    9|    0|
    |sparsemux_7_2_8_1_1_U7983  |sparsemux_7_2_8_1_1  |        0|   0|  0|    9|    0|
    |sparsemux_7_2_8_1_1_U7984  |sparsemux_7_2_8_1_1  |        0|   0|  0|    9|    0|
    |sparsemux_7_2_8_1_1_U7985  |sparsemux_7_2_8_1_1  |        0|   0|  0|    9|    0|
    |sparsemux_7_2_8_1_1_U7986  |sparsemux_7_2_8_1_1  |        0|   0|  0|    9|    0|
    |sparsemux_7_2_8_1_1_U7987  |sparsemux_7_2_8_1_1  |        0|   0|  0|    9|    0|
    |sparsemux_7_2_8_1_1_U7988  |sparsemux_7_2_8_1_1  |        0|   0|  0|    9|    0|
    |sparsemux_7_2_8_1_1_U7989  |sparsemux_7_2_8_1_1  |        0|   0|  0|    9|    0|
    |sparsemux_7_2_8_1_1_U7990  |sparsemux_7_2_8_1_1  |        0|   0|  0|    9|    0|
    |sparsemux_7_2_8_1_1_U7991  |sparsemux_7_2_8_1_1  |        0|   0|  0|    9|    0|
    |sparsemux_7_2_8_1_1_U7992  |sparsemux_7_2_8_1_1  |        0|   0|  0|    9|    0|
    |sparsemux_7_2_8_1_1_U7993  |sparsemux_7_2_8_1_1  |        0|   0|  0|    9|    0|
    |sparsemux_7_2_8_1_1_U7994  |sparsemux_7_2_8_1_1  |        0|   0|  0|    9|    0|
    |sparsemux_7_2_8_1_1_U7995  |sparsemux_7_2_8_1_1  |        0|   0|  0|    9|    0|
    |sparsemux_7_2_8_1_1_U7996  |sparsemux_7_2_8_1_1  |        0|   0|  0|    9|    0|
    |sparsemux_7_2_8_1_1_U7997  |sparsemux_7_2_8_1_1  |        0|   0|  0|    9|    0|
    |sparsemux_7_2_8_1_1_U7998  |sparsemux_7_2_8_1_1  |        0|   0|  0|    9|    0|
    |sparsemux_7_2_8_1_1_U7999  |sparsemux_7_2_8_1_1  |        0|   0|  0|    9|    0|
    |sparsemux_7_2_8_1_1_U8000  |sparsemux_7_2_8_1_1  |        0|   0|  0|    9|    0|
    |sparsemux_7_2_8_1_1_U8001  |sparsemux_7_2_8_1_1  |        0|   0|  0|    9|    0|
    |sparsemux_7_2_8_1_1_U8002  |sparsemux_7_2_8_1_1  |        0|   0|  0|    9|    0|
    |sparsemux_7_2_8_1_1_U8003  |sparsemux_7_2_8_1_1  |        0|   0|  0|    9|    0|
    |sparsemux_7_2_8_1_1_U8004  |sparsemux_7_2_8_1_1  |        0|   0|  0|    9|    0|
    |sparsemux_7_2_8_1_1_U8005  |sparsemux_7_2_8_1_1  |        0|   0|  0|    9|    0|
    |sparsemux_7_2_8_1_1_U8006  |sparsemux_7_2_8_1_1  |        0|   0|  0|    9|    0|
    |sparsemux_7_2_8_1_1_U8007  |sparsemux_7_2_8_1_1  |        0|   0|  0|    9|    0|
    |sparsemux_7_2_8_1_1_U8008  |sparsemux_7_2_8_1_1  |        0|   0|  0|    9|    0|
    |sparsemux_7_2_8_1_1_U8009  |sparsemux_7_2_8_1_1  |        0|   0|  0|    9|    0|
    |sparsemux_7_2_8_1_1_U8010  |sparsemux_7_2_8_1_1  |        0|   0|  0|    9|    0|
    |sparsemux_7_2_8_1_1_U8011  |sparsemux_7_2_8_1_1  |        0|   0|  0|    9|    0|
    |sparsemux_7_2_8_1_1_U8012  |sparsemux_7_2_8_1_1  |        0|   0|  0|    9|    0|
    |sparsemux_7_2_8_1_1_U8013  |sparsemux_7_2_8_1_1  |        0|   0|  0|    9|    0|
    |sparsemux_7_2_8_1_1_U8014  |sparsemux_7_2_8_1_1  |        0|   0|  0|    9|    0|
    |sparsemux_7_2_8_1_1_U8015  |sparsemux_7_2_8_1_1  |        0|   0|  0|    9|    0|
    |sparsemux_7_2_8_1_1_U8016  |sparsemux_7_2_8_1_1  |        0|   0|  0|    9|    0|
    |sparsemux_7_2_8_1_1_U8017  |sparsemux_7_2_8_1_1  |        0|   0|  0|    9|    0|
    |sparsemux_7_2_8_1_1_U8018  |sparsemux_7_2_8_1_1  |        0|   0|  0|    9|    0|
    |sparsemux_7_2_8_1_1_U8019  |sparsemux_7_2_8_1_1  |        0|   0|  0|    9|    0|
    |sparsemux_7_2_8_1_1_U8020  |sparsemux_7_2_8_1_1  |        0|   0|  0|    9|    0|
    |sparsemux_7_2_8_1_1_U8021  |sparsemux_7_2_8_1_1  |        0|   0|  0|    9|    0|
    |sparsemux_7_2_8_1_1_U8022  |sparsemux_7_2_8_1_1  |        0|   0|  0|    9|    0|
    |sparsemux_7_2_8_1_1_U8023  |sparsemux_7_2_8_1_1  |        0|   0|  0|    9|    0|
    |sparsemux_7_2_8_1_1_U8024  |sparsemux_7_2_8_1_1  |        0|   0|  0|    9|    0|
    |sparsemux_7_2_8_1_1_U8025  |sparsemux_7_2_8_1_1  |        0|   0|  0|    9|    0|
    |sparsemux_7_2_8_1_1_U8026  |sparsemux_7_2_8_1_1  |        0|   0|  0|    9|    0|
    |sparsemux_7_2_8_1_1_U8027  |sparsemux_7_2_8_1_1  |        0|   0|  0|    9|    0|
    |sparsemux_7_2_8_1_1_U8028  |sparsemux_7_2_8_1_1  |        0|   0|  0|    9|    0|
    |sparsemux_7_2_8_1_1_U8029  |sparsemux_7_2_8_1_1  |        0|   0|  0|    9|    0|
    |sparsemux_7_2_8_1_1_U8030  |sparsemux_7_2_8_1_1  |        0|   0|  0|    9|    0|
    |sparsemux_7_2_8_1_1_U8031  |sparsemux_7_2_8_1_1  |        0|   0|  0|    9|    0|
    |sparsemux_7_2_8_1_1_U8032  |sparsemux_7_2_8_1_1  |        0|   0|  0|    9|    0|
    |sparsemux_7_2_8_1_1_U8033  |sparsemux_7_2_8_1_1  |        0|   0|  0|    9|    0|
    |sparsemux_7_2_8_1_1_U8034  |sparsemux_7_2_8_1_1  |        0|   0|  0|    9|    0|
    |sparsemux_7_2_8_1_1_U8035  |sparsemux_7_2_8_1_1  |        0|   0|  0|    9|    0|
    |sparsemux_7_2_8_1_1_U8036  |sparsemux_7_2_8_1_1  |        0|   0|  0|    9|    0|
    |sparsemux_7_2_8_1_1_U8037  |sparsemux_7_2_8_1_1  |        0|   0|  0|    9|    0|
    |sparsemux_7_2_8_1_1_U8038  |sparsemux_7_2_8_1_1  |        0|   0|  0|    9|    0|
    |sparsemux_7_2_8_1_1_U8039  |sparsemux_7_2_8_1_1  |        0|   0|  0|    9|    0|
    |sparsemux_7_2_8_1_1_U8040  |sparsemux_7_2_8_1_1  |        0|   0|  0|    9|    0|
    |sparsemux_7_2_8_1_1_U8041  |sparsemux_7_2_8_1_1  |        0|   0|  0|    9|    0|
    |sparsemux_7_2_8_1_1_U8042  |sparsemux_7_2_8_1_1  |        0|   0|  0|    9|    0|
    |sparsemux_7_2_8_1_1_U8043  |sparsemux_7_2_8_1_1  |        0|   0|  0|    9|    0|
    |sparsemux_7_2_8_1_1_U8044  |sparsemux_7_2_8_1_1  |        0|   0|  0|    9|    0|
    |sparsemux_7_2_8_1_1_U8045  |sparsemux_7_2_8_1_1  |        0|   0|  0|    9|    0|
    |sparsemux_7_2_8_1_1_U8046  |sparsemux_7_2_8_1_1  |        0|   0|  0|    9|    0|
    |sparsemux_7_2_8_1_1_U8047  |sparsemux_7_2_8_1_1  |        0|   0|  0|    9|    0|
    |sparsemux_7_2_8_1_1_U8048  |sparsemux_7_2_8_1_1  |        0|   0|  0|    9|    0|
    |sparsemux_7_2_8_1_1_U8049  |sparsemux_7_2_8_1_1  |        0|   0|  0|    9|    0|
    |sparsemux_7_2_8_1_1_U8050  |sparsemux_7_2_8_1_1  |        0|   0|  0|    9|    0|
    |sparsemux_7_2_8_1_1_U8051  |sparsemux_7_2_8_1_1  |        0|   0|  0|    9|    0|
    |sparsemux_7_2_8_1_1_U8052  |sparsemux_7_2_8_1_1  |        0|   0|  0|    9|    0|
    |sparsemux_7_2_8_1_1_U8053  |sparsemux_7_2_8_1_1  |        0|   0|  0|    9|    0|
    |sparsemux_7_2_8_1_1_U8054  |sparsemux_7_2_8_1_1  |        0|   0|  0|    9|    0|
    |sparsemux_7_2_8_1_1_U8055  |sparsemux_7_2_8_1_1  |        0|   0|  0|    9|    0|
    |sparsemux_7_2_8_1_1_U8056  |sparsemux_7_2_8_1_1  |        0|   0|  0|    9|    0|
    |sparsemux_7_2_8_1_1_U8057  |sparsemux_7_2_8_1_1  |        0|   0|  0|    9|    0|
    |sparsemux_7_2_8_1_1_U8058  |sparsemux_7_2_8_1_1  |        0|   0|  0|    9|    0|
    |sparsemux_7_2_8_1_1_U8059  |sparsemux_7_2_8_1_1  |        0|   0|  0|    9|    0|
    |sparsemux_7_2_8_1_1_U8060  |sparsemux_7_2_8_1_1  |        0|   0|  0|    9|    0|
    |sparsemux_7_2_8_1_1_U8061  |sparsemux_7_2_8_1_1  |        0|   0|  0|    9|    0|
    |sparsemux_7_2_8_1_1_U8062  |sparsemux_7_2_8_1_1  |        0|   0|  0|    9|    0|
    |sparsemux_7_2_8_1_1_U8063  |sparsemux_7_2_8_1_1  |        0|   0|  0|    9|    0|
    |sparsemux_7_2_8_1_1_U8064  |sparsemux_7_2_8_1_1  |        0|   0|  0|    9|    0|
    |sparsemux_7_2_8_1_1_U8065  |sparsemux_7_2_8_1_1  |        0|   0|  0|    9|    0|
    |sparsemux_7_2_8_1_1_U8066  |sparsemux_7_2_8_1_1  |        0|   0|  0|    9|    0|
    |sparsemux_7_2_8_1_1_U8067  |sparsemux_7_2_8_1_1  |        0|   0|  0|    9|    0|
    |sparsemux_7_2_8_1_1_U8068  |sparsemux_7_2_8_1_1  |        0|   0|  0|    9|    0|
    |sparsemux_7_2_8_1_1_U8069  |sparsemux_7_2_8_1_1  |        0|   0|  0|    9|    0|
    |sparsemux_7_2_8_1_1_U8070  |sparsemux_7_2_8_1_1  |        0|   0|  0|    9|    0|
    |sparsemux_7_2_8_1_1_U8071  |sparsemux_7_2_8_1_1  |        0|   0|  0|    9|    0|
    |sparsemux_7_2_8_1_1_U8072  |sparsemux_7_2_8_1_1  |        0|   0|  0|    9|    0|
    |sparsemux_7_2_8_1_1_U8073  |sparsemux_7_2_8_1_1  |        0|   0|  0|    9|    0|
    |sparsemux_7_2_8_1_1_U8074  |sparsemux_7_2_8_1_1  |        0|   0|  0|    9|    0|
    |sparsemux_7_2_8_1_1_U8075  |sparsemux_7_2_8_1_1  |        0|   0|  0|    9|    0|
    |sparsemux_7_2_8_1_1_U8076  |sparsemux_7_2_8_1_1  |        0|   0|  0|    9|    0|
    |sparsemux_7_2_8_1_1_U8077  |sparsemux_7_2_8_1_1  |        0|   0|  0|    9|    0|
    |sparsemux_7_2_8_1_1_U8078  |sparsemux_7_2_8_1_1  |        0|   0|  0|    9|    0|
    |sparsemux_7_2_8_1_1_U8079  |sparsemux_7_2_8_1_1  |        0|   0|  0|    9|    0|
    |sparsemux_7_2_8_1_1_U8080  |sparsemux_7_2_8_1_1  |        0|   0|  0|    9|    0|
    |sparsemux_7_2_8_1_1_U8081  |sparsemux_7_2_8_1_1  |        0|   0|  0|    9|    0|
    |sparsemux_7_2_8_1_1_U8082  |sparsemux_7_2_8_1_1  |        0|   0|  0|    9|    0|
    |sparsemux_7_2_8_1_1_U8083  |sparsemux_7_2_8_1_1  |        0|   0|  0|    9|    0|
    |sparsemux_7_2_8_1_1_U8084  |sparsemux_7_2_8_1_1  |        0|   0|  0|    9|    0|
    |sparsemux_7_2_8_1_1_U8085  |sparsemux_7_2_8_1_1  |        0|   0|  0|    9|    0|
    |sparsemux_7_2_8_1_1_U8086  |sparsemux_7_2_8_1_1  |        0|   0|  0|    9|    0|
    |sparsemux_7_2_8_1_1_U8087  |sparsemux_7_2_8_1_1  |        0|   0|  0|    9|    0|
    |sparsemux_7_2_8_1_1_U8088  |sparsemux_7_2_8_1_1  |        0|   0|  0|    9|    0|
    |sparsemux_7_2_8_1_1_U8089  |sparsemux_7_2_8_1_1  |        0|   0|  0|    9|    0|
    |sparsemux_7_2_8_1_1_U8090  |sparsemux_7_2_8_1_1  |        0|   0|  0|    9|    0|
    |sparsemux_7_2_8_1_1_U8091  |sparsemux_7_2_8_1_1  |        0|   0|  0|    9|    0|
    |sparsemux_7_2_8_1_1_U8092  |sparsemux_7_2_8_1_1  |        0|   0|  0|    9|    0|
    |sparsemux_7_2_8_1_1_U8093  |sparsemux_7_2_8_1_1  |        0|   0|  0|    9|    0|
    |sparsemux_7_2_8_1_1_U8094  |sparsemux_7_2_8_1_1  |        0|   0|  0|    9|    0|
    |sparsemux_7_2_8_1_1_U8095  |sparsemux_7_2_8_1_1  |        0|   0|  0|    9|    0|
    |sparsemux_7_2_8_1_1_U8096  |sparsemux_7_2_8_1_1  |        0|   0|  0|    9|    0|
    |sparsemux_7_2_8_1_1_U8097  |sparsemux_7_2_8_1_1  |        0|   0|  0|    9|    0|
    |sparsemux_7_2_8_1_1_U8098  |sparsemux_7_2_8_1_1  |        0|   0|  0|    9|    0|
    |sparsemux_7_2_8_1_1_U8099  |sparsemux_7_2_8_1_1  |        0|   0|  0|    9|    0|
    |sparsemux_7_2_8_1_1_U8100  |sparsemux_7_2_8_1_1  |        0|   0|  0|    9|    0|
    |sparsemux_7_2_8_1_1_U8101  |sparsemux_7_2_8_1_1  |        0|   0|  0|    9|    0|
    |sparsemux_7_2_8_1_1_U8102  |sparsemux_7_2_8_1_1  |        0|   0|  0|    9|    0|
    |sparsemux_7_2_8_1_1_U8103  |sparsemux_7_2_8_1_1  |        0|   0|  0|    9|    0|
    |sparsemux_7_2_8_1_1_U8104  |sparsemux_7_2_8_1_1  |        0|   0|  0|    9|    0|
    |sparsemux_7_2_8_1_1_U8105  |sparsemux_7_2_8_1_1  |        0|   0|  0|    9|    0|
    |sparsemux_7_2_8_1_1_U8106  |sparsemux_7_2_8_1_1  |        0|   0|  0|    9|    0|
    |sparsemux_7_2_8_1_1_U8107  |sparsemux_7_2_8_1_1  |        0|   0|  0|    9|    0|
    |sparsemux_7_2_8_1_1_U8108  |sparsemux_7_2_8_1_1  |        0|   0|  0|    9|    0|
    |sparsemux_7_2_8_1_1_U8109  |sparsemux_7_2_8_1_1  |        0|   0|  0|    9|    0|
    |sparsemux_7_2_8_1_1_U8110  |sparsemux_7_2_8_1_1  |        0|   0|  0|    9|    0|
    |sparsemux_7_2_8_1_1_U8111  |sparsemux_7_2_8_1_1  |        0|   0|  0|    9|    0|
    |sparsemux_7_2_8_1_1_U8112  |sparsemux_7_2_8_1_1  |        0|   0|  0|    9|    0|
    |sparsemux_7_2_8_1_1_U8113  |sparsemux_7_2_8_1_1  |        0|   0|  0|    9|    0|
    |sparsemux_7_2_8_1_1_U8114  |sparsemux_7_2_8_1_1  |        0|   0|  0|    9|    0|
    |sparsemux_7_2_8_1_1_U8115  |sparsemux_7_2_8_1_1  |        0|   0|  0|    9|    0|
    |sparsemux_7_2_8_1_1_U8116  |sparsemux_7_2_8_1_1  |        0|   0|  0|    9|    0|
    |sparsemux_7_2_8_1_1_U8117  |sparsemux_7_2_8_1_1  |        0|   0|  0|    9|    0|
    |sparsemux_7_2_8_1_1_U8118  |sparsemux_7_2_8_1_1  |        0|   0|  0|    9|    0|
    |sparsemux_7_2_8_1_1_U8119  |sparsemux_7_2_8_1_1  |        0|   0|  0|    9|    0|
    |sparsemux_7_2_8_1_1_U8120  |sparsemux_7_2_8_1_1  |        0|   0|  0|    9|    0|
    |sparsemux_7_2_8_1_1_U8121  |sparsemux_7_2_8_1_1  |        0|   0|  0|    9|    0|
    |sparsemux_7_2_8_1_1_U8122  |sparsemux_7_2_8_1_1  |        0|   0|  0|    9|    0|
    |sparsemux_7_2_8_1_1_U8123  |sparsemux_7_2_8_1_1  |        0|   0|  0|    9|    0|
    |sparsemux_7_2_8_1_1_U8124  |sparsemux_7_2_8_1_1  |        0|   0|  0|    9|    0|
    |sparsemux_7_2_8_1_1_U8125  |sparsemux_7_2_8_1_1  |        0|   0|  0|    9|    0|
    |sparsemux_7_2_8_1_1_U8126  |sparsemux_7_2_8_1_1  |        0|   0|  0|    9|    0|
    |sparsemux_7_2_8_1_1_U8127  |sparsemux_7_2_8_1_1  |        0|   0|  0|    9|    0|
    |sparsemux_7_2_8_1_1_U8128  |sparsemux_7_2_8_1_1  |        0|   0|  0|    9|    0|
    |sparsemux_7_2_8_1_1_U8129  |sparsemux_7_2_8_1_1  |        0|   0|  0|    9|    0|
    |sparsemux_7_2_8_1_1_U8130  |sparsemux_7_2_8_1_1  |        0|   0|  0|    9|    0|
    |sparsemux_7_2_8_1_1_U8131  |sparsemux_7_2_8_1_1  |        0|   0|  0|    9|    0|
    |sparsemux_7_2_8_1_1_U8132  |sparsemux_7_2_8_1_1  |        0|   0|  0|    9|    0|
    |sparsemux_7_2_8_1_1_U8133  |sparsemux_7_2_8_1_1  |        0|   0|  0|    9|    0|
    |sparsemux_7_2_8_1_1_U8134  |sparsemux_7_2_8_1_1  |        0|   0|  0|    9|    0|
    |sparsemux_7_2_8_1_1_U8135  |sparsemux_7_2_8_1_1  |        0|   0|  0|    9|    0|
    |sparsemux_7_2_8_1_1_U8136  |sparsemux_7_2_8_1_1  |        0|   0|  0|    9|    0|
    |sparsemux_7_2_8_1_1_U8137  |sparsemux_7_2_8_1_1  |        0|   0|  0|    9|    0|
    |sparsemux_7_2_8_1_1_U8138  |sparsemux_7_2_8_1_1  |        0|   0|  0|    9|    0|
    |sparsemux_7_2_8_1_1_U8139  |sparsemux_7_2_8_1_1  |        0|   0|  0|    9|    0|
    |sparsemux_7_2_8_1_1_U8140  |sparsemux_7_2_8_1_1  |        0|   0|  0|    9|    0|
    |sparsemux_7_2_8_1_1_U8141  |sparsemux_7_2_8_1_1  |        0|   0|  0|    9|    0|
    |sparsemux_7_2_8_1_1_U8142  |sparsemux_7_2_8_1_1  |        0|   0|  0|    9|    0|
    |sparsemux_7_2_8_1_1_U8143  |sparsemux_7_2_8_1_1  |        0|   0|  0|    9|    0|
    |sparsemux_7_2_8_1_1_U8144  |sparsemux_7_2_8_1_1  |        0|   0|  0|    9|    0|
    |sparsemux_7_2_8_1_1_U8145  |sparsemux_7_2_8_1_1  |        0|   0|  0|    9|    0|
    |sparsemux_7_2_8_1_1_U8146  |sparsemux_7_2_8_1_1  |        0|   0|  0|    9|    0|
    |sparsemux_7_2_8_1_1_U8147  |sparsemux_7_2_8_1_1  |        0|   0|  0|    9|    0|
    |sparsemux_7_2_8_1_1_U8148  |sparsemux_7_2_8_1_1  |        0|   0|  0|    9|    0|
    |sparsemux_7_2_8_1_1_U8149  |sparsemux_7_2_8_1_1  |        0|   0|  0|    9|    0|
    |sparsemux_7_2_8_1_1_U8150  |sparsemux_7_2_8_1_1  |        0|   0|  0|    9|    0|
    |sparsemux_7_2_8_1_1_U8151  |sparsemux_7_2_8_1_1  |        0|   0|  0|    9|    0|
    |sparsemux_7_2_8_1_1_U8152  |sparsemux_7_2_8_1_1  |        0|   0|  0|    9|    0|
    |sparsemux_7_2_8_1_1_U8153  |sparsemux_7_2_8_1_1  |        0|   0|  0|    9|    0|
    |sparsemux_7_2_8_1_1_U8154  |sparsemux_7_2_8_1_1  |        0|   0|  0|    9|    0|
    |sparsemux_7_2_8_1_1_U8155  |sparsemux_7_2_8_1_1  |        0|   0|  0|    9|    0|
    |sparsemux_7_2_8_1_1_U8156  |sparsemux_7_2_8_1_1  |        0|   0|  0|    9|    0|
    |sparsemux_7_2_8_1_1_U8157  |sparsemux_7_2_8_1_1  |        0|   0|  0|    9|    0|
    |sparsemux_7_2_8_1_1_U8158  |sparsemux_7_2_8_1_1  |        0|   0|  0|    9|    0|
    |sparsemux_7_2_8_1_1_U8159  |sparsemux_7_2_8_1_1  |        0|   0|  0|    9|    0|
    |sparsemux_7_2_8_1_1_U8160  |sparsemux_7_2_8_1_1  |        0|   0|  0|    9|    0|
    |sparsemux_7_2_8_1_1_U8161  |sparsemux_7_2_8_1_1  |        0|   0|  0|    9|    0|
    |sparsemux_7_2_8_1_1_U8162  |sparsemux_7_2_8_1_1  |        0|   0|  0|    9|    0|
    |sparsemux_7_2_8_1_1_U8163  |sparsemux_7_2_8_1_1  |        0|   0|  0|    9|    0|
    |sparsemux_7_2_8_1_1_U8164  |sparsemux_7_2_8_1_1  |        0|   0|  0|    9|    0|
    |sparsemux_7_2_8_1_1_U8165  |sparsemux_7_2_8_1_1  |        0|   0|  0|    9|    0|
    |sparsemux_7_2_8_1_1_U8166  |sparsemux_7_2_8_1_1  |        0|   0|  0|    9|    0|
    |sparsemux_7_2_8_1_1_U8167  |sparsemux_7_2_8_1_1  |        0|   0|  0|    9|    0|
    |sparsemux_7_2_8_1_1_U8168  |sparsemux_7_2_8_1_1  |        0|   0|  0|    9|    0|
    |sparsemux_7_2_8_1_1_U8169  |sparsemux_7_2_8_1_1  |        0|   0|  0|    9|    0|
    |sparsemux_7_2_8_1_1_U8170  |sparsemux_7_2_8_1_1  |        0|   0|  0|    9|    0|
    |sparsemux_7_2_8_1_1_U8171  |sparsemux_7_2_8_1_1  |        0|   0|  0|    9|    0|
    |sparsemux_7_2_8_1_1_U8172  |sparsemux_7_2_8_1_1  |        0|   0|  0|    9|    0|
    |sparsemux_7_2_8_1_1_U8173  |sparsemux_7_2_8_1_1  |        0|   0|  0|    9|    0|
    |sparsemux_7_2_8_1_1_U8174  |sparsemux_7_2_8_1_1  |        0|   0|  0|    9|    0|
    |sparsemux_7_2_8_1_1_U8175  |sparsemux_7_2_8_1_1  |        0|   0|  0|    9|    0|
    |sparsemux_7_2_8_1_1_U8176  |sparsemux_7_2_8_1_1  |        0|   0|  0|    9|    0|
    |sparsemux_7_2_8_1_1_U8177  |sparsemux_7_2_8_1_1  |        0|   0|  0|    9|    0|
    |sparsemux_7_2_8_1_1_U8178  |sparsemux_7_2_8_1_1  |        0|   0|  0|    9|    0|
    |sparsemux_7_2_8_1_1_U8179  |sparsemux_7_2_8_1_1  |        0|   0|  0|    9|    0|
    |sparsemux_7_2_8_1_1_U8180  |sparsemux_7_2_8_1_1  |        0|   0|  0|    9|    0|
    |sparsemux_7_2_8_1_1_U8181  |sparsemux_7_2_8_1_1  |        0|   0|  0|    9|    0|
    |sparsemux_7_2_8_1_1_U8182  |sparsemux_7_2_8_1_1  |        0|   0|  0|    9|    0|
    |sparsemux_7_2_8_1_1_U8183  |sparsemux_7_2_8_1_1  |        0|   0|  0|    9|    0|
    |sparsemux_7_2_8_1_1_U8184  |sparsemux_7_2_8_1_1  |        0|   0|  0|    9|    0|
    |sparsemux_7_2_8_1_1_U8185  |sparsemux_7_2_8_1_1  |        0|   0|  0|    9|    0|
    |sparsemux_7_2_8_1_1_U8186  |sparsemux_7_2_8_1_1  |        0|   0|  0|    9|    0|
    |sparsemux_7_2_8_1_1_U8187  |sparsemux_7_2_8_1_1  |        0|   0|  0|    9|    0|
    |sparsemux_7_2_8_1_1_U8188  |sparsemux_7_2_8_1_1  |        0|   0|  0|    9|    0|
    |sparsemux_7_2_8_1_1_U8189  |sparsemux_7_2_8_1_1  |        0|   0|  0|    9|    0|
    |sparsemux_7_2_8_1_1_U8190  |sparsemux_7_2_8_1_1  |        0|   0|  0|    9|    0|
    |sparsemux_7_2_8_1_1_U8191  |sparsemux_7_2_8_1_1  |        0|   0|  0|    9|    0|
    |sparsemux_7_2_8_1_1_U8192  |sparsemux_7_2_8_1_1  |        0|   0|  0|    9|    0|
    |sparsemux_7_2_8_1_1_U8193  |sparsemux_7_2_8_1_1  |        0|   0|  0|    9|    0|
    |sparsemux_7_2_8_1_1_U8194  |sparsemux_7_2_8_1_1  |        0|   0|  0|    9|    0|
    |sparsemux_7_2_8_1_1_U8195  |sparsemux_7_2_8_1_1  |        0|   0|  0|    9|    0|
    |sparsemux_7_2_8_1_1_U8196  |sparsemux_7_2_8_1_1  |        0|   0|  0|    9|    0|
    |sparsemux_7_2_8_1_1_U8197  |sparsemux_7_2_8_1_1  |        0|   0|  0|    9|    0|
    |sparsemux_7_2_8_1_1_U8198  |sparsemux_7_2_8_1_1  |        0|   0|  0|    9|    0|
    |sparsemux_7_2_8_1_1_U8199  |sparsemux_7_2_8_1_1  |        0|   0|  0|    9|    0|
    |sparsemux_7_2_8_1_1_U8200  |sparsemux_7_2_8_1_1  |        0|   0|  0|    9|    0|
    |sparsemux_7_2_8_1_1_U8201  |sparsemux_7_2_8_1_1  |        0|   0|  0|    9|    0|
    |sparsemux_7_2_8_1_1_U8202  |sparsemux_7_2_8_1_1  |        0|   0|  0|    9|    0|
    |sparsemux_7_2_8_1_1_U8203  |sparsemux_7_2_8_1_1  |        0|   0|  0|    9|    0|
    |sparsemux_7_2_8_1_1_U8204  |sparsemux_7_2_8_1_1  |        0|   0|  0|    9|    0|
    |sparsemux_7_2_8_1_1_U8205  |sparsemux_7_2_8_1_1  |        0|   0|  0|    9|    0|
    |sparsemux_7_2_8_1_1_U8206  |sparsemux_7_2_8_1_1  |        0|   0|  0|    9|    0|
    |sparsemux_7_2_8_1_1_U8207  |sparsemux_7_2_8_1_1  |        0|   0|  0|    9|    0|
    |sparsemux_7_2_8_1_1_U8208  |sparsemux_7_2_8_1_1  |        0|   0|  0|    9|    0|
    |sparsemux_7_2_8_1_1_U8209  |sparsemux_7_2_8_1_1  |        0|   0|  0|    9|    0|
    |sparsemux_7_2_8_1_1_U8210  |sparsemux_7_2_8_1_1  |        0|   0|  0|    9|    0|
    |sparsemux_7_2_8_1_1_U8211  |sparsemux_7_2_8_1_1  |        0|   0|  0|    9|    0|
    |sparsemux_7_2_8_1_1_U8212  |sparsemux_7_2_8_1_1  |        0|   0|  0|    9|    0|
    |sparsemux_7_2_8_1_1_U8213  |sparsemux_7_2_8_1_1  |        0|   0|  0|    9|    0|
    |sparsemux_7_2_8_1_1_U8214  |sparsemux_7_2_8_1_1  |        0|   0|  0|    9|    0|
    |sparsemux_7_2_8_1_1_U8215  |sparsemux_7_2_8_1_1  |        0|   0|  0|    9|    0|
    |sparsemux_7_2_8_1_1_U8216  |sparsemux_7_2_8_1_1  |        0|   0|  0|    9|    0|
    |sparsemux_7_2_8_1_1_U8217  |sparsemux_7_2_8_1_1  |        0|   0|  0|    9|    0|
    |sparsemux_7_2_8_1_1_U8218  |sparsemux_7_2_8_1_1  |        0|   0|  0|    9|    0|
    |sparsemux_7_2_8_1_1_U8219  |sparsemux_7_2_8_1_1  |        0|   0|  0|    9|    0|
    |sparsemux_7_2_8_1_1_U8220  |sparsemux_7_2_8_1_1  |        0|   0|  0|    9|    0|
    |sparsemux_7_2_8_1_1_U8221  |sparsemux_7_2_8_1_1  |        0|   0|  0|    9|    0|
    |sparsemux_7_2_8_1_1_U8222  |sparsemux_7_2_8_1_1  |        0|   0|  0|    9|    0|
    |sparsemux_7_2_8_1_1_U8223  |sparsemux_7_2_8_1_1  |        0|   0|  0|    9|    0|
    |sparsemux_7_2_8_1_1_U8224  |sparsemux_7_2_8_1_1  |        0|   0|  0|    9|    0|
    |sparsemux_7_2_8_1_1_U8225  |sparsemux_7_2_8_1_1  |        0|   0|  0|    9|    0|
    |sparsemux_7_2_8_1_1_U8226  |sparsemux_7_2_8_1_1  |        0|   0|  0|    9|    0|
    |sparsemux_7_2_8_1_1_U8227  |sparsemux_7_2_8_1_1  |        0|   0|  0|    9|    0|
    |sparsemux_7_2_8_1_1_U8228  |sparsemux_7_2_8_1_1  |        0|   0|  0|    9|    0|
    |sparsemux_7_2_8_1_1_U8229  |sparsemux_7_2_8_1_1  |        0|   0|  0|    9|    0|
    |sparsemux_7_2_8_1_1_U8230  |sparsemux_7_2_8_1_1  |        0|   0|  0|    9|    0|
    |sparsemux_7_2_8_1_1_U8231  |sparsemux_7_2_8_1_1  |        0|   0|  0|    9|    0|
    |sparsemux_7_2_8_1_1_U8232  |sparsemux_7_2_8_1_1  |        0|   0|  0|    9|    0|
    |sparsemux_7_2_8_1_1_U8233  |sparsemux_7_2_8_1_1  |        0|   0|  0|    9|    0|
    |sparsemux_7_2_8_1_1_U8234  |sparsemux_7_2_8_1_1  |        0|   0|  0|    9|    0|
    |sparsemux_7_2_8_1_1_U8235  |sparsemux_7_2_8_1_1  |        0|   0|  0|    9|    0|
    |sparsemux_7_2_8_1_1_U8236  |sparsemux_7_2_8_1_1  |        0|   0|  0|    9|    0|
    |sparsemux_7_2_8_1_1_U8237  |sparsemux_7_2_8_1_1  |        0|   0|  0|    9|    0|
    |sparsemux_7_2_8_1_1_U8238  |sparsemux_7_2_8_1_1  |        0|   0|  0|    9|    0|
    |sparsemux_7_2_8_1_1_U8239  |sparsemux_7_2_8_1_1  |        0|   0|  0|    9|    0|
    |sparsemux_7_2_8_1_1_U8240  |sparsemux_7_2_8_1_1  |        0|   0|  0|    9|    0|
    |sparsemux_7_2_8_1_1_U8241  |sparsemux_7_2_8_1_1  |        0|   0|  0|    9|    0|
    |sparsemux_7_2_8_1_1_U8242  |sparsemux_7_2_8_1_1  |        0|   0|  0|    9|    0|
    |sparsemux_7_2_8_1_1_U8243  |sparsemux_7_2_8_1_1  |        0|   0|  0|    9|    0|
    |sparsemux_7_2_8_1_1_U8244  |sparsemux_7_2_8_1_1  |        0|   0|  0|    9|    0|
    |sparsemux_7_2_8_1_1_U8245  |sparsemux_7_2_8_1_1  |        0|   0|  0|    9|    0|
    |sparsemux_7_2_8_1_1_U8246  |sparsemux_7_2_8_1_1  |        0|   0|  0|    9|    0|
    |sparsemux_7_2_8_1_1_U8247  |sparsemux_7_2_8_1_1  |        0|   0|  0|    9|    0|
    |sparsemux_7_2_8_1_1_U8248  |sparsemux_7_2_8_1_1  |        0|   0|  0|    9|    0|
    |sparsemux_7_2_8_1_1_U8249  |sparsemux_7_2_8_1_1  |        0|   0|  0|    9|    0|
    |sparsemux_7_2_8_1_1_U8250  |sparsemux_7_2_8_1_1  |        0|   0|  0|    9|    0|
    |sparsemux_7_2_8_1_1_U8251  |sparsemux_7_2_8_1_1  |        0|   0|  0|    9|    0|
    |sparsemux_7_2_8_1_1_U8252  |sparsemux_7_2_8_1_1  |        0|   0|  0|    9|    0|
    |sparsemux_7_2_8_1_1_U8253  |sparsemux_7_2_8_1_1  |        0|   0|  0|    9|    0|
    |sparsemux_7_2_8_1_1_U8254  |sparsemux_7_2_8_1_1  |        0|   0|  0|    9|    0|
    |sparsemux_7_2_8_1_1_U8255  |sparsemux_7_2_8_1_1  |        0|   0|  0|    9|    0|
    |sparsemux_7_2_8_1_1_U8256  |sparsemux_7_2_8_1_1  |        0|   0|  0|    9|    0|
    |sparsemux_7_2_8_1_1_U8257  |sparsemux_7_2_8_1_1  |        0|   0|  0|    9|    0|
    |sparsemux_7_2_8_1_1_U8258  |sparsemux_7_2_8_1_1  |        0|   0|  0|    9|    0|
    |sparsemux_7_2_8_1_1_U8259  |sparsemux_7_2_8_1_1  |        0|   0|  0|    9|    0|
    |sparsemux_7_2_8_1_1_U8260  |sparsemux_7_2_8_1_1  |        0|   0|  0|    9|    0|
    |sparsemux_7_2_8_1_1_U8261  |sparsemux_7_2_8_1_1  |        0|   0|  0|    9|    0|
    |sparsemux_7_2_8_1_1_U8262  |sparsemux_7_2_8_1_1  |        0|   0|  0|    9|    0|
    |sparsemux_7_2_8_1_1_U8263  |sparsemux_7_2_8_1_1  |        0|   0|  0|    9|    0|
    |sparsemux_7_2_8_1_1_U8264  |sparsemux_7_2_8_1_1  |        0|   0|  0|    9|    0|
    |sparsemux_7_2_8_1_1_U8265  |sparsemux_7_2_8_1_1  |        0|   0|  0|    9|    0|
    |sparsemux_7_2_8_1_1_U8266  |sparsemux_7_2_8_1_1  |        0|   0|  0|    9|    0|
    |sparsemux_7_2_8_1_1_U8267  |sparsemux_7_2_8_1_1  |        0|   0|  0|    9|    0|
    |sparsemux_7_2_8_1_1_U8268  |sparsemux_7_2_8_1_1  |        0|   0|  0|    9|    0|
    |sparsemux_7_2_8_1_1_U8269  |sparsemux_7_2_8_1_1  |        0|   0|  0|    9|    0|
    |sparsemux_7_2_8_1_1_U8270  |sparsemux_7_2_8_1_1  |        0|   0|  0|    9|    0|
    |sparsemux_7_2_8_1_1_U8271  |sparsemux_7_2_8_1_1  |        0|   0|  0|    9|    0|
    |sparsemux_7_2_8_1_1_U8272  |sparsemux_7_2_8_1_1  |        0|   0|  0|    9|    0|
    |sparsemux_7_2_8_1_1_U8273  |sparsemux_7_2_8_1_1  |        0|   0|  0|    9|    0|
    |sparsemux_7_2_8_1_1_U8274  |sparsemux_7_2_8_1_1  |        0|   0|  0|    9|    0|
    |sparsemux_7_2_8_1_1_U8275  |sparsemux_7_2_8_1_1  |        0|   0|  0|    9|    0|
    |sparsemux_7_2_8_1_1_U8276  |sparsemux_7_2_8_1_1  |        0|   0|  0|    9|    0|
    |sparsemux_7_2_8_1_1_U8277  |sparsemux_7_2_8_1_1  |        0|   0|  0|    9|    0|
    |sparsemux_7_2_8_1_1_U8278  |sparsemux_7_2_8_1_1  |        0|   0|  0|    9|    0|
    |sparsemux_7_2_8_1_1_U8279  |sparsemux_7_2_8_1_1  |        0|   0|  0|    9|    0|
    |sparsemux_7_2_8_1_1_U8280  |sparsemux_7_2_8_1_1  |        0|   0|  0|    9|    0|
    |sparsemux_7_2_8_1_1_U8281  |sparsemux_7_2_8_1_1  |        0|   0|  0|    9|    0|
    |sparsemux_7_2_8_1_1_U8282  |sparsemux_7_2_8_1_1  |        0|   0|  0|    9|    0|
    |sparsemux_7_2_8_1_1_U8283  |sparsemux_7_2_8_1_1  |        0|   0|  0|    9|    0|
    |sparsemux_7_2_8_1_1_U8284  |sparsemux_7_2_8_1_1  |        0|   0|  0|    9|    0|
    |sparsemux_7_2_8_1_1_U8285  |sparsemux_7_2_8_1_1  |        0|   0|  0|    9|    0|
    |sparsemux_7_2_8_1_1_U8286  |sparsemux_7_2_8_1_1  |        0|   0|  0|    9|    0|
    |sparsemux_7_2_8_1_1_U8287  |sparsemux_7_2_8_1_1  |        0|   0|  0|    9|    0|
    |sparsemux_7_2_8_1_1_U8288  |sparsemux_7_2_8_1_1  |        0|   0|  0|    9|    0|
    |sparsemux_7_2_8_1_1_U8289  |sparsemux_7_2_8_1_1  |        0|   0|  0|    9|    0|
    |sparsemux_7_2_8_1_1_U8290  |sparsemux_7_2_8_1_1  |        0|   0|  0|    9|    0|
    |sparsemux_7_2_8_1_1_U8291  |sparsemux_7_2_8_1_1  |        0|   0|  0|    9|    0|
    |sparsemux_7_2_8_1_1_U8292  |sparsemux_7_2_8_1_1  |        0|   0|  0|    9|    0|
    |sparsemux_7_2_8_1_1_U8293  |sparsemux_7_2_8_1_1  |        0|   0|  0|    9|    0|
    |sparsemux_7_2_8_1_1_U8294  |sparsemux_7_2_8_1_1  |        0|   0|  0|    9|    0|
    |sparsemux_7_2_8_1_1_U8295  |sparsemux_7_2_8_1_1  |        0|   0|  0|    9|    0|
    |sparsemux_7_2_8_1_1_U8296  |sparsemux_7_2_8_1_1  |        0|   0|  0|    9|    0|
    |sparsemux_7_2_8_1_1_U8297  |sparsemux_7_2_8_1_1  |        0|   0|  0|    9|    0|
    |sparsemux_7_2_8_1_1_U8298  |sparsemux_7_2_8_1_1  |        0|   0|  0|    9|    0|
    |sparsemux_7_2_8_1_1_U8299  |sparsemux_7_2_8_1_1  |        0|   0|  0|    9|    0|
    |sparsemux_7_2_8_1_1_U8300  |sparsemux_7_2_8_1_1  |        0|   0|  0|    9|    0|
    |sparsemux_7_2_8_1_1_U8301  |sparsemux_7_2_8_1_1  |        0|   0|  0|    9|    0|
    |sparsemux_7_2_8_1_1_U8302  |sparsemux_7_2_8_1_1  |        0|   0|  0|    9|    0|
    |sparsemux_7_2_8_1_1_U8303  |sparsemux_7_2_8_1_1  |        0|   0|  0|    9|    0|
    |sparsemux_7_2_8_1_1_U8304  |sparsemux_7_2_8_1_1  |        0|   0|  0|    9|    0|
    |sparsemux_7_2_8_1_1_U8305  |sparsemux_7_2_8_1_1  |        0|   0|  0|    9|    0|
    |sparsemux_7_2_8_1_1_U8306  |sparsemux_7_2_8_1_1  |        0|   0|  0|    9|    0|
    |sparsemux_7_2_8_1_1_U8307  |sparsemux_7_2_8_1_1  |        0|   0|  0|    9|    0|
    |sparsemux_7_2_8_1_1_U8308  |sparsemux_7_2_8_1_1  |        0|   0|  0|    9|    0|
    |sparsemux_7_2_8_1_1_U8309  |sparsemux_7_2_8_1_1  |        0|   0|  0|    9|    0|
    |sparsemux_7_2_8_1_1_U8310  |sparsemux_7_2_8_1_1  |        0|   0|  0|    9|    0|
    |sparsemux_7_2_8_1_1_U8311  |sparsemux_7_2_8_1_1  |        0|   0|  0|    9|    0|
    |sparsemux_7_2_8_1_1_U8312  |sparsemux_7_2_8_1_1  |        0|   0|  0|    9|    0|
    |sparsemux_7_2_8_1_1_U8313  |sparsemux_7_2_8_1_1  |        0|   0|  0|    9|    0|
    |sparsemux_7_2_8_1_1_U8314  |sparsemux_7_2_8_1_1  |        0|   0|  0|    9|    0|
    |sparsemux_7_2_8_1_1_U8315  |sparsemux_7_2_8_1_1  |        0|   0|  0|    9|    0|
    |sparsemux_7_2_8_1_1_U8316  |sparsemux_7_2_8_1_1  |        0|   0|  0|    9|    0|
    |sparsemux_7_2_8_1_1_U8317  |sparsemux_7_2_8_1_1  |        0|   0|  0|    9|    0|
    |sparsemux_7_2_8_1_1_U8318  |sparsemux_7_2_8_1_1  |        0|   0|  0|    9|    0|
    |sparsemux_7_2_8_1_1_U8319  |sparsemux_7_2_8_1_1  |        0|   0|  0|    9|    0|
    |sparsemux_7_2_8_1_1_U8320  |sparsemux_7_2_8_1_1  |        0|   0|  0|    9|    0|
    |sparsemux_7_2_8_1_1_U8321  |sparsemux_7_2_8_1_1  |        0|   0|  0|    9|    0|
    |sparsemux_7_2_8_1_1_U8322  |sparsemux_7_2_8_1_1  |        0|   0|  0|    9|    0|
    |sparsemux_7_2_8_1_1_U8323  |sparsemux_7_2_8_1_1  |        0|   0|  0|    9|    0|
    |sparsemux_7_2_8_1_1_U8324  |sparsemux_7_2_8_1_1  |        0|   0|  0|    9|    0|
    |sparsemux_7_2_8_1_1_U8325  |sparsemux_7_2_8_1_1  |        0|   0|  0|    9|    0|
    |sparsemux_7_2_8_1_1_U8326  |sparsemux_7_2_8_1_1  |        0|   0|  0|    9|    0|
    |sparsemux_7_2_8_1_1_U8327  |sparsemux_7_2_8_1_1  |        0|   0|  0|    9|    0|
    |sparsemux_7_2_8_1_1_U8328  |sparsemux_7_2_8_1_1  |        0|   0|  0|    9|    0|
    |sparsemux_7_2_8_1_1_U8329  |sparsemux_7_2_8_1_1  |        0|   0|  0|    9|    0|
    |sparsemux_7_2_8_1_1_U8330  |sparsemux_7_2_8_1_1  |        0|   0|  0|    9|    0|
    |sparsemux_7_2_8_1_1_U8331  |sparsemux_7_2_8_1_1  |        0|   0|  0|    9|    0|
    |sparsemux_7_2_8_1_1_U8332  |sparsemux_7_2_8_1_1  |        0|   0|  0|    9|    0|
    |sparsemux_7_2_8_1_1_U8333  |sparsemux_7_2_8_1_1  |        0|   0|  0|    9|    0|
    |sparsemux_7_2_8_1_1_U8334  |sparsemux_7_2_8_1_1  |        0|   0|  0|    9|    0|
    |sparsemux_7_2_8_1_1_U8335  |sparsemux_7_2_8_1_1  |        0|   0|  0|    9|    0|
    |sparsemux_7_2_8_1_1_U8336  |sparsemux_7_2_8_1_1  |        0|   0|  0|    9|    0|
    |sparsemux_7_2_8_1_1_U8337  |sparsemux_7_2_8_1_1  |        0|   0|  0|    9|    0|
    |sparsemux_7_2_8_1_1_U8338  |sparsemux_7_2_8_1_1  |        0|   0|  0|    9|    0|
    |sparsemux_7_2_8_1_1_U8339  |sparsemux_7_2_8_1_1  |        0|   0|  0|    9|    0|
    |sparsemux_7_2_8_1_1_U8340  |sparsemux_7_2_8_1_1  |        0|   0|  0|    9|    0|
    |sparsemux_7_2_8_1_1_U8341  |sparsemux_7_2_8_1_1  |        0|   0|  0|    9|    0|
    |sparsemux_7_2_8_1_1_U8342  |sparsemux_7_2_8_1_1  |        0|   0|  0|    9|    0|
    |sparsemux_7_2_8_1_1_U8343  |sparsemux_7_2_8_1_1  |        0|   0|  0|    9|    0|
    |sparsemux_7_2_8_1_1_U8344  |sparsemux_7_2_8_1_1  |        0|   0|  0|    9|    0|
    |sparsemux_7_2_8_1_1_U8345  |sparsemux_7_2_8_1_1  |        0|   0|  0|    9|    0|
    |sparsemux_7_2_8_1_1_U8346  |sparsemux_7_2_8_1_1  |        0|   0|  0|    9|    0|
    |sparsemux_7_2_8_1_1_U8347  |sparsemux_7_2_8_1_1  |        0|   0|  0|    9|    0|
    |sparsemux_7_2_8_1_1_U8348  |sparsemux_7_2_8_1_1  |        0|   0|  0|    9|    0|
    |sparsemux_7_2_8_1_1_U8349  |sparsemux_7_2_8_1_1  |        0|   0|  0|    9|    0|
    |sparsemux_7_2_8_1_1_U8350  |sparsemux_7_2_8_1_1  |        0|   0|  0|    9|    0|
    |sparsemux_7_2_8_1_1_U8351  |sparsemux_7_2_8_1_1  |        0|   0|  0|    9|    0|
    |sparsemux_7_2_8_1_1_U8352  |sparsemux_7_2_8_1_1  |        0|   0|  0|    9|    0|
    |sparsemux_7_2_8_1_1_U8353  |sparsemux_7_2_8_1_1  |        0|   0|  0|    9|    0|
    |sparsemux_7_2_8_1_1_U8354  |sparsemux_7_2_8_1_1  |        0|   0|  0|    9|    0|
    |sparsemux_7_2_8_1_1_U8355  |sparsemux_7_2_8_1_1  |        0|   0|  0|    9|    0|
    |sparsemux_7_2_8_1_1_U8356  |sparsemux_7_2_8_1_1  |        0|   0|  0|    9|    0|
    |sparsemux_7_2_8_1_1_U8357  |sparsemux_7_2_8_1_1  |        0|   0|  0|    9|    0|
    |sparsemux_7_2_8_1_1_U8358  |sparsemux_7_2_8_1_1  |        0|   0|  0|    9|    0|
    |sparsemux_7_2_8_1_1_U8359  |sparsemux_7_2_8_1_1  |        0|   0|  0|    9|    0|
    |sparsemux_7_2_8_1_1_U8360  |sparsemux_7_2_8_1_1  |        0|   0|  0|    9|    0|
    |sparsemux_7_2_8_1_1_U8361  |sparsemux_7_2_8_1_1  |        0|   0|  0|    9|    0|
    |sparsemux_7_2_8_1_1_U8362  |sparsemux_7_2_8_1_1  |        0|   0|  0|    9|    0|
    |sparsemux_7_2_8_1_1_U8363  |sparsemux_7_2_8_1_1  |        0|   0|  0|    9|    0|
    |sparsemux_7_2_8_1_1_U8364  |sparsemux_7_2_8_1_1  |        0|   0|  0|    9|    0|
    |sparsemux_7_2_8_1_1_U8365  |sparsemux_7_2_8_1_1  |        0|   0|  0|    9|    0|
    |sparsemux_7_2_8_1_1_U8366  |sparsemux_7_2_8_1_1  |        0|   0|  0|    9|    0|
    |sparsemux_7_2_8_1_1_U8367  |sparsemux_7_2_8_1_1  |        0|   0|  0|    9|    0|
    |sparsemux_7_2_8_1_1_U8368  |sparsemux_7_2_8_1_1  |        0|   0|  0|    9|    0|
    |sparsemux_7_2_8_1_1_U8369  |sparsemux_7_2_8_1_1  |        0|   0|  0|    9|    0|
    |sparsemux_7_2_8_1_1_U8370  |sparsemux_7_2_8_1_1  |        0|   0|  0|    9|    0|
    |sparsemux_7_2_8_1_1_U8371  |sparsemux_7_2_8_1_1  |        0|   0|  0|    9|    0|
    |sparsemux_7_2_8_1_1_U8372  |sparsemux_7_2_8_1_1  |        0|   0|  0|    9|    0|
    |sparsemux_7_2_8_1_1_U8373  |sparsemux_7_2_8_1_1  |        0|   0|  0|    9|    0|
    |sparsemux_7_2_8_1_1_U8374  |sparsemux_7_2_8_1_1  |        0|   0|  0|    9|    0|
    |sparsemux_7_2_8_1_1_U8375  |sparsemux_7_2_8_1_1  |        0|   0|  0|    9|    0|
    |sparsemux_7_2_8_1_1_U8376  |sparsemux_7_2_8_1_1  |        0|   0|  0|    9|    0|
    |sparsemux_7_2_8_1_1_U8377  |sparsemux_7_2_8_1_1  |        0|   0|  0|    9|    0|
    |sparsemux_7_2_8_1_1_U8378  |sparsemux_7_2_8_1_1  |        0|   0|  0|    9|    0|
    |sparsemux_7_2_8_1_1_U8379  |sparsemux_7_2_8_1_1  |        0|   0|  0|    9|    0|
    |sparsemux_7_2_8_1_1_U8380  |sparsemux_7_2_8_1_1  |        0|   0|  0|    9|    0|
    |sparsemux_7_2_8_1_1_U8381  |sparsemux_7_2_8_1_1  |        0|   0|  0|    9|    0|
    |sparsemux_7_2_8_1_1_U8382  |sparsemux_7_2_8_1_1  |        0|   0|  0|    9|    0|
    |sparsemux_7_2_8_1_1_U8383  |sparsemux_7_2_8_1_1  |        0|   0|  0|    9|    0|
    |sparsemux_7_2_8_1_1_U8384  |sparsemux_7_2_8_1_1  |        0|   0|  0|    9|    0|
    |sparsemux_7_2_8_1_1_U8385  |sparsemux_7_2_8_1_1  |        0|   0|  0|    9|    0|
    |sparsemux_7_2_8_1_1_U8386  |sparsemux_7_2_8_1_1  |        0|   0|  0|    9|    0|
    |sparsemux_7_2_8_1_1_U8387  |sparsemux_7_2_8_1_1  |        0|   0|  0|    9|    0|
    |sparsemux_7_2_8_1_1_U8388  |sparsemux_7_2_8_1_1  |        0|   0|  0|    9|    0|
    |sparsemux_7_2_8_1_1_U8389  |sparsemux_7_2_8_1_1  |        0|   0|  0|    9|    0|
    |sparsemux_7_2_8_1_1_U8390  |sparsemux_7_2_8_1_1  |        0|   0|  0|    9|    0|
    |sparsemux_7_2_8_1_1_U8391  |sparsemux_7_2_8_1_1  |        0|   0|  0|    9|    0|
    |sparsemux_7_2_8_1_1_U8392  |sparsemux_7_2_8_1_1  |        0|   0|  0|    9|    0|
    |sparsemux_7_2_8_1_1_U8393  |sparsemux_7_2_8_1_1  |        0|   0|  0|    9|    0|
    |sparsemux_7_2_8_1_1_U8394  |sparsemux_7_2_8_1_1  |        0|   0|  0|    9|    0|
    |sparsemux_7_2_8_1_1_U8395  |sparsemux_7_2_8_1_1  |        0|   0|  0|    9|    0|
    |sparsemux_7_2_8_1_1_U8396  |sparsemux_7_2_8_1_1  |        0|   0|  0|    9|    0|
    |sparsemux_7_2_8_1_1_U8397  |sparsemux_7_2_8_1_1  |        0|   0|  0|    9|    0|
    |sparsemux_7_2_8_1_1_U8398  |sparsemux_7_2_8_1_1  |        0|   0|  0|    9|    0|
    |sparsemux_7_2_8_1_1_U8399  |sparsemux_7_2_8_1_1  |        0|   0|  0|    9|    0|
    |sparsemux_7_2_8_1_1_U8400  |sparsemux_7_2_8_1_1  |        0|   0|  0|    9|    0|
    |sparsemux_7_2_8_1_1_U8401  |sparsemux_7_2_8_1_1  |        0|   0|  0|    9|    0|
    |sparsemux_7_2_8_1_1_U8402  |sparsemux_7_2_8_1_1  |        0|   0|  0|    9|    0|
    |sparsemux_7_2_8_1_1_U8403  |sparsemux_7_2_8_1_1  |        0|   0|  0|    9|    0|
    |sparsemux_7_2_8_1_1_U8404  |sparsemux_7_2_8_1_1  |        0|   0|  0|    9|    0|
    |sparsemux_7_2_8_1_1_U8405  |sparsemux_7_2_8_1_1  |        0|   0|  0|    9|    0|
    |sparsemux_7_2_8_1_1_U8406  |sparsemux_7_2_8_1_1  |        0|   0|  0|    9|    0|
    |sparsemux_7_2_8_1_1_U8407  |sparsemux_7_2_8_1_1  |        0|   0|  0|    9|    0|
    |sparsemux_7_2_8_1_1_U8408  |sparsemux_7_2_8_1_1  |        0|   0|  0|    9|    0|
    |sparsemux_7_2_8_1_1_U8409  |sparsemux_7_2_8_1_1  |        0|   0|  0|    9|    0|
    |sparsemux_7_2_8_1_1_U8410  |sparsemux_7_2_8_1_1  |        0|   0|  0|    9|    0|
    |sparsemux_7_2_8_1_1_U8411  |sparsemux_7_2_8_1_1  |        0|   0|  0|    9|    0|
    |sparsemux_7_2_8_1_1_U8412  |sparsemux_7_2_8_1_1  |        0|   0|  0|    9|    0|
    |sparsemux_7_2_8_1_1_U8413  |sparsemux_7_2_8_1_1  |        0|   0|  0|    9|    0|
    |sparsemux_7_2_8_1_1_U8414  |sparsemux_7_2_8_1_1  |        0|   0|  0|    9|    0|
    |sparsemux_7_2_8_1_1_U8415  |sparsemux_7_2_8_1_1  |        0|   0|  0|    9|    0|
    |sparsemux_7_2_8_1_1_U8416  |sparsemux_7_2_8_1_1  |        0|   0|  0|    9|    0|
    |sparsemux_7_2_8_1_1_U8417  |sparsemux_7_2_8_1_1  |        0|   0|  0|    9|    0|
    |sparsemux_7_2_8_1_1_U8418  |sparsemux_7_2_8_1_1  |        0|   0|  0|    9|    0|
    |sparsemux_7_2_8_1_1_U8419  |sparsemux_7_2_8_1_1  |        0|   0|  0|    9|    0|
    |sparsemux_7_2_8_1_1_U8420  |sparsemux_7_2_8_1_1  |        0|   0|  0|    9|    0|
    |sparsemux_7_2_8_1_1_U8421  |sparsemux_7_2_8_1_1  |        0|   0|  0|    9|    0|
    |sparsemux_7_2_8_1_1_U8422  |sparsemux_7_2_8_1_1  |        0|   0|  0|    9|    0|
    |sparsemux_7_2_8_1_1_U8423  |sparsemux_7_2_8_1_1  |        0|   0|  0|    9|    0|
    |sparsemux_7_2_8_1_1_U8424  |sparsemux_7_2_8_1_1  |        0|   0|  0|    9|    0|
    |sparsemux_7_2_8_1_1_U8425  |sparsemux_7_2_8_1_1  |        0|   0|  0|    9|    0|
    |sparsemux_7_2_8_1_1_U8426  |sparsemux_7_2_8_1_1  |        0|   0|  0|    9|    0|
    |sparsemux_7_2_8_1_1_U8427  |sparsemux_7_2_8_1_1  |        0|   0|  0|    9|    0|
    |sparsemux_7_2_8_1_1_U8428  |sparsemux_7_2_8_1_1  |        0|   0|  0|    9|    0|
    |sparsemux_7_2_8_1_1_U8429  |sparsemux_7_2_8_1_1  |        0|   0|  0|    9|    0|
    |sparsemux_7_2_8_1_1_U8430  |sparsemux_7_2_8_1_1  |        0|   0|  0|    9|    0|
    |sparsemux_7_2_8_1_1_U8431  |sparsemux_7_2_8_1_1  |        0|   0|  0|    9|    0|
    |sparsemux_7_2_8_1_1_U8432  |sparsemux_7_2_8_1_1  |        0|   0|  0|    9|    0|
    |sparsemux_7_2_8_1_1_U8433  |sparsemux_7_2_8_1_1  |        0|   0|  0|    9|    0|
    |sparsemux_7_2_8_1_1_U8434  |sparsemux_7_2_8_1_1  |        0|   0|  0|    9|    0|
    |sparsemux_7_2_8_1_1_U8435  |sparsemux_7_2_8_1_1  |        0|   0|  0|    9|    0|
    |sparsemux_7_2_8_1_1_U8436  |sparsemux_7_2_8_1_1  |        0|   0|  0|    9|    0|
    |sparsemux_7_2_8_1_1_U8437  |sparsemux_7_2_8_1_1  |        0|   0|  0|    9|    0|
    |sparsemux_7_2_8_1_1_U8438  |sparsemux_7_2_8_1_1  |        0|   0|  0|    9|    0|
    |sparsemux_7_2_8_1_1_U8439  |sparsemux_7_2_8_1_1  |        0|   0|  0|    9|    0|
    |sparsemux_7_2_8_1_1_U8440  |sparsemux_7_2_8_1_1  |        0|   0|  0|    9|    0|
    |sparsemux_7_2_8_1_1_U8441  |sparsemux_7_2_8_1_1  |        0|   0|  0|    9|    0|
    |sparsemux_7_2_8_1_1_U8442  |sparsemux_7_2_8_1_1  |        0|   0|  0|    9|    0|
    |sparsemux_7_2_8_1_1_U8443  |sparsemux_7_2_8_1_1  |        0|   0|  0|    9|    0|
    |sparsemux_7_2_8_1_1_U8444  |sparsemux_7_2_8_1_1  |        0|   0|  0|    9|    0|
    |sparsemux_7_2_8_1_1_U8445  |sparsemux_7_2_8_1_1  |        0|   0|  0|    9|    0|
    |sparsemux_7_2_8_1_1_U8446  |sparsemux_7_2_8_1_1  |        0|   0|  0|    9|    0|
    |sparsemux_7_2_8_1_1_U8447  |sparsemux_7_2_8_1_1  |        0|   0|  0|    9|    0|
    |sparsemux_7_2_8_1_1_U8448  |sparsemux_7_2_8_1_1  |        0|   0|  0|    9|    0|
    |sparsemux_7_2_8_1_1_U8449  |sparsemux_7_2_8_1_1  |        0|   0|  0|    9|    0|
    |sparsemux_7_2_8_1_1_U8450  |sparsemux_7_2_8_1_1  |        0|   0|  0|    9|    0|
    |sparsemux_7_2_8_1_1_U8451  |sparsemux_7_2_8_1_1  |        0|   0|  0|    9|    0|
    |sparsemux_7_2_8_1_1_U8452  |sparsemux_7_2_8_1_1  |        0|   0|  0|    9|    0|
    |sparsemux_7_2_8_1_1_U8453  |sparsemux_7_2_8_1_1  |        0|   0|  0|    9|    0|
    |sparsemux_7_2_8_1_1_U8454  |sparsemux_7_2_8_1_1  |        0|   0|  0|    9|    0|
    |sparsemux_7_2_8_1_1_U8455  |sparsemux_7_2_8_1_1  |        0|   0|  0|    9|    0|
    |sparsemux_7_2_8_1_1_U8456  |sparsemux_7_2_8_1_1  |        0|   0|  0|    9|    0|
    |sparsemux_7_2_8_1_1_U8457  |sparsemux_7_2_8_1_1  |        0|   0|  0|    9|    0|
    |sparsemux_7_2_8_1_1_U8458  |sparsemux_7_2_8_1_1  |        0|   0|  0|    9|    0|
    |sparsemux_7_2_8_1_1_U8459  |sparsemux_7_2_8_1_1  |        0|   0|  0|    9|    0|
    |sparsemux_7_2_8_1_1_U8460  |sparsemux_7_2_8_1_1  |        0|   0|  0|    9|    0|
    |sparsemux_7_2_8_1_1_U8461  |sparsemux_7_2_8_1_1  |        0|   0|  0|    9|    0|
    |sparsemux_7_2_8_1_1_U8462  |sparsemux_7_2_8_1_1  |        0|   0|  0|    9|    0|
    |sparsemux_7_2_8_1_1_U8463  |sparsemux_7_2_8_1_1  |        0|   0|  0|    9|    0|
    |sparsemux_7_2_8_1_1_U8464  |sparsemux_7_2_8_1_1  |        0|   0|  0|    9|    0|
    |sparsemux_7_2_8_1_1_U8465  |sparsemux_7_2_8_1_1  |        0|   0|  0|    9|    0|
    |sparsemux_7_2_8_1_1_U8466  |sparsemux_7_2_8_1_1  |        0|   0|  0|    9|    0|
    |sparsemux_7_2_8_1_1_U8467  |sparsemux_7_2_8_1_1  |        0|   0|  0|    9|    0|
    |sparsemux_7_2_8_1_1_U8468  |sparsemux_7_2_8_1_1  |        0|   0|  0|    9|    0|
    |sparsemux_7_2_8_1_1_U8469  |sparsemux_7_2_8_1_1  |        0|   0|  0|    9|    0|
    |sparsemux_7_2_8_1_1_U8470  |sparsemux_7_2_8_1_1  |        0|   0|  0|    9|    0|
    |sparsemux_7_2_8_1_1_U8471  |sparsemux_7_2_8_1_1  |        0|   0|  0|    9|    0|
    |sparsemux_7_2_8_1_1_U8472  |sparsemux_7_2_8_1_1  |        0|   0|  0|    9|    0|
    |sparsemux_7_2_8_1_1_U8473  |sparsemux_7_2_8_1_1  |        0|   0|  0|    9|    0|
    |sparsemux_7_2_8_1_1_U8474  |sparsemux_7_2_8_1_1  |        0|   0|  0|    9|    0|
    |sparsemux_7_2_8_1_1_U8475  |sparsemux_7_2_8_1_1  |        0|   0|  0|    9|    0|
    |sparsemux_7_2_8_1_1_U8476  |sparsemux_7_2_8_1_1  |        0|   0|  0|    9|    0|
    |sparsemux_7_2_8_1_1_U8477  |sparsemux_7_2_8_1_1  |        0|   0|  0|    9|    0|
    |sparsemux_7_2_8_1_1_U8478  |sparsemux_7_2_8_1_1  |        0|   0|  0|    9|    0|
    |sparsemux_7_2_8_1_1_U8479  |sparsemux_7_2_8_1_1  |        0|   0|  0|    9|    0|
    |sparsemux_7_2_8_1_1_U8480  |sparsemux_7_2_8_1_1  |        0|   0|  0|    9|    0|
    |sparsemux_7_2_8_1_1_U8481  |sparsemux_7_2_8_1_1  |        0|   0|  0|    9|    0|
    |sparsemux_7_2_8_1_1_U8482  |sparsemux_7_2_8_1_1  |        0|   0|  0|    9|    0|
    |sparsemux_7_2_8_1_1_U8483  |sparsemux_7_2_8_1_1  |        0|   0|  0|    9|    0|
    |sparsemux_7_2_8_1_1_U8484  |sparsemux_7_2_8_1_1  |        0|   0|  0|    9|    0|
    |sparsemux_7_2_8_1_1_U8485  |sparsemux_7_2_8_1_1  |        0|   0|  0|    9|    0|
    |sparsemux_7_2_8_1_1_U8486  |sparsemux_7_2_8_1_1  |        0|   0|  0|    9|    0|
    |sparsemux_7_2_8_1_1_U8487  |sparsemux_7_2_8_1_1  |        0|   0|  0|    9|    0|
    |sparsemux_7_2_8_1_1_U8488  |sparsemux_7_2_8_1_1  |        0|   0|  0|    9|    0|
    |sparsemux_7_2_8_1_1_U8489  |sparsemux_7_2_8_1_1  |        0|   0|  0|    9|    0|
    |sparsemux_7_2_8_1_1_U8490  |sparsemux_7_2_8_1_1  |        0|   0|  0|    9|    0|
    |sparsemux_7_2_8_1_1_U8491  |sparsemux_7_2_8_1_1  |        0|   0|  0|    9|    0|
    |sparsemux_7_2_8_1_1_U8492  |sparsemux_7_2_8_1_1  |        0|   0|  0|    9|    0|
    |sparsemux_7_2_8_1_1_U8493  |sparsemux_7_2_8_1_1  |        0|   0|  0|    9|    0|
    |sparsemux_7_2_8_1_1_U8494  |sparsemux_7_2_8_1_1  |        0|   0|  0|    9|    0|
    |sparsemux_7_2_8_1_1_U8495  |sparsemux_7_2_8_1_1  |        0|   0|  0|    9|    0|
    |sparsemux_7_2_8_1_1_U8496  |sparsemux_7_2_8_1_1  |        0|   0|  0|    9|    0|
    |sparsemux_7_2_8_1_1_U8497  |sparsemux_7_2_8_1_1  |        0|   0|  0|    9|    0|
    |sparsemux_7_2_8_1_1_U8498  |sparsemux_7_2_8_1_1  |        0|   0|  0|    9|    0|
    |sparsemux_7_2_8_1_1_U8499  |sparsemux_7_2_8_1_1  |        0|   0|  0|    9|    0|
    |sparsemux_7_2_8_1_1_U8500  |sparsemux_7_2_8_1_1  |        0|   0|  0|    9|    0|
    |sparsemux_7_2_8_1_1_U8501  |sparsemux_7_2_8_1_1  |        0|   0|  0|    9|    0|
    |sparsemux_7_2_8_1_1_U8502  |sparsemux_7_2_8_1_1  |        0|   0|  0|    9|    0|
    |sparsemux_7_2_8_1_1_U8503  |sparsemux_7_2_8_1_1  |        0|   0|  0|    9|    0|
    |sparsemux_7_2_8_1_1_U8504  |sparsemux_7_2_8_1_1  |        0|   0|  0|    9|    0|
    |sparsemux_7_2_8_1_1_U8505  |sparsemux_7_2_8_1_1  |        0|   0|  0|    9|    0|
    |sparsemux_7_2_8_1_1_U8506  |sparsemux_7_2_8_1_1  |        0|   0|  0|    9|    0|
    |sparsemux_7_2_8_1_1_U8507  |sparsemux_7_2_8_1_1  |        0|   0|  0|    9|    0|
    |sparsemux_7_2_8_1_1_U8508  |sparsemux_7_2_8_1_1  |        0|   0|  0|    9|    0|
    |sparsemux_7_2_8_1_1_U8509  |sparsemux_7_2_8_1_1  |        0|   0|  0|    9|    0|
    |sparsemux_7_2_8_1_1_U8510  |sparsemux_7_2_8_1_1  |        0|   0|  0|    9|    0|
    |sparsemux_7_2_8_1_1_U8511  |sparsemux_7_2_8_1_1  |        0|   0|  0|    9|    0|
    |sparsemux_7_2_8_1_1_U8512  |sparsemux_7_2_8_1_1  |        0|   0|  0|    9|    0|
    |sparsemux_7_2_8_1_1_U8513  |sparsemux_7_2_8_1_1  |        0|   0|  0|    9|    0|
    |sparsemux_7_2_8_1_1_U8514  |sparsemux_7_2_8_1_1  |        0|   0|  0|    9|    0|
    |sparsemux_7_2_8_1_1_U8515  |sparsemux_7_2_8_1_1  |        0|   0|  0|    9|    0|
    |sparsemux_7_2_8_1_1_U8516  |sparsemux_7_2_8_1_1  |        0|   0|  0|    9|    0|
    |sparsemux_7_2_8_1_1_U8517  |sparsemux_7_2_8_1_1  |        0|   0|  0|    9|    0|
    |sparsemux_7_2_8_1_1_U8518  |sparsemux_7_2_8_1_1  |        0|   0|  0|    9|    0|
    |sparsemux_7_2_8_1_1_U8519  |sparsemux_7_2_8_1_1  |        0|   0|  0|    9|    0|
    |sparsemux_7_2_8_1_1_U8520  |sparsemux_7_2_8_1_1  |        0|   0|  0|    9|    0|
    |sparsemux_7_2_8_1_1_U8521  |sparsemux_7_2_8_1_1  |        0|   0|  0|    9|    0|
    |sparsemux_7_2_8_1_1_U8522  |sparsemux_7_2_8_1_1  |        0|   0|  0|    9|    0|
    |sparsemux_7_2_8_1_1_U8523  |sparsemux_7_2_8_1_1  |        0|   0|  0|    9|    0|
    |sparsemux_7_2_8_1_1_U8524  |sparsemux_7_2_8_1_1  |        0|   0|  0|    9|    0|
    |sparsemux_7_2_8_1_1_U8525  |sparsemux_7_2_8_1_1  |        0|   0|  0|    9|    0|
    |sparsemux_7_2_8_1_1_U8526  |sparsemux_7_2_8_1_1  |        0|   0|  0|    9|    0|
    |sparsemux_7_2_8_1_1_U8527  |sparsemux_7_2_8_1_1  |        0|   0|  0|    9|    0|
    |sparsemux_7_2_8_1_1_U8528  |sparsemux_7_2_8_1_1  |        0|   0|  0|    9|    0|
    |sparsemux_7_2_8_1_1_U8529  |sparsemux_7_2_8_1_1  |        0|   0|  0|    9|    0|
    |sparsemux_7_2_8_1_1_U8530  |sparsemux_7_2_8_1_1  |        0|   0|  0|    9|    0|
    |sparsemux_7_2_8_1_1_U8531  |sparsemux_7_2_8_1_1  |        0|   0|  0|    9|    0|
    |sparsemux_7_2_8_1_1_U8532  |sparsemux_7_2_8_1_1  |        0|   0|  0|    9|    0|
    |sparsemux_7_2_8_1_1_U8533  |sparsemux_7_2_8_1_1  |        0|   0|  0|    9|    0|
    |sparsemux_7_2_8_1_1_U8534  |sparsemux_7_2_8_1_1  |        0|   0|  0|    9|    0|
    |sparsemux_7_2_8_1_1_U8535  |sparsemux_7_2_8_1_1  |        0|   0|  0|    9|    0|
    |sparsemux_7_2_8_1_1_U8536  |sparsemux_7_2_8_1_1  |        0|   0|  0|    9|    0|
    |sparsemux_7_2_8_1_1_U8537  |sparsemux_7_2_8_1_1  |        0|   0|  0|    9|    0|
    |sparsemux_7_2_8_1_1_U8538  |sparsemux_7_2_8_1_1  |        0|   0|  0|    9|    0|
    |sparsemux_7_2_8_1_1_U8539  |sparsemux_7_2_8_1_1  |        0|   0|  0|    9|    0|
    |sparsemux_7_2_8_1_1_U8540  |sparsemux_7_2_8_1_1  |        0|   0|  0|    9|    0|
    |sparsemux_7_2_8_1_1_U8541  |sparsemux_7_2_8_1_1  |        0|   0|  0|    9|    0|
    |sparsemux_7_2_8_1_1_U8542  |sparsemux_7_2_8_1_1  |        0|   0|  0|    9|    0|
    |sparsemux_7_2_8_1_1_U8543  |sparsemux_7_2_8_1_1  |        0|   0|  0|    9|    0|
    |sparsemux_7_2_8_1_1_U8544  |sparsemux_7_2_8_1_1  |        0|   0|  0|    9|    0|
    |sparsemux_7_2_8_1_1_U8545  |sparsemux_7_2_8_1_1  |        0|   0|  0|    9|    0|
    |sparsemux_7_2_8_1_1_U8546  |sparsemux_7_2_8_1_1  |        0|   0|  0|    9|    0|
    |sparsemux_7_2_8_1_1_U8547  |sparsemux_7_2_8_1_1  |        0|   0|  0|    9|    0|
    |sparsemux_7_2_8_1_1_U8548  |sparsemux_7_2_8_1_1  |        0|   0|  0|    9|    0|
    |sparsemux_7_2_8_1_1_U8549  |sparsemux_7_2_8_1_1  |        0|   0|  0|    9|    0|
    |sparsemux_7_2_8_1_1_U8550  |sparsemux_7_2_8_1_1  |        0|   0|  0|    9|    0|
    |sparsemux_7_2_8_1_1_U8551  |sparsemux_7_2_8_1_1  |        0|   0|  0|    9|    0|
    |sparsemux_7_2_8_1_1_U8552  |sparsemux_7_2_8_1_1  |        0|   0|  0|    9|    0|
    |sparsemux_7_2_8_1_1_U8553  |sparsemux_7_2_8_1_1  |        0|   0|  0|    9|    0|
    |sparsemux_7_2_8_1_1_U8554  |sparsemux_7_2_8_1_1  |        0|   0|  0|    9|    0|
    |sparsemux_7_2_8_1_1_U8555  |sparsemux_7_2_8_1_1  |        0|   0|  0|    9|    0|
    |sparsemux_7_2_8_1_1_U8556  |sparsemux_7_2_8_1_1  |        0|   0|  0|    9|    0|
    |sparsemux_7_2_8_1_1_U8557  |sparsemux_7_2_8_1_1  |        0|   0|  0|    9|    0|
    |sparsemux_7_2_8_1_1_U8558  |sparsemux_7_2_8_1_1  |        0|   0|  0|    9|    0|
    |sparsemux_7_2_8_1_1_U8559  |sparsemux_7_2_8_1_1  |        0|   0|  0|    9|    0|
    |sparsemux_7_2_8_1_1_U8560  |sparsemux_7_2_8_1_1  |        0|   0|  0|    9|    0|
    |sparsemux_7_2_8_1_1_U8561  |sparsemux_7_2_8_1_1  |        0|   0|  0|    9|    0|
    |sparsemux_7_2_8_1_1_U8562  |sparsemux_7_2_8_1_1  |        0|   0|  0|    9|    0|
    |sparsemux_7_2_8_1_1_U8563  |sparsemux_7_2_8_1_1  |        0|   0|  0|    9|    0|
    |sparsemux_7_2_8_1_1_U8564  |sparsemux_7_2_8_1_1  |        0|   0|  0|    9|    0|
    |sparsemux_7_2_8_1_1_U8565  |sparsemux_7_2_8_1_1  |        0|   0|  0|    9|    0|
    |sparsemux_7_2_8_1_1_U8566  |sparsemux_7_2_8_1_1  |        0|   0|  0|    9|    0|
    |sparsemux_7_2_8_1_1_U8567  |sparsemux_7_2_8_1_1  |        0|   0|  0|    9|    0|
    |sparsemux_7_2_8_1_1_U8568  |sparsemux_7_2_8_1_1  |        0|   0|  0|    9|    0|
    |sparsemux_7_2_8_1_1_U8569  |sparsemux_7_2_8_1_1  |        0|   0|  0|    9|    0|
    |sparsemux_7_2_8_1_1_U8570  |sparsemux_7_2_8_1_1  |        0|   0|  0|    9|    0|
    |sparsemux_7_2_8_1_1_U8571  |sparsemux_7_2_8_1_1  |        0|   0|  0|    9|    0|
    |sparsemux_7_2_8_1_1_U8572  |sparsemux_7_2_8_1_1  |        0|   0|  0|    9|    0|
    |sparsemux_7_2_8_1_1_U8573  |sparsemux_7_2_8_1_1  |        0|   0|  0|    9|    0|
    |sparsemux_7_2_8_1_1_U8574  |sparsemux_7_2_8_1_1  |        0|   0|  0|    9|    0|
    |sparsemux_7_2_8_1_1_U8575  |sparsemux_7_2_8_1_1  |        0|   0|  0|    9|    0|
    |sparsemux_7_2_8_1_1_U8576  |sparsemux_7_2_8_1_1  |        0|   0|  0|    9|    0|
    |sparsemux_7_2_8_1_1_U8577  |sparsemux_7_2_8_1_1  |        0|   0|  0|    9|    0|
    |sparsemux_7_2_8_1_1_U8578  |sparsemux_7_2_8_1_1  |        0|   0|  0|    9|    0|
    |sparsemux_7_2_8_1_1_U8579  |sparsemux_7_2_8_1_1  |        0|   0|  0|    9|    0|
    |sparsemux_7_2_8_1_1_U8580  |sparsemux_7_2_8_1_1  |        0|   0|  0|    9|    0|
    |sparsemux_7_2_8_1_1_U8581  |sparsemux_7_2_8_1_1  |        0|   0|  0|    9|    0|
    |sparsemux_7_2_8_1_1_U8582  |sparsemux_7_2_8_1_1  |        0|   0|  0|    9|    0|
    |sparsemux_7_2_8_1_1_U8583  |sparsemux_7_2_8_1_1  |        0|   0|  0|    9|    0|
    |sparsemux_7_2_8_1_1_U8584  |sparsemux_7_2_8_1_1  |        0|   0|  0|    9|    0|
    |sparsemux_7_2_8_1_1_U8585  |sparsemux_7_2_8_1_1  |        0|   0|  0|    9|    0|
    |sparsemux_7_2_8_1_1_U8586  |sparsemux_7_2_8_1_1  |        0|   0|  0|    9|    0|
    |sparsemux_7_2_8_1_1_U8587  |sparsemux_7_2_8_1_1  |        0|   0|  0|    9|    0|
    |sparsemux_7_2_8_1_1_U8588  |sparsemux_7_2_8_1_1  |        0|   0|  0|    9|    0|
    |sparsemux_7_2_8_1_1_U8589  |sparsemux_7_2_8_1_1  |        0|   0|  0|    9|    0|
    |sparsemux_7_2_8_1_1_U8590  |sparsemux_7_2_8_1_1  |        0|   0|  0|    9|    0|
    |sparsemux_7_2_8_1_1_U8591  |sparsemux_7_2_8_1_1  |        0|   0|  0|    9|    0|
    |sparsemux_7_2_8_1_1_U8592  |sparsemux_7_2_8_1_1  |        0|   0|  0|    9|    0|
    |sparsemux_7_2_8_1_1_U8593  |sparsemux_7_2_8_1_1  |        0|   0|  0|    9|    0|
    |sparsemux_7_2_8_1_1_U8594  |sparsemux_7_2_8_1_1  |        0|   0|  0|    9|    0|
    |sparsemux_7_2_8_1_1_U8595  |sparsemux_7_2_8_1_1  |        0|   0|  0|    9|    0|
    |sparsemux_7_2_8_1_1_U8596  |sparsemux_7_2_8_1_1  |        0|   0|  0|    9|    0|
    |sparsemux_7_2_8_1_1_U8597  |sparsemux_7_2_8_1_1  |        0|   0|  0|    9|    0|
    |sparsemux_7_2_8_1_1_U8598  |sparsemux_7_2_8_1_1  |        0|   0|  0|    9|    0|
    |sparsemux_7_2_8_1_1_U8599  |sparsemux_7_2_8_1_1  |        0|   0|  0|    9|    0|
    |sparsemux_7_2_8_1_1_U8600  |sparsemux_7_2_8_1_1  |        0|   0|  0|    9|    0|
    |sparsemux_7_2_8_1_1_U8601  |sparsemux_7_2_8_1_1  |        0|   0|  0|    9|    0|
    |sparsemux_7_2_8_1_1_U8602  |sparsemux_7_2_8_1_1  |        0|   0|  0|    9|    0|
    |sparsemux_7_2_8_1_1_U8603  |sparsemux_7_2_8_1_1  |        0|   0|  0|    9|    0|
    |sparsemux_7_2_8_1_1_U8604  |sparsemux_7_2_8_1_1  |        0|   0|  0|    9|    0|
    |sparsemux_7_2_8_1_1_U8605  |sparsemux_7_2_8_1_1  |        0|   0|  0|    9|    0|
    |sparsemux_7_2_8_1_1_U8606  |sparsemux_7_2_8_1_1  |        0|   0|  0|    9|    0|
    |sparsemux_7_2_8_1_1_U8607  |sparsemux_7_2_8_1_1  |        0|   0|  0|    9|    0|
    |sparsemux_7_2_8_1_1_U8608  |sparsemux_7_2_8_1_1  |        0|   0|  0|    9|    0|
    |sparsemux_7_2_8_1_1_U8609  |sparsemux_7_2_8_1_1  |        0|   0|  0|    9|    0|
    |sparsemux_7_2_8_1_1_U8610  |sparsemux_7_2_8_1_1  |        0|   0|  0|    9|    0|
    |sparsemux_7_2_8_1_1_U8611  |sparsemux_7_2_8_1_1  |        0|   0|  0|    9|    0|
    |sparsemux_7_2_8_1_1_U8612  |sparsemux_7_2_8_1_1  |        0|   0|  0|    9|    0|
    |sparsemux_7_2_8_1_1_U8613  |sparsemux_7_2_8_1_1  |        0|   0|  0|    9|    0|
    |sparsemux_7_2_8_1_1_U8614  |sparsemux_7_2_8_1_1  |        0|   0|  0|    9|    0|
    |sparsemux_7_2_8_1_1_U8615  |sparsemux_7_2_8_1_1  |        0|   0|  0|    9|    0|
    |sparsemux_7_2_8_1_1_U8616  |sparsemux_7_2_8_1_1  |        0|   0|  0|    9|    0|
    |sparsemux_7_2_8_1_1_U8617  |sparsemux_7_2_8_1_1  |        0|   0|  0|    9|    0|
    |sparsemux_7_2_8_1_1_U8618  |sparsemux_7_2_8_1_1  |        0|   0|  0|    9|    0|
    |sparsemux_7_2_8_1_1_U8619  |sparsemux_7_2_8_1_1  |        0|   0|  0|    9|    0|
    |sparsemux_7_2_8_1_1_U8620  |sparsemux_7_2_8_1_1  |        0|   0|  0|    9|    0|
    |sparsemux_7_2_8_1_1_U8621  |sparsemux_7_2_8_1_1  |        0|   0|  0|    9|    0|
    |sparsemux_7_2_8_1_1_U8622  |sparsemux_7_2_8_1_1  |        0|   0|  0|    9|    0|
    |sparsemux_7_2_8_1_1_U8623  |sparsemux_7_2_8_1_1  |        0|   0|  0|    9|    0|
    |sparsemux_7_2_8_1_1_U8624  |sparsemux_7_2_8_1_1  |        0|   0|  0|    9|    0|
    |sparsemux_7_2_8_1_1_U8625  |sparsemux_7_2_8_1_1  |        0|   0|  0|    9|    0|
    |sparsemux_7_2_8_1_1_U8626  |sparsemux_7_2_8_1_1  |        0|   0|  0|    9|    0|
    |sparsemux_7_2_8_1_1_U8627  |sparsemux_7_2_8_1_1  |        0|   0|  0|    9|    0|
    |sparsemux_7_2_8_1_1_U8628  |sparsemux_7_2_8_1_1  |        0|   0|  0|    9|    0|
    |sparsemux_7_2_8_1_1_U8629  |sparsemux_7_2_8_1_1  |        0|   0|  0|    9|    0|
    |sparsemux_7_2_8_1_1_U8630  |sparsemux_7_2_8_1_1  |        0|   0|  0|    9|    0|
    |sparsemux_7_2_8_1_1_U8631  |sparsemux_7_2_8_1_1  |        0|   0|  0|    9|    0|
    |sparsemux_7_2_8_1_1_U8632  |sparsemux_7_2_8_1_1  |        0|   0|  0|    9|    0|
    |sparsemux_7_2_8_1_1_U8633  |sparsemux_7_2_8_1_1  |        0|   0|  0|    9|    0|
    |sparsemux_7_2_8_1_1_U8634  |sparsemux_7_2_8_1_1  |        0|   0|  0|    9|    0|
    |sparsemux_7_2_8_1_1_U8635  |sparsemux_7_2_8_1_1  |        0|   0|  0|    9|    0|
    |sparsemux_7_2_8_1_1_U8636  |sparsemux_7_2_8_1_1  |        0|   0|  0|    9|    0|
    |sparsemux_7_2_8_1_1_U8637  |sparsemux_7_2_8_1_1  |        0|   0|  0|    9|    0|
    |sparsemux_7_2_8_1_1_U8638  |sparsemux_7_2_8_1_1  |        0|   0|  0|    9|    0|
    |sparsemux_7_2_8_1_1_U8639  |sparsemux_7_2_8_1_1  |        0|   0|  0|    9|    0|
    |sparsemux_7_2_8_1_1_U8640  |sparsemux_7_2_8_1_1  |        0|   0|  0|    9|    0|
    |sparsemux_7_2_8_1_1_U8641  |sparsemux_7_2_8_1_1  |        0|   0|  0|    9|    0|
    |sparsemux_7_2_8_1_1_U8642  |sparsemux_7_2_8_1_1  |        0|   0|  0|    9|    0|
    |sparsemux_7_2_8_1_1_U8643  |sparsemux_7_2_8_1_1  |        0|   0|  0|    9|    0|
    |sparsemux_7_2_8_1_1_U8644  |sparsemux_7_2_8_1_1  |        0|   0|  0|    9|    0|
    |sparsemux_7_2_8_1_1_U8645  |sparsemux_7_2_8_1_1  |        0|   0|  0|    9|    0|
    |sparsemux_7_2_8_1_1_U8646  |sparsemux_7_2_8_1_1  |        0|   0|  0|    9|    0|
    |sparsemux_7_2_8_1_1_U8647  |sparsemux_7_2_8_1_1  |        0|   0|  0|    9|    0|
    |sparsemux_7_2_8_1_1_U8648  |sparsemux_7_2_8_1_1  |        0|   0|  0|    9|    0|
    |sparsemux_7_2_8_1_1_U8649  |sparsemux_7_2_8_1_1  |        0|   0|  0|    9|    0|
    |sparsemux_7_2_8_1_1_U8650  |sparsemux_7_2_8_1_1  |        0|   0|  0|    9|    0|
    |sparsemux_7_2_8_1_1_U8651  |sparsemux_7_2_8_1_1  |        0|   0|  0|    9|    0|
    |sparsemux_7_2_8_1_1_U8652  |sparsemux_7_2_8_1_1  |        0|   0|  0|    9|    0|
    |sparsemux_7_2_8_1_1_U8653  |sparsemux_7_2_8_1_1  |        0|   0|  0|    9|    0|
    |sparsemux_7_2_8_1_1_U8654  |sparsemux_7_2_8_1_1  |        0|   0|  0|    9|    0|
    |sparsemux_7_2_8_1_1_U8655  |sparsemux_7_2_8_1_1  |        0|   0|  0|    9|    0|
    |sparsemux_7_2_8_1_1_U8656  |sparsemux_7_2_8_1_1  |        0|   0|  0|    9|    0|
    |sparsemux_7_2_8_1_1_U8657  |sparsemux_7_2_8_1_1  |        0|   0|  0|    9|    0|
    |sparsemux_7_2_8_1_1_U8658  |sparsemux_7_2_8_1_1  |        0|   0|  0|    9|    0|
    |sparsemux_7_2_8_1_1_U8659  |sparsemux_7_2_8_1_1  |        0|   0|  0|    9|    0|
    |sparsemux_7_2_8_1_1_U8660  |sparsemux_7_2_8_1_1  |        0|   0|  0|    9|    0|
    |sparsemux_7_2_8_1_1_U8661  |sparsemux_7_2_8_1_1  |        0|   0|  0|    9|    0|
    |sparsemux_7_2_8_1_1_U8662  |sparsemux_7_2_8_1_1  |        0|   0|  0|    9|    0|
    |sparsemux_7_2_8_1_1_U8663  |sparsemux_7_2_8_1_1  |        0|   0|  0|    9|    0|
    |sparsemux_7_2_8_1_1_U8664  |sparsemux_7_2_8_1_1  |        0|   0|  0|    9|    0|
    |sparsemux_7_2_8_1_1_U8665  |sparsemux_7_2_8_1_1  |        0|   0|  0|    9|    0|
    |sparsemux_7_2_8_1_1_U8666  |sparsemux_7_2_8_1_1  |        0|   0|  0|    9|    0|
    |sparsemux_7_2_8_1_1_U8667  |sparsemux_7_2_8_1_1  |        0|   0|  0|    9|    0|
    |sparsemux_7_2_8_1_1_U8668  |sparsemux_7_2_8_1_1  |        0|   0|  0|    9|    0|
    |sparsemux_7_2_8_1_1_U8669  |sparsemux_7_2_8_1_1  |        0|   0|  0|    9|    0|
    |sparsemux_7_2_8_1_1_U8670  |sparsemux_7_2_8_1_1  |        0|   0|  0|    9|    0|
    |sparsemux_7_2_8_1_1_U8671  |sparsemux_7_2_8_1_1  |        0|   0|  0|    9|    0|
    |sparsemux_7_2_8_1_1_U8672  |sparsemux_7_2_8_1_1  |        0|   0|  0|    9|    0|
    |sparsemux_7_2_8_1_1_U8673  |sparsemux_7_2_8_1_1  |        0|   0|  0|    9|    0|
    |sparsemux_7_2_8_1_1_U8674  |sparsemux_7_2_8_1_1  |        0|   0|  0|    9|    0|
    |sparsemux_7_2_8_1_1_U8675  |sparsemux_7_2_8_1_1  |        0|   0|  0|    9|    0|
    |sparsemux_7_2_8_1_1_U8676  |sparsemux_7_2_8_1_1  |        0|   0|  0|    9|    0|
    |sparsemux_7_2_8_1_1_U8677  |sparsemux_7_2_8_1_1  |        0|   0|  0|    9|    0|
    |sparsemux_7_2_8_1_1_U8678  |sparsemux_7_2_8_1_1  |        0|   0|  0|    9|    0|
    |sparsemux_7_2_8_1_1_U8679  |sparsemux_7_2_8_1_1  |        0|   0|  0|    9|    0|
    |sparsemux_7_2_8_1_1_U8680  |sparsemux_7_2_8_1_1  |        0|   0|  0|    9|    0|
    |sparsemux_7_2_8_1_1_U8681  |sparsemux_7_2_8_1_1  |        0|   0|  0|    9|    0|
    |sparsemux_7_2_8_1_1_U8682  |sparsemux_7_2_8_1_1  |        0|   0|  0|    9|    0|
    |sparsemux_7_2_8_1_1_U8683  |sparsemux_7_2_8_1_1  |        0|   0|  0|    9|    0|
    |sparsemux_7_2_8_1_1_U8684  |sparsemux_7_2_8_1_1  |        0|   0|  0|    9|    0|
    |sparsemux_7_2_8_1_1_U8685  |sparsemux_7_2_8_1_1  |        0|   0|  0|    9|    0|
    |sparsemux_7_2_8_1_1_U8686  |sparsemux_7_2_8_1_1  |        0|   0|  0|    9|    0|
    |sparsemux_7_2_8_1_1_U8687  |sparsemux_7_2_8_1_1  |        0|   0|  0|    9|    0|
    |sparsemux_7_2_8_1_1_U8688  |sparsemux_7_2_8_1_1  |        0|   0|  0|    9|    0|
    |sparsemux_7_2_8_1_1_U8689  |sparsemux_7_2_8_1_1  |        0|   0|  0|    9|    0|
    |sparsemux_7_2_8_1_1_U8690  |sparsemux_7_2_8_1_1  |        0|   0|  0|    9|    0|
    |sparsemux_7_2_8_1_1_U8691  |sparsemux_7_2_8_1_1  |        0|   0|  0|    9|    0|
    |sparsemux_7_2_8_1_1_U8692  |sparsemux_7_2_8_1_1  |        0|   0|  0|    9|    0|
    |sparsemux_7_2_8_1_1_U8693  |sparsemux_7_2_8_1_1  |        0|   0|  0|    9|    0|
    |sparsemux_7_2_8_1_1_U8694  |sparsemux_7_2_8_1_1  |        0|   0|  0|    9|    0|
    |sparsemux_7_2_8_1_1_U8695  |sparsemux_7_2_8_1_1  |        0|   0|  0|    9|    0|
    |sparsemux_7_2_8_1_1_U8696  |sparsemux_7_2_8_1_1  |        0|   0|  0|    9|    0|
    |sparsemux_7_2_8_1_1_U8697  |sparsemux_7_2_8_1_1  |        0|   0|  0|    9|    0|
    |sparsemux_7_2_8_1_1_U8698  |sparsemux_7_2_8_1_1  |        0|   0|  0|    9|    0|
    |sparsemux_7_2_8_1_1_U8699  |sparsemux_7_2_8_1_1  |        0|   0|  0|    9|    0|
    |sparsemux_7_2_8_1_1_U8700  |sparsemux_7_2_8_1_1  |        0|   0|  0|    9|    0|
    |sparsemux_7_2_8_1_1_U8701  |sparsemux_7_2_8_1_1  |        0|   0|  0|    9|    0|
    |sparsemux_7_2_8_1_1_U8702  |sparsemux_7_2_8_1_1  |        0|   0|  0|    9|    0|
    |sparsemux_7_2_8_1_1_U8703  |sparsemux_7_2_8_1_1  |        0|   0|  0|    9|    0|
    |sparsemux_7_2_8_1_1_U8704  |sparsemux_7_2_8_1_1  |        0|   0|  0|    9|    0|
    |sparsemux_7_2_8_1_1_U8705  |sparsemux_7_2_8_1_1  |        0|   0|  0|    9|    0|
    |sparsemux_7_2_8_1_1_U8706  |sparsemux_7_2_8_1_1  |        0|   0|  0|    9|    0|
    |sparsemux_7_2_8_1_1_U8707  |sparsemux_7_2_8_1_1  |        0|   0|  0|    9|    0|
    |sparsemux_7_2_8_1_1_U8708  |sparsemux_7_2_8_1_1  |        0|   0|  0|    9|    0|
    |sparsemux_7_2_8_1_1_U8709  |sparsemux_7_2_8_1_1  |        0|   0|  0|    9|    0|
    |sparsemux_7_2_8_1_1_U8710  |sparsemux_7_2_8_1_1  |        0|   0|  0|    9|    0|
    |sparsemux_7_2_8_1_1_U8711  |sparsemux_7_2_8_1_1  |        0|   0|  0|    9|    0|
    |sparsemux_7_2_8_1_1_U8712  |sparsemux_7_2_8_1_1  |        0|   0|  0|    9|    0|
    |sparsemux_7_2_8_1_1_U8713  |sparsemux_7_2_8_1_1  |        0|   0|  0|    9|    0|
    |sparsemux_7_2_8_1_1_U8714  |sparsemux_7_2_8_1_1  |        0|   0|  0|    9|    0|
    |sparsemux_7_2_8_1_1_U8715  |sparsemux_7_2_8_1_1  |        0|   0|  0|    9|    0|
    |sparsemux_7_2_8_1_1_U8716  |sparsemux_7_2_8_1_1  |        0|   0|  0|    9|    0|
    |sparsemux_7_2_8_1_1_U8717  |sparsemux_7_2_8_1_1  |        0|   0|  0|    9|    0|
    |sparsemux_7_2_8_1_1_U8718  |sparsemux_7_2_8_1_1  |        0|   0|  0|    9|    0|
    |sparsemux_7_2_8_1_1_U8719  |sparsemux_7_2_8_1_1  |        0|   0|  0|    9|    0|
    |sparsemux_7_2_8_1_1_U8720  |sparsemux_7_2_8_1_1  |        0|   0|  0|    9|    0|
    |sparsemux_7_2_8_1_1_U8721  |sparsemux_7_2_8_1_1  |        0|   0|  0|    9|    0|
    |sparsemux_7_2_8_1_1_U8722  |sparsemux_7_2_8_1_1  |        0|   0|  0|    9|    0|
    |sparsemux_7_2_8_1_1_U8723  |sparsemux_7_2_8_1_1  |        0|   0|  0|    9|    0|
    |sparsemux_7_2_8_1_1_U8724  |sparsemux_7_2_8_1_1  |        0|   0|  0|    9|    0|
    |sparsemux_7_2_8_1_1_U8725  |sparsemux_7_2_8_1_1  |        0|   0|  0|    9|    0|
    |sparsemux_7_2_8_1_1_U8726  |sparsemux_7_2_8_1_1  |        0|   0|  0|    9|    0|
    |sparsemux_7_2_8_1_1_U8727  |sparsemux_7_2_8_1_1  |        0|   0|  0|    9|    0|
    |sparsemux_7_2_8_1_1_U8728  |sparsemux_7_2_8_1_1  |        0|   0|  0|    9|    0|
    |sparsemux_7_2_8_1_1_U8729  |sparsemux_7_2_8_1_1  |        0|   0|  0|    9|    0|
    |sparsemux_7_2_8_1_1_U8730  |sparsemux_7_2_8_1_1  |        0|   0|  0|    9|    0|
    |sparsemux_7_2_8_1_1_U8731  |sparsemux_7_2_8_1_1  |        0|   0|  0|    9|    0|
    |sparsemux_7_2_8_1_1_U8732  |sparsemux_7_2_8_1_1  |        0|   0|  0|    9|    0|
    |sparsemux_7_2_8_1_1_U8733  |sparsemux_7_2_8_1_1  |        0|   0|  0|    9|    0|
    |sparsemux_7_2_8_1_1_U8734  |sparsemux_7_2_8_1_1  |        0|   0|  0|    9|    0|
    |sparsemux_7_2_8_1_1_U8735  |sparsemux_7_2_8_1_1  |        0|   0|  0|    9|    0|
    |sparsemux_7_2_8_1_1_U8736  |sparsemux_7_2_8_1_1  |        0|   0|  0|    9|    0|
    |sparsemux_7_2_8_1_1_U8737  |sparsemux_7_2_8_1_1  |        0|   0|  0|    9|    0|
    |sparsemux_7_2_8_1_1_U8738  |sparsemux_7_2_8_1_1  |        0|   0|  0|    9|    0|
    |sparsemux_7_2_8_1_1_U8739  |sparsemux_7_2_8_1_1  |        0|   0|  0|    9|    0|
    |sparsemux_7_2_8_1_1_U8740  |sparsemux_7_2_8_1_1  |        0|   0|  0|    9|    0|
    |sparsemux_7_2_8_1_1_U8741  |sparsemux_7_2_8_1_1  |        0|   0|  0|    9|    0|
    |sparsemux_7_2_8_1_1_U8742  |sparsemux_7_2_8_1_1  |        0|   0|  0|    9|    0|
    |sparsemux_7_2_8_1_1_U8743  |sparsemux_7_2_8_1_1  |        0|   0|  0|    9|    0|
    |sparsemux_7_2_8_1_1_U8744  |sparsemux_7_2_8_1_1  |        0|   0|  0|    9|    0|
    |sparsemux_7_2_8_1_1_U8745  |sparsemux_7_2_8_1_1  |        0|   0|  0|    9|    0|
    |sparsemux_7_2_8_1_1_U8746  |sparsemux_7_2_8_1_1  |        0|   0|  0|    9|    0|
    |sparsemux_7_2_8_1_1_U8747  |sparsemux_7_2_8_1_1  |        0|   0|  0|    9|    0|
    |sparsemux_7_2_8_1_1_U8748  |sparsemux_7_2_8_1_1  |        0|   0|  0|    9|    0|
    |sparsemux_7_2_8_1_1_U8749  |sparsemux_7_2_8_1_1  |        0|   0|  0|    9|    0|
    |sparsemux_7_2_8_1_1_U8750  |sparsemux_7_2_8_1_1  |        0|   0|  0|    9|    0|
    |sparsemux_7_2_8_1_1_U8751  |sparsemux_7_2_8_1_1  |        0|   0|  0|    9|    0|
    |sparsemux_7_2_8_1_1_U8752  |sparsemux_7_2_8_1_1  |        0|   0|  0|    9|    0|
    |sparsemux_7_2_8_1_1_U8753  |sparsemux_7_2_8_1_1  |        0|   0|  0|    9|    0|
    |sparsemux_7_2_8_1_1_U8754  |sparsemux_7_2_8_1_1  |        0|   0|  0|    9|    0|
    |sparsemux_7_2_8_1_1_U8755  |sparsemux_7_2_8_1_1  |        0|   0|  0|    9|    0|
    |sparsemux_7_2_8_1_1_U8756  |sparsemux_7_2_8_1_1  |        0|   0|  0|    9|    0|
    |sparsemux_7_2_8_1_1_U8757  |sparsemux_7_2_8_1_1  |        0|   0|  0|    9|    0|
    |sparsemux_7_2_8_1_1_U8758  |sparsemux_7_2_8_1_1  |        0|   0|  0|    9|    0|
    |sparsemux_7_2_8_1_1_U8759  |sparsemux_7_2_8_1_1  |        0|   0|  0|    9|    0|
    |sparsemux_7_2_8_1_1_U8760  |sparsemux_7_2_8_1_1  |        0|   0|  0|    9|    0|
    |sparsemux_7_2_8_1_1_U8761  |sparsemux_7_2_8_1_1  |        0|   0|  0|    9|    0|
    |sparsemux_7_2_8_1_1_U8762  |sparsemux_7_2_8_1_1  |        0|   0|  0|    9|    0|
    |sparsemux_7_2_8_1_1_U8763  |sparsemux_7_2_8_1_1  |        0|   0|  0|    9|    0|
    |sparsemux_7_2_8_1_1_U8764  |sparsemux_7_2_8_1_1  |        0|   0|  0|    9|    0|
    |sparsemux_7_2_8_1_1_U8765  |sparsemux_7_2_8_1_1  |        0|   0|  0|    9|    0|
    |sparsemux_7_2_8_1_1_U8766  |sparsemux_7_2_8_1_1  |        0|   0|  0|    9|    0|
    |sparsemux_7_2_8_1_1_U8767  |sparsemux_7_2_8_1_1  |        0|   0|  0|    9|    0|
    |sparsemux_7_2_8_1_1_U8768  |sparsemux_7_2_8_1_1  |        0|   0|  0|    9|    0|
    |sparsemux_7_2_8_1_1_U8769  |sparsemux_7_2_8_1_1  |        0|   0|  0|    9|    0|
    |sparsemux_7_2_8_1_1_U8770  |sparsemux_7_2_8_1_1  |        0|   0|  0|    9|    0|
    |sparsemux_7_2_8_1_1_U8771  |sparsemux_7_2_8_1_1  |        0|   0|  0|    9|    0|
    |sparsemux_7_2_8_1_1_U8772  |sparsemux_7_2_8_1_1  |        0|   0|  0|    9|    0|
    |sparsemux_7_2_8_1_1_U8773  |sparsemux_7_2_8_1_1  |        0|   0|  0|    9|    0|
    |sparsemux_7_2_8_1_1_U8774  |sparsemux_7_2_8_1_1  |        0|   0|  0|    9|    0|
    |sparsemux_7_2_8_1_1_U8775  |sparsemux_7_2_8_1_1  |        0|   0|  0|    9|    0|
    |sparsemux_7_2_8_1_1_U8776  |sparsemux_7_2_8_1_1  |        0|   0|  0|    9|    0|
    |sparsemux_7_2_8_1_1_U8777  |sparsemux_7_2_8_1_1  |        0|   0|  0|    9|    0|
    |sparsemux_7_2_8_1_1_U8778  |sparsemux_7_2_8_1_1  |        0|   0|  0|    9|    0|
    |sparsemux_7_2_8_1_1_U8779  |sparsemux_7_2_8_1_1  |        0|   0|  0|    9|    0|
    |sparsemux_7_2_8_1_1_U8780  |sparsemux_7_2_8_1_1  |        0|   0|  0|    9|    0|
    |sparsemux_7_2_8_1_1_U8781  |sparsemux_7_2_8_1_1  |        0|   0|  0|    9|    0|
    |sparsemux_7_2_8_1_1_U8782  |sparsemux_7_2_8_1_1  |        0|   0|  0|    9|    0|
    |sparsemux_7_2_8_1_1_U8783  |sparsemux_7_2_8_1_1  |        0|   0|  0|    9|    0|
    |sparsemux_7_2_8_1_1_U8784  |sparsemux_7_2_8_1_1  |        0|   0|  0|    9|    0|
    |sparsemux_7_2_8_1_1_U8785  |sparsemux_7_2_8_1_1  |        0|   0|  0|    9|    0|
    |sparsemux_7_2_8_1_1_U8786  |sparsemux_7_2_8_1_1  |        0|   0|  0|    9|    0|
    |sparsemux_7_2_8_1_1_U8787  |sparsemux_7_2_8_1_1  |        0|   0|  0|    9|    0|
    |sparsemux_7_2_8_1_1_U8788  |sparsemux_7_2_8_1_1  |        0|   0|  0|    9|    0|
    |sparsemux_7_2_8_1_1_U8789  |sparsemux_7_2_8_1_1  |        0|   0|  0|    9|    0|
    |sparsemux_7_2_8_1_1_U8790  |sparsemux_7_2_8_1_1  |        0|   0|  0|    9|    0|
    |sparsemux_7_2_8_1_1_U8791  |sparsemux_7_2_8_1_1  |        0|   0|  0|    9|    0|
    |sparsemux_7_2_8_1_1_U8792  |sparsemux_7_2_8_1_1  |        0|   0|  0|    9|    0|
    |sparsemux_7_2_8_1_1_U8793  |sparsemux_7_2_8_1_1  |        0|   0|  0|    9|    0|
    |sparsemux_7_2_8_1_1_U8794  |sparsemux_7_2_8_1_1  |        0|   0|  0|    9|    0|
    |sparsemux_7_2_8_1_1_U8795  |sparsemux_7_2_8_1_1  |        0|   0|  0|    9|    0|
    |sparsemux_7_2_8_1_1_U8796  |sparsemux_7_2_8_1_1  |        0|   0|  0|    9|    0|
    |sparsemux_7_2_8_1_1_U8797  |sparsemux_7_2_8_1_1  |        0|   0|  0|    9|    0|
    |sparsemux_7_2_8_1_1_U8798  |sparsemux_7_2_8_1_1  |        0|   0|  0|    9|    0|
    |sparsemux_7_2_8_1_1_U8799  |sparsemux_7_2_8_1_1  |        0|   0|  0|    9|    0|
    |sparsemux_7_2_8_1_1_U8800  |sparsemux_7_2_8_1_1  |        0|   0|  0|    9|    0|
    |sparsemux_7_2_8_1_1_U8801  |sparsemux_7_2_8_1_1  |        0|   0|  0|    9|    0|
    |sparsemux_7_2_8_1_1_U8802  |sparsemux_7_2_8_1_1  |        0|   0|  0|    9|    0|
    |sparsemux_7_2_8_1_1_U8803  |sparsemux_7_2_8_1_1  |        0|   0|  0|    9|    0|
    |sparsemux_7_2_8_1_1_U8804  |sparsemux_7_2_8_1_1  |        0|   0|  0|    9|    0|
    |sparsemux_7_2_8_1_1_U8805  |sparsemux_7_2_8_1_1  |        0|   0|  0|    9|    0|
    |sparsemux_7_2_8_1_1_U8806  |sparsemux_7_2_8_1_1  |        0|   0|  0|    9|    0|
    |sparsemux_7_2_8_1_1_U8807  |sparsemux_7_2_8_1_1  |        0|   0|  0|    9|    0|
    |sparsemux_7_2_8_1_1_U8808  |sparsemux_7_2_8_1_1  |        0|   0|  0|    9|    0|
    |sparsemux_7_2_8_1_1_U8809  |sparsemux_7_2_8_1_1  |        0|   0|  0|    9|    0|
    |sparsemux_7_2_8_1_1_U8810  |sparsemux_7_2_8_1_1  |        0|   0|  0|    9|    0|
    |sparsemux_7_2_8_1_1_U8811  |sparsemux_7_2_8_1_1  |        0|   0|  0|    9|    0|
    |sparsemux_7_2_8_1_1_U8812  |sparsemux_7_2_8_1_1  |        0|   0|  0|    9|    0|
    |sparsemux_7_2_8_1_1_U8813  |sparsemux_7_2_8_1_1  |        0|   0|  0|    9|    0|
    |sparsemux_7_2_8_1_1_U8814  |sparsemux_7_2_8_1_1  |        0|   0|  0|    9|    0|
    |sparsemux_7_2_8_1_1_U8815  |sparsemux_7_2_8_1_1  |        0|   0|  0|    9|    0|
    |sparsemux_7_2_8_1_1_U8816  |sparsemux_7_2_8_1_1  |        0|   0|  0|    9|    0|
    |sparsemux_7_2_8_1_1_U8817  |sparsemux_7_2_8_1_1  |        0|   0|  0|    9|    0|
    |sparsemux_7_2_8_1_1_U8818  |sparsemux_7_2_8_1_1  |        0|   0|  0|    9|    0|
    |sparsemux_7_2_8_1_1_U8819  |sparsemux_7_2_8_1_1  |        0|   0|  0|    9|    0|
    |sparsemux_7_2_8_1_1_U8820  |sparsemux_7_2_8_1_1  |        0|   0|  0|    9|    0|
    |sparsemux_7_2_8_1_1_U8821  |sparsemux_7_2_8_1_1  |        0|   0|  0|    9|    0|
    |sparsemux_7_2_8_1_1_U8822  |sparsemux_7_2_8_1_1  |        0|   0|  0|    9|    0|
    |sparsemux_7_2_8_1_1_U8823  |sparsemux_7_2_8_1_1  |        0|   0|  0|    9|    0|
    |sparsemux_7_2_8_1_1_U8824  |sparsemux_7_2_8_1_1  |        0|   0|  0|    9|    0|
    |sparsemux_7_2_8_1_1_U8825  |sparsemux_7_2_8_1_1  |        0|   0|  0|    9|    0|
    |sparsemux_7_2_8_1_1_U8826  |sparsemux_7_2_8_1_1  |        0|   0|  0|    9|    0|
    |sparsemux_7_2_8_1_1_U8827  |sparsemux_7_2_8_1_1  |        0|   0|  0|    9|    0|
    |sparsemux_7_2_8_1_1_U8828  |sparsemux_7_2_8_1_1  |        0|   0|  0|    9|    0|
    |sparsemux_7_2_8_1_1_U8829  |sparsemux_7_2_8_1_1  |        0|   0|  0|    9|    0|
    |sparsemux_7_2_8_1_1_U8830  |sparsemux_7_2_8_1_1  |        0|   0|  0|    9|    0|
    |sparsemux_7_2_8_1_1_U8831  |sparsemux_7_2_8_1_1  |        0|   0|  0|    9|    0|
    |sparsemux_7_2_8_1_1_U8832  |sparsemux_7_2_8_1_1  |        0|   0|  0|    9|    0|
    |sparsemux_7_2_8_1_1_U8833  |sparsemux_7_2_8_1_1  |        0|   0|  0|    9|    0|
    |sparsemux_7_2_8_1_1_U8834  |sparsemux_7_2_8_1_1  |        0|   0|  0|    9|    0|
    |sparsemux_7_2_8_1_1_U8835  |sparsemux_7_2_8_1_1  |        0|   0|  0|    9|    0|
    |sparsemux_7_2_8_1_1_U8836  |sparsemux_7_2_8_1_1  |        0|   0|  0|    9|    0|
    |sparsemux_7_2_8_1_1_U8837  |sparsemux_7_2_8_1_1  |        0|   0|  0|    9|    0|
    |sparsemux_7_2_8_1_1_U8838  |sparsemux_7_2_8_1_1  |        0|   0|  0|    9|    0|
    |sparsemux_7_2_8_1_1_U8839  |sparsemux_7_2_8_1_1  |        0|   0|  0|    9|    0|
    |sparsemux_7_2_8_1_1_U8840  |sparsemux_7_2_8_1_1  |        0|   0|  0|    9|    0|
    |sparsemux_7_2_8_1_1_U8841  |sparsemux_7_2_8_1_1  |        0|   0|  0|    9|    0|
    |sparsemux_7_2_8_1_1_U8842  |sparsemux_7_2_8_1_1  |        0|   0|  0|    9|    0|
    |sparsemux_7_2_8_1_1_U8843  |sparsemux_7_2_8_1_1  |        0|   0|  0|    9|    0|
    |sparsemux_7_2_8_1_1_U8844  |sparsemux_7_2_8_1_1  |        0|   0|  0|    9|    0|
    |sparsemux_7_2_8_1_1_U8845  |sparsemux_7_2_8_1_1  |        0|   0|  0|    9|    0|
    |sparsemux_7_2_8_1_1_U8846  |sparsemux_7_2_8_1_1  |        0|   0|  0|    9|    0|
    |sparsemux_7_2_8_1_1_U8847  |sparsemux_7_2_8_1_1  |        0|   0|  0|    9|    0|
    |sparsemux_7_2_8_1_1_U8848  |sparsemux_7_2_8_1_1  |        0|   0|  0|    9|    0|
    |sparsemux_7_2_8_1_1_U8849  |sparsemux_7_2_8_1_1  |        0|   0|  0|    9|    0|
    |sparsemux_7_2_8_1_1_U8850  |sparsemux_7_2_8_1_1  |        0|   0|  0|    9|    0|
    |sparsemux_7_2_8_1_1_U8851  |sparsemux_7_2_8_1_1  |        0|   0|  0|    9|    0|
    |sparsemux_7_2_8_1_1_U8852  |sparsemux_7_2_8_1_1  |        0|   0|  0|    9|    0|
    |sparsemux_7_2_8_1_1_U8853  |sparsemux_7_2_8_1_1  |        0|   0|  0|    9|    0|
    |sparsemux_7_2_8_1_1_U8854  |sparsemux_7_2_8_1_1  |        0|   0|  0|    9|    0|
    |sparsemux_7_2_8_1_1_U8855  |sparsemux_7_2_8_1_1  |        0|   0|  0|    9|    0|
    |sparsemux_7_2_8_1_1_U8856  |sparsemux_7_2_8_1_1  |        0|   0|  0|    9|    0|
    |sparsemux_7_2_8_1_1_U8857  |sparsemux_7_2_8_1_1  |        0|   0|  0|    9|    0|
    |sparsemux_7_2_8_1_1_U8858  |sparsemux_7_2_8_1_1  |        0|   0|  0|    9|    0|
    |sparsemux_7_2_8_1_1_U8859  |sparsemux_7_2_8_1_1  |        0|   0|  0|    9|    0|
    |sparsemux_7_2_8_1_1_U8860  |sparsemux_7_2_8_1_1  |        0|   0|  0|    9|    0|
    |sparsemux_7_2_8_1_1_U8861  |sparsemux_7_2_8_1_1  |        0|   0|  0|    9|    0|
    |sparsemux_7_2_8_1_1_U8862  |sparsemux_7_2_8_1_1  |        0|   0|  0|    9|    0|
    |sparsemux_7_2_8_1_1_U8863  |sparsemux_7_2_8_1_1  |        0|   0|  0|    9|    0|
    |sparsemux_7_2_8_1_1_U8864  |sparsemux_7_2_8_1_1  |        0|   0|  0|    9|    0|
    |sparsemux_7_2_8_1_1_U8865  |sparsemux_7_2_8_1_1  |        0|   0|  0|    9|    0|
    |sparsemux_7_2_8_1_1_U8866  |sparsemux_7_2_8_1_1  |        0|   0|  0|    9|    0|
    |sparsemux_7_2_8_1_1_U8867  |sparsemux_7_2_8_1_1  |        0|   0|  0|    9|    0|
    |sparsemux_7_2_8_1_1_U8868  |sparsemux_7_2_8_1_1  |        0|   0|  0|    9|    0|
    |sparsemux_7_2_8_1_1_U8869  |sparsemux_7_2_8_1_1  |        0|   0|  0|    9|    0|
    |sparsemux_7_2_8_1_1_U8870  |sparsemux_7_2_8_1_1  |        0|   0|  0|    9|    0|
    |sparsemux_7_2_8_1_1_U8871  |sparsemux_7_2_8_1_1  |        0|   0|  0|    9|    0|
    |sparsemux_7_2_8_1_1_U8872  |sparsemux_7_2_8_1_1  |        0|   0|  0|    9|    0|
    |sparsemux_7_2_8_1_1_U8873  |sparsemux_7_2_8_1_1  |        0|   0|  0|    9|    0|
    |sparsemux_7_2_8_1_1_U8874  |sparsemux_7_2_8_1_1  |        0|   0|  0|    9|    0|
    |sparsemux_7_2_8_1_1_U8875  |sparsemux_7_2_8_1_1  |        0|   0|  0|    9|    0|
    |sparsemux_7_2_8_1_1_U8876  |sparsemux_7_2_8_1_1  |        0|   0|  0|    9|    0|
    |sparsemux_7_2_8_1_1_U8877  |sparsemux_7_2_8_1_1  |        0|   0|  0|    9|    0|
    |sparsemux_7_2_8_1_1_U8878  |sparsemux_7_2_8_1_1  |        0|   0|  0|    9|    0|
    |sparsemux_7_2_8_1_1_U8879  |sparsemux_7_2_8_1_1  |        0|   0|  0|    9|    0|
    |sparsemux_7_2_8_1_1_U8880  |sparsemux_7_2_8_1_1  |        0|   0|  0|    9|    0|
    |sparsemux_7_2_8_1_1_U8881  |sparsemux_7_2_8_1_1  |        0|   0|  0|    9|    0|
    |sparsemux_7_2_8_1_1_U8882  |sparsemux_7_2_8_1_1  |        0|   0|  0|    9|    0|
    |sparsemux_7_2_8_1_1_U8883  |sparsemux_7_2_8_1_1  |        0|   0|  0|    9|    0|
    |sparsemux_7_2_8_1_1_U8884  |sparsemux_7_2_8_1_1  |        0|   0|  0|    9|    0|
    |sparsemux_7_2_8_1_1_U8885  |sparsemux_7_2_8_1_1  |        0|   0|  0|    9|    0|
    |sparsemux_7_2_8_1_1_U8886  |sparsemux_7_2_8_1_1  |        0|   0|  0|    9|    0|
    |sparsemux_7_2_8_1_1_U8887  |sparsemux_7_2_8_1_1  |        0|   0|  0|    9|    0|
    |sparsemux_7_2_8_1_1_U8888  |sparsemux_7_2_8_1_1  |        0|   0|  0|    9|    0|
    |sparsemux_7_2_8_1_1_U8889  |sparsemux_7_2_8_1_1  |        0|   0|  0|    9|    0|
    |sparsemux_7_2_8_1_1_U8890  |sparsemux_7_2_8_1_1  |        0|   0|  0|    9|    0|
    |sparsemux_7_2_8_1_1_U8891  |sparsemux_7_2_8_1_1  |        0|   0|  0|    9|    0|
    |sparsemux_7_2_8_1_1_U8892  |sparsemux_7_2_8_1_1  |        0|   0|  0|    9|    0|
    |sparsemux_7_2_8_1_1_U8893  |sparsemux_7_2_8_1_1  |        0|   0|  0|    9|    0|
    |sparsemux_7_2_8_1_1_U8894  |sparsemux_7_2_8_1_1  |        0|   0|  0|    9|    0|
    |sparsemux_7_2_8_1_1_U8895  |sparsemux_7_2_8_1_1  |        0|   0|  0|    9|    0|
    |sparsemux_7_2_8_1_1_U8896  |sparsemux_7_2_8_1_1  |        0|   0|  0|    9|    0|
    |sparsemux_7_2_8_1_1_U8897  |sparsemux_7_2_8_1_1  |        0|   0|  0|    9|    0|
    |sparsemux_7_2_8_1_1_U8898  |sparsemux_7_2_8_1_1  |        0|   0|  0|    9|    0|
    |sparsemux_7_2_8_1_1_U8899  |sparsemux_7_2_8_1_1  |        0|   0|  0|    9|    0|
    |sparsemux_7_2_8_1_1_U8900  |sparsemux_7_2_8_1_1  |        0|   0|  0|    9|    0|
    |sparsemux_7_2_8_1_1_U8901  |sparsemux_7_2_8_1_1  |        0|   0|  0|    9|    0|
    |sparsemux_7_2_8_1_1_U8902  |sparsemux_7_2_8_1_1  |        0|   0|  0|    9|    0|
    |sparsemux_7_2_8_1_1_U8903  |sparsemux_7_2_8_1_1  |        0|   0|  0|    9|    0|
    |sparsemux_7_2_8_1_1_U8904  |sparsemux_7_2_8_1_1  |        0|   0|  0|    9|    0|
    |sparsemux_7_2_8_1_1_U8905  |sparsemux_7_2_8_1_1  |        0|   0|  0|    9|    0|
    |sparsemux_7_2_8_1_1_U8906  |sparsemux_7_2_8_1_1  |        0|   0|  0|    9|    0|
    |sparsemux_7_2_8_1_1_U8907  |sparsemux_7_2_8_1_1  |        0|   0|  0|    9|    0|
    |sparsemux_7_2_8_1_1_U8908  |sparsemux_7_2_8_1_1  |        0|   0|  0|    9|    0|
    |sparsemux_7_2_8_1_1_U8909  |sparsemux_7_2_8_1_1  |        0|   0|  0|    9|    0|
    |sparsemux_7_2_8_1_1_U8910  |sparsemux_7_2_8_1_1  |        0|   0|  0|    9|    0|
    |sparsemux_7_2_8_1_1_U8911  |sparsemux_7_2_8_1_1  |        0|   0|  0|    9|    0|
    |sparsemux_7_2_8_1_1_U8912  |sparsemux_7_2_8_1_1  |        0|   0|  0|    9|    0|
    |sparsemux_7_2_8_1_1_U8913  |sparsemux_7_2_8_1_1  |        0|   0|  0|    9|    0|
    |sparsemux_7_2_8_1_1_U8914  |sparsemux_7_2_8_1_1  |        0|   0|  0|    9|    0|
    |sparsemux_7_2_8_1_1_U8915  |sparsemux_7_2_8_1_1  |        0|   0|  0|    9|    0|
    |sparsemux_7_2_8_1_1_U8916  |sparsemux_7_2_8_1_1  |        0|   0|  0|    9|    0|
    |sparsemux_7_2_8_1_1_U8917  |sparsemux_7_2_8_1_1  |        0|   0|  0|    9|    0|
    |sparsemux_7_2_8_1_1_U8918  |sparsemux_7_2_8_1_1  |        0|   0|  0|    9|    0|
    |sparsemux_7_2_8_1_1_U8919  |sparsemux_7_2_8_1_1  |        0|   0|  0|    9|    0|
    |sparsemux_7_2_8_1_1_U8920  |sparsemux_7_2_8_1_1  |        0|   0|  0|    9|    0|
    |sparsemux_7_2_8_1_1_U8921  |sparsemux_7_2_8_1_1  |        0|   0|  0|    9|    0|
    |sparsemux_7_2_8_1_1_U8922  |sparsemux_7_2_8_1_1  |        0|   0|  0|    9|    0|
    |sparsemux_7_2_8_1_1_U8923  |sparsemux_7_2_8_1_1  |        0|   0|  0|    9|    0|
    |sparsemux_7_2_8_1_1_U8924  |sparsemux_7_2_8_1_1  |        0|   0|  0|    9|    0|
    |sparsemux_7_2_8_1_1_U8925  |sparsemux_7_2_8_1_1  |        0|   0|  0|    9|    0|
    |sparsemux_7_2_8_1_1_U8926  |sparsemux_7_2_8_1_1  |        0|   0|  0|    9|    0|
    |sparsemux_7_2_8_1_1_U8927  |sparsemux_7_2_8_1_1  |        0|   0|  0|    9|    0|
    |sparsemux_7_2_8_1_1_U8928  |sparsemux_7_2_8_1_1  |        0|   0|  0|    9|    0|
    |sparsemux_7_2_8_1_1_U8929  |sparsemux_7_2_8_1_1  |        0|   0|  0|    9|    0|
    |sparsemux_7_2_8_1_1_U8930  |sparsemux_7_2_8_1_1  |        0|   0|  0|    9|    0|
    |sparsemux_7_2_8_1_1_U8931  |sparsemux_7_2_8_1_1  |        0|   0|  0|    9|    0|
    |sparsemux_7_2_8_1_1_U8932  |sparsemux_7_2_8_1_1  |        0|   0|  0|    9|    0|
    |sparsemux_7_2_8_1_1_U8933  |sparsemux_7_2_8_1_1  |        0|   0|  0|    9|    0|
    |sparsemux_7_2_8_1_1_U8934  |sparsemux_7_2_8_1_1  |        0|   0|  0|    9|    0|
    |sparsemux_7_2_8_1_1_U8935  |sparsemux_7_2_8_1_1  |        0|   0|  0|    9|    0|
    |sparsemux_7_2_8_1_1_U8936  |sparsemux_7_2_8_1_1  |        0|   0|  0|    9|    0|
    |sparsemux_7_2_8_1_1_U8937  |sparsemux_7_2_8_1_1  |        0|   0|  0|    9|    0|
    |sparsemux_7_2_8_1_1_U8938  |sparsemux_7_2_8_1_1  |        0|   0|  0|    9|    0|
    |sparsemux_7_2_8_1_1_U8939  |sparsemux_7_2_8_1_1  |        0|   0|  0|    9|    0|
    |sparsemux_7_2_8_1_1_U8940  |sparsemux_7_2_8_1_1  |        0|   0|  0|    9|    0|
    |sparsemux_7_2_8_1_1_U8941  |sparsemux_7_2_8_1_1  |        0|   0|  0|    9|    0|
    |sparsemux_7_2_8_1_1_U8942  |sparsemux_7_2_8_1_1  |        0|   0|  0|    9|    0|
    |sparsemux_7_2_8_1_1_U8943  |sparsemux_7_2_8_1_1  |        0|   0|  0|    9|    0|
    |sparsemux_7_2_8_1_1_U8944  |sparsemux_7_2_8_1_1  |        0|   0|  0|    9|    0|
    |sparsemux_7_2_8_1_1_U8945  |sparsemux_7_2_8_1_1  |        0|   0|  0|    9|    0|
    |sparsemux_7_2_8_1_1_U8946  |sparsemux_7_2_8_1_1  |        0|   0|  0|    9|    0|
    |sparsemux_7_2_8_1_1_U8947  |sparsemux_7_2_8_1_1  |        0|   0|  0|    9|    0|
    |sparsemux_7_2_8_1_1_U8948  |sparsemux_7_2_8_1_1  |        0|   0|  0|    9|    0|
    |sparsemux_7_2_8_1_1_U8949  |sparsemux_7_2_8_1_1  |        0|   0|  0|    9|    0|
    |sparsemux_7_2_8_1_1_U8950  |sparsemux_7_2_8_1_1  |        0|   0|  0|    9|    0|
    |sparsemux_7_2_8_1_1_U8951  |sparsemux_7_2_8_1_1  |        0|   0|  0|    9|    0|
    |sparsemux_7_2_8_1_1_U8952  |sparsemux_7_2_8_1_1  |        0|   0|  0|    9|    0|
    |sparsemux_7_2_8_1_1_U8953  |sparsemux_7_2_8_1_1  |        0|   0|  0|    9|    0|
    |sparsemux_7_2_8_1_1_U8954  |sparsemux_7_2_8_1_1  |        0|   0|  0|    9|    0|
    |sparsemux_7_2_8_1_1_U8955  |sparsemux_7_2_8_1_1  |        0|   0|  0|    9|    0|
    |sparsemux_7_2_8_1_1_U8956  |sparsemux_7_2_8_1_1  |        0|   0|  0|    9|    0|
    |sparsemux_7_2_8_1_1_U8957  |sparsemux_7_2_8_1_1  |        0|   0|  0|    9|    0|
    |sparsemux_7_2_8_1_1_U8958  |sparsemux_7_2_8_1_1  |        0|   0|  0|    9|    0|
    |sparsemux_7_2_8_1_1_U8959  |sparsemux_7_2_8_1_1  |        0|   0|  0|    9|    0|
    |sparsemux_7_2_8_1_1_U8960  |sparsemux_7_2_8_1_1  |        0|   0|  0|    9|    0|
    |sparsemux_7_2_8_1_1_U8961  |sparsemux_7_2_8_1_1  |        0|   0|  0|    9|    0|
    |sparsemux_7_2_8_1_1_U8962  |sparsemux_7_2_8_1_1  |        0|   0|  0|    9|    0|
    |sparsemux_7_2_8_1_1_U8963  |sparsemux_7_2_8_1_1  |        0|   0|  0|    9|    0|
    |sparsemux_7_2_8_1_1_U8964  |sparsemux_7_2_8_1_1  |        0|   0|  0|    9|    0|
    |sparsemux_7_2_8_1_1_U8965  |sparsemux_7_2_8_1_1  |        0|   0|  0|    9|    0|
    |sparsemux_7_2_8_1_1_U8966  |sparsemux_7_2_8_1_1  |        0|   0|  0|    9|    0|
    |sparsemux_7_2_8_1_1_U8967  |sparsemux_7_2_8_1_1  |        0|   0|  0|    9|    0|
    |sparsemux_7_2_8_1_1_U8968  |sparsemux_7_2_8_1_1  |        0|   0|  0|    9|    0|
    |sparsemux_7_2_8_1_1_U8969  |sparsemux_7_2_8_1_1  |        0|   0|  0|    9|    0|
    |sparsemux_7_2_8_1_1_U8970  |sparsemux_7_2_8_1_1  |        0|   0|  0|    9|    0|
    |sparsemux_7_2_8_1_1_U8971  |sparsemux_7_2_8_1_1  |        0|   0|  0|    9|    0|
    |sparsemux_7_2_8_1_1_U8972  |sparsemux_7_2_8_1_1  |        0|   0|  0|    9|    0|
    |sparsemux_7_2_8_1_1_U8973  |sparsemux_7_2_8_1_1  |        0|   0|  0|    9|    0|
    |sparsemux_7_2_8_1_1_U8974  |sparsemux_7_2_8_1_1  |        0|   0|  0|    9|    0|
    |sparsemux_7_2_8_1_1_U8975  |sparsemux_7_2_8_1_1  |        0|   0|  0|    9|    0|
    |sparsemux_7_2_8_1_1_U8976  |sparsemux_7_2_8_1_1  |        0|   0|  0|    9|    0|
    |sparsemux_7_2_8_1_1_U8977  |sparsemux_7_2_8_1_1  |        0|   0|  0|    9|    0|
    |sparsemux_7_2_8_1_1_U8978  |sparsemux_7_2_8_1_1  |        0|   0|  0|    9|    0|
    |sparsemux_7_2_8_1_1_U8979  |sparsemux_7_2_8_1_1  |        0|   0|  0|    9|    0|
    |sparsemux_7_2_8_1_1_U8980  |sparsemux_7_2_8_1_1  |        0|   0|  0|    9|    0|
    |sparsemux_7_2_8_1_1_U8981  |sparsemux_7_2_8_1_1  |        0|   0|  0|    9|    0|
    |sparsemux_7_2_8_1_1_U8982  |sparsemux_7_2_8_1_1  |        0|   0|  0|    9|    0|
    |sparsemux_7_2_8_1_1_U8983  |sparsemux_7_2_8_1_1  |        0|   0|  0|    9|    0|
    |sparsemux_7_2_8_1_1_U8984  |sparsemux_7_2_8_1_1  |        0|   0|  0|    9|    0|
    |sparsemux_7_2_8_1_1_U8985  |sparsemux_7_2_8_1_1  |        0|   0|  0|    9|    0|
    |sparsemux_7_2_8_1_1_U8986  |sparsemux_7_2_8_1_1  |        0|   0|  0|    9|    0|
    |sparsemux_7_2_8_1_1_U8987  |sparsemux_7_2_8_1_1  |        0|   0|  0|    9|    0|
    |sparsemux_7_2_8_1_1_U8988  |sparsemux_7_2_8_1_1  |        0|   0|  0|    9|    0|
    |sparsemux_7_2_8_1_1_U8989  |sparsemux_7_2_8_1_1  |        0|   0|  0|    9|    0|
    |sparsemux_7_2_8_1_1_U8990  |sparsemux_7_2_8_1_1  |        0|   0|  0|    9|    0|
    |sparsemux_7_2_8_1_1_U8991  |sparsemux_7_2_8_1_1  |        0|   0|  0|    9|    0|
    |sparsemux_7_2_8_1_1_U8992  |sparsemux_7_2_8_1_1  |        0|   0|  0|    9|    0|
    |sparsemux_7_2_8_1_1_U8993  |sparsemux_7_2_8_1_1  |        0|   0|  0|    9|    0|
    |sparsemux_7_2_8_1_1_U8994  |sparsemux_7_2_8_1_1  |        0|   0|  0|    9|    0|
    |sparsemux_7_2_8_1_1_U8995  |sparsemux_7_2_8_1_1  |        0|   0|  0|    9|    0|
    |sparsemux_7_2_8_1_1_U8996  |sparsemux_7_2_8_1_1  |        0|   0|  0|    9|    0|
    |sparsemux_7_2_8_1_1_U8997  |sparsemux_7_2_8_1_1  |        0|   0|  0|    9|    0|
    |sparsemux_7_2_8_1_1_U8998  |sparsemux_7_2_8_1_1  |        0|   0|  0|    9|    0|
    |sparsemux_7_2_8_1_1_U8999  |sparsemux_7_2_8_1_1  |        0|   0|  0|    9|    0|
    |sparsemux_7_2_8_1_1_U9000  |sparsemux_7_2_8_1_1  |        0|   0|  0|    9|    0|
    |sparsemux_7_2_8_1_1_U9001  |sparsemux_7_2_8_1_1  |        0|   0|  0|    9|    0|
    |sparsemux_7_2_8_1_1_U9002  |sparsemux_7_2_8_1_1  |        0|   0|  0|    9|    0|
    |sparsemux_7_2_8_1_1_U9003  |sparsemux_7_2_8_1_1  |        0|   0|  0|    9|    0|
    |sparsemux_7_2_8_1_1_U9004  |sparsemux_7_2_8_1_1  |        0|   0|  0|    9|    0|
    |sparsemux_7_2_8_1_1_U9005  |sparsemux_7_2_8_1_1  |        0|   0|  0|    9|    0|
    |sparsemux_7_2_8_1_1_U9006  |sparsemux_7_2_8_1_1  |        0|   0|  0|    9|    0|
    |sparsemux_7_2_8_1_1_U9007  |sparsemux_7_2_8_1_1  |        0|   0|  0|    9|    0|
    |sparsemux_7_2_8_1_1_U9008  |sparsemux_7_2_8_1_1  |        0|   0|  0|    9|    0|
    |sparsemux_7_2_8_1_1_U9009  |sparsemux_7_2_8_1_1  |        0|   0|  0|    9|    0|
    |sparsemux_7_2_8_1_1_U9010  |sparsemux_7_2_8_1_1  |        0|   0|  0|    9|    0|
    |sparsemux_7_2_8_1_1_U9011  |sparsemux_7_2_8_1_1  |        0|   0|  0|    9|    0|
    |sparsemux_7_2_8_1_1_U9012  |sparsemux_7_2_8_1_1  |        0|   0|  0|    9|    0|
    |sparsemux_7_2_8_1_1_U9013  |sparsemux_7_2_8_1_1  |        0|   0|  0|    9|    0|
    |sparsemux_7_2_8_1_1_U9014  |sparsemux_7_2_8_1_1  |        0|   0|  0|    9|    0|
    |sparsemux_7_2_8_1_1_U9015  |sparsemux_7_2_8_1_1  |        0|   0|  0|    9|    0|
    |sparsemux_7_2_8_1_1_U9016  |sparsemux_7_2_8_1_1  |        0|   0|  0|    9|    0|
    |sparsemux_7_2_8_1_1_U9017  |sparsemux_7_2_8_1_1  |        0|   0|  0|    9|    0|
    |sparsemux_7_2_8_1_1_U9018  |sparsemux_7_2_8_1_1  |        0|   0|  0|    9|    0|
    |sparsemux_7_2_8_1_1_U9019  |sparsemux_7_2_8_1_1  |        0|   0|  0|    9|    0|
    |sparsemux_7_2_8_1_1_U9020  |sparsemux_7_2_8_1_1  |        0|   0|  0|    9|    0|
    |sparsemux_7_2_8_1_1_U9021  |sparsemux_7_2_8_1_1  |        0|   0|  0|    9|    0|
    |sparsemux_7_2_8_1_1_U9022  |sparsemux_7_2_8_1_1  |        0|   0|  0|    9|    0|
    |sparsemux_7_2_8_1_1_U9023  |sparsemux_7_2_8_1_1  |        0|   0|  0|    9|    0|
    |sparsemux_7_2_8_1_1_U9024  |sparsemux_7_2_8_1_1  |        0|   0|  0|    9|    0|
    |sparsemux_7_2_8_1_1_U9025  |sparsemux_7_2_8_1_1  |        0|   0|  0|    9|    0|
    |sparsemux_7_2_8_1_1_U9026  |sparsemux_7_2_8_1_1  |        0|   0|  0|    9|    0|
    |sparsemux_7_2_8_1_1_U9027  |sparsemux_7_2_8_1_1  |        0|   0|  0|    9|    0|
    |sparsemux_7_2_8_1_1_U9028  |sparsemux_7_2_8_1_1  |        0|   0|  0|    9|    0|
    |sparsemux_7_2_8_1_1_U9029  |sparsemux_7_2_8_1_1  |        0|   0|  0|    9|    0|
    |sparsemux_7_2_8_1_1_U9030  |sparsemux_7_2_8_1_1  |        0|   0|  0|    9|    0|
    |sparsemux_7_2_8_1_1_U9031  |sparsemux_7_2_8_1_1  |        0|   0|  0|    9|    0|
    |sparsemux_7_2_8_1_1_U9032  |sparsemux_7_2_8_1_1  |        0|   0|  0|    9|    0|
    |sparsemux_7_2_8_1_1_U9033  |sparsemux_7_2_8_1_1  |        0|   0|  0|    9|    0|
    |sparsemux_7_2_8_1_1_U9034  |sparsemux_7_2_8_1_1  |        0|   0|  0|    9|    0|
    |sparsemux_7_2_8_1_1_U9035  |sparsemux_7_2_8_1_1  |        0|   0|  0|    9|    0|
    |sparsemux_7_2_8_1_1_U9036  |sparsemux_7_2_8_1_1  |        0|   0|  0|    9|    0|
    |sparsemux_7_2_8_1_1_U9037  |sparsemux_7_2_8_1_1  |        0|   0|  0|    9|    0|
    |sparsemux_7_2_8_1_1_U9038  |sparsemux_7_2_8_1_1  |        0|   0|  0|    9|    0|
    |sparsemux_7_2_8_1_1_U9039  |sparsemux_7_2_8_1_1  |        0|   0|  0|    9|    0|
    |sparsemux_7_2_8_1_1_U9040  |sparsemux_7_2_8_1_1  |        0|   0|  0|    9|    0|
    |sparsemux_7_2_8_1_1_U9041  |sparsemux_7_2_8_1_1  |        0|   0|  0|    9|    0|
    |sparsemux_7_2_8_1_1_U9042  |sparsemux_7_2_8_1_1  |        0|   0|  0|    9|    0|
    |sparsemux_7_2_8_1_1_U9043  |sparsemux_7_2_8_1_1  |        0|   0|  0|    9|    0|
    |sparsemux_7_2_8_1_1_U9044  |sparsemux_7_2_8_1_1  |        0|   0|  0|    9|    0|
    |sparsemux_7_2_8_1_1_U9045  |sparsemux_7_2_8_1_1  |        0|   0|  0|    9|    0|
    |sparsemux_7_2_8_1_1_U9046  |sparsemux_7_2_8_1_1  |        0|   0|  0|    9|    0|
    |sparsemux_7_2_8_1_1_U9047  |sparsemux_7_2_8_1_1  |        0|   0|  0|    9|    0|
    |sparsemux_7_2_8_1_1_U9048  |sparsemux_7_2_8_1_1  |        0|   0|  0|    9|    0|
    |sparsemux_7_2_8_1_1_U9049  |sparsemux_7_2_8_1_1  |        0|   0|  0|    9|    0|
    |sparsemux_7_2_8_1_1_U9050  |sparsemux_7_2_8_1_1  |        0|   0|  0|    9|    0|
    |sparsemux_7_2_8_1_1_U9051  |sparsemux_7_2_8_1_1  |        0|   0|  0|    9|    0|
    |sparsemux_7_2_8_1_1_U9052  |sparsemux_7_2_8_1_1  |        0|   0|  0|    9|    0|
    |sparsemux_7_2_8_1_1_U9053  |sparsemux_7_2_8_1_1  |        0|   0|  0|    9|    0|
    |sparsemux_7_2_8_1_1_U9054  |sparsemux_7_2_8_1_1  |        0|   0|  0|    9|    0|
    |sparsemux_7_2_8_1_1_U9055  |sparsemux_7_2_8_1_1  |        0|   0|  0|    9|    0|
    |sparsemux_7_2_8_1_1_U9056  |sparsemux_7_2_8_1_1  |        0|   0|  0|    9|    0|
    |sparsemux_7_2_8_1_1_U9057  |sparsemux_7_2_8_1_1  |        0|   0|  0|    9|    0|
    |sparsemux_7_2_8_1_1_U9058  |sparsemux_7_2_8_1_1  |        0|   0|  0|    9|    0|
    |sparsemux_7_2_8_1_1_U9059  |sparsemux_7_2_8_1_1  |        0|   0|  0|    9|    0|
    |sparsemux_7_2_8_1_1_U9060  |sparsemux_7_2_8_1_1  |        0|   0|  0|    9|    0|
    |sparsemux_7_2_8_1_1_U9061  |sparsemux_7_2_8_1_1  |        0|   0|  0|    9|    0|
    |sparsemux_7_2_8_1_1_U9062  |sparsemux_7_2_8_1_1  |        0|   0|  0|    9|    0|
    |sparsemux_7_2_8_1_1_U9063  |sparsemux_7_2_8_1_1  |        0|   0|  0|    9|    0|
    |sparsemux_7_2_8_1_1_U9064  |sparsemux_7_2_8_1_1  |        0|   0|  0|    9|    0|
    |sparsemux_7_2_8_1_1_U9065  |sparsemux_7_2_8_1_1  |        0|   0|  0|    9|    0|
    |sparsemux_7_2_8_1_1_U9066  |sparsemux_7_2_8_1_1  |        0|   0|  0|    9|    0|
    |sparsemux_7_2_8_1_1_U9067  |sparsemux_7_2_8_1_1  |        0|   0|  0|    9|    0|
    |sparsemux_7_2_8_1_1_U9068  |sparsemux_7_2_8_1_1  |        0|   0|  0|    9|    0|
    |sparsemux_7_2_8_1_1_U9069  |sparsemux_7_2_8_1_1  |        0|   0|  0|    9|    0|
    |sparsemux_7_2_8_1_1_U9070  |sparsemux_7_2_8_1_1  |        0|   0|  0|    9|    0|
    |sparsemux_7_2_8_1_1_U9071  |sparsemux_7_2_8_1_1  |        0|   0|  0|    9|    0|
    |sparsemux_7_2_8_1_1_U9072  |sparsemux_7_2_8_1_1  |        0|   0|  0|    9|    0|
    |sparsemux_7_2_8_1_1_U9073  |sparsemux_7_2_8_1_1  |        0|   0|  0|    9|    0|
    |sparsemux_7_2_8_1_1_U9074  |sparsemux_7_2_8_1_1  |        0|   0|  0|    9|    0|
    |sparsemux_7_2_8_1_1_U9075  |sparsemux_7_2_8_1_1  |        0|   0|  0|    9|    0|
    |sparsemux_7_2_8_1_1_U9076  |sparsemux_7_2_8_1_1  |        0|   0|  0|    9|    0|
    |sparsemux_7_2_8_1_1_U9077  |sparsemux_7_2_8_1_1  |        0|   0|  0|    9|    0|
    |sparsemux_7_2_8_1_1_U9078  |sparsemux_7_2_8_1_1  |        0|   0|  0|    9|    0|
    |sparsemux_7_2_8_1_1_U9079  |sparsemux_7_2_8_1_1  |        0|   0|  0|    9|    0|
    |sparsemux_7_2_8_1_1_U9080  |sparsemux_7_2_8_1_1  |        0|   0|  0|    9|    0|
    |sparsemux_7_2_8_1_1_U9081  |sparsemux_7_2_8_1_1  |        0|   0|  0|    9|    0|
    |sparsemux_7_2_8_1_1_U9082  |sparsemux_7_2_8_1_1  |        0|   0|  0|    9|    0|
    |sparsemux_7_2_8_1_1_U9083  |sparsemux_7_2_8_1_1  |        0|   0|  0|    9|    0|
    |sparsemux_7_2_8_1_1_U9084  |sparsemux_7_2_8_1_1  |        0|   0|  0|    9|    0|
    |sparsemux_7_2_8_1_1_U9085  |sparsemux_7_2_8_1_1  |        0|   0|  0|    9|    0|
    |sparsemux_7_2_8_1_1_U9086  |sparsemux_7_2_8_1_1  |        0|   0|  0|    9|    0|
    |sparsemux_7_2_8_1_1_U9087  |sparsemux_7_2_8_1_1  |        0|   0|  0|    9|    0|
    |sparsemux_7_2_8_1_1_U9088  |sparsemux_7_2_8_1_1  |        0|   0|  0|    9|    0|
    |sparsemux_7_2_8_1_1_U9089  |sparsemux_7_2_8_1_1  |        0|   0|  0|    9|    0|
    |sparsemux_7_2_8_1_1_U9090  |sparsemux_7_2_8_1_1  |        0|   0|  0|    9|    0|
    |sparsemux_7_2_8_1_1_U9091  |sparsemux_7_2_8_1_1  |        0|   0|  0|    9|    0|
    |sparsemux_7_2_8_1_1_U9092  |sparsemux_7_2_8_1_1  |        0|   0|  0|    9|    0|
    |sparsemux_7_2_8_1_1_U9093  |sparsemux_7_2_8_1_1  |        0|   0|  0|    9|    0|
    |sparsemux_7_2_8_1_1_U9094  |sparsemux_7_2_8_1_1  |        0|   0|  0|    9|    0|
    |sparsemux_7_2_8_1_1_U9095  |sparsemux_7_2_8_1_1  |        0|   0|  0|    9|    0|
    |sparsemux_7_2_8_1_1_U9096  |sparsemux_7_2_8_1_1  |        0|   0|  0|    9|    0|
    |sparsemux_7_2_8_1_1_U9097  |sparsemux_7_2_8_1_1  |        0|   0|  0|    9|    0|
    |sparsemux_7_2_8_1_1_U9098  |sparsemux_7_2_8_1_1  |        0|   0|  0|    9|    0|
    |sparsemux_7_2_8_1_1_U9099  |sparsemux_7_2_8_1_1  |        0|   0|  0|    9|    0|
    |sparsemux_7_2_8_1_1_U9100  |sparsemux_7_2_8_1_1  |        0|   0|  0|    9|    0|
    |sparsemux_7_2_8_1_1_U9101  |sparsemux_7_2_8_1_1  |        0|   0|  0|    9|    0|
    |sparsemux_7_2_8_1_1_U9102  |sparsemux_7_2_8_1_1  |        0|   0|  0|    9|    0|
    |sparsemux_7_2_8_1_1_U9103  |sparsemux_7_2_8_1_1  |        0|   0|  0|    9|    0|
    |sparsemux_7_2_8_1_1_U9104  |sparsemux_7_2_8_1_1  |        0|   0|  0|    9|    0|
    |sparsemux_7_2_8_1_1_U9105  |sparsemux_7_2_8_1_1  |        0|   0|  0|    9|    0|
    |sparsemux_7_2_8_1_1_U9106  |sparsemux_7_2_8_1_1  |        0|   0|  0|    9|    0|
    |sparsemux_7_2_8_1_1_U9107  |sparsemux_7_2_8_1_1  |        0|   0|  0|    9|    0|
    |sparsemux_7_2_8_1_1_U9108  |sparsemux_7_2_8_1_1  |        0|   0|  0|    9|    0|
    |sparsemux_7_2_8_1_1_U9109  |sparsemux_7_2_8_1_1  |        0|   0|  0|    9|    0|
    |sparsemux_7_2_8_1_1_U9110  |sparsemux_7_2_8_1_1  |        0|   0|  0|    9|    0|
    |sparsemux_7_2_8_1_1_U9111  |sparsemux_7_2_8_1_1  |        0|   0|  0|    9|    0|
    |sparsemux_7_2_8_1_1_U9112  |sparsemux_7_2_8_1_1  |        0|   0|  0|    9|    0|
    |sparsemux_7_2_8_1_1_U9113  |sparsemux_7_2_8_1_1  |        0|   0|  0|    9|    0|
    |sparsemux_7_2_8_1_1_U9114  |sparsemux_7_2_8_1_1  |        0|   0|  0|    9|    0|
    |sparsemux_7_2_8_1_1_U9115  |sparsemux_7_2_8_1_1  |        0|   0|  0|    9|    0|
    |sparsemux_7_2_8_1_1_U9116  |sparsemux_7_2_8_1_1  |        0|   0|  0|    9|    0|
    |sparsemux_7_2_8_1_1_U9117  |sparsemux_7_2_8_1_1  |        0|   0|  0|    9|    0|
    |sparsemux_7_2_8_1_1_U9118  |sparsemux_7_2_8_1_1  |        0|   0|  0|    9|    0|
    |sparsemux_7_2_8_1_1_U9119  |sparsemux_7_2_8_1_1  |        0|   0|  0|    9|    0|
    |sparsemux_7_2_8_1_1_U9120  |sparsemux_7_2_8_1_1  |        0|   0|  0|    9|    0|
    |sparsemux_7_2_8_1_1_U9121  |sparsemux_7_2_8_1_1  |        0|   0|  0|    9|    0|
    |sparsemux_7_2_8_1_1_U9122  |sparsemux_7_2_8_1_1  |        0|   0|  0|    9|    0|
    |sparsemux_7_2_8_1_1_U9123  |sparsemux_7_2_8_1_1  |        0|   0|  0|    9|    0|
    |sparsemux_7_2_8_1_1_U9124  |sparsemux_7_2_8_1_1  |        0|   0|  0|    9|    0|
    |sparsemux_7_2_8_1_1_U9125  |sparsemux_7_2_8_1_1  |        0|   0|  0|    9|    0|
    |sparsemux_7_2_8_1_1_U9126  |sparsemux_7_2_8_1_1  |        0|   0|  0|    9|    0|
    |sparsemux_7_2_8_1_1_U9127  |sparsemux_7_2_8_1_1  |        0|   0|  0|    9|    0|
    |sparsemux_7_2_8_1_1_U9128  |sparsemux_7_2_8_1_1  |        0|   0|  0|    9|    0|
    |sparsemux_7_2_8_1_1_U9129  |sparsemux_7_2_8_1_1  |        0|   0|  0|    9|    0|
    |sparsemux_7_2_8_1_1_U9130  |sparsemux_7_2_8_1_1  |        0|   0|  0|    9|    0|
    |sparsemux_7_2_8_1_1_U9131  |sparsemux_7_2_8_1_1  |        0|   0|  0|    9|    0|
    |sparsemux_7_2_8_1_1_U9132  |sparsemux_7_2_8_1_1  |        0|   0|  0|    9|    0|
    |sparsemux_7_2_8_1_1_U9133  |sparsemux_7_2_8_1_1  |        0|   0|  0|    9|    0|
    |sparsemux_7_2_8_1_1_U9134  |sparsemux_7_2_8_1_1  |        0|   0|  0|    9|    0|
    |sparsemux_7_2_8_1_1_U9135  |sparsemux_7_2_8_1_1  |        0|   0|  0|    9|    0|
    |sparsemux_7_2_8_1_1_U9136  |sparsemux_7_2_8_1_1  |        0|   0|  0|    9|    0|
    |sparsemux_7_2_8_1_1_U9137  |sparsemux_7_2_8_1_1  |        0|   0|  0|    9|    0|
    |sparsemux_7_2_8_1_1_U9138  |sparsemux_7_2_8_1_1  |        0|   0|  0|    9|    0|
    |sparsemux_7_2_8_1_1_U9139  |sparsemux_7_2_8_1_1  |        0|   0|  0|    9|    0|
    |sparsemux_7_2_8_1_1_U9140  |sparsemux_7_2_8_1_1  |        0|   0|  0|    9|    0|
    |sparsemux_7_2_8_1_1_U9141  |sparsemux_7_2_8_1_1  |        0|   0|  0|    9|    0|
    |sparsemux_7_2_8_1_1_U9142  |sparsemux_7_2_8_1_1  |        0|   0|  0|    9|    0|
    |sparsemux_7_2_8_1_1_U9143  |sparsemux_7_2_8_1_1  |        0|   0|  0|    9|    0|
    |sparsemux_7_2_8_1_1_U9144  |sparsemux_7_2_8_1_1  |        0|   0|  0|    9|    0|
    |sparsemux_7_2_8_1_1_U9145  |sparsemux_7_2_8_1_1  |        0|   0|  0|    9|    0|
    |sparsemux_7_2_8_1_1_U9146  |sparsemux_7_2_8_1_1  |        0|   0|  0|    9|    0|
    |sparsemux_7_2_8_1_1_U9147  |sparsemux_7_2_8_1_1  |        0|   0|  0|    9|    0|
    |sparsemux_7_2_8_1_1_U9148  |sparsemux_7_2_8_1_1  |        0|   0|  0|    9|    0|
    |sparsemux_7_2_8_1_1_U9149  |sparsemux_7_2_8_1_1  |        0|   0|  0|    9|    0|
    |sparsemux_7_2_8_1_1_U9150  |sparsemux_7_2_8_1_1  |        0|   0|  0|    9|    0|
    |sparsemux_7_2_8_1_1_U9151  |sparsemux_7_2_8_1_1  |        0|   0|  0|    9|    0|
    |sparsemux_7_2_8_1_1_U9152  |sparsemux_7_2_8_1_1  |        0|   0|  0|    9|    0|
    |sparsemux_7_2_8_1_1_U9153  |sparsemux_7_2_8_1_1  |        0|   0|  0|    9|    0|
    |sparsemux_7_2_8_1_1_U9154  |sparsemux_7_2_8_1_1  |        0|   0|  0|    9|    0|
    |sparsemux_7_2_8_1_1_U9155  |sparsemux_7_2_8_1_1  |        0|   0|  0|    9|    0|
    |sparsemux_7_2_8_1_1_U9156  |sparsemux_7_2_8_1_1  |        0|   0|  0|    9|    0|
    |sparsemux_7_2_8_1_1_U9157  |sparsemux_7_2_8_1_1  |        0|   0|  0|    9|    0|
    |sparsemux_7_2_8_1_1_U9158  |sparsemux_7_2_8_1_1  |        0|   0|  0|    9|    0|
    |sparsemux_7_2_8_1_1_U9159  |sparsemux_7_2_8_1_1  |        0|   0|  0|    9|    0|
    |sparsemux_7_2_8_1_1_U9160  |sparsemux_7_2_8_1_1  |        0|   0|  0|    9|    0|
    |sparsemux_7_2_8_1_1_U9161  |sparsemux_7_2_8_1_1  |        0|   0|  0|    9|    0|
    |sparsemux_7_2_8_1_1_U9162  |sparsemux_7_2_8_1_1  |        0|   0|  0|    9|    0|
    |sparsemux_7_2_8_1_1_U9163  |sparsemux_7_2_8_1_1  |        0|   0|  0|    9|    0|
    |sparsemux_7_2_8_1_1_U9164  |sparsemux_7_2_8_1_1  |        0|   0|  0|    9|    0|
    |sparsemux_7_2_8_1_1_U9165  |sparsemux_7_2_8_1_1  |        0|   0|  0|    9|    0|
    |sparsemux_7_2_8_1_1_U9166  |sparsemux_7_2_8_1_1  |        0|   0|  0|    9|    0|
    |sparsemux_7_2_8_1_1_U9167  |sparsemux_7_2_8_1_1  |        0|   0|  0|    9|    0|
    |sparsemux_7_2_8_1_1_U9168  |sparsemux_7_2_8_1_1  |        0|   0|  0|    9|    0|
    |sparsemux_7_2_8_1_1_U9169  |sparsemux_7_2_8_1_1  |        0|   0|  0|    9|    0|
    |sparsemux_7_2_8_1_1_U9170  |sparsemux_7_2_8_1_1  |        0|   0|  0|    9|    0|
    |sparsemux_7_2_8_1_1_U9171  |sparsemux_7_2_8_1_1  |        0|   0|  0|    9|    0|
    |sparsemux_7_2_8_1_1_U9172  |sparsemux_7_2_8_1_1  |        0|   0|  0|    9|    0|
    |sparsemux_7_2_8_1_1_U9173  |sparsemux_7_2_8_1_1  |        0|   0|  0|    9|    0|
    |sparsemux_7_2_8_1_1_U9174  |sparsemux_7_2_8_1_1  |        0|   0|  0|    9|    0|
    |sparsemux_7_2_8_1_1_U9175  |sparsemux_7_2_8_1_1  |        0|   0|  0|    9|    0|
    |sparsemux_7_2_8_1_1_U9176  |sparsemux_7_2_8_1_1  |        0|   0|  0|    9|    0|
    |sparsemux_7_2_8_1_1_U9177  |sparsemux_7_2_8_1_1  |        0|   0|  0|    9|    0|
    |sparsemux_7_2_8_1_1_U9178  |sparsemux_7_2_8_1_1  |        0|   0|  0|    9|    0|
    |sparsemux_7_2_8_1_1_U9179  |sparsemux_7_2_8_1_1  |        0|   0|  0|    9|    0|
    |sparsemux_7_2_8_1_1_U9180  |sparsemux_7_2_8_1_1  |        0|   0|  0|    9|    0|
    |sparsemux_7_2_8_1_1_U9181  |sparsemux_7_2_8_1_1  |        0|   0|  0|    9|    0|
    |sparsemux_7_2_8_1_1_U9182  |sparsemux_7_2_8_1_1  |        0|   0|  0|    9|    0|
    |sparsemux_7_2_8_1_1_U9183  |sparsemux_7_2_8_1_1  |        0|   0|  0|    9|    0|
    |sparsemux_7_2_8_1_1_U9184  |sparsemux_7_2_8_1_1  |        0|   0|  0|    9|    0|
    |sparsemux_7_2_8_1_1_U9185  |sparsemux_7_2_8_1_1  |        0|   0|  0|    9|    0|
    |sparsemux_7_2_8_1_1_U9186  |sparsemux_7_2_8_1_1  |        0|   0|  0|    9|    0|
    |sparsemux_7_2_8_1_1_U9187  |sparsemux_7_2_8_1_1  |        0|   0|  0|    9|    0|
    |sparsemux_7_2_8_1_1_U9188  |sparsemux_7_2_8_1_1  |        0|   0|  0|    9|    0|
    |sparsemux_7_2_8_1_1_U9189  |sparsemux_7_2_8_1_1  |        0|   0|  0|    9|    0|
    +---------------------------+---------------------+---------+----+---+-----+-----+
    |Total                      |                     |        0|   0|  0|21024|    0|
    +---------------------------+---------------------+---------+----+---+-----+-----+

    * DSP: 
    +-----------------------------------+-----------------------------+--------------+
    |              Instance             |            Module           |  Expression  |
    +-----------------------------------+-----------------------------+--------------+
    |mac_muladd_8s_8s_19s_19_4_1_U9190  |mac_muladd_8s_8s_19s_19_4_1  |  i0 * i1 + i2|
    |mac_muladd_8s_8s_19s_19_4_1_U9191  |mac_muladd_8s_8s_19s_19_4_1  |  i0 * i1 + i2|
    |mac_muladd_8s_8s_19s_19_4_1_U9192  |mac_muladd_8s_8s_19s_19_4_1  |  i0 * i1 + i2|
    |mac_muladd_8s_8s_19s_19_4_1_U9193  |mac_muladd_8s_8s_19s_19_4_1  |  i0 * i1 + i2|
    |mac_muladd_8s_8s_19s_19_4_1_U9194  |mac_muladd_8s_8s_19s_19_4_1  |  i0 * i1 + i2|
    |mac_muladd_8s_8s_19s_19_4_1_U9195  |mac_muladd_8s_8s_19s_19_4_1  |  i0 * i1 + i2|
    |mac_muladd_8s_8s_19s_19_4_1_U9196  |mac_muladd_8s_8s_19s_19_4_1  |  i0 * i1 + i2|
    |mac_muladd_8s_8s_19s_19_4_1_U9197  |mac_muladd_8s_8s_19s_19_4_1  |  i0 * i1 + i2|
    |mac_muladd_8s_8s_19s_19_4_1_U9198  |mac_muladd_8s_8s_19s_19_4_1  |  i0 * i1 + i2|
    |mac_muladd_8s_8s_19s_19_4_1_U9199  |mac_muladd_8s_8s_19s_19_4_1  |  i0 * i1 + i2|
    |mac_muladd_8s_8s_19s_19_4_1_U9200  |mac_muladd_8s_8s_19s_19_4_1  |  i0 * i1 + i2|
    |mac_muladd_8s_8s_19s_19_4_1_U9201  |mac_muladd_8s_8s_19s_19_4_1  |  i0 * i1 + i2|
    |mac_muladd_8s_8s_19s_19_4_1_U9202  |mac_muladd_8s_8s_19s_19_4_1  |  i0 * i1 + i2|
    |mac_muladd_8s_8s_19s_19_4_1_U9203  |mac_muladd_8s_8s_19s_19_4_1  |  i0 * i1 + i2|
    |mac_muladd_8s_8s_19s_19_4_1_U9204  |mac_muladd_8s_8s_19s_19_4_1  |  i0 * i1 + i2|
    |mac_muladd_8s_8s_19s_19_4_1_U9205  |mac_muladd_8s_8s_19s_19_4_1  |  i0 * i1 + i2|
    |mac_muladd_8s_8s_19s_19_4_1_U9206  |mac_muladd_8s_8s_19s_19_4_1  |  i0 * i1 + i2|
    |mac_muladd_8s_8s_19s_19_4_1_U9207  |mac_muladd_8s_8s_19s_19_4_1  |  i0 * i1 + i2|
    |mac_muladd_8s_8s_19s_19_4_1_U9208  |mac_muladd_8s_8s_19s_19_4_1  |  i0 * i1 + i2|
    |mac_muladd_8s_8s_19s_19_4_1_U9209  |mac_muladd_8s_8s_19s_19_4_1  |  i0 * i1 + i2|
    |mac_muladd_8s_8s_19s_19_4_1_U9210  |mac_muladd_8s_8s_19s_19_4_1  |  i0 * i1 + i2|
    |mac_muladd_8s_8s_19s_19_4_1_U9211  |mac_muladd_8s_8s_19s_19_4_1  |  i0 * i1 + i2|
    |mac_muladd_8s_8s_19s_19_4_1_U9212  |mac_muladd_8s_8s_19s_19_4_1  |  i0 * i1 + i2|
    |mac_muladd_8s_8s_19s_19_4_1_U9213  |mac_muladd_8s_8s_19s_19_4_1  |  i0 * i1 + i2|
    |mac_muladd_8s_8s_19s_19_4_1_U9214  |mac_muladd_8s_8s_19s_19_4_1  |  i0 * i1 + i2|
    |mac_muladd_8s_8s_19s_19_4_1_U9215  |mac_muladd_8s_8s_19s_19_4_1  |  i0 * i1 + i2|
    |mac_muladd_8s_8s_19s_19_4_1_U9216  |mac_muladd_8s_8s_19s_19_4_1  |  i0 * i1 + i2|
    |mac_muladd_8s_8s_19s_19_4_1_U9217  |mac_muladd_8s_8s_19s_19_4_1  |  i0 * i1 + i2|
    |mac_muladd_8s_8s_19s_19_4_1_U9218  |mac_muladd_8s_8s_19s_19_4_1  |  i0 * i1 + i2|
    |mac_muladd_8s_8s_19s_19_4_1_U9219  |mac_muladd_8s_8s_19s_19_4_1  |  i0 * i1 + i2|
    |mac_muladd_8s_8s_19s_19_4_1_U9220  |mac_muladd_8s_8s_19s_19_4_1  |  i0 * i1 + i2|
    |mac_muladd_8s_8s_19s_19_4_1_U9221  |mac_muladd_8s_8s_19s_19_4_1  |  i0 * i1 + i2|
    |mac_muladd_8s_8s_19s_19_4_1_U9222  |mac_muladd_8s_8s_19s_19_4_1  |  i0 * i1 + i2|
    |mac_muladd_8s_8s_19s_19_4_1_U9223  |mac_muladd_8s_8s_19s_19_4_1  |  i0 * i1 + i2|
    |mac_muladd_8s_8s_19s_19_4_1_U9224  |mac_muladd_8s_8s_19s_19_4_1  |  i0 * i1 + i2|
    |mac_muladd_8s_8s_19s_19_4_1_U9225  |mac_muladd_8s_8s_19s_19_4_1  |  i0 * i1 + i2|
    |mac_muladd_8s_8s_19s_19_4_1_U9226  |mac_muladd_8s_8s_19s_19_4_1  |  i0 * i1 + i2|
    |mac_muladd_8s_8s_19s_19_4_1_U9227  |mac_muladd_8s_8s_19s_19_4_1  |  i0 * i1 + i2|
    |mac_muladd_8s_8s_19s_19_4_1_U9228  |mac_muladd_8s_8s_19s_19_4_1  |  i0 * i1 + i2|
    |mac_muladd_8s_8s_19s_19_4_1_U9229  |mac_muladd_8s_8s_19s_19_4_1  |  i0 * i1 + i2|
    |mac_muladd_8s_8s_19s_19_4_1_U9230  |mac_muladd_8s_8s_19s_19_4_1  |  i0 * i1 + i2|
    |mac_muladd_8s_8s_19s_19_4_1_U9231  |mac_muladd_8s_8s_19s_19_4_1  |  i0 * i1 + i2|
    |mac_muladd_8s_8s_19s_19_4_1_U9232  |mac_muladd_8s_8s_19s_19_4_1  |  i0 * i1 + i2|
    |mac_muladd_8s_8s_19s_19_4_1_U9233  |mac_muladd_8s_8s_19s_19_4_1  |  i0 * i1 + i2|
    |mac_muladd_8s_8s_19s_19_4_1_U9234  |mac_muladd_8s_8s_19s_19_4_1  |  i0 * i1 + i2|
    |mac_muladd_8s_8s_19s_19_4_1_U9235  |mac_muladd_8s_8s_19s_19_4_1  |  i0 * i1 + i2|
    |mac_muladd_8s_8s_19s_19_4_1_U9236  |mac_muladd_8s_8s_19s_19_4_1  |  i0 * i1 + i2|
    |mac_muladd_8s_8s_19s_19_4_1_U9237  |mac_muladd_8s_8s_19s_19_4_1  |  i0 * i1 + i2|
    |mac_muladd_8s_8s_19s_19_4_1_U9238  |mac_muladd_8s_8s_19s_19_4_1  |  i0 * i1 + i2|
    |mac_muladd_8s_8s_19s_19_4_1_U9239  |mac_muladd_8s_8s_19s_19_4_1  |  i0 * i1 + i2|
    |mac_muladd_8s_8s_19s_19_4_1_U9240  |mac_muladd_8s_8s_19s_19_4_1  |  i0 * i1 + i2|
    |mac_muladd_8s_8s_19s_19_4_1_U9241  |mac_muladd_8s_8s_19s_19_4_1  |  i0 * i1 + i2|
    |mac_muladd_8s_8s_19s_19_4_1_U9242  |mac_muladd_8s_8s_19s_19_4_1  |  i0 * i1 + i2|
    |mac_muladd_8s_8s_19s_19_4_1_U9243  |mac_muladd_8s_8s_19s_19_4_1  |  i0 * i1 + i2|
    |mac_muladd_8s_8s_19s_19_4_1_U9244  |mac_muladd_8s_8s_19s_19_4_1  |  i0 * i1 + i2|
    |mac_muladd_8s_8s_19s_19_4_1_U9245  |mac_muladd_8s_8s_19s_19_4_1  |  i0 * i1 + i2|
    |mac_muladd_8s_8s_19s_19_4_1_U9246  |mac_muladd_8s_8s_19s_19_4_1  |  i0 * i1 + i2|
    |mac_muladd_8s_8s_19s_19_4_1_U9247  |mac_muladd_8s_8s_19s_19_4_1  |  i0 * i1 + i2|
    |mac_muladd_8s_8s_19s_19_4_1_U9248  |mac_muladd_8s_8s_19s_19_4_1  |  i0 * i1 + i2|
    |mac_muladd_8s_8s_19s_19_4_1_U9249  |mac_muladd_8s_8s_19s_19_4_1  |  i0 * i1 + i2|
    |mac_muladd_8s_8s_19s_19_4_1_U9250  |mac_muladd_8s_8s_19s_19_4_1  |  i0 * i1 + i2|
    |mac_muladd_8s_8s_19s_19_4_1_U9251  |mac_muladd_8s_8s_19s_19_4_1  |  i0 * i1 + i2|
    |mac_muladd_8s_8s_19s_19_4_1_U9252  |mac_muladd_8s_8s_19s_19_4_1  |  i0 * i1 + i2|
    |mac_muladd_8s_8s_19s_19_4_1_U9253  |mac_muladd_8s_8s_19s_19_4_1  |  i0 * i1 + i2|
    |mac_muladd_8s_8s_19s_19_4_1_U9254  |mac_muladd_8s_8s_19s_19_4_1  |  i0 * i1 + i2|
    |mac_muladd_8s_8s_19s_19_4_1_U9255  |mac_muladd_8s_8s_19s_19_4_1  |  i0 * i1 + i2|
    |mac_muladd_8s_8s_19s_19_4_1_U9256  |mac_muladd_8s_8s_19s_19_4_1  |  i0 * i1 + i2|
    |mac_muladd_8s_8s_19s_19_4_1_U9257  |mac_muladd_8s_8s_19s_19_4_1  |  i0 * i1 + i2|
    |mac_muladd_8s_8s_19s_19_4_1_U9258  |mac_muladd_8s_8s_19s_19_4_1  |  i0 * i1 + i2|
    |mac_muladd_8s_8s_19s_19_4_1_U9259  |mac_muladd_8s_8s_19s_19_4_1  |  i0 * i1 + i2|
    |mac_muladd_8s_8s_19s_19_4_1_U9260  |mac_muladd_8s_8s_19s_19_4_1  |  i0 * i1 + i2|
    |mac_muladd_8s_8s_19s_19_4_1_U9261  |mac_muladd_8s_8s_19s_19_4_1  |  i0 * i1 + i2|
    |mac_muladd_8s_8s_19s_19_4_1_U9262  |mac_muladd_8s_8s_19s_19_4_1  |  i0 * i1 + i2|
    |mac_muladd_8s_8s_19s_19_4_1_U9263  |mac_muladd_8s_8s_19s_19_4_1  |  i0 * i1 + i2|
    |mac_muladd_8s_8s_19s_19_4_1_U9264  |mac_muladd_8s_8s_19s_19_4_1  |  i0 * i1 + i2|
    |mac_muladd_8s_8s_19s_19_4_1_U9265  |mac_muladd_8s_8s_19s_19_4_1  |  i0 * i1 + i2|
    |mac_muladd_8s_8s_19s_19_4_1_U9266  |mac_muladd_8s_8s_19s_19_4_1  |  i0 * i1 + i2|
    |mac_muladd_8s_8s_19s_19_4_1_U9267  |mac_muladd_8s_8s_19s_19_4_1  |  i0 * i1 + i2|
    |mac_muladd_8s_8s_19s_19_4_1_U9268  |mac_muladd_8s_8s_19s_19_4_1  |  i0 * i1 + i2|
    |mac_muladd_8s_8s_19s_19_4_1_U9269  |mac_muladd_8s_8s_19s_19_4_1  |  i0 * i1 + i2|
    |mac_muladd_8s_8s_19s_19_4_1_U9270  |mac_muladd_8s_8s_19s_19_4_1  |  i0 * i1 + i2|
    |mac_muladd_8s_8s_19s_19_4_1_U9271  |mac_muladd_8s_8s_19s_19_4_1  |  i0 * i1 + i2|
    |mac_muladd_8s_8s_19s_19_4_1_U9272  |mac_muladd_8s_8s_19s_19_4_1  |  i0 * i1 + i2|
    |mac_muladd_8s_8s_19s_19_4_1_U9273  |mac_muladd_8s_8s_19s_19_4_1  |  i0 * i1 + i2|
    |mac_muladd_8s_8s_19s_19_4_1_U9274  |mac_muladd_8s_8s_19s_19_4_1  |  i0 * i1 + i2|
    |mac_muladd_8s_8s_19s_19_4_1_U9275  |mac_muladd_8s_8s_19s_19_4_1  |  i0 * i1 + i2|
    |mac_muladd_8s_8s_19s_19_4_1_U9276  |mac_muladd_8s_8s_19s_19_4_1  |  i0 * i1 + i2|
    |mac_muladd_8s_8s_19s_19_4_1_U9277  |mac_muladd_8s_8s_19s_19_4_1  |  i0 * i1 + i2|
    |mac_muladd_8s_8s_19s_19_4_1_U9278  |mac_muladd_8s_8s_19s_19_4_1  |  i0 * i1 + i2|
    |mac_muladd_8s_8s_19s_19_4_1_U9279  |mac_muladd_8s_8s_19s_19_4_1  |  i0 * i1 + i2|
    |mac_muladd_8s_8s_19s_19_4_1_U9280  |mac_muladd_8s_8s_19s_19_4_1  |  i0 * i1 + i2|
    |mac_muladd_8s_8s_19s_19_4_1_U9281  |mac_muladd_8s_8s_19s_19_4_1  |  i0 * i1 + i2|
    |mac_muladd_8s_8s_19s_19_4_1_U9282  |mac_muladd_8s_8s_19s_19_4_1  |  i0 * i1 + i2|
    |mac_muladd_8s_8s_19s_19_4_1_U9283  |mac_muladd_8s_8s_19s_19_4_1  |  i0 * i1 + i2|
    |mac_muladd_8s_8s_19s_19_4_1_U9284  |mac_muladd_8s_8s_19s_19_4_1  |  i0 * i1 + i2|
    |mac_muladd_8s_8s_19s_19_4_1_U9285  |mac_muladd_8s_8s_19s_19_4_1  |  i0 * i1 + i2|
    |mac_muladd_8s_8s_19s_19_4_1_U9286  |mac_muladd_8s_8s_19s_19_4_1  |  i0 * i1 + i2|
    |mac_muladd_8s_8s_19s_19_4_1_U9287  |mac_muladd_8s_8s_19s_19_4_1  |  i0 * i1 + i2|
    |mac_muladd_8s_8s_19s_19_4_1_U9288  |mac_muladd_8s_8s_19s_19_4_1  |  i0 * i1 + i2|
    |mac_muladd_8s_8s_19s_19_4_1_U9289  |mac_muladd_8s_8s_19s_19_4_1  |  i0 * i1 + i2|
    |mac_muladd_8s_8s_19s_19_4_1_U9290  |mac_muladd_8s_8s_19s_19_4_1  |  i0 * i1 + i2|
    |mac_muladd_8s_8s_19s_19_4_1_U9291  |mac_muladd_8s_8s_19s_19_4_1  |  i0 * i1 + i2|
    |mac_muladd_8s_8s_19s_19_4_1_U9292  |mac_muladd_8s_8s_19s_19_4_1  |  i0 * i1 + i2|
    |mac_muladd_8s_8s_19s_19_4_1_U9293  |mac_muladd_8s_8s_19s_19_4_1  |  i0 * i1 + i2|
    |mac_muladd_8s_8s_19s_19_4_1_U9294  |mac_muladd_8s_8s_19s_19_4_1  |  i0 * i1 + i2|
    |mac_muladd_8s_8s_19s_19_4_1_U9295  |mac_muladd_8s_8s_19s_19_4_1  |  i0 * i1 + i2|
    |mac_muladd_8s_8s_19s_19_4_1_U9296  |mac_muladd_8s_8s_19s_19_4_1  |  i0 * i1 + i2|
    |mac_muladd_8s_8s_19s_19_4_1_U9297  |mac_muladd_8s_8s_19s_19_4_1  |  i0 * i1 + i2|
    |mac_muladd_8s_8s_19s_19_4_1_U9298  |mac_muladd_8s_8s_19s_19_4_1  |  i0 * i1 + i2|
    |mac_muladd_8s_8s_19s_19_4_1_U9299  |mac_muladd_8s_8s_19s_19_4_1  |  i0 * i1 + i2|
    |mac_muladd_8s_8s_19s_19_4_1_U9300  |mac_muladd_8s_8s_19s_19_4_1  |  i0 * i1 + i2|
    |mac_muladd_8s_8s_19s_19_4_1_U9301  |mac_muladd_8s_8s_19s_19_4_1  |  i0 * i1 + i2|
    |mac_muladd_8s_8s_19s_19_4_1_U9302  |mac_muladd_8s_8s_19s_19_4_1  |  i0 * i1 + i2|
    |mac_muladd_8s_8s_19s_19_4_1_U9303  |mac_muladd_8s_8s_19s_19_4_1  |  i0 * i1 + i2|
    |mac_muladd_8s_8s_19s_19_4_1_U9304  |mac_muladd_8s_8s_19s_19_4_1  |  i0 * i1 + i2|
    |mac_muladd_8s_8s_19s_19_4_1_U9305  |mac_muladd_8s_8s_19s_19_4_1  |  i0 * i1 + i2|
    |mac_muladd_8s_8s_19s_19_4_1_U9306  |mac_muladd_8s_8s_19s_19_4_1  |  i0 * i1 + i2|
    |mac_muladd_8s_8s_19s_19_4_1_U9307  |mac_muladd_8s_8s_19s_19_4_1  |  i0 * i1 + i2|
    |mac_muladd_8s_8s_19s_19_4_1_U9308  |mac_muladd_8s_8s_19s_19_4_1  |  i0 * i1 + i2|
    |mac_muladd_8s_8s_19s_19_4_1_U9309  |mac_muladd_8s_8s_19s_19_4_1  |  i0 * i1 + i2|
    |mac_muladd_8s_8s_19s_19_4_1_U9310  |mac_muladd_8s_8s_19s_19_4_1  |  i0 * i1 + i2|
    |mac_muladd_8s_8s_19s_19_4_1_U9311  |mac_muladd_8s_8s_19s_19_4_1  |  i0 * i1 + i2|
    |mac_muladd_8s_8s_19s_19_4_1_U9312  |mac_muladd_8s_8s_19s_19_4_1  |  i0 * i1 + i2|
    |mac_muladd_8s_8s_19s_19_4_1_U9313  |mac_muladd_8s_8s_19s_19_4_1  |  i0 * i1 + i2|
    |mac_muladd_8s_8s_19s_19_4_1_U9314  |mac_muladd_8s_8s_19s_19_4_1  |  i0 * i1 + i2|
    |mac_muladd_8s_8s_19s_19_4_1_U9315  |mac_muladd_8s_8s_19s_19_4_1  |  i0 * i1 + i2|
    |mac_muladd_8s_8s_19s_19_4_1_U9316  |mac_muladd_8s_8s_19s_19_4_1  |  i0 * i1 + i2|
    |mac_muladd_8s_8s_19s_19_4_1_U9317  |mac_muladd_8s_8s_19s_19_4_1  |  i0 * i1 + i2|
    |mac_muladd_8s_8s_19s_19_4_1_U9318  |mac_muladd_8s_8s_19s_19_4_1  |  i0 * i1 + i2|
    |mac_muladd_8s_8s_19s_19_4_1_U9319  |mac_muladd_8s_8s_19s_19_4_1  |  i0 * i1 + i2|
    |mac_muladd_8s_8s_19s_19_4_1_U9320  |mac_muladd_8s_8s_19s_19_4_1  |  i0 * i1 + i2|
    |mac_muladd_8s_8s_19s_19_4_1_U9321  |mac_muladd_8s_8s_19s_19_4_1  |  i0 * i1 + i2|
    |mac_muladd_8s_8s_19s_19_4_1_U9322  |mac_muladd_8s_8s_19s_19_4_1  |  i0 * i1 + i2|
    |mac_muladd_8s_8s_19s_19_4_1_U9323  |mac_muladd_8s_8s_19s_19_4_1  |  i0 * i1 + i2|
    |mac_muladd_8s_8s_19s_19_4_1_U9324  |mac_muladd_8s_8s_19s_19_4_1  |  i0 * i1 + i2|
    |mac_muladd_8s_8s_19s_19_4_1_U9325  |mac_muladd_8s_8s_19s_19_4_1  |  i0 * i1 + i2|
    |mac_muladd_8s_8s_19s_19_4_1_U9326  |mac_muladd_8s_8s_19s_19_4_1  |  i0 * i1 + i2|
    |mac_muladd_8s_8s_19s_19_4_1_U9327  |mac_muladd_8s_8s_19s_19_4_1  |  i0 * i1 + i2|
    |mac_muladd_8s_8s_19s_19_4_1_U9328  |mac_muladd_8s_8s_19s_19_4_1  |  i0 * i1 + i2|
    |mac_muladd_8s_8s_19s_19_4_1_U9329  |mac_muladd_8s_8s_19s_19_4_1  |  i0 * i1 + i2|
    |mac_muladd_8s_8s_19s_19_4_1_U9330  |mac_muladd_8s_8s_19s_19_4_1  |  i0 * i1 + i2|
    |mac_muladd_8s_8s_19s_19_4_1_U9331  |mac_muladd_8s_8s_19s_19_4_1  |  i0 * i1 + i2|
    |mac_muladd_8s_8s_19s_19_4_1_U9332  |mac_muladd_8s_8s_19s_19_4_1  |  i0 * i1 + i2|
    |mac_muladd_8s_8s_19s_19_4_1_U9333  |mac_muladd_8s_8s_19s_19_4_1  |  i0 * i1 + i2|
    |mac_muladd_8s_8s_19s_19_4_1_U9334  |mac_muladd_8s_8s_19s_19_4_1  |  i0 * i1 + i2|
    |mac_muladd_8s_8s_19s_19_4_1_U9335  |mac_muladd_8s_8s_19s_19_4_1  |  i0 * i1 + i2|
    |mac_muladd_8s_8s_19s_19_4_1_U9336  |mac_muladd_8s_8s_19s_19_4_1  |  i0 * i1 + i2|
    |mac_muladd_8s_8s_19s_19_4_1_U9337  |mac_muladd_8s_8s_19s_19_4_1  |  i0 * i1 + i2|
    |mac_muladd_8s_8s_19s_19_4_1_U9338  |mac_muladd_8s_8s_19s_19_4_1  |  i0 * i1 + i2|
    |mac_muladd_8s_8s_19s_19_4_1_U9339  |mac_muladd_8s_8s_19s_19_4_1  |  i0 * i1 + i2|
    |mac_muladd_8s_8s_19s_19_4_1_U9340  |mac_muladd_8s_8s_19s_19_4_1  |  i0 * i1 + i2|
    |mac_muladd_8s_8s_19s_19_4_1_U9341  |mac_muladd_8s_8s_19s_19_4_1  |  i0 * i1 + i2|
    |mac_muladd_8s_8s_19s_19_4_1_U9342  |mac_muladd_8s_8s_19s_19_4_1  |  i0 * i1 + i2|
    |mac_muladd_8s_8s_19s_19_4_1_U9343  |mac_muladd_8s_8s_19s_19_4_1  |  i0 * i1 + i2|
    |mac_muladd_8s_8s_19s_19_4_1_U9344  |mac_muladd_8s_8s_19s_19_4_1  |  i0 * i1 + i2|
    |mac_muladd_8s_8s_19s_19_4_1_U9345  |mac_muladd_8s_8s_19s_19_4_1  |  i0 * i1 + i2|
    |mac_muladd_8s_8s_19s_19_4_1_U9346  |mac_muladd_8s_8s_19s_19_4_1  |  i0 * i1 + i2|
    |mac_muladd_8s_8s_19s_19_4_1_U9347  |mac_muladd_8s_8s_19s_19_4_1  |  i0 * i1 + i2|
    |mac_muladd_8s_8s_19s_19_4_1_U9348  |mac_muladd_8s_8s_19s_19_4_1  |  i0 * i1 + i2|
    |mac_muladd_8s_8s_19s_19_4_1_U9349  |mac_muladd_8s_8s_19s_19_4_1  |  i0 * i1 + i2|
    |mac_muladd_8s_8s_19s_19_4_1_U9350  |mac_muladd_8s_8s_19s_19_4_1  |  i0 * i1 + i2|
    |mac_muladd_8s_8s_19s_19_4_1_U9351  |mac_muladd_8s_8s_19s_19_4_1  |  i0 * i1 + i2|
    |mac_muladd_8s_8s_19s_19_4_1_U9352  |mac_muladd_8s_8s_19s_19_4_1  |  i0 * i1 + i2|
    |mac_muladd_8s_8s_19s_19_4_1_U9353  |mac_muladd_8s_8s_19s_19_4_1  |  i0 * i1 + i2|
    |mac_muladd_8s_8s_19s_19_4_1_U9354  |mac_muladd_8s_8s_19s_19_4_1  |  i0 * i1 + i2|
    |mac_muladd_8s_8s_19s_19_4_1_U9355  |mac_muladd_8s_8s_19s_19_4_1  |  i0 * i1 + i2|
    |mac_muladd_8s_8s_19s_19_4_1_U9356  |mac_muladd_8s_8s_19s_19_4_1  |  i0 * i1 + i2|
    |mac_muladd_8s_8s_19s_19_4_1_U9357  |mac_muladd_8s_8s_19s_19_4_1  |  i0 * i1 + i2|
    |mac_muladd_8s_8s_19s_19_4_1_U9358  |mac_muladd_8s_8s_19s_19_4_1  |  i0 * i1 + i2|
    |mac_muladd_8s_8s_19s_19_4_1_U9359  |mac_muladd_8s_8s_19s_19_4_1  |  i0 * i1 + i2|
    |mac_muladd_8s_8s_19s_19_4_1_U9360  |mac_muladd_8s_8s_19s_19_4_1  |  i0 * i1 + i2|
    |mac_muladd_8s_8s_19s_19_4_1_U9361  |mac_muladd_8s_8s_19s_19_4_1  |  i0 * i1 + i2|
    |mac_muladd_8s_8s_19s_19_4_1_U9362  |mac_muladd_8s_8s_19s_19_4_1  |  i0 * i1 + i2|
    |mac_muladd_8s_8s_19s_19_4_1_U9363  |mac_muladd_8s_8s_19s_19_4_1  |  i0 * i1 + i2|
    |mac_muladd_8s_8s_19s_19_4_1_U9364  |mac_muladd_8s_8s_19s_19_4_1  |  i0 * i1 + i2|
    |mac_muladd_8s_8s_19s_19_4_1_U9365  |mac_muladd_8s_8s_19s_19_4_1  |  i0 * i1 + i2|
    |mac_muladd_8s_8s_19s_19_4_1_U9366  |mac_muladd_8s_8s_19s_19_4_1  |  i0 * i1 + i2|
    |mac_muladd_8s_8s_19s_19_4_1_U9367  |mac_muladd_8s_8s_19s_19_4_1  |  i0 * i1 + i2|
    |mac_muladd_8s_8s_19s_19_4_1_U9368  |mac_muladd_8s_8s_19s_19_4_1  |  i0 * i1 + i2|
    |mac_muladd_8s_8s_19s_19_4_1_U9369  |mac_muladd_8s_8s_19s_19_4_1  |  i0 * i1 + i2|
    |mac_muladd_8s_8s_19s_19_4_1_U9370  |mac_muladd_8s_8s_19s_19_4_1  |  i0 * i1 + i2|
    |mac_muladd_8s_8s_19s_19_4_1_U9371  |mac_muladd_8s_8s_19s_19_4_1  |  i0 * i1 + i2|
    |mac_muladd_8s_8s_19s_19_4_1_U9372  |mac_muladd_8s_8s_19s_19_4_1  |  i0 * i1 + i2|
    |mac_muladd_8s_8s_19s_19_4_1_U9373  |mac_muladd_8s_8s_19s_19_4_1  |  i0 * i1 + i2|
    |mac_muladd_8s_8s_19s_19_4_1_U9374  |mac_muladd_8s_8s_19s_19_4_1  |  i0 * i1 + i2|
    |mac_muladd_8s_8s_19s_19_4_1_U9375  |mac_muladd_8s_8s_19s_19_4_1  |  i0 * i1 + i2|
    |mac_muladd_8s_8s_19s_19_4_1_U9376  |mac_muladd_8s_8s_19s_19_4_1  |  i0 * i1 + i2|
    |mac_muladd_8s_8s_19s_19_4_1_U9377  |mac_muladd_8s_8s_19s_19_4_1  |  i0 * i1 + i2|
    |mac_muladd_8s_8s_19s_19_4_1_U9378  |mac_muladd_8s_8s_19s_19_4_1  |  i0 * i1 + i2|
    |mac_muladd_8s_8s_19s_19_4_1_U9379  |mac_muladd_8s_8s_19s_19_4_1  |  i0 * i1 + i2|
    |mac_muladd_8s_8s_19s_19_4_1_U9380  |mac_muladd_8s_8s_19s_19_4_1  |  i0 * i1 + i2|
    |mac_muladd_8s_8s_19s_19_4_1_U9381  |mac_muladd_8s_8s_19s_19_4_1  |  i0 * i1 + i2|
    |mac_muladd_8s_8s_19s_19_4_1_U9382  |mac_muladd_8s_8s_19s_19_4_1  |  i0 * i1 + i2|
    |mac_muladd_8s_8s_19s_19_4_1_U9383  |mac_muladd_8s_8s_19s_19_4_1  |  i0 * i1 + i2|
    |mac_muladd_8s_8s_19s_19_4_1_U9384  |mac_muladd_8s_8s_19s_19_4_1  |  i0 * i1 + i2|
    |mac_muladd_8s_8s_19s_19_4_1_U9385  |mac_muladd_8s_8s_19s_19_4_1  |  i0 * i1 + i2|
    |mac_muladd_8s_8s_19s_19_4_1_U9386  |mac_muladd_8s_8s_19s_19_4_1  |  i0 * i1 + i2|
    |mac_muladd_8s_8s_19s_19_4_1_U9387  |mac_muladd_8s_8s_19s_19_4_1  |  i0 * i1 + i2|
    |mac_muladd_8s_8s_19s_19_4_1_U9388  |mac_muladd_8s_8s_19s_19_4_1  |  i0 * i1 + i2|
    |mac_muladd_8s_8s_19s_19_4_1_U9389  |mac_muladd_8s_8s_19s_19_4_1  |  i0 * i1 + i2|
    |mac_muladd_8s_8s_19s_19_4_1_U9390  |mac_muladd_8s_8s_19s_19_4_1  |  i0 * i1 + i2|
    |mac_muladd_8s_8s_19s_19_4_1_U9391  |mac_muladd_8s_8s_19s_19_4_1  |  i0 * i1 + i2|
    |mac_muladd_8s_8s_19s_19_4_1_U9392  |mac_muladd_8s_8s_19s_19_4_1  |  i0 * i1 + i2|
    |mac_muladd_8s_8s_19s_19_4_1_U9393  |mac_muladd_8s_8s_19s_19_4_1  |  i0 * i1 + i2|
    |mac_muladd_8s_8s_19s_19_4_1_U9394  |mac_muladd_8s_8s_19s_19_4_1  |  i0 * i1 + i2|
    |mac_muladd_8s_8s_19s_19_4_1_U9395  |mac_muladd_8s_8s_19s_19_4_1  |  i0 * i1 + i2|
    |mac_muladd_8s_8s_19s_19_4_1_U9396  |mac_muladd_8s_8s_19s_19_4_1  |  i0 * i1 + i2|
    |mac_muladd_8s_8s_19s_19_4_1_U9397  |mac_muladd_8s_8s_19s_19_4_1  |  i0 * i1 + i2|
    |mac_muladd_8s_8s_19s_19_4_1_U9398  |mac_muladd_8s_8s_19s_19_4_1  |  i0 * i1 + i2|
    |mac_muladd_8s_8s_19s_19_4_1_U9399  |mac_muladd_8s_8s_19s_19_4_1  |  i0 * i1 + i2|
    |mac_muladd_8s_8s_19s_19_4_1_U9400  |mac_muladd_8s_8s_19s_19_4_1  |  i0 * i1 + i2|
    |mac_muladd_8s_8s_19s_19_4_1_U9401  |mac_muladd_8s_8s_19s_19_4_1  |  i0 * i1 + i2|
    |mac_muladd_8s_8s_19s_19_4_1_U9402  |mac_muladd_8s_8s_19s_19_4_1  |  i0 * i1 + i2|
    |mac_muladd_8s_8s_19s_19_4_1_U9403  |mac_muladd_8s_8s_19s_19_4_1  |  i0 * i1 + i2|
    |mac_muladd_8s_8s_19s_19_4_1_U9404  |mac_muladd_8s_8s_19s_19_4_1  |  i0 * i1 + i2|
    |mac_muladd_8s_8s_19s_19_4_1_U9405  |mac_muladd_8s_8s_19s_19_4_1  |  i0 * i1 + i2|
    |mac_muladd_8s_8s_19s_19_4_1_U9406  |mac_muladd_8s_8s_19s_19_4_1  |  i0 * i1 + i2|
    |mac_muladd_8s_8s_19s_19_4_1_U9407  |mac_muladd_8s_8s_19s_19_4_1  |  i0 * i1 + i2|
    |mac_muladd_8s_8s_19s_19_4_1_U9408  |mac_muladd_8s_8s_19s_19_4_1  |  i0 * i1 + i2|
    |mac_muladd_8s_8s_19s_19_4_1_U9409  |mac_muladd_8s_8s_19s_19_4_1  |  i0 * i1 + i2|
    |mac_muladd_8s_8s_19s_19_4_1_U9410  |mac_muladd_8s_8s_19s_19_4_1  |  i0 * i1 + i2|
    |mac_muladd_8s_8s_19s_19_4_1_U9411  |mac_muladd_8s_8s_19s_19_4_1  |  i0 * i1 + i2|
    |mac_muladd_8s_8s_19s_19_4_1_U9412  |mac_muladd_8s_8s_19s_19_4_1  |  i0 * i1 + i2|
    |mac_muladd_8s_8s_19s_19_4_1_U9413  |mac_muladd_8s_8s_19s_19_4_1  |  i0 * i1 + i2|
    |mac_muladd_8s_8s_19s_19_4_1_U9414  |mac_muladd_8s_8s_19s_19_4_1  |  i0 * i1 + i2|
    |mac_muladd_8s_8s_19s_19_4_1_U9415  |mac_muladd_8s_8s_19s_19_4_1  |  i0 * i1 + i2|
    |mac_muladd_8s_8s_19s_19_4_1_U9416  |mac_muladd_8s_8s_19s_19_4_1  |  i0 * i1 + i2|
    |mac_muladd_8s_8s_19s_19_4_1_U9417  |mac_muladd_8s_8s_19s_19_4_1  |  i0 * i1 + i2|
    |mac_muladd_8s_8s_19s_19_4_1_U9418  |mac_muladd_8s_8s_19s_19_4_1  |  i0 * i1 + i2|
    |mac_muladd_8s_8s_19s_19_4_1_U9419  |mac_muladd_8s_8s_19s_19_4_1  |  i0 * i1 + i2|
    |mac_muladd_8s_8s_19s_19_4_1_U9420  |mac_muladd_8s_8s_19s_19_4_1  |  i0 * i1 + i2|
    |mac_muladd_8s_8s_19s_19_4_1_U9421  |mac_muladd_8s_8s_19s_19_4_1  |  i0 * i1 + i2|
    |mac_muladd_8s_8s_19s_19_4_1_U9422  |mac_muladd_8s_8s_19s_19_4_1  |  i0 * i1 + i2|
    |mac_muladd_8s_8s_19s_19_4_1_U9423  |mac_muladd_8s_8s_19s_19_4_1  |  i0 * i1 + i2|
    |mac_muladd_8s_8s_19s_19_4_1_U9424  |mac_muladd_8s_8s_19s_19_4_1  |  i0 * i1 + i2|
    |mac_muladd_8s_8s_19s_19_4_1_U9425  |mac_muladd_8s_8s_19s_19_4_1  |  i0 * i1 + i2|
    |mac_muladd_8s_8s_19s_19_4_1_U9426  |mac_muladd_8s_8s_19s_19_4_1  |  i0 * i1 + i2|
    |mac_muladd_8s_8s_19s_19_4_1_U9427  |mac_muladd_8s_8s_19s_19_4_1  |  i0 * i1 + i2|
    |mac_muladd_8s_8s_19s_19_4_1_U9428  |mac_muladd_8s_8s_19s_19_4_1  |  i0 * i1 + i2|
    |mac_muladd_8s_8s_19s_19_4_1_U9429  |mac_muladd_8s_8s_19s_19_4_1  |  i0 * i1 + i2|
    |mac_muladd_8s_8s_19s_19_4_1_U9430  |mac_muladd_8s_8s_19s_19_4_1  |  i0 * i1 + i2|
    |mac_muladd_8s_8s_19s_19_4_1_U9431  |mac_muladd_8s_8s_19s_19_4_1  |  i0 * i1 + i2|
    |mac_muladd_8s_8s_19s_19_4_1_U9432  |mac_muladd_8s_8s_19s_19_4_1  |  i0 * i1 + i2|
    |mac_muladd_8s_8s_19s_19_4_1_U9433  |mac_muladd_8s_8s_19s_19_4_1  |  i0 * i1 + i2|
    |mac_muladd_8s_8s_19s_19_4_1_U9434  |mac_muladd_8s_8s_19s_19_4_1  |  i0 * i1 + i2|
    |mac_muladd_8s_8s_19s_19_4_1_U9435  |mac_muladd_8s_8s_19s_19_4_1  |  i0 * i1 + i2|
    |mac_muladd_8s_8s_19s_19_4_1_U9436  |mac_muladd_8s_8s_19s_19_4_1  |  i0 * i1 + i2|
    |mac_muladd_8s_8s_19s_19_4_1_U9437  |mac_muladd_8s_8s_19s_19_4_1  |  i0 * i1 + i2|
    |mac_muladd_8s_8s_19s_19_4_1_U9438  |mac_muladd_8s_8s_19s_19_4_1  |  i0 * i1 + i2|
    |mac_muladd_8s_8s_19s_19_4_1_U9439  |mac_muladd_8s_8s_19s_19_4_1  |  i0 * i1 + i2|
    |mac_muladd_8s_8s_19s_19_4_1_U9440  |mac_muladd_8s_8s_19s_19_4_1  |  i0 * i1 + i2|
    |mac_muladd_8s_8s_19s_19_4_1_U9441  |mac_muladd_8s_8s_19s_19_4_1  |  i0 * i1 + i2|
    |mac_muladd_8s_8s_19s_19_4_1_U9442  |mac_muladd_8s_8s_19s_19_4_1  |  i0 * i1 + i2|
    |mac_muladd_8s_8s_19s_19_4_1_U9443  |mac_muladd_8s_8s_19s_19_4_1  |  i0 * i1 + i2|
    |mac_muladd_8s_8s_19s_19_4_1_U9444  |mac_muladd_8s_8s_19s_19_4_1  |  i0 * i1 + i2|
    |mac_muladd_8s_8s_19s_19_4_1_U9445  |mac_muladd_8s_8s_19s_19_4_1  |  i0 * i1 + i2|
    |mac_muladd_8s_8s_19s_19_4_1_U9446  |mac_muladd_8s_8s_19s_19_4_1  |  i0 * i1 + i2|
    |mac_muladd_8s_8s_19s_19_4_1_U9447  |mac_muladd_8s_8s_19s_19_4_1  |  i0 * i1 + i2|
    |mac_muladd_8s_8s_19s_19_4_1_U9448  |mac_muladd_8s_8s_19s_19_4_1  |  i0 * i1 + i2|
    |mac_muladd_8s_8s_19s_19_4_1_U9449  |mac_muladd_8s_8s_19s_19_4_1  |  i0 * i1 + i2|
    |mac_muladd_8s_8s_19s_19_4_1_U9450  |mac_muladd_8s_8s_19s_19_4_1  |  i0 * i1 + i2|
    |mac_muladd_8s_8s_19s_19_4_1_U9451  |mac_muladd_8s_8s_19s_19_4_1  |  i0 * i1 + i2|
    |mac_muladd_8s_8s_19s_19_4_1_U9452  |mac_muladd_8s_8s_19s_19_4_1  |  i0 * i1 + i2|
    |mac_muladd_8s_8s_19s_19_4_1_U9453  |mac_muladd_8s_8s_19s_19_4_1  |  i0 * i1 + i2|
    |mac_muladd_8s_8s_19s_19_4_1_U9454  |mac_muladd_8s_8s_19s_19_4_1  |  i0 * i1 + i2|
    |mac_muladd_8s_8s_19s_19_4_1_U9455  |mac_muladd_8s_8s_19s_19_4_1  |  i0 * i1 + i2|
    |mac_muladd_8s_8s_19s_19_4_1_U9456  |mac_muladd_8s_8s_19s_19_4_1  |  i0 * i1 + i2|
    |mac_muladd_8s_8s_19s_19_4_1_U9457  |mac_muladd_8s_8s_19s_19_4_1  |  i0 * i1 + i2|
    |mac_muladd_8s_8s_19s_19_4_1_U9458  |mac_muladd_8s_8s_19s_19_4_1  |  i0 * i1 + i2|
    |mac_muladd_8s_8s_19s_19_4_1_U9459  |mac_muladd_8s_8s_19s_19_4_1  |  i0 * i1 + i2|
    |mac_muladd_8s_8s_19s_19_4_1_U9460  |mac_muladd_8s_8s_19s_19_4_1  |  i0 * i1 + i2|
    |mac_muladd_8s_8s_19s_19_4_1_U9461  |mac_muladd_8s_8s_19s_19_4_1  |  i0 * i1 + i2|
    |mac_muladd_8s_8s_19s_19_4_1_U9462  |mac_muladd_8s_8s_19s_19_4_1  |  i0 * i1 + i2|
    |mac_muladd_8s_8s_19s_19_4_1_U9463  |mac_muladd_8s_8s_19s_19_4_1  |  i0 * i1 + i2|
    |mac_muladd_8s_8s_19s_19_4_1_U9464  |mac_muladd_8s_8s_19s_19_4_1  |  i0 * i1 + i2|
    |mac_muladd_8s_8s_19s_19_4_1_U9465  |mac_muladd_8s_8s_19s_19_4_1  |  i0 * i1 + i2|
    |mac_muladd_8s_8s_19s_19_4_1_U9466  |mac_muladd_8s_8s_19s_19_4_1  |  i0 * i1 + i2|
    |mac_muladd_8s_8s_19s_19_4_1_U9467  |mac_muladd_8s_8s_19s_19_4_1  |  i0 * i1 + i2|
    |mac_muladd_8s_8s_19s_19_4_1_U9468  |mac_muladd_8s_8s_19s_19_4_1  |  i0 * i1 + i2|
    |mac_muladd_8s_8s_19s_19_4_1_U9469  |mac_muladd_8s_8s_19s_19_4_1  |  i0 * i1 + i2|
    |mac_muladd_8s_8s_19s_19_4_1_U9470  |mac_muladd_8s_8s_19s_19_4_1  |  i0 * i1 + i2|
    |mac_muladd_8s_8s_19s_19_4_1_U9471  |mac_muladd_8s_8s_19s_19_4_1  |  i0 * i1 + i2|
    |mac_muladd_8s_8s_19s_19_4_1_U9472  |mac_muladd_8s_8s_19s_19_4_1  |  i0 * i1 + i2|
    |mac_muladd_8s_8s_19s_19_4_1_U9473  |mac_muladd_8s_8s_19s_19_4_1  |  i0 * i1 + i2|
    |mac_muladd_8s_8s_19s_19_4_1_U9474  |mac_muladd_8s_8s_19s_19_4_1  |  i0 * i1 + i2|
    |mac_muladd_8s_8s_19s_19_4_1_U9475  |mac_muladd_8s_8s_19s_19_4_1  |  i0 * i1 + i2|
    |mac_muladd_8s_8s_19s_19_4_1_U9476  |mac_muladd_8s_8s_19s_19_4_1  |  i0 * i1 + i2|
    |mac_muladd_8s_8s_19s_19_4_1_U9477  |mac_muladd_8s_8s_19s_19_4_1  |  i0 * i1 + i2|
    |mac_muladd_8s_8s_19s_19_4_1_U9478  |mac_muladd_8s_8s_19s_19_4_1  |  i0 * i1 + i2|
    |mac_muladd_8s_8s_19s_19_4_1_U9479  |mac_muladd_8s_8s_19s_19_4_1  |  i0 * i1 + i2|
    |mac_muladd_8s_8s_19s_19_4_1_U9480  |mac_muladd_8s_8s_19s_19_4_1  |  i0 * i1 + i2|
    |mac_muladd_8s_8s_19s_19_4_1_U9481  |mac_muladd_8s_8s_19s_19_4_1  |  i0 * i1 + i2|
    |mac_muladd_8s_8s_19s_19_4_1_U9482  |mac_muladd_8s_8s_19s_19_4_1  |  i0 * i1 + i2|
    |mac_muladd_8s_8s_19s_19_4_1_U9483  |mac_muladd_8s_8s_19s_19_4_1  |  i0 * i1 + i2|
    |mac_muladd_8s_8s_19s_19_4_1_U9484  |mac_muladd_8s_8s_19s_19_4_1  |  i0 * i1 + i2|
    |mac_muladd_8s_8s_19s_19_4_1_U9485  |mac_muladd_8s_8s_19s_19_4_1  |  i0 * i1 + i2|
    |mac_muladd_8s_8s_19s_19_4_1_U9486  |mac_muladd_8s_8s_19s_19_4_1  |  i0 * i1 + i2|
    |mac_muladd_8s_8s_19s_19_4_1_U9487  |mac_muladd_8s_8s_19s_19_4_1  |  i0 * i1 + i2|
    |mac_muladd_8s_8s_19s_19_4_1_U9488  |mac_muladd_8s_8s_19s_19_4_1  |  i0 * i1 + i2|
    |mac_muladd_8s_8s_19s_19_4_1_U9489  |mac_muladd_8s_8s_19s_19_4_1  |  i0 * i1 + i2|
    |mac_muladd_8s_8s_19s_19_4_1_U9490  |mac_muladd_8s_8s_19s_19_4_1  |  i0 * i1 + i2|
    |mac_muladd_8s_8s_19s_19_4_1_U9491  |mac_muladd_8s_8s_19s_19_4_1  |  i0 * i1 + i2|
    |mac_muladd_8s_8s_19s_19_4_1_U9492  |mac_muladd_8s_8s_19s_19_4_1  |  i0 * i1 + i2|
    |mac_muladd_8s_8s_19s_19_4_1_U9493  |mac_muladd_8s_8s_19s_19_4_1  |  i0 * i1 + i2|
    |mac_muladd_8s_8s_19s_19_4_1_U9494  |mac_muladd_8s_8s_19s_19_4_1  |  i0 * i1 + i2|
    |mac_muladd_8s_8s_19s_19_4_1_U9495  |mac_muladd_8s_8s_19s_19_4_1  |  i0 * i1 + i2|
    |mac_muladd_8s_8s_19s_19_4_1_U9496  |mac_muladd_8s_8s_19s_19_4_1  |  i0 * i1 + i2|
    |mac_muladd_8s_8s_19s_19_4_1_U9497  |mac_muladd_8s_8s_19s_19_4_1  |  i0 * i1 + i2|
    |mac_muladd_8s_8s_19s_19_4_1_U9498  |mac_muladd_8s_8s_19s_19_4_1  |  i0 * i1 + i2|
    |mac_muladd_8s_8s_19s_19_4_1_U9499  |mac_muladd_8s_8s_19s_19_4_1  |  i0 * i1 + i2|
    |mac_muladd_8s_8s_19s_19_4_1_U9500  |mac_muladd_8s_8s_19s_19_4_1  |  i0 * i1 + i2|
    |mac_muladd_8s_8s_19s_19_4_1_U9501  |mac_muladd_8s_8s_19s_19_4_1  |  i0 * i1 + i2|
    |mac_muladd_8s_8s_19s_19_4_1_U9502  |mac_muladd_8s_8s_19s_19_4_1  |  i0 * i1 + i2|
    |mac_muladd_8s_8s_19s_19_4_1_U9503  |mac_muladd_8s_8s_19s_19_4_1  |  i0 * i1 + i2|
    |mac_muladd_8s_8s_19s_19_4_1_U9504  |mac_muladd_8s_8s_19s_19_4_1  |  i0 * i1 + i2|
    |mac_muladd_8s_8s_19s_19_4_1_U9505  |mac_muladd_8s_8s_19s_19_4_1  |  i0 * i1 + i2|
    |mac_muladd_8s_8s_19s_19_4_1_U9506  |mac_muladd_8s_8s_19s_19_4_1  |  i0 * i1 + i2|
    |mac_muladd_8s_8s_19s_19_4_1_U9507  |mac_muladd_8s_8s_19s_19_4_1  |  i0 * i1 + i2|
    |mac_muladd_8s_8s_19s_19_4_1_U9508  |mac_muladd_8s_8s_19s_19_4_1  |  i0 * i1 + i2|
    |mac_muladd_8s_8s_19s_19_4_1_U9509  |mac_muladd_8s_8s_19s_19_4_1  |  i0 * i1 + i2|
    |mac_muladd_8s_8s_19s_19_4_1_U9510  |mac_muladd_8s_8s_19s_19_4_1  |  i0 * i1 + i2|
    |mac_muladd_8s_8s_19s_19_4_1_U9511  |mac_muladd_8s_8s_19s_19_4_1  |  i0 * i1 + i2|
    |mac_muladd_8s_8s_19s_19_4_1_U9512  |mac_muladd_8s_8s_19s_19_4_1  |  i0 * i1 + i2|
    |mac_muladd_8s_8s_19s_19_4_1_U9513  |mac_muladd_8s_8s_19s_19_4_1  |  i0 * i1 + i2|
    |mac_muladd_8s_8s_19s_19_4_1_U9514  |mac_muladd_8s_8s_19s_19_4_1  |  i0 * i1 + i2|
    |mac_muladd_8s_8s_19s_19_4_1_U9515  |mac_muladd_8s_8s_19s_19_4_1  |  i0 * i1 + i2|
    |mac_muladd_8s_8s_19s_19_4_1_U9516  |mac_muladd_8s_8s_19s_19_4_1  |  i0 * i1 + i2|
    |mac_muladd_8s_8s_19s_19_4_1_U9517  |mac_muladd_8s_8s_19s_19_4_1  |  i0 * i1 + i2|
    |mac_muladd_8s_8s_19s_19_4_1_U9518  |mac_muladd_8s_8s_19s_19_4_1  |  i0 * i1 + i2|
    |mac_muladd_8s_8s_19s_19_4_1_U9519  |mac_muladd_8s_8s_19s_19_4_1  |  i0 * i1 + i2|
    |mac_muladd_8s_8s_19s_19_4_1_U9520  |mac_muladd_8s_8s_19s_19_4_1  |  i0 * i1 + i2|
    |mac_muladd_8s_8s_19s_19_4_1_U9521  |mac_muladd_8s_8s_19s_19_4_1  |  i0 * i1 + i2|
    |mac_muladd_8s_8s_19s_19_4_1_U9522  |mac_muladd_8s_8s_19s_19_4_1  |  i0 * i1 + i2|
    |mac_muladd_8s_8s_19s_19_4_1_U9523  |mac_muladd_8s_8s_19s_19_4_1  |  i0 * i1 + i2|
    |mac_muladd_8s_8s_19s_19_4_1_U9524  |mac_muladd_8s_8s_19s_19_4_1  |  i0 * i1 + i2|
    |mac_muladd_8s_8s_19s_19_4_1_U9525  |mac_muladd_8s_8s_19s_19_4_1  |  i0 * i1 + i2|
    |mac_muladd_8s_8s_19s_19_4_1_U9526  |mac_muladd_8s_8s_19s_19_4_1  |  i0 * i1 + i2|
    |mac_muladd_8s_8s_19s_19_4_1_U9527  |mac_muladd_8s_8s_19s_19_4_1  |  i0 * i1 + i2|
    |mac_muladd_8s_8s_19s_19_4_1_U9528  |mac_muladd_8s_8s_19s_19_4_1  |  i0 * i1 + i2|
    |mac_muladd_8s_8s_19s_19_4_1_U9529  |mac_muladd_8s_8s_19s_19_4_1  |  i0 * i1 + i2|
    |mac_muladd_8s_8s_19s_19_4_1_U9530  |mac_muladd_8s_8s_19s_19_4_1  |  i0 * i1 + i2|
    |mac_muladd_8s_8s_19s_19_4_1_U9531  |mac_muladd_8s_8s_19s_19_4_1  |  i0 * i1 + i2|
    |mac_muladd_8s_8s_19s_19_4_1_U9532  |mac_muladd_8s_8s_19s_19_4_1  |  i0 * i1 + i2|
    |mac_muladd_8s_8s_19s_19_4_1_U9533  |mac_muladd_8s_8s_19s_19_4_1  |  i0 * i1 + i2|
    |mac_muladd_8s_8s_19s_19_4_1_U9534  |mac_muladd_8s_8s_19s_19_4_1  |  i0 * i1 + i2|
    |mac_muladd_8s_8s_19s_19_4_1_U9535  |mac_muladd_8s_8s_19s_19_4_1  |  i0 * i1 + i2|
    |mac_muladd_8s_8s_19s_19_4_1_U9536  |mac_muladd_8s_8s_19s_19_4_1  |  i0 * i1 + i2|
    |mac_muladd_8s_8s_19s_19_4_1_U9537  |mac_muladd_8s_8s_19s_19_4_1  |  i0 * i1 + i2|
    |mac_muladd_8s_8s_19s_19_4_1_U9538  |mac_muladd_8s_8s_19s_19_4_1  |  i0 * i1 + i2|
    |mac_muladd_8s_8s_19s_19_4_1_U9539  |mac_muladd_8s_8s_19s_19_4_1  |  i0 * i1 + i2|
    |mac_muladd_8s_8s_19s_19_4_1_U9540  |mac_muladd_8s_8s_19s_19_4_1  |  i0 * i1 + i2|
    |mac_muladd_8s_8s_19s_19_4_1_U9541  |mac_muladd_8s_8s_19s_19_4_1  |  i0 * i1 + i2|
    |mac_muladd_8s_8s_19s_19_4_1_U9542  |mac_muladd_8s_8s_19s_19_4_1  |  i0 * i1 + i2|
    |mac_muladd_8s_8s_19s_19_4_1_U9543  |mac_muladd_8s_8s_19s_19_4_1  |  i0 * i1 + i2|
    |mac_muladd_8s_8s_19s_19_4_1_U9544  |mac_muladd_8s_8s_19s_19_4_1  |  i0 * i1 + i2|
    |mac_muladd_8s_8s_19s_19_4_1_U9545  |mac_muladd_8s_8s_19s_19_4_1  |  i0 * i1 + i2|
    |mac_muladd_8s_8s_19s_19_4_1_U9546  |mac_muladd_8s_8s_19s_19_4_1  |  i0 * i1 + i2|
    |mac_muladd_8s_8s_19s_19_4_1_U9547  |mac_muladd_8s_8s_19s_19_4_1  |  i0 * i1 + i2|
    |mac_muladd_8s_8s_19s_19_4_1_U9548  |mac_muladd_8s_8s_19s_19_4_1  |  i0 * i1 + i2|
    |mac_muladd_8s_8s_19s_19_4_1_U9549  |mac_muladd_8s_8s_19s_19_4_1  |  i0 * i1 + i2|
    |mac_muladd_8s_8s_19s_19_4_1_U9550  |mac_muladd_8s_8s_19s_19_4_1  |  i0 * i1 + i2|
    |mac_muladd_8s_8s_19s_19_4_1_U9551  |mac_muladd_8s_8s_19s_19_4_1  |  i0 * i1 + i2|
    |mac_muladd_8s_8s_19s_19_4_1_U9552  |mac_muladd_8s_8s_19s_19_4_1  |  i0 * i1 + i2|
    |mac_muladd_8s_8s_19s_19_4_1_U9553  |mac_muladd_8s_8s_19s_19_4_1  |  i0 * i1 + i2|
    |mac_muladd_8s_8s_19s_19_4_1_U9554  |mac_muladd_8s_8s_19s_19_4_1  |  i0 * i1 + i2|
    |mac_muladd_8s_8s_19s_19_4_1_U9555  |mac_muladd_8s_8s_19s_19_4_1  |  i0 * i1 + i2|
    |mac_muladd_8s_8s_19s_19_4_1_U9556  |mac_muladd_8s_8s_19s_19_4_1  |  i0 * i1 + i2|
    |mac_muladd_8s_8s_19s_19_4_1_U9557  |mac_muladd_8s_8s_19s_19_4_1  |  i0 * i1 + i2|
    |mac_muladd_8s_8s_19s_19_4_1_U9558  |mac_muladd_8s_8s_19s_19_4_1  |  i0 * i1 + i2|
    |mac_muladd_8s_8s_19s_19_4_1_U9559  |mac_muladd_8s_8s_19s_19_4_1  |  i0 * i1 + i2|
    |mac_muladd_8s_8s_19s_19_4_1_U9560  |mac_muladd_8s_8s_19s_19_4_1  |  i0 * i1 + i2|
    |mac_muladd_8s_8s_19s_19_4_1_U9561  |mac_muladd_8s_8s_19s_19_4_1  |  i0 * i1 + i2|
    |mac_muladd_8s_8s_19s_19_4_1_U9562  |mac_muladd_8s_8s_19s_19_4_1  |  i0 * i1 + i2|
    |mac_muladd_8s_8s_19s_19_4_1_U9563  |mac_muladd_8s_8s_19s_19_4_1  |  i0 * i1 + i2|
    |mac_muladd_8s_8s_19s_19_4_1_U9564  |mac_muladd_8s_8s_19s_19_4_1  |  i0 * i1 + i2|
    |mac_muladd_8s_8s_19s_19_4_1_U9565  |mac_muladd_8s_8s_19s_19_4_1  |  i0 * i1 + i2|
    |mac_muladd_8s_8s_19s_19_4_1_U9566  |mac_muladd_8s_8s_19s_19_4_1  |  i0 * i1 + i2|
    |mac_muladd_8s_8s_19s_19_4_1_U9567  |mac_muladd_8s_8s_19s_19_4_1  |  i0 * i1 + i2|
    |mac_muladd_8s_8s_19s_19_4_1_U9568  |mac_muladd_8s_8s_19s_19_4_1  |  i0 * i1 + i2|
    |mac_muladd_8s_8s_19s_19_4_1_U9569  |mac_muladd_8s_8s_19s_19_4_1  |  i0 * i1 + i2|
    |mac_muladd_8s_8s_19s_19_4_1_U9570  |mac_muladd_8s_8s_19s_19_4_1  |  i0 * i1 + i2|
    |mac_muladd_8s_8s_19s_19_4_1_U9571  |mac_muladd_8s_8s_19s_19_4_1  |  i0 * i1 + i2|
    |mac_muladd_8s_8s_19s_19_4_1_U9572  |mac_muladd_8s_8s_19s_19_4_1  |  i0 * i1 + i2|
    |mac_muladd_8s_8s_19s_19_4_1_U9573  |mac_muladd_8s_8s_19s_19_4_1  |  i0 * i1 + i2|
    |mac_muladd_8s_8s_19s_19_4_1_U9574  |mac_muladd_8s_8s_19s_19_4_1  |  i0 * i1 + i2|
    |mac_muladd_8s_8s_19s_19_4_1_U9575  |mac_muladd_8s_8s_19s_19_4_1  |  i0 * i1 + i2|
    |mac_muladd_8s_8s_19s_19_4_1_U9576  |mac_muladd_8s_8s_19s_19_4_1  |  i0 * i1 + i2|
    |mac_muladd_8s_8s_19s_19_4_1_U9577  |mac_muladd_8s_8s_19s_19_4_1  |  i0 * i1 + i2|
    |mac_muladd_8s_8s_19s_19_4_1_U9578  |mac_muladd_8s_8s_19s_19_4_1  |  i0 * i1 + i2|
    |mac_muladd_8s_8s_19s_19_4_1_U9579  |mac_muladd_8s_8s_19s_19_4_1  |  i0 * i1 + i2|
    |mac_muladd_8s_8s_19s_19_4_1_U9580  |mac_muladd_8s_8s_19s_19_4_1  |  i0 * i1 + i2|
    |mac_muladd_8s_8s_19s_19_4_1_U9581  |mac_muladd_8s_8s_19s_19_4_1  |  i0 * i1 + i2|
    |mac_muladd_8s_8s_19s_19_4_1_U9582  |mac_muladd_8s_8s_19s_19_4_1  |  i0 * i1 + i2|
    |mac_muladd_8s_8s_19s_19_4_1_U9583  |mac_muladd_8s_8s_19s_19_4_1  |  i0 * i1 + i2|
    |mac_muladd_8s_8s_19s_19_4_1_U9584  |mac_muladd_8s_8s_19s_19_4_1  |  i0 * i1 + i2|
    |mac_muladd_8s_8s_19s_19_4_1_U9585  |mac_muladd_8s_8s_19s_19_4_1  |  i0 * i1 + i2|
    |mac_muladd_8s_8s_19s_19_4_1_U9586  |mac_muladd_8s_8s_19s_19_4_1  |  i0 * i1 + i2|
    |mac_muladd_8s_8s_19s_19_4_1_U9587  |mac_muladd_8s_8s_19s_19_4_1  |  i0 * i1 + i2|
    |mac_muladd_8s_8s_19s_19_4_1_U9588  |mac_muladd_8s_8s_19s_19_4_1  |  i0 * i1 + i2|
    |mac_muladd_8s_8s_19s_19_4_1_U9589  |mac_muladd_8s_8s_19s_19_4_1  |  i0 * i1 + i2|
    |mac_muladd_8s_8s_19s_19_4_1_U9590  |mac_muladd_8s_8s_19s_19_4_1  |  i0 * i1 + i2|
    |mac_muladd_8s_8s_19s_19_4_1_U9591  |mac_muladd_8s_8s_19s_19_4_1  |  i0 * i1 + i2|
    |mac_muladd_8s_8s_19s_19_4_1_U9592  |mac_muladd_8s_8s_19s_19_4_1  |  i0 * i1 + i2|
    |mac_muladd_8s_8s_19s_19_4_1_U9593  |mac_muladd_8s_8s_19s_19_4_1  |  i0 * i1 + i2|
    |mac_muladd_8s_8s_19s_19_4_1_U9594  |mac_muladd_8s_8s_19s_19_4_1  |  i0 * i1 + i2|
    |mac_muladd_8s_8s_19s_19_4_1_U9595  |mac_muladd_8s_8s_19s_19_4_1  |  i0 * i1 + i2|
    |mac_muladd_8s_8s_19s_19_4_1_U9596  |mac_muladd_8s_8s_19s_19_4_1  |  i0 * i1 + i2|
    |mac_muladd_8s_8s_19s_19_4_1_U9597  |mac_muladd_8s_8s_19s_19_4_1  |  i0 * i1 + i2|
    |mac_muladd_8s_8s_19s_19_4_1_U9598  |mac_muladd_8s_8s_19s_19_4_1  |  i0 * i1 + i2|
    |mac_muladd_8s_8s_19s_19_4_1_U9599  |mac_muladd_8s_8s_19s_19_4_1  |  i0 * i1 + i2|
    |mac_muladd_8s_8s_19s_19_4_1_U9600  |mac_muladd_8s_8s_19s_19_4_1  |  i0 * i1 + i2|
    |mac_muladd_8s_8s_19s_19_4_1_U9601  |mac_muladd_8s_8s_19s_19_4_1  |  i0 * i1 + i2|
    |mac_muladd_8s_8s_19s_19_4_1_U9602  |mac_muladd_8s_8s_19s_19_4_1  |  i0 * i1 + i2|
    |mac_muladd_8s_8s_19s_19_4_1_U9603  |mac_muladd_8s_8s_19s_19_4_1  |  i0 * i1 + i2|
    |mac_muladd_8s_8s_19s_19_4_1_U9604  |mac_muladd_8s_8s_19s_19_4_1  |  i0 * i1 + i2|
    |mac_muladd_8s_8s_19s_19_4_1_U9605  |mac_muladd_8s_8s_19s_19_4_1  |  i0 * i1 + i2|
    |mac_muladd_8s_8s_19s_19_4_1_U9606  |mac_muladd_8s_8s_19s_19_4_1  |  i0 * i1 + i2|
    |mac_muladd_8s_8s_19s_19_4_1_U9607  |mac_muladd_8s_8s_19s_19_4_1  |  i0 * i1 + i2|
    |mac_muladd_8s_8s_19s_19_4_1_U9608  |mac_muladd_8s_8s_19s_19_4_1  |  i0 * i1 + i2|
    |mac_muladd_8s_8s_19s_19_4_1_U9609  |mac_muladd_8s_8s_19s_19_4_1  |  i0 * i1 + i2|
    |mac_muladd_8s_8s_19s_19_4_1_U9610  |mac_muladd_8s_8s_19s_19_4_1  |  i0 * i1 + i2|
    |mac_muladd_8s_8s_19s_19_4_1_U9611  |mac_muladd_8s_8s_19s_19_4_1  |  i0 * i1 + i2|
    |mac_muladd_8s_8s_19s_19_4_1_U9612  |mac_muladd_8s_8s_19s_19_4_1  |  i0 * i1 + i2|
    |mac_muladd_8s_8s_19s_19_4_1_U9613  |mac_muladd_8s_8s_19s_19_4_1  |  i0 * i1 + i2|
    |mac_muladd_8s_8s_19s_19_4_1_U9614  |mac_muladd_8s_8s_19s_19_4_1  |  i0 * i1 + i2|
    |mac_muladd_8s_8s_19s_19_4_1_U9615  |mac_muladd_8s_8s_19s_19_4_1  |  i0 * i1 + i2|
    |mac_muladd_8s_8s_19s_19_4_1_U9616  |mac_muladd_8s_8s_19s_19_4_1  |  i0 * i1 + i2|
    |mac_muladd_8s_8s_19s_19_4_1_U9617  |mac_muladd_8s_8s_19s_19_4_1  |  i0 * i1 + i2|
    |mac_muladd_8s_8s_19s_19_4_1_U9618  |mac_muladd_8s_8s_19s_19_4_1  |  i0 * i1 + i2|
    |mac_muladd_8s_8s_19s_19_4_1_U9619  |mac_muladd_8s_8s_19s_19_4_1  |  i0 * i1 + i2|
    |mac_muladd_8s_8s_19s_19_4_1_U9620  |mac_muladd_8s_8s_19s_19_4_1  |  i0 * i1 + i2|
    |mac_muladd_8s_8s_19s_19_4_1_U9621  |mac_muladd_8s_8s_19s_19_4_1  |  i0 * i1 + i2|
    |mac_muladd_8s_8s_19s_19_4_1_U9622  |mac_muladd_8s_8s_19s_19_4_1  |  i0 * i1 + i2|
    |mac_muladd_8s_8s_19s_19_4_1_U9623  |mac_muladd_8s_8s_19s_19_4_1  |  i0 * i1 + i2|
    |mac_muladd_8s_8s_19s_19_4_1_U9624  |mac_muladd_8s_8s_19s_19_4_1  |  i0 * i1 + i2|
    |mac_muladd_8s_8s_19s_19_4_1_U9625  |mac_muladd_8s_8s_19s_19_4_1  |  i0 * i1 + i2|
    |mac_muladd_8s_8s_19s_19_4_1_U9626  |mac_muladd_8s_8s_19s_19_4_1  |  i0 * i1 + i2|
    |mac_muladd_8s_8s_19s_19_4_1_U9627  |mac_muladd_8s_8s_19s_19_4_1  |  i0 * i1 + i2|
    |mac_muladd_8s_8s_19s_19_4_1_U9628  |mac_muladd_8s_8s_19s_19_4_1  |  i0 * i1 + i2|
    |mac_muladd_8s_8s_19s_19_4_1_U9629  |mac_muladd_8s_8s_19s_19_4_1  |  i0 * i1 + i2|
    |mac_muladd_8s_8s_19s_19_4_1_U9630  |mac_muladd_8s_8s_19s_19_4_1  |  i0 * i1 + i2|
    |mac_muladd_8s_8s_19s_19_4_1_U9631  |mac_muladd_8s_8s_19s_19_4_1  |  i0 * i1 + i2|
    |mac_muladd_8s_8s_19s_19_4_1_U9632  |mac_muladd_8s_8s_19s_19_4_1  |  i0 * i1 + i2|
    |mac_muladd_8s_8s_19s_19_4_1_U9633  |mac_muladd_8s_8s_19s_19_4_1  |  i0 * i1 + i2|
    |mac_muladd_8s_8s_19s_19_4_1_U9634  |mac_muladd_8s_8s_19s_19_4_1  |  i0 * i1 + i2|
    |mac_muladd_8s_8s_19s_19_4_1_U9635  |mac_muladd_8s_8s_19s_19_4_1  |  i0 * i1 + i2|
    |mac_muladd_8s_8s_19s_19_4_1_U9636  |mac_muladd_8s_8s_19s_19_4_1  |  i0 * i1 + i2|
    |mac_muladd_8s_8s_19s_19_4_1_U9637  |mac_muladd_8s_8s_19s_19_4_1  |  i0 * i1 + i2|
    |mac_muladd_8s_8s_19s_19_4_1_U9638  |mac_muladd_8s_8s_19s_19_4_1  |  i0 * i1 + i2|
    |mac_muladd_8s_8s_19s_19_4_1_U9639  |mac_muladd_8s_8s_19s_19_4_1  |  i0 * i1 + i2|
    |mac_muladd_8s_8s_19s_19_4_1_U9640  |mac_muladd_8s_8s_19s_19_4_1  |  i0 * i1 + i2|
    |mac_muladd_8s_8s_19s_19_4_1_U9641  |mac_muladd_8s_8s_19s_19_4_1  |  i0 * i1 + i2|
    |mac_muladd_8s_8s_19s_19_4_1_U9642  |mac_muladd_8s_8s_19s_19_4_1  |  i0 * i1 + i2|
    |mac_muladd_8s_8s_19s_19_4_1_U9643  |mac_muladd_8s_8s_19s_19_4_1  |  i0 * i1 + i2|
    |mac_muladd_8s_8s_19s_19_4_1_U9644  |mac_muladd_8s_8s_19s_19_4_1  |  i0 * i1 + i2|
    |mac_muladd_8s_8s_19s_19_4_1_U9645  |mac_muladd_8s_8s_19s_19_4_1  |  i0 * i1 + i2|
    |mac_muladd_8s_8s_19s_19_4_1_U9646  |mac_muladd_8s_8s_19s_19_4_1  |  i0 * i1 + i2|
    |mac_muladd_8s_8s_19s_19_4_1_U9647  |mac_muladd_8s_8s_19s_19_4_1  |  i0 * i1 + i2|
    |mac_muladd_8s_8s_19s_19_4_1_U9648  |mac_muladd_8s_8s_19s_19_4_1  |  i0 * i1 + i2|
    |mac_muladd_8s_8s_19s_19_4_1_U9649  |mac_muladd_8s_8s_19s_19_4_1  |  i0 * i1 + i2|
    |mac_muladd_8s_8s_19s_19_4_1_U9650  |mac_muladd_8s_8s_19s_19_4_1  |  i0 * i1 + i2|
    |mac_muladd_8s_8s_19s_19_4_1_U9651  |mac_muladd_8s_8s_19s_19_4_1  |  i0 * i1 + i2|
    |mac_muladd_8s_8s_19s_19_4_1_U9652  |mac_muladd_8s_8s_19s_19_4_1  |  i0 * i1 + i2|
    |mac_muladd_8s_8s_19s_19_4_1_U9653  |mac_muladd_8s_8s_19s_19_4_1  |  i0 * i1 + i2|
    |mac_muladd_8s_8s_19s_19_4_1_U9654  |mac_muladd_8s_8s_19s_19_4_1  |  i0 * i1 + i2|
    |mac_muladd_8s_8s_19s_19_4_1_U9655  |mac_muladd_8s_8s_19s_19_4_1  |  i0 * i1 + i2|
    |mac_muladd_8s_8s_19s_19_4_1_U9656  |mac_muladd_8s_8s_19s_19_4_1  |  i0 * i1 + i2|
    |mac_muladd_8s_8s_19s_19_4_1_U9657  |mac_muladd_8s_8s_19s_19_4_1  |  i0 * i1 + i2|
    |mac_muladd_8s_8s_19s_19_4_1_U9658  |mac_muladd_8s_8s_19s_19_4_1  |  i0 * i1 + i2|
    |mac_muladd_8s_8s_19s_19_4_1_U9659  |mac_muladd_8s_8s_19s_19_4_1  |  i0 * i1 + i2|
    |mac_muladd_8s_8s_19s_19_4_1_U9660  |mac_muladd_8s_8s_19s_19_4_1  |  i0 * i1 + i2|
    |mac_muladd_8s_8s_19s_19_4_1_U9661  |mac_muladd_8s_8s_19s_19_4_1  |  i0 * i1 + i2|
    |mac_muladd_8s_8s_19s_19_4_1_U9662  |mac_muladd_8s_8s_19s_19_4_1  |  i0 * i1 + i2|
    |mac_muladd_8s_8s_19s_19_4_1_U9663  |mac_muladd_8s_8s_19s_19_4_1  |  i0 * i1 + i2|
    |mac_muladd_8s_8s_19s_19_4_1_U9664  |mac_muladd_8s_8s_19s_19_4_1  |  i0 * i1 + i2|
    |mac_muladd_8s_8s_19s_19_4_1_U9665  |mac_muladd_8s_8s_19s_19_4_1  |  i0 * i1 + i2|
    |mac_muladd_8s_8s_19s_19_4_1_U9666  |mac_muladd_8s_8s_19s_19_4_1  |  i0 * i1 + i2|
    |mac_muladd_8s_8s_19s_19_4_1_U9667  |mac_muladd_8s_8s_19s_19_4_1  |  i0 * i1 + i2|
    |mac_muladd_8s_8s_19s_19_4_1_U9668  |mac_muladd_8s_8s_19s_19_4_1  |  i0 * i1 + i2|
    |mac_muladd_8s_8s_19s_19_4_1_U9669  |mac_muladd_8s_8s_19s_19_4_1  |  i0 * i1 + i2|
    |mac_muladd_8s_8s_19s_19_4_1_U9670  |mac_muladd_8s_8s_19s_19_4_1  |  i0 * i1 + i2|
    |mac_muladd_8s_8s_19s_19_4_1_U9671  |mac_muladd_8s_8s_19s_19_4_1  |  i0 * i1 + i2|
    |mac_muladd_8s_8s_19s_19_4_1_U9672  |mac_muladd_8s_8s_19s_19_4_1  |  i0 * i1 + i2|
    |mac_muladd_8s_8s_19s_19_4_1_U9673  |mac_muladd_8s_8s_19s_19_4_1  |  i0 * i1 + i2|
    |mac_muladd_8s_8s_19s_19_4_1_U9674  |mac_muladd_8s_8s_19s_19_4_1  |  i0 * i1 + i2|
    |mac_muladd_8s_8s_19s_19_4_1_U9675  |mac_muladd_8s_8s_19s_19_4_1  |  i0 * i1 + i2|
    |mac_muladd_8s_8s_19s_19_4_1_U9676  |mac_muladd_8s_8s_19s_19_4_1  |  i0 * i1 + i2|
    |mac_muladd_8s_8s_19s_19_4_1_U9677  |mac_muladd_8s_8s_19s_19_4_1  |  i0 * i1 + i2|
    |mac_muladd_8s_8s_19s_19_4_1_U9678  |mac_muladd_8s_8s_19s_19_4_1  |  i0 * i1 + i2|
    |mac_muladd_8s_8s_19s_19_4_1_U9679  |mac_muladd_8s_8s_19s_19_4_1  |  i0 * i1 + i2|
    |mac_muladd_8s_8s_19s_19_4_1_U9680  |mac_muladd_8s_8s_19s_19_4_1  |  i0 * i1 + i2|
    |mac_muladd_8s_8s_19s_19_4_1_U9681  |mac_muladd_8s_8s_19s_19_4_1  |  i0 * i1 + i2|
    |mac_muladd_8s_8s_19s_19_4_1_U9682  |mac_muladd_8s_8s_19s_19_4_1  |  i0 * i1 + i2|
    |mac_muladd_8s_8s_19s_19_4_1_U9683  |mac_muladd_8s_8s_19s_19_4_1  |  i0 * i1 + i2|
    |mac_muladd_8s_8s_19s_19_4_1_U9684  |mac_muladd_8s_8s_19s_19_4_1  |  i0 * i1 + i2|
    |mac_muladd_8s_8s_19s_19_4_1_U9685  |mac_muladd_8s_8s_19s_19_4_1  |  i0 * i1 + i2|
    |mac_muladd_8s_8s_19s_19_4_1_U9686  |mac_muladd_8s_8s_19s_19_4_1  |  i0 * i1 + i2|
    |mac_muladd_8s_8s_19s_19_4_1_U9687  |mac_muladd_8s_8s_19s_19_4_1  |  i0 * i1 + i2|
    |mac_muladd_8s_8s_19s_19_4_1_U9688  |mac_muladd_8s_8s_19s_19_4_1  |  i0 * i1 + i2|
    |mac_muladd_8s_8s_19s_19_4_1_U9689  |mac_muladd_8s_8s_19s_19_4_1  |  i0 * i1 + i2|
    |mac_muladd_8s_8s_19s_19_4_1_U9690  |mac_muladd_8s_8s_19s_19_4_1  |  i0 * i1 + i2|
    |mac_muladd_8s_8s_19s_19_4_1_U9691  |mac_muladd_8s_8s_19s_19_4_1  |  i0 * i1 + i2|
    |mac_muladd_8s_8s_19s_19_4_1_U9692  |mac_muladd_8s_8s_19s_19_4_1  |  i0 * i1 + i2|
    |mac_muladd_8s_8s_19s_19_4_1_U9693  |mac_muladd_8s_8s_19s_19_4_1  |  i0 * i1 + i2|
    |mac_muladd_8s_8s_19s_19_4_1_U9694  |mac_muladd_8s_8s_19s_19_4_1  |  i0 * i1 + i2|
    |mac_muladd_8s_8s_19s_19_4_1_U9695  |mac_muladd_8s_8s_19s_19_4_1  |  i0 * i1 + i2|
    |mac_muladd_8s_8s_19s_19_4_1_U9696  |mac_muladd_8s_8s_19s_19_4_1  |  i0 * i1 + i2|
    |mac_muladd_8s_8s_19s_19_4_1_U9697  |mac_muladd_8s_8s_19s_19_4_1  |  i0 * i1 + i2|
    |mac_muladd_8s_8s_19s_19_4_1_U9698  |mac_muladd_8s_8s_19s_19_4_1  |  i0 * i1 + i2|
    |mac_muladd_8s_8s_19s_19_4_1_U9699  |mac_muladd_8s_8s_19s_19_4_1  |  i0 * i1 + i2|
    |mac_muladd_8s_8s_19s_19_4_1_U9700  |mac_muladd_8s_8s_19s_19_4_1  |  i0 * i1 + i2|
    |mac_muladd_8s_8s_19s_19_4_1_U9701  |mac_muladd_8s_8s_19s_19_4_1  |  i0 * i1 + i2|
    +-----------------------------------+-----------------------------+--------------+

    * Memory: 
    N/A

    * FIFO: 
    N/A

    * Expression: 
    +----------------------------+----------+----+---+----+------------+------------+
    |        Variable Name       | Operation| DSP| FF| LUT| Bitwidth P0| Bitwidth P1|
    +----------------------------+----------+----+---+----+------------+------------+
    |add_ln108_1_fu_28416_p2     |         +|   0|  0|  10|           2|           1|
    |add_ln108_fu_28390_p2       |         +|   0|  0|  13|           4|           1|
    |add_ln109_fu_28450_p2       |         +|   0|  0|  10|           2|           1|
    |valid_fu_28471_p2           |       and|   0|  0|   2|           1|           1|
    |cmp6_fu_28434_p2            |      icmp|   0|  0|  39|          32|          32|
    |cmp8_fu_25800_p2            |      icmp|   0|  0|  39|          32|           1|
    |icmp_ln108_fu_28384_p2      |      icmp|   0|  0|  13|           4|           4|
    |icmp_ln109_fu_28402_p2      |      icmp|   0|  0|  10|           2|           2|
    |icmp_ln111_fu_28444_p2      |      icmp|   0|  0|  39|          32|          32|
    |lane_in_1177_fu_68627_p3    |    select|   0|  0|   8|           1|           8|
    |lane_in_1178_fu_68634_p3    |    select|   0|  0|   8|           1|           8|
    |lane_in_1179_fu_68641_p3    |    select|   0|  0|   8|           1|           8|
    |lane_in_1180_fu_68648_p3    |    select|   0|  0|   8|           1|           8|
    |lane_in_1181_fu_68655_p3    |    select|   0|  0|   8|           1|           8|
    |lane_in_1182_fu_68662_p3    |    select|   0|  0|   8|           1|           8|
    |lane_in_1183_fu_68669_p3    |    select|   0|  0|   8|           1|           8|
    |lane_in_1184_fu_68676_p3    |    select|   0|  0|   8|           1|           8|
    |lane_in_1185_fu_68683_p3    |    select|   0|  0|   8|           1|           8|
    |lane_in_1186_fu_68690_p3    |    select|   0|  0|   8|           1|           8|
    |lane_in_1187_fu_68697_p3    |    select|   0|  0|   8|           1|           8|
    |lane_in_1188_fu_68704_p3    |    select|   0|  0|   8|           1|           8|
    |lane_in_1189_fu_68711_p3    |    select|   0|  0|   8|           1|           8|
    |lane_in_1190_fu_68718_p3    |    select|   0|  0|   8|           1|           8|
    |lane_in_1191_fu_68725_p3    |    select|   0|  0|   8|           1|           8|
    |lane_in_1192_fu_68732_p3    |    select|   0|  0|   8|           1|           8|
    |lane_in_1193_fu_68739_p3    |    select|   0|  0|   8|           1|           8|
    |lane_in_1194_fu_68746_p3    |    select|   0|  0|   8|           1|           8|
    |lane_in_1195_fu_68753_p3    |    select|   0|  0|   8|           1|           8|
    |lane_in_1196_fu_68760_p3    |    select|   0|  0|   8|           1|           8|
    |lane_in_1197_fu_68767_p3    |    select|   0|  0|   8|           1|           8|
    |lane_in_1198_fu_68774_p3    |    select|   0|  0|   8|           1|           8|
    |lane_in_1199_fu_68781_p3    |    select|   0|  0|   8|           1|           8|
    |lane_in_1200_fu_68788_p3    |    select|   0|  0|   8|           1|           8|
    |lane_in_1201_fu_68795_p3    |    select|   0|  0|   8|           1|           8|
    |lane_in_1202_fu_68802_p3    |    select|   0|  0|   8|           1|           8|
    |lane_in_1203_fu_68809_p3    |    select|   0|  0|   8|           1|           8|
    |lane_in_1204_fu_68816_p3    |    select|   0|  0|   8|           1|           8|
    |lane_in_1205_fu_68823_p3    |    select|   0|  0|   8|           1|           8|
    |lane_in_1206_fu_68830_p3    |    select|   0|  0|   8|           1|           8|
    |lane_in_1207_fu_68837_p3    |    select|   0|  0|   8|           1|           8|
    |lane_in_1208_fu_68844_p3    |    select|   0|  0|   8|           1|           8|
    |lane_in_1209_fu_68851_p3    |    select|   0|  0|   8|           1|           8|
    |lane_in_1210_fu_68858_p3    |    select|   0|  0|   8|           1|           8|
    |lane_in_1211_fu_68865_p3    |    select|   0|  0|   8|           1|           8|
    |lane_in_1212_fu_68872_p3    |    select|   0|  0|   8|           1|           8|
    |lane_in_1213_fu_68879_p3    |    select|   0|  0|   8|           1|           8|
    |lane_in_1214_fu_68886_p3    |    select|   0|  0|   8|           1|           8|
    |lane_in_1215_fu_68893_p3    |    select|   0|  0|   8|           1|           8|
    |lane_in_1216_fu_68900_p3    |    select|   0|  0|   8|           1|           8|
    |lane_in_1217_fu_68907_p3    |    select|   0|  0|   8|           1|           8|
    |lane_in_1218_fu_68914_p3    |    select|   0|  0|   8|           1|           8|
    |lane_in_1219_fu_68921_p3    |    select|   0|  0|   8|           1|           8|
    |lane_in_1220_fu_68928_p3    |    select|   0|  0|   8|           1|           8|
    |lane_in_1221_fu_68935_p3    |    select|   0|  0|   8|           1|           8|
    |lane_in_1222_fu_68942_p3    |    select|   0|  0|   8|           1|           8|
    |lane_in_1223_fu_68949_p3    |    select|   0|  0|   8|           1|           8|
    |lane_in_1224_fu_68956_p3    |    select|   0|  0|   8|           1|           8|
    |lane_in_1225_fu_68963_p3    |    select|   0|  0|   8|           1|           8|
    |lane_in_1226_fu_68970_p3    |    select|   0|  0|   8|           1|           8|
    |lane_in_1227_fu_68977_p3    |    select|   0|  0|   8|           1|           8|
    |lane_in_1228_fu_68984_p3    |    select|   0|  0|   8|           1|           8|
    |lane_in_1229_fu_68991_p3    |    select|   0|  0|   8|           1|           8|
    |lane_in_1230_fu_68998_p3    |    select|   0|  0|   8|           1|           8|
    |lane_in_1231_fu_69005_p3    |    select|   0|  0|   8|           1|           8|
    |lane_in_1232_fu_69012_p3    |    select|   0|  0|   8|           1|           8|
    |lane_in_1233_fu_69019_p3    |    select|   0|  0|   8|           1|           8|
    |lane_in_1234_fu_69026_p3    |    select|   0|  0|   8|           1|           8|
    |lane_in_1235_fu_69033_p3    |    select|   0|  0|   8|           1|           8|
    |lane_in_1236_fu_69040_p3    |    select|   0|  0|   8|           1|           8|
    |lane_in_1237_fu_69047_p3    |    select|   0|  0|   8|           1|           8|
    |lane_in_1238_fu_69054_p3    |    select|   0|  0|   8|           1|           8|
    |lane_in_1239_fu_69061_p3    |    select|   0|  0|   8|           1|           8|
    |lane_in_1240_fu_69068_p3    |    select|   0|  0|   8|           1|           8|
    |lane_in_1241_fu_69075_p3    |    select|   0|  0|   8|           1|           8|
    |lane_in_1242_fu_69082_p3    |    select|   0|  0|   8|           1|           8|
    |lane_in_1243_fu_69089_p3    |    select|   0|  0|   8|           1|           8|
    |lane_in_1244_fu_69096_p3    |    select|   0|  0|   8|           1|           8|
    |lane_in_1245_fu_69103_p3    |    select|   0|  0|   8|           1|           8|
    |lane_in_1246_fu_69110_p3    |    select|   0|  0|   8|           1|           8|
    |lane_in_1247_fu_69117_p3    |    select|   0|  0|   8|           1|           8|
    |lane_in_1248_fu_69124_p3    |    select|   0|  0|   8|           1|           8|
    |lane_in_1249_fu_69131_p3    |    select|   0|  0|   8|           1|           8|
    |lane_in_1250_fu_69138_p3    |    select|   0|  0|   8|           1|           8|
    |lane_in_1251_fu_69145_p3    |    select|   0|  0|   8|           1|           8|
    |lane_in_1252_fu_69152_p3    |    select|   0|  0|   8|           1|           8|
    |lane_in_1253_fu_69159_p3    |    select|   0|  0|   8|           1|           8|
    |lane_in_1254_fu_69166_p3    |    select|   0|  0|   8|           1|           8|
    |lane_in_1255_fu_69173_p3    |    select|   0|  0|   8|           1|           8|
    |lane_in_1256_fu_69180_p3    |    select|   0|  0|   8|           1|           8|
    |lane_in_1257_fu_69187_p3    |    select|   0|  0|   8|           1|           8|
    |lane_in_1258_fu_69194_p3    |    select|   0|  0|   8|           1|           8|
    |lane_in_1259_fu_69201_p3    |    select|   0|  0|   8|           1|           8|
    |lane_in_1260_fu_69208_p3    |    select|   0|  0|   8|           1|           8|
    |lane_in_1261_fu_69215_p3    |    select|   0|  0|   8|           1|           8|
    |lane_in_1262_fu_69222_p3    |    select|   0|  0|   8|           1|           8|
    |lane_in_1263_fu_69229_p3    |    select|   0|  0|   8|           1|           8|
    |lane_in_1264_fu_69236_p3    |    select|   0|  0|   8|           1|           8|
    |lane_in_1265_fu_69243_p3    |    select|   0|  0|   8|           1|           8|
    |lane_in_1266_fu_69250_p3    |    select|   0|  0|   8|           1|           8|
    |lane_in_1267_fu_69257_p3    |    select|   0|  0|   8|           1|           8|
    |lane_in_1268_fu_69264_p3    |    select|   0|  0|   8|           1|           8|
    |lane_in_1269_fu_69271_p3    |    select|   0|  0|   8|           1|           8|
    |lane_in_1270_fu_69278_p3    |    select|   0|  0|   8|           1|           8|
    |lane_in_1271_fu_69285_p3    |    select|   0|  0|   8|           1|           8|
    |lane_in_1272_fu_69292_p3    |    select|   0|  0|   8|           1|           8|
    |lane_in_1273_fu_69299_p3    |    select|   0|  0|   8|           1|           8|
    |lane_in_1274_fu_69306_p3    |    select|   0|  0|   8|           1|           8|
    |lane_in_1275_fu_69313_p3    |    select|   0|  0|   8|           1|           8|
    |lane_in_1276_fu_69320_p3    |    select|   0|  0|   8|           1|           8|
    |lane_in_1277_fu_69327_p3    |    select|   0|  0|   8|           1|           8|
    |lane_in_1278_fu_69334_p3    |    select|   0|  0|   8|           1|           8|
    |lane_in_1279_fu_69341_p3    |    select|   0|  0|   8|           1|           8|
    |lane_in_1280_fu_69348_p3    |    select|   0|  0|   8|           1|           8|
    |lane_in_1281_fu_69355_p3    |    select|   0|  0|   8|           1|           8|
    |lane_in_1282_fu_69362_p3    |    select|   0|  0|   8|           1|           8|
    |lane_in_1283_fu_69369_p3    |    select|   0|  0|   8|           1|           8|
    |lane_in_1284_fu_69376_p3    |    select|   0|  0|   8|           1|           8|
    |lane_in_1285_fu_69383_p3    |    select|   0|  0|   8|           1|           8|
    |lane_in_1286_fu_69390_p3    |    select|   0|  0|   8|           1|           8|
    |lane_in_1287_fu_69397_p3    |    select|   0|  0|   8|           1|           8|
    |lane_in_1288_fu_69404_p3    |    select|   0|  0|   8|           1|           8|
    |lane_in_1289_fu_69411_p3    |    select|   0|  0|   8|           1|           8|
    |lane_in_1290_fu_69418_p3    |    select|   0|  0|   8|           1|           8|
    |lane_in_1291_fu_69425_p3    |    select|   0|  0|   8|           1|           8|
    |lane_in_1292_fu_69432_p3    |    select|   0|  0|   8|           1|           8|
    |lane_in_1293_fu_69439_p3    |    select|   0|  0|   8|           1|           8|
    |lane_in_1294_fu_69446_p3    |    select|   0|  0|   8|           1|           8|
    |lane_in_1295_fu_69453_p3    |    select|   0|  0|   8|           1|           8|
    |lane_in_1296_fu_69460_p3    |    select|   0|  0|   8|           1|           8|
    |lane_in_1297_fu_69467_p3    |    select|   0|  0|   8|           1|           8|
    |lane_in_1298_fu_69474_p3    |    select|   0|  0|   8|           1|           8|
    |lane_in_1299_fu_69481_p3    |    select|   0|  0|   8|           1|           8|
    |lane_in_1300_fu_69488_p3    |    select|   0|  0|   8|           1|           8|
    |lane_in_1301_fu_69495_p3    |    select|   0|  0|   8|           1|           8|
    |lane_in_1302_fu_69502_p3    |    select|   0|  0|   8|           1|           8|
    |lane_in_1303_fu_69509_p3    |    select|   0|  0|   8|           1|           8|
    |lane_in_1304_fu_69516_p3    |    select|   0|  0|   8|           1|           8|
    |lane_in_1305_fu_69523_p3    |    select|   0|  0|   8|           1|           8|
    |lane_in_1306_fu_69530_p3    |    select|   0|  0|   8|           1|           8|
    |lane_in_1307_fu_69537_p3    |    select|   0|  0|   8|           1|           8|
    |lane_in_1308_fu_69544_p3    |    select|   0|  0|   8|           1|           8|
    |lane_in_1309_fu_69551_p3    |    select|   0|  0|   8|           1|           8|
    |lane_in_1310_fu_69558_p3    |    select|   0|  0|   8|           1|           8|
    |lane_in_1311_fu_69565_p3    |    select|   0|  0|   8|           1|           8|
    |lane_in_1312_fu_69572_p3    |    select|   0|  0|   8|           1|           8|
    |lane_in_1313_fu_69579_p3    |    select|   0|  0|   8|           1|           8|
    |lane_in_1314_fu_69586_p3    |    select|   0|  0|   8|           1|           8|
    |lane_in_1315_fu_69593_p3    |    select|   0|  0|   8|           1|           8|
    |lane_in_1316_fu_69600_p3    |    select|   0|  0|   8|           1|           8|
    |lane_in_1317_fu_69607_p3    |    select|   0|  0|   8|           1|           8|
    |lane_in_1318_fu_69614_p3    |    select|   0|  0|   8|           1|           8|
    |lane_in_1319_fu_69621_p3    |    select|   0|  0|   8|           1|           8|
    |lane_in_1320_fu_69628_p3    |    select|   0|  0|   8|           1|           8|
    |lane_in_1321_fu_69635_p3    |    select|   0|  0|   8|           1|           8|
    |lane_in_1322_fu_69642_p3    |    select|   0|  0|   8|           1|           8|
    |lane_in_1323_fu_69649_p3    |    select|   0|  0|   8|           1|           8|
    |lane_in_1324_fu_69656_p3    |    select|   0|  0|   8|           1|           8|
    |lane_in_1325_fu_69663_p3    |    select|   0|  0|   8|           1|           8|
    |lane_in_1326_fu_69670_p3    |    select|   0|  0|   8|           1|           8|
    |lane_in_1327_fu_69677_p3    |    select|   0|  0|   8|           1|           8|
    |lane_in_1328_fu_69684_p3    |    select|   0|  0|   8|           1|           8|
    |lane_in_1329_fu_69691_p3    |    select|   0|  0|   8|           1|           8|
    |lane_in_1330_fu_69698_p3    |    select|   0|  0|   8|           1|           8|
    |lane_in_1331_fu_69705_p3    |    select|   0|  0|   8|           1|           8|
    |lane_in_1332_fu_69712_p3    |    select|   0|  0|   8|           1|           8|
    |lane_in_1333_fu_69719_p3    |    select|   0|  0|   8|           1|           8|
    |lane_in_1334_fu_69726_p3    |    select|   0|  0|   8|           1|           8|
    |lane_in_1335_fu_69733_p3    |    select|   0|  0|   8|           1|           8|
    |lane_in_1336_fu_69740_p3    |    select|   0|  0|   8|           1|           8|
    |lane_in_1337_fu_69747_p3    |    select|   0|  0|   8|           1|           8|
    |lane_in_1338_fu_69754_p3    |    select|   0|  0|   8|           1|           8|
    |lane_in_1339_fu_69761_p3    |    select|   0|  0|   8|           1|           8|
    |lane_in_1340_fu_69768_p3    |    select|   0|  0|   8|           1|           8|
    |lane_in_1341_fu_69775_p3    |    select|   0|  0|   8|           1|           8|
    |lane_in_1342_fu_69782_p3    |    select|   0|  0|   8|           1|           8|
    |lane_in_1343_fu_69789_p3    |    select|   0|  0|   8|           1|           8|
    |lane_in_1344_fu_69796_p3    |    select|   0|  0|   8|           1|           8|
    |lane_in_1345_fu_69803_p3    |    select|   0|  0|   8|           1|           8|
    |lane_in_1346_fu_69810_p3    |    select|   0|  0|   8|           1|           8|
    |lane_in_1347_fu_69817_p3    |    select|   0|  0|   8|           1|           8|
    |lane_in_1348_fu_69824_p3    |    select|   0|  0|   8|           1|           8|
    |lane_in_1349_fu_69831_p3    |    select|   0|  0|   8|           1|           8|
    |lane_in_1350_fu_69838_p3    |    select|   0|  0|   8|           1|           8|
    |lane_in_1351_fu_69845_p3    |    select|   0|  0|   8|           1|           8|
    |lane_in_1352_fu_69852_p3    |    select|   0|  0|   8|           1|           8|
    |lane_in_1353_fu_69859_p3    |    select|   0|  0|   8|           1|           8|
    |lane_in_1354_fu_69866_p3    |    select|   0|  0|   8|           1|           8|
    |lane_in_1355_fu_69873_p3    |    select|   0|  0|   8|           1|           8|
    |lane_in_1356_fu_69880_p3    |    select|   0|  0|   8|           1|           8|
    |lane_in_1357_fu_69887_p3    |    select|   0|  0|   8|           1|           8|
    |lane_in_1358_fu_69894_p3    |    select|   0|  0|   8|           1|           8|
    |lane_in_1359_fu_69901_p3    |    select|   0|  0|   8|           1|           8|
    |lane_in_1360_fu_71707_p3    |    select|   0|  0|   8|           1|           8|
    |lane_in_1361_fu_71700_p3    |    select|   0|  0|   8|           1|           8|
    |lane_in_1362_fu_71693_p3    |    select|   0|  0|   8|           1|           8|
    |lane_in_1363_fu_71686_p3    |    select|   0|  0|   8|           1|           8|
    |lane_in_1364_fu_71679_p3    |    select|   0|  0|   8|           1|           8|
    |lane_in_1365_fu_71672_p3    |    select|   0|  0|   8|           1|           8|
    |lane_in_1366_fu_71665_p3    |    select|   0|  0|   8|           1|           8|
    |lane_in_1367_fu_71658_p3    |    select|   0|  0|   8|           1|           8|
    |lane_in_1368_fu_71651_p3    |    select|   0|  0|   8|           1|           8|
    |lane_in_1369_fu_71644_p3    |    select|   0|  0|   8|           1|           8|
    |lane_in_1370_fu_71637_p3    |    select|   0|  0|   8|           1|           8|
    |lane_in_1371_fu_71630_p3    |    select|   0|  0|   8|           1|           8|
    |lane_in_1372_fu_71623_p3    |    select|   0|  0|   8|           1|           8|
    |lane_in_1373_fu_71616_p3    |    select|   0|  0|   8|           1|           8|
    |lane_in_1374_fu_71609_p3    |    select|   0|  0|   8|           1|           8|
    |lane_in_1375_fu_71602_p3    |    select|   0|  0|   8|           1|           8|
    |lane_in_1376_fu_71595_p3    |    select|   0|  0|   8|           1|           8|
    |lane_in_1377_fu_71588_p3    |    select|   0|  0|   8|           1|           8|
    |lane_in_1378_fu_71581_p3    |    select|   0|  0|   8|           1|           8|
    |lane_in_1379_fu_71574_p3    |    select|   0|  0|   8|           1|           8|
    |lane_in_1380_fu_71567_p3    |    select|   0|  0|   8|           1|           8|
    |lane_in_1381_fu_71560_p3    |    select|   0|  0|   8|           1|           8|
    |lane_in_1382_fu_71553_p3    |    select|   0|  0|   8|           1|           8|
    |lane_in_1383_fu_71546_p3    |    select|   0|  0|   8|           1|           8|
    |lane_in_1384_fu_71539_p3    |    select|   0|  0|   8|           1|           8|
    |lane_in_1385_fu_71532_p3    |    select|   0|  0|   8|           1|           8|
    |lane_in_1386_fu_71525_p3    |    select|   0|  0|   8|           1|           8|
    |lane_in_1387_fu_71518_p3    |    select|   0|  0|   8|           1|           8|
    |lane_in_1388_fu_71511_p3    |    select|   0|  0|   8|           1|           8|
    |lane_in_1389_fu_71504_p3    |    select|   0|  0|   8|           1|           8|
    |lane_in_1390_fu_71497_p3    |    select|   0|  0|   8|           1|           8|
    |lane_in_1391_fu_71490_p3    |    select|   0|  0|   8|           1|           8|
    |lane_in_1392_fu_71483_p3    |    select|   0|  0|   8|           1|           8|
    |lane_in_1393_fu_71476_p3    |    select|   0|  0|   8|           1|           8|
    |lane_in_1394_fu_71469_p3    |    select|   0|  0|   8|           1|           8|
    |lane_in_1395_fu_71462_p3    |    select|   0|  0|   8|           1|           8|
    |lane_in_1396_fu_71455_p3    |    select|   0|  0|   8|           1|           8|
    |lane_in_1397_fu_71448_p3    |    select|   0|  0|   8|           1|           8|
    |lane_in_1398_fu_71441_p3    |    select|   0|  0|   8|           1|           8|
    |lane_in_1399_fu_71434_p3    |    select|   0|  0|   8|           1|           8|
    |lane_in_1400_fu_71427_p3    |    select|   0|  0|   8|           1|           8|
    |lane_in_1401_fu_71420_p3    |    select|   0|  0|   8|           1|           8|
    |lane_in_1402_fu_71413_p3    |    select|   0|  0|   8|           1|           8|
    |lane_in_1403_fu_71406_p3    |    select|   0|  0|   8|           1|           8|
    |lane_in_1404_fu_71399_p3    |    select|   0|  0|   8|           1|           8|
    |lane_in_1405_fu_71392_p3    |    select|   0|  0|   8|           1|           8|
    |lane_in_1406_fu_71385_p3    |    select|   0|  0|   8|           1|           8|
    |lane_in_1407_fu_71378_p3    |    select|   0|  0|   8|           1|           8|
    |lane_in_1408_fu_71371_p3    |    select|   0|  0|   8|           1|           8|
    |lane_in_1409_fu_71364_p3    |    select|   0|  0|   8|           1|           8|
    |lane_in_1410_fu_71357_p3    |    select|   0|  0|   8|           1|           8|
    |lane_in_1411_fu_71350_p3    |    select|   0|  0|   8|           1|           8|
    |lane_in_1412_fu_71343_p3    |    select|   0|  0|   8|           1|           8|
    |lane_in_1413_fu_71336_p3    |    select|   0|  0|   8|           1|           8|
    |lane_in_1414_fu_71329_p3    |    select|   0|  0|   8|           1|           8|
    |lane_in_1415_fu_71322_p3    |    select|   0|  0|   8|           1|           8|
    |lane_in_1416_fu_71315_p3    |    select|   0|  0|   8|           1|           8|
    |lane_in_1417_fu_71308_p3    |    select|   0|  0|   8|           1|           8|
    |lane_in_1418_fu_71301_p3    |    select|   0|  0|   8|           1|           8|
    |lane_in_1419_fu_71294_p3    |    select|   0|  0|   8|           1|           8|
    |lane_in_1420_fu_71287_p3    |    select|   0|  0|   8|           1|           8|
    |lane_in_1421_fu_71280_p3    |    select|   0|  0|   8|           1|           8|
    |lane_in_1422_fu_71273_p3    |    select|   0|  0|   8|           1|           8|
    |lane_in_1423_fu_71266_p3    |    select|   0|  0|   8|           1|           8|
    |lane_in_1424_fu_71259_p3    |    select|   0|  0|   8|           1|           8|
    |lane_in_1425_fu_71252_p3    |    select|   0|  0|   8|           1|           8|
    |lane_in_1426_fu_71245_p3    |    select|   0|  0|   8|           1|           8|
    |lane_in_1427_fu_71238_p3    |    select|   0|  0|   8|           1|           8|
    |lane_in_1428_fu_71231_p3    |    select|   0|  0|   8|           1|           8|
    |lane_in_1429_fu_71224_p3    |    select|   0|  0|   8|           1|           8|
    |lane_in_1430_fu_71217_p3    |    select|   0|  0|   8|           1|           8|
    |lane_in_1431_fu_71210_p3    |    select|   0|  0|   8|           1|           8|
    |lane_in_1432_fu_71203_p3    |    select|   0|  0|   8|           1|           8|
    |lane_in_1433_fu_71196_p3    |    select|   0|  0|   8|           1|           8|
    |lane_in_1434_fu_71189_p3    |    select|   0|  0|   8|           1|           8|
    |lane_in_1435_fu_71182_p3    |    select|   0|  0|   8|           1|           8|
    |lane_in_1436_fu_71175_p3    |    select|   0|  0|   8|           1|           8|
    |lane_in_1437_fu_71168_p3    |    select|   0|  0|   8|           1|           8|
    |lane_in_1438_fu_71161_p3    |    select|   0|  0|   8|           1|           8|
    |lane_in_1439_fu_71154_p3    |    select|   0|  0|   8|           1|           8|
    |lane_in_1440_fu_71147_p3    |    select|   0|  0|   8|           1|           8|
    |lane_in_1441_fu_71140_p3    |    select|   0|  0|   8|           1|           8|
    |lane_in_1442_fu_71133_p3    |    select|   0|  0|   8|           1|           8|
    |lane_in_1443_fu_71126_p3    |    select|   0|  0|   8|           1|           8|
    |lane_in_1444_fu_71119_p3    |    select|   0|  0|   8|           1|           8|
    |lane_in_1445_fu_71112_p3    |    select|   0|  0|   8|           1|           8|
    |lane_in_1446_fu_71105_p3    |    select|   0|  0|   8|           1|           8|
    |lane_in_1447_fu_71098_p3    |    select|   0|  0|   8|           1|           8|
    |lane_in_1448_fu_71091_p3    |    select|   0|  0|   8|           1|           8|
    |lane_in_1449_fu_71084_p3    |    select|   0|  0|   8|           1|           8|
    |lane_in_1450_fu_71077_p3    |    select|   0|  0|   8|           1|           8|
    |lane_in_1451_fu_71070_p3    |    select|   0|  0|   8|           1|           8|
    |lane_in_1452_fu_71063_p3    |    select|   0|  0|   8|           1|           8|
    |lane_in_1453_fu_71056_p3    |    select|   0|  0|   8|           1|           8|
    |lane_in_1454_fu_71049_p3    |    select|   0|  0|   8|           1|           8|
    |lane_in_1455_fu_71042_p3    |    select|   0|  0|   8|           1|           8|
    |lane_in_1456_fu_71035_p3    |    select|   0|  0|   8|           1|           8|
    |lane_in_1457_fu_71028_p3    |    select|   0|  0|   8|           1|           8|
    |lane_in_1458_fu_71021_p3    |    select|   0|  0|   8|           1|           8|
    |lane_in_1459_fu_71014_p3    |    select|   0|  0|   8|           1|           8|
    |lane_in_1460_fu_71007_p3    |    select|   0|  0|   8|           1|           8|
    |lane_in_1461_fu_71000_p3    |    select|   0|  0|   8|           1|           8|
    |lane_in_1462_fu_70993_p3    |    select|   0|  0|   8|           1|           8|
    |lane_in_1463_fu_70986_p3    |    select|   0|  0|   8|           1|           8|
    |lane_in_1464_fu_70979_p3    |    select|   0|  0|   8|           1|           8|
    |lane_in_1465_fu_70972_p3    |    select|   0|  0|   8|           1|           8|
    |lane_in_1466_fu_70965_p3    |    select|   0|  0|   8|           1|           8|
    |lane_in_1467_fu_70958_p3    |    select|   0|  0|   8|           1|           8|
    |lane_in_1468_fu_70951_p3    |    select|   0|  0|   8|           1|           8|
    |lane_in_1469_fu_70944_p3    |    select|   0|  0|   8|           1|           8|
    |lane_in_1470_fu_70937_p3    |    select|   0|  0|   8|           1|           8|
    |lane_in_1471_fu_70930_p3    |    select|   0|  0|   8|           1|           8|
    |lane_in_1472_fu_70923_p3    |    select|   0|  0|   8|           1|           8|
    |lane_in_1473_fu_70916_p3    |    select|   0|  0|   8|           1|           8|
    |lane_in_1474_fu_70909_p3    |    select|   0|  0|   8|           1|           8|
    |lane_in_1475_fu_70902_p3    |    select|   0|  0|   8|           1|           8|
    |lane_in_1476_fu_70895_p3    |    select|   0|  0|   8|           1|           8|
    |lane_in_1477_fu_70888_p3    |    select|   0|  0|   8|           1|           8|
    |lane_in_1478_fu_70881_p3    |    select|   0|  0|   8|           1|           8|
    |lane_in_1479_fu_70874_p3    |    select|   0|  0|   8|           1|           8|
    |lane_in_1480_fu_70867_p3    |    select|   0|  0|   8|           1|           8|
    |lane_in_1481_fu_70860_p3    |    select|   0|  0|   8|           1|           8|
    |lane_in_1482_fu_70853_p3    |    select|   0|  0|   8|           1|           8|
    |lane_in_1483_fu_70846_p3    |    select|   0|  0|   8|           1|           8|
    |lane_in_1484_fu_70839_p3    |    select|   0|  0|   8|           1|           8|
    |lane_in_1485_fu_70832_p3    |    select|   0|  0|   8|           1|           8|
    |lane_in_1486_fu_70825_p3    |    select|   0|  0|   8|           1|           8|
    |lane_in_1487_fu_70818_p3    |    select|   0|  0|   8|           1|           8|
    |lane_in_1488_fu_70811_p3    |    select|   0|  0|   8|           1|           8|
    |lane_in_1489_fu_70804_p3    |    select|   0|  0|   8|           1|           8|
    |lane_in_1490_fu_70797_p3    |    select|   0|  0|   8|           1|           8|
    |lane_in_1491_fu_70790_p3    |    select|   0|  0|   8|           1|           8|
    |lane_in_1492_fu_70783_p3    |    select|   0|  0|   8|           1|           8|
    |lane_in_1493_fu_70776_p3    |    select|   0|  0|   8|           1|           8|
    |lane_in_1494_fu_70769_p3    |    select|   0|  0|   8|           1|           8|
    |lane_in_1495_fu_70762_p3    |    select|   0|  0|   8|           1|           8|
    |lane_in_1496_fu_70755_p3    |    select|   0|  0|   8|           1|           8|
    |lane_in_1497_fu_70748_p3    |    select|   0|  0|   8|           1|           8|
    |lane_in_1498_fu_70741_p3    |    select|   0|  0|   8|           1|           8|
    |lane_in_1499_fu_70734_p3    |    select|   0|  0|   8|           1|           8|
    |lane_in_1500_fu_70727_p3    |    select|   0|  0|   8|           1|           8|
    |lane_in_1501_fu_70720_p3    |    select|   0|  0|   8|           1|           8|
    |lane_in_1502_fu_70713_p3    |    select|   0|  0|   8|           1|           8|
    |lane_in_1503_fu_70706_p3    |    select|   0|  0|   8|           1|           8|
    |lane_in_1504_fu_70699_p3    |    select|   0|  0|   8|           1|           8|
    |lane_in_1505_fu_70692_p3    |    select|   0|  0|   8|           1|           8|
    |lane_in_1506_fu_70685_p3    |    select|   0|  0|   8|           1|           8|
    |lane_in_1507_fu_70678_p3    |    select|   0|  0|   8|           1|           8|
    |lane_in_1508_fu_70671_p3    |    select|   0|  0|   8|           1|           8|
    |lane_in_1509_fu_70664_p3    |    select|   0|  0|   8|           1|           8|
    |lane_in_1510_fu_70657_p3    |    select|   0|  0|   8|           1|           8|
    |lane_in_1511_fu_70650_p3    |    select|   0|  0|   8|           1|           8|
    |lane_in_1512_fu_70643_p3    |    select|   0|  0|   8|           1|           8|
    |lane_in_1513_fu_70636_p3    |    select|   0|  0|   8|           1|           8|
    |lane_in_1514_fu_70629_p3    |    select|   0|  0|   8|           1|           8|
    |lane_in_1515_fu_70622_p3    |    select|   0|  0|   8|           1|           8|
    |lane_in_1516_fu_70615_p3    |    select|   0|  0|   8|           1|           8|
    |lane_in_1517_fu_70608_p3    |    select|   0|  0|   8|           1|           8|
    |lane_in_1518_fu_70601_p3    |    select|   0|  0|   8|           1|           8|
    |lane_in_1519_fu_70594_p3    |    select|   0|  0|   8|           1|           8|
    |lane_in_1520_fu_70587_p3    |    select|   0|  0|   8|           1|           8|
    |lane_in_1521_fu_70580_p3    |    select|   0|  0|   8|           1|           8|
    |lane_in_1522_fu_70573_p3    |    select|   0|  0|   8|           1|           8|
    |lane_in_1523_fu_70566_p3    |    select|   0|  0|   8|           1|           8|
    |lane_in_1524_fu_70559_p3    |    select|   0|  0|   8|           1|           8|
    |lane_in_1525_fu_70552_p3    |    select|   0|  0|   8|           1|           8|
    |lane_in_1526_fu_70545_p3    |    select|   0|  0|   8|           1|           8|
    |lane_in_1527_fu_70538_p3    |    select|   0|  0|   8|           1|           8|
    |lane_in_1528_fu_70531_p3    |    select|   0|  0|   8|           1|           8|
    |lane_in_1529_fu_70524_p3    |    select|   0|  0|   8|           1|           8|
    |lane_in_1530_fu_70517_p3    |    select|   0|  0|   8|           1|           8|
    |lane_in_1531_fu_70510_p3    |    select|   0|  0|   8|           1|           8|
    |lane_in_1532_fu_70503_p3    |    select|   0|  0|   8|           1|           8|
    |lane_in_1533_fu_70496_p3    |    select|   0|  0|   8|           1|           8|
    |lane_in_1534_fu_70489_p3    |    select|   0|  0|   8|           1|           8|
    |lane_in_1535_fu_70482_p3    |    select|   0|  0|   8|           1|           8|
    |lane_in_1536_fu_70475_p3    |    select|   0|  0|   8|           1|           8|
    |lane_in_1537_fu_70468_p3    |    select|   0|  0|   8|           1|           8|
    |lane_in_1538_fu_70461_p3    |    select|   0|  0|   8|           1|           8|
    |lane_in_1539_fu_70454_p3    |    select|   0|  0|   8|           1|           8|
    |lane_in_1540_fu_70447_p3    |    select|   0|  0|   8|           1|           8|
    |lane_in_1541_fu_70440_p3    |    select|   0|  0|   8|           1|           8|
    |lane_in_1542_fu_70433_p3    |    select|   0|  0|   8|           1|           8|
    |lane_in_1543_fu_70426_p3    |    select|   0|  0|   8|           1|           8|
    |lane_in_1544_fu_70419_p3    |    select|   0|  0|   8|           1|           8|
    |lane_in_1545_fu_70412_p3    |    select|   0|  0|   8|           1|           8|
    |lane_in_1546_fu_70405_p3    |    select|   0|  0|   8|           1|           8|
    |lane_in_1547_fu_70398_p3    |    select|   0|  0|   8|           1|           8|
    |lane_in_1548_fu_70391_p3    |    select|   0|  0|   8|           1|           8|
    |lane_in_1549_fu_69908_p3    |    select|   0|  0|   8|           1|           8|
    |lane_in_1550_fu_70384_p3    |    select|   0|  0|   8|           1|           8|
    |lane_in_1551_fu_70377_p3    |    select|   0|  0|   8|           1|           8|
    |lane_in_1552_fu_70370_p3    |    select|   0|  0|   8|           1|           8|
    |lane_in_1553_fu_70363_p3    |    select|   0|  0|   8|           1|           8|
    |lane_in_1554_fu_70356_p3    |    select|   0|  0|   8|           1|           8|
    |lane_in_1555_fu_70349_p3    |    select|   0|  0|   8|           1|           8|
    |lane_in_1556_fu_70342_p3    |    select|   0|  0|   8|           1|           8|
    |lane_in_1557_fu_70335_p3    |    select|   0|  0|   8|           1|           8|
    |lane_in_1558_fu_70328_p3    |    select|   0|  0|   8|           1|           8|
    |lane_in_1559_fu_70321_p3    |    select|   0|  0|   8|           1|           8|
    |lane_in_1560_fu_70314_p3    |    select|   0|  0|   8|           1|           8|
    |lane_in_1561_fu_70307_p3    |    select|   0|  0|   8|           1|           8|
    |lane_in_1562_fu_70300_p3    |    select|   0|  0|   8|           1|           8|
    |lane_in_1563_fu_70293_p3    |    select|   0|  0|   8|           1|           8|
    |lane_in_1564_fu_70286_p3    |    select|   0|  0|   8|           1|           8|
    |lane_in_1565_fu_70279_p3    |    select|   0|  0|   8|           1|           8|
    |lane_in_1566_fu_70272_p3    |    select|   0|  0|   8|           1|           8|
    |lane_in_1567_fu_70265_p3    |    select|   0|  0|   8|           1|           8|
    |lane_in_1568_fu_70258_p3    |    select|   0|  0|   8|           1|           8|
    |lane_in_1569_fu_70251_p3    |    select|   0|  0|   8|           1|           8|
    |lane_in_1570_fu_70244_p3    |    select|   0|  0|   8|           1|           8|
    |lane_in_1571_fu_70237_p3    |    select|   0|  0|   8|           1|           8|
    |lane_in_1572_fu_70230_p3    |    select|   0|  0|   8|           1|           8|
    |lane_in_1573_fu_70223_p3    |    select|   0|  0|   8|           1|           8|
    |lane_in_1574_fu_70216_p3    |    select|   0|  0|   8|           1|           8|
    |lane_in_1575_fu_70209_p3    |    select|   0|  0|   8|           1|           8|
    |lane_in_1576_fu_70202_p3    |    select|   0|  0|   8|           1|           8|
    |lane_in_1577_fu_70195_p3    |    select|   0|  0|   8|           1|           8|
    |lane_in_1578_fu_70188_p3    |    select|   0|  0|   8|           1|           8|
    |lane_in_1579_fu_70181_p3    |    select|   0|  0|   8|           1|           8|
    |lane_in_1580_fu_70174_p3    |    select|   0|  0|   8|           1|           8|
    |lane_in_1581_fu_70167_p3    |    select|   0|  0|   8|           1|           8|
    |lane_in_1582_fu_70160_p3    |    select|   0|  0|   8|           1|           8|
    |lane_in_1583_fu_70153_p3    |    select|   0|  0|   8|           1|           8|
    |lane_in_1584_fu_70146_p3    |    select|   0|  0|   8|           1|           8|
    |lane_in_1585_fu_70139_p3    |    select|   0|  0|   8|           1|           8|
    |lane_in_1586_fu_70132_p3    |    select|   0|  0|   8|           1|           8|
    |lane_in_1587_fu_70125_p3    |    select|   0|  0|   8|           1|           8|
    |lane_in_1588_fu_70118_p3    |    select|   0|  0|   8|           1|           8|
    |lane_in_1589_fu_70111_p3    |    select|   0|  0|   8|           1|           8|
    |lane_in_1590_fu_70104_p3    |    select|   0|  0|   8|           1|           8|
    |lane_in_1591_fu_70097_p3    |    select|   0|  0|   8|           1|           8|
    |lane_in_1592_fu_70090_p3    |    select|   0|  0|   8|           1|           8|
    |lane_in_1593_fu_70083_p3    |    select|   0|  0|   8|           1|           8|
    |lane_in_1594_fu_70076_p3    |    select|   0|  0|   8|           1|           8|
    |lane_in_1595_fu_70069_p3    |    select|   0|  0|   8|           1|           8|
    |lane_in_1596_fu_70062_p3    |    select|   0|  0|   8|           1|           8|
    |lane_in_1597_fu_70055_p3    |    select|   0|  0|   8|           1|           8|
    |lane_in_1598_fu_70048_p3    |    select|   0|  0|   8|           1|           8|
    |lane_in_1599_fu_70041_p3    |    select|   0|  0|   8|           1|           8|
    |lane_in_1600_fu_70034_p3    |    select|   0|  0|   8|           1|           8|
    |lane_in_1601_fu_70027_p3    |    select|   0|  0|   8|           1|           8|
    |lane_in_1602_fu_70020_p3    |    select|   0|  0|   8|           1|           8|
    |lane_in_1603_fu_70013_p3    |    select|   0|  0|   8|           1|           8|
    |lane_in_1604_fu_70006_p3    |    select|   0|  0|   8|           1|           8|
    |lane_in_1605_fu_69999_p3    |    select|   0|  0|   8|           1|           8|
    |lane_in_1606_fu_69992_p3    |    select|   0|  0|   8|           1|           8|
    |lane_in_1607_fu_69985_p3    |    select|   0|  0|   8|           1|           8|
    |lane_in_1608_fu_69978_p3    |    select|   0|  0|   8|           1|           8|
    |lane_in_1609_fu_69971_p3    |    select|   0|  0|   8|           1|           8|
    |lane_in_1610_fu_69964_p3    |    select|   0|  0|   8|           1|           8|
    |lane_in_1611_fu_69957_p3    |    select|   0|  0|   8|           1|           8|
    |lane_in_1612_fu_69950_p3    |    select|   0|  0|   8|           1|           8|
    |lane_in_1613_fu_69915_p3    |    select|   0|  0|   8|           1|           8|
    |lane_in_1614_fu_69943_p3    |    select|   0|  0|   8|           1|           8|
    |lane_in_1615_fu_69936_p3    |    select|   0|  0|   8|           1|           8|
    |lane_in_1616_fu_69929_p3    |    select|   0|  0|   8|           1|           8|
    |lane_in_1617_fu_69922_p3    |    select|   0|  0|   8|           1|           8|
    |lane_in_1619_fu_71714_p3    |    select|   0|  0|   8|           1|           8|
    |lane_in_1620_fu_71721_p3    |    select|   0|  0|   8|           1|           8|
    |lane_in_1621_fu_71728_p3    |    select|   0|  0|   8|           1|           8|
    |lane_in_1622_fu_71735_p3    |    select|   0|  0|   8|           1|           8|
    |lane_in_1623_fu_71742_p3    |    select|   0|  0|   8|           1|           8|
    |lane_in_1624_fu_71749_p3    |    select|   0|  0|   8|           1|           8|
    |lane_in_1625_fu_71756_p3    |    select|   0|  0|   8|           1|           8|
    |lane_in_1626_fu_71763_p3    |    select|   0|  0|   8|           1|           8|
    |lane_in_1627_fu_71770_p3    |    select|   0|  0|   8|           1|           8|
    |lane_in_1628_fu_71777_p3    |    select|   0|  0|   8|           1|           8|
    |lane_in_1629_fu_71784_p3    |    select|   0|  0|   8|           1|           8|
    |lane_in_1630_fu_71791_p3    |    select|   0|  0|   8|           1|           8|
    |lane_in_1631_fu_71798_p3    |    select|   0|  0|   8|           1|           8|
    |lane_in_1632_fu_71805_p3    |    select|   0|  0|   8|           1|           8|
    |lane_in_1633_fu_71812_p3    |    select|   0|  0|   8|           1|           8|
    |lane_in_1634_fu_71819_p3    |    select|   0|  0|   8|           1|           8|
    |lane_in_1635_fu_71826_p3    |    select|   0|  0|   8|           1|           8|
    |lane_in_1636_fu_71833_p3    |    select|   0|  0|   8|           1|           8|
    |lane_in_1637_fu_71840_p3    |    select|   0|  0|   8|           1|           8|
    |lane_in_1638_fu_71847_p3    |    select|   0|  0|   8|           1|           8|
    |lane_in_1639_fu_71854_p3    |    select|   0|  0|   8|           1|           8|
    |lane_in_1640_fu_71861_p3    |    select|   0|  0|   8|           1|           8|
    |lane_in_1641_fu_71868_p3    |    select|   0|  0|   8|           1|           8|
    |lane_in_1642_fu_71875_p3    |    select|   0|  0|   8|           1|           8|
    |lane_in_1643_fu_71882_p3    |    select|   0|  0|   8|           1|           8|
    |lane_in_1644_fu_71889_p3    |    select|   0|  0|   8|           1|           8|
    |lane_in_1645_fu_71896_p3    |    select|   0|  0|   8|           1|           8|
    |lane_in_1646_fu_71903_p3    |    select|   0|  0|   8|           1|           8|
    |lane_in_1647_fu_71910_p3    |    select|   0|  0|   8|           1|           8|
    |lane_in_1648_fu_71917_p3    |    select|   0|  0|   8|           1|           8|
    |lane_in_1649_fu_71924_p3    |    select|   0|  0|   8|           1|           8|
    |lane_in_1650_fu_71931_p3    |    select|   0|  0|   8|           1|           8|
    |lane_in_1651_fu_71938_p3    |    select|   0|  0|   8|           1|           8|
    |lane_in_1652_fu_71945_p3    |    select|   0|  0|   8|           1|           8|
    |lane_in_1653_fu_71952_p3    |    select|   0|  0|   8|           1|           8|
    |lane_in_1654_fu_71959_p3    |    select|   0|  0|   8|           1|           8|
    |lane_in_1655_fu_71966_p3    |    select|   0|  0|   8|           1|           8|
    |lane_in_1656_fu_71973_p3    |    select|   0|  0|   8|           1|           8|
    |lane_in_1657_fu_71980_p3    |    select|   0|  0|   8|           1|           8|
    |lane_in_1658_fu_71987_p3    |    select|   0|  0|   8|           1|           8|
    |lane_in_1659_fu_71994_p3    |    select|   0|  0|   8|           1|           8|
    |lane_in_1660_fu_72001_p3    |    select|   0|  0|   8|           1|           8|
    |lane_in_1661_fu_72008_p3    |    select|   0|  0|   8|           1|           8|
    |lane_in_1662_fu_72015_p3    |    select|   0|  0|   8|           1|           8|
    |lane_in_1663_fu_72022_p3    |    select|   0|  0|   8|           1|           8|
    |lane_in_1664_fu_72029_p3    |    select|   0|  0|   8|           1|           8|
    |lane_in_1665_fu_72036_p3    |    select|   0|  0|   8|           1|           8|
    |lane_in_1666_fu_72043_p3    |    select|   0|  0|   8|           1|           8|
    |lane_in_1667_fu_72050_p3    |    select|   0|  0|   8|           1|           8|
    |lane_in_1668_fu_72057_p3    |    select|   0|  0|   8|           1|           8|
    |lane_in_1669_fu_72064_p3    |    select|   0|  0|   8|           1|           8|
    |lane_in_1670_fu_72071_p3    |    select|   0|  0|   8|           1|           8|
    |lane_in_1671_fu_72078_p3    |    select|   0|  0|   8|           1|           8|
    |lane_in_1672_fu_72085_p3    |    select|   0|  0|   8|           1|           8|
    |lane_in_1673_fu_72092_p3    |    select|   0|  0|   8|           1|           8|
    |lane_in_1674_fu_72099_p3    |    select|   0|  0|   8|           1|           8|
    |lane_in_1675_fu_72106_p3    |    select|   0|  0|   8|           1|           8|
    |lane_in_1676_fu_72113_p3    |    select|   0|  0|   8|           1|           8|
    |lane_in_1677_fu_72120_p3    |    select|   0|  0|   8|           1|           8|
    |lane_in_1678_fu_72127_p3    |    select|   0|  0|   8|           1|           8|
    |lane_in_1679_fu_72134_p3    |    select|   0|  0|   8|           1|           8|
    |lane_in_1680_fu_72141_p3    |    select|   0|  0|   8|           1|           8|
    |lane_in_1681_fu_72148_p3    |    select|   0|  0|   8|           1|           8|
    |lane_w_10_fu_63659_p3       |    select|   0|  0|   8|           1|           8|
    |lane_w_11_fu_63627_p3       |    select|   0|  0|   8|           1|           8|
    |lane_w_12_fu_63667_p3       |    select|   0|  0|   8|           1|           8|
    |lane_w_13_fu_63619_p3       |    select|   0|  0|   8|           1|           8|
    |lane_w_14_fu_63675_p3       |    select|   0|  0|   8|           1|           8|
    |lane_w_8_fu_63651_p3        |    select|   0|  0|   8|           1|           8|
    |lane_w_9_fu_63635_p3        |    select|   0|  0|   8|           1|           8|
    |lane_w_fu_63643_p3          |    select|   0|  0|   8|           1|           8|
    |select_ln108_1_fu_28422_p3  |    select|   0|  0|   2|           1|           2|
    |select_ln108_fu_28408_p3    |    select|   0|  0|   2|           1|           1|
    |ap_enable_pp0               |       xor|   0|  0|   2|           1|           2|
    +----------------------------+----------+----+---+----+------------+------------+
    |Total                       |          |   0|  0|4277|         626|        4176|
    +----------------------------+----------+----+---+----+------------+------------+

    * Multiplexer: 
    +--------------------------------------+----+-----------+-----+-----------+
    |                 Name                 | LUT| Input Size| Bits| Total Bits|
    +--------------------------------------+----+-----------+-----+-----------+
    |ap_done_int                           |   9|          2|    1|          2|
    |ap_enable_reg_pp0_iter1               |   9|          2|    1|          2|
    |ap_sig_allocacmp_indvar_flatten_load  |   9|          2|    4|          8|
    |ap_sig_allocacmp_kh_load              |   9|          2|    2|          4|
    |ap_sig_allocacmp_kw_load              |   9|          2|    2|          4|
    |ap_sig_allocacmp_p_load               |   9|          2|   19|         38|
    |ap_sig_allocacmp_p_load2900           |   9|          2|   19|         38|
    |ap_sig_allocacmp_p_load2902           |   9|          2|   19|         38|
    |ap_sig_allocacmp_p_load2904           |   9|          2|   19|         38|
    |ap_sig_allocacmp_p_load2906           |   9|          2|   19|         38|
    |ap_sig_allocacmp_p_load2908           |   9|          2|   19|         38|
    |ap_sig_allocacmp_p_load2910           |   9|          2|   19|         38|
    |ap_sig_allocacmp_p_load2912           |   9|          2|   19|         38|
    |ap_sig_allocacmp_p_load2914           |   9|          2|   19|         38|
    |ap_sig_allocacmp_p_load2916           |   9|          2|   19|         38|
    |ap_sig_allocacmp_p_load2918           |   9|          2|   19|         38|
    |ap_sig_allocacmp_p_load2920           |   9|          2|   19|         38|
    |ap_sig_allocacmp_p_load2922           |   9|          2|   19|         38|
    |ap_sig_allocacmp_p_load2924           |   9|          2|   19|         38|
    |ap_sig_allocacmp_p_load2926           |   9|          2|   19|         38|
    |ap_sig_allocacmp_p_load2928           |   9|          2|   19|         38|
    |ap_sig_allocacmp_p_load2930           |   9|          2|   19|         38|
    |ap_sig_allocacmp_p_load2932           |   9|          2|   19|         38|
    |ap_sig_allocacmp_p_load2934           |   9|          2|   19|         38|
    |ap_sig_allocacmp_p_load2936           |   9|          2|   19|         38|
    |ap_sig_allocacmp_p_load2938           |   9|          2|   19|         38|
    |ap_sig_allocacmp_p_load2940           |   9|          2|   19|         38|
    |ap_sig_allocacmp_p_load2942           |   9|          2|   19|         38|
    |ap_sig_allocacmp_p_load2944           |   9|          2|   19|         38|
    |ap_sig_allocacmp_p_load2946           |   9|          2|   19|         38|
    |ap_sig_allocacmp_p_load2948           |   9|          2|   19|         38|
    |ap_sig_allocacmp_p_load2950           |   9|          2|   19|         38|
    |ap_sig_allocacmp_p_load2952           |   9|          2|   19|         38|
    |ap_sig_allocacmp_p_load2954           |   9|          2|   19|         38|
    |ap_sig_allocacmp_p_load2956           |   9|          2|   19|         38|
    |ap_sig_allocacmp_p_load2958           |   9|          2|   19|         38|
    |ap_sig_allocacmp_p_load2960           |   9|          2|   19|         38|
    |ap_sig_allocacmp_p_load2962           |   9|          2|   19|         38|
    |ap_sig_allocacmp_p_load2964           |   9|          2|   19|         38|
    |ap_sig_allocacmp_p_load2966           |   9|          2|   19|         38|
    |ap_sig_allocacmp_p_load2968           |   9|          2|   19|         38|
    |ap_sig_allocacmp_p_load2970           |   9|          2|   19|         38|
    |ap_sig_allocacmp_p_load2972           |   9|          2|   19|         38|
    |ap_sig_allocacmp_p_load2974           |   9|          2|   19|         38|
    |ap_sig_allocacmp_p_load2976           |   9|          2|   19|         38|
    |ap_sig_allocacmp_p_load2978           |   9|          2|   19|         38|
    |ap_sig_allocacmp_p_load2980           |   9|          2|   19|         38|
    |ap_sig_allocacmp_p_load2982           |   9|          2|   19|         38|
    |ap_sig_allocacmp_p_load2984           |   9|          2|   19|         38|
    |ap_sig_allocacmp_p_load2986           |   9|          2|   19|         38|
    |ap_sig_allocacmp_p_load2988           |   9|          2|   19|         38|
    |ap_sig_allocacmp_p_load2990           |   9|          2|   19|         38|
    |ap_sig_allocacmp_p_load2992           |   9|          2|   19|         38|
    |ap_sig_allocacmp_p_load2994           |   9|          2|   19|         38|
    |ap_sig_allocacmp_p_load2996           |   9|          2|   19|         38|
    |ap_sig_allocacmp_p_load2998           |   9|          2|   19|         38|
    |ap_sig_allocacmp_p_load3000           |   9|          2|   19|         38|
    |ap_sig_allocacmp_p_load3002           |   9|          2|   19|         38|
    |ap_sig_allocacmp_p_load3004           |   9|          2|   19|         38|
    |ap_sig_allocacmp_p_load3006           |   9|          2|   19|         38|
    |ap_sig_allocacmp_p_load3008           |   9|          2|   19|         38|
    |ap_sig_allocacmp_p_load3010           |   9|          2|   19|         38|
    |ap_sig_allocacmp_p_load3012           |   9|          2|   19|         38|
    |ap_sig_allocacmp_p_load3014           |   9|          2|   19|         38|
    |ap_sig_allocacmp_p_load3016           |   9|          2|   19|         38|
    |ap_sig_allocacmp_p_load3018           |   9|          2|   19|         38|
    |ap_sig_allocacmp_p_load3020           |   9|          2|   19|         38|
    |ap_sig_allocacmp_p_load3022           |   9|          2|   19|         38|
    |ap_sig_allocacmp_p_load3024           |   9|          2|   19|         38|
    |ap_sig_allocacmp_p_load3026           |   9|          2|   19|         38|
    |ap_sig_allocacmp_p_load3028           |   9|          2|   19|         38|
    |ap_sig_allocacmp_p_load3030           |   9|          2|   19|         38|
    |ap_sig_allocacmp_p_load3032           |   9|          2|   19|         38|
    |ap_sig_allocacmp_p_load3034           |   9|          2|   19|         38|
    |ap_sig_allocacmp_p_load3036           |   9|          2|   19|         38|
    |ap_sig_allocacmp_p_load3038           |   9|          2|   19|         38|
    |ap_sig_allocacmp_p_load3040           |   9|          2|   19|         38|
    |ap_sig_allocacmp_p_load3042           |   9|          2|   19|         38|
    |ap_sig_allocacmp_p_load3044           |   9|          2|   19|         38|
    |ap_sig_allocacmp_p_load3046           |   9|          2|   19|         38|
    |ap_sig_allocacmp_p_load3048           |   9|          2|   19|         38|
    |ap_sig_allocacmp_p_load3050           |   9|          2|   19|         38|
    |ap_sig_allocacmp_p_load3052           |   9|          2|   19|         38|
    |ap_sig_allocacmp_p_load3054           |   9|          2|   19|         38|
    |ap_sig_allocacmp_p_load3056           |   9|          2|   19|         38|
    |ap_sig_allocacmp_p_load3058           |   9|          2|   19|         38|
    |ap_sig_allocacmp_p_load3060           |   9|          2|   19|         38|
    |ap_sig_allocacmp_p_load3062           |   9|          2|   19|         38|
    |ap_sig_allocacmp_p_load3064           |   9|          2|   19|         38|
    |ap_sig_allocacmp_p_load3066           |   9|          2|   19|         38|
    |ap_sig_allocacmp_p_load3068           |   9|          2|   19|         38|
    |ap_sig_allocacmp_p_load3070           |   9|          2|   19|         38|
    |ap_sig_allocacmp_p_load3072           |   9|          2|   19|         38|
    |ap_sig_allocacmp_p_load3074           |   9|          2|   19|         38|
    |ap_sig_allocacmp_p_load3076           |   9|          2|   19|         38|
    |ap_sig_allocacmp_p_load3078           |   9|          2|   19|         38|
    |ap_sig_allocacmp_p_load3080           |   9|          2|   19|         38|
    |ap_sig_allocacmp_p_load3082           |   9|          2|   19|         38|
    |ap_sig_allocacmp_p_load3084           |   9|          2|   19|         38|
    |ap_sig_allocacmp_p_load3086           |   9|          2|   19|         38|
    |ap_sig_allocacmp_p_load3088           |   9|          2|   19|         38|
    |ap_sig_allocacmp_p_load3090           |   9|          2|   19|         38|
    |ap_sig_allocacmp_p_load3092           |   9|          2|   19|         38|
    |ap_sig_allocacmp_p_load3094           |   9|          2|   19|         38|
    |ap_sig_allocacmp_p_load3096           |   9|          2|   19|         38|
    |ap_sig_allocacmp_p_load3098           |   9|          2|   19|         38|
    |ap_sig_allocacmp_p_load3100           |   9|          2|   19|         38|
    |ap_sig_allocacmp_p_load3102           |   9|          2|   19|         38|
    |ap_sig_allocacmp_p_load3104           |   9|          2|   19|         38|
    |ap_sig_allocacmp_p_load3106           |   9|          2|   19|         38|
    |ap_sig_allocacmp_p_load3108           |   9|          2|   19|         38|
    |ap_sig_allocacmp_p_load3110           |   9|          2|   19|         38|
    |ap_sig_allocacmp_p_load3112           |   9|          2|   19|         38|
    |ap_sig_allocacmp_p_load3114           |   9|          2|   19|         38|
    |ap_sig_allocacmp_p_load3116           |   9|          2|   19|         38|
    |ap_sig_allocacmp_p_load3118           |   9|          2|   19|         38|
    |ap_sig_allocacmp_p_load3120           |   9|          2|   19|         38|
    |ap_sig_allocacmp_p_load3122           |   9|          2|   19|         38|
    |ap_sig_allocacmp_p_load3124           |   9|          2|   19|         38|
    |ap_sig_allocacmp_p_load3126           |   9|          2|   19|         38|
    |ap_sig_allocacmp_p_load3128           |   9|          2|   19|         38|
    |ap_sig_allocacmp_p_load3130           |   9|          2|   19|         38|
    |ap_sig_allocacmp_p_load3132           |   9|          2|   19|         38|
    |ap_sig_allocacmp_p_load3134           |   9|          2|   19|         38|
    |ap_sig_allocacmp_p_load3136           |   9|          2|   19|         38|
    |ap_sig_allocacmp_p_load3138           |   9|          2|   19|         38|
    |ap_sig_allocacmp_p_load3140           |   9|          2|   19|         38|
    |ap_sig_allocacmp_p_load3142           |   9|          2|   19|         38|
    |ap_sig_allocacmp_p_load3144           |   9|          2|   19|         38|
    |ap_sig_allocacmp_p_load3146           |   9|          2|   19|         38|
    |ap_sig_allocacmp_p_load3148           |   9|          2|   19|         38|
    |ap_sig_allocacmp_p_load3150           |   9|          2|   19|         38|
    |ap_sig_allocacmp_p_load3152           |   9|          2|   19|         38|
    |ap_sig_allocacmp_p_load3154           |   9|          2|   19|         38|
    |ap_sig_allocacmp_p_load3156           |   9|          2|   19|         38|
    |ap_sig_allocacmp_p_load3158           |   9|          2|   19|         38|
    |ap_sig_allocacmp_p_load3160           |   9|          2|   19|         38|
    |ap_sig_allocacmp_p_load3162           |   9|          2|   19|         38|
    |ap_sig_allocacmp_p_load3164           |   9|          2|   19|         38|
    |ap_sig_allocacmp_p_load3166           |   9|          2|   19|         38|
    |ap_sig_allocacmp_p_load3168           |   9|          2|   19|         38|
    |ap_sig_allocacmp_p_load3170           |   9|          2|   19|         38|
    |ap_sig_allocacmp_p_load3172           |   9|          2|   19|         38|
    |ap_sig_allocacmp_p_load3174           |   9|          2|   19|         38|
    |ap_sig_allocacmp_p_load3176           |   9|          2|   19|         38|
    |ap_sig_allocacmp_p_load3178           |   9|          2|   19|         38|
    |ap_sig_allocacmp_p_load3180           |   9|          2|   19|         38|
    |ap_sig_allocacmp_p_load3182           |   9|          2|   19|         38|
    |ap_sig_allocacmp_p_load3184           |   9|          2|   19|         38|
    |ap_sig_allocacmp_p_load3186           |   9|          2|   19|         38|
    |ap_sig_allocacmp_p_load3188           |   9|          2|   19|         38|
    |ap_sig_allocacmp_p_load3190           |   9|          2|   19|         38|
    |ap_sig_allocacmp_p_load3192           |   9|          2|   19|         38|
    |ap_sig_allocacmp_p_load3194           |   9|          2|   19|         38|
    |ap_sig_allocacmp_p_load3196           |   9|          2|   19|         38|
    |ap_sig_allocacmp_p_load3198           |   9|          2|   19|         38|
    |ap_sig_allocacmp_p_load3200           |   9|          2|   19|         38|
    |ap_sig_allocacmp_p_load3202           |   9|          2|   19|         38|
    |ap_sig_allocacmp_p_load3204           |   9|          2|   19|         38|
    |ap_sig_allocacmp_p_load3206           |   9|          2|   19|         38|
    |ap_sig_allocacmp_p_load3208           |   9|          2|   19|         38|
    |ap_sig_allocacmp_p_load3210           |   9|          2|   19|         38|
    |ap_sig_allocacmp_p_load3212           |   9|          2|   19|         38|
    |ap_sig_allocacmp_p_load3214           |   9|          2|   19|         38|
    |ap_sig_allocacmp_p_load3216           |   9|          2|   19|         38|
    |ap_sig_allocacmp_p_load3218           |   9|          2|   19|         38|
    |ap_sig_allocacmp_p_load3220           |   9|          2|   19|         38|
    |ap_sig_allocacmp_p_load3222           |   9|          2|   19|         38|
    |ap_sig_allocacmp_p_load3224           |   9|          2|   19|         38|
    |ap_sig_allocacmp_p_load3226           |   9|          2|   19|         38|
    |ap_sig_allocacmp_p_load3228           |   9|          2|   19|         38|
    |ap_sig_allocacmp_p_load3230           |   9|          2|   19|         38|
    |ap_sig_allocacmp_p_load3232           |   9|          2|   19|         38|
    |ap_sig_allocacmp_p_load3234           |   9|          2|   19|         38|
    |ap_sig_allocacmp_p_load3236           |   9|          2|   19|         38|
    |ap_sig_allocacmp_p_load3238           |   9|          2|   19|         38|
    |ap_sig_allocacmp_p_load3240           |   9|          2|   19|         38|
    |ap_sig_allocacmp_p_load3242           |   9|          2|   19|         38|
    |ap_sig_allocacmp_p_load3244           |   9|          2|   19|         38|
    |ap_sig_allocacmp_p_load3246           |   9|          2|   19|         38|
    |ap_sig_allocacmp_p_load3248           |   9|          2|   19|         38|
    |ap_sig_allocacmp_p_load3250           |   9|          2|   19|         38|
    |ap_sig_allocacmp_p_load3252           |   9|          2|   19|         38|
    |ap_sig_allocacmp_p_load3254           |   9|          2|   19|         38|
    |ap_sig_allocacmp_p_load3256           |   9|          2|   19|         38|
    |ap_sig_allocacmp_p_load3258           |   9|          2|   19|         38|
    |ap_sig_allocacmp_p_load3260           |   9|          2|   19|         38|
    |ap_sig_allocacmp_p_load3262           |   9|          2|   19|         38|
    |ap_sig_allocacmp_p_load3264           |   9|          2|   19|         38|
    |ap_sig_allocacmp_p_load3266           |   9|          2|   19|         38|
    |ap_sig_allocacmp_p_load3268           |   9|          2|   19|         38|
    |ap_sig_allocacmp_p_load3270           |   9|          2|   19|         38|
    |ap_sig_allocacmp_p_load3272           |   9|          2|   19|         38|
    |ap_sig_allocacmp_p_load3274           |   9|          2|   19|         38|
    |ap_sig_allocacmp_p_load3276           |   9|          2|   19|         38|
    |ap_sig_allocacmp_p_load3278           |   9|          2|   19|         38|
    |ap_sig_allocacmp_p_load3280           |   9|          2|   19|         38|
    |ap_sig_allocacmp_p_load3282           |   9|          2|   19|         38|
    |ap_sig_allocacmp_p_load3284           |   9|          2|   19|         38|
    |ap_sig_allocacmp_p_load3286           |   9|          2|   19|         38|
    |ap_sig_allocacmp_p_load3288           |   9|          2|   19|         38|
    |ap_sig_allocacmp_p_load3290           |   9|          2|   19|         38|
    |ap_sig_allocacmp_p_load3292           |   9|          2|   19|         38|
    |ap_sig_allocacmp_p_load3294           |   9|          2|   19|         38|
    |ap_sig_allocacmp_p_load3296           |   9|          2|   19|         38|
    |ap_sig_allocacmp_p_load3298           |   9|          2|   19|         38|
    |ap_sig_allocacmp_p_load3300           |   9|          2|   19|         38|
    |ap_sig_allocacmp_p_load3302           |   9|          2|   19|         38|
    |ap_sig_allocacmp_p_load3304           |   9|          2|   19|         38|
    |ap_sig_allocacmp_p_load3306           |   9|          2|   19|         38|
    |ap_sig_allocacmp_p_load3308           |   9|          2|   19|         38|
    |ap_sig_allocacmp_p_load3310           |   9|          2|   19|         38|
    |ap_sig_allocacmp_p_load3312           |   9|          2|   19|         38|
    |ap_sig_allocacmp_p_load3314           |   9|          2|   19|         38|
    |ap_sig_allocacmp_p_load3316           |   9|          2|   19|         38|
    |ap_sig_allocacmp_p_load3318           |   9|          2|   19|         38|
    |ap_sig_allocacmp_p_load3320           |   9|          2|   19|         38|
    |ap_sig_allocacmp_p_load3322           |   9|          2|   19|         38|
    |ap_sig_allocacmp_p_load3324           |   9|          2|   19|         38|
    |ap_sig_allocacmp_p_load3326           |   9|          2|   19|         38|
    |ap_sig_allocacmp_p_load3328           |   9|          2|   19|         38|
    |ap_sig_allocacmp_p_load3330           |   9|          2|   19|         38|
    |ap_sig_allocacmp_p_load3332           |   9|          2|   19|         38|
    |ap_sig_allocacmp_p_load3334           |   9|          2|   19|         38|
    |ap_sig_allocacmp_p_load3336           |   9|          2|   19|         38|
    |ap_sig_allocacmp_p_load3338           |   9|          2|   19|         38|
    |ap_sig_allocacmp_p_load3340           |   9|          2|   19|         38|
    |ap_sig_allocacmp_p_load3342           |   9|          2|   19|         38|
    |ap_sig_allocacmp_p_load3344           |   9|          2|   19|         38|
    |ap_sig_allocacmp_p_load3346           |   9|          2|   19|         38|
    |ap_sig_allocacmp_p_load3348           |   9|          2|   19|         38|
    |ap_sig_allocacmp_p_load3350           |   9|          2|   19|         38|
    |ap_sig_allocacmp_p_load3352           |   9|          2|   19|         38|
    |ap_sig_allocacmp_p_load3354           |   9|          2|   19|         38|
    |ap_sig_allocacmp_p_load3356           |   9|          2|   19|         38|
    |ap_sig_allocacmp_p_load3358           |   9|          2|   19|         38|
    |ap_sig_allocacmp_p_load3360           |   9|          2|   19|         38|
    |ap_sig_allocacmp_p_load3362           |   9|          2|   19|         38|
    |ap_sig_allocacmp_p_load3364           |   9|          2|   19|         38|
    |ap_sig_allocacmp_p_load3366           |   9|          2|   19|         38|
    |ap_sig_allocacmp_p_load3368           |   9|          2|   19|         38|
    |ap_sig_allocacmp_p_load3370           |   9|          2|   19|         38|
    |ap_sig_allocacmp_p_load3372           |   9|          2|   19|         38|
    |ap_sig_allocacmp_p_load3374           |   9|          2|   19|         38|
    |ap_sig_allocacmp_p_load3376           |   9|          2|   19|         38|
    |ap_sig_allocacmp_p_load3378           |   9|          2|   19|         38|
    |ap_sig_allocacmp_p_load3380           |   9|          2|   19|         38|
    |ap_sig_allocacmp_p_load3382           |   9|          2|   19|         38|
    |ap_sig_allocacmp_p_load3384           |   9|          2|   19|         38|
    |ap_sig_allocacmp_p_load3386           |   9|          2|   19|         38|
    |ap_sig_allocacmp_p_load3388           |   9|          2|   19|         38|
    |ap_sig_allocacmp_p_load3390           |   9|          2|   19|         38|
    |ap_sig_allocacmp_p_load3392           |   9|          2|   19|         38|
    |ap_sig_allocacmp_p_load3394           |   9|          2|   19|         38|
    |ap_sig_allocacmp_p_load3396           |   9|          2|   19|         38|
    |ap_sig_allocacmp_p_load3398           |   9|          2|   19|         38|
    |ap_sig_allocacmp_p_load3400           |   9|          2|   19|         38|
    |ap_sig_allocacmp_p_load3402           |   9|          2|   19|         38|
    |ap_sig_allocacmp_p_load3404           |   9|          2|   19|         38|
    |ap_sig_allocacmp_p_load3406           |   9|          2|   19|         38|
    |ap_sig_allocacmp_p_load3408           |   9|          2|   19|         38|
    |ap_sig_allocacmp_p_load3410           |   9|          2|   19|         38|
    |ap_sig_allocacmp_p_load3412           |   9|          2|   19|         38|
    |ap_sig_allocacmp_p_load3414           |   9|          2|   19|         38|
    |ap_sig_allocacmp_p_load3416           |   9|          2|   19|         38|
    |ap_sig_allocacmp_p_load3418           |   9|          2|   19|         38|
    |ap_sig_allocacmp_p_load3420           |   9|          2|   19|         38|
    |ap_sig_allocacmp_p_load3422           |   9|          2|   19|         38|
    |ap_sig_allocacmp_p_load3424           |   9|          2|   19|         38|
    |ap_sig_allocacmp_p_load3426           |   9|          2|   19|         38|
    |ap_sig_allocacmp_p_load3428           |   9|          2|   19|         38|
    |ap_sig_allocacmp_p_load3430           |   9|          2|   19|         38|
    |ap_sig_allocacmp_p_load3432           |   9|          2|   19|         38|
    |ap_sig_allocacmp_p_load3434           |   9|          2|   19|         38|
    |ap_sig_allocacmp_p_load3436           |   9|          2|   19|         38|
    |ap_sig_allocacmp_p_load3438           |   9|          2|   19|         38|
    |ap_sig_allocacmp_p_load3440           |   9|          2|   19|         38|
    |ap_sig_allocacmp_p_load3442           |   9|          2|   19|         38|
    |ap_sig_allocacmp_p_load3444           |   9|          2|   19|         38|
    |ap_sig_allocacmp_p_load3446           |   9|          2|   19|         38|
    |ap_sig_allocacmp_p_load3448           |   9|          2|   19|         38|
    |ap_sig_allocacmp_p_load3450           |   9|          2|   19|         38|
    |ap_sig_allocacmp_p_load3452           |   9|          2|   19|         38|
    |ap_sig_allocacmp_p_load3454           |   9|          2|   19|         38|
    |ap_sig_allocacmp_p_load3456           |   9|          2|   19|         38|
    |ap_sig_allocacmp_p_load3458           |   9|          2|   19|         38|
    |ap_sig_allocacmp_p_load3460           |   9|          2|   19|         38|
    |ap_sig_allocacmp_p_load3462           |   9|          2|   19|         38|
    |ap_sig_allocacmp_p_load3464           |   9|          2|   19|         38|
    |ap_sig_allocacmp_p_load3466           |   9|          2|   19|         38|
    |ap_sig_allocacmp_p_load3468           |   9|          2|   19|         38|
    |ap_sig_allocacmp_p_load3470           |   9|          2|   19|         38|
    |ap_sig_allocacmp_p_load3472           |   9|          2|   19|         38|
    |ap_sig_allocacmp_p_load3474           |   9|          2|   19|         38|
    |ap_sig_allocacmp_p_load3476           |   9|          2|   19|         38|
    |ap_sig_allocacmp_p_load3478           |   9|          2|   19|         38|
    |ap_sig_allocacmp_p_load3480           |   9|          2|   19|         38|
    |ap_sig_allocacmp_p_load3482           |   9|          2|   19|         38|
    |ap_sig_allocacmp_p_load3484           |   9|          2|   19|         38|
    |ap_sig_allocacmp_p_load3486           |   9|          2|   19|         38|
    |ap_sig_allocacmp_p_load3488           |   9|          2|   19|         38|
    |ap_sig_allocacmp_p_load3490           |   9|          2|   19|         38|
    |ap_sig_allocacmp_p_load3492           |   9|          2|   19|         38|
    |ap_sig_allocacmp_p_load3494           |   9|          2|   19|         38|
    |ap_sig_allocacmp_p_load3496           |   9|          2|   19|         38|
    |ap_sig_allocacmp_p_load3498           |   9|          2|   19|         38|
    |ap_sig_allocacmp_p_load3500           |   9|          2|   19|         38|
    |ap_sig_allocacmp_p_load3502           |   9|          2|   19|         38|
    |ap_sig_allocacmp_p_load3504           |   9|          2|   19|         38|
    |ap_sig_allocacmp_p_load3506           |   9|          2|   19|         38|
    |ap_sig_allocacmp_p_load3508           |   9|          2|   19|         38|
    |ap_sig_allocacmp_p_load3510           |   9|          2|   19|         38|
    |ap_sig_allocacmp_p_load3512           |   9|          2|   19|         38|
    |ap_sig_allocacmp_p_load3514           |   9|          2|   19|         38|
    |ap_sig_allocacmp_p_load3516           |   9|          2|   19|         38|
    |ap_sig_allocacmp_p_load3518           |   9|          2|   19|         38|
    |ap_sig_allocacmp_p_load3520           |   9|          2|   19|         38|
    |ap_sig_allocacmp_p_load3522           |   9|          2|   19|         38|
    |ap_sig_allocacmp_p_load3524           |   9|          2|   19|         38|
    |ap_sig_allocacmp_p_load3526           |   9|          2|   19|         38|
    |ap_sig_allocacmp_p_load3528           |   9|          2|   19|         38|
    |ap_sig_allocacmp_p_load3530           |   9|          2|   19|         38|
    |ap_sig_allocacmp_p_load3532           |   9|          2|   19|         38|
    |ap_sig_allocacmp_p_load3534           |   9|          2|   19|         38|
    |ap_sig_allocacmp_p_load3536           |   9|          2|   19|         38|
    |ap_sig_allocacmp_p_load3538           |   9|          2|   19|         38|
    |ap_sig_allocacmp_p_load3540           |   9|          2|   19|         38|
    |ap_sig_allocacmp_p_load3542           |   9|          2|   19|         38|
    |ap_sig_allocacmp_p_load3544           |   9|          2|   19|         38|
    |ap_sig_allocacmp_p_load3546           |   9|          2|   19|         38|
    |ap_sig_allocacmp_p_load3548           |   9|          2|   19|         38|
    |ap_sig_allocacmp_p_load3550           |   9|          2|   19|         38|
    |ap_sig_allocacmp_p_load3552           |   9|          2|   19|         38|
    |ap_sig_allocacmp_p_load3554           |   9|          2|   19|         38|
    |ap_sig_allocacmp_p_load3556           |   9|          2|   19|         38|
    |ap_sig_allocacmp_p_load3558           |   9|          2|   19|         38|
    |ap_sig_allocacmp_p_load3560           |   9|          2|   19|         38|
    |ap_sig_allocacmp_p_load3562           |   9|          2|   19|         38|
    |ap_sig_allocacmp_p_load3564           |   9|          2|   19|         38|
    |ap_sig_allocacmp_p_load3566           |   9|          2|   19|         38|
    |ap_sig_allocacmp_p_load3568           |   9|          2|   19|         38|
    |ap_sig_allocacmp_p_load3570           |   9|          2|   19|         38|
    |ap_sig_allocacmp_p_load3572           |   9|          2|   19|         38|
    |ap_sig_allocacmp_p_load3574           |   9|          2|   19|         38|
    |ap_sig_allocacmp_p_load3576           |   9|          2|   19|         38|
    |ap_sig_allocacmp_p_load3578           |   9|          2|   19|         38|
    |ap_sig_allocacmp_p_load3580           |   9|          2|   19|         38|
    |ap_sig_allocacmp_p_load3582           |   9|          2|   19|         38|
    |ap_sig_allocacmp_p_load3584           |   9|          2|   19|         38|
    |ap_sig_allocacmp_p_load3586           |   9|          2|   19|         38|
    |ap_sig_allocacmp_p_load3588           |   9|          2|   19|         38|
    |ap_sig_allocacmp_p_load3590           |   9|          2|   19|         38|
    |ap_sig_allocacmp_p_load3592           |   9|          2|   19|         38|
    |ap_sig_allocacmp_p_load3594           |   9|          2|   19|         38|
    |ap_sig_allocacmp_p_load3596           |   9|          2|   19|         38|
    |ap_sig_allocacmp_p_load3598           |   9|          2|   19|         38|
    |ap_sig_allocacmp_p_load3600           |   9|          2|   19|         38|
    |ap_sig_allocacmp_p_load3602           |   9|          2|   19|         38|
    |ap_sig_allocacmp_p_load3604           |   9|          2|   19|         38|
    |ap_sig_allocacmp_p_load3606           |   9|          2|   19|         38|
    |ap_sig_allocacmp_p_load3608           |   9|          2|   19|         38|
    |ap_sig_allocacmp_p_load3610           |   9|          2|   19|         38|
    |ap_sig_allocacmp_p_load3612           |   9|          2|   19|         38|
    |ap_sig_allocacmp_p_load3614           |   9|          2|   19|         38|
    |ap_sig_allocacmp_p_load3616           |   9|          2|   19|         38|
    |ap_sig_allocacmp_p_load3618           |   9|          2|   19|         38|
    |ap_sig_allocacmp_p_load3620           |   9|          2|   19|         38|
    |ap_sig_allocacmp_p_load3622           |   9|          2|   19|         38|
    |ap_sig_allocacmp_p_load3624           |   9|          2|   19|         38|
    |ap_sig_allocacmp_p_load3626           |   9|          2|   19|         38|
    |ap_sig_allocacmp_p_load3628           |   9|          2|   19|         38|
    |ap_sig_allocacmp_p_load3630           |   9|          2|   19|         38|
    |ap_sig_allocacmp_p_load3632           |   9|          2|   19|         38|
    |ap_sig_allocacmp_p_load3634           |   9|          2|   19|         38|
    |ap_sig_allocacmp_p_load3636           |   9|          2|   19|         38|
    |ap_sig_allocacmp_p_load3638           |   9|          2|   19|         38|
    |ap_sig_allocacmp_p_load3640           |   9|          2|   19|         38|
    |ap_sig_allocacmp_p_load3642           |   9|          2|   19|         38|
    |ap_sig_allocacmp_p_load3644           |   9|          2|   19|         38|
    |ap_sig_allocacmp_p_load3646           |   9|          2|   19|         38|
    |ap_sig_allocacmp_p_load3648           |   9|          2|   19|         38|
    |ap_sig_allocacmp_p_load3650           |   9|          2|   19|         38|
    |ap_sig_allocacmp_p_load3652           |   9|          2|   19|         38|
    |ap_sig_allocacmp_p_load3654           |   9|          2|   19|         38|
    |ap_sig_allocacmp_p_load3656           |   9|          2|   19|         38|
    |ap_sig_allocacmp_p_load3658           |   9|          2|   19|         38|
    |ap_sig_allocacmp_p_load3660           |   9|          2|   19|         38|
    |ap_sig_allocacmp_p_load3662           |   9|          2|   19|         38|
    |ap_sig_allocacmp_p_load3664           |   9|          2|   19|         38|
    |ap_sig_allocacmp_p_load3666           |   9|          2|   19|         38|
    |ap_sig_allocacmp_p_load3668           |   9|          2|   19|         38|
    |ap_sig_allocacmp_p_load3670           |   9|          2|   19|         38|
    |ap_sig_allocacmp_p_load3672           |   9|          2|   19|         38|
    |ap_sig_allocacmp_p_load3674           |   9|          2|   19|         38|
    |ap_sig_allocacmp_p_load3676           |   9|          2|   19|         38|
    |ap_sig_allocacmp_p_load3678           |   9|          2|   19|         38|
    |ap_sig_allocacmp_p_load3680           |   9|          2|   19|         38|
    |ap_sig_allocacmp_p_load3682           |   9|          2|   19|         38|
    |ap_sig_allocacmp_p_load3684           |   9|          2|   19|         38|
    |ap_sig_allocacmp_p_load3686           |   9|          2|   19|         38|
    |ap_sig_allocacmp_p_load3688           |   9|          2|   19|         38|
    |ap_sig_allocacmp_p_load3690           |   9|          2|   19|         38|
    |ap_sig_allocacmp_p_load3692           |   9|          2|   19|         38|
    |ap_sig_allocacmp_p_load3694           |   9|          2|   19|         38|
    |ap_sig_allocacmp_p_load3696           |   9|          2|   19|         38|
    |ap_sig_allocacmp_p_load3698           |   9|          2|   19|         38|
    |ap_sig_allocacmp_p_load3700           |   9|          2|   19|         38|
    |ap_sig_allocacmp_p_load3702           |   9|          2|   19|         38|
    |ap_sig_allocacmp_p_load3704           |   9|          2|   19|         38|
    |ap_sig_allocacmp_p_load3706           |   9|          2|   19|         38|
    |ap_sig_allocacmp_p_load3708           |   9|          2|   19|         38|
    |ap_sig_allocacmp_p_load3710           |   9|          2|   19|         38|
    |ap_sig_allocacmp_p_load3712           |   9|          2|   19|         38|
    |ap_sig_allocacmp_p_load3714           |   9|          2|   19|         38|
    |ap_sig_allocacmp_p_load3716           |   9|          2|   19|         38|
    |ap_sig_allocacmp_p_load3718           |   9|          2|   19|         38|
    |ap_sig_allocacmp_p_load3720           |   9|          2|   19|         38|
    |ap_sig_allocacmp_p_load3722           |   9|          2|   19|         38|
    |ap_sig_allocacmp_p_load3724           |   9|          2|   19|         38|
    |ap_sig_allocacmp_p_load3726           |   9|          2|   19|         38|
    |ap_sig_allocacmp_p_load3728           |   9|          2|   19|         38|
    |ap_sig_allocacmp_p_load3730           |   9|          2|   19|         38|
    |ap_sig_allocacmp_p_load3732           |   9|          2|   19|         38|
    |ap_sig_allocacmp_p_load3734           |   9|          2|   19|         38|
    |ap_sig_allocacmp_p_load3736           |   9|          2|   19|         38|
    |ap_sig_allocacmp_p_load3738           |   9|          2|   19|         38|
    |ap_sig_allocacmp_p_load3740           |   9|          2|   19|         38|
    |ap_sig_allocacmp_p_load3742           |   9|          2|   19|         38|
    |ap_sig_allocacmp_p_load3744           |   9|          2|   19|         38|
    |ap_sig_allocacmp_p_load3746           |   9|          2|   19|         38|
    |ap_sig_allocacmp_p_load3748           |   9|          2|   19|         38|
    |ap_sig_allocacmp_p_load3750           |   9|          2|   19|         38|
    |ap_sig_allocacmp_p_load3752           |   9|          2|   19|         38|
    |ap_sig_allocacmp_p_load3754           |   9|          2|   19|         38|
    |ap_sig_allocacmp_p_load3756           |   9|          2|   19|         38|
    |ap_sig_allocacmp_p_load3758           |   9|          2|   19|         38|
    |ap_sig_allocacmp_p_load3760           |   9|          2|   19|         38|
    |ap_sig_allocacmp_p_load3762           |   9|          2|   19|         38|
    |ap_sig_allocacmp_p_load3764           |   9|          2|   19|         38|
    |ap_sig_allocacmp_p_load3766           |   9|          2|   19|         38|
    |ap_sig_allocacmp_p_load3768           |   9|          2|   19|         38|
    |ap_sig_allocacmp_p_load3770           |   9|          2|   19|         38|
    |ap_sig_allocacmp_p_load3772           |   9|          2|   19|         38|
    |ap_sig_allocacmp_p_load3774           |   9|          2|   19|         38|
    |ap_sig_allocacmp_p_load3776           |   9|          2|   19|         38|
    |ap_sig_allocacmp_p_load3778           |   9|          2|   19|         38|
    |ap_sig_allocacmp_p_load3780           |   9|          2|   19|         38|
    |ap_sig_allocacmp_p_load3782           |   9|          2|   19|         38|
    |ap_sig_allocacmp_p_load3784           |   9|          2|   19|         38|
    |ap_sig_allocacmp_p_load3786           |   9|          2|   19|         38|
    |ap_sig_allocacmp_p_load3788           |   9|          2|   19|         38|
    |ap_sig_allocacmp_p_load3790           |   9|          2|   19|         38|
    |ap_sig_allocacmp_p_load3792           |   9|          2|   19|         38|
    |ap_sig_allocacmp_p_load3794           |   9|          2|   19|         38|
    |ap_sig_allocacmp_p_load3796           |   9|          2|   19|         38|
    |ap_sig_allocacmp_p_load3798           |   9|          2|   19|         38|
    |ap_sig_allocacmp_p_load3800           |   9|          2|   19|         38|
    |ap_sig_allocacmp_p_load3802           |   9|          2|   19|         38|
    |ap_sig_allocacmp_p_load3804           |   9|          2|   19|         38|
    |ap_sig_allocacmp_p_load3806           |   9|          2|   19|         38|
    |ap_sig_allocacmp_p_load3808           |   9|          2|   19|         38|
    |ap_sig_allocacmp_p_load3810           |   9|          2|   19|         38|
    |ap_sig_allocacmp_p_load3812           |   9|          2|   19|         38|
    |ap_sig_allocacmp_p_load3814           |   9|          2|   19|         38|
    |ap_sig_allocacmp_p_load3816           |   9|          2|   19|         38|
    |ap_sig_allocacmp_p_load3818           |   9|          2|   19|         38|
    |ap_sig_allocacmp_p_load3820           |   9|          2|   19|         38|
    |ap_sig_allocacmp_p_load3822           |   9|          2|   19|         38|
    |ap_sig_allocacmp_p_load3824           |   9|          2|   19|         38|
    |ap_sig_allocacmp_p_load3826           |   9|          2|   19|         38|
    |ap_sig_allocacmp_p_load3828           |   9|          2|   19|         38|
    |ap_sig_allocacmp_p_load3830           |   9|          2|   19|         38|
    |ap_sig_allocacmp_p_load3832           |   9|          2|   19|         38|
    |ap_sig_allocacmp_p_load3834           |   9|          2|   19|         38|
    |ap_sig_allocacmp_p_load3836           |   9|          2|   19|         38|
    |ap_sig_allocacmp_p_load3838           |   9|          2|   19|         38|
    |ap_sig_allocacmp_p_load3840           |   9|          2|   19|         38|
    |ap_sig_allocacmp_p_load3842           |   9|          2|   19|         38|
    |ap_sig_allocacmp_p_load3844           |   9|          2|   19|         38|
    |ap_sig_allocacmp_p_load3846           |   9|          2|   19|         38|
    |ap_sig_allocacmp_p_load3848           |   9|          2|   19|         38|
    |ap_sig_allocacmp_p_load3850           |   9|          2|   19|         38|
    |ap_sig_allocacmp_p_load3852           |   9|          2|   19|         38|
    |ap_sig_allocacmp_p_load3854           |   9|          2|   19|         38|
    |ap_sig_allocacmp_p_load3856           |   9|          2|   19|         38|
    |ap_sig_allocacmp_p_load3858           |   9|          2|   19|         38|
    |ap_sig_allocacmp_p_load3860           |   9|          2|   19|         38|
    |ap_sig_allocacmp_p_load3862           |   9|          2|   19|         38|
    |ap_sig_allocacmp_p_load3864           |   9|          2|   19|         38|
    |ap_sig_allocacmp_p_load3866           |   9|          2|   19|         38|
    |ap_sig_allocacmp_p_load3868           |   9|          2|   19|         38|
    |ap_sig_allocacmp_p_load3870           |   9|          2|   19|         38|
    |ap_sig_allocacmp_p_load3872           |   9|          2|   19|         38|
    |ap_sig_allocacmp_p_load3874           |   9|          2|   19|         38|
    |ap_sig_allocacmp_p_load3876           |   9|          2|   19|         38|
    |ap_sig_allocacmp_p_load3878           |   9|          2|   19|         38|
    |ap_sig_allocacmp_p_load3880           |   9|          2|   19|         38|
    |ap_sig_allocacmp_p_load3882           |   9|          2|   19|         38|
    |ap_sig_allocacmp_p_load3884           |   9|          2|   19|         38|
    |ap_sig_allocacmp_p_load3886           |   9|          2|   19|         38|
    |ap_sig_allocacmp_p_load3888           |   9|          2|   19|         38|
    |ap_sig_allocacmp_p_load3890           |   9|          2|   19|         38|
    |ap_sig_allocacmp_p_load3892           |   9|          2|   19|         38|
    |ap_sig_allocacmp_p_load3894           |   9|          2|   19|         38|
    |ap_sig_allocacmp_p_load3896           |   9|          2|   19|         38|
    |ap_sig_allocacmp_p_load3898           |   9|          2|   19|         38|
    |ap_sig_allocacmp_p_load3900           |   9|          2|   19|         38|
    |ap_sig_allocacmp_p_load3902           |   9|          2|   19|         38|
    |ap_sig_allocacmp_p_load3904           |   9|          2|   19|         38|
    |ap_sig_allocacmp_p_load3906           |   9|          2|   19|         38|
    |ap_sig_allocacmp_p_load3908           |   9|          2|   19|         38|
    |ap_sig_allocacmp_p_load3910           |   9|          2|   19|         38|
    |ap_sig_allocacmp_p_load3912           |   9|          2|   19|         38|
    |ap_sig_allocacmp_p_load3914           |   9|          2|   19|         38|
    |ap_sig_allocacmp_p_load3916           |   9|          2|   19|         38|
    |ap_sig_allocacmp_p_load3918           |   9|          2|   19|         38|
    |ap_sig_allocacmp_p_load3920           |   9|          2|   19|         38|
    |empty_1000_fu_7700                    |   9|          2|   19|         38|
    |empty_1001_fu_7704                    |   9|          2|   19|         38|
    |empty_1002_fu_7708                    |   9|          2|   19|         38|
    |empty_1003_fu_7712                    |   9|          2|   19|         38|
    |empty_1004_fu_7716                    |   9|          2|   19|         38|
    |empty_1005_fu_7720                    |   9|          2|   19|         38|
    |empty_1006_fu_7724                    |   9|          2|   19|         38|
    |empty_1007_fu_7728                    |   9|          2|   19|         38|
    |empty_1008_fu_7732                    |   9|          2|   19|         38|
    |empty_1009_fu_7736                    |   9|          2|   19|         38|
    |empty_1010_fu_7740                    |   9|          2|   19|         38|
    |empty_1011_fu_7744                    |   9|          2|   19|         38|
    |empty_1012_fu_7748                    |   9|          2|   19|         38|
    |empty_1013_fu_7752                    |   9|          2|   19|         38|
    |empty_1014_fu_7756                    |   9|          2|   19|         38|
    |empty_1015_fu_7760                    |   9|          2|   19|         38|
    |empty_1016_fu_7764                    |   9|          2|   19|         38|
    |empty_1017_fu_7768                    |   9|          2|   19|         38|
    |empty_1018_fu_7772                    |   9|          2|   19|         38|
    |empty_1019_fu_7776                    |   9|          2|   19|         38|
    |empty_1020_fu_7780                    |   9|          2|   19|         38|
    |empty_1021_fu_7784                    |   9|          2|   19|         38|
    |empty_1022_fu_7788                    |   9|          2|   19|         38|
    |empty_1023_fu_7792                    |   9|          2|   19|         38|
    |empty_1024_fu_7796                    |   9|          2|   19|         38|
    |empty_1025_fu_7800                    |   9|          2|   19|         38|
    |empty_1026_fu_7804                    |   9|          2|   19|         38|
    |empty_1027_fu_7808                    |   9|          2|   19|         38|
    |empty_1028_fu_7812                    |   9|          2|   19|         38|
    |empty_1029_fu_7816                    |   9|          2|   19|         38|
    |empty_1030_fu_7820                    |   9|          2|   19|         38|
    |empty_1031_fu_7824                    |   9|          2|   19|         38|
    |empty_1032_fu_7828                    |   9|          2|   19|         38|
    |empty_1033_fu_7832                    |   9|          2|   19|         38|
    |empty_1034_fu_7836                    |   9|          2|   19|         38|
    |empty_1035_fu_7840                    |   9|          2|   19|         38|
    |empty_1036_fu_7844                    |   9|          2|   19|         38|
    |empty_1037_fu_7848                    |   9|          2|   19|         38|
    |empty_1038_fu_7852                    |   9|          2|   19|         38|
    |empty_1039_fu_7856                    |   9|          2|   19|         38|
    |empty_1040_fu_7860                    |   9|          2|   19|         38|
    |empty_1041_fu_7864                    |   9|          2|   19|         38|
    |empty_1042_fu_7868                    |   9|          2|   19|         38|
    |empty_1043_fu_7872                    |   9|          2|   19|         38|
    |empty_1044_fu_7876                    |   9|          2|   19|         38|
    |empty_1045_fu_7880                    |   9|          2|   19|         38|
    |empty_1046_fu_7884                    |   9|          2|   19|         38|
    |empty_1047_fu_7888                    |   9|          2|   19|         38|
    |empty_537_fu_5848                     |   9|          2|   19|         38|
    |empty_538_fu_5852                     |   9|          2|   19|         38|
    |empty_539_fu_5856                     |   9|          2|   19|         38|
    |empty_540_fu_5860                     |   9|          2|   19|         38|
    |empty_541_fu_5864                     |   9|          2|   19|         38|
    |empty_542_fu_5868                     |   9|          2|   19|         38|
    |empty_543_fu_5872                     |   9|          2|   19|         38|
    |empty_544_fu_5876                     |   9|          2|   19|         38|
    |empty_545_fu_5880                     |   9|          2|   19|         38|
    |empty_546_fu_5884                     |   9|          2|   19|         38|
    |empty_547_fu_5888                     |   9|          2|   19|         38|
    |empty_548_fu_5892                     |   9|          2|   19|         38|
    |empty_549_fu_5896                     |   9|          2|   19|         38|
    |empty_550_fu_5900                     |   9|          2|   19|         38|
    |empty_551_fu_5904                     |   9|          2|   19|         38|
    |empty_552_fu_5908                     |   9|          2|   19|         38|
    |empty_553_fu_5912                     |   9|          2|   19|         38|
    |empty_554_fu_5916                     |   9|          2|   19|         38|
    |empty_555_fu_5920                     |   9|          2|   19|         38|
    |empty_556_fu_5924                     |   9|          2|   19|         38|
    |empty_557_fu_5928                     |   9|          2|   19|         38|
    |empty_558_fu_5932                     |   9|          2|   19|         38|
    |empty_559_fu_5936                     |   9|          2|   19|         38|
    |empty_560_fu_5940                     |   9|          2|   19|         38|
    |empty_561_fu_5944                     |   9|          2|   19|         38|
    |empty_562_fu_5948                     |   9|          2|   19|         38|
    |empty_563_fu_5952                     |   9|          2|   19|         38|
    |empty_564_fu_5956                     |   9|          2|   19|         38|
    |empty_565_fu_5960                     |   9|          2|   19|         38|
    |empty_566_fu_5964                     |   9|          2|   19|         38|
    |empty_567_fu_5968                     |   9|          2|   19|         38|
    |empty_568_fu_5972                     |   9|          2|   19|         38|
    |empty_569_fu_5976                     |   9|          2|   19|         38|
    |empty_570_fu_5980                     |   9|          2|   19|         38|
    |empty_571_fu_5984                     |   9|          2|   19|         38|
    |empty_572_fu_5988                     |   9|          2|   19|         38|
    |empty_573_fu_5992                     |   9|          2|   19|         38|
    |empty_574_fu_5996                     |   9|          2|   19|         38|
    |empty_575_fu_6000                     |   9|          2|   19|         38|
    |empty_576_fu_6004                     |   9|          2|   19|         38|
    |empty_577_fu_6008                     |   9|          2|   19|         38|
    |empty_578_fu_6012                     |   9|          2|   19|         38|
    |empty_579_fu_6016                     |   9|          2|   19|         38|
    |empty_580_fu_6020                     |   9|          2|   19|         38|
    |empty_581_fu_6024                     |   9|          2|   19|         38|
    |empty_582_fu_6028                     |   9|          2|   19|         38|
    |empty_583_fu_6032                     |   9|          2|   19|         38|
    |empty_584_fu_6036                     |   9|          2|   19|         38|
    |empty_585_fu_6040                     |   9|          2|   19|         38|
    |empty_586_fu_6044                     |   9|          2|   19|         38|
    |empty_587_fu_6048                     |   9|          2|   19|         38|
    |empty_588_fu_6052                     |   9|          2|   19|         38|
    |empty_589_fu_6056                     |   9|          2|   19|         38|
    |empty_590_fu_6060                     |   9|          2|   19|         38|
    |empty_591_fu_6064                     |   9|          2|   19|         38|
    |empty_592_fu_6068                     |   9|          2|   19|         38|
    |empty_593_fu_6072                     |   9|          2|   19|         38|
    |empty_594_fu_6076                     |   9|          2|   19|         38|
    |empty_595_fu_6080                     |   9|          2|   19|         38|
    |empty_596_fu_6084                     |   9|          2|   19|         38|
    |empty_597_fu_6088                     |   9|          2|   19|         38|
    |empty_598_fu_6092                     |   9|          2|   19|         38|
    |empty_599_fu_6096                     |   9|          2|   19|         38|
    |empty_600_fu_6100                     |   9|          2|   19|         38|
    |empty_601_fu_6104                     |   9|          2|   19|         38|
    |empty_602_fu_6108                     |   9|          2|   19|         38|
    |empty_603_fu_6112                     |   9|          2|   19|         38|
    |empty_604_fu_6116                     |   9|          2|   19|         38|
    |empty_605_fu_6120                     |   9|          2|   19|         38|
    |empty_606_fu_6124                     |   9|          2|   19|         38|
    |empty_607_fu_6128                     |   9|          2|   19|         38|
    |empty_608_fu_6132                     |   9|          2|   19|         38|
    |empty_609_fu_6136                     |   9|          2|   19|         38|
    |empty_610_fu_6140                     |   9|          2|   19|         38|
    |empty_611_fu_6144                     |   9|          2|   19|         38|
    |empty_612_fu_6148                     |   9|          2|   19|         38|
    |empty_613_fu_6152                     |   9|          2|   19|         38|
    |empty_614_fu_6156                     |   9|          2|   19|         38|
    |empty_615_fu_6160                     |   9|          2|   19|         38|
    |empty_616_fu_6164                     |   9|          2|   19|         38|
    |empty_617_fu_6168                     |   9|          2|   19|         38|
    |empty_618_fu_6172                     |   9|          2|   19|         38|
    |empty_619_fu_6176                     |   9|          2|   19|         38|
    |empty_620_fu_6180                     |   9|          2|   19|         38|
    |empty_621_fu_6184                     |   9|          2|   19|         38|
    |empty_622_fu_6188                     |   9|          2|   19|         38|
    |empty_623_fu_6192                     |   9|          2|   19|         38|
    |empty_624_fu_6196                     |   9|          2|   19|         38|
    |empty_625_fu_6200                     |   9|          2|   19|         38|
    |empty_626_fu_6204                     |   9|          2|   19|         38|
    |empty_627_fu_6208                     |   9|          2|   19|         38|
    |empty_628_fu_6212                     |   9|          2|   19|         38|
    |empty_629_fu_6216                     |   9|          2|   19|         38|
    |empty_630_fu_6220                     |   9|          2|   19|         38|
    |empty_631_fu_6224                     |   9|          2|   19|         38|
    |empty_632_fu_6228                     |   9|          2|   19|         38|
    |empty_633_fu_6232                     |   9|          2|   19|         38|
    |empty_634_fu_6236                     |   9|          2|   19|         38|
    |empty_635_fu_6240                     |   9|          2|   19|         38|
    |empty_636_fu_6244                     |   9|          2|   19|         38|
    |empty_637_fu_6248                     |   9|          2|   19|         38|
    |empty_638_fu_6252                     |   9|          2|   19|         38|
    |empty_639_fu_6256                     |   9|          2|   19|         38|
    |empty_640_fu_6260                     |   9|          2|   19|         38|
    |empty_641_fu_6264                     |   9|          2|   19|         38|
    |empty_642_fu_6268                     |   9|          2|   19|         38|
    |empty_643_fu_6272                     |   9|          2|   19|         38|
    |empty_644_fu_6276                     |   9|          2|   19|         38|
    |empty_645_fu_6280                     |   9|          2|   19|         38|
    |empty_646_fu_6284                     |   9|          2|   19|         38|
    |empty_647_fu_6288                     |   9|          2|   19|         38|
    |empty_648_fu_6292                     |   9|          2|   19|         38|
    |empty_649_fu_6296                     |   9|          2|   19|         38|
    |empty_650_fu_6300                     |   9|          2|   19|         38|
    |empty_651_fu_6304                     |   9|          2|   19|         38|
    |empty_652_fu_6308                     |   9|          2|   19|         38|
    |empty_653_fu_6312                     |   9|          2|   19|         38|
    |empty_654_fu_6316                     |   9|          2|   19|         38|
    |empty_655_fu_6320                     |   9|          2|   19|         38|
    |empty_656_fu_6324                     |   9|          2|   19|         38|
    |empty_657_fu_6328                     |   9|          2|   19|         38|
    |empty_658_fu_6332                     |   9|          2|   19|         38|
    |empty_659_fu_6336                     |   9|          2|   19|         38|
    |empty_660_fu_6340                     |   9|          2|   19|         38|
    |empty_661_fu_6344                     |   9|          2|   19|         38|
    |empty_662_fu_6348                     |   9|          2|   19|         38|
    |empty_663_fu_6352                     |   9|          2|   19|         38|
    |empty_664_fu_6356                     |   9|          2|   19|         38|
    |empty_665_fu_6360                     |   9|          2|   19|         38|
    |empty_666_fu_6364                     |   9|          2|   19|         38|
    |empty_667_fu_6368                     |   9|          2|   19|         38|
    |empty_668_fu_6372                     |   9|          2|   19|         38|
    |empty_669_fu_6376                     |   9|          2|   19|         38|
    |empty_670_fu_6380                     |   9|          2|   19|         38|
    |empty_671_fu_6384                     |   9|          2|   19|         38|
    |empty_672_fu_6388                     |   9|          2|   19|         38|
    |empty_673_fu_6392                     |   9|          2|   19|         38|
    |empty_674_fu_6396                     |   9|          2|   19|         38|
    |empty_675_fu_6400                     |   9|          2|   19|         38|
    |empty_676_fu_6404                     |   9|          2|   19|         38|
    |empty_677_fu_6408                     |   9|          2|   19|         38|
    |empty_678_fu_6412                     |   9|          2|   19|         38|
    |empty_679_fu_6416                     |   9|          2|   19|         38|
    |empty_680_fu_6420                     |   9|          2|   19|         38|
    |empty_681_fu_6424                     |   9|          2|   19|         38|
    |empty_682_fu_6428                     |   9|          2|   19|         38|
    |empty_683_fu_6432                     |   9|          2|   19|         38|
    |empty_684_fu_6436                     |   9|          2|   19|         38|
    |empty_685_fu_6440                     |   9|          2|   19|         38|
    |empty_686_fu_6444                     |   9|          2|   19|         38|
    |empty_687_fu_6448                     |   9|          2|   19|         38|
    |empty_688_fu_6452                     |   9|          2|   19|         38|
    |empty_689_fu_6456                     |   9|          2|   19|         38|
    |empty_690_fu_6460                     |   9|          2|   19|         38|
    |empty_691_fu_6464                     |   9|          2|   19|         38|
    |empty_692_fu_6468                     |   9|          2|   19|         38|
    |empty_693_fu_6472                     |   9|          2|   19|         38|
    |empty_694_fu_6476                     |   9|          2|   19|         38|
    |empty_695_fu_6480                     |   9|          2|   19|         38|
    |empty_696_fu_6484                     |   9|          2|   19|         38|
    |empty_697_fu_6488                     |   9|          2|   19|         38|
    |empty_698_fu_6492                     |   9|          2|   19|         38|
    |empty_699_fu_6496                     |   9|          2|   19|         38|
    |empty_700_fu_6500                     |   9|          2|   19|         38|
    |empty_701_fu_6504                     |   9|          2|   19|         38|
    |empty_702_fu_6508                     |   9|          2|   19|         38|
    |empty_703_fu_6512                     |   9|          2|   19|         38|
    |empty_704_fu_6516                     |   9|          2|   19|         38|
    |empty_705_fu_6520                     |   9|          2|   19|         38|
    |empty_706_fu_6524                     |   9|          2|   19|         38|
    |empty_707_fu_6528                     |   9|          2|   19|         38|
    |empty_708_fu_6532                     |   9|          2|   19|         38|
    |empty_709_fu_6536                     |   9|          2|   19|         38|
    |empty_710_fu_6540                     |   9|          2|   19|         38|
    |empty_711_fu_6544                     |   9|          2|   19|         38|
    |empty_712_fu_6548                     |   9|          2|   19|         38|
    |empty_713_fu_6552                     |   9|          2|   19|         38|
    |empty_714_fu_6556                     |   9|          2|   19|         38|
    |empty_715_fu_6560                     |   9|          2|   19|         38|
    |empty_716_fu_6564                     |   9|          2|   19|         38|
    |empty_717_fu_6568                     |   9|          2|   19|         38|
    |empty_718_fu_6572                     |   9|          2|   19|         38|
    |empty_719_fu_6576                     |   9|          2|   19|         38|
    |empty_720_fu_6580                     |   9|          2|   19|         38|
    |empty_721_fu_6584                     |   9|          2|   19|         38|
    |empty_722_fu_6588                     |   9|          2|   19|         38|
    |empty_723_fu_6592                     |   9|          2|   19|         38|
    |empty_724_fu_6596                     |   9|          2|   19|         38|
    |empty_725_fu_6600                     |   9|          2|   19|         38|
    |empty_726_fu_6604                     |   9|          2|   19|         38|
    |empty_727_fu_6608                     |   9|          2|   19|         38|
    |empty_728_fu_6612                     |   9|          2|   19|         38|
    |empty_729_fu_6616                     |   9|          2|   19|         38|
    |empty_730_fu_6620                     |   9|          2|   19|         38|
    |empty_731_fu_6624                     |   9|          2|   19|         38|
    |empty_732_fu_6628                     |   9|          2|   19|         38|
    |empty_733_fu_6632                     |   9|          2|   19|         38|
    |empty_734_fu_6636                     |   9|          2|   19|         38|
    |empty_735_fu_6640                     |   9|          2|   19|         38|
    |empty_736_fu_6644                     |   9|          2|   19|         38|
    |empty_737_fu_6648                     |   9|          2|   19|         38|
    |empty_738_fu_6652                     |   9|          2|   19|         38|
    |empty_739_fu_6656                     |   9|          2|   19|         38|
    |empty_740_fu_6660                     |   9|          2|   19|         38|
    |empty_741_fu_6664                     |   9|          2|   19|         38|
    |empty_742_fu_6668                     |   9|          2|   19|         38|
    |empty_743_fu_6672                     |   9|          2|   19|         38|
    |empty_744_fu_6676                     |   9|          2|   19|         38|
    |empty_745_fu_6680                     |   9|          2|   19|         38|
    |empty_746_fu_6684                     |   9|          2|   19|         38|
    |empty_747_fu_6688                     |   9|          2|   19|         38|
    |empty_748_fu_6692                     |   9|          2|   19|         38|
    |empty_749_fu_6696                     |   9|          2|   19|         38|
    |empty_750_fu_6700                     |   9|          2|   19|         38|
    |empty_751_fu_6704                     |   9|          2|   19|         38|
    |empty_752_fu_6708                     |   9|          2|   19|         38|
    |empty_753_fu_6712                     |   9|          2|   19|         38|
    |empty_754_fu_6716                     |   9|          2|   19|         38|
    |empty_755_fu_6720                     |   9|          2|   19|         38|
    |empty_756_fu_6724                     |   9|          2|   19|         38|
    |empty_757_fu_6728                     |   9|          2|   19|         38|
    |empty_758_fu_6732                     |   9|          2|   19|         38|
    |empty_759_fu_6736                     |   9|          2|   19|         38|
    |empty_760_fu_6740                     |   9|          2|   19|         38|
    |empty_761_fu_6744                     |   9|          2|   19|         38|
    |empty_762_fu_6748                     |   9|          2|   19|         38|
    |empty_763_fu_6752                     |   9|          2|   19|         38|
    |empty_764_fu_6756                     |   9|          2|   19|         38|
    |empty_765_fu_6760                     |   9|          2|   19|         38|
    |empty_766_fu_6764                     |   9|          2|   19|         38|
    |empty_767_fu_6768                     |   9|          2|   19|         38|
    |empty_768_fu_6772                     |   9|          2|   19|         38|
    |empty_769_fu_6776                     |   9|          2|   19|         38|
    |empty_770_fu_6780                     |   9|          2|   19|         38|
    |empty_771_fu_6784                     |   9|          2|   19|         38|
    |empty_772_fu_6788                     |   9|          2|   19|         38|
    |empty_773_fu_6792                     |   9|          2|   19|         38|
    |empty_774_fu_6796                     |   9|          2|   19|         38|
    |empty_775_fu_6800                     |   9|          2|   19|         38|
    |empty_776_fu_6804                     |   9|          2|   19|         38|
    |empty_777_fu_6808                     |   9|          2|   19|         38|
    |empty_778_fu_6812                     |   9|          2|   19|         38|
    |empty_779_fu_6816                     |   9|          2|   19|         38|
    |empty_780_fu_6820                     |   9|          2|   19|         38|
    |empty_781_fu_6824                     |   9|          2|   19|         38|
    |empty_782_fu_6828                     |   9|          2|   19|         38|
    |empty_783_fu_6832                     |   9|          2|   19|         38|
    |empty_784_fu_6836                     |   9|          2|   19|         38|
    |empty_785_fu_6840                     |   9|          2|   19|         38|
    |empty_786_fu_6844                     |   9|          2|   19|         38|
    |empty_787_fu_6848                     |   9|          2|   19|         38|
    |empty_788_fu_6852                     |   9|          2|   19|         38|
    |empty_789_fu_6856                     |   9|          2|   19|         38|
    |empty_790_fu_6860                     |   9|          2|   19|         38|
    |empty_791_fu_6864                     |   9|          2|   19|         38|
    |empty_792_fu_6868                     |   9|          2|   19|         38|
    |empty_793_fu_6872                     |   9|          2|   19|         38|
    |empty_794_fu_6876                     |   9|          2|   19|         38|
    |empty_795_fu_6880                     |   9|          2|   19|         38|
    |empty_796_fu_6884                     |   9|          2|   19|         38|
    |empty_797_fu_6888                     |   9|          2|   19|         38|
    |empty_798_fu_6892                     |   9|          2|   19|         38|
    |empty_799_fu_6896                     |   9|          2|   19|         38|
    |empty_800_fu_6900                     |   9|          2|   19|         38|
    |empty_801_fu_6904                     |   9|          2|   19|         38|
    |empty_802_fu_6908                     |   9|          2|   19|         38|
    |empty_803_fu_6912                     |   9|          2|   19|         38|
    |empty_804_fu_6916                     |   9|          2|   19|         38|
    |empty_805_fu_6920                     |   9|          2|   19|         38|
    |empty_806_fu_6924                     |   9|          2|   19|         38|
    |empty_807_fu_6928                     |   9|          2|   19|         38|
    |empty_808_fu_6932                     |   9|          2|   19|         38|
    |empty_809_fu_6936                     |   9|          2|   19|         38|
    |empty_810_fu_6940                     |   9|          2|   19|         38|
    |empty_811_fu_6944                     |   9|          2|   19|         38|
    |empty_812_fu_6948                     |   9|          2|   19|         38|
    |empty_813_fu_6952                     |   9|          2|   19|         38|
    |empty_814_fu_6956                     |   9|          2|   19|         38|
    |empty_815_fu_6960                     |   9|          2|   19|         38|
    |empty_816_fu_6964                     |   9|          2|   19|         38|
    |empty_817_fu_6968                     |   9|          2|   19|         38|
    |empty_818_fu_6972                     |   9|          2|   19|         38|
    |empty_819_fu_6976                     |   9|          2|   19|         38|
    |empty_820_fu_6980                     |   9|          2|   19|         38|
    |empty_821_fu_6984                     |   9|          2|   19|         38|
    |empty_822_fu_6988                     |   9|          2|   19|         38|
    |empty_823_fu_6992                     |   9|          2|   19|         38|
    |empty_824_fu_6996                     |   9|          2|   19|         38|
    |empty_825_fu_7000                     |   9|          2|   19|         38|
    |empty_826_fu_7004                     |   9|          2|   19|         38|
    |empty_827_fu_7008                     |   9|          2|   19|         38|
    |empty_828_fu_7012                     |   9|          2|   19|         38|
    |empty_829_fu_7016                     |   9|          2|   19|         38|
    |empty_830_fu_7020                     |   9|          2|   19|         38|
    |empty_831_fu_7024                     |   9|          2|   19|         38|
    |empty_832_fu_7028                     |   9|          2|   19|         38|
    |empty_833_fu_7032                     |   9|          2|   19|         38|
    |empty_834_fu_7036                     |   9|          2|   19|         38|
    |empty_835_fu_7040                     |   9|          2|   19|         38|
    |empty_836_fu_7044                     |   9|          2|   19|         38|
    |empty_837_fu_7048                     |   9|          2|   19|         38|
    |empty_838_fu_7052                     |   9|          2|   19|         38|
    |empty_839_fu_7056                     |   9|          2|   19|         38|
    |empty_840_fu_7060                     |   9|          2|   19|         38|
    |empty_841_fu_7064                     |   9|          2|   19|         38|
    |empty_842_fu_7068                     |   9|          2|   19|         38|
    |empty_843_fu_7072                     |   9|          2|   19|         38|
    |empty_844_fu_7076                     |   9|          2|   19|         38|
    |empty_845_fu_7080                     |   9|          2|   19|         38|
    |empty_846_fu_7084                     |   9|          2|   19|         38|
    |empty_847_fu_7088                     |   9|          2|   19|         38|
    |empty_848_fu_7092                     |   9|          2|   19|         38|
    |empty_849_fu_7096                     |   9|          2|   19|         38|
    |empty_850_fu_7100                     |   9|          2|   19|         38|
    |empty_851_fu_7104                     |   9|          2|   19|         38|
    |empty_852_fu_7108                     |   9|          2|   19|         38|
    |empty_853_fu_7112                     |   9|          2|   19|         38|
    |empty_854_fu_7116                     |   9|          2|   19|         38|
    |empty_855_fu_7120                     |   9|          2|   19|         38|
    |empty_856_fu_7124                     |   9|          2|   19|         38|
    |empty_857_fu_7128                     |   9|          2|   19|         38|
    |empty_858_fu_7132                     |   9|          2|   19|         38|
    |empty_859_fu_7136                     |   9|          2|   19|         38|
    |empty_860_fu_7140                     |   9|          2|   19|         38|
    |empty_861_fu_7144                     |   9|          2|   19|         38|
    |empty_862_fu_7148                     |   9|          2|   19|         38|
    |empty_863_fu_7152                     |   9|          2|   19|         38|
    |empty_864_fu_7156                     |   9|          2|   19|         38|
    |empty_865_fu_7160                     |   9|          2|   19|         38|
    |empty_866_fu_7164                     |   9|          2|   19|         38|
    |empty_867_fu_7168                     |   9|          2|   19|         38|
    |empty_868_fu_7172                     |   9|          2|   19|         38|
    |empty_869_fu_7176                     |   9|          2|   19|         38|
    |empty_870_fu_7180                     |   9|          2|   19|         38|
    |empty_871_fu_7184                     |   9|          2|   19|         38|
    |empty_872_fu_7188                     |   9|          2|   19|         38|
    |empty_873_fu_7192                     |   9|          2|   19|         38|
    |empty_874_fu_7196                     |   9|          2|   19|         38|
    |empty_875_fu_7200                     |   9|          2|   19|         38|
    |empty_876_fu_7204                     |   9|          2|   19|         38|
    |empty_877_fu_7208                     |   9|          2|   19|         38|
    |empty_878_fu_7212                     |   9|          2|   19|         38|
    |empty_879_fu_7216                     |   9|          2|   19|         38|
    |empty_880_fu_7220                     |   9|          2|   19|         38|
    |empty_881_fu_7224                     |   9|          2|   19|         38|
    |empty_882_fu_7228                     |   9|          2|   19|         38|
    |empty_883_fu_7232                     |   9|          2|   19|         38|
    |empty_884_fu_7236                     |   9|          2|   19|         38|
    |empty_885_fu_7240                     |   9|          2|   19|         38|
    |empty_886_fu_7244                     |   9|          2|   19|         38|
    |empty_887_fu_7248                     |   9|          2|   19|         38|
    |empty_888_fu_7252                     |   9|          2|   19|         38|
    |empty_889_fu_7256                     |   9|          2|   19|         38|
    |empty_890_fu_7260                     |   9|          2|   19|         38|
    |empty_891_fu_7264                     |   9|          2|   19|         38|
    |empty_892_fu_7268                     |   9|          2|   19|         38|
    |empty_893_fu_7272                     |   9|          2|   19|         38|
    |empty_894_fu_7276                     |   9|          2|   19|         38|
    |empty_895_fu_7280                     |   9|          2|   19|         38|
    |empty_896_fu_7284                     |   9|          2|   19|         38|
    |empty_897_fu_7288                     |   9|          2|   19|         38|
    |empty_898_fu_7292                     |   9|          2|   19|         38|
    |empty_899_fu_7296                     |   9|          2|   19|         38|
    |empty_900_fu_7300                     |   9|          2|   19|         38|
    |empty_901_fu_7304                     |   9|          2|   19|         38|
    |empty_902_fu_7308                     |   9|          2|   19|         38|
    |empty_903_fu_7312                     |   9|          2|   19|         38|
    |empty_904_fu_7316                     |   9|          2|   19|         38|
    |empty_905_fu_7320                     |   9|          2|   19|         38|
    |empty_906_fu_7324                     |   9|          2|   19|         38|
    |empty_907_fu_7328                     |   9|          2|   19|         38|
    |empty_908_fu_7332                     |   9|          2|   19|         38|
    |empty_909_fu_7336                     |   9|          2|   19|         38|
    |empty_910_fu_7340                     |   9|          2|   19|         38|
    |empty_911_fu_7344                     |   9|          2|   19|         38|
    |empty_912_fu_7348                     |   9|          2|   19|         38|
    |empty_913_fu_7352                     |   9|          2|   19|         38|
    |empty_914_fu_7356                     |   9|          2|   19|         38|
    |empty_915_fu_7360                     |   9|          2|   19|         38|
    |empty_916_fu_7364                     |   9|          2|   19|         38|
    |empty_917_fu_7368                     |   9|          2|   19|         38|
    |empty_918_fu_7372                     |   9|          2|   19|         38|
    |empty_919_fu_7376                     |   9|          2|   19|         38|
    |empty_920_fu_7380                     |   9|          2|   19|         38|
    |empty_921_fu_7384                     |   9|          2|   19|         38|
    |empty_922_fu_7388                     |   9|          2|   19|         38|
    |empty_923_fu_7392                     |   9|          2|   19|         38|
    |empty_924_fu_7396                     |   9|          2|   19|         38|
    |empty_925_fu_7400                     |   9|          2|   19|         38|
    |empty_926_fu_7404                     |   9|          2|   19|         38|
    |empty_927_fu_7408                     |   9|          2|   19|         38|
    |empty_928_fu_7412                     |   9|          2|   19|         38|
    |empty_929_fu_7416                     |   9|          2|   19|         38|
    |empty_930_fu_7420                     |   9|          2|   19|         38|
    |empty_931_fu_7424                     |   9|          2|   19|         38|
    |empty_932_fu_7428                     |   9|          2|   19|         38|
    |empty_933_fu_7432                     |   9|          2|   19|         38|
    |empty_934_fu_7436                     |   9|          2|   19|         38|
    |empty_935_fu_7440                     |   9|          2|   19|         38|
    |empty_936_fu_7444                     |   9|          2|   19|         38|
    |empty_937_fu_7448                     |   9|          2|   19|         38|
    |empty_938_fu_7452                     |   9|          2|   19|         38|
    |empty_939_fu_7456                     |   9|          2|   19|         38|
    |empty_940_fu_7460                     |   9|          2|   19|         38|
    |empty_941_fu_7464                     |   9|          2|   19|         38|
    |empty_942_fu_7468                     |   9|          2|   19|         38|
    |empty_943_fu_7472                     |   9|          2|   19|         38|
    |empty_944_fu_7476                     |   9|          2|   19|         38|
    |empty_945_fu_7480                     |   9|          2|   19|         38|
    |empty_946_fu_7484                     |   9|          2|   19|         38|
    |empty_947_fu_7488                     |   9|          2|   19|         38|
    |empty_948_fu_7492                     |   9|          2|   19|         38|
    |empty_949_fu_7496                     |   9|          2|   19|         38|
    |empty_950_fu_7500                     |   9|          2|   19|         38|
    |empty_951_fu_7504                     |   9|          2|   19|         38|
    |empty_952_fu_7508                     |   9|          2|   19|         38|
    |empty_953_fu_7512                     |   9|          2|   19|         38|
    |empty_954_fu_7516                     |   9|          2|   19|         38|
    |empty_955_fu_7520                     |   9|          2|   19|         38|
    |empty_956_fu_7524                     |   9|          2|   19|         38|
    |empty_957_fu_7528                     |   9|          2|   19|         38|
    |empty_958_fu_7532                     |   9|          2|   19|         38|
    |empty_959_fu_7536                     |   9|          2|   19|         38|
    |empty_960_fu_7540                     |   9|          2|   19|         38|
    |empty_961_fu_7544                     |   9|          2|   19|         38|
    |empty_962_fu_7548                     |   9|          2|   19|         38|
    |empty_963_fu_7552                     |   9|          2|   19|         38|
    |empty_964_fu_7556                     |   9|          2|   19|         38|
    |empty_965_fu_7560                     |   9|          2|   19|         38|
    |empty_966_fu_7564                     |   9|          2|   19|         38|
    |empty_967_fu_7568                     |   9|          2|   19|         38|
    |empty_968_fu_7572                     |   9|          2|   19|         38|
    |empty_969_fu_7576                     |   9|          2|   19|         38|
    |empty_970_fu_7580                     |   9|          2|   19|         38|
    |empty_971_fu_7584                     |   9|          2|   19|         38|
    |empty_972_fu_7588                     |   9|          2|   19|         38|
    |empty_973_fu_7592                     |   9|          2|   19|         38|
    |empty_974_fu_7596                     |   9|          2|   19|         38|
    |empty_975_fu_7600                     |   9|          2|   19|         38|
    |empty_976_fu_7604                     |   9|          2|   19|         38|
    |empty_977_fu_7608                     |   9|          2|   19|         38|
    |empty_978_fu_7612                     |   9|          2|   19|         38|
    |empty_979_fu_7616                     |   9|          2|   19|         38|
    |empty_980_fu_7620                     |   9|          2|   19|         38|
    |empty_981_fu_7624                     |   9|          2|   19|         38|
    |empty_982_fu_7628                     |   9|          2|   19|         38|
    |empty_983_fu_7632                     |   9|          2|   19|         38|
    |empty_984_fu_7636                     |   9|          2|   19|         38|
    |empty_985_fu_7640                     |   9|          2|   19|         38|
    |empty_986_fu_7644                     |   9|          2|   19|         38|
    |empty_987_fu_7648                     |   9|          2|   19|         38|
    |empty_988_fu_7652                     |   9|          2|   19|         38|
    |empty_989_fu_7656                     |   9|          2|   19|         38|
    |empty_990_fu_7660                     |   9|          2|   19|         38|
    |empty_991_fu_7664                     |   9|          2|   19|         38|
    |empty_992_fu_7668                     |   9|          2|   19|         38|
    |empty_993_fu_7672                     |   9|          2|   19|         38|
    |empty_994_fu_7676                     |   9|          2|   19|         38|
    |empty_995_fu_7680                     |   9|          2|   19|         38|
    |empty_996_fu_7684                     |   9|          2|   19|         38|
    |empty_997_fu_7688                     |   9|          2|   19|         38|
    |empty_998_fu_7692                     |   9|          2|   19|         38|
    |empty_999_fu_7696                     |   9|          2|   19|         38|
    |empty_fu_5844                         |   9|          2|   19|         38|
    |indvar_flatten_fu_7896                |   9|          2|    4|          8|
    |kh_fu_7892                            |   9|          2|    2|          4|
    |kw_fu_5840                            |   9|          2|    2|          4|
    +--------------------------------------+----+-----------+-----+-----------+
    |Total                                 |9288|       2064|19474|      38948|
    +--------------------------------------+----+-----------+-----+-----------+

    * Register: 
    +----------------------------------+----+----+-----+-----------+
    |               Name               | FF | LUT| Bits| Const Bits|
    +----------------------------------+----+----+-----+-----------+
    |ap_CS_fsm                         |   1|   0|    1|          0|
    |ap_done_reg                       |   1|   0|    1|          0|
    |ap_enable_reg_pp0_iter1           |   1|   0|    1|          0|
    |ap_enable_reg_pp0_iter2           |   1|   0|    1|          0|
    |ap_enable_reg_pp0_iter3           |   1|   0|    1|          0|
    |ap_enable_reg_pp0_iter4           |   1|   0|    1|          0|
    |ap_loop_exit_ready_pp0_iter1_reg  |   1|   0|    1|          0|
    |ap_loop_exit_ready_pp0_iter2_reg  |   1|   0|    1|          0|
    |ap_loop_exit_ready_pp0_iter3_reg  |   1|   0|    1|          0|
    |cmp6_reg_105280                   |   1|   0|    1|          0|
    |cmp8_reg_102424                   |   1|   0|    1|          0|
    |empty_1000_fu_7700                |  19|   0|   19|          0|
    |empty_1001_fu_7704                |  19|   0|   19|          0|
    |empty_1002_fu_7708                |  19|   0|   19|          0|
    |empty_1003_fu_7712                |  19|   0|   19|          0|
    |empty_1004_fu_7716                |  19|   0|   19|          0|
    |empty_1005_fu_7720                |  19|   0|   19|          0|
    |empty_1006_fu_7724                |  19|   0|   19|          0|
    |empty_1007_fu_7728                |  19|   0|   19|          0|
    |empty_1008_fu_7732                |  19|   0|   19|          0|
    |empty_1009_fu_7736                |  19|   0|   19|          0|
    |empty_1010_fu_7740                |  19|   0|   19|          0|
    |empty_1011_fu_7744                |  19|   0|   19|          0|
    |empty_1012_fu_7748                |  19|   0|   19|          0|
    |empty_1013_fu_7752                |  19|   0|   19|          0|
    |empty_1014_fu_7756                |  19|   0|   19|          0|
    |empty_1015_fu_7760                |  19|   0|   19|          0|
    |empty_1016_fu_7764                |  19|   0|   19|          0|
    |empty_1017_fu_7768                |  19|   0|   19|          0|
    |empty_1018_fu_7772                |  19|   0|   19|          0|
    |empty_1019_fu_7776                |  19|   0|   19|          0|
    |empty_1020_fu_7780                |  19|   0|   19|          0|
    |empty_1021_fu_7784                |  19|   0|   19|          0|
    |empty_1022_fu_7788                |  19|   0|   19|          0|
    |empty_1023_fu_7792                |  19|   0|   19|          0|
    |empty_1024_fu_7796                |  19|   0|   19|          0|
    |empty_1025_fu_7800                |  19|   0|   19|          0|
    |empty_1026_fu_7804                |  19|   0|   19|          0|
    |empty_1027_fu_7808                |  19|   0|   19|          0|
    |empty_1028_fu_7812                |  19|   0|   19|          0|
    |empty_1029_fu_7816                |  19|   0|   19|          0|
    |empty_1030_fu_7820                |  19|   0|   19|          0|
    |empty_1031_fu_7824                |  19|   0|   19|          0|
    |empty_1032_fu_7828                |  19|   0|   19|          0|
    |empty_1033_fu_7832                |  19|   0|   19|          0|
    |empty_1034_fu_7836                |  19|   0|   19|          0|
    |empty_1035_fu_7840                |  19|   0|   19|          0|
    |empty_1036_fu_7844                |  19|   0|   19|          0|
    |empty_1037_fu_7848                |  19|   0|   19|          0|
    |empty_1038_fu_7852                |  19|   0|   19|          0|
    |empty_1039_fu_7856                |  19|   0|   19|          0|
    |empty_1040_fu_7860                |  19|   0|   19|          0|
    |empty_1041_fu_7864                |  19|   0|   19|          0|
    |empty_1042_fu_7868                |  19|   0|   19|          0|
    |empty_1043_fu_7872                |  19|   0|   19|          0|
    |empty_1044_fu_7876                |  19|   0|   19|          0|
    |empty_1045_fu_7880                |  19|   0|   19|          0|
    |empty_1046_fu_7884                |  19|   0|   19|          0|
    |empty_1047_fu_7888                |  19|   0|   19|          0|
    |empty_537_fu_5848                 |  19|   0|   19|          0|
    |empty_538_fu_5852                 |  19|   0|   19|          0|
    |empty_539_fu_5856                 |  19|   0|   19|          0|
    |empty_540_fu_5860                 |  19|   0|   19|          0|
    |empty_541_fu_5864                 |  19|   0|   19|          0|
    |empty_542_fu_5868                 |  19|   0|   19|          0|
    |empty_543_fu_5872                 |  19|   0|   19|          0|
    |empty_544_fu_5876                 |  19|   0|   19|          0|
    |empty_545_fu_5880                 |  19|   0|   19|          0|
    |empty_546_fu_5884                 |  19|   0|   19|          0|
    |empty_547_fu_5888                 |  19|   0|   19|          0|
    |empty_548_fu_5892                 |  19|   0|   19|          0|
    |empty_549_fu_5896                 |  19|   0|   19|          0|
    |empty_550_fu_5900                 |  19|   0|   19|          0|
    |empty_551_fu_5904                 |  19|   0|   19|          0|
    |empty_552_fu_5908                 |  19|   0|   19|          0|
    |empty_553_fu_5912                 |  19|   0|   19|          0|
    |empty_554_fu_5916                 |  19|   0|   19|          0|
    |empty_555_fu_5920                 |  19|   0|   19|          0|
    |empty_556_fu_5924                 |  19|   0|   19|          0|
    |empty_557_fu_5928                 |  19|   0|   19|          0|
    |empty_558_fu_5932                 |  19|   0|   19|          0|
    |empty_559_fu_5936                 |  19|   0|   19|          0|
    |empty_560_fu_5940                 |  19|   0|   19|          0|
    |empty_561_fu_5944                 |  19|   0|   19|          0|
    |empty_562_fu_5948                 |  19|   0|   19|          0|
    |empty_563_fu_5952                 |  19|   0|   19|          0|
    |empty_564_fu_5956                 |  19|   0|   19|          0|
    |empty_565_fu_5960                 |  19|   0|   19|          0|
    |empty_566_fu_5964                 |  19|   0|   19|          0|
    |empty_567_fu_5968                 |  19|   0|   19|          0|
    |empty_568_fu_5972                 |  19|   0|   19|          0|
    |empty_569_fu_5976                 |  19|   0|   19|          0|
    |empty_570_fu_5980                 |  19|   0|   19|          0|
    |empty_571_fu_5984                 |  19|   0|   19|          0|
    |empty_572_fu_5988                 |  19|   0|   19|          0|
    |empty_573_fu_5992                 |  19|   0|   19|          0|
    |empty_574_fu_5996                 |  19|   0|   19|          0|
    |empty_575_fu_6000                 |  19|   0|   19|          0|
    |empty_576_fu_6004                 |  19|   0|   19|          0|
    |empty_577_fu_6008                 |  19|   0|   19|          0|
    |empty_578_fu_6012                 |  19|   0|   19|          0|
    |empty_579_fu_6016                 |  19|   0|   19|          0|
    |empty_580_fu_6020                 |  19|   0|   19|          0|
    |empty_581_fu_6024                 |  19|   0|   19|          0|
    |empty_582_fu_6028                 |  19|   0|   19|          0|
    |empty_583_fu_6032                 |  19|   0|   19|          0|
    |empty_584_fu_6036                 |  19|   0|   19|          0|
    |empty_585_fu_6040                 |  19|   0|   19|          0|
    |empty_586_fu_6044                 |  19|   0|   19|          0|
    |empty_587_fu_6048                 |  19|   0|   19|          0|
    |empty_588_fu_6052                 |  19|   0|   19|          0|
    |empty_589_fu_6056                 |  19|   0|   19|          0|
    |empty_590_fu_6060                 |  19|   0|   19|          0|
    |empty_591_fu_6064                 |  19|   0|   19|          0|
    |empty_592_fu_6068                 |  19|   0|   19|          0|
    |empty_593_fu_6072                 |  19|   0|   19|          0|
    |empty_594_fu_6076                 |  19|   0|   19|          0|
    |empty_595_fu_6080                 |  19|   0|   19|          0|
    |empty_596_fu_6084                 |  19|   0|   19|          0|
    |empty_597_fu_6088                 |  19|   0|   19|          0|
    |empty_598_fu_6092                 |  19|   0|   19|          0|
    |empty_599_fu_6096                 |  19|   0|   19|          0|
    |empty_600_fu_6100                 |  19|   0|   19|          0|
    |empty_601_fu_6104                 |  19|   0|   19|          0|
    |empty_602_fu_6108                 |  19|   0|   19|          0|
    |empty_603_fu_6112                 |  19|   0|   19|          0|
    |empty_604_fu_6116                 |  19|   0|   19|          0|
    |empty_605_fu_6120                 |  19|   0|   19|          0|
    |empty_606_fu_6124                 |  19|   0|   19|          0|
    |empty_607_fu_6128                 |  19|   0|   19|          0|
    |empty_608_fu_6132                 |  19|   0|   19|          0|
    |empty_609_fu_6136                 |  19|   0|   19|          0|
    |empty_610_fu_6140                 |  19|   0|   19|          0|
    |empty_611_fu_6144                 |  19|   0|   19|          0|
    |empty_612_fu_6148                 |  19|   0|   19|          0|
    |empty_613_fu_6152                 |  19|   0|   19|          0|
    |empty_614_fu_6156                 |  19|   0|   19|          0|
    |empty_615_fu_6160                 |  19|   0|   19|          0|
    |empty_616_fu_6164                 |  19|   0|   19|          0|
    |empty_617_fu_6168                 |  19|   0|   19|          0|
    |empty_618_fu_6172                 |  19|   0|   19|          0|
    |empty_619_fu_6176                 |  19|   0|   19|          0|
    |empty_620_fu_6180                 |  19|   0|   19|          0|
    |empty_621_fu_6184                 |  19|   0|   19|          0|
    |empty_622_fu_6188                 |  19|   0|   19|          0|
    |empty_623_fu_6192                 |  19|   0|   19|          0|
    |empty_624_fu_6196                 |  19|   0|   19|          0|
    |empty_625_fu_6200                 |  19|   0|   19|          0|
    |empty_626_fu_6204                 |  19|   0|   19|          0|
    |empty_627_fu_6208                 |  19|   0|   19|          0|
    |empty_628_fu_6212                 |  19|   0|   19|          0|
    |empty_629_fu_6216                 |  19|   0|   19|          0|
    |empty_630_fu_6220                 |  19|   0|   19|          0|
    |empty_631_fu_6224                 |  19|   0|   19|          0|
    |empty_632_fu_6228                 |  19|   0|   19|          0|
    |empty_633_fu_6232                 |  19|   0|   19|          0|
    |empty_634_fu_6236                 |  19|   0|   19|          0|
    |empty_635_fu_6240                 |  19|   0|   19|          0|
    |empty_636_fu_6244                 |  19|   0|   19|          0|
    |empty_637_fu_6248                 |  19|   0|   19|          0|
    |empty_638_fu_6252                 |  19|   0|   19|          0|
    |empty_639_fu_6256                 |  19|   0|   19|          0|
    |empty_640_fu_6260                 |  19|   0|   19|          0|
    |empty_641_fu_6264                 |  19|   0|   19|          0|
    |empty_642_fu_6268                 |  19|   0|   19|          0|
    |empty_643_fu_6272                 |  19|   0|   19|          0|
    |empty_644_fu_6276                 |  19|   0|   19|          0|
    |empty_645_fu_6280                 |  19|   0|   19|          0|
    |empty_646_fu_6284                 |  19|   0|   19|          0|
    |empty_647_fu_6288                 |  19|   0|   19|          0|
    |empty_648_fu_6292                 |  19|   0|   19|          0|
    |empty_649_fu_6296                 |  19|   0|   19|          0|
    |empty_650_fu_6300                 |  19|   0|   19|          0|
    |empty_651_fu_6304                 |  19|   0|   19|          0|
    |empty_652_fu_6308                 |  19|   0|   19|          0|
    |empty_653_fu_6312                 |  19|   0|   19|          0|
    |empty_654_fu_6316                 |  19|   0|   19|          0|
    |empty_655_fu_6320                 |  19|   0|   19|          0|
    |empty_656_fu_6324                 |  19|   0|   19|          0|
    |empty_657_fu_6328                 |  19|   0|   19|          0|
    |empty_658_fu_6332                 |  19|   0|   19|          0|
    |empty_659_fu_6336                 |  19|   0|   19|          0|
    |empty_660_fu_6340                 |  19|   0|   19|          0|
    |empty_661_fu_6344                 |  19|   0|   19|          0|
    |empty_662_fu_6348                 |  19|   0|   19|          0|
    |empty_663_fu_6352                 |  19|   0|   19|          0|
    |empty_664_fu_6356                 |  19|   0|   19|          0|
    |empty_665_fu_6360                 |  19|   0|   19|          0|
    |empty_666_fu_6364                 |  19|   0|   19|          0|
    |empty_667_fu_6368                 |  19|   0|   19|          0|
    |empty_668_fu_6372                 |  19|   0|   19|          0|
    |empty_669_fu_6376                 |  19|   0|   19|          0|
    |empty_670_fu_6380                 |  19|   0|   19|          0|
    |empty_671_fu_6384                 |  19|   0|   19|          0|
    |empty_672_fu_6388                 |  19|   0|   19|          0|
    |empty_673_fu_6392                 |  19|   0|   19|          0|
    |empty_674_fu_6396                 |  19|   0|   19|          0|
    |empty_675_fu_6400                 |  19|   0|   19|          0|
    |empty_676_fu_6404                 |  19|   0|   19|          0|
    |empty_677_fu_6408                 |  19|   0|   19|          0|
    |empty_678_fu_6412                 |  19|   0|   19|          0|
    |empty_679_fu_6416                 |  19|   0|   19|          0|
    |empty_680_fu_6420                 |  19|   0|   19|          0|
    |empty_681_fu_6424                 |  19|   0|   19|          0|
    |empty_682_fu_6428                 |  19|   0|   19|          0|
    |empty_683_fu_6432                 |  19|   0|   19|          0|
    |empty_684_fu_6436                 |  19|   0|   19|          0|
    |empty_685_fu_6440                 |  19|   0|   19|          0|
    |empty_686_fu_6444                 |  19|   0|   19|          0|
    |empty_687_fu_6448                 |  19|   0|   19|          0|
    |empty_688_fu_6452                 |  19|   0|   19|          0|
    |empty_689_fu_6456                 |  19|   0|   19|          0|
    |empty_690_fu_6460                 |  19|   0|   19|          0|
    |empty_691_fu_6464                 |  19|   0|   19|          0|
    |empty_692_fu_6468                 |  19|   0|   19|          0|
    |empty_693_fu_6472                 |  19|   0|   19|          0|
    |empty_694_fu_6476                 |  19|   0|   19|          0|
    |empty_695_fu_6480                 |  19|   0|   19|          0|
    |empty_696_fu_6484                 |  19|   0|   19|          0|
    |empty_697_fu_6488                 |  19|   0|   19|          0|
    |empty_698_fu_6492                 |  19|   0|   19|          0|
    |empty_699_fu_6496                 |  19|   0|   19|          0|
    |empty_700_fu_6500                 |  19|   0|   19|          0|
    |empty_701_fu_6504                 |  19|   0|   19|          0|
    |empty_702_fu_6508                 |  19|   0|   19|          0|
    |empty_703_fu_6512                 |  19|   0|   19|          0|
    |empty_704_fu_6516                 |  19|   0|   19|          0|
    |empty_705_fu_6520                 |  19|   0|   19|          0|
    |empty_706_fu_6524                 |  19|   0|   19|          0|
    |empty_707_fu_6528                 |  19|   0|   19|          0|
    |empty_708_fu_6532                 |  19|   0|   19|          0|
    |empty_709_fu_6536                 |  19|   0|   19|          0|
    |empty_710_fu_6540                 |  19|   0|   19|          0|
    |empty_711_fu_6544                 |  19|   0|   19|          0|
    |empty_712_fu_6548                 |  19|   0|   19|          0|
    |empty_713_fu_6552                 |  19|   0|   19|          0|
    |empty_714_fu_6556                 |  19|   0|   19|          0|
    |empty_715_fu_6560                 |  19|   0|   19|          0|
    |empty_716_fu_6564                 |  19|   0|   19|          0|
    |empty_717_fu_6568                 |  19|   0|   19|          0|
    |empty_718_fu_6572                 |  19|   0|   19|          0|
    |empty_719_fu_6576                 |  19|   0|   19|          0|
    |empty_720_fu_6580                 |  19|   0|   19|          0|
    |empty_721_fu_6584                 |  19|   0|   19|          0|
    |empty_722_fu_6588                 |  19|   0|   19|          0|
    |empty_723_fu_6592                 |  19|   0|   19|          0|
    |empty_724_fu_6596                 |  19|   0|   19|          0|
    |empty_725_fu_6600                 |  19|   0|   19|          0|
    |empty_726_fu_6604                 |  19|   0|   19|          0|
    |empty_727_fu_6608                 |  19|   0|   19|          0|
    |empty_728_fu_6612                 |  19|   0|   19|          0|
    |empty_729_fu_6616                 |  19|   0|   19|          0|
    |empty_730_fu_6620                 |  19|   0|   19|          0|
    |empty_731_fu_6624                 |  19|   0|   19|          0|
    |empty_732_fu_6628                 |  19|   0|   19|          0|
    |empty_733_fu_6632                 |  19|   0|   19|          0|
    |empty_734_fu_6636                 |  19|   0|   19|          0|
    |empty_735_fu_6640                 |  19|   0|   19|          0|
    |empty_736_fu_6644                 |  19|   0|   19|          0|
    |empty_737_fu_6648                 |  19|   0|   19|          0|
    |empty_738_fu_6652                 |  19|   0|   19|          0|
    |empty_739_fu_6656                 |  19|   0|   19|          0|
    |empty_740_fu_6660                 |  19|   0|   19|          0|
    |empty_741_fu_6664                 |  19|   0|   19|          0|
    |empty_742_fu_6668                 |  19|   0|   19|          0|
    |empty_743_fu_6672                 |  19|   0|   19|          0|
    |empty_744_fu_6676                 |  19|   0|   19|          0|
    |empty_745_fu_6680                 |  19|   0|   19|          0|
    |empty_746_fu_6684                 |  19|   0|   19|          0|
    |empty_747_fu_6688                 |  19|   0|   19|          0|
    |empty_748_fu_6692                 |  19|   0|   19|          0|
    |empty_749_fu_6696                 |  19|   0|   19|          0|
    |empty_750_fu_6700                 |  19|   0|   19|          0|
    |empty_751_fu_6704                 |  19|   0|   19|          0|
    |empty_752_fu_6708                 |  19|   0|   19|          0|
    |empty_753_fu_6712                 |  19|   0|   19|          0|
    |empty_754_fu_6716                 |  19|   0|   19|          0|
    |empty_755_fu_6720                 |  19|   0|   19|          0|
    |empty_756_fu_6724                 |  19|   0|   19|          0|
    |empty_757_fu_6728                 |  19|   0|   19|          0|
    |empty_758_fu_6732                 |  19|   0|   19|          0|
    |empty_759_fu_6736                 |  19|   0|   19|          0|
    |empty_760_fu_6740                 |  19|   0|   19|          0|
    |empty_761_fu_6744                 |  19|   0|   19|          0|
    |empty_762_fu_6748                 |  19|   0|   19|          0|
    |empty_763_fu_6752                 |  19|   0|   19|          0|
    |empty_764_fu_6756                 |  19|   0|   19|          0|
    |empty_765_fu_6760                 |  19|   0|   19|          0|
    |empty_766_fu_6764                 |  19|   0|   19|          0|
    |empty_767_fu_6768                 |  19|   0|   19|          0|
    |empty_768_fu_6772                 |  19|   0|   19|          0|
    |empty_769_fu_6776                 |  19|   0|   19|          0|
    |empty_770_fu_6780                 |  19|   0|   19|          0|
    |empty_771_fu_6784                 |  19|   0|   19|          0|
    |empty_772_fu_6788                 |  19|   0|   19|          0|
    |empty_773_fu_6792                 |  19|   0|   19|          0|
    |empty_774_fu_6796                 |  19|   0|   19|          0|
    |empty_775_fu_6800                 |  19|   0|   19|          0|
    |empty_776_fu_6804                 |  19|   0|   19|          0|
    |empty_777_fu_6808                 |  19|   0|   19|          0|
    |empty_778_fu_6812                 |  19|   0|   19|          0|
    |empty_779_fu_6816                 |  19|   0|   19|          0|
    |empty_780_fu_6820                 |  19|   0|   19|          0|
    |empty_781_fu_6824                 |  19|   0|   19|          0|
    |empty_782_fu_6828                 |  19|   0|   19|          0|
    |empty_783_fu_6832                 |  19|   0|   19|          0|
    |empty_784_fu_6836                 |  19|   0|   19|          0|
    |empty_785_fu_6840                 |  19|   0|   19|          0|
    |empty_786_fu_6844                 |  19|   0|   19|          0|
    |empty_787_fu_6848                 |  19|   0|   19|          0|
    |empty_788_fu_6852                 |  19|   0|   19|          0|
    |empty_789_fu_6856                 |  19|   0|   19|          0|
    |empty_790_fu_6860                 |  19|   0|   19|          0|
    |empty_791_fu_6864                 |  19|   0|   19|          0|
    |empty_792_fu_6868                 |  19|   0|   19|          0|
    |empty_793_fu_6872                 |  19|   0|   19|          0|
    |empty_794_fu_6876                 |  19|   0|   19|          0|
    |empty_795_fu_6880                 |  19|   0|   19|          0|
    |empty_796_fu_6884                 |  19|   0|   19|          0|
    |empty_797_fu_6888                 |  19|   0|   19|          0|
    |empty_798_fu_6892                 |  19|   0|   19|          0|
    |empty_799_fu_6896                 |  19|   0|   19|          0|
    |empty_800_fu_6900                 |  19|   0|   19|          0|
    |empty_801_fu_6904                 |  19|   0|   19|          0|
    |empty_802_fu_6908                 |  19|   0|   19|          0|
    |empty_803_fu_6912                 |  19|   0|   19|          0|
    |empty_804_fu_6916                 |  19|   0|   19|          0|
    |empty_805_fu_6920                 |  19|   0|   19|          0|
    |empty_806_fu_6924                 |  19|   0|   19|          0|
    |empty_807_fu_6928                 |  19|   0|   19|          0|
    |empty_808_fu_6932                 |  19|   0|   19|          0|
    |empty_809_fu_6936                 |  19|   0|   19|          0|
    |empty_810_fu_6940                 |  19|   0|   19|          0|
    |empty_811_fu_6944                 |  19|   0|   19|          0|
    |empty_812_fu_6948                 |  19|   0|   19|          0|
    |empty_813_fu_6952                 |  19|   0|   19|          0|
    |empty_814_fu_6956                 |  19|   0|   19|          0|
    |empty_815_fu_6960                 |  19|   0|   19|          0|
    |empty_816_fu_6964                 |  19|   0|   19|          0|
    |empty_817_fu_6968                 |  19|   0|   19|          0|
    |empty_818_fu_6972                 |  19|   0|   19|          0|
    |empty_819_fu_6976                 |  19|   0|   19|          0|
    |empty_820_fu_6980                 |  19|   0|   19|          0|
    |empty_821_fu_6984                 |  19|   0|   19|          0|
    |empty_822_fu_6988                 |  19|   0|   19|          0|
    |empty_823_fu_6992                 |  19|   0|   19|          0|
    |empty_824_fu_6996                 |  19|   0|   19|          0|
    |empty_825_fu_7000                 |  19|   0|   19|          0|
    |empty_826_fu_7004                 |  19|   0|   19|          0|
    |empty_827_fu_7008                 |  19|   0|   19|          0|
    |empty_828_fu_7012                 |  19|   0|   19|          0|
    |empty_829_fu_7016                 |  19|   0|   19|          0|
    |empty_830_fu_7020                 |  19|   0|   19|          0|
    |empty_831_fu_7024                 |  19|   0|   19|          0|
    |empty_832_fu_7028                 |  19|   0|   19|          0|
    |empty_833_fu_7032                 |  19|   0|   19|          0|
    |empty_834_fu_7036                 |  19|   0|   19|          0|
    |empty_835_fu_7040                 |  19|   0|   19|          0|
    |empty_836_fu_7044                 |  19|   0|   19|          0|
    |empty_837_fu_7048                 |  19|   0|   19|          0|
    |empty_838_fu_7052                 |  19|   0|   19|          0|
    |empty_839_fu_7056                 |  19|   0|   19|          0|
    |empty_840_fu_7060                 |  19|   0|   19|          0|
    |empty_841_fu_7064                 |  19|   0|   19|          0|
    |empty_842_fu_7068                 |  19|   0|   19|          0|
    |empty_843_fu_7072                 |  19|   0|   19|          0|
    |empty_844_fu_7076                 |  19|   0|   19|          0|
    |empty_845_fu_7080                 |  19|   0|   19|          0|
    |empty_846_fu_7084                 |  19|   0|   19|          0|
    |empty_847_fu_7088                 |  19|   0|   19|          0|
    |empty_848_fu_7092                 |  19|   0|   19|          0|
    |empty_849_fu_7096                 |  19|   0|   19|          0|
    |empty_850_fu_7100                 |  19|   0|   19|          0|
    |empty_851_fu_7104                 |  19|   0|   19|          0|
    |empty_852_fu_7108                 |  19|   0|   19|          0|
    |empty_853_fu_7112                 |  19|   0|   19|          0|
    |empty_854_fu_7116                 |  19|   0|   19|          0|
    |empty_855_fu_7120                 |  19|   0|   19|          0|
    |empty_856_fu_7124                 |  19|   0|   19|          0|
    |empty_857_fu_7128                 |  19|   0|   19|          0|
    |empty_858_fu_7132                 |  19|   0|   19|          0|
    |empty_859_fu_7136                 |  19|   0|   19|          0|
    |empty_860_fu_7140                 |  19|   0|   19|          0|
    |empty_861_fu_7144                 |  19|   0|   19|          0|
    |empty_862_fu_7148                 |  19|   0|   19|          0|
    |empty_863_fu_7152                 |  19|   0|   19|          0|
    |empty_864_fu_7156                 |  19|   0|   19|          0|
    |empty_865_fu_7160                 |  19|   0|   19|          0|
    |empty_866_fu_7164                 |  19|   0|   19|          0|
    |empty_867_fu_7168                 |  19|   0|   19|          0|
    |empty_868_fu_7172                 |  19|   0|   19|          0|
    |empty_869_fu_7176                 |  19|   0|   19|          0|
    |empty_870_fu_7180                 |  19|   0|   19|          0|
    |empty_871_fu_7184                 |  19|   0|   19|          0|
    |empty_872_fu_7188                 |  19|   0|   19|          0|
    |empty_873_fu_7192                 |  19|   0|   19|          0|
    |empty_874_fu_7196                 |  19|   0|   19|          0|
    |empty_875_fu_7200                 |  19|   0|   19|          0|
    |empty_876_fu_7204                 |  19|   0|   19|          0|
    |empty_877_fu_7208                 |  19|   0|   19|          0|
    |empty_878_fu_7212                 |  19|   0|   19|          0|
    |empty_879_fu_7216                 |  19|   0|   19|          0|
    |empty_880_fu_7220                 |  19|   0|   19|          0|
    |empty_881_fu_7224                 |  19|   0|   19|          0|
    |empty_882_fu_7228                 |  19|   0|   19|          0|
    |empty_883_fu_7232                 |  19|   0|   19|          0|
    |empty_884_fu_7236                 |  19|   0|   19|          0|
    |empty_885_fu_7240                 |  19|   0|   19|          0|
    |empty_886_fu_7244                 |  19|   0|   19|          0|
    |empty_887_fu_7248                 |  19|   0|   19|          0|
    |empty_888_fu_7252                 |  19|   0|   19|          0|
    |empty_889_fu_7256                 |  19|   0|   19|          0|
    |empty_890_fu_7260                 |  19|   0|   19|          0|
    |empty_891_fu_7264                 |  19|   0|   19|          0|
    |empty_892_fu_7268                 |  19|   0|   19|          0|
    |empty_893_fu_7272                 |  19|   0|   19|          0|
    |empty_894_fu_7276                 |  19|   0|   19|          0|
    |empty_895_fu_7280                 |  19|   0|   19|          0|
    |empty_896_fu_7284                 |  19|   0|   19|          0|
    |empty_897_fu_7288                 |  19|   0|   19|          0|
    |empty_898_fu_7292                 |  19|   0|   19|          0|
    |empty_899_fu_7296                 |  19|   0|   19|          0|
    |empty_900_fu_7300                 |  19|   0|   19|          0|
    |empty_901_fu_7304                 |  19|   0|   19|          0|
    |empty_902_fu_7308                 |  19|   0|   19|          0|
    |empty_903_fu_7312                 |  19|   0|   19|          0|
    |empty_904_fu_7316                 |  19|   0|   19|          0|
    |empty_905_fu_7320                 |  19|   0|   19|          0|
    |empty_906_fu_7324                 |  19|   0|   19|          0|
    |empty_907_fu_7328                 |  19|   0|   19|          0|
    |empty_908_fu_7332                 |  19|   0|   19|          0|
    |empty_909_fu_7336                 |  19|   0|   19|          0|
    |empty_910_fu_7340                 |  19|   0|   19|          0|
    |empty_911_fu_7344                 |  19|   0|   19|          0|
    |empty_912_fu_7348                 |  19|   0|   19|          0|
    |empty_913_fu_7352                 |  19|   0|   19|          0|
    |empty_914_fu_7356                 |  19|   0|   19|          0|
    |empty_915_fu_7360                 |  19|   0|   19|          0|
    |empty_916_fu_7364                 |  19|   0|   19|          0|
    |empty_917_fu_7368                 |  19|   0|   19|          0|
    |empty_918_fu_7372                 |  19|   0|   19|          0|
    |empty_919_fu_7376                 |  19|   0|   19|          0|
    |empty_920_fu_7380                 |  19|   0|   19|          0|
    |empty_921_fu_7384                 |  19|   0|   19|          0|
    |empty_922_fu_7388                 |  19|   0|   19|          0|
    |empty_923_fu_7392                 |  19|   0|   19|          0|
    |empty_924_fu_7396                 |  19|   0|   19|          0|
    |empty_925_fu_7400                 |  19|   0|   19|          0|
    |empty_926_fu_7404                 |  19|   0|   19|          0|
    |empty_927_fu_7408                 |  19|   0|   19|          0|
    |empty_928_fu_7412                 |  19|   0|   19|          0|
    |empty_929_fu_7416                 |  19|   0|   19|          0|
    |empty_930_fu_7420                 |  19|   0|   19|          0|
    |empty_931_fu_7424                 |  19|   0|   19|          0|
    |empty_932_fu_7428                 |  19|   0|   19|          0|
    |empty_933_fu_7432                 |  19|   0|   19|          0|
    |empty_934_fu_7436                 |  19|   0|   19|          0|
    |empty_935_fu_7440                 |  19|   0|   19|          0|
    |empty_936_fu_7444                 |  19|   0|   19|          0|
    |empty_937_fu_7448                 |  19|   0|   19|          0|
    |empty_938_fu_7452                 |  19|   0|   19|          0|
    |empty_939_fu_7456                 |  19|   0|   19|          0|
    |empty_940_fu_7460                 |  19|   0|   19|          0|
    |empty_941_fu_7464                 |  19|   0|   19|          0|
    |empty_942_fu_7468                 |  19|   0|   19|          0|
    |empty_943_fu_7472                 |  19|   0|   19|          0|
    |empty_944_fu_7476                 |  19|   0|   19|          0|
    |empty_945_fu_7480                 |  19|   0|   19|          0|
    |empty_946_fu_7484                 |  19|   0|   19|          0|
    |empty_947_fu_7488                 |  19|   0|   19|          0|
    |empty_948_fu_7492                 |  19|   0|   19|          0|
    |empty_949_fu_7496                 |  19|   0|   19|          0|
    |empty_950_fu_7500                 |  19|   0|   19|          0|
    |empty_951_fu_7504                 |  19|   0|   19|          0|
    |empty_952_fu_7508                 |  19|   0|   19|          0|
    |empty_953_fu_7512                 |  19|   0|   19|          0|
    |empty_954_fu_7516                 |  19|   0|   19|          0|
    |empty_955_fu_7520                 |  19|   0|   19|          0|
    |empty_956_fu_7524                 |  19|   0|   19|          0|
    |empty_957_fu_7528                 |  19|   0|   19|          0|
    |empty_958_fu_7532                 |  19|   0|   19|          0|
    |empty_959_fu_7536                 |  19|   0|   19|          0|
    |empty_960_fu_7540                 |  19|   0|   19|          0|
    |empty_961_fu_7544                 |  19|   0|   19|          0|
    |empty_962_fu_7548                 |  19|   0|   19|          0|
    |empty_963_fu_7552                 |  19|   0|   19|          0|
    |empty_964_fu_7556                 |  19|   0|   19|          0|
    |empty_965_fu_7560                 |  19|   0|   19|          0|
    |empty_966_fu_7564                 |  19|   0|   19|          0|
    |empty_967_fu_7568                 |  19|   0|   19|          0|
    |empty_968_fu_7572                 |  19|   0|   19|          0|
    |empty_969_fu_7576                 |  19|   0|   19|          0|
    |empty_970_fu_7580                 |  19|   0|   19|          0|
    |empty_971_fu_7584                 |  19|   0|   19|          0|
    |empty_972_fu_7588                 |  19|   0|   19|          0|
    |empty_973_fu_7592                 |  19|   0|   19|          0|
    |empty_974_fu_7596                 |  19|   0|   19|          0|
    |empty_975_fu_7600                 |  19|   0|   19|          0|
    |empty_976_fu_7604                 |  19|   0|   19|          0|
    |empty_977_fu_7608                 |  19|   0|   19|          0|
    |empty_978_fu_7612                 |  19|   0|   19|          0|
    |empty_979_fu_7616                 |  19|   0|   19|          0|
    |empty_980_fu_7620                 |  19|   0|   19|          0|
    |empty_981_fu_7624                 |  19|   0|   19|          0|
    |empty_982_fu_7628                 |  19|   0|   19|          0|
    |empty_983_fu_7632                 |  19|   0|   19|          0|
    |empty_984_fu_7636                 |  19|   0|   19|          0|
    |empty_985_fu_7640                 |  19|   0|   19|          0|
    |empty_986_fu_7644                 |  19|   0|   19|          0|
    |empty_987_fu_7648                 |  19|   0|   19|          0|
    |empty_988_fu_7652                 |  19|   0|   19|          0|
    |empty_989_fu_7656                 |  19|   0|   19|          0|
    |empty_990_fu_7660                 |  19|   0|   19|          0|
    |empty_991_fu_7664                 |  19|   0|   19|          0|
    |empty_992_fu_7668                 |  19|   0|   19|          0|
    |empty_993_fu_7672                 |  19|   0|   19|          0|
    |empty_994_fu_7676                 |  19|   0|   19|          0|
    |empty_995_fu_7680                 |  19|   0|   19|          0|
    |empty_996_fu_7684                 |  19|   0|   19|          0|
    |empty_997_fu_7688                 |  19|   0|   19|          0|
    |empty_998_fu_7692                 |  19|   0|   19|          0|
    |empty_999_fu_7696                 |  19|   0|   19|          0|
    |empty_fu_5844                     |  19|   0|   19|          0|
    |icmp_ln108_reg_102932             |   1|   0|    1|          0|
    |icmp_ln111_reg_105285             |   1|   0|    1|          0|
    |indvar_flatten_fu_7896            |   4|   0|    4|          0|
    |kh_fu_7892                        |   2|   0|    2|          0|
    |kw_fu_5840                        |   2|   0|    2|          0|
    |select_ln108_1_reg_104372         |   2|   0|    2|          0|
    |select_ln108_reg_102936           |   2|   0|    2|          0|
    |icmp_ln108_reg_102932             |  64|  32|    1|          0|
    +----------------------------------+----+----+-----+-----------+
    |Total                             |9817|  32| 9754|          0|
    +----------------------------------+----+----+-----+-----------+



================================================================
== Interface
================================================================
* Summary: 
+----------------------+-----+-----+------------+-----------------------------------------------+--------------+
|       RTL Ports      | Dir | Bits|  Protocol  |                 Source Object                 |    C Type    |
+----------------------+-----+-----+------------+-----------------------------------------------+--------------+
|ap_clk                |   in|    1|  ap_ctrl_hs|  run_reduce_unified_Pipeline_DW_TAP_H_DW_TAP_W|  return value|
|ap_rst                |   in|    1|  ap_ctrl_hs|  run_reduce_unified_Pipeline_DW_TAP_H_DW_TAP_W|  return value|
|ap_start              |   in|    1|  ap_ctrl_hs|  run_reduce_unified_Pipeline_DW_TAP_H_DW_TAP_W|  return value|
|ap_done               |  out|    1|  ap_ctrl_hs|  run_reduce_unified_Pipeline_DW_TAP_H_DW_TAP_W|  return value|
|ap_idle               |  out|    1|  ap_ctrl_hs|  run_reduce_unified_Pipeline_DW_TAP_H_DW_TAP_W|  return value|
|ap_ready              |  out|    1|  ap_ctrl_hs|  run_reduce_unified_Pipeline_DW_TAP_H_DW_TAP_W|  return value|
|dw_K                  |   in|   32|     ap_none|                                           dw_K|        scalar|
|dw_patch_0_0_0_val    |   in|    8|     ap_none|                             dw_patch_0_0_0_val|        scalar|
|dw_patch_0_0_1_val    |   in|    8|     ap_none|                             dw_patch_0_0_1_val|        scalar|
|dw_patch_0_0_2_val    |   in|    8|     ap_none|                             dw_patch_0_0_2_val|        scalar|
|dw_patch_0_1_0_val    |   in|    8|     ap_none|                             dw_patch_0_1_0_val|        scalar|
|dw_patch_0_1_1_val    |   in|    8|     ap_none|                             dw_patch_0_1_1_val|        scalar|
|dw_patch_0_1_2_val    |   in|    8|     ap_none|                             dw_patch_0_1_2_val|        scalar|
|dw_patch_0_2_0_val    |   in|    8|     ap_none|                             dw_patch_0_2_0_val|        scalar|
|dw_patch_0_2_1_val    |   in|    8|     ap_none|                             dw_patch_0_2_1_val|        scalar|
|dw_patch_0_2_2_val    |   in|    8|     ap_none|                             dw_patch_0_2_2_val|        scalar|
|dw_patch_0_0_3_val    |   in|    8|     ap_none|                             dw_patch_0_0_3_val|        scalar|
|dw_patch_0_0_4_val    |   in|    8|     ap_none|                             dw_patch_0_0_4_val|        scalar|
|dw_patch_0_1_3_val    |   in|    8|     ap_none|                             dw_patch_0_1_3_val|        scalar|
|dw_patch_0_1_4_val    |   in|    8|     ap_none|                             dw_patch_0_1_4_val|        scalar|
|dw_patch_0_2_3_val    |   in|    8|     ap_none|                             dw_patch_0_2_3_val|        scalar|
|dw_patch_0_2_4_val    |   in|    8|     ap_none|                             dw_patch_0_2_4_val|        scalar|
|dw_patch_0_0_5_val    |   in|    8|     ap_none|                             dw_patch_0_0_5_val|        scalar|
|dw_patch_0_0_6_val    |   in|    8|     ap_none|                             dw_patch_0_0_6_val|        scalar|
|dw_patch_0_1_5_val    |   in|    8|     ap_none|                             dw_patch_0_1_5_val|        scalar|
|dw_patch_0_1_6_val    |   in|    8|     ap_none|                             dw_patch_0_1_6_val|        scalar|
|dw_patch_0_2_5_val    |   in|    8|     ap_none|                             dw_patch_0_2_5_val|        scalar|
|dw_patch_0_2_6_val    |   in|    8|     ap_none|                             dw_patch_0_2_6_val|        scalar|
|dw_patch_0_0_7_val    |   in|    8|     ap_none|                             dw_patch_0_0_7_val|        scalar|
|dw_patch_0_0_8_val    |   in|    8|     ap_none|                             dw_patch_0_0_8_val|        scalar|
|dw_patch_0_1_7_val    |   in|    8|     ap_none|                             dw_patch_0_1_7_val|        scalar|
|dw_patch_0_1_8_val    |   in|    8|     ap_none|                             dw_patch_0_1_8_val|        scalar|
|dw_patch_0_2_7_val    |   in|    8|     ap_none|                             dw_patch_0_2_7_val|        scalar|
|dw_patch_0_2_8_val    |   in|    8|     ap_none|                             dw_patch_0_2_8_val|        scalar|
|dw_patch_0_3_0_val    |   in|    8|     ap_none|                             dw_patch_0_3_0_val|        scalar|
|dw_patch_0_3_1_val    |   in|    8|     ap_none|                             dw_patch_0_3_1_val|        scalar|
|dw_patch_0_3_2_val    |   in|    8|     ap_none|                             dw_patch_0_3_2_val|        scalar|
|dw_patch_0_4_0_val    |   in|    8|     ap_none|                             dw_patch_0_4_0_val|        scalar|
|dw_patch_0_4_1_val    |   in|    8|     ap_none|                             dw_patch_0_4_1_val|        scalar|
|dw_patch_0_4_2_val    |   in|    8|     ap_none|                             dw_patch_0_4_2_val|        scalar|
|dw_patch_0_3_3_val    |   in|    8|     ap_none|                             dw_patch_0_3_3_val|        scalar|
|dw_patch_0_3_4_val    |   in|    8|     ap_none|                             dw_patch_0_3_4_val|        scalar|
|dw_patch_0_4_3_val    |   in|    8|     ap_none|                             dw_patch_0_4_3_val|        scalar|
|dw_patch_0_4_4_val    |   in|    8|     ap_none|                             dw_patch_0_4_4_val|        scalar|
|dw_patch_0_3_5_val    |   in|    8|     ap_none|                             dw_patch_0_3_5_val|        scalar|
|dw_patch_0_3_6_val    |   in|    8|     ap_none|                             dw_patch_0_3_6_val|        scalar|
|dw_patch_0_4_5_val    |   in|    8|     ap_none|                             dw_patch_0_4_5_val|        scalar|
|dw_patch_0_4_6_val    |   in|    8|     ap_none|                             dw_patch_0_4_6_val|        scalar|
|dw_patch_0_3_7_val    |   in|    8|     ap_none|                             dw_patch_0_3_7_val|        scalar|
|dw_patch_0_3_8_val    |   in|    8|     ap_none|                             dw_patch_0_3_8_val|        scalar|
|dw_patch_0_4_7_val    |   in|    8|     ap_none|                             dw_patch_0_4_7_val|        scalar|
|dw_patch_0_4_8_val    |   in|    8|     ap_none|                             dw_patch_0_4_8_val|        scalar|
|dw_patch_0_5_0_val    |   in|    8|     ap_none|                             dw_patch_0_5_0_val|        scalar|
|dw_patch_0_5_1_val    |   in|    8|     ap_none|                             dw_patch_0_5_1_val|        scalar|
|dw_patch_0_5_2_val    |   in|    8|     ap_none|                             dw_patch_0_5_2_val|        scalar|
|dw_patch_0_6_0_val    |   in|    8|     ap_none|                             dw_patch_0_6_0_val|        scalar|
|dw_patch_0_6_1_val    |   in|    8|     ap_none|                             dw_patch_0_6_1_val|        scalar|
|dw_patch_0_6_2_val    |   in|    8|     ap_none|                             dw_patch_0_6_2_val|        scalar|
|dw_patch_0_5_3_val    |   in|    8|     ap_none|                             dw_patch_0_5_3_val|        scalar|
|dw_patch_0_5_4_val    |   in|    8|     ap_none|                             dw_patch_0_5_4_val|        scalar|
|dw_patch_0_6_3_val    |   in|    8|     ap_none|                             dw_patch_0_6_3_val|        scalar|
|dw_patch_0_6_4_val    |   in|    8|     ap_none|                             dw_patch_0_6_4_val|        scalar|
|dw_patch_0_5_5_val    |   in|    8|     ap_none|                             dw_patch_0_5_5_val|        scalar|
|dw_patch_0_5_6_val    |   in|    8|     ap_none|                             dw_patch_0_5_6_val|        scalar|
|dw_patch_0_6_5_val    |   in|    8|     ap_none|                             dw_patch_0_6_5_val|        scalar|
|dw_patch_0_6_6_val    |   in|    8|     ap_none|                             dw_patch_0_6_6_val|        scalar|
|dw_patch_0_5_7_val    |   in|    8|     ap_none|                             dw_patch_0_5_7_val|        scalar|
|dw_patch_0_5_8_val    |   in|    8|     ap_none|                             dw_patch_0_5_8_val|        scalar|
|dw_patch_0_6_7_val    |   in|    8|     ap_none|                             dw_patch_0_6_7_val|        scalar|
|dw_patch_0_6_8_val    |   in|    8|     ap_none|                             dw_patch_0_6_8_val|        scalar|
|dw_patch_0_7_0_val    |   in|    8|     ap_none|                             dw_patch_0_7_0_val|        scalar|
|dw_patch_0_7_1_val    |   in|    8|     ap_none|                             dw_patch_0_7_1_val|        scalar|
|dw_patch_0_7_2_val    |   in|    8|     ap_none|                             dw_patch_0_7_2_val|        scalar|
|dw_patch_0_8_0_val    |   in|    8|     ap_none|                             dw_patch_0_8_0_val|        scalar|
|dw_patch_0_8_1_val    |   in|    8|     ap_none|                             dw_patch_0_8_1_val|        scalar|
|dw_patch_0_8_2_val    |   in|    8|     ap_none|                             dw_patch_0_8_2_val|        scalar|
|dw_patch_0_7_3_val    |   in|    8|     ap_none|                             dw_patch_0_7_3_val|        scalar|
|dw_patch_0_7_4_val    |   in|    8|     ap_none|                             dw_patch_0_7_4_val|        scalar|
|dw_patch_0_8_3_val    |   in|    8|     ap_none|                             dw_patch_0_8_3_val|        scalar|
|dw_patch_0_8_4_val    |   in|    8|     ap_none|                             dw_patch_0_8_4_val|        scalar|
|dw_patch_0_7_5_val    |   in|    8|     ap_none|                             dw_patch_0_7_5_val|        scalar|
|dw_patch_0_7_6_val    |   in|    8|     ap_none|                             dw_patch_0_7_6_val|        scalar|
|dw_patch_0_8_5_val    |   in|    8|     ap_none|                             dw_patch_0_8_5_val|        scalar|
|dw_patch_0_8_6_val    |   in|    8|     ap_none|                             dw_patch_0_8_6_val|        scalar|
|dw_patch_0_7_7_val    |   in|    8|     ap_none|                             dw_patch_0_7_7_val|        scalar|
|dw_patch_0_7_8_val    |   in|    8|     ap_none|                             dw_patch_0_7_8_val|        scalar|
|dw_patch_0_8_7_val    |   in|    8|     ap_none|                             dw_patch_0_8_7_val|        scalar|
|dw_patch_0_8_8_val    |   in|    8|     ap_none|                             dw_patch_0_8_8_val|        scalar|
|dw_patch_1_0_0_val    |   in|    8|     ap_none|                             dw_patch_1_0_0_val|        scalar|
|dw_patch_1_0_1_val    |   in|    8|     ap_none|                             dw_patch_1_0_1_val|        scalar|
|dw_patch_1_0_2_val    |   in|    8|     ap_none|                             dw_patch_1_0_2_val|        scalar|
|dw_patch_1_1_0_val    |   in|    8|     ap_none|                             dw_patch_1_1_0_val|        scalar|
|dw_patch_1_1_1_val    |   in|    8|     ap_none|                             dw_patch_1_1_1_val|        scalar|
|dw_patch_1_1_2_val    |   in|    8|     ap_none|                             dw_patch_1_1_2_val|        scalar|
|dw_patch_1_2_0_val    |   in|    8|     ap_none|                             dw_patch_1_2_0_val|        scalar|
|dw_patch_1_2_1_val    |   in|    8|     ap_none|                             dw_patch_1_2_1_val|        scalar|
|dw_patch_1_2_2_val    |   in|    8|     ap_none|                             dw_patch_1_2_2_val|        scalar|
|dw_patch_1_0_3_val    |   in|    8|     ap_none|                             dw_patch_1_0_3_val|        scalar|
|dw_patch_1_0_4_val    |   in|    8|     ap_none|                             dw_patch_1_0_4_val|        scalar|
|dw_patch_1_1_3_val    |   in|    8|     ap_none|                             dw_patch_1_1_3_val|        scalar|
|dw_patch_1_1_4_val    |   in|    8|     ap_none|                             dw_patch_1_1_4_val|        scalar|
|dw_patch_1_2_3_val    |   in|    8|     ap_none|                             dw_patch_1_2_3_val|        scalar|
|dw_patch_1_2_4_val    |   in|    8|     ap_none|                             dw_patch_1_2_4_val|        scalar|
|dw_patch_1_0_5_val    |   in|    8|     ap_none|                             dw_patch_1_0_5_val|        scalar|
|dw_patch_1_0_6_val    |   in|    8|     ap_none|                             dw_patch_1_0_6_val|        scalar|
|dw_patch_1_1_5_val    |   in|    8|     ap_none|                             dw_patch_1_1_5_val|        scalar|
|dw_patch_1_1_6_val    |   in|    8|     ap_none|                             dw_patch_1_1_6_val|        scalar|
|dw_patch_1_2_5_val    |   in|    8|     ap_none|                             dw_patch_1_2_5_val|        scalar|
|dw_patch_1_2_6_val    |   in|    8|     ap_none|                             dw_patch_1_2_6_val|        scalar|
|dw_patch_1_0_7_val    |   in|    8|     ap_none|                             dw_patch_1_0_7_val|        scalar|
|dw_patch_1_0_8_val    |   in|    8|     ap_none|                             dw_patch_1_0_8_val|        scalar|
|dw_patch_1_1_7_val    |   in|    8|     ap_none|                             dw_patch_1_1_7_val|        scalar|
|dw_patch_1_1_8_val    |   in|    8|     ap_none|                             dw_patch_1_1_8_val|        scalar|
|dw_patch_1_2_7_val    |   in|    8|     ap_none|                             dw_patch_1_2_7_val|        scalar|
|dw_patch_1_2_8_val    |   in|    8|     ap_none|                             dw_patch_1_2_8_val|        scalar|
|dw_patch_1_3_0_val    |   in|    8|     ap_none|                             dw_patch_1_3_0_val|        scalar|
|dw_patch_1_3_1_val    |   in|    8|     ap_none|                             dw_patch_1_3_1_val|        scalar|
|dw_patch_1_3_2_val    |   in|    8|     ap_none|                             dw_patch_1_3_2_val|        scalar|
|dw_patch_1_4_0_val    |   in|    8|     ap_none|                             dw_patch_1_4_0_val|        scalar|
|dw_patch_1_4_1_val    |   in|    8|     ap_none|                             dw_patch_1_4_1_val|        scalar|
|dw_patch_1_4_2_val    |   in|    8|     ap_none|                             dw_patch_1_4_2_val|        scalar|
|dw_patch_1_3_3_val    |   in|    8|     ap_none|                             dw_patch_1_3_3_val|        scalar|
|dw_patch_1_3_4_val    |   in|    8|     ap_none|                             dw_patch_1_3_4_val|        scalar|
|dw_patch_1_4_3_val    |   in|    8|     ap_none|                             dw_patch_1_4_3_val|        scalar|
|dw_patch_1_4_4_val    |   in|    8|     ap_none|                             dw_patch_1_4_4_val|        scalar|
|dw_patch_1_3_5_val    |   in|    8|     ap_none|                             dw_patch_1_3_5_val|        scalar|
|dw_patch_1_3_6_val    |   in|    8|     ap_none|                             dw_patch_1_3_6_val|        scalar|
|dw_patch_1_4_5_val    |   in|    8|     ap_none|                             dw_patch_1_4_5_val|        scalar|
|dw_patch_1_4_6_val    |   in|    8|     ap_none|                             dw_patch_1_4_6_val|        scalar|
|dw_patch_1_3_7_val    |   in|    8|     ap_none|                             dw_patch_1_3_7_val|        scalar|
|dw_patch_1_3_8_val    |   in|    8|     ap_none|                             dw_patch_1_3_8_val|        scalar|
|dw_patch_1_4_7_val    |   in|    8|     ap_none|                             dw_patch_1_4_7_val|        scalar|
|dw_patch_1_4_8_val    |   in|    8|     ap_none|                             dw_patch_1_4_8_val|        scalar|
|dw_patch_0_9_0_val    |   in|    8|     ap_none|                             dw_patch_0_9_0_val|        scalar|
|dw_patch_0_9_1_val    |   in|    8|     ap_none|                             dw_patch_0_9_1_val|        scalar|
|dw_patch_0_9_2_val    |   in|    8|     ap_none|                             dw_patch_0_9_2_val|        scalar|
|dw_patch_0_9_3_val    |   in|    8|     ap_none|                             dw_patch_0_9_3_val|        scalar|
|dw_patch_0_9_4_val    |   in|    8|     ap_none|                             dw_patch_0_9_4_val|        scalar|
|dw_patch_0_9_5_val    |   in|    8|     ap_none|                             dw_patch_0_9_5_val|        scalar|
|dw_patch_0_9_6_val    |   in|    8|     ap_none|                             dw_patch_0_9_6_val|        scalar|
|dw_patch_0_9_7_val    |   in|    8|     ap_none|                             dw_patch_0_9_7_val|        scalar|
|dw_patch_0_9_8_val    |   in|    8|     ap_none|                             dw_patch_0_9_8_val|        scalar|
|dw_patch_1_5_0_val    |   in|    8|     ap_none|                             dw_patch_1_5_0_val|        scalar|
|dw_patch_1_5_1_val    |   in|    8|     ap_none|                             dw_patch_1_5_1_val|        scalar|
|dw_patch_1_5_2_val    |   in|    8|     ap_none|                             dw_patch_1_5_2_val|        scalar|
|dw_patch_1_5_3_val    |   in|    8|     ap_none|                             dw_patch_1_5_3_val|        scalar|
|dw_patch_1_5_4_val    |   in|    8|     ap_none|                             dw_patch_1_5_4_val|        scalar|
|dw_patch_1_5_5_val    |   in|    8|     ap_none|                             dw_patch_1_5_5_val|        scalar|
|dw_patch_1_5_6_val    |   in|    8|     ap_none|                             dw_patch_1_5_6_val|        scalar|
|dw_patch_1_5_7_val    |   in|    8|     ap_none|                             dw_patch_1_5_7_val|        scalar|
|dw_patch_1_5_8_val    |   in|    8|     ap_none|                             dw_patch_1_5_8_val|        scalar|
|dw_patch_1_6_0_val    |   in|    8|     ap_none|                             dw_patch_1_6_0_val|        scalar|
|dw_patch_1_6_1_val    |   in|    8|     ap_none|                             dw_patch_1_6_1_val|        scalar|
|dw_patch_1_6_2_val    |   in|    8|     ap_none|                             dw_patch_1_6_2_val|        scalar|
|dw_patch_1_6_3_val    |   in|    8|     ap_none|                             dw_patch_1_6_3_val|        scalar|
|dw_patch_1_6_4_val    |   in|    8|     ap_none|                             dw_patch_1_6_4_val|        scalar|
|dw_patch_1_6_5_val    |   in|    8|     ap_none|                             dw_patch_1_6_5_val|        scalar|
|dw_patch_1_6_6_val    |   in|    8|     ap_none|                             dw_patch_1_6_6_val|        scalar|
|dw_patch_1_6_7_val    |   in|    8|     ap_none|                             dw_patch_1_6_7_val|        scalar|
|dw_patch_1_6_8_val    |   in|    8|     ap_none|                             dw_patch_1_6_8_val|        scalar|
|dw_patch_1_7_0_val    |   in|    8|     ap_none|                             dw_patch_1_7_0_val|        scalar|
|dw_patch_1_7_1_val    |   in|    8|     ap_none|                             dw_patch_1_7_1_val|        scalar|
|dw_patch_1_7_2_val    |   in|    8|     ap_none|                             dw_patch_1_7_2_val|        scalar|
|dw_patch_1_7_3_val    |   in|    8|     ap_none|                             dw_patch_1_7_3_val|        scalar|
|dw_patch_1_7_4_val    |   in|    8|     ap_none|                             dw_patch_1_7_4_val|        scalar|
|dw_patch_1_7_5_val    |   in|    8|     ap_none|                             dw_patch_1_7_5_val|        scalar|
|dw_patch_1_7_6_val    |   in|    8|     ap_none|                             dw_patch_1_7_6_val|        scalar|
|dw_patch_1_7_7_val    |   in|    8|     ap_none|                             dw_patch_1_7_7_val|        scalar|
|dw_patch_1_7_8_val    |   in|    8|     ap_none|                             dw_patch_1_7_8_val|        scalar|
|dw_patch_1_8_0_val    |   in|    8|     ap_none|                             dw_patch_1_8_0_val|        scalar|
|dw_patch_1_8_1_val    |   in|    8|     ap_none|                             dw_patch_1_8_1_val|        scalar|
|dw_patch_1_8_2_val    |   in|    8|     ap_none|                             dw_patch_1_8_2_val|        scalar|
|dw_patch_1_8_3_val    |   in|    8|     ap_none|                             dw_patch_1_8_3_val|        scalar|
|dw_patch_1_8_4_val    |   in|    8|     ap_none|                             dw_patch_1_8_4_val|        scalar|
|dw_patch_1_8_5_val    |   in|    8|     ap_none|                             dw_patch_1_8_5_val|        scalar|
|dw_patch_1_8_6_val    |   in|    8|     ap_none|                             dw_patch_1_8_6_val|        scalar|
|dw_patch_1_8_7_val    |   in|    8|     ap_none|                             dw_patch_1_8_7_val|        scalar|
|dw_patch_1_8_8_val    |   in|    8|     ap_none|                             dw_patch_1_8_8_val|        scalar|
|dw_patch_1_9_0_val    |   in|    8|     ap_none|                             dw_patch_1_9_0_val|        scalar|
|dw_patch_1_9_1_val    |   in|    8|     ap_none|                             dw_patch_1_9_1_val|        scalar|
|dw_patch_1_9_2_val    |   in|    8|     ap_none|                             dw_patch_1_9_2_val|        scalar|
|dw_patch_1_9_3_val    |   in|    8|     ap_none|                             dw_patch_1_9_3_val|        scalar|
|dw_patch_1_9_4_val    |   in|    8|     ap_none|                             dw_patch_1_9_4_val|        scalar|
|dw_patch_1_9_5_val    |   in|    8|     ap_none|                             dw_patch_1_9_5_val|        scalar|
|dw_patch_1_9_6_val    |   in|    8|     ap_none|                             dw_patch_1_9_6_val|        scalar|
|dw_patch_1_9_7_val    |   in|    8|     ap_none|                             dw_patch_1_9_7_val|        scalar|
|dw_patch_1_9_8_val    |   in|    8|     ap_none|                             dw_patch_1_9_8_val|        scalar|
|dw_patch_2_0_0_val    |   in|    8|     ap_none|                             dw_patch_2_0_0_val|        scalar|
|dw_patch_2_0_1_val    |   in|    8|     ap_none|                             dw_patch_2_0_1_val|        scalar|
|dw_patch_2_0_2_val    |   in|    8|     ap_none|                             dw_patch_2_0_2_val|        scalar|
|dw_patch_2_1_0_val    |   in|    8|     ap_none|                             dw_patch_2_1_0_val|        scalar|
|dw_patch_2_1_1_val    |   in|    8|     ap_none|                             dw_patch_2_1_1_val|        scalar|
|dw_patch_2_1_2_val    |   in|    8|     ap_none|                             dw_patch_2_1_2_val|        scalar|
|dw_patch_2_2_0_val    |   in|    8|     ap_none|                             dw_patch_2_2_0_val|        scalar|
|dw_patch_2_2_1_val    |   in|    8|     ap_none|                             dw_patch_2_2_1_val|        scalar|
|dw_patch_2_2_2_val    |   in|    8|     ap_none|                             dw_patch_2_2_2_val|        scalar|
|dw_patch_2_0_3_val    |   in|    8|     ap_none|                             dw_patch_2_0_3_val|        scalar|
|dw_patch_2_0_4_val    |   in|    8|     ap_none|                             dw_patch_2_0_4_val|        scalar|
|dw_patch_2_1_3_val    |   in|    8|     ap_none|                             dw_patch_2_1_3_val|        scalar|
|dw_patch_2_1_4_val    |   in|    8|     ap_none|                             dw_patch_2_1_4_val|        scalar|
|dw_patch_2_2_3_val    |   in|    8|     ap_none|                             dw_patch_2_2_3_val|        scalar|
|dw_patch_2_2_4_val    |   in|    8|     ap_none|                             dw_patch_2_2_4_val|        scalar|
|dw_patch_2_0_5_val    |   in|    8|     ap_none|                             dw_patch_2_0_5_val|        scalar|
|dw_patch_2_0_6_val    |   in|    8|     ap_none|                             dw_patch_2_0_6_val|        scalar|
|dw_patch_2_1_5_val    |   in|    8|     ap_none|                             dw_patch_2_1_5_val|        scalar|
|dw_patch_2_1_6_val    |   in|    8|     ap_none|                             dw_patch_2_1_6_val|        scalar|
|dw_patch_2_2_5_val    |   in|    8|     ap_none|                             dw_patch_2_2_5_val|        scalar|
|dw_patch_2_2_6_val    |   in|    8|     ap_none|                             dw_patch_2_2_6_val|        scalar|
|dw_patch_2_0_7_val    |   in|    8|     ap_none|                             dw_patch_2_0_7_val|        scalar|
|dw_patch_2_0_8_val    |   in|    8|     ap_none|                             dw_patch_2_0_8_val|        scalar|
|dw_patch_2_1_7_val    |   in|    8|     ap_none|                             dw_patch_2_1_7_val|        scalar|
|dw_patch_2_1_8_val    |   in|    8|     ap_none|                             dw_patch_2_1_8_val|        scalar|
|dw_patch_2_2_7_val    |   in|    8|     ap_none|                             dw_patch_2_2_7_val|        scalar|
|dw_patch_2_2_8_val    |   in|    8|     ap_none|                             dw_patch_2_2_8_val|        scalar|
|dw_patch_2_3_0_val    |   in|    8|     ap_none|                             dw_patch_2_3_0_val|        scalar|
|dw_patch_2_3_1_val    |   in|    8|     ap_none|                             dw_patch_2_3_1_val|        scalar|
|dw_patch_2_3_2_val    |   in|    8|     ap_none|                             dw_patch_2_3_2_val|        scalar|
|dw_patch_2_3_3_val    |   in|    8|     ap_none|                             dw_patch_2_3_3_val|        scalar|
|dw_patch_2_3_4_val    |   in|    8|     ap_none|                             dw_patch_2_3_4_val|        scalar|
|dw_patch_2_3_5_val    |   in|    8|     ap_none|                             dw_patch_2_3_5_val|        scalar|
|dw_patch_2_3_6_val    |   in|    8|     ap_none|                             dw_patch_2_3_6_val|        scalar|
|dw_patch_2_3_7_val    |   in|    8|     ap_none|                             dw_patch_2_3_7_val|        scalar|
|dw_patch_2_3_8_val    |   in|    8|     ap_none|                             dw_patch_2_3_8_val|        scalar|
|dw_patch_2_4_0_val    |   in|    8|     ap_none|                             dw_patch_2_4_0_val|        scalar|
|dw_patch_2_4_1_val    |   in|    8|     ap_none|                             dw_patch_2_4_1_val|        scalar|
|dw_patch_2_4_2_val    |   in|    8|     ap_none|                             dw_patch_2_4_2_val|        scalar|
|dw_patch_2_4_3_val    |   in|    8|     ap_none|                             dw_patch_2_4_3_val|        scalar|
|dw_patch_2_4_4_val    |   in|    8|     ap_none|                             dw_patch_2_4_4_val|        scalar|
|dw_patch_2_4_5_val    |   in|    8|     ap_none|                             dw_patch_2_4_5_val|        scalar|
|dw_patch_2_4_6_val    |   in|    8|     ap_none|                             dw_patch_2_4_6_val|        scalar|
|dw_patch_2_4_7_val    |   in|    8|     ap_none|                             dw_patch_2_4_7_val|        scalar|
|dw_patch_2_4_8_val    |   in|    8|     ap_none|                             dw_patch_2_4_8_val|        scalar|
|dw_patch_2_5_0_val    |   in|    8|     ap_none|                             dw_patch_2_5_0_val|        scalar|
|dw_patch_2_5_1_val    |   in|    8|     ap_none|                             dw_patch_2_5_1_val|        scalar|
|dw_patch_2_5_2_val    |   in|    8|     ap_none|                             dw_patch_2_5_2_val|        scalar|
|dw_patch_2_5_3_val    |   in|    8|     ap_none|                             dw_patch_2_5_3_val|        scalar|
|dw_patch_2_5_4_val    |   in|    8|     ap_none|                             dw_patch_2_5_4_val|        scalar|
|dw_patch_2_5_5_val    |   in|    8|     ap_none|                             dw_patch_2_5_5_val|        scalar|
|dw_patch_2_5_6_val    |   in|    8|     ap_none|                             dw_patch_2_5_6_val|        scalar|
|dw_patch_2_5_7_val    |   in|    8|     ap_none|                             dw_patch_2_5_7_val|        scalar|
|dw_patch_2_5_8_val    |   in|    8|     ap_none|                             dw_patch_2_5_8_val|        scalar|
|dw_patch_2_6_0_val    |   in|    8|     ap_none|                             dw_patch_2_6_0_val|        scalar|
|dw_patch_2_6_1_val    |   in|    8|     ap_none|                             dw_patch_2_6_1_val|        scalar|
|dw_patch_2_6_2_val    |   in|    8|     ap_none|                             dw_patch_2_6_2_val|        scalar|
|dw_patch_2_6_3_val    |   in|    8|     ap_none|                             dw_patch_2_6_3_val|        scalar|
|dw_patch_2_6_4_val    |   in|    8|     ap_none|                             dw_patch_2_6_4_val|        scalar|
|dw_patch_2_6_5_val    |   in|    8|     ap_none|                             dw_patch_2_6_5_val|        scalar|
|dw_patch_2_6_6_val    |   in|    8|     ap_none|                             dw_patch_2_6_6_val|        scalar|
|dw_patch_2_6_7_val    |   in|    8|     ap_none|                             dw_patch_2_6_7_val|        scalar|
|dw_patch_2_6_8_val    |   in|    8|     ap_none|                             dw_patch_2_6_8_val|        scalar|
|dw_patch_2_7_0_val    |   in|    8|     ap_none|                             dw_patch_2_7_0_val|        scalar|
|dw_patch_2_7_1_val    |   in|    8|     ap_none|                             dw_patch_2_7_1_val|        scalar|
|dw_patch_2_7_2_val    |   in|    8|     ap_none|                             dw_patch_2_7_2_val|        scalar|
|dw_patch_2_7_3_val    |   in|    8|     ap_none|                             dw_patch_2_7_3_val|        scalar|
|dw_patch_2_7_4_val    |   in|    8|     ap_none|                             dw_patch_2_7_4_val|        scalar|
|dw_patch_2_7_5_val    |   in|    8|     ap_none|                             dw_patch_2_7_5_val|        scalar|
|dw_patch_2_7_6_val    |   in|    8|     ap_none|                             dw_patch_2_7_6_val|        scalar|
|dw_patch_2_7_7_val    |   in|    8|     ap_none|                             dw_patch_2_7_7_val|        scalar|
|dw_patch_2_7_8_val    |   in|    8|     ap_none|                             dw_patch_2_7_8_val|        scalar|
|dw_patch_2_8_0_val    |   in|    8|     ap_none|                             dw_patch_2_8_0_val|        scalar|
|dw_patch_2_8_1_val    |   in|    8|     ap_none|                             dw_patch_2_8_1_val|        scalar|
|dw_patch_2_8_2_val    |   in|    8|     ap_none|                             dw_patch_2_8_2_val|        scalar|
|dw_patch_2_8_3_val    |   in|    8|     ap_none|                             dw_patch_2_8_3_val|        scalar|
|dw_patch_2_8_4_val    |   in|    8|     ap_none|                             dw_patch_2_8_4_val|        scalar|
|dw_patch_2_8_5_val    |   in|    8|     ap_none|                             dw_patch_2_8_5_val|        scalar|
|dw_patch_2_8_6_val    |   in|    8|     ap_none|                             dw_patch_2_8_6_val|        scalar|
|dw_patch_2_8_7_val    |   in|    8|     ap_none|                             dw_patch_2_8_7_val|        scalar|
|dw_patch_2_8_8_val    |   in|    8|     ap_none|                             dw_patch_2_8_8_val|        scalar|
|dw_patch_2_9_0_val    |   in|    8|     ap_none|                             dw_patch_2_9_0_val|        scalar|
|dw_patch_2_9_1_val    |   in|    8|     ap_none|                             dw_patch_2_9_1_val|        scalar|
|dw_patch_2_9_2_val    |   in|    8|     ap_none|                             dw_patch_2_9_2_val|        scalar|
|dw_patch_2_9_3_val    |   in|    8|     ap_none|                             dw_patch_2_9_3_val|        scalar|
|dw_patch_2_9_4_val    |   in|    8|     ap_none|                             dw_patch_2_9_4_val|        scalar|
|dw_patch_2_9_5_val    |   in|    8|     ap_none|                             dw_patch_2_9_5_val|        scalar|
|dw_patch_2_9_6_val    |   in|    8|     ap_none|                             dw_patch_2_9_6_val|        scalar|
|dw_patch_2_9_7_val    |   in|    8|     ap_none|                             dw_patch_2_9_7_val|        scalar|
|dw_patch_2_9_8_val    |   in|    8|     ap_none|                             dw_patch_2_9_8_val|        scalar|
|dw_patch_0_0_9_val    |   in|    8|     ap_none|                             dw_patch_0_0_9_val|        scalar|
|dw_patch_0_1_9_val    |   in|    8|     ap_none|                             dw_patch_0_1_9_val|        scalar|
|dw_patch_0_2_9_val    |   in|    8|     ap_none|                             dw_patch_0_2_9_val|        scalar|
|dw_patch_0_3_9_val    |   in|    8|     ap_none|                             dw_patch_0_3_9_val|        scalar|
|dw_patch_0_4_9_val    |   in|    8|     ap_none|                             dw_patch_0_4_9_val|        scalar|
|dw_patch_0_5_9_val    |   in|    8|     ap_none|                             dw_patch_0_5_9_val|        scalar|
|dw_patch_0_6_9_val    |   in|    8|     ap_none|                             dw_patch_0_6_9_val|        scalar|
|dw_patch_0_7_9_val    |   in|    8|     ap_none|                             dw_patch_0_7_9_val|        scalar|
|dw_patch_0_8_9_val    |   in|    8|     ap_none|                             dw_patch_0_8_9_val|        scalar|
|dw_patch_0_9_9_val    |   in|    8|     ap_none|                             dw_patch_0_9_9_val|        scalar|
|dw_patch_1_0_9_val    |   in|    8|     ap_none|                             dw_patch_1_0_9_val|        scalar|
|dw_patch_1_1_9_val    |   in|    8|     ap_none|                             dw_patch_1_1_9_val|        scalar|
|dw_patch_1_2_9_val    |   in|    8|     ap_none|                             dw_patch_1_2_9_val|        scalar|
|dw_patch_1_3_9_val    |   in|    8|     ap_none|                             dw_patch_1_3_9_val|        scalar|
|dw_patch_1_4_9_val    |   in|    8|     ap_none|                             dw_patch_1_4_9_val|        scalar|
|dw_patch_1_5_9_val    |   in|    8|     ap_none|                             dw_patch_1_5_9_val|        scalar|
|dw_patch_1_6_9_val    |   in|    8|     ap_none|                             dw_patch_1_6_9_val|        scalar|
|dw_patch_1_7_9_val    |   in|    8|     ap_none|                             dw_patch_1_7_9_val|        scalar|
|dw_patch_1_8_9_val    |   in|    8|     ap_none|                             dw_patch_1_8_9_val|        scalar|
|dw_patch_1_9_9_val    |   in|    8|     ap_none|                             dw_patch_1_9_9_val|        scalar|
|dw_patch_2_0_9_val    |   in|    8|     ap_none|                             dw_patch_2_0_9_val|        scalar|
|dw_patch_2_1_9_val    |   in|    8|     ap_none|                             dw_patch_2_1_9_val|        scalar|
|dw_patch_2_2_9_val    |   in|    8|     ap_none|                             dw_patch_2_2_9_val|        scalar|
|dw_patch_2_3_9_val    |   in|    8|     ap_none|                             dw_patch_2_3_9_val|        scalar|
|dw_patch_2_4_9_val    |   in|    8|     ap_none|                             dw_patch_2_4_9_val|        scalar|
|dw_patch_2_5_9_val    |   in|    8|     ap_none|                             dw_patch_2_5_9_val|        scalar|
|dw_patch_2_6_9_val    |   in|    8|     ap_none|                             dw_patch_2_6_9_val|        scalar|
|dw_patch_2_7_9_val    |   in|    8|     ap_none|                             dw_patch_2_7_9_val|        scalar|
|dw_patch_2_8_9_val    |   in|    8|     ap_none|                             dw_patch_2_8_9_val|        scalar|
|dw_patch_2_9_9_val    |   in|    8|     ap_none|                             dw_patch_2_9_9_val|        scalar|
|dw_patch_3_0_0_val    |   in|    8|     ap_none|                             dw_patch_3_0_0_val|        scalar|
|dw_patch_3_0_1_val    |   in|    8|     ap_none|                             dw_patch_3_0_1_val|        scalar|
|dw_patch_3_0_2_val    |   in|    8|     ap_none|                             dw_patch_3_0_2_val|        scalar|
|dw_patch_3_1_0_val    |   in|    8|     ap_none|                             dw_patch_3_1_0_val|        scalar|
|dw_patch_3_1_1_val    |   in|    8|     ap_none|                             dw_patch_3_1_1_val|        scalar|
|dw_patch_3_1_2_val    |   in|    8|     ap_none|                             dw_patch_3_1_2_val|        scalar|
|dw_patch_3_2_0_val    |   in|    8|     ap_none|                             dw_patch_3_2_0_val|        scalar|
|dw_patch_3_2_1_val    |   in|    8|     ap_none|                             dw_patch_3_2_1_val|        scalar|
|dw_patch_3_2_2_val    |   in|    8|     ap_none|                             dw_patch_3_2_2_val|        scalar|
|dw_patch_3_0_3_val    |   in|    8|     ap_none|                             dw_patch_3_0_3_val|        scalar|
|dw_patch_3_1_3_val    |   in|    8|     ap_none|                             dw_patch_3_1_3_val|        scalar|
|dw_patch_3_2_3_val    |   in|    8|     ap_none|                             dw_patch_3_2_3_val|        scalar|
|dw_patch_3_0_4_val    |   in|    8|     ap_none|                             dw_patch_3_0_4_val|        scalar|
|dw_patch_3_1_4_val    |   in|    8|     ap_none|                             dw_patch_3_1_4_val|        scalar|
|dw_patch_3_2_4_val    |   in|    8|     ap_none|                             dw_patch_3_2_4_val|        scalar|
|dw_patch_3_0_5_val    |   in|    8|     ap_none|                             dw_patch_3_0_5_val|        scalar|
|dw_patch_3_1_5_val    |   in|    8|     ap_none|                             dw_patch_3_1_5_val|        scalar|
|dw_patch_3_2_5_val    |   in|    8|     ap_none|                             dw_patch_3_2_5_val|        scalar|
|dw_patch_3_0_6_val    |   in|    8|     ap_none|                             dw_patch_3_0_6_val|        scalar|
|dw_patch_3_1_6_val    |   in|    8|     ap_none|                             dw_patch_3_1_6_val|        scalar|
|dw_patch_3_2_6_val    |   in|    8|     ap_none|                             dw_patch_3_2_6_val|        scalar|
|dw_patch_3_0_7_val    |   in|    8|     ap_none|                             dw_patch_3_0_7_val|        scalar|
|dw_patch_3_1_7_val    |   in|    8|     ap_none|                             dw_patch_3_1_7_val|        scalar|
|dw_patch_3_2_7_val    |   in|    8|     ap_none|                             dw_patch_3_2_7_val|        scalar|
|dw_patch_3_0_8_val    |   in|    8|     ap_none|                             dw_patch_3_0_8_val|        scalar|
|dw_patch_3_1_8_val    |   in|    8|     ap_none|                             dw_patch_3_1_8_val|        scalar|
|dw_patch_3_2_8_val    |   in|    8|     ap_none|                             dw_patch_3_2_8_val|        scalar|
|dw_patch_3_0_9_val    |   in|    8|     ap_none|                             dw_patch_3_0_9_val|        scalar|
|dw_patch_3_1_9_val    |   in|    8|     ap_none|                             dw_patch_3_1_9_val|        scalar|
|dw_patch_3_2_9_val    |   in|    8|     ap_none|                             dw_patch_3_2_9_val|        scalar|
|dw_patch_3_3_0_val    |   in|    8|     ap_none|                             dw_patch_3_3_0_val|        scalar|
|dw_patch_3_3_1_val    |   in|    8|     ap_none|                             dw_patch_3_3_1_val|        scalar|
|dw_patch_3_3_2_val    |   in|    8|     ap_none|                             dw_patch_3_3_2_val|        scalar|
|dw_patch_3_3_3_val    |   in|    8|     ap_none|                             dw_patch_3_3_3_val|        scalar|
|dw_patch_3_3_4_val    |   in|    8|     ap_none|                             dw_patch_3_3_4_val|        scalar|
|dw_patch_3_3_5_val    |   in|    8|     ap_none|                             dw_patch_3_3_5_val|        scalar|
|dw_patch_3_3_6_val    |   in|    8|     ap_none|                             dw_patch_3_3_6_val|        scalar|
|dw_patch_3_3_7_val    |   in|    8|     ap_none|                             dw_patch_3_3_7_val|        scalar|
|dw_patch_3_3_8_val    |   in|    8|     ap_none|                             dw_patch_3_3_8_val|        scalar|
|dw_patch_3_3_9_val    |   in|    8|     ap_none|                             dw_patch_3_3_9_val|        scalar|
|dw_patch_3_4_0_val    |   in|    8|     ap_none|                             dw_patch_3_4_0_val|        scalar|
|dw_patch_3_4_1_val    |   in|    8|     ap_none|                             dw_patch_3_4_1_val|        scalar|
|dw_patch_3_4_2_val    |   in|    8|     ap_none|                             dw_patch_3_4_2_val|        scalar|
|dw_patch_3_4_3_val    |   in|    8|     ap_none|                             dw_patch_3_4_3_val|        scalar|
|dw_patch_3_4_4_val    |   in|    8|     ap_none|                             dw_patch_3_4_4_val|        scalar|
|dw_patch_3_4_5_val    |   in|    8|     ap_none|                             dw_patch_3_4_5_val|        scalar|
|dw_patch_3_4_6_val    |   in|    8|     ap_none|                             dw_patch_3_4_6_val|        scalar|
|dw_patch_3_4_7_val    |   in|    8|     ap_none|                             dw_patch_3_4_7_val|        scalar|
|dw_patch_3_4_8_val    |   in|    8|     ap_none|                             dw_patch_3_4_8_val|        scalar|
|dw_patch_3_4_9_val    |   in|    8|     ap_none|                             dw_patch_3_4_9_val|        scalar|
|dw_patch_3_5_0_val    |   in|    8|     ap_none|                             dw_patch_3_5_0_val|        scalar|
|dw_patch_3_5_1_val    |   in|    8|     ap_none|                             dw_patch_3_5_1_val|        scalar|
|dw_patch_3_5_2_val    |   in|    8|     ap_none|                             dw_patch_3_5_2_val|        scalar|
|dw_patch_3_5_3_val    |   in|    8|     ap_none|                             dw_patch_3_5_3_val|        scalar|
|dw_patch_3_5_4_val    |   in|    8|     ap_none|                             dw_patch_3_5_4_val|        scalar|
|dw_patch_3_5_5_val    |   in|    8|     ap_none|                             dw_patch_3_5_5_val|        scalar|
|dw_patch_3_5_6_val    |   in|    8|     ap_none|                             dw_patch_3_5_6_val|        scalar|
|dw_patch_3_5_7_val    |   in|    8|     ap_none|                             dw_patch_3_5_7_val|        scalar|
|dw_patch_3_5_8_val    |   in|    8|     ap_none|                             dw_patch_3_5_8_val|        scalar|
|dw_patch_3_5_9_val    |   in|    8|     ap_none|                             dw_patch_3_5_9_val|        scalar|
|dw_patch_3_6_0_val    |   in|    8|     ap_none|                             dw_patch_3_6_0_val|        scalar|
|dw_patch_3_6_1_val    |   in|    8|     ap_none|                             dw_patch_3_6_1_val|        scalar|
|dw_patch_3_6_2_val    |   in|    8|     ap_none|                             dw_patch_3_6_2_val|        scalar|
|dw_patch_3_6_3_val    |   in|    8|     ap_none|                             dw_patch_3_6_3_val|        scalar|
|dw_patch_3_6_4_val    |   in|    8|     ap_none|                             dw_patch_3_6_4_val|        scalar|
|dw_patch_3_6_5_val    |   in|    8|     ap_none|                             dw_patch_3_6_5_val|        scalar|
|dw_patch_3_6_6_val    |   in|    8|     ap_none|                             dw_patch_3_6_6_val|        scalar|
|dw_patch_3_6_7_val    |   in|    8|     ap_none|                             dw_patch_3_6_7_val|        scalar|
|dw_patch_3_6_8_val    |   in|    8|     ap_none|                             dw_patch_3_6_8_val|        scalar|
|dw_patch_3_6_9_val    |   in|    8|     ap_none|                             dw_patch_3_6_9_val|        scalar|
|dw_patch_3_7_0_val    |   in|    8|     ap_none|                             dw_patch_3_7_0_val|        scalar|
|dw_patch_3_7_1_val    |   in|    8|     ap_none|                             dw_patch_3_7_1_val|        scalar|
|dw_patch_3_7_2_val    |   in|    8|     ap_none|                             dw_patch_3_7_2_val|        scalar|
|dw_patch_3_7_3_val    |   in|    8|     ap_none|                             dw_patch_3_7_3_val|        scalar|
|dw_patch_3_7_4_val    |   in|    8|     ap_none|                             dw_patch_3_7_4_val|        scalar|
|dw_patch_3_7_5_val    |   in|    8|     ap_none|                             dw_patch_3_7_5_val|        scalar|
|dw_patch_3_7_6_val    |   in|    8|     ap_none|                             dw_patch_3_7_6_val|        scalar|
|dw_patch_3_7_7_val    |   in|    8|     ap_none|                             dw_patch_3_7_7_val|        scalar|
|dw_patch_3_7_8_val    |   in|    8|     ap_none|                             dw_patch_3_7_8_val|        scalar|
|dw_patch_3_7_9_val    |   in|    8|     ap_none|                             dw_patch_3_7_9_val|        scalar|
|dw_patch_3_8_0_val    |   in|    8|     ap_none|                             dw_patch_3_8_0_val|        scalar|
|dw_patch_3_8_1_val    |   in|    8|     ap_none|                             dw_patch_3_8_1_val|        scalar|
|dw_patch_3_8_2_val    |   in|    8|     ap_none|                             dw_patch_3_8_2_val|        scalar|
|dw_patch_3_8_3_val    |   in|    8|     ap_none|                             dw_patch_3_8_3_val|        scalar|
|dw_patch_3_8_4_val    |   in|    8|     ap_none|                             dw_patch_3_8_4_val|        scalar|
|dw_patch_3_8_5_val    |   in|    8|     ap_none|                             dw_patch_3_8_5_val|        scalar|
|dw_patch_3_8_6_val    |   in|    8|     ap_none|                             dw_patch_3_8_6_val|        scalar|
|dw_patch_3_8_7_val    |   in|    8|     ap_none|                             dw_patch_3_8_7_val|        scalar|
|dw_patch_3_8_8_val    |   in|    8|     ap_none|                             dw_patch_3_8_8_val|        scalar|
|dw_patch_3_8_9_val    |   in|    8|     ap_none|                             dw_patch_3_8_9_val|        scalar|
|dw_patch_3_9_0_val    |   in|    8|     ap_none|                             dw_patch_3_9_0_val|        scalar|
|dw_patch_3_9_1_val    |   in|    8|     ap_none|                             dw_patch_3_9_1_val|        scalar|
|dw_patch_3_9_2_val    |   in|    8|     ap_none|                             dw_patch_3_9_2_val|        scalar|
|dw_patch_3_9_3_val    |   in|    8|     ap_none|                             dw_patch_3_9_3_val|        scalar|
|dw_patch_3_9_4_val    |   in|    8|     ap_none|                             dw_patch_3_9_4_val|        scalar|
|dw_patch_3_9_5_val    |   in|    8|     ap_none|                             dw_patch_3_9_5_val|        scalar|
|dw_patch_3_9_6_val    |   in|    8|     ap_none|                             dw_patch_3_9_6_val|        scalar|
|dw_patch_3_9_7_val    |   in|    8|     ap_none|                             dw_patch_3_9_7_val|        scalar|
|dw_patch_3_9_8_val    |   in|    8|     ap_none|                             dw_patch_3_9_8_val|        scalar|
|dw_patch_3_9_9_val    |   in|    8|     ap_none|                             dw_patch_3_9_9_val|        scalar|
|dw_patch_4_0_0_val    |   in|    8|     ap_none|                             dw_patch_4_0_0_val|        scalar|
|dw_patch_4_0_1_val    |   in|    8|     ap_none|                             dw_patch_4_0_1_val|        scalar|
|dw_patch_4_0_2_val    |   in|    8|     ap_none|                             dw_patch_4_0_2_val|        scalar|
|dw_patch_4_1_0_val    |   in|    8|     ap_none|                             dw_patch_4_1_0_val|        scalar|
|dw_patch_4_1_1_val    |   in|    8|     ap_none|                             dw_patch_4_1_1_val|        scalar|
|dw_patch_4_1_2_val    |   in|    8|     ap_none|                             dw_patch_4_1_2_val|        scalar|
|dw_patch_4_2_0_val    |   in|    8|     ap_none|                             dw_patch_4_2_0_val|        scalar|
|dw_patch_4_2_1_val    |   in|    8|     ap_none|                             dw_patch_4_2_1_val|        scalar|
|dw_patch_4_2_2_val    |   in|    8|     ap_none|                             dw_patch_4_2_2_val|        scalar|
|dw_patch_4_0_3_val    |   in|    8|     ap_none|                             dw_patch_4_0_3_val|        scalar|
|dw_patch_4_1_3_val    |   in|    8|     ap_none|                             dw_patch_4_1_3_val|        scalar|
|dw_patch_4_2_3_val    |   in|    8|     ap_none|                             dw_patch_4_2_3_val|        scalar|
|dw_patch_4_0_4_val    |   in|    8|     ap_none|                             dw_patch_4_0_4_val|        scalar|
|dw_patch_4_1_4_val    |   in|    8|     ap_none|                             dw_patch_4_1_4_val|        scalar|
|dw_patch_4_2_4_val    |   in|    8|     ap_none|                             dw_patch_4_2_4_val|        scalar|
|dw_patch_4_0_5_val    |   in|    8|     ap_none|                             dw_patch_4_0_5_val|        scalar|
|dw_patch_4_1_5_val    |   in|    8|     ap_none|                             dw_patch_4_1_5_val|        scalar|
|dw_patch_4_2_5_val    |   in|    8|     ap_none|                             dw_patch_4_2_5_val|        scalar|
|dw_patch_4_0_6_val    |   in|    8|     ap_none|                             dw_patch_4_0_6_val|        scalar|
|dw_patch_4_1_6_val    |   in|    8|     ap_none|                             dw_patch_4_1_6_val|        scalar|
|dw_patch_4_2_6_val    |   in|    8|     ap_none|                             dw_patch_4_2_6_val|        scalar|
|dw_patch_4_0_7_val    |   in|    8|     ap_none|                             dw_patch_4_0_7_val|        scalar|
|dw_patch_4_1_7_val    |   in|    8|     ap_none|                             dw_patch_4_1_7_val|        scalar|
|dw_patch_4_2_7_val    |   in|    8|     ap_none|                             dw_patch_4_2_7_val|        scalar|
|dw_patch_4_0_8_val    |   in|    8|     ap_none|                             dw_patch_4_0_8_val|        scalar|
|dw_patch_4_1_8_val    |   in|    8|     ap_none|                             dw_patch_4_1_8_val|        scalar|
|dw_patch_4_2_8_val    |   in|    8|     ap_none|                             dw_patch_4_2_8_val|        scalar|
|dw_patch_4_0_9_val    |   in|    8|     ap_none|                             dw_patch_4_0_9_val|        scalar|
|dw_patch_4_1_9_val    |   in|    8|     ap_none|                             dw_patch_4_1_9_val|        scalar|
|dw_patch_4_2_9_val    |   in|    8|     ap_none|                             dw_patch_4_2_9_val|        scalar|
|dw_patch_4_3_0_val    |   in|    8|     ap_none|                             dw_patch_4_3_0_val|        scalar|
|dw_patch_4_3_1_val    |   in|    8|     ap_none|                             dw_patch_4_3_1_val|        scalar|
|dw_patch_4_3_2_val    |   in|    8|     ap_none|                             dw_patch_4_3_2_val|        scalar|
|dw_patch_4_3_3_val    |   in|    8|     ap_none|                             dw_patch_4_3_3_val|        scalar|
|dw_patch_4_3_4_val    |   in|    8|     ap_none|                             dw_patch_4_3_4_val|        scalar|
|dw_patch_4_3_5_val    |   in|    8|     ap_none|                             dw_patch_4_3_5_val|        scalar|
|dw_patch_4_3_6_val    |   in|    8|     ap_none|                             dw_patch_4_3_6_val|        scalar|
|dw_patch_4_3_7_val    |   in|    8|     ap_none|                             dw_patch_4_3_7_val|        scalar|
|dw_patch_4_3_8_val    |   in|    8|     ap_none|                             dw_patch_4_3_8_val|        scalar|
|dw_patch_4_3_9_val    |   in|    8|     ap_none|                             dw_patch_4_3_9_val|        scalar|
|dw_patch_4_4_0_val    |   in|    8|     ap_none|                             dw_patch_4_4_0_val|        scalar|
|dw_patch_4_4_1_val    |   in|    8|     ap_none|                             dw_patch_4_4_1_val|        scalar|
|dw_patch_4_4_2_val    |   in|    8|     ap_none|                             dw_patch_4_4_2_val|        scalar|
|dw_patch_4_4_3_val    |   in|    8|     ap_none|                             dw_patch_4_4_3_val|        scalar|
|dw_patch_4_4_4_val    |   in|    8|     ap_none|                             dw_patch_4_4_4_val|        scalar|
|dw_patch_4_4_5_val    |   in|    8|     ap_none|                             dw_patch_4_4_5_val|        scalar|
|dw_patch_4_4_6_val    |   in|    8|     ap_none|                             dw_patch_4_4_6_val|        scalar|
|dw_patch_4_4_7_val    |   in|    8|     ap_none|                             dw_patch_4_4_7_val|        scalar|
|dw_patch_4_4_8_val    |   in|    8|     ap_none|                             dw_patch_4_4_8_val|        scalar|
|dw_patch_4_4_9_val    |   in|    8|     ap_none|                             dw_patch_4_4_9_val|        scalar|
|dw_patch_4_5_0_val    |   in|    8|     ap_none|                             dw_patch_4_5_0_val|        scalar|
|dw_patch_4_5_1_val    |   in|    8|     ap_none|                             dw_patch_4_5_1_val|        scalar|
|dw_patch_4_5_2_val    |   in|    8|     ap_none|                             dw_patch_4_5_2_val|        scalar|
|dw_patch_4_5_3_val    |   in|    8|     ap_none|                             dw_patch_4_5_3_val|        scalar|
|dw_patch_4_5_4_val    |   in|    8|     ap_none|                             dw_patch_4_5_4_val|        scalar|
|dw_patch_4_5_5_val    |   in|    8|     ap_none|                             dw_patch_4_5_5_val|        scalar|
|dw_patch_4_5_6_val    |   in|    8|     ap_none|                             dw_patch_4_5_6_val|        scalar|
|dw_patch_4_5_7_val    |   in|    8|     ap_none|                             dw_patch_4_5_7_val|        scalar|
|dw_patch_4_5_8_val    |   in|    8|     ap_none|                             dw_patch_4_5_8_val|        scalar|
|dw_patch_4_5_9_val    |   in|    8|     ap_none|                             dw_patch_4_5_9_val|        scalar|
|dw_patch_4_6_0_val    |   in|    8|     ap_none|                             dw_patch_4_6_0_val|        scalar|
|dw_patch_4_6_1_val    |   in|    8|     ap_none|                             dw_patch_4_6_1_val|        scalar|
|dw_patch_4_6_2_val    |   in|    8|     ap_none|                             dw_patch_4_6_2_val|        scalar|
|dw_patch_4_6_3_val    |   in|    8|     ap_none|                             dw_patch_4_6_3_val|        scalar|
|dw_patch_4_6_4_val    |   in|    8|     ap_none|                             dw_patch_4_6_4_val|        scalar|
|dw_patch_4_6_5_val    |   in|    8|     ap_none|                             dw_patch_4_6_5_val|        scalar|
|dw_patch_4_6_6_val    |   in|    8|     ap_none|                             dw_patch_4_6_6_val|        scalar|
|dw_patch_4_6_7_val    |   in|    8|     ap_none|                             dw_patch_4_6_7_val|        scalar|
|dw_patch_4_6_8_val    |   in|    8|     ap_none|                             dw_patch_4_6_8_val|        scalar|
|dw_patch_4_6_9_val    |   in|    8|     ap_none|                             dw_patch_4_6_9_val|        scalar|
|dw_patch_4_7_0_val    |   in|    8|     ap_none|                             dw_patch_4_7_0_val|        scalar|
|dw_patch_4_7_1_val    |   in|    8|     ap_none|                             dw_patch_4_7_1_val|        scalar|
|dw_patch_4_7_2_val    |   in|    8|     ap_none|                             dw_patch_4_7_2_val|        scalar|
|dw_patch_4_7_3_val    |   in|    8|     ap_none|                             dw_patch_4_7_3_val|        scalar|
|dw_patch_4_7_4_val    |   in|    8|     ap_none|                             dw_patch_4_7_4_val|        scalar|
|dw_patch_4_7_5_val    |   in|    8|     ap_none|                             dw_patch_4_7_5_val|        scalar|
|dw_patch_4_7_6_val    |   in|    8|     ap_none|                             dw_patch_4_7_6_val|        scalar|
|dw_patch_4_7_7_val    |   in|    8|     ap_none|                             dw_patch_4_7_7_val|        scalar|
|dw_patch_4_7_8_val    |   in|    8|     ap_none|                             dw_patch_4_7_8_val|        scalar|
|dw_patch_4_7_9_val    |   in|    8|     ap_none|                             dw_patch_4_7_9_val|        scalar|
|dw_patch_4_8_0_val    |   in|    8|     ap_none|                             dw_patch_4_8_0_val|        scalar|
|dw_patch_4_8_1_val    |   in|    8|     ap_none|                             dw_patch_4_8_1_val|        scalar|
|dw_patch_4_8_2_val    |   in|    8|     ap_none|                             dw_patch_4_8_2_val|        scalar|
|dw_patch_4_8_3_val    |   in|    8|     ap_none|                             dw_patch_4_8_3_val|        scalar|
|dw_patch_4_8_4_val    |   in|    8|     ap_none|                             dw_patch_4_8_4_val|        scalar|
|dw_patch_4_8_5_val    |   in|    8|     ap_none|                             dw_patch_4_8_5_val|        scalar|
|dw_patch_4_8_6_val    |   in|    8|     ap_none|                             dw_patch_4_8_6_val|        scalar|
|dw_patch_4_8_7_val    |   in|    8|     ap_none|                             dw_patch_4_8_7_val|        scalar|
|dw_patch_4_8_8_val    |   in|    8|     ap_none|                             dw_patch_4_8_8_val|        scalar|
|dw_patch_4_8_9_val    |   in|    8|     ap_none|                             dw_patch_4_8_9_val|        scalar|
|dw_patch_4_9_0_val    |   in|    8|     ap_none|                             dw_patch_4_9_0_val|        scalar|
|dw_patch_4_9_1_val    |   in|    8|     ap_none|                             dw_patch_4_9_1_val|        scalar|
|dw_patch_4_9_2_val    |   in|    8|     ap_none|                             dw_patch_4_9_2_val|        scalar|
|dw_patch_4_9_3_val    |   in|    8|     ap_none|                             dw_patch_4_9_3_val|        scalar|
|dw_patch_4_9_4_val    |   in|    8|     ap_none|                             dw_patch_4_9_4_val|        scalar|
|dw_patch_4_9_5_val    |   in|    8|     ap_none|                             dw_patch_4_9_5_val|        scalar|
|dw_patch_4_9_6_val    |   in|    8|     ap_none|                             dw_patch_4_9_6_val|        scalar|
|dw_patch_4_9_7_val    |   in|    8|     ap_none|                             dw_patch_4_9_7_val|        scalar|
|dw_patch_4_9_8_val    |   in|    8|     ap_none|                             dw_patch_4_9_8_val|        scalar|
|dw_patch_4_9_9_val    |   in|    8|     ap_none|                             dw_patch_4_9_9_val|        scalar|
|dw_patch_5_0_0_val    |   in|    8|     ap_none|                             dw_patch_5_0_0_val|        scalar|
|dw_patch_5_0_1_val    |   in|    8|     ap_none|                             dw_patch_5_0_1_val|        scalar|
|dw_patch_5_0_2_val    |   in|    8|     ap_none|                             dw_patch_5_0_2_val|        scalar|
|dw_patch_5_1_0_val    |   in|    8|     ap_none|                             dw_patch_5_1_0_val|        scalar|
|dw_patch_5_1_1_val    |   in|    8|     ap_none|                             dw_patch_5_1_1_val|        scalar|
|dw_patch_5_1_2_val    |   in|    8|     ap_none|                             dw_patch_5_1_2_val|        scalar|
|dw_patch_5_2_0_val    |   in|    8|     ap_none|                             dw_patch_5_2_0_val|        scalar|
|dw_patch_5_2_1_val    |   in|    8|     ap_none|                             dw_patch_5_2_1_val|        scalar|
|dw_patch_5_2_2_val    |   in|    8|     ap_none|                             dw_patch_5_2_2_val|        scalar|
|dw_patch_5_0_3_val    |   in|    8|     ap_none|                             dw_patch_5_0_3_val|        scalar|
|dw_patch_5_1_3_val    |   in|    8|     ap_none|                             dw_patch_5_1_3_val|        scalar|
|dw_patch_5_2_3_val    |   in|    8|     ap_none|                             dw_patch_5_2_3_val|        scalar|
|dw_patch_5_0_4_val    |   in|    8|     ap_none|                             dw_patch_5_0_4_val|        scalar|
|dw_patch_5_1_4_val    |   in|    8|     ap_none|                             dw_patch_5_1_4_val|        scalar|
|dw_patch_5_2_4_val    |   in|    8|     ap_none|                             dw_patch_5_2_4_val|        scalar|
|dw_patch_5_0_5_val    |   in|    8|     ap_none|                             dw_patch_5_0_5_val|        scalar|
|dw_patch_5_1_5_val    |   in|    8|     ap_none|                             dw_patch_5_1_5_val|        scalar|
|dw_patch_5_2_5_val    |   in|    8|     ap_none|                             dw_patch_5_2_5_val|        scalar|
|dw_patch_5_0_6_val    |   in|    8|     ap_none|                             dw_patch_5_0_6_val|        scalar|
|dw_patch_5_1_6_val    |   in|    8|     ap_none|                             dw_patch_5_1_6_val|        scalar|
|dw_patch_5_2_6_val    |   in|    8|     ap_none|                             dw_patch_5_2_6_val|        scalar|
|dw_patch_5_0_7_val    |   in|    8|     ap_none|                             dw_patch_5_0_7_val|        scalar|
|dw_patch_5_1_7_val    |   in|    8|     ap_none|                             dw_patch_5_1_7_val|        scalar|
|dw_patch_5_2_7_val    |   in|    8|     ap_none|                             dw_patch_5_2_7_val|        scalar|
|dw_patch_5_0_8_val    |   in|    8|     ap_none|                             dw_patch_5_0_8_val|        scalar|
|dw_patch_5_1_8_val    |   in|    8|     ap_none|                             dw_patch_5_1_8_val|        scalar|
|dw_patch_5_2_8_val    |   in|    8|     ap_none|                             dw_patch_5_2_8_val|        scalar|
|dw_patch_5_0_9_val    |   in|    8|     ap_none|                             dw_patch_5_0_9_val|        scalar|
|dw_patch_5_1_9_val    |   in|    8|     ap_none|                             dw_patch_5_1_9_val|        scalar|
|dw_patch_5_2_9_val    |   in|    8|     ap_none|                             dw_patch_5_2_9_val|        scalar|
|dw_patch_5_3_0_val    |   in|    8|     ap_none|                             dw_patch_5_3_0_val|        scalar|
|dw_patch_5_3_1_val    |   in|    8|     ap_none|                             dw_patch_5_3_1_val|        scalar|
|dw_patch_5_3_2_val    |   in|    8|     ap_none|                             dw_patch_5_3_2_val|        scalar|
|dw_patch_5_3_3_val    |   in|    8|     ap_none|                             dw_patch_5_3_3_val|        scalar|
|dw_patch_5_3_4_val    |   in|    8|     ap_none|                             dw_patch_5_3_4_val|        scalar|
|dw_patch_5_3_5_val    |   in|    8|     ap_none|                             dw_patch_5_3_5_val|        scalar|
|dw_patch_5_3_6_val    |   in|    8|     ap_none|                             dw_patch_5_3_6_val|        scalar|
|dw_patch_5_3_7_val    |   in|    8|     ap_none|                             dw_patch_5_3_7_val|        scalar|
|dw_patch_5_3_8_val    |   in|    8|     ap_none|                             dw_patch_5_3_8_val|        scalar|
|dw_patch_5_3_9_val    |   in|    8|     ap_none|                             dw_patch_5_3_9_val|        scalar|
|dw_patch_5_4_0_val    |   in|    8|     ap_none|                             dw_patch_5_4_0_val|        scalar|
|dw_patch_5_4_1_val    |   in|    8|     ap_none|                             dw_patch_5_4_1_val|        scalar|
|dw_patch_5_4_2_val    |   in|    8|     ap_none|                             dw_patch_5_4_2_val|        scalar|
|dw_patch_5_4_3_val    |   in|    8|     ap_none|                             dw_patch_5_4_3_val|        scalar|
|dw_patch_5_4_4_val    |   in|    8|     ap_none|                             dw_patch_5_4_4_val|        scalar|
|dw_patch_5_4_5_val    |   in|    8|     ap_none|                             dw_patch_5_4_5_val|        scalar|
|dw_patch_5_4_6_val    |   in|    8|     ap_none|                             dw_patch_5_4_6_val|        scalar|
|dw_patch_5_4_7_val    |   in|    8|     ap_none|                             dw_patch_5_4_7_val|        scalar|
|dw_patch_5_4_8_val    |   in|    8|     ap_none|                             dw_patch_5_4_8_val|        scalar|
|dw_patch_5_4_9_val    |   in|    8|     ap_none|                             dw_patch_5_4_9_val|        scalar|
|dw_patch_5_5_0_val    |   in|    8|     ap_none|                             dw_patch_5_5_0_val|        scalar|
|dw_patch_5_5_1_val    |   in|    8|     ap_none|                             dw_patch_5_5_1_val|        scalar|
|dw_patch_5_5_2_val    |   in|    8|     ap_none|                             dw_patch_5_5_2_val|        scalar|
|dw_patch_5_5_3_val    |   in|    8|     ap_none|                             dw_patch_5_5_3_val|        scalar|
|dw_patch_5_5_4_val    |   in|    8|     ap_none|                             dw_patch_5_5_4_val|        scalar|
|dw_patch_5_5_5_val    |   in|    8|     ap_none|                             dw_patch_5_5_5_val|        scalar|
|dw_patch_5_5_6_val    |   in|    8|     ap_none|                             dw_patch_5_5_6_val|        scalar|
|dw_patch_5_5_7_val    |   in|    8|     ap_none|                             dw_patch_5_5_7_val|        scalar|
|dw_patch_5_5_8_val    |   in|    8|     ap_none|                             dw_patch_5_5_8_val|        scalar|
|dw_patch_5_5_9_val    |   in|    8|     ap_none|                             dw_patch_5_5_9_val|        scalar|
|dw_patch_5_6_0_val    |   in|    8|     ap_none|                             dw_patch_5_6_0_val|        scalar|
|dw_patch_5_6_1_val    |   in|    8|     ap_none|                             dw_patch_5_6_1_val|        scalar|
|dw_patch_5_6_2_val    |   in|    8|     ap_none|                             dw_patch_5_6_2_val|        scalar|
|dw_patch_5_6_3_val    |   in|    8|     ap_none|                             dw_patch_5_6_3_val|        scalar|
|dw_patch_5_6_4_val    |   in|    8|     ap_none|                             dw_patch_5_6_4_val|        scalar|
|dw_patch_5_6_5_val    |   in|    8|     ap_none|                             dw_patch_5_6_5_val|        scalar|
|dw_patch_5_6_6_val    |   in|    8|     ap_none|                             dw_patch_5_6_6_val|        scalar|
|dw_patch_5_6_7_val    |   in|    8|     ap_none|                             dw_patch_5_6_7_val|        scalar|
|dw_patch_5_6_8_val    |   in|    8|     ap_none|                             dw_patch_5_6_8_val|        scalar|
|dw_patch_5_6_9_val    |   in|    8|     ap_none|                             dw_patch_5_6_9_val|        scalar|
|dw_patch_5_7_0_val    |   in|    8|     ap_none|                             dw_patch_5_7_0_val|        scalar|
|dw_patch_5_7_1_val    |   in|    8|     ap_none|                             dw_patch_5_7_1_val|        scalar|
|dw_patch_5_7_2_val    |   in|    8|     ap_none|                             dw_patch_5_7_2_val|        scalar|
|dw_patch_5_7_3_val    |   in|    8|     ap_none|                             dw_patch_5_7_3_val|        scalar|
|dw_patch_5_7_4_val    |   in|    8|     ap_none|                             dw_patch_5_7_4_val|        scalar|
|dw_patch_5_7_5_val    |   in|    8|     ap_none|                             dw_patch_5_7_5_val|        scalar|
|dw_patch_5_7_6_val    |   in|    8|     ap_none|                             dw_patch_5_7_6_val|        scalar|
|dw_patch_5_7_7_val    |   in|    8|     ap_none|                             dw_patch_5_7_7_val|        scalar|
|dw_patch_5_7_8_val    |   in|    8|     ap_none|                             dw_patch_5_7_8_val|        scalar|
|dw_patch_5_7_9_val    |   in|    8|     ap_none|                             dw_patch_5_7_9_val|        scalar|
|dw_patch_5_8_0_val    |   in|    8|     ap_none|                             dw_patch_5_8_0_val|        scalar|
|dw_patch_5_8_1_val    |   in|    8|     ap_none|                             dw_patch_5_8_1_val|        scalar|
|dw_patch_5_8_2_val    |   in|    8|     ap_none|                             dw_patch_5_8_2_val|        scalar|
|dw_patch_5_8_3_val    |   in|    8|     ap_none|                             dw_patch_5_8_3_val|        scalar|
|dw_patch_5_8_4_val    |   in|    8|     ap_none|                             dw_patch_5_8_4_val|        scalar|
|dw_patch_5_8_5_val    |   in|    8|     ap_none|                             dw_patch_5_8_5_val|        scalar|
|dw_patch_5_8_6_val    |   in|    8|     ap_none|                             dw_patch_5_8_6_val|        scalar|
|dw_patch_5_8_7_val    |   in|    8|     ap_none|                             dw_patch_5_8_7_val|        scalar|
|dw_patch_5_8_8_val    |   in|    8|     ap_none|                             dw_patch_5_8_8_val|        scalar|
|dw_patch_5_8_9_val    |   in|    8|     ap_none|                             dw_patch_5_8_9_val|        scalar|
|dw_patch_5_9_0_val    |   in|    8|     ap_none|                             dw_patch_5_9_0_val|        scalar|
|dw_patch_5_9_1_val    |   in|    8|     ap_none|                             dw_patch_5_9_1_val|        scalar|
|dw_patch_5_9_2_val    |   in|    8|     ap_none|                             dw_patch_5_9_2_val|        scalar|
|dw_patch_5_9_3_val    |   in|    8|     ap_none|                             dw_patch_5_9_3_val|        scalar|
|dw_patch_5_9_4_val    |   in|    8|     ap_none|                             dw_patch_5_9_4_val|        scalar|
|dw_patch_5_9_5_val    |   in|    8|     ap_none|                             dw_patch_5_9_5_val|        scalar|
|dw_patch_5_9_6_val    |   in|    8|     ap_none|                             dw_patch_5_9_6_val|        scalar|
|dw_patch_5_9_7_val    |   in|    8|     ap_none|                             dw_patch_5_9_7_val|        scalar|
|dw_patch_5_9_8_val    |   in|    8|     ap_none|                             dw_patch_5_9_8_val|        scalar|
|dw_patch_5_9_9_val    |   in|    8|     ap_none|                             dw_patch_5_9_9_val|        scalar|
|dw_patch_6_0_0_val    |   in|    8|     ap_none|                             dw_patch_6_0_0_val|        scalar|
|dw_patch_6_0_1_val    |   in|    8|     ap_none|                             dw_patch_6_0_1_val|        scalar|
|dw_patch_6_0_2_val    |   in|    8|     ap_none|                             dw_patch_6_0_2_val|        scalar|
|dw_patch_6_1_0_val    |   in|    8|     ap_none|                             dw_patch_6_1_0_val|        scalar|
|dw_patch_6_1_1_val    |   in|    8|     ap_none|                             dw_patch_6_1_1_val|        scalar|
|dw_patch_6_1_2_val    |   in|    8|     ap_none|                             dw_patch_6_1_2_val|        scalar|
|dw_patch_6_2_0_val    |   in|    8|     ap_none|                             dw_patch_6_2_0_val|        scalar|
|dw_patch_6_2_1_val    |   in|    8|     ap_none|                             dw_patch_6_2_1_val|        scalar|
|dw_patch_6_2_2_val    |   in|    8|     ap_none|                             dw_patch_6_2_2_val|        scalar|
|dw_patch_6_0_3_val    |   in|    8|     ap_none|                             dw_patch_6_0_3_val|        scalar|
|dw_patch_6_1_3_val    |   in|    8|     ap_none|                             dw_patch_6_1_3_val|        scalar|
|dw_patch_6_2_3_val    |   in|    8|     ap_none|                             dw_patch_6_2_3_val|        scalar|
|dw_patch_6_0_4_val    |   in|    8|     ap_none|                             dw_patch_6_0_4_val|        scalar|
|dw_patch_6_1_4_val    |   in|    8|     ap_none|                             dw_patch_6_1_4_val|        scalar|
|dw_patch_6_2_4_val    |   in|    8|     ap_none|                             dw_patch_6_2_4_val|        scalar|
|dw_patch_6_0_5_val    |   in|    8|     ap_none|                             dw_patch_6_0_5_val|        scalar|
|dw_patch_6_1_5_val    |   in|    8|     ap_none|                             dw_patch_6_1_5_val|        scalar|
|dw_patch_6_2_5_val    |   in|    8|     ap_none|                             dw_patch_6_2_5_val|        scalar|
|dw_patch_6_0_6_val    |   in|    8|     ap_none|                             dw_patch_6_0_6_val|        scalar|
|dw_patch_6_1_6_val    |   in|    8|     ap_none|                             dw_patch_6_1_6_val|        scalar|
|dw_patch_6_2_6_val    |   in|    8|     ap_none|                             dw_patch_6_2_6_val|        scalar|
|dw_patch_6_0_7_val    |   in|    8|     ap_none|                             dw_patch_6_0_7_val|        scalar|
|dw_patch_6_1_7_val    |   in|    8|     ap_none|                             dw_patch_6_1_7_val|        scalar|
|dw_patch_6_2_7_val    |   in|    8|     ap_none|                             dw_patch_6_2_7_val|        scalar|
|dw_patch_6_0_8_val    |   in|    8|     ap_none|                             dw_patch_6_0_8_val|        scalar|
|dw_patch_6_1_8_val    |   in|    8|     ap_none|                             dw_patch_6_1_8_val|        scalar|
|dw_patch_6_2_8_val    |   in|    8|     ap_none|                             dw_patch_6_2_8_val|        scalar|
|dw_patch_6_0_9_val    |   in|    8|     ap_none|                             dw_patch_6_0_9_val|        scalar|
|dw_patch_6_1_9_val    |   in|    8|     ap_none|                             dw_patch_6_1_9_val|        scalar|
|dw_patch_6_2_9_val    |   in|    8|     ap_none|                             dw_patch_6_2_9_val|        scalar|
|dw_patch_6_3_0_val    |   in|    8|     ap_none|                             dw_patch_6_3_0_val|        scalar|
|dw_patch_6_3_1_val    |   in|    8|     ap_none|                             dw_patch_6_3_1_val|        scalar|
|dw_patch_6_3_2_val    |   in|    8|     ap_none|                             dw_patch_6_3_2_val|        scalar|
|dw_patch_6_3_3_val    |   in|    8|     ap_none|                             dw_patch_6_3_3_val|        scalar|
|dw_patch_6_3_4_val    |   in|    8|     ap_none|                             dw_patch_6_3_4_val|        scalar|
|dw_patch_6_3_5_val    |   in|    8|     ap_none|                             dw_patch_6_3_5_val|        scalar|
|dw_patch_6_3_6_val    |   in|    8|     ap_none|                             dw_patch_6_3_6_val|        scalar|
|dw_patch_6_3_7_val    |   in|    8|     ap_none|                             dw_patch_6_3_7_val|        scalar|
|dw_patch_6_3_8_val    |   in|    8|     ap_none|                             dw_patch_6_3_8_val|        scalar|
|dw_patch_6_3_9_val    |   in|    8|     ap_none|                             dw_patch_6_3_9_val|        scalar|
|dw_patch_6_4_0_val    |   in|    8|     ap_none|                             dw_patch_6_4_0_val|        scalar|
|dw_patch_6_4_1_val    |   in|    8|     ap_none|                             dw_patch_6_4_1_val|        scalar|
|dw_patch_6_4_2_val    |   in|    8|     ap_none|                             dw_patch_6_4_2_val|        scalar|
|dw_patch_6_4_3_val    |   in|    8|     ap_none|                             dw_patch_6_4_3_val|        scalar|
|dw_patch_6_4_4_val    |   in|    8|     ap_none|                             dw_patch_6_4_4_val|        scalar|
|dw_patch_6_4_5_val    |   in|    8|     ap_none|                             dw_patch_6_4_5_val|        scalar|
|dw_patch_6_4_6_val    |   in|    8|     ap_none|                             dw_patch_6_4_6_val|        scalar|
|dw_patch_6_4_7_val    |   in|    8|     ap_none|                             dw_patch_6_4_7_val|        scalar|
|dw_patch_6_4_8_val    |   in|    8|     ap_none|                             dw_patch_6_4_8_val|        scalar|
|dw_patch_6_4_9_val    |   in|    8|     ap_none|                             dw_patch_6_4_9_val|        scalar|
|dw_patch_6_5_0_val    |   in|    8|     ap_none|                             dw_patch_6_5_0_val|        scalar|
|dw_patch_6_5_1_val    |   in|    8|     ap_none|                             dw_patch_6_5_1_val|        scalar|
|dw_patch_6_5_2_val    |   in|    8|     ap_none|                             dw_patch_6_5_2_val|        scalar|
|dw_patch_6_5_3_val    |   in|    8|     ap_none|                             dw_patch_6_5_3_val|        scalar|
|dw_patch_6_5_4_val    |   in|    8|     ap_none|                             dw_patch_6_5_4_val|        scalar|
|dw_patch_6_5_5_val    |   in|    8|     ap_none|                             dw_patch_6_5_5_val|        scalar|
|dw_patch_6_5_6_val    |   in|    8|     ap_none|                             dw_patch_6_5_6_val|        scalar|
|dw_patch_6_5_7_val    |   in|    8|     ap_none|                             dw_patch_6_5_7_val|        scalar|
|dw_patch_6_5_8_val    |   in|    8|     ap_none|                             dw_patch_6_5_8_val|        scalar|
|dw_patch_6_5_9_val    |   in|    8|     ap_none|                             dw_patch_6_5_9_val|        scalar|
|dw_patch_6_6_0_val    |   in|    8|     ap_none|                             dw_patch_6_6_0_val|        scalar|
|dw_patch_6_6_1_val    |   in|    8|     ap_none|                             dw_patch_6_6_1_val|        scalar|
|dw_patch_6_6_2_val    |   in|    8|     ap_none|                             dw_patch_6_6_2_val|        scalar|
|dw_patch_6_6_3_val    |   in|    8|     ap_none|                             dw_patch_6_6_3_val|        scalar|
|dw_patch_6_6_4_val    |   in|    8|     ap_none|                             dw_patch_6_6_4_val|        scalar|
|dw_patch_6_6_5_val    |   in|    8|     ap_none|                             dw_patch_6_6_5_val|        scalar|
|dw_patch_6_6_6_val    |   in|    8|     ap_none|                             dw_patch_6_6_6_val|        scalar|
|dw_patch_6_6_7_val    |   in|    8|     ap_none|                             dw_patch_6_6_7_val|        scalar|
|dw_patch_6_6_8_val    |   in|    8|     ap_none|                             dw_patch_6_6_8_val|        scalar|
|dw_patch_6_6_9_val    |   in|    8|     ap_none|                             dw_patch_6_6_9_val|        scalar|
|dw_patch_6_7_0_val    |   in|    8|     ap_none|                             dw_patch_6_7_0_val|        scalar|
|dw_patch_6_7_1_val    |   in|    8|     ap_none|                             dw_patch_6_7_1_val|        scalar|
|dw_patch_6_7_2_val    |   in|    8|     ap_none|                             dw_patch_6_7_2_val|        scalar|
|dw_patch_6_7_3_val    |   in|    8|     ap_none|                             dw_patch_6_7_3_val|        scalar|
|dw_patch_6_7_4_val    |   in|    8|     ap_none|                             dw_patch_6_7_4_val|        scalar|
|dw_patch_6_7_5_val    |   in|    8|     ap_none|                             dw_patch_6_7_5_val|        scalar|
|dw_patch_6_7_6_val    |   in|    8|     ap_none|                             dw_patch_6_7_6_val|        scalar|
|dw_patch_6_7_7_val    |   in|    8|     ap_none|                             dw_patch_6_7_7_val|        scalar|
|dw_patch_6_7_8_val    |   in|    8|     ap_none|                             dw_patch_6_7_8_val|        scalar|
|dw_patch_6_7_9_val    |   in|    8|     ap_none|                             dw_patch_6_7_9_val|        scalar|
|dw_patch_6_8_0_val    |   in|    8|     ap_none|                             dw_patch_6_8_0_val|        scalar|
|dw_patch_6_8_1_val    |   in|    8|     ap_none|                             dw_patch_6_8_1_val|        scalar|
|dw_patch_6_8_2_val    |   in|    8|     ap_none|                             dw_patch_6_8_2_val|        scalar|
|dw_patch_6_8_3_val    |   in|    8|     ap_none|                             dw_patch_6_8_3_val|        scalar|
|dw_patch_6_8_4_val    |   in|    8|     ap_none|                             dw_patch_6_8_4_val|        scalar|
|dw_patch_6_8_5_val    |   in|    8|     ap_none|                             dw_patch_6_8_5_val|        scalar|
|dw_patch_6_8_6_val    |   in|    8|     ap_none|                             dw_patch_6_8_6_val|        scalar|
|dw_patch_6_8_7_val    |   in|    8|     ap_none|                             dw_patch_6_8_7_val|        scalar|
|dw_patch_6_8_8_val    |   in|    8|     ap_none|                             dw_patch_6_8_8_val|        scalar|
|dw_patch_6_8_9_val    |   in|    8|     ap_none|                             dw_patch_6_8_9_val|        scalar|
|dw_patch_6_9_0_val    |   in|    8|     ap_none|                             dw_patch_6_9_0_val|        scalar|
|dw_patch_6_9_1_val    |   in|    8|     ap_none|                             dw_patch_6_9_1_val|        scalar|
|dw_patch_6_9_2_val    |   in|    8|     ap_none|                             dw_patch_6_9_2_val|        scalar|
|dw_patch_6_9_3_val    |   in|    8|     ap_none|                             dw_patch_6_9_3_val|        scalar|
|dw_patch_6_9_4_val    |   in|    8|     ap_none|                             dw_patch_6_9_4_val|        scalar|
|dw_patch_6_9_5_val    |   in|    8|     ap_none|                             dw_patch_6_9_5_val|        scalar|
|dw_patch_6_9_6_val    |   in|    8|     ap_none|                             dw_patch_6_9_6_val|        scalar|
|dw_patch_6_9_7_val    |   in|    8|     ap_none|                             dw_patch_6_9_7_val|        scalar|
|dw_patch_6_9_8_val    |   in|    8|     ap_none|                             dw_patch_6_9_8_val|        scalar|
|dw_patch_6_9_9_val    |   in|    8|     ap_none|                             dw_patch_6_9_9_val|        scalar|
|dw_patch_0_0_10_val   |   in|    8|     ap_none|                            dw_patch_0_0_10_val|        scalar|
|dw_patch_0_1_10_val   |   in|    8|     ap_none|                            dw_patch_0_1_10_val|        scalar|
|dw_patch_0_2_10_val   |   in|    8|     ap_none|                            dw_patch_0_2_10_val|        scalar|
|dw_patch_0_0_11_val   |   in|    8|     ap_none|                            dw_patch_0_0_11_val|        scalar|
|dw_patch_0_0_12_val   |   in|    8|     ap_none|                            dw_patch_0_0_12_val|        scalar|
|dw_patch_0_1_11_val   |   in|    8|     ap_none|                            dw_patch_0_1_11_val|        scalar|
|dw_patch_0_1_12_val   |   in|    8|     ap_none|                            dw_patch_0_1_12_val|        scalar|
|dw_patch_0_2_11_val   |   in|    8|     ap_none|                            dw_patch_0_2_11_val|        scalar|
|dw_patch_0_2_12_val   |   in|    8|     ap_none|                            dw_patch_0_2_12_val|        scalar|
|dw_patch_0_0_13_val   |   in|    8|     ap_none|                            dw_patch_0_0_13_val|        scalar|
|dw_patch_0_0_14_val   |   in|    8|     ap_none|                            dw_patch_0_0_14_val|        scalar|
|dw_patch_0_1_13_val   |   in|    8|     ap_none|                            dw_patch_0_1_13_val|        scalar|
|dw_patch_0_1_14_val   |   in|    8|     ap_none|                            dw_patch_0_1_14_val|        scalar|
|dw_patch_0_2_13_val   |   in|    8|     ap_none|                            dw_patch_0_2_13_val|        scalar|
|dw_patch_0_2_14_val   |   in|    8|     ap_none|                            dw_patch_0_2_14_val|        scalar|
|dw_patch_0_0_15_val   |   in|    8|     ap_none|                            dw_patch_0_0_15_val|        scalar|
|dw_patch_0_0_16_val   |   in|    8|     ap_none|                            dw_patch_0_0_16_val|        scalar|
|dw_patch_0_1_15_val   |   in|    8|     ap_none|                            dw_patch_0_1_15_val|        scalar|
|dw_patch_0_1_16_val   |   in|    8|     ap_none|                            dw_patch_0_1_16_val|        scalar|
|dw_patch_0_2_15_val   |   in|    8|     ap_none|                            dw_patch_0_2_15_val|        scalar|
|dw_patch_0_2_16_val   |   in|    8|     ap_none|                            dw_patch_0_2_16_val|        scalar|
|dw_patch_0_3_10_val   |   in|    8|     ap_none|                            dw_patch_0_3_10_val|        scalar|
|dw_patch_0_4_10_val   |   in|    8|     ap_none|                            dw_patch_0_4_10_val|        scalar|
|dw_patch_0_3_11_val   |   in|    8|     ap_none|                            dw_patch_0_3_11_val|        scalar|
|dw_patch_0_3_12_val   |   in|    8|     ap_none|                            dw_patch_0_3_12_val|        scalar|
|dw_patch_0_4_11_val   |   in|    8|     ap_none|                            dw_patch_0_4_11_val|        scalar|
|dw_patch_0_4_12_val   |   in|    8|     ap_none|                            dw_patch_0_4_12_val|        scalar|
|dw_patch_0_3_13_val   |   in|    8|     ap_none|                            dw_patch_0_3_13_val|        scalar|
|dw_patch_0_3_14_val   |   in|    8|     ap_none|                            dw_patch_0_3_14_val|        scalar|
|dw_patch_0_4_13_val   |   in|    8|     ap_none|                            dw_patch_0_4_13_val|        scalar|
|dw_patch_0_4_14_val   |   in|    8|     ap_none|                            dw_patch_0_4_14_val|        scalar|
|dw_patch_0_3_15_val   |   in|    8|     ap_none|                            dw_patch_0_3_15_val|        scalar|
|dw_patch_0_3_16_val   |   in|    8|     ap_none|                            dw_patch_0_3_16_val|        scalar|
|dw_patch_0_4_15_val   |   in|    8|     ap_none|                            dw_patch_0_4_15_val|        scalar|
|dw_patch_0_4_16_val   |   in|    8|     ap_none|                            dw_patch_0_4_16_val|        scalar|
|dw_patch_0_5_10_val   |   in|    8|     ap_none|                            dw_patch_0_5_10_val|        scalar|
|dw_patch_0_6_10_val   |   in|    8|     ap_none|                            dw_patch_0_6_10_val|        scalar|
|dw_patch_0_5_11_val   |   in|    8|     ap_none|                            dw_patch_0_5_11_val|        scalar|
|dw_patch_0_5_12_val   |   in|    8|     ap_none|                            dw_patch_0_5_12_val|        scalar|
|dw_patch_0_6_11_val   |   in|    8|     ap_none|                            dw_patch_0_6_11_val|        scalar|
|dw_patch_0_6_12_val   |   in|    8|     ap_none|                            dw_patch_0_6_12_val|        scalar|
|dw_patch_0_5_13_val   |   in|    8|     ap_none|                            dw_patch_0_5_13_val|        scalar|
|dw_patch_0_5_14_val   |   in|    8|     ap_none|                            dw_patch_0_5_14_val|        scalar|
|dw_patch_0_6_13_val   |   in|    8|     ap_none|                            dw_patch_0_6_13_val|        scalar|
|dw_patch_0_6_14_val   |   in|    8|     ap_none|                            dw_patch_0_6_14_val|        scalar|
|dw_patch_0_5_15_val   |   in|    8|     ap_none|                            dw_patch_0_5_15_val|        scalar|
|dw_patch_0_5_16_val   |   in|    8|     ap_none|                            dw_patch_0_5_16_val|        scalar|
|dw_patch_0_6_15_val   |   in|    8|     ap_none|                            dw_patch_0_6_15_val|        scalar|
|dw_patch_0_6_16_val   |   in|    8|     ap_none|                            dw_patch_0_6_16_val|        scalar|
|dw_patch_0_7_10_val   |   in|    8|     ap_none|                            dw_patch_0_7_10_val|        scalar|
|dw_patch_0_8_10_val   |   in|    8|     ap_none|                            dw_patch_0_8_10_val|        scalar|
|dw_patch_0_7_11_val   |   in|    8|     ap_none|                            dw_patch_0_7_11_val|        scalar|
|dw_patch_0_7_12_val   |   in|    8|     ap_none|                            dw_patch_0_7_12_val|        scalar|
|dw_patch_0_8_11_val   |   in|    8|     ap_none|                            dw_patch_0_8_11_val|        scalar|
|dw_patch_0_8_12_val   |   in|    8|     ap_none|                            dw_patch_0_8_12_val|        scalar|
|dw_patch_0_7_13_val   |   in|    8|     ap_none|                            dw_patch_0_7_13_val|        scalar|
|dw_patch_0_7_14_val   |   in|    8|     ap_none|                            dw_patch_0_7_14_val|        scalar|
|dw_patch_0_8_13_val   |   in|    8|     ap_none|                            dw_patch_0_8_13_val|        scalar|
|dw_patch_0_8_14_val   |   in|    8|     ap_none|                            dw_patch_0_8_14_val|        scalar|
|dw_patch_0_7_15_val   |   in|    8|     ap_none|                            dw_patch_0_7_15_val|        scalar|
|dw_patch_0_7_16_val   |   in|    8|     ap_none|                            dw_patch_0_7_16_val|        scalar|
|dw_patch_0_8_15_val   |   in|    8|     ap_none|                            dw_patch_0_8_15_val|        scalar|
|dw_patch_0_8_16_val   |   in|    8|     ap_none|                            dw_patch_0_8_16_val|        scalar|
|dw_patch_0_10_0_val   |   in|    8|     ap_none|                            dw_patch_0_10_0_val|        scalar|
|dw_patch_0_10_1_val   |   in|    8|     ap_none|                            dw_patch_0_10_1_val|        scalar|
|dw_patch_0_10_2_val   |   in|    8|     ap_none|                            dw_patch_0_10_2_val|        scalar|
|dw_patch_0_10_3_val   |   in|    8|     ap_none|                            dw_patch_0_10_3_val|        scalar|
|dw_patch_0_10_4_val   |   in|    8|     ap_none|                            dw_patch_0_10_4_val|        scalar|
|dw_patch_0_10_5_val   |   in|    8|     ap_none|                            dw_patch_0_10_5_val|        scalar|
|dw_patch_0_10_6_val   |   in|    8|     ap_none|                            dw_patch_0_10_6_val|        scalar|
|dw_patch_0_10_7_val   |   in|    8|     ap_none|                            dw_patch_0_10_7_val|        scalar|
|dw_patch_0_10_8_val   |   in|    8|     ap_none|                            dw_patch_0_10_8_val|        scalar|
|dw_patch_0_9_10_val   |   in|    8|     ap_none|                            dw_patch_0_9_10_val|        scalar|
|dw_patch_0_10_9_val   |   in|    8|     ap_none|                            dw_patch_0_10_9_val|        scalar|
|dw_patch_0_10_10_val  |   in|    8|     ap_none|                           dw_patch_0_10_10_val|        scalar|
|dw_patch_0_9_11_val   |   in|    8|     ap_none|                            dw_patch_0_9_11_val|        scalar|
|dw_patch_0_9_12_val   |   in|    8|     ap_none|                            dw_patch_0_9_12_val|        scalar|
|dw_patch_0_10_11_val  |   in|    8|     ap_none|                           dw_patch_0_10_11_val|        scalar|
|dw_patch_0_10_12_val  |   in|    8|     ap_none|                           dw_patch_0_10_12_val|        scalar|
|dw_patch_0_9_13_val   |   in|    8|     ap_none|                            dw_patch_0_9_13_val|        scalar|
|dw_patch_0_9_14_val   |   in|    8|     ap_none|                            dw_patch_0_9_14_val|        scalar|
|dw_patch_0_10_13_val  |   in|    8|     ap_none|                           dw_patch_0_10_13_val|        scalar|
|dw_patch_0_10_14_val  |   in|    8|     ap_none|                           dw_patch_0_10_14_val|        scalar|
|dw_patch_0_9_15_val   |   in|    8|     ap_none|                            dw_patch_0_9_15_val|        scalar|
|dw_patch_0_9_16_val   |   in|    8|     ap_none|                            dw_patch_0_9_16_val|        scalar|
|dw_patch_0_10_15_val  |   in|    8|     ap_none|                           dw_patch_0_10_15_val|        scalar|
|dw_patch_0_10_16_val  |   in|    8|     ap_none|                           dw_patch_0_10_16_val|        scalar|
|dw_patch_0_11_0_val   |   in|    8|     ap_none|                            dw_patch_0_11_0_val|        scalar|
|dw_patch_0_11_1_val   |   in|    8|     ap_none|                            dw_patch_0_11_1_val|        scalar|
|dw_patch_0_11_2_val   |   in|    8|     ap_none|                            dw_patch_0_11_2_val|        scalar|
|dw_patch_0_12_0_val   |   in|    8|     ap_none|                            dw_patch_0_12_0_val|        scalar|
|dw_patch_0_12_1_val   |   in|    8|     ap_none|                            dw_patch_0_12_1_val|        scalar|
|dw_patch_0_12_2_val   |   in|    8|     ap_none|                            dw_patch_0_12_2_val|        scalar|
|dw_patch_0_11_3_val   |   in|    8|     ap_none|                            dw_patch_0_11_3_val|        scalar|
|dw_patch_0_11_4_val   |   in|    8|     ap_none|                            dw_patch_0_11_4_val|        scalar|
|dw_patch_0_12_3_val   |   in|    8|     ap_none|                            dw_patch_0_12_3_val|        scalar|
|dw_patch_0_12_4_val   |   in|    8|     ap_none|                            dw_patch_0_12_4_val|        scalar|
|dw_patch_0_11_5_val   |   in|    8|     ap_none|                            dw_patch_0_11_5_val|        scalar|
|dw_patch_0_11_6_val   |   in|    8|     ap_none|                            dw_patch_0_11_6_val|        scalar|
|dw_patch_0_12_5_val   |   in|    8|     ap_none|                            dw_patch_0_12_5_val|        scalar|
|dw_patch_0_12_6_val   |   in|    8|     ap_none|                            dw_patch_0_12_6_val|        scalar|
|dw_patch_0_11_7_val   |   in|    8|     ap_none|                            dw_patch_0_11_7_val|        scalar|
|dw_patch_0_11_8_val   |   in|    8|     ap_none|                            dw_patch_0_11_8_val|        scalar|
|dw_patch_0_12_7_val   |   in|    8|     ap_none|                            dw_patch_0_12_7_val|        scalar|
|dw_patch_0_12_8_val   |   in|    8|     ap_none|                            dw_patch_0_12_8_val|        scalar|
|dw_patch_0_11_9_val   |   in|    8|     ap_none|                            dw_patch_0_11_9_val|        scalar|
|dw_patch_0_11_10_val  |   in|    8|     ap_none|                           dw_patch_0_11_10_val|        scalar|
|dw_patch_0_12_9_val   |   in|    8|     ap_none|                            dw_patch_0_12_9_val|        scalar|
|dw_patch_0_12_10_val  |   in|    8|     ap_none|                           dw_patch_0_12_10_val|        scalar|
|dw_patch_0_11_11_val  |   in|    8|     ap_none|                           dw_patch_0_11_11_val|        scalar|
|dw_patch_0_11_12_val  |   in|    8|     ap_none|                           dw_patch_0_11_12_val|        scalar|
|dw_patch_0_12_11_val  |   in|    8|     ap_none|                           dw_patch_0_12_11_val|        scalar|
|dw_patch_0_12_12_val  |   in|    8|     ap_none|                           dw_patch_0_12_12_val|        scalar|
|dw_patch_0_11_13_val  |   in|    8|     ap_none|                           dw_patch_0_11_13_val|        scalar|
|dw_patch_0_11_14_val  |   in|    8|     ap_none|                           dw_patch_0_11_14_val|        scalar|
|dw_patch_0_12_13_val  |   in|    8|     ap_none|                           dw_patch_0_12_13_val|        scalar|
|dw_patch_0_12_14_val  |   in|    8|     ap_none|                           dw_patch_0_12_14_val|        scalar|
|dw_patch_0_11_15_val  |   in|    8|     ap_none|                           dw_patch_0_11_15_val|        scalar|
|dw_patch_0_11_16_val  |   in|    8|     ap_none|                           dw_patch_0_11_16_val|        scalar|
|dw_patch_0_12_15_val  |   in|    8|     ap_none|                           dw_patch_0_12_15_val|        scalar|
|dw_patch_0_12_16_val  |   in|    8|     ap_none|                           dw_patch_0_12_16_val|        scalar|
|dw_patch_0_13_0_val   |   in|    8|     ap_none|                            dw_patch_0_13_0_val|        scalar|
|dw_patch_0_13_1_val   |   in|    8|     ap_none|                            dw_patch_0_13_1_val|        scalar|
|dw_patch_0_13_2_val   |   in|    8|     ap_none|                            dw_patch_0_13_2_val|        scalar|
|dw_patch_0_14_0_val   |   in|    8|     ap_none|                            dw_patch_0_14_0_val|        scalar|
|dw_patch_0_14_1_val   |   in|    8|     ap_none|                            dw_patch_0_14_1_val|        scalar|
|dw_patch_0_14_2_val   |   in|    8|     ap_none|                            dw_patch_0_14_2_val|        scalar|
|dw_patch_0_13_3_val   |   in|    8|     ap_none|                            dw_patch_0_13_3_val|        scalar|
|dw_patch_0_13_4_val   |   in|    8|     ap_none|                            dw_patch_0_13_4_val|        scalar|
|dw_patch_0_14_3_val   |   in|    8|     ap_none|                            dw_patch_0_14_3_val|        scalar|
|dw_patch_0_14_4_val   |   in|    8|     ap_none|                            dw_patch_0_14_4_val|        scalar|
|dw_patch_0_13_5_val   |   in|    8|     ap_none|                            dw_patch_0_13_5_val|        scalar|
|dw_patch_0_13_6_val   |   in|    8|     ap_none|                            dw_patch_0_13_6_val|        scalar|
|dw_patch_0_14_5_val   |   in|    8|     ap_none|                            dw_patch_0_14_5_val|        scalar|
|dw_patch_0_14_6_val   |   in|    8|     ap_none|                            dw_patch_0_14_6_val|        scalar|
|dw_patch_0_13_7_val   |   in|    8|     ap_none|                            dw_patch_0_13_7_val|        scalar|
|dw_patch_0_13_8_val   |   in|    8|     ap_none|                            dw_patch_0_13_8_val|        scalar|
|dw_patch_0_14_7_val   |   in|    8|     ap_none|                            dw_patch_0_14_7_val|        scalar|
|dw_patch_0_14_8_val   |   in|    8|     ap_none|                            dw_patch_0_14_8_val|        scalar|
|dw_patch_0_13_9_val   |   in|    8|     ap_none|                            dw_patch_0_13_9_val|        scalar|
|dw_patch_0_13_10_val  |   in|    8|     ap_none|                           dw_patch_0_13_10_val|        scalar|
|dw_patch_0_14_9_val   |   in|    8|     ap_none|                            dw_patch_0_14_9_val|        scalar|
|dw_patch_0_14_10_val  |   in|    8|     ap_none|                           dw_patch_0_14_10_val|        scalar|
|dw_patch_0_13_11_val  |   in|    8|     ap_none|                           dw_patch_0_13_11_val|        scalar|
|dw_patch_0_13_12_val  |   in|    8|     ap_none|                           dw_patch_0_13_12_val|        scalar|
|dw_patch_0_14_11_val  |   in|    8|     ap_none|                           dw_patch_0_14_11_val|        scalar|
|dw_patch_0_14_12_val  |   in|    8|     ap_none|                           dw_patch_0_14_12_val|        scalar|
|dw_patch_0_13_13_val  |   in|    8|     ap_none|                           dw_patch_0_13_13_val|        scalar|
|dw_patch_0_13_14_val  |   in|    8|     ap_none|                           dw_patch_0_13_14_val|        scalar|
|dw_patch_0_14_13_val  |   in|    8|     ap_none|                           dw_patch_0_14_13_val|        scalar|
|dw_patch_0_14_14_val  |   in|    8|     ap_none|                           dw_patch_0_14_14_val|        scalar|
|dw_patch_0_13_15_val  |   in|    8|     ap_none|                           dw_patch_0_13_15_val|        scalar|
|dw_patch_0_13_16_val  |   in|    8|     ap_none|                           dw_patch_0_13_16_val|        scalar|
|dw_patch_0_14_15_val  |   in|    8|     ap_none|                           dw_patch_0_14_15_val|        scalar|
|dw_patch_0_14_16_val  |   in|    8|     ap_none|                           dw_patch_0_14_16_val|        scalar|
|dw_patch_0_15_0_val   |   in|    8|     ap_none|                            dw_patch_0_15_0_val|        scalar|
|dw_patch_0_15_1_val   |   in|    8|     ap_none|                            dw_patch_0_15_1_val|        scalar|
|dw_patch_0_15_2_val   |   in|    8|     ap_none|                            dw_patch_0_15_2_val|        scalar|
|dw_patch_0_16_0_val   |   in|    8|     ap_none|                            dw_patch_0_16_0_val|        scalar|
|dw_patch_0_16_1_val   |   in|    8|     ap_none|                            dw_patch_0_16_1_val|        scalar|
|dw_patch_0_16_2_val   |   in|    8|     ap_none|                            dw_patch_0_16_2_val|        scalar|
|dw_patch_0_15_3_val   |   in|    8|     ap_none|                            dw_patch_0_15_3_val|        scalar|
|dw_patch_0_15_4_val   |   in|    8|     ap_none|                            dw_patch_0_15_4_val|        scalar|
|dw_patch_0_16_3_val   |   in|    8|     ap_none|                            dw_patch_0_16_3_val|        scalar|
|dw_patch_0_16_4_val   |   in|    8|     ap_none|                            dw_patch_0_16_4_val|        scalar|
|dw_patch_0_15_5_val   |   in|    8|     ap_none|                            dw_patch_0_15_5_val|        scalar|
|dw_patch_0_15_6_val   |   in|    8|     ap_none|                            dw_patch_0_15_6_val|        scalar|
|dw_patch_0_16_5_val   |   in|    8|     ap_none|                            dw_patch_0_16_5_val|        scalar|
|dw_patch_0_16_6_val   |   in|    8|     ap_none|                            dw_patch_0_16_6_val|        scalar|
|dw_patch_0_15_7_val   |   in|    8|     ap_none|                            dw_patch_0_15_7_val|        scalar|
|dw_patch_0_15_8_val   |   in|    8|     ap_none|                            dw_patch_0_15_8_val|        scalar|
|dw_patch_0_16_7_val   |   in|    8|     ap_none|                            dw_patch_0_16_7_val|        scalar|
|dw_patch_0_16_8_val   |   in|    8|     ap_none|                            dw_patch_0_16_8_val|        scalar|
|dw_patch_0_15_9_val   |   in|    8|     ap_none|                            dw_patch_0_15_9_val|        scalar|
|dw_patch_0_15_10_val  |   in|    8|     ap_none|                           dw_patch_0_15_10_val|        scalar|
|dw_patch_0_16_9_val   |   in|    8|     ap_none|                            dw_patch_0_16_9_val|        scalar|
|dw_patch_0_16_10_val  |   in|    8|     ap_none|                           dw_patch_0_16_10_val|        scalar|
|dw_patch_0_15_11_val  |   in|    8|     ap_none|                           dw_patch_0_15_11_val|        scalar|
|dw_patch_0_15_12_val  |   in|    8|     ap_none|                           dw_patch_0_15_12_val|        scalar|
|dw_patch_0_16_11_val  |   in|    8|     ap_none|                           dw_patch_0_16_11_val|        scalar|
|dw_patch_0_16_12_val  |   in|    8|     ap_none|                           dw_patch_0_16_12_val|        scalar|
|dw_patch_0_15_13_val  |   in|    8|     ap_none|                           dw_patch_0_15_13_val|        scalar|
|dw_patch_0_15_14_val  |   in|    8|     ap_none|                           dw_patch_0_15_14_val|        scalar|
|dw_patch_0_16_13_val  |   in|    8|     ap_none|                           dw_patch_0_16_13_val|        scalar|
|dw_patch_0_16_14_val  |   in|    8|     ap_none|                           dw_patch_0_16_14_val|        scalar|
|dw_patch_0_15_15_val  |   in|    8|     ap_none|                           dw_patch_0_15_15_val|        scalar|
|dw_patch_0_15_16_val  |   in|    8|     ap_none|                           dw_patch_0_15_16_val|        scalar|
|dw_patch_0_16_15_val  |   in|    8|     ap_none|                           dw_patch_0_16_15_val|        scalar|
|dw_patch_0_16_16_val  |   in|    8|     ap_none|                           dw_patch_0_16_16_val|        scalar|
|dw_patch_1_0_10_val   |   in|    8|     ap_none|                            dw_patch_1_0_10_val|        scalar|
|dw_patch_1_1_10_val   |   in|    8|     ap_none|                            dw_patch_1_1_10_val|        scalar|
|dw_patch_1_2_10_val   |   in|    8|     ap_none|                            dw_patch_1_2_10_val|        scalar|
|dw_patch_1_0_11_val   |   in|    8|     ap_none|                            dw_patch_1_0_11_val|        scalar|
|dw_patch_1_0_12_val   |   in|    8|     ap_none|                            dw_patch_1_0_12_val|        scalar|
|dw_patch_1_1_11_val   |   in|    8|     ap_none|                            dw_patch_1_1_11_val|        scalar|
|dw_patch_1_1_12_val   |   in|    8|     ap_none|                            dw_patch_1_1_12_val|        scalar|
|dw_patch_1_2_11_val   |   in|    8|     ap_none|                            dw_patch_1_2_11_val|        scalar|
|dw_patch_1_2_12_val   |   in|    8|     ap_none|                            dw_patch_1_2_12_val|        scalar|
|dw_patch_1_0_13_val   |   in|    8|     ap_none|                            dw_patch_1_0_13_val|        scalar|
|dw_patch_1_0_14_val   |   in|    8|     ap_none|                            dw_patch_1_0_14_val|        scalar|
|dw_patch_1_1_13_val   |   in|    8|     ap_none|                            dw_patch_1_1_13_val|        scalar|
|dw_patch_1_1_14_val   |   in|    8|     ap_none|                            dw_patch_1_1_14_val|        scalar|
|dw_patch_1_2_13_val   |   in|    8|     ap_none|                            dw_patch_1_2_13_val|        scalar|
|dw_patch_1_2_14_val   |   in|    8|     ap_none|                            dw_patch_1_2_14_val|        scalar|
|dw_patch_1_0_15_val   |   in|    8|     ap_none|                            dw_patch_1_0_15_val|        scalar|
|dw_patch_1_0_16_val   |   in|    8|     ap_none|                            dw_patch_1_0_16_val|        scalar|
|dw_patch_1_1_15_val   |   in|    8|     ap_none|                            dw_patch_1_1_15_val|        scalar|
|dw_patch_1_1_16_val   |   in|    8|     ap_none|                            dw_patch_1_1_16_val|        scalar|
|dw_patch_1_2_15_val   |   in|    8|     ap_none|                            dw_patch_1_2_15_val|        scalar|
|dw_patch_1_2_16_val   |   in|    8|     ap_none|                            dw_patch_1_2_16_val|        scalar|
|dw_patch_1_3_10_val   |   in|    8|     ap_none|                            dw_patch_1_3_10_val|        scalar|
|dw_patch_1_4_10_val   |   in|    8|     ap_none|                            dw_patch_1_4_10_val|        scalar|
|dw_patch_1_3_11_val   |   in|    8|     ap_none|                            dw_patch_1_3_11_val|        scalar|
|dw_patch_1_3_12_val   |   in|    8|     ap_none|                            dw_patch_1_3_12_val|        scalar|
|dw_patch_1_4_11_val   |   in|    8|     ap_none|                            dw_patch_1_4_11_val|        scalar|
|dw_patch_1_4_12_val   |   in|    8|     ap_none|                            dw_patch_1_4_12_val|        scalar|
|dw_patch_1_3_13_val   |   in|    8|     ap_none|                            dw_patch_1_3_13_val|        scalar|
|dw_patch_1_3_14_val   |   in|    8|     ap_none|                            dw_patch_1_3_14_val|        scalar|
|dw_patch_1_4_13_val   |   in|    8|     ap_none|                            dw_patch_1_4_13_val|        scalar|
|dw_patch_1_4_14_val   |   in|    8|     ap_none|                            dw_patch_1_4_14_val|        scalar|
|dw_patch_1_3_15_val   |   in|    8|     ap_none|                            dw_patch_1_3_15_val|        scalar|
|dw_patch_1_3_16_val   |   in|    8|     ap_none|                            dw_patch_1_3_16_val|        scalar|
|dw_patch_1_4_15_val   |   in|    8|     ap_none|                            dw_patch_1_4_15_val|        scalar|
|dw_patch_1_4_16_val   |   in|    8|     ap_none|                            dw_patch_1_4_16_val|        scalar|
|dw_patch_1_5_10_val   |   in|    8|     ap_none|                            dw_patch_1_5_10_val|        scalar|
|dw_patch_1_6_10_val   |   in|    8|     ap_none|                            dw_patch_1_6_10_val|        scalar|
|dw_patch_1_5_11_val   |   in|    8|     ap_none|                            dw_patch_1_5_11_val|        scalar|
|dw_patch_1_5_12_val   |   in|    8|     ap_none|                            dw_patch_1_5_12_val|        scalar|
|dw_patch_1_6_11_val   |   in|    8|     ap_none|                            dw_patch_1_6_11_val|        scalar|
|dw_patch_1_6_12_val   |   in|    8|     ap_none|                            dw_patch_1_6_12_val|        scalar|
|dw_patch_1_5_13_val   |   in|    8|     ap_none|                            dw_patch_1_5_13_val|        scalar|
|dw_patch_1_5_14_val   |   in|    8|     ap_none|                            dw_patch_1_5_14_val|        scalar|
|dw_patch_1_6_13_val   |   in|    8|     ap_none|                            dw_patch_1_6_13_val|        scalar|
|dw_patch_1_6_14_val   |   in|    8|     ap_none|                            dw_patch_1_6_14_val|        scalar|
|dw_patch_1_5_15_val   |   in|    8|     ap_none|                            dw_patch_1_5_15_val|        scalar|
|dw_patch_1_5_16_val   |   in|    8|     ap_none|                            dw_patch_1_5_16_val|        scalar|
|dw_patch_1_6_15_val   |   in|    8|     ap_none|                            dw_patch_1_6_15_val|        scalar|
|dw_patch_1_6_16_val   |   in|    8|     ap_none|                            dw_patch_1_6_16_val|        scalar|
|dw_patch_1_7_10_val   |   in|    8|     ap_none|                            dw_patch_1_7_10_val|        scalar|
|dw_patch_1_8_10_val   |   in|    8|     ap_none|                            dw_patch_1_8_10_val|        scalar|
|dw_patch_1_7_11_val   |   in|    8|     ap_none|                            dw_patch_1_7_11_val|        scalar|
|dw_patch_1_7_12_val   |   in|    8|     ap_none|                            dw_patch_1_7_12_val|        scalar|
|dw_patch_1_8_11_val   |   in|    8|     ap_none|                            dw_patch_1_8_11_val|        scalar|
|dw_patch_1_8_12_val   |   in|    8|     ap_none|                            dw_patch_1_8_12_val|        scalar|
|dw_patch_1_7_13_val   |   in|    8|     ap_none|                            dw_patch_1_7_13_val|        scalar|
|dw_patch_1_7_14_val   |   in|    8|     ap_none|                            dw_patch_1_7_14_val|        scalar|
|dw_patch_1_8_13_val   |   in|    8|     ap_none|                            dw_patch_1_8_13_val|        scalar|
|dw_patch_1_8_14_val   |   in|    8|     ap_none|                            dw_patch_1_8_14_val|        scalar|
|dw_patch_1_7_15_val   |   in|    8|     ap_none|                            dw_patch_1_7_15_val|        scalar|
|dw_patch_1_7_16_val   |   in|    8|     ap_none|                            dw_patch_1_7_16_val|        scalar|
|dw_patch_1_8_15_val   |   in|    8|     ap_none|                            dw_patch_1_8_15_val|        scalar|
|dw_patch_1_8_16_val   |   in|    8|     ap_none|                            dw_patch_1_8_16_val|        scalar|
|dw_patch_1_10_0_val   |   in|    8|     ap_none|                            dw_patch_1_10_0_val|        scalar|
|dw_patch_1_10_1_val   |   in|    8|     ap_none|                            dw_patch_1_10_1_val|        scalar|
|dw_patch_1_10_2_val   |   in|    8|     ap_none|                            dw_patch_1_10_2_val|        scalar|
|dw_patch_1_10_3_val   |   in|    8|     ap_none|                            dw_patch_1_10_3_val|        scalar|
|dw_patch_1_10_4_val   |   in|    8|     ap_none|                            dw_patch_1_10_4_val|        scalar|
|dw_patch_1_10_5_val   |   in|    8|     ap_none|                            dw_patch_1_10_5_val|        scalar|
|dw_patch_1_10_6_val   |   in|    8|     ap_none|                            dw_patch_1_10_6_val|        scalar|
|dw_patch_1_10_7_val   |   in|    8|     ap_none|                            dw_patch_1_10_7_val|        scalar|
|dw_patch_1_10_8_val   |   in|    8|     ap_none|                            dw_patch_1_10_8_val|        scalar|
|dw_patch_1_9_10_val   |   in|    8|     ap_none|                            dw_patch_1_9_10_val|        scalar|
|dw_patch_1_10_9_val   |   in|    8|     ap_none|                            dw_patch_1_10_9_val|        scalar|
|dw_patch_1_10_10_val  |   in|    8|     ap_none|                           dw_patch_1_10_10_val|        scalar|
|dw_patch_1_9_11_val   |   in|    8|     ap_none|                            dw_patch_1_9_11_val|        scalar|
|dw_patch_1_9_12_val   |   in|    8|     ap_none|                            dw_patch_1_9_12_val|        scalar|
|dw_patch_1_10_11_val  |   in|    8|     ap_none|                           dw_patch_1_10_11_val|        scalar|
|dw_patch_1_10_12_val  |   in|    8|     ap_none|                           dw_patch_1_10_12_val|        scalar|
|dw_patch_1_9_13_val   |   in|    8|     ap_none|                            dw_patch_1_9_13_val|        scalar|
|dw_patch_1_9_14_val   |   in|    8|     ap_none|                            dw_patch_1_9_14_val|        scalar|
|dw_patch_1_10_13_val  |   in|    8|     ap_none|                           dw_patch_1_10_13_val|        scalar|
|dw_patch_1_10_14_val  |   in|    8|     ap_none|                           dw_patch_1_10_14_val|        scalar|
|dw_patch_1_9_15_val   |   in|    8|     ap_none|                            dw_patch_1_9_15_val|        scalar|
|dw_patch_1_9_16_val   |   in|    8|     ap_none|                            dw_patch_1_9_16_val|        scalar|
|dw_patch_1_10_15_val  |   in|    8|     ap_none|                           dw_patch_1_10_15_val|        scalar|
|dw_patch_1_10_16_val  |   in|    8|     ap_none|                           dw_patch_1_10_16_val|        scalar|
|dw_patch_1_11_0_val   |   in|    8|     ap_none|                            dw_patch_1_11_0_val|        scalar|
|dw_patch_1_11_1_val   |   in|    8|     ap_none|                            dw_patch_1_11_1_val|        scalar|
|dw_patch_1_11_2_val   |   in|    8|     ap_none|                            dw_patch_1_11_2_val|        scalar|
|dw_patch_1_12_0_val   |   in|    8|     ap_none|                            dw_patch_1_12_0_val|        scalar|
|dw_patch_1_12_1_val   |   in|    8|     ap_none|                            dw_patch_1_12_1_val|        scalar|
|dw_patch_1_12_2_val   |   in|    8|     ap_none|                            dw_patch_1_12_2_val|        scalar|
|dw_patch_1_11_3_val   |   in|    8|     ap_none|                            dw_patch_1_11_3_val|        scalar|
|dw_patch_1_11_4_val   |   in|    8|     ap_none|                            dw_patch_1_11_4_val|        scalar|
|dw_patch_1_12_3_val   |   in|    8|     ap_none|                            dw_patch_1_12_3_val|        scalar|
|dw_patch_1_12_4_val   |   in|    8|     ap_none|                            dw_patch_1_12_4_val|        scalar|
|dw_patch_1_11_5_val   |   in|    8|     ap_none|                            dw_patch_1_11_5_val|        scalar|
|dw_patch_1_11_6_val   |   in|    8|     ap_none|                            dw_patch_1_11_6_val|        scalar|
|dw_patch_1_12_5_val   |   in|    8|     ap_none|                            dw_patch_1_12_5_val|        scalar|
|dw_patch_1_12_6_val   |   in|    8|     ap_none|                            dw_patch_1_12_6_val|        scalar|
|dw_patch_1_11_7_val   |   in|    8|     ap_none|                            dw_patch_1_11_7_val|        scalar|
|dw_patch_1_11_8_val   |   in|    8|     ap_none|                            dw_patch_1_11_8_val|        scalar|
|dw_patch_1_12_7_val   |   in|    8|     ap_none|                            dw_patch_1_12_7_val|        scalar|
|dw_patch_1_12_8_val   |   in|    8|     ap_none|                            dw_patch_1_12_8_val|        scalar|
|dw_patch_1_11_9_val   |   in|    8|     ap_none|                            dw_patch_1_11_9_val|        scalar|
|dw_patch_1_11_10_val  |   in|    8|     ap_none|                           dw_patch_1_11_10_val|        scalar|
|dw_patch_1_12_9_val   |   in|    8|     ap_none|                            dw_patch_1_12_9_val|        scalar|
|dw_patch_1_12_10_val  |   in|    8|     ap_none|                           dw_patch_1_12_10_val|        scalar|
|dw_patch_1_11_11_val  |   in|    8|     ap_none|                           dw_patch_1_11_11_val|        scalar|
|dw_patch_1_11_12_val  |   in|    8|     ap_none|                           dw_patch_1_11_12_val|        scalar|
|dw_patch_1_12_11_val  |   in|    8|     ap_none|                           dw_patch_1_12_11_val|        scalar|
|dw_patch_1_12_12_val  |   in|    8|     ap_none|                           dw_patch_1_12_12_val|        scalar|
|dw_patch_1_11_13_val  |   in|    8|     ap_none|                           dw_patch_1_11_13_val|        scalar|
|dw_patch_1_11_14_val  |   in|    8|     ap_none|                           dw_patch_1_11_14_val|        scalar|
|dw_patch_1_12_13_val  |   in|    8|     ap_none|                           dw_patch_1_12_13_val|        scalar|
|dw_patch_1_12_14_val  |   in|    8|     ap_none|                           dw_patch_1_12_14_val|        scalar|
|dw_patch_1_11_15_val  |   in|    8|     ap_none|                           dw_patch_1_11_15_val|        scalar|
|dw_patch_1_11_16_val  |   in|    8|     ap_none|                           dw_patch_1_11_16_val|        scalar|
|dw_patch_1_12_15_val  |   in|    8|     ap_none|                           dw_patch_1_12_15_val|        scalar|
|dw_patch_1_12_16_val  |   in|    8|     ap_none|                           dw_patch_1_12_16_val|        scalar|
|dw_patch_1_13_0_val   |   in|    8|     ap_none|                            dw_patch_1_13_0_val|        scalar|
|dw_patch_1_13_1_val   |   in|    8|     ap_none|                            dw_patch_1_13_1_val|        scalar|
|dw_patch_1_13_2_val   |   in|    8|     ap_none|                            dw_patch_1_13_2_val|        scalar|
|dw_patch_1_14_0_val   |   in|    8|     ap_none|                            dw_patch_1_14_0_val|        scalar|
|dw_patch_1_14_1_val   |   in|    8|     ap_none|                            dw_patch_1_14_1_val|        scalar|
|dw_patch_1_14_2_val   |   in|    8|     ap_none|                            dw_patch_1_14_2_val|        scalar|
|dw_patch_1_13_3_val   |   in|    8|     ap_none|                            dw_patch_1_13_3_val|        scalar|
|dw_patch_1_13_4_val   |   in|    8|     ap_none|                            dw_patch_1_13_4_val|        scalar|
|dw_patch_1_14_3_val   |   in|    8|     ap_none|                            dw_patch_1_14_3_val|        scalar|
|dw_patch_1_14_4_val   |   in|    8|     ap_none|                            dw_patch_1_14_4_val|        scalar|
|dw_patch_1_13_5_val   |   in|    8|     ap_none|                            dw_patch_1_13_5_val|        scalar|
|dw_patch_1_13_6_val   |   in|    8|     ap_none|                            dw_patch_1_13_6_val|        scalar|
|dw_patch_1_14_5_val   |   in|    8|     ap_none|                            dw_patch_1_14_5_val|        scalar|
|dw_patch_1_14_6_val   |   in|    8|     ap_none|                            dw_patch_1_14_6_val|        scalar|
|dw_patch_1_13_7_val   |   in|    8|     ap_none|                            dw_patch_1_13_7_val|        scalar|
|dw_patch_1_13_8_val   |   in|    8|     ap_none|                            dw_patch_1_13_8_val|        scalar|
|dw_patch_1_14_7_val   |   in|    8|     ap_none|                            dw_patch_1_14_7_val|        scalar|
|dw_patch_1_14_8_val   |   in|    8|     ap_none|                            dw_patch_1_14_8_val|        scalar|
|dw_patch_1_13_9_val   |   in|    8|     ap_none|                            dw_patch_1_13_9_val|        scalar|
|dw_patch_1_13_10_val  |   in|    8|     ap_none|                           dw_patch_1_13_10_val|        scalar|
|dw_patch_1_14_9_val   |   in|    8|     ap_none|                            dw_patch_1_14_9_val|        scalar|
|dw_patch_1_14_10_val  |   in|    8|     ap_none|                           dw_patch_1_14_10_val|        scalar|
|dw_patch_1_13_11_val  |   in|    8|     ap_none|                           dw_patch_1_13_11_val|        scalar|
|dw_patch_1_13_12_val  |   in|    8|     ap_none|                           dw_patch_1_13_12_val|        scalar|
|dw_patch_1_14_11_val  |   in|    8|     ap_none|                           dw_patch_1_14_11_val|        scalar|
|dw_patch_1_14_12_val  |   in|    8|     ap_none|                           dw_patch_1_14_12_val|        scalar|
|dw_patch_1_13_13_val  |   in|    8|     ap_none|                           dw_patch_1_13_13_val|        scalar|
|dw_patch_1_13_14_val  |   in|    8|     ap_none|                           dw_patch_1_13_14_val|        scalar|
|dw_patch_1_14_13_val  |   in|    8|     ap_none|                           dw_patch_1_14_13_val|        scalar|
|dw_patch_1_14_14_val  |   in|    8|     ap_none|                           dw_patch_1_14_14_val|        scalar|
|dw_patch_1_13_15_val  |   in|    8|     ap_none|                           dw_patch_1_13_15_val|        scalar|
|dw_patch_1_13_16_val  |   in|    8|     ap_none|                           dw_patch_1_13_16_val|        scalar|
|dw_patch_1_14_15_val  |   in|    8|     ap_none|                           dw_patch_1_14_15_val|        scalar|
|dw_patch_1_14_16_val  |   in|    8|     ap_none|                           dw_patch_1_14_16_val|        scalar|
|dw_patch_1_15_0_val   |   in|    8|     ap_none|                            dw_patch_1_15_0_val|        scalar|
|dw_patch_1_15_1_val   |   in|    8|     ap_none|                            dw_patch_1_15_1_val|        scalar|
|dw_patch_1_15_2_val   |   in|    8|     ap_none|                            dw_patch_1_15_2_val|        scalar|
|dw_patch_1_16_0_val   |   in|    8|     ap_none|                            dw_patch_1_16_0_val|        scalar|
|dw_patch_1_16_1_val   |   in|    8|     ap_none|                            dw_patch_1_16_1_val|        scalar|
|dw_patch_1_16_2_val   |   in|    8|     ap_none|                            dw_patch_1_16_2_val|        scalar|
|dw_patch_1_15_3_val   |   in|    8|     ap_none|                            dw_patch_1_15_3_val|        scalar|
|dw_patch_1_15_4_val   |   in|    8|     ap_none|                            dw_patch_1_15_4_val|        scalar|
|dw_patch_1_16_3_val   |   in|    8|     ap_none|                            dw_patch_1_16_3_val|        scalar|
|dw_patch_1_16_4_val   |   in|    8|     ap_none|                            dw_patch_1_16_4_val|        scalar|
|dw_patch_1_15_5_val   |   in|    8|     ap_none|                            dw_patch_1_15_5_val|        scalar|
|dw_patch_1_15_6_val   |   in|    8|     ap_none|                            dw_patch_1_15_6_val|        scalar|
|dw_patch_1_16_5_val   |   in|    8|     ap_none|                            dw_patch_1_16_5_val|        scalar|
|dw_patch_1_16_6_val   |   in|    8|     ap_none|                            dw_patch_1_16_6_val|        scalar|
|dw_patch_1_15_7_val   |   in|    8|     ap_none|                            dw_patch_1_15_7_val|        scalar|
|dw_patch_1_15_8_val   |   in|    8|     ap_none|                            dw_patch_1_15_8_val|        scalar|
|dw_patch_1_16_7_val   |   in|    8|     ap_none|                            dw_patch_1_16_7_val|        scalar|
|dw_patch_1_16_8_val   |   in|    8|     ap_none|                            dw_patch_1_16_8_val|        scalar|
|dw_patch_1_15_9_val   |   in|    8|     ap_none|                            dw_patch_1_15_9_val|        scalar|
|dw_patch_1_15_10_val  |   in|    8|     ap_none|                           dw_patch_1_15_10_val|        scalar|
|dw_patch_1_16_9_val   |   in|    8|     ap_none|                            dw_patch_1_16_9_val|        scalar|
|dw_patch_1_16_10_val  |   in|    8|     ap_none|                           dw_patch_1_16_10_val|        scalar|
|dw_patch_1_15_11_val  |   in|    8|     ap_none|                           dw_patch_1_15_11_val|        scalar|
|dw_patch_1_15_12_val  |   in|    8|     ap_none|                           dw_patch_1_15_12_val|        scalar|
|dw_patch_1_16_11_val  |   in|    8|     ap_none|                           dw_patch_1_16_11_val|        scalar|
|dw_patch_1_16_12_val  |   in|    8|     ap_none|                           dw_patch_1_16_12_val|        scalar|
|dw_patch_1_15_13_val  |   in|    8|     ap_none|                           dw_patch_1_15_13_val|        scalar|
|dw_patch_1_15_14_val  |   in|    8|     ap_none|                           dw_patch_1_15_14_val|        scalar|
|dw_patch_1_16_13_val  |   in|    8|     ap_none|                           dw_patch_1_16_13_val|        scalar|
|dw_patch_1_16_14_val  |   in|    8|     ap_none|                           dw_patch_1_16_14_val|        scalar|
|dw_patch_1_15_15_val  |   in|    8|     ap_none|                           dw_patch_1_15_15_val|        scalar|
|dw_patch_1_15_16_val  |   in|    8|     ap_none|                           dw_patch_1_15_16_val|        scalar|
|dw_patch_1_16_15_val  |   in|    8|     ap_none|                           dw_patch_1_16_15_val|        scalar|
|dw_patch_1_16_16_val  |   in|    8|     ap_none|                           dw_patch_1_16_16_val|        scalar|
|dw_patch_2_0_10_val   |   in|    8|     ap_none|                            dw_patch_2_0_10_val|        scalar|
|dw_patch_2_1_10_val   |   in|    8|     ap_none|                            dw_patch_2_1_10_val|        scalar|
|dw_patch_2_2_10_val   |   in|    8|     ap_none|                            dw_patch_2_2_10_val|        scalar|
|dw_patch_2_0_11_val   |   in|    8|     ap_none|                            dw_patch_2_0_11_val|        scalar|
|dw_patch_2_0_12_val   |   in|    8|     ap_none|                            dw_patch_2_0_12_val|        scalar|
|dw_patch_2_1_11_val   |   in|    8|     ap_none|                            dw_patch_2_1_11_val|        scalar|
|dw_patch_2_1_12_val   |   in|    8|     ap_none|                            dw_patch_2_1_12_val|        scalar|
|dw_patch_2_2_11_val   |   in|    8|     ap_none|                            dw_patch_2_2_11_val|        scalar|
|dw_patch_2_2_12_val   |   in|    8|     ap_none|                            dw_patch_2_2_12_val|        scalar|
|dw_patch_2_0_13_val   |   in|    8|     ap_none|                            dw_patch_2_0_13_val|        scalar|
|dw_patch_2_0_14_val   |   in|    8|     ap_none|                            dw_patch_2_0_14_val|        scalar|
|dw_patch_2_1_13_val   |   in|    8|     ap_none|                            dw_patch_2_1_13_val|        scalar|
|dw_patch_2_1_14_val   |   in|    8|     ap_none|                            dw_patch_2_1_14_val|        scalar|
|dw_patch_2_2_13_val   |   in|    8|     ap_none|                            dw_patch_2_2_13_val|        scalar|
|dw_patch_2_2_14_val   |   in|    8|     ap_none|                            dw_patch_2_2_14_val|        scalar|
|dw_patch_2_0_15_val   |   in|    8|     ap_none|                            dw_patch_2_0_15_val|        scalar|
|dw_patch_2_0_16_val   |   in|    8|     ap_none|                            dw_patch_2_0_16_val|        scalar|
|dw_patch_2_1_15_val   |   in|    8|     ap_none|                            dw_patch_2_1_15_val|        scalar|
|dw_patch_2_1_16_val   |   in|    8|     ap_none|                            dw_patch_2_1_16_val|        scalar|
|dw_patch_2_2_15_val   |   in|    8|     ap_none|                            dw_patch_2_2_15_val|        scalar|
|dw_patch_2_2_16_val   |   in|    8|     ap_none|                            dw_patch_2_2_16_val|        scalar|
|dw_patch_2_3_10_val   |   in|    8|     ap_none|                            dw_patch_2_3_10_val|        scalar|
|dw_patch_2_4_10_val   |   in|    8|     ap_none|                            dw_patch_2_4_10_val|        scalar|
|dw_patch_2_3_11_val   |   in|    8|     ap_none|                            dw_patch_2_3_11_val|        scalar|
|dw_patch_2_3_12_val   |   in|    8|     ap_none|                            dw_patch_2_3_12_val|        scalar|
|dw_patch_2_4_11_val   |   in|    8|     ap_none|                            dw_patch_2_4_11_val|        scalar|
|dw_patch_2_4_12_val   |   in|    8|     ap_none|                            dw_patch_2_4_12_val|        scalar|
|dw_patch_2_3_13_val   |   in|    8|     ap_none|                            dw_patch_2_3_13_val|        scalar|
|dw_patch_2_3_14_val   |   in|    8|     ap_none|                            dw_patch_2_3_14_val|        scalar|
|dw_patch_2_4_13_val   |   in|    8|     ap_none|                            dw_patch_2_4_13_val|        scalar|
|dw_patch_2_4_14_val   |   in|    8|     ap_none|                            dw_patch_2_4_14_val|        scalar|
|dw_patch_2_3_15_val   |   in|    8|     ap_none|                            dw_patch_2_3_15_val|        scalar|
|dw_patch_2_3_16_val   |   in|    8|     ap_none|                            dw_patch_2_3_16_val|        scalar|
|dw_patch_2_4_15_val   |   in|    8|     ap_none|                            dw_patch_2_4_15_val|        scalar|
|dw_patch_2_4_16_val   |   in|    8|     ap_none|                            dw_patch_2_4_16_val|        scalar|
|dw_patch_2_5_10_val   |   in|    8|     ap_none|                            dw_patch_2_5_10_val|        scalar|
|dw_patch_2_6_10_val   |   in|    8|     ap_none|                            dw_patch_2_6_10_val|        scalar|
|dw_patch_2_5_11_val   |   in|    8|     ap_none|                            dw_patch_2_5_11_val|        scalar|
|dw_patch_2_5_12_val   |   in|    8|     ap_none|                            dw_patch_2_5_12_val|        scalar|
|dw_patch_2_6_11_val   |   in|    8|     ap_none|                            dw_patch_2_6_11_val|        scalar|
|dw_patch_2_6_12_val   |   in|    8|     ap_none|                            dw_patch_2_6_12_val|        scalar|
|dw_patch_2_5_13_val   |   in|    8|     ap_none|                            dw_patch_2_5_13_val|        scalar|
|dw_patch_2_5_14_val   |   in|    8|     ap_none|                            dw_patch_2_5_14_val|        scalar|
|dw_patch_2_6_13_val   |   in|    8|     ap_none|                            dw_patch_2_6_13_val|        scalar|
|dw_patch_2_6_14_val   |   in|    8|     ap_none|                            dw_patch_2_6_14_val|        scalar|
|dw_patch_2_5_15_val   |   in|    8|     ap_none|                            dw_patch_2_5_15_val|        scalar|
|dw_patch_2_5_16_val   |   in|    8|     ap_none|                            dw_patch_2_5_16_val|        scalar|
|dw_patch_2_6_15_val   |   in|    8|     ap_none|                            dw_patch_2_6_15_val|        scalar|
|dw_patch_2_6_16_val   |   in|    8|     ap_none|                            dw_patch_2_6_16_val|        scalar|
|dw_patch_2_7_10_val   |   in|    8|     ap_none|                            dw_patch_2_7_10_val|        scalar|
|dw_patch_2_8_10_val   |   in|    8|     ap_none|                            dw_patch_2_8_10_val|        scalar|
|dw_patch_2_7_11_val   |   in|    8|     ap_none|                            dw_patch_2_7_11_val|        scalar|
|dw_patch_2_7_12_val   |   in|    8|     ap_none|                            dw_patch_2_7_12_val|        scalar|
|dw_patch_2_8_11_val   |   in|    8|     ap_none|                            dw_patch_2_8_11_val|        scalar|
|dw_patch_2_8_12_val   |   in|    8|     ap_none|                            dw_patch_2_8_12_val|        scalar|
|dw_patch_2_7_13_val   |   in|    8|     ap_none|                            dw_patch_2_7_13_val|        scalar|
|dw_patch_2_7_14_val   |   in|    8|     ap_none|                            dw_patch_2_7_14_val|        scalar|
|dw_patch_2_8_13_val   |   in|    8|     ap_none|                            dw_patch_2_8_13_val|        scalar|
|dw_patch_2_8_14_val   |   in|    8|     ap_none|                            dw_patch_2_8_14_val|        scalar|
|dw_patch_2_7_15_val   |   in|    8|     ap_none|                            dw_patch_2_7_15_val|        scalar|
|dw_patch_2_7_16_val   |   in|    8|     ap_none|                            dw_patch_2_7_16_val|        scalar|
|dw_patch_2_8_15_val   |   in|    8|     ap_none|                            dw_patch_2_8_15_val|        scalar|
|dw_patch_2_8_16_val   |   in|    8|     ap_none|                            dw_patch_2_8_16_val|        scalar|
|dw_patch_2_10_0_val   |   in|    8|     ap_none|                            dw_patch_2_10_0_val|        scalar|
|dw_patch_2_10_1_val   |   in|    8|     ap_none|                            dw_patch_2_10_1_val|        scalar|
|dw_patch_2_10_2_val   |   in|    8|     ap_none|                            dw_patch_2_10_2_val|        scalar|
|dw_patch_2_10_3_val   |   in|    8|     ap_none|                            dw_patch_2_10_3_val|        scalar|
|dw_patch_2_10_4_val   |   in|    8|     ap_none|                            dw_patch_2_10_4_val|        scalar|
|dw_patch_2_10_5_val   |   in|    8|     ap_none|                            dw_patch_2_10_5_val|        scalar|
|dw_patch_2_10_6_val   |   in|    8|     ap_none|                            dw_patch_2_10_6_val|        scalar|
|dw_patch_2_10_7_val   |   in|    8|     ap_none|                            dw_patch_2_10_7_val|        scalar|
|dw_patch_2_10_8_val   |   in|    8|     ap_none|                            dw_patch_2_10_8_val|        scalar|
|dw_patch_2_9_10_val   |   in|    8|     ap_none|                            dw_patch_2_9_10_val|        scalar|
|dw_patch_2_10_9_val   |   in|    8|     ap_none|                            dw_patch_2_10_9_val|        scalar|
|dw_patch_2_10_10_val  |   in|    8|     ap_none|                           dw_patch_2_10_10_val|        scalar|
|dw_patch_2_9_11_val   |   in|    8|     ap_none|                            dw_patch_2_9_11_val|        scalar|
|dw_patch_2_9_12_val   |   in|    8|     ap_none|                            dw_patch_2_9_12_val|        scalar|
|dw_patch_2_10_11_val  |   in|    8|     ap_none|                           dw_patch_2_10_11_val|        scalar|
|dw_patch_2_10_12_val  |   in|    8|     ap_none|                           dw_patch_2_10_12_val|        scalar|
|dw_patch_2_9_13_val   |   in|    8|     ap_none|                            dw_patch_2_9_13_val|        scalar|
|dw_patch_2_9_14_val   |   in|    8|     ap_none|                            dw_patch_2_9_14_val|        scalar|
|dw_patch_2_10_13_val  |   in|    8|     ap_none|                           dw_patch_2_10_13_val|        scalar|
|dw_patch_2_10_14_val  |   in|    8|     ap_none|                           dw_patch_2_10_14_val|        scalar|
|dw_patch_2_9_15_val   |   in|    8|     ap_none|                            dw_patch_2_9_15_val|        scalar|
|dw_patch_2_9_16_val   |   in|    8|     ap_none|                            dw_patch_2_9_16_val|        scalar|
|dw_patch_2_10_15_val  |   in|    8|     ap_none|                           dw_patch_2_10_15_val|        scalar|
|dw_patch_2_10_16_val  |   in|    8|     ap_none|                           dw_patch_2_10_16_val|        scalar|
|dw_patch_2_11_0_val   |   in|    8|     ap_none|                            dw_patch_2_11_0_val|        scalar|
|dw_patch_2_11_1_val   |   in|    8|     ap_none|                            dw_patch_2_11_1_val|        scalar|
|dw_patch_2_11_2_val   |   in|    8|     ap_none|                            dw_patch_2_11_2_val|        scalar|
|dw_patch_2_12_0_val   |   in|    8|     ap_none|                            dw_patch_2_12_0_val|        scalar|
|dw_patch_2_12_1_val   |   in|    8|     ap_none|                            dw_patch_2_12_1_val|        scalar|
|dw_patch_2_12_2_val   |   in|    8|     ap_none|                            dw_patch_2_12_2_val|        scalar|
|dw_patch_2_11_3_val   |   in|    8|     ap_none|                            dw_patch_2_11_3_val|        scalar|
|dw_patch_2_11_4_val   |   in|    8|     ap_none|                            dw_patch_2_11_4_val|        scalar|
|dw_patch_2_12_3_val   |   in|    8|     ap_none|                            dw_patch_2_12_3_val|        scalar|
|dw_patch_2_12_4_val   |   in|    8|     ap_none|                            dw_patch_2_12_4_val|        scalar|
|dw_patch_2_11_5_val   |   in|    8|     ap_none|                            dw_patch_2_11_5_val|        scalar|
|dw_patch_2_11_6_val   |   in|    8|     ap_none|                            dw_patch_2_11_6_val|        scalar|
|dw_patch_2_12_5_val   |   in|    8|     ap_none|                            dw_patch_2_12_5_val|        scalar|
|dw_patch_2_12_6_val   |   in|    8|     ap_none|                            dw_patch_2_12_6_val|        scalar|
|dw_patch_2_11_7_val   |   in|    8|     ap_none|                            dw_patch_2_11_7_val|        scalar|
|dw_patch_2_11_8_val   |   in|    8|     ap_none|                            dw_patch_2_11_8_val|        scalar|
|dw_patch_2_12_7_val   |   in|    8|     ap_none|                            dw_patch_2_12_7_val|        scalar|
|dw_patch_2_12_8_val   |   in|    8|     ap_none|                            dw_patch_2_12_8_val|        scalar|
|dw_patch_2_11_9_val   |   in|    8|     ap_none|                            dw_patch_2_11_9_val|        scalar|
|dw_patch_2_11_10_val  |   in|    8|     ap_none|                           dw_patch_2_11_10_val|        scalar|
|dw_patch_2_12_9_val   |   in|    8|     ap_none|                            dw_patch_2_12_9_val|        scalar|
|dw_patch_2_12_10_val  |   in|    8|     ap_none|                           dw_patch_2_12_10_val|        scalar|
|dw_patch_2_11_11_val  |   in|    8|     ap_none|                           dw_patch_2_11_11_val|        scalar|
|dw_patch_2_11_12_val  |   in|    8|     ap_none|                           dw_patch_2_11_12_val|        scalar|
|dw_patch_2_12_11_val  |   in|    8|     ap_none|                           dw_patch_2_12_11_val|        scalar|
|dw_patch_2_12_12_val  |   in|    8|     ap_none|                           dw_patch_2_12_12_val|        scalar|
|dw_patch_2_11_13_val  |   in|    8|     ap_none|                           dw_patch_2_11_13_val|        scalar|
|dw_patch_2_11_14_val  |   in|    8|     ap_none|                           dw_patch_2_11_14_val|        scalar|
|dw_patch_2_12_13_val  |   in|    8|     ap_none|                           dw_patch_2_12_13_val|        scalar|
|dw_patch_2_12_14_val  |   in|    8|     ap_none|                           dw_patch_2_12_14_val|        scalar|
|dw_patch_2_11_15_val  |   in|    8|     ap_none|                           dw_patch_2_11_15_val|        scalar|
|dw_patch_2_11_16_val  |   in|    8|     ap_none|                           dw_patch_2_11_16_val|        scalar|
|dw_patch_2_12_15_val  |   in|    8|     ap_none|                           dw_patch_2_12_15_val|        scalar|
|dw_patch_2_12_16_val  |   in|    8|     ap_none|                           dw_patch_2_12_16_val|        scalar|
|dw_patch_2_13_0_val   |   in|    8|     ap_none|                            dw_patch_2_13_0_val|        scalar|
|dw_patch_2_13_1_val   |   in|    8|     ap_none|                            dw_patch_2_13_1_val|        scalar|
|dw_patch_2_13_2_val   |   in|    8|     ap_none|                            dw_patch_2_13_2_val|        scalar|
|dw_patch_2_14_0_val   |   in|    8|     ap_none|                            dw_patch_2_14_0_val|        scalar|
|dw_patch_2_14_1_val   |   in|    8|     ap_none|                            dw_patch_2_14_1_val|        scalar|
|dw_patch_2_14_2_val   |   in|    8|     ap_none|                            dw_patch_2_14_2_val|        scalar|
|dw_patch_2_13_3_val   |   in|    8|     ap_none|                            dw_patch_2_13_3_val|        scalar|
|dw_patch_2_13_4_val   |   in|    8|     ap_none|                            dw_patch_2_13_4_val|        scalar|
|dw_patch_2_14_3_val   |   in|    8|     ap_none|                            dw_patch_2_14_3_val|        scalar|
|dw_patch_2_14_4_val   |   in|    8|     ap_none|                            dw_patch_2_14_4_val|        scalar|
|dw_patch_2_13_5_val   |   in|    8|     ap_none|                            dw_patch_2_13_5_val|        scalar|
|dw_patch_2_13_6_val   |   in|    8|     ap_none|                            dw_patch_2_13_6_val|        scalar|
|dw_patch_2_14_5_val   |   in|    8|     ap_none|                            dw_patch_2_14_5_val|        scalar|
|dw_patch_2_14_6_val   |   in|    8|     ap_none|                            dw_patch_2_14_6_val|        scalar|
|dw_patch_2_13_7_val   |   in|    8|     ap_none|                            dw_patch_2_13_7_val|        scalar|
|dw_patch_2_13_8_val   |   in|    8|     ap_none|                            dw_patch_2_13_8_val|        scalar|
|dw_patch_2_14_7_val   |   in|    8|     ap_none|                            dw_patch_2_14_7_val|        scalar|
|dw_patch_2_14_8_val   |   in|    8|     ap_none|                            dw_patch_2_14_8_val|        scalar|
|dw_patch_2_13_9_val   |   in|    8|     ap_none|                            dw_patch_2_13_9_val|        scalar|
|dw_patch_2_13_10_val  |   in|    8|     ap_none|                           dw_patch_2_13_10_val|        scalar|
|dw_patch_2_14_9_val   |   in|    8|     ap_none|                            dw_patch_2_14_9_val|        scalar|
|dw_patch_2_14_10_val  |   in|    8|     ap_none|                           dw_patch_2_14_10_val|        scalar|
|dw_patch_2_13_11_val  |   in|    8|     ap_none|                           dw_patch_2_13_11_val|        scalar|
|dw_patch_2_13_12_val  |   in|    8|     ap_none|                           dw_patch_2_13_12_val|        scalar|
|dw_patch_2_14_11_val  |   in|    8|     ap_none|                           dw_patch_2_14_11_val|        scalar|
|dw_patch_2_14_12_val  |   in|    8|     ap_none|                           dw_patch_2_14_12_val|        scalar|
|dw_patch_2_13_13_val  |   in|    8|     ap_none|                           dw_patch_2_13_13_val|        scalar|
|dw_patch_2_13_14_val  |   in|    8|     ap_none|                           dw_patch_2_13_14_val|        scalar|
|dw_patch_2_14_13_val  |   in|    8|     ap_none|                           dw_patch_2_14_13_val|        scalar|
|dw_patch_2_14_14_val  |   in|    8|     ap_none|                           dw_patch_2_14_14_val|        scalar|
|dw_patch_2_13_15_val  |   in|    8|     ap_none|                           dw_patch_2_13_15_val|        scalar|
|dw_patch_2_13_16_val  |   in|    8|     ap_none|                           dw_patch_2_13_16_val|        scalar|
|dw_patch_2_14_15_val  |   in|    8|     ap_none|                           dw_patch_2_14_15_val|        scalar|
|dw_patch_2_14_16_val  |   in|    8|     ap_none|                           dw_patch_2_14_16_val|        scalar|
|dw_patch_2_15_0_val   |   in|    8|     ap_none|                            dw_patch_2_15_0_val|        scalar|
|dw_patch_2_15_1_val   |   in|    8|     ap_none|                            dw_patch_2_15_1_val|        scalar|
|dw_patch_2_15_2_val   |   in|    8|     ap_none|                            dw_patch_2_15_2_val|        scalar|
|dw_patch_2_16_0_val   |   in|    8|     ap_none|                            dw_patch_2_16_0_val|        scalar|
|dw_patch_2_16_1_val   |   in|    8|     ap_none|                            dw_patch_2_16_1_val|        scalar|
|dw_patch_2_16_2_val   |   in|    8|     ap_none|                            dw_patch_2_16_2_val|        scalar|
|dw_patch_2_15_3_val   |   in|    8|     ap_none|                            dw_patch_2_15_3_val|        scalar|
|dw_patch_2_15_4_val   |   in|    8|     ap_none|                            dw_patch_2_15_4_val|        scalar|
|dw_patch_2_16_3_val   |   in|    8|     ap_none|                            dw_patch_2_16_3_val|        scalar|
|dw_patch_2_16_4_val   |   in|    8|     ap_none|                            dw_patch_2_16_4_val|        scalar|
|dw_patch_2_15_5_val   |   in|    8|     ap_none|                            dw_patch_2_15_5_val|        scalar|
|dw_patch_2_15_6_val   |   in|    8|     ap_none|                            dw_patch_2_15_6_val|        scalar|
|dw_patch_2_16_5_val   |   in|    8|     ap_none|                            dw_patch_2_16_5_val|        scalar|
|dw_patch_2_16_6_val   |   in|    8|     ap_none|                            dw_patch_2_16_6_val|        scalar|
|dw_patch_2_15_7_val   |   in|    8|     ap_none|                            dw_patch_2_15_7_val|        scalar|
|dw_patch_2_15_8_val   |   in|    8|     ap_none|                            dw_patch_2_15_8_val|        scalar|
|dw_patch_2_16_7_val   |   in|    8|     ap_none|                            dw_patch_2_16_7_val|        scalar|
|dw_patch_2_16_8_val   |   in|    8|     ap_none|                            dw_patch_2_16_8_val|        scalar|
|dw_patch_2_15_9_val   |   in|    8|     ap_none|                            dw_patch_2_15_9_val|        scalar|
|dw_patch_2_15_10_val  |   in|    8|     ap_none|                           dw_patch_2_15_10_val|        scalar|
|dw_patch_2_16_9_val   |   in|    8|     ap_none|                            dw_patch_2_16_9_val|        scalar|
|dw_patch_2_16_10_val  |   in|    8|     ap_none|                           dw_patch_2_16_10_val|        scalar|
|dw_patch_2_15_11_val  |   in|    8|     ap_none|                           dw_patch_2_15_11_val|        scalar|
|dw_patch_2_15_12_val  |   in|    8|     ap_none|                           dw_patch_2_15_12_val|        scalar|
|dw_patch_2_16_11_val  |   in|    8|     ap_none|                           dw_patch_2_16_11_val|        scalar|
|dw_patch_2_16_12_val  |   in|    8|     ap_none|                           dw_patch_2_16_12_val|        scalar|
|dw_patch_2_15_13_val  |   in|    8|     ap_none|                           dw_patch_2_15_13_val|        scalar|
|dw_patch_2_15_14_val  |   in|    8|     ap_none|                           dw_patch_2_15_14_val|        scalar|
|dw_patch_2_16_13_val  |   in|    8|     ap_none|                           dw_patch_2_16_13_val|        scalar|
|dw_patch_2_16_14_val  |   in|    8|     ap_none|                           dw_patch_2_16_14_val|        scalar|
|dw_patch_2_15_15_val  |   in|    8|     ap_none|                           dw_patch_2_15_15_val|        scalar|
|dw_patch_2_15_16_val  |   in|    8|     ap_none|                           dw_patch_2_15_16_val|        scalar|
|dw_patch_2_16_15_val  |   in|    8|     ap_none|                           dw_patch_2_16_15_val|        scalar|
|dw_patch_2_16_16_val  |   in|    8|     ap_none|                           dw_patch_2_16_16_val|        scalar|
|dw_patch_3_0_10_val   |   in|    8|     ap_none|                            dw_patch_3_0_10_val|        scalar|
|dw_patch_3_1_10_val   |   in|    8|     ap_none|                            dw_patch_3_1_10_val|        scalar|
|dw_patch_3_2_10_val   |   in|    8|     ap_none|                            dw_patch_3_2_10_val|        scalar|
|dw_patch_3_0_11_val   |   in|    8|     ap_none|                            dw_patch_3_0_11_val|        scalar|
|dw_patch_3_0_12_val   |   in|    8|     ap_none|                            dw_patch_3_0_12_val|        scalar|
|dw_patch_3_1_11_val   |   in|    8|     ap_none|                            dw_patch_3_1_11_val|        scalar|
|dw_patch_3_1_12_val   |   in|    8|     ap_none|                            dw_patch_3_1_12_val|        scalar|
|dw_patch_3_2_11_val   |   in|    8|     ap_none|                            dw_patch_3_2_11_val|        scalar|
|dw_patch_3_2_12_val   |   in|    8|     ap_none|                            dw_patch_3_2_12_val|        scalar|
|dw_patch_3_0_13_val   |   in|    8|     ap_none|                            dw_patch_3_0_13_val|        scalar|
|dw_patch_3_0_14_val   |   in|    8|     ap_none|                            dw_patch_3_0_14_val|        scalar|
|dw_patch_3_1_13_val   |   in|    8|     ap_none|                            dw_patch_3_1_13_val|        scalar|
|dw_patch_3_1_14_val   |   in|    8|     ap_none|                            dw_patch_3_1_14_val|        scalar|
|dw_patch_3_2_13_val   |   in|    8|     ap_none|                            dw_patch_3_2_13_val|        scalar|
|dw_patch_3_2_14_val   |   in|    8|     ap_none|                            dw_patch_3_2_14_val|        scalar|
|dw_patch_3_0_15_val   |   in|    8|     ap_none|                            dw_patch_3_0_15_val|        scalar|
|dw_patch_3_0_16_val   |   in|    8|     ap_none|                            dw_patch_3_0_16_val|        scalar|
|dw_patch_3_1_15_val   |   in|    8|     ap_none|                            dw_patch_3_1_15_val|        scalar|
|dw_patch_3_1_16_val   |   in|    8|     ap_none|                            dw_patch_3_1_16_val|        scalar|
|dw_patch_3_2_15_val   |   in|    8|     ap_none|                            dw_patch_3_2_15_val|        scalar|
|dw_patch_3_2_16_val   |   in|    8|     ap_none|                            dw_patch_3_2_16_val|        scalar|
|dw_patch_3_3_10_val   |   in|    8|     ap_none|                            dw_patch_3_3_10_val|        scalar|
|dw_patch_3_4_10_val   |   in|    8|     ap_none|                            dw_patch_3_4_10_val|        scalar|
|dw_patch_3_3_11_val   |   in|    8|     ap_none|                            dw_patch_3_3_11_val|        scalar|
|dw_patch_3_3_12_val   |   in|    8|     ap_none|                            dw_patch_3_3_12_val|        scalar|
|dw_patch_3_4_11_val   |   in|    8|     ap_none|                            dw_patch_3_4_11_val|        scalar|
|dw_patch_3_4_12_val   |   in|    8|     ap_none|                            dw_patch_3_4_12_val|        scalar|
|dw_patch_3_3_13_val   |   in|    8|     ap_none|                            dw_patch_3_3_13_val|        scalar|
|dw_patch_3_3_14_val   |   in|    8|     ap_none|                            dw_patch_3_3_14_val|        scalar|
|dw_patch_3_4_13_val   |   in|    8|     ap_none|                            dw_patch_3_4_13_val|        scalar|
|dw_patch_3_4_14_val   |   in|    8|     ap_none|                            dw_patch_3_4_14_val|        scalar|
|dw_patch_3_3_15_val   |   in|    8|     ap_none|                            dw_patch_3_3_15_val|        scalar|
|dw_patch_3_3_16_val   |   in|    8|     ap_none|                            dw_patch_3_3_16_val|        scalar|
|dw_patch_3_4_15_val   |   in|    8|     ap_none|                            dw_patch_3_4_15_val|        scalar|
|dw_patch_3_4_16_val   |   in|    8|     ap_none|                            dw_patch_3_4_16_val|        scalar|
|dw_patch_3_5_10_val   |   in|    8|     ap_none|                            dw_patch_3_5_10_val|        scalar|
|dw_patch_3_6_10_val   |   in|    8|     ap_none|                            dw_patch_3_6_10_val|        scalar|
|dw_patch_3_5_11_val   |   in|    8|     ap_none|                            dw_patch_3_5_11_val|        scalar|
|dw_patch_3_5_12_val   |   in|    8|     ap_none|                            dw_patch_3_5_12_val|        scalar|
|dw_patch_3_6_11_val   |   in|    8|     ap_none|                            dw_patch_3_6_11_val|        scalar|
|dw_patch_3_6_12_val   |   in|    8|     ap_none|                            dw_patch_3_6_12_val|        scalar|
|dw_patch_3_5_13_val   |   in|    8|     ap_none|                            dw_patch_3_5_13_val|        scalar|
|dw_patch_3_5_14_val   |   in|    8|     ap_none|                            dw_patch_3_5_14_val|        scalar|
|dw_patch_3_6_13_val   |   in|    8|     ap_none|                            dw_patch_3_6_13_val|        scalar|
|dw_patch_3_6_14_val   |   in|    8|     ap_none|                            dw_patch_3_6_14_val|        scalar|
|dw_patch_3_5_15_val   |   in|    8|     ap_none|                            dw_patch_3_5_15_val|        scalar|
|dw_patch_3_5_16_val   |   in|    8|     ap_none|                            dw_patch_3_5_16_val|        scalar|
|dw_patch_3_6_15_val   |   in|    8|     ap_none|                            dw_patch_3_6_15_val|        scalar|
|dw_patch_3_6_16_val   |   in|    8|     ap_none|                            dw_patch_3_6_16_val|        scalar|
|dw_patch_3_7_10_val   |   in|    8|     ap_none|                            dw_patch_3_7_10_val|        scalar|
|dw_patch_3_8_10_val   |   in|    8|     ap_none|                            dw_patch_3_8_10_val|        scalar|
|dw_patch_3_7_11_val   |   in|    8|     ap_none|                            dw_patch_3_7_11_val|        scalar|
|dw_patch_3_7_12_val   |   in|    8|     ap_none|                            dw_patch_3_7_12_val|        scalar|
|dw_patch_3_8_11_val   |   in|    8|     ap_none|                            dw_patch_3_8_11_val|        scalar|
|dw_patch_3_8_12_val   |   in|    8|     ap_none|                            dw_patch_3_8_12_val|        scalar|
|dw_patch_3_7_13_val   |   in|    8|     ap_none|                            dw_patch_3_7_13_val|        scalar|
|dw_patch_3_7_14_val   |   in|    8|     ap_none|                            dw_patch_3_7_14_val|        scalar|
|dw_patch_3_8_13_val   |   in|    8|     ap_none|                            dw_patch_3_8_13_val|        scalar|
|dw_patch_3_8_14_val   |   in|    8|     ap_none|                            dw_patch_3_8_14_val|        scalar|
|dw_patch_3_7_15_val   |   in|    8|     ap_none|                            dw_patch_3_7_15_val|        scalar|
|dw_patch_3_7_16_val   |   in|    8|     ap_none|                            dw_patch_3_7_16_val|        scalar|
|dw_patch_3_8_15_val   |   in|    8|     ap_none|                            dw_patch_3_8_15_val|        scalar|
|dw_patch_3_8_16_val   |   in|    8|     ap_none|                            dw_patch_3_8_16_val|        scalar|
|dw_patch_3_10_0_val   |   in|    8|     ap_none|                            dw_patch_3_10_0_val|        scalar|
|dw_patch_3_10_1_val   |   in|    8|     ap_none|                            dw_patch_3_10_1_val|        scalar|
|dw_patch_3_10_2_val   |   in|    8|     ap_none|                            dw_patch_3_10_2_val|        scalar|
|dw_patch_3_10_3_val   |   in|    8|     ap_none|                            dw_patch_3_10_3_val|        scalar|
|dw_patch_3_10_4_val   |   in|    8|     ap_none|                            dw_patch_3_10_4_val|        scalar|
|dw_patch_3_10_5_val   |   in|    8|     ap_none|                            dw_patch_3_10_5_val|        scalar|
|dw_patch_3_10_6_val   |   in|    8|     ap_none|                            dw_patch_3_10_6_val|        scalar|
|dw_patch_3_10_7_val   |   in|    8|     ap_none|                            dw_patch_3_10_7_val|        scalar|
|dw_patch_3_10_8_val   |   in|    8|     ap_none|                            dw_patch_3_10_8_val|        scalar|
|dw_patch_3_9_10_val   |   in|    8|     ap_none|                            dw_patch_3_9_10_val|        scalar|
|dw_patch_3_10_9_val   |   in|    8|     ap_none|                            dw_patch_3_10_9_val|        scalar|
|dw_patch_3_10_10_val  |   in|    8|     ap_none|                           dw_patch_3_10_10_val|        scalar|
|dw_patch_3_9_11_val   |   in|    8|     ap_none|                            dw_patch_3_9_11_val|        scalar|
|dw_patch_3_9_12_val   |   in|    8|     ap_none|                            dw_patch_3_9_12_val|        scalar|
|dw_patch_3_10_11_val  |   in|    8|     ap_none|                           dw_patch_3_10_11_val|        scalar|
|dw_patch_3_10_12_val  |   in|    8|     ap_none|                           dw_patch_3_10_12_val|        scalar|
|dw_patch_3_9_13_val   |   in|    8|     ap_none|                            dw_patch_3_9_13_val|        scalar|
|dw_patch_3_9_14_val   |   in|    8|     ap_none|                            dw_patch_3_9_14_val|        scalar|
|dw_patch_3_10_13_val  |   in|    8|     ap_none|                           dw_patch_3_10_13_val|        scalar|
|dw_patch_3_10_14_val  |   in|    8|     ap_none|                           dw_patch_3_10_14_val|        scalar|
|dw_patch_3_9_15_val   |   in|    8|     ap_none|                            dw_patch_3_9_15_val|        scalar|
|dw_patch_3_9_16_val   |   in|    8|     ap_none|                            dw_patch_3_9_16_val|        scalar|
|dw_patch_3_10_15_val  |   in|    8|     ap_none|                           dw_patch_3_10_15_val|        scalar|
|dw_patch_3_10_16_val  |   in|    8|     ap_none|                           dw_patch_3_10_16_val|        scalar|
|dw_patch_3_11_0_val   |   in|    8|     ap_none|                            dw_patch_3_11_0_val|        scalar|
|dw_patch_3_11_1_val   |   in|    8|     ap_none|                            dw_patch_3_11_1_val|        scalar|
|dw_patch_3_11_2_val   |   in|    8|     ap_none|                            dw_patch_3_11_2_val|        scalar|
|dw_patch_3_12_0_val   |   in|    8|     ap_none|                            dw_patch_3_12_0_val|        scalar|
|dw_patch_3_12_1_val   |   in|    8|     ap_none|                            dw_patch_3_12_1_val|        scalar|
|dw_patch_3_12_2_val   |   in|    8|     ap_none|                            dw_patch_3_12_2_val|        scalar|
|dw_patch_3_11_3_val   |   in|    8|     ap_none|                            dw_patch_3_11_3_val|        scalar|
|dw_patch_3_11_4_val   |   in|    8|     ap_none|                            dw_patch_3_11_4_val|        scalar|
|dw_patch_3_12_3_val   |   in|    8|     ap_none|                            dw_patch_3_12_3_val|        scalar|
|dw_patch_3_12_4_val   |   in|    8|     ap_none|                            dw_patch_3_12_4_val|        scalar|
|dw_patch_3_11_5_val   |   in|    8|     ap_none|                            dw_patch_3_11_5_val|        scalar|
|dw_patch_3_11_6_val   |   in|    8|     ap_none|                            dw_patch_3_11_6_val|        scalar|
|dw_patch_3_12_5_val   |   in|    8|     ap_none|                            dw_patch_3_12_5_val|        scalar|
|dw_patch_3_12_6_val   |   in|    8|     ap_none|                            dw_patch_3_12_6_val|        scalar|
|dw_patch_3_11_7_val   |   in|    8|     ap_none|                            dw_patch_3_11_7_val|        scalar|
|dw_patch_3_11_8_val   |   in|    8|     ap_none|                            dw_patch_3_11_8_val|        scalar|
|dw_patch_3_12_7_val   |   in|    8|     ap_none|                            dw_patch_3_12_7_val|        scalar|
|dw_patch_3_12_8_val   |   in|    8|     ap_none|                            dw_patch_3_12_8_val|        scalar|
|dw_patch_3_11_9_val   |   in|    8|     ap_none|                            dw_patch_3_11_9_val|        scalar|
|dw_patch_3_11_10_val  |   in|    8|     ap_none|                           dw_patch_3_11_10_val|        scalar|
|dw_patch_3_12_9_val   |   in|    8|     ap_none|                            dw_patch_3_12_9_val|        scalar|
|dw_patch_3_12_10_val  |   in|    8|     ap_none|                           dw_patch_3_12_10_val|        scalar|
|dw_patch_3_11_11_val  |   in|    8|     ap_none|                           dw_patch_3_11_11_val|        scalar|
|dw_patch_3_11_12_val  |   in|    8|     ap_none|                           dw_patch_3_11_12_val|        scalar|
|dw_patch_3_12_11_val  |   in|    8|     ap_none|                           dw_patch_3_12_11_val|        scalar|
|dw_patch_3_12_12_val  |   in|    8|     ap_none|                           dw_patch_3_12_12_val|        scalar|
|dw_patch_3_11_13_val  |   in|    8|     ap_none|                           dw_patch_3_11_13_val|        scalar|
|dw_patch_3_11_14_val  |   in|    8|     ap_none|                           dw_patch_3_11_14_val|        scalar|
|dw_patch_3_12_13_val  |   in|    8|     ap_none|                           dw_patch_3_12_13_val|        scalar|
|dw_patch_3_12_14_val  |   in|    8|     ap_none|                           dw_patch_3_12_14_val|        scalar|
|dw_patch_3_11_15_val  |   in|    8|     ap_none|                           dw_patch_3_11_15_val|        scalar|
|dw_patch_3_11_16_val  |   in|    8|     ap_none|                           dw_patch_3_11_16_val|        scalar|
|dw_patch_3_12_15_val  |   in|    8|     ap_none|                           dw_patch_3_12_15_val|        scalar|
|dw_patch_3_12_16_val  |   in|    8|     ap_none|                           dw_patch_3_12_16_val|        scalar|
|dw_patch_3_13_0_val   |   in|    8|     ap_none|                            dw_patch_3_13_0_val|        scalar|
|dw_patch_3_13_1_val   |   in|    8|     ap_none|                            dw_patch_3_13_1_val|        scalar|
|dw_patch_3_13_2_val   |   in|    8|     ap_none|                            dw_patch_3_13_2_val|        scalar|
|dw_patch_3_14_0_val   |   in|    8|     ap_none|                            dw_patch_3_14_0_val|        scalar|
|dw_patch_3_14_1_val   |   in|    8|     ap_none|                            dw_patch_3_14_1_val|        scalar|
|dw_patch_3_14_2_val   |   in|    8|     ap_none|                            dw_patch_3_14_2_val|        scalar|
|dw_patch_3_13_3_val   |   in|    8|     ap_none|                            dw_patch_3_13_3_val|        scalar|
|dw_patch_3_13_4_val   |   in|    8|     ap_none|                            dw_patch_3_13_4_val|        scalar|
|dw_patch_3_14_3_val   |   in|    8|     ap_none|                            dw_patch_3_14_3_val|        scalar|
|dw_patch_3_14_4_val   |   in|    8|     ap_none|                            dw_patch_3_14_4_val|        scalar|
|dw_patch_3_13_5_val   |   in|    8|     ap_none|                            dw_patch_3_13_5_val|        scalar|
|dw_patch_3_13_6_val   |   in|    8|     ap_none|                            dw_patch_3_13_6_val|        scalar|
|dw_patch_3_14_5_val   |   in|    8|     ap_none|                            dw_patch_3_14_5_val|        scalar|
|dw_patch_3_14_6_val   |   in|    8|     ap_none|                            dw_patch_3_14_6_val|        scalar|
|dw_patch_3_13_7_val   |   in|    8|     ap_none|                            dw_patch_3_13_7_val|        scalar|
|dw_patch_3_13_8_val   |   in|    8|     ap_none|                            dw_patch_3_13_8_val|        scalar|
|dw_patch_3_14_7_val   |   in|    8|     ap_none|                            dw_patch_3_14_7_val|        scalar|
|dw_patch_3_14_8_val   |   in|    8|     ap_none|                            dw_patch_3_14_8_val|        scalar|
|dw_patch_3_13_9_val   |   in|    8|     ap_none|                            dw_patch_3_13_9_val|        scalar|
|dw_patch_3_13_10_val  |   in|    8|     ap_none|                           dw_patch_3_13_10_val|        scalar|
|dw_patch_3_14_9_val   |   in|    8|     ap_none|                            dw_patch_3_14_9_val|        scalar|
|dw_patch_3_14_10_val  |   in|    8|     ap_none|                           dw_patch_3_14_10_val|        scalar|
|dw_patch_3_13_11_val  |   in|    8|     ap_none|                           dw_patch_3_13_11_val|        scalar|
|dw_patch_3_13_12_val  |   in|    8|     ap_none|                           dw_patch_3_13_12_val|        scalar|
|dw_patch_3_14_11_val  |   in|    8|     ap_none|                           dw_patch_3_14_11_val|        scalar|
|dw_patch_3_14_12_val  |   in|    8|     ap_none|                           dw_patch_3_14_12_val|        scalar|
|dw_patch_3_13_13_val  |   in|    8|     ap_none|                           dw_patch_3_13_13_val|        scalar|
|dw_patch_3_13_14_val  |   in|    8|     ap_none|                           dw_patch_3_13_14_val|        scalar|
|dw_patch_3_14_13_val  |   in|    8|     ap_none|                           dw_patch_3_14_13_val|        scalar|
|dw_patch_3_14_14_val  |   in|    8|     ap_none|                           dw_patch_3_14_14_val|        scalar|
|dw_patch_3_13_15_val  |   in|    8|     ap_none|                           dw_patch_3_13_15_val|        scalar|
|dw_patch_3_13_16_val  |   in|    8|     ap_none|                           dw_patch_3_13_16_val|        scalar|
|dw_patch_3_14_15_val  |   in|    8|     ap_none|                           dw_patch_3_14_15_val|        scalar|
|dw_patch_3_14_16_val  |   in|    8|     ap_none|                           dw_patch_3_14_16_val|        scalar|
|dw_patch_3_15_0_val   |   in|    8|     ap_none|                            dw_patch_3_15_0_val|        scalar|
|dw_patch_3_15_1_val   |   in|    8|     ap_none|                            dw_patch_3_15_1_val|        scalar|
|dw_patch_3_15_2_val   |   in|    8|     ap_none|                            dw_patch_3_15_2_val|        scalar|
|dw_patch_3_16_0_val   |   in|    8|     ap_none|                            dw_patch_3_16_0_val|        scalar|
|dw_patch_3_16_1_val   |   in|    8|     ap_none|                            dw_patch_3_16_1_val|        scalar|
|dw_patch_3_16_2_val   |   in|    8|     ap_none|                            dw_patch_3_16_2_val|        scalar|
|dw_patch_3_15_3_val   |   in|    8|     ap_none|                            dw_patch_3_15_3_val|        scalar|
|dw_patch_3_15_4_val   |   in|    8|     ap_none|                            dw_patch_3_15_4_val|        scalar|
|dw_patch_3_16_3_val   |   in|    8|     ap_none|                            dw_patch_3_16_3_val|        scalar|
|dw_patch_3_16_4_val   |   in|    8|     ap_none|                            dw_patch_3_16_4_val|        scalar|
|dw_patch_3_15_5_val   |   in|    8|     ap_none|                            dw_patch_3_15_5_val|        scalar|
|dw_patch_3_15_6_val   |   in|    8|     ap_none|                            dw_patch_3_15_6_val|        scalar|
|dw_patch_3_16_5_val   |   in|    8|     ap_none|                            dw_patch_3_16_5_val|        scalar|
|dw_patch_3_16_6_val   |   in|    8|     ap_none|                            dw_patch_3_16_6_val|        scalar|
|dw_patch_3_15_7_val   |   in|    8|     ap_none|                            dw_patch_3_15_7_val|        scalar|
|dw_patch_3_15_8_val   |   in|    8|     ap_none|                            dw_patch_3_15_8_val|        scalar|
|dw_patch_3_16_7_val   |   in|    8|     ap_none|                            dw_patch_3_16_7_val|        scalar|
|dw_patch_3_16_8_val   |   in|    8|     ap_none|                            dw_patch_3_16_8_val|        scalar|
|dw_patch_3_15_9_val   |   in|    8|     ap_none|                            dw_patch_3_15_9_val|        scalar|
|dw_patch_3_15_10_val  |   in|    8|     ap_none|                           dw_patch_3_15_10_val|        scalar|
|dw_patch_3_16_9_val   |   in|    8|     ap_none|                            dw_patch_3_16_9_val|        scalar|
|dw_patch_3_16_10_val  |   in|    8|     ap_none|                           dw_patch_3_16_10_val|        scalar|
|dw_patch_3_15_11_val  |   in|    8|     ap_none|                           dw_patch_3_15_11_val|        scalar|
|dw_patch_3_15_12_val  |   in|    8|     ap_none|                           dw_patch_3_15_12_val|        scalar|
|dw_patch_3_16_11_val  |   in|    8|     ap_none|                           dw_patch_3_16_11_val|        scalar|
|dw_patch_3_16_12_val  |   in|    8|     ap_none|                           dw_patch_3_16_12_val|        scalar|
|dw_patch_3_15_13_val  |   in|    8|     ap_none|                           dw_patch_3_15_13_val|        scalar|
|dw_patch_3_15_14_val  |   in|    8|     ap_none|                           dw_patch_3_15_14_val|        scalar|
|dw_patch_3_16_13_val  |   in|    8|     ap_none|                           dw_patch_3_16_13_val|        scalar|
|dw_patch_3_16_14_val  |   in|    8|     ap_none|                           dw_patch_3_16_14_val|        scalar|
|dw_patch_3_15_15_val  |   in|    8|     ap_none|                           dw_patch_3_15_15_val|        scalar|
|dw_patch_3_15_16_val  |   in|    8|     ap_none|                           dw_patch_3_15_16_val|        scalar|
|dw_patch_3_16_15_val  |   in|    8|     ap_none|                           dw_patch_3_16_15_val|        scalar|
|dw_patch_3_16_16_val  |   in|    8|     ap_none|                           dw_patch_3_16_16_val|        scalar|
|dw_patch_4_0_10_val   |   in|    8|     ap_none|                            dw_patch_4_0_10_val|        scalar|
|dw_patch_4_1_10_val   |   in|    8|     ap_none|                            dw_patch_4_1_10_val|        scalar|
|dw_patch_4_2_10_val   |   in|    8|     ap_none|                            dw_patch_4_2_10_val|        scalar|
|dw_patch_4_0_11_val   |   in|    8|     ap_none|                            dw_patch_4_0_11_val|        scalar|
|dw_patch_4_0_12_val   |   in|    8|     ap_none|                            dw_patch_4_0_12_val|        scalar|
|dw_patch_4_1_11_val   |   in|    8|     ap_none|                            dw_patch_4_1_11_val|        scalar|
|dw_patch_4_1_12_val   |   in|    8|     ap_none|                            dw_patch_4_1_12_val|        scalar|
|dw_patch_4_2_11_val   |   in|    8|     ap_none|                            dw_patch_4_2_11_val|        scalar|
|dw_patch_4_2_12_val   |   in|    8|     ap_none|                            dw_patch_4_2_12_val|        scalar|
|dw_patch_4_0_13_val   |   in|    8|     ap_none|                            dw_patch_4_0_13_val|        scalar|
|dw_patch_4_0_14_val   |   in|    8|     ap_none|                            dw_patch_4_0_14_val|        scalar|
|dw_patch_4_1_13_val   |   in|    8|     ap_none|                            dw_patch_4_1_13_val|        scalar|
|dw_patch_4_1_14_val   |   in|    8|     ap_none|                            dw_patch_4_1_14_val|        scalar|
|dw_patch_4_2_13_val   |   in|    8|     ap_none|                            dw_patch_4_2_13_val|        scalar|
|dw_patch_4_2_14_val   |   in|    8|     ap_none|                            dw_patch_4_2_14_val|        scalar|
|dw_patch_4_0_15_val   |   in|    8|     ap_none|                            dw_patch_4_0_15_val|        scalar|
|dw_patch_4_0_16_val   |   in|    8|     ap_none|                            dw_patch_4_0_16_val|        scalar|
|dw_patch_4_1_15_val   |   in|    8|     ap_none|                            dw_patch_4_1_15_val|        scalar|
|dw_patch_4_1_16_val   |   in|    8|     ap_none|                            dw_patch_4_1_16_val|        scalar|
|dw_patch_4_2_15_val   |   in|    8|     ap_none|                            dw_patch_4_2_15_val|        scalar|
|dw_patch_4_2_16_val   |   in|    8|     ap_none|                            dw_patch_4_2_16_val|        scalar|
|dw_patch_4_3_10_val   |   in|    8|     ap_none|                            dw_patch_4_3_10_val|        scalar|
|dw_patch_4_4_10_val   |   in|    8|     ap_none|                            dw_patch_4_4_10_val|        scalar|
|dw_patch_4_3_11_val   |   in|    8|     ap_none|                            dw_patch_4_3_11_val|        scalar|
|dw_patch_4_3_12_val   |   in|    8|     ap_none|                            dw_patch_4_3_12_val|        scalar|
|dw_patch_4_4_11_val   |   in|    8|     ap_none|                            dw_patch_4_4_11_val|        scalar|
|dw_patch_4_4_12_val   |   in|    8|     ap_none|                            dw_patch_4_4_12_val|        scalar|
|dw_patch_4_3_13_val   |   in|    8|     ap_none|                            dw_patch_4_3_13_val|        scalar|
|dw_patch_4_3_14_val   |   in|    8|     ap_none|                            dw_patch_4_3_14_val|        scalar|
|dw_patch_4_4_13_val   |   in|    8|     ap_none|                            dw_patch_4_4_13_val|        scalar|
|dw_patch_4_4_14_val   |   in|    8|     ap_none|                            dw_patch_4_4_14_val|        scalar|
|dw_patch_4_3_15_val   |   in|    8|     ap_none|                            dw_patch_4_3_15_val|        scalar|
|dw_patch_4_3_16_val   |   in|    8|     ap_none|                            dw_patch_4_3_16_val|        scalar|
|dw_patch_4_4_15_val   |   in|    8|     ap_none|                            dw_patch_4_4_15_val|        scalar|
|dw_patch_4_4_16_val   |   in|    8|     ap_none|                            dw_patch_4_4_16_val|        scalar|
|dw_patch_4_5_10_val   |   in|    8|     ap_none|                            dw_patch_4_5_10_val|        scalar|
|dw_patch_4_6_10_val   |   in|    8|     ap_none|                            dw_patch_4_6_10_val|        scalar|
|dw_patch_4_5_11_val   |   in|    8|     ap_none|                            dw_patch_4_5_11_val|        scalar|
|dw_patch_4_5_12_val   |   in|    8|     ap_none|                            dw_patch_4_5_12_val|        scalar|
|dw_patch_4_6_11_val   |   in|    8|     ap_none|                            dw_patch_4_6_11_val|        scalar|
|dw_patch_4_6_12_val   |   in|    8|     ap_none|                            dw_patch_4_6_12_val|        scalar|
|dw_patch_4_5_13_val   |   in|    8|     ap_none|                            dw_patch_4_5_13_val|        scalar|
|dw_patch_4_5_14_val   |   in|    8|     ap_none|                            dw_patch_4_5_14_val|        scalar|
|dw_patch_4_6_13_val   |   in|    8|     ap_none|                            dw_patch_4_6_13_val|        scalar|
|dw_patch_4_6_14_val   |   in|    8|     ap_none|                            dw_patch_4_6_14_val|        scalar|
|dw_patch_4_5_15_val   |   in|    8|     ap_none|                            dw_patch_4_5_15_val|        scalar|
|dw_patch_4_5_16_val   |   in|    8|     ap_none|                            dw_patch_4_5_16_val|        scalar|
|dw_patch_4_6_15_val   |   in|    8|     ap_none|                            dw_patch_4_6_15_val|        scalar|
|dw_patch_4_6_16_val   |   in|    8|     ap_none|                            dw_patch_4_6_16_val|        scalar|
|dw_patch_4_7_10_val   |   in|    8|     ap_none|                            dw_patch_4_7_10_val|        scalar|
|dw_patch_4_8_10_val   |   in|    8|     ap_none|                            dw_patch_4_8_10_val|        scalar|
|dw_patch_4_7_11_val   |   in|    8|     ap_none|                            dw_patch_4_7_11_val|        scalar|
|dw_patch_4_7_12_val   |   in|    8|     ap_none|                            dw_patch_4_7_12_val|        scalar|
|dw_patch_4_8_11_val   |   in|    8|     ap_none|                            dw_patch_4_8_11_val|        scalar|
|dw_patch_4_8_12_val   |   in|    8|     ap_none|                            dw_patch_4_8_12_val|        scalar|
|dw_patch_4_7_13_val   |   in|    8|     ap_none|                            dw_patch_4_7_13_val|        scalar|
|dw_patch_4_7_14_val   |   in|    8|     ap_none|                            dw_patch_4_7_14_val|        scalar|
|dw_patch_4_8_13_val   |   in|    8|     ap_none|                            dw_patch_4_8_13_val|        scalar|
|dw_patch_4_8_14_val   |   in|    8|     ap_none|                            dw_patch_4_8_14_val|        scalar|
|dw_patch_4_7_15_val   |   in|    8|     ap_none|                            dw_patch_4_7_15_val|        scalar|
|dw_patch_4_7_16_val   |   in|    8|     ap_none|                            dw_patch_4_7_16_val|        scalar|
|dw_patch_4_8_15_val   |   in|    8|     ap_none|                            dw_patch_4_8_15_val|        scalar|
|dw_patch_4_8_16_val   |   in|    8|     ap_none|                            dw_patch_4_8_16_val|        scalar|
|dw_patch_4_10_0_val   |   in|    8|     ap_none|                            dw_patch_4_10_0_val|        scalar|
|dw_patch_4_10_1_val   |   in|    8|     ap_none|                            dw_patch_4_10_1_val|        scalar|
|dw_patch_4_10_2_val   |   in|    8|     ap_none|                            dw_patch_4_10_2_val|        scalar|
|dw_patch_4_10_3_val   |   in|    8|     ap_none|                            dw_patch_4_10_3_val|        scalar|
|dw_patch_4_10_4_val   |   in|    8|     ap_none|                            dw_patch_4_10_4_val|        scalar|
|dw_patch_4_10_5_val   |   in|    8|     ap_none|                            dw_patch_4_10_5_val|        scalar|
|dw_patch_4_10_6_val   |   in|    8|     ap_none|                            dw_patch_4_10_6_val|        scalar|
|dw_patch_4_10_7_val   |   in|    8|     ap_none|                            dw_patch_4_10_7_val|        scalar|
|dw_patch_4_10_8_val   |   in|    8|     ap_none|                            dw_patch_4_10_8_val|        scalar|
|dw_patch_4_9_10_val   |   in|    8|     ap_none|                            dw_patch_4_9_10_val|        scalar|
|dw_patch_4_10_9_val   |   in|    8|     ap_none|                            dw_patch_4_10_9_val|        scalar|
|dw_patch_4_10_10_val  |   in|    8|     ap_none|                           dw_patch_4_10_10_val|        scalar|
|dw_patch_4_9_11_val   |   in|    8|     ap_none|                            dw_patch_4_9_11_val|        scalar|
|dw_patch_4_9_12_val   |   in|    8|     ap_none|                            dw_patch_4_9_12_val|        scalar|
|dw_patch_4_10_11_val  |   in|    8|     ap_none|                           dw_patch_4_10_11_val|        scalar|
|dw_patch_4_10_12_val  |   in|    8|     ap_none|                           dw_patch_4_10_12_val|        scalar|
|dw_patch_4_9_13_val   |   in|    8|     ap_none|                            dw_patch_4_9_13_val|        scalar|
|dw_patch_4_9_14_val   |   in|    8|     ap_none|                            dw_patch_4_9_14_val|        scalar|
|dw_patch_4_10_13_val  |   in|    8|     ap_none|                           dw_patch_4_10_13_val|        scalar|
|dw_patch_4_10_14_val  |   in|    8|     ap_none|                           dw_patch_4_10_14_val|        scalar|
|dw_patch_4_9_15_val   |   in|    8|     ap_none|                            dw_patch_4_9_15_val|        scalar|
|dw_patch_4_9_16_val   |   in|    8|     ap_none|                            dw_patch_4_9_16_val|        scalar|
|dw_patch_4_10_15_val  |   in|    8|     ap_none|                           dw_patch_4_10_15_val|        scalar|
|dw_patch_4_10_16_val  |   in|    8|     ap_none|                           dw_patch_4_10_16_val|        scalar|
|dw_patch_4_11_0_val   |   in|    8|     ap_none|                            dw_patch_4_11_0_val|        scalar|
|dw_patch_4_11_1_val   |   in|    8|     ap_none|                            dw_patch_4_11_1_val|        scalar|
|dw_patch_4_11_2_val   |   in|    8|     ap_none|                            dw_patch_4_11_2_val|        scalar|
|dw_patch_4_12_0_val   |   in|    8|     ap_none|                            dw_patch_4_12_0_val|        scalar|
|dw_patch_4_12_1_val   |   in|    8|     ap_none|                            dw_patch_4_12_1_val|        scalar|
|dw_patch_4_12_2_val   |   in|    8|     ap_none|                            dw_patch_4_12_2_val|        scalar|
|dw_patch_4_11_3_val   |   in|    8|     ap_none|                            dw_patch_4_11_3_val|        scalar|
|dw_patch_4_11_4_val   |   in|    8|     ap_none|                            dw_patch_4_11_4_val|        scalar|
|dw_patch_4_12_3_val   |   in|    8|     ap_none|                            dw_patch_4_12_3_val|        scalar|
|dw_patch_4_12_4_val   |   in|    8|     ap_none|                            dw_patch_4_12_4_val|        scalar|
|dw_patch_4_11_5_val   |   in|    8|     ap_none|                            dw_patch_4_11_5_val|        scalar|
|dw_patch_4_11_6_val   |   in|    8|     ap_none|                            dw_patch_4_11_6_val|        scalar|
|dw_patch_4_12_5_val   |   in|    8|     ap_none|                            dw_patch_4_12_5_val|        scalar|
|dw_patch_4_12_6_val   |   in|    8|     ap_none|                            dw_patch_4_12_6_val|        scalar|
|dw_patch_4_11_7_val   |   in|    8|     ap_none|                            dw_patch_4_11_7_val|        scalar|
|dw_patch_4_11_8_val   |   in|    8|     ap_none|                            dw_patch_4_11_8_val|        scalar|
|dw_patch_4_12_7_val   |   in|    8|     ap_none|                            dw_patch_4_12_7_val|        scalar|
|dw_patch_4_12_8_val   |   in|    8|     ap_none|                            dw_patch_4_12_8_val|        scalar|
|dw_patch_4_11_9_val   |   in|    8|     ap_none|                            dw_patch_4_11_9_val|        scalar|
|dw_patch_4_11_10_val  |   in|    8|     ap_none|                           dw_patch_4_11_10_val|        scalar|
|dw_patch_4_12_9_val   |   in|    8|     ap_none|                            dw_patch_4_12_9_val|        scalar|
|dw_patch_4_12_10_val  |   in|    8|     ap_none|                           dw_patch_4_12_10_val|        scalar|
|dw_patch_4_11_11_val  |   in|    8|     ap_none|                           dw_patch_4_11_11_val|        scalar|
|dw_patch_4_11_12_val  |   in|    8|     ap_none|                           dw_patch_4_11_12_val|        scalar|
|dw_patch_4_12_11_val  |   in|    8|     ap_none|                           dw_patch_4_12_11_val|        scalar|
|dw_patch_4_12_12_val  |   in|    8|     ap_none|                           dw_patch_4_12_12_val|        scalar|
|dw_patch_4_11_13_val  |   in|    8|     ap_none|                           dw_patch_4_11_13_val|        scalar|
|dw_patch_4_11_14_val  |   in|    8|     ap_none|                           dw_patch_4_11_14_val|        scalar|
|dw_patch_4_12_13_val  |   in|    8|     ap_none|                           dw_patch_4_12_13_val|        scalar|
|dw_patch_4_12_14_val  |   in|    8|     ap_none|                           dw_patch_4_12_14_val|        scalar|
|dw_patch_4_11_15_val  |   in|    8|     ap_none|                           dw_patch_4_11_15_val|        scalar|
|dw_patch_4_11_16_val  |   in|    8|     ap_none|                           dw_patch_4_11_16_val|        scalar|
|dw_patch_4_12_15_val  |   in|    8|     ap_none|                           dw_patch_4_12_15_val|        scalar|
|dw_patch_4_12_16_val  |   in|    8|     ap_none|                           dw_patch_4_12_16_val|        scalar|
|dw_patch_4_13_0_val   |   in|    8|     ap_none|                            dw_patch_4_13_0_val|        scalar|
|dw_patch_4_13_1_val   |   in|    8|     ap_none|                            dw_patch_4_13_1_val|        scalar|
|dw_patch_4_13_2_val   |   in|    8|     ap_none|                            dw_patch_4_13_2_val|        scalar|
|dw_patch_4_14_0_val   |   in|    8|     ap_none|                            dw_patch_4_14_0_val|        scalar|
|dw_patch_4_14_1_val   |   in|    8|     ap_none|                            dw_patch_4_14_1_val|        scalar|
|dw_patch_4_14_2_val   |   in|    8|     ap_none|                            dw_patch_4_14_2_val|        scalar|
|dw_patch_4_13_3_val   |   in|    8|     ap_none|                            dw_patch_4_13_3_val|        scalar|
|dw_patch_4_13_4_val   |   in|    8|     ap_none|                            dw_patch_4_13_4_val|        scalar|
|dw_patch_4_14_3_val   |   in|    8|     ap_none|                            dw_patch_4_14_3_val|        scalar|
|dw_patch_4_14_4_val   |   in|    8|     ap_none|                            dw_patch_4_14_4_val|        scalar|
|dw_patch_4_13_5_val   |   in|    8|     ap_none|                            dw_patch_4_13_5_val|        scalar|
|dw_patch_4_13_6_val   |   in|    8|     ap_none|                            dw_patch_4_13_6_val|        scalar|
|dw_patch_4_14_5_val   |   in|    8|     ap_none|                            dw_patch_4_14_5_val|        scalar|
|dw_patch_4_14_6_val   |   in|    8|     ap_none|                            dw_patch_4_14_6_val|        scalar|
|dw_patch_4_13_7_val   |   in|    8|     ap_none|                            dw_patch_4_13_7_val|        scalar|
|dw_patch_4_13_8_val   |   in|    8|     ap_none|                            dw_patch_4_13_8_val|        scalar|
|dw_patch_4_14_7_val   |   in|    8|     ap_none|                            dw_patch_4_14_7_val|        scalar|
|dw_patch_4_14_8_val   |   in|    8|     ap_none|                            dw_patch_4_14_8_val|        scalar|
|dw_patch_4_13_9_val   |   in|    8|     ap_none|                            dw_patch_4_13_9_val|        scalar|
|dw_patch_4_13_10_val  |   in|    8|     ap_none|                           dw_patch_4_13_10_val|        scalar|
|dw_patch_4_14_9_val   |   in|    8|     ap_none|                            dw_patch_4_14_9_val|        scalar|
|dw_patch_4_14_10_val  |   in|    8|     ap_none|                           dw_patch_4_14_10_val|        scalar|
|dw_patch_4_13_11_val  |   in|    8|     ap_none|                           dw_patch_4_13_11_val|        scalar|
|dw_patch_4_13_12_val  |   in|    8|     ap_none|                           dw_patch_4_13_12_val|        scalar|
|dw_patch_4_14_11_val  |   in|    8|     ap_none|                           dw_patch_4_14_11_val|        scalar|
|dw_patch_4_14_12_val  |   in|    8|     ap_none|                           dw_patch_4_14_12_val|        scalar|
|dw_patch_4_13_13_val  |   in|    8|     ap_none|                           dw_patch_4_13_13_val|        scalar|
|dw_patch_4_13_14_val  |   in|    8|     ap_none|                           dw_patch_4_13_14_val|        scalar|
|dw_patch_4_14_13_val  |   in|    8|     ap_none|                           dw_patch_4_14_13_val|        scalar|
|dw_patch_4_14_14_val  |   in|    8|     ap_none|                           dw_patch_4_14_14_val|        scalar|
|dw_patch_4_13_15_val  |   in|    8|     ap_none|                           dw_patch_4_13_15_val|        scalar|
|dw_patch_4_13_16_val  |   in|    8|     ap_none|                           dw_patch_4_13_16_val|        scalar|
|dw_patch_4_14_15_val  |   in|    8|     ap_none|                           dw_patch_4_14_15_val|        scalar|
|dw_patch_4_14_16_val  |   in|    8|     ap_none|                           dw_patch_4_14_16_val|        scalar|
|dw_patch_4_15_0_val   |   in|    8|     ap_none|                            dw_patch_4_15_0_val|        scalar|
|dw_patch_4_15_1_val   |   in|    8|     ap_none|                            dw_patch_4_15_1_val|        scalar|
|dw_patch_4_15_2_val   |   in|    8|     ap_none|                            dw_patch_4_15_2_val|        scalar|
|dw_patch_4_16_0_val   |   in|    8|     ap_none|                            dw_patch_4_16_0_val|        scalar|
|dw_patch_4_16_1_val   |   in|    8|     ap_none|                            dw_patch_4_16_1_val|        scalar|
|dw_patch_4_16_2_val   |   in|    8|     ap_none|                            dw_patch_4_16_2_val|        scalar|
|dw_patch_4_15_3_val   |   in|    8|     ap_none|                            dw_patch_4_15_3_val|        scalar|
|dw_patch_4_15_4_val   |   in|    8|     ap_none|                            dw_patch_4_15_4_val|        scalar|
|dw_patch_4_16_3_val   |   in|    8|     ap_none|                            dw_patch_4_16_3_val|        scalar|
|dw_patch_4_16_4_val   |   in|    8|     ap_none|                            dw_patch_4_16_4_val|        scalar|
|dw_patch_4_15_5_val   |   in|    8|     ap_none|                            dw_patch_4_15_5_val|        scalar|
|dw_patch_4_15_6_val   |   in|    8|     ap_none|                            dw_patch_4_15_6_val|        scalar|
|dw_patch_4_16_5_val   |   in|    8|     ap_none|                            dw_patch_4_16_5_val|        scalar|
|dw_patch_4_16_6_val   |   in|    8|     ap_none|                            dw_patch_4_16_6_val|        scalar|
|dw_patch_4_15_7_val   |   in|    8|     ap_none|                            dw_patch_4_15_7_val|        scalar|
|dw_patch_4_15_8_val   |   in|    8|     ap_none|                            dw_patch_4_15_8_val|        scalar|
|dw_patch_4_16_7_val   |   in|    8|     ap_none|                            dw_patch_4_16_7_val|        scalar|
|dw_patch_4_16_8_val   |   in|    8|     ap_none|                            dw_patch_4_16_8_val|        scalar|
|dw_patch_4_15_9_val   |   in|    8|     ap_none|                            dw_patch_4_15_9_val|        scalar|
|dw_patch_4_15_10_val  |   in|    8|     ap_none|                           dw_patch_4_15_10_val|        scalar|
|dw_patch_4_16_9_val   |   in|    8|     ap_none|                            dw_patch_4_16_9_val|        scalar|
|dw_patch_4_16_10_val  |   in|    8|     ap_none|                           dw_patch_4_16_10_val|        scalar|
|dw_patch_4_15_11_val  |   in|    8|     ap_none|                           dw_patch_4_15_11_val|        scalar|
|dw_patch_4_15_12_val  |   in|    8|     ap_none|                           dw_patch_4_15_12_val|        scalar|
|dw_patch_4_16_11_val  |   in|    8|     ap_none|                           dw_patch_4_16_11_val|        scalar|
|dw_patch_4_16_12_val  |   in|    8|     ap_none|                           dw_patch_4_16_12_val|        scalar|
|dw_patch_4_15_13_val  |   in|    8|     ap_none|                           dw_patch_4_15_13_val|        scalar|
|dw_patch_4_15_14_val  |   in|    8|     ap_none|                           dw_patch_4_15_14_val|        scalar|
|dw_patch_4_16_13_val  |   in|    8|     ap_none|                           dw_patch_4_16_13_val|        scalar|
|dw_patch_4_16_14_val  |   in|    8|     ap_none|                           dw_patch_4_16_14_val|        scalar|
|dw_patch_4_15_15_val  |   in|    8|     ap_none|                           dw_patch_4_15_15_val|        scalar|
|dw_patch_4_15_16_val  |   in|    8|     ap_none|                           dw_patch_4_15_16_val|        scalar|
|dw_patch_4_16_15_val  |   in|    8|     ap_none|                           dw_patch_4_16_15_val|        scalar|
|dw_patch_4_16_16_val  |   in|    8|     ap_none|                           dw_patch_4_16_16_val|        scalar|
|dw_patch_5_0_10_val   |   in|    8|     ap_none|                            dw_patch_5_0_10_val|        scalar|
|dw_patch_5_1_10_val   |   in|    8|     ap_none|                            dw_patch_5_1_10_val|        scalar|
|dw_patch_5_2_10_val   |   in|    8|     ap_none|                            dw_patch_5_2_10_val|        scalar|
|dw_patch_5_0_11_val   |   in|    8|     ap_none|                            dw_patch_5_0_11_val|        scalar|
|dw_patch_5_0_12_val   |   in|    8|     ap_none|                            dw_patch_5_0_12_val|        scalar|
|dw_patch_5_1_11_val   |   in|    8|     ap_none|                            dw_patch_5_1_11_val|        scalar|
|dw_patch_5_1_12_val   |   in|    8|     ap_none|                            dw_patch_5_1_12_val|        scalar|
|dw_patch_5_2_11_val   |   in|    8|     ap_none|                            dw_patch_5_2_11_val|        scalar|
|dw_patch_5_2_12_val   |   in|    8|     ap_none|                            dw_patch_5_2_12_val|        scalar|
|dw_patch_5_0_13_val   |   in|    8|     ap_none|                            dw_patch_5_0_13_val|        scalar|
|dw_patch_5_0_14_val   |   in|    8|     ap_none|                            dw_patch_5_0_14_val|        scalar|
|dw_patch_5_1_13_val   |   in|    8|     ap_none|                            dw_patch_5_1_13_val|        scalar|
|dw_patch_5_1_14_val   |   in|    8|     ap_none|                            dw_patch_5_1_14_val|        scalar|
|dw_patch_5_2_13_val   |   in|    8|     ap_none|                            dw_patch_5_2_13_val|        scalar|
|dw_patch_5_2_14_val   |   in|    8|     ap_none|                            dw_patch_5_2_14_val|        scalar|
|dw_patch_5_0_15_val   |   in|    8|     ap_none|                            dw_patch_5_0_15_val|        scalar|
|dw_patch_5_0_16_val   |   in|    8|     ap_none|                            dw_patch_5_0_16_val|        scalar|
|dw_patch_5_1_15_val   |   in|    8|     ap_none|                            dw_patch_5_1_15_val|        scalar|
|dw_patch_5_1_16_val   |   in|    8|     ap_none|                            dw_patch_5_1_16_val|        scalar|
|dw_patch_5_2_15_val   |   in|    8|     ap_none|                            dw_patch_5_2_15_val|        scalar|
|dw_patch_5_2_16_val   |   in|    8|     ap_none|                            dw_patch_5_2_16_val|        scalar|
|dw_patch_5_3_10_val   |   in|    8|     ap_none|                            dw_patch_5_3_10_val|        scalar|
|dw_patch_5_4_10_val   |   in|    8|     ap_none|                            dw_patch_5_4_10_val|        scalar|
|dw_patch_5_3_11_val   |   in|    8|     ap_none|                            dw_patch_5_3_11_val|        scalar|
|dw_patch_5_3_12_val   |   in|    8|     ap_none|                            dw_patch_5_3_12_val|        scalar|
|dw_patch_5_4_11_val   |   in|    8|     ap_none|                            dw_patch_5_4_11_val|        scalar|
|dw_patch_5_4_12_val   |   in|    8|     ap_none|                            dw_patch_5_4_12_val|        scalar|
|dw_patch_5_3_13_val   |   in|    8|     ap_none|                            dw_patch_5_3_13_val|        scalar|
|dw_patch_5_3_14_val   |   in|    8|     ap_none|                            dw_patch_5_3_14_val|        scalar|
|dw_patch_5_4_13_val   |   in|    8|     ap_none|                            dw_patch_5_4_13_val|        scalar|
|dw_patch_5_4_14_val   |   in|    8|     ap_none|                            dw_patch_5_4_14_val|        scalar|
|dw_patch_5_3_15_val   |   in|    8|     ap_none|                            dw_patch_5_3_15_val|        scalar|
|dw_patch_5_3_16_val   |   in|    8|     ap_none|                            dw_patch_5_3_16_val|        scalar|
|dw_patch_5_4_15_val   |   in|    8|     ap_none|                            dw_patch_5_4_15_val|        scalar|
|dw_patch_5_4_16_val   |   in|    8|     ap_none|                            dw_patch_5_4_16_val|        scalar|
|dw_patch_5_5_10_val   |   in|    8|     ap_none|                            dw_patch_5_5_10_val|        scalar|
|dw_patch_5_6_10_val   |   in|    8|     ap_none|                            dw_patch_5_6_10_val|        scalar|
|dw_patch_5_5_11_val   |   in|    8|     ap_none|                            dw_patch_5_5_11_val|        scalar|
|dw_patch_5_5_12_val   |   in|    8|     ap_none|                            dw_patch_5_5_12_val|        scalar|
|dw_patch_5_6_11_val   |   in|    8|     ap_none|                            dw_patch_5_6_11_val|        scalar|
|dw_patch_5_6_12_val   |   in|    8|     ap_none|                            dw_patch_5_6_12_val|        scalar|
|dw_patch_5_5_13_val   |   in|    8|     ap_none|                            dw_patch_5_5_13_val|        scalar|
|dw_patch_5_5_14_val   |   in|    8|     ap_none|                            dw_patch_5_5_14_val|        scalar|
|dw_patch_5_6_13_val   |   in|    8|     ap_none|                            dw_patch_5_6_13_val|        scalar|
|dw_patch_5_6_14_val   |   in|    8|     ap_none|                            dw_patch_5_6_14_val|        scalar|
|dw_patch_5_5_15_val   |   in|    8|     ap_none|                            dw_patch_5_5_15_val|        scalar|
|dw_patch_5_5_16_val   |   in|    8|     ap_none|                            dw_patch_5_5_16_val|        scalar|
|dw_patch_5_6_15_val   |   in|    8|     ap_none|                            dw_patch_5_6_15_val|        scalar|
|dw_patch_5_6_16_val   |   in|    8|     ap_none|                            dw_patch_5_6_16_val|        scalar|
|dw_patch_5_7_10_val   |   in|    8|     ap_none|                            dw_patch_5_7_10_val|        scalar|
|dw_patch_5_8_10_val   |   in|    8|     ap_none|                            dw_patch_5_8_10_val|        scalar|
|dw_patch_5_7_11_val   |   in|    8|     ap_none|                            dw_patch_5_7_11_val|        scalar|
|dw_patch_5_7_12_val   |   in|    8|     ap_none|                            dw_patch_5_7_12_val|        scalar|
|dw_patch_5_8_11_val   |   in|    8|     ap_none|                            dw_patch_5_8_11_val|        scalar|
|dw_patch_5_8_12_val   |   in|    8|     ap_none|                            dw_patch_5_8_12_val|        scalar|
|dw_patch_5_7_13_val   |   in|    8|     ap_none|                            dw_patch_5_7_13_val|        scalar|
|dw_patch_5_7_14_val   |   in|    8|     ap_none|                            dw_patch_5_7_14_val|        scalar|
|dw_patch_5_8_13_val   |   in|    8|     ap_none|                            dw_patch_5_8_13_val|        scalar|
|dw_patch_5_8_14_val   |   in|    8|     ap_none|                            dw_patch_5_8_14_val|        scalar|
|dw_patch_5_7_15_val   |   in|    8|     ap_none|                            dw_patch_5_7_15_val|        scalar|
|dw_patch_5_7_16_val   |   in|    8|     ap_none|                            dw_patch_5_7_16_val|        scalar|
|dw_patch_5_8_15_val   |   in|    8|     ap_none|                            dw_patch_5_8_15_val|        scalar|
|dw_patch_5_8_16_val   |   in|    8|     ap_none|                            dw_patch_5_8_16_val|        scalar|
|dw_patch_5_10_0_val   |   in|    8|     ap_none|                            dw_patch_5_10_0_val|        scalar|
|dw_patch_5_10_1_val   |   in|    8|     ap_none|                            dw_patch_5_10_1_val|        scalar|
|dw_patch_5_10_2_val   |   in|    8|     ap_none|                            dw_patch_5_10_2_val|        scalar|
|dw_patch_5_10_3_val   |   in|    8|     ap_none|                            dw_patch_5_10_3_val|        scalar|
|dw_patch_5_10_4_val   |   in|    8|     ap_none|                            dw_patch_5_10_4_val|        scalar|
|dw_patch_5_10_5_val   |   in|    8|     ap_none|                            dw_patch_5_10_5_val|        scalar|
|dw_patch_5_10_6_val   |   in|    8|     ap_none|                            dw_patch_5_10_6_val|        scalar|
|dw_patch_5_10_7_val   |   in|    8|     ap_none|                            dw_patch_5_10_7_val|        scalar|
|dw_patch_5_10_8_val   |   in|    8|     ap_none|                            dw_patch_5_10_8_val|        scalar|
|dw_patch_5_9_10_val   |   in|    8|     ap_none|                            dw_patch_5_9_10_val|        scalar|
|dw_patch_5_10_9_val   |   in|    8|     ap_none|                            dw_patch_5_10_9_val|        scalar|
|dw_patch_5_10_10_val  |   in|    8|     ap_none|                           dw_patch_5_10_10_val|        scalar|
|dw_patch_5_9_11_val   |   in|    8|     ap_none|                            dw_patch_5_9_11_val|        scalar|
|dw_patch_5_9_12_val   |   in|    8|     ap_none|                            dw_patch_5_9_12_val|        scalar|
|dw_patch_5_10_11_val  |   in|    8|     ap_none|                           dw_patch_5_10_11_val|        scalar|
|dw_patch_5_10_12_val  |   in|    8|     ap_none|                           dw_patch_5_10_12_val|        scalar|
|dw_patch_5_9_13_val   |   in|    8|     ap_none|                            dw_patch_5_9_13_val|        scalar|
|dw_patch_5_9_14_val   |   in|    8|     ap_none|                            dw_patch_5_9_14_val|        scalar|
|dw_patch_5_10_13_val  |   in|    8|     ap_none|                           dw_patch_5_10_13_val|        scalar|
|dw_patch_5_10_14_val  |   in|    8|     ap_none|                           dw_patch_5_10_14_val|        scalar|
|dw_patch_5_9_15_val   |   in|    8|     ap_none|                            dw_patch_5_9_15_val|        scalar|
|dw_patch_5_9_16_val   |   in|    8|     ap_none|                            dw_patch_5_9_16_val|        scalar|
|dw_patch_5_10_15_val  |   in|    8|     ap_none|                           dw_patch_5_10_15_val|        scalar|
|dw_patch_5_10_16_val  |   in|    8|     ap_none|                           dw_patch_5_10_16_val|        scalar|
|dw_patch_5_11_0_val   |   in|    8|     ap_none|                            dw_patch_5_11_0_val|        scalar|
|dw_patch_5_11_1_val   |   in|    8|     ap_none|                            dw_patch_5_11_1_val|        scalar|
|dw_patch_5_11_2_val   |   in|    8|     ap_none|                            dw_patch_5_11_2_val|        scalar|
|dw_patch_5_12_0_val   |   in|    8|     ap_none|                            dw_patch_5_12_0_val|        scalar|
|dw_patch_5_12_1_val   |   in|    8|     ap_none|                            dw_patch_5_12_1_val|        scalar|
|dw_patch_5_12_2_val   |   in|    8|     ap_none|                            dw_patch_5_12_2_val|        scalar|
|dw_patch_5_11_3_val   |   in|    8|     ap_none|                            dw_patch_5_11_3_val|        scalar|
|dw_patch_5_11_4_val   |   in|    8|     ap_none|                            dw_patch_5_11_4_val|        scalar|
|dw_patch_5_12_3_val   |   in|    8|     ap_none|                            dw_patch_5_12_3_val|        scalar|
|dw_patch_5_12_4_val   |   in|    8|     ap_none|                            dw_patch_5_12_4_val|        scalar|
|dw_patch_5_11_5_val   |   in|    8|     ap_none|                            dw_patch_5_11_5_val|        scalar|
|dw_patch_5_11_6_val   |   in|    8|     ap_none|                            dw_patch_5_11_6_val|        scalar|
|dw_patch_5_12_5_val   |   in|    8|     ap_none|                            dw_patch_5_12_5_val|        scalar|
|dw_patch_5_12_6_val   |   in|    8|     ap_none|                            dw_patch_5_12_6_val|        scalar|
|dw_patch_5_11_7_val   |   in|    8|     ap_none|                            dw_patch_5_11_7_val|        scalar|
|dw_patch_5_11_8_val   |   in|    8|     ap_none|                            dw_patch_5_11_8_val|        scalar|
|dw_patch_5_12_7_val   |   in|    8|     ap_none|                            dw_patch_5_12_7_val|        scalar|
|dw_patch_5_12_8_val   |   in|    8|     ap_none|                            dw_patch_5_12_8_val|        scalar|
|dw_patch_5_11_9_val   |   in|    8|     ap_none|                            dw_patch_5_11_9_val|        scalar|
|dw_patch_5_11_10_val  |   in|    8|     ap_none|                           dw_patch_5_11_10_val|        scalar|
|dw_patch_5_12_9_val   |   in|    8|     ap_none|                            dw_patch_5_12_9_val|        scalar|
|dw_patch_5_12_10_val  |   in|    8|     ap_none|                           dw_patch_5_12_10_val|        scalar|
|dw_patch_5_11_11_val  |   in|    8|     ap_none|                           dw_patch_5_11_11_val|        scalar|
|dw_patch_5_11_12_val  |   in|    8|     ap_none|                           dw_patch_5_11_12_val|        scalar|
|dw_patch_5_12_11_val  |   in|    8|     ap_none|                           dw_patch_5_12_11_val|        scalar|
|dw_patch_5_12_12_val  |   in|    8|     ap_none|                           dw_patch_5_12_12_val|        scalar|
|dw_patch_5_11_13_val  |   in|    8|     ap_none|                           dw_patch_5_11_13_val|        scalar|
|dw_patch_5_11_14_val  |   in|    8|     ap_none|                           dw_patch_5_11_14_val|        scalar|
|dw_patch_5_12_13_val  |   in|    8|     ap_none|                           dw_patch_5_12_13_val|        scalar|
|dw_patch_5_12_14_val  |   in|    8|     ap_none|                           dw_patch_5_12_14_val|        scalar|
|dw_patch_5_11_15_val  |   in|    8|     ap_none|                           dw_patch_5_11_15_val|        scalar|
|dw_patch_5_11_16_val  |   in|    8|     ap_none|                           dw_patch_5_11_16_val|        scalar|
|dw_patch_5_12_15_val  |   in|    8|     ap_none|                           dw_patch_5_12_15_val|        scalar|
|dw_patch_5_12_16_val  |   in|    8|     ap_none|                           dw_patch_5_12_16_val|        scalar|
|dw_patch_5_13_0_val   |   in|    8|     ap_none|                            dw_patch_5_13_0_val|        scalar|
|dw_patch_5_13_1_val   |   in|    8|     ap_none|                            dw_patch_5_13_1_val|        scalar|
|dw_patch_5_13_2_val   |   in|    8|     ap_none|                            dw_patch_5_13_2_val|        scalar|
|dw_patch_5_14_0_val   |   in|    8|     ap_none|                            dw_patch_5_14_0_val|        scalar|
|dw_patch_5_14_1_val   |   in|    8|     ap_none|                            dw_patch_5_14_1_val|        scalar|
|dw_patch_5_14_2_val   |   in|    8|     ap_none|                            dw_patch_5_14_2_val|        scalar|
|dw_patch_5_13_3_val   |   in|    8|     ap_none|                            dw_patch_5_13_3_val|        scalar|
|dw_patch_5_13_4_val   |   in|    8|     ap_none|                            dw_patch_5_13_4_val|        scalar|
|dw_patch_5_14_3_val   |   in|    8|     ap_none|                            dw_patch_5_14_3_val|        scalar|
|dw_patch_5_14_4_val   |   in|    8|     ap_none|                            dw_patch_5_14_4_val|        scalar|
|dw_patch_5_13_5_val   |   in|    8|     ap_none|                            dw_patch_5_13_5_val|        scalar|
|dw_patch_5_13_6_val   |   in|    8|     ap_none|                            dw_patch_5_13_6_val|        scalar|
|dw_patch_5_14_5_val   |   in|    8|     ap_none|                            dw_patch_5_14_5_val|        scalar|
|dw_patch_5_14_6_val   |   in|    8|     ap_none|                            dw_patch_5_14_6_val|        scalar|
|dw_patch_5_13_7_val   |   in|    8|     ap_none|                            dw_patch_5_13_7_val|        scalar|
|dw_patch_5_13_8_val   |   in|    8|     ap_none|                            dw_patch_5_13_8_val|        scalar|
|dw_patch_5_14_7_val   |   in|    8|     ap_none|                            dw_patch_5_14_7_val|        scalar|
|dw_patch_5_14_8_val   |   in|    8|     ap_none|                            dw_patch_5_14_8_val|        scalar|
|dw_patch_5_13_9_val   |   in|    8|     ap_none|                            dw_patch_5_13_9_val|        scalar|
|dw_patch_5_13_10_val  |   in|    8|     ap_none|                           dw_patch_5_13_10_val|        scalar|
|dw_patch_5_14_9_val   |   in|    8|     ap_none|                            dw_patch_5_14_9_val|        scalar|
|dw_patch_5_14_10_val  |   in|    8|     ap_none|                           dw_patch_5_14_10_val|        scalar|
|dw_patch_5_13_11_val  |   in|    8|     ap_none|                           dw_patch_5_13_11_val|        scalar|
|dw_patch_5_13_12_val  |   in|    8|     ap_none|                           dw_patch_5_13_12_val|        scalar|
|dw_patch_5_14_11_val  |   in|    8|     ap_none|                           dw_patch_5_14_11_val|        scalar|
|dw_patch_5_14_12_val  |   in|    8|     ap_none|                           dw_patch_5_14_12_val|        scalar|
|dw_patch_5_13_13_val  |   in|    8|     ap_none|                           dw_patch_5_13_13_val|        scalar|
|dw_patch_5_13_14_val  |   in|    8|     ap_none|                           dw_patch_5_13_14_val|        scalar|
|dw_patch_5_14_13_val  |   in|    8|     ap_none|                           dw_patch_5_14_13_val|        scalar|
|dw_patch_5_14_14_val  |   in|    8|     ap_none|                           dw_patch_5_14_14_val|        scalar|
|dw_patch_5_13_15_val  |   in|    8|     ap_none|                           dw_patch_5_13_15_val|        scalar|
|dw_patch_5_13_16_val  |   in|    8|     ap_none|                           dw_patch_5_13_16_val|        scalar|
|dw_patch_5_14_15_val  |   in|    8|     ap_none|                           dw_patch_5_14_15_val|        scalar|
|dw_patch_5_14_16_val  |   in|    8|     ap_none|                           dw_patch_5_14_16_val|        scalar|
|dw_patch_5_15_0_val   |   in|    8|     ap_none|                            dw_patch_5_15_0_val|        scalar|
|dw_patch_5_15_1_val   |   in|    8|     ap_none|                            dw_patch_5_15_1_val|        scalar|
|dw_patch_5_15_2_val   |   in|    8|     ap_none|                            dw_patch_5_15_2_val|        scalar|
|dw_patch_5_16_0_val   |   in|    8|     ap_none|                            dw_patch_5_16_0_val|        scalar|
|dw_patch_5_16_1_val   |   in|    8|     ap_none|                            dw_patch_5_16_1_val|        scalar|
|dw_patch_5_16_2_val   |   in|    8|     ap_none|                            dw_patch_5_16_2_val|        scalar|
|dw_patch_5_15_3_val   |   in|    8|     ap_none|                            dw_patch_5_15_3_val|        scalar|
|dw_patch_5_15_4_val   |   in|    8|     ap_none|                            dw_patch_5_15_4_val|        scalar|
|dw_patch_5_16_3_val   |   in|    8|     ap_none|                            dw_patch_5_16_3_val|        scalar|
|dw_patch_5_16_4_val   |   in|    8|     ap_none|                            dw_patch_5_16_4_val|        scalar|
|dw_patch_5_15_5_val   |   in|    8|     ap_none|                            dw_patch_5_15_5_val|        scalar|
|dw_patch_5_15_6_val   |   in|    8|     ap_none|                            dw_patch_5_15_6_val|        scalar|
|dw_patch_5_16_5_val   |   in|    8|     ap_none|                            dw_patch_5_16_5_val|        scalar|
|dw_patch_5_16_6_val   |   in|    8|     ap_none|                            dw_patch_5_16_6_val|        scalar|
|dw_patch_5_15_7_val   |   in|    8|     ap_none|                            dw_patch_5_15_7_val|        scalar|
|dw_patch_5_15_8_val   |   in|    8|     ap_none|                            dw_patch_5_15_8_val|        scalar|
|dw_patch_5_16_7_val   |   in|    8|     ap_none|                            dw_patch_5_16_7_val|        scalar|
|dw_patch_5_16_8_val   |   in|    8|     ap_none|                            dw_patch_5_16_8_val|        scalar|
|dw_patch_5_15_9_val   |   in|    8|     ap_none|                            dw_patch_5_15_9_val|        scalar|
|dw_patch_5_15_10_val  |   in|    8|     ap_none|                           dw_patch_5_15_10_val|        scalar|
|dw_patch_5_16_9_val   |   in|    8|     ap_none|                            dw_patch_5_16_9_val|        scalar|
|dw_patch_5_16_10_val  |   in|    8|     ap_none|                           dw_patch_5_16_10_val|        scalar|
|dw_patch_5_15_11_val  |   in|    8|     ap_none|                           dw_patch_5_15_11_val|        scalar|
|dw_patch_5_15_12_val  |   in|    8|     ap_none|                           dw_patch_5_15_12_val|        scalar|
|dw_patch_5_16_11_val  |   in|    8|     ap_none|                           dw_patch_5_16_11_val|        scalar|
|dw_patch_5_16_12_val  |   in|    8|     ap_none|                           dw_patch_5_16_12_val|        scalar|
|dw_patch_5_15_13_val  |   in|    8|     ap_none|                           dw_patch_5_15_13_val|        scalar|
|dw_patch_5_15_14_val  |   in|    8|     ap_none|                           dw_patch_5_15_14_val|        scalar|
|dw_patch_5_16_13_val  |   in|    8|     ap_none|                           dw_patch_5_16_13_val|        scalar|
|dw_patch_5_16_14_val  |   in|    8|     ap_none|                           dw_patch_5_16_14_val|        scalar|
|dw_patch_5_15_15_val  |   in|    8|     ap_none|                           dw_patch_5_15_15_val|        scalar|
|dw_patch_5_15_16_val  |   in|    8|     ap_none|                           dw_patch_5_15_16_val|        scalar|
|dw_patch_5_16_15_val  |   in|    8|     ap_none|                           dw_patch_5_16_15_val|        scalar|
|dw_patch_5_16_16_val  |   in|    8|     ap_none|                           dw_patch_5_16_16_val|        scalar|
|dw_patch_6_0_10_val   |   in|    8|     ap_none|                            dw_patch_6_0_10_val|        scalar|
|dw_patch_6_1_10_val   |   in|    8|     ap_none|                            dw_patch_6_1_10_val|        scalar|
|dw_patch_6_2_10_val   |   in|    8|     ap_none|                            dw_patch_6_2_10_val|        scalar|
|dw_patch_6_0_11_val   |   in|    8|     ap_none|                            dw_patch_6_0_11_val|        scalar|
|dw_patch_6_0_12_val   |   in|    8|     ap_none|                            dw_patch_6_0_12_val|        scalar|
|dw_patch_6_1_11_val   |   in|    8|     ap_none|                            dw_patch_6_1_11_val|        scalar|
|dw_patch_6_1_12_val   |   in|    8|     ap_none|                            dw_patch_6_1_12_val|        scalar|
|dw_patch_6_2_11_val   |   in|    8|     ap_none|                            dw_patch_6_2_11_val|        scalar|
|dw_patch_6_2_12_val   |   in|    8|     ap_none|                            dw_patch_6_2_12_val|        scalar|
|dw_patch_6_0_13_val   |   in|    8|     ap_none|                            dw_patch_6_0_13_val|        scalar|
|dw_patch_6_0_14_val   |   in|    8|     ap_none|                            dw_patch_6_0_14_val|        scalar|
|dw_patch_6_1_13_val   |   in|    8|     ap_none|                            dw_patch_6_1_13_val|        scalar|
|dw_patch_6_1_14_val   |   in|    8|     ap_none|                            dw_patch_6_1_14_val|        scalar|
|dw_patch_6_2_13_val   |   in|    8|     ap_none|                            dw_patch_6_2_13_val|        scalar|
|dw_patch_6_2_14_val   |   in|    8|     ap_none|                            dw_patch_6_2_14_val|        scalar|
|dw_patch_6_0_15_val   |   in|    8|     ap_none|                            dw_patch_6_0_15_val|        scalar|
|dw_patch_6_0_16_val   |   in|    8|     ap_none|                            dw_patch_6_0_16_val|        scalar|
|dw_patch_6_1_15_val   |   in|    8|     ap_none|                            dw_patch_6_1_15_val|        scalar|
|dw_patch_6_1_16_val   |   in|    8|     ap_none|                            dw_patch_6_1_16_val|        scalar|
|dw_patch_6_2_15_val   |   in|    8|     ap_none|                            dw_patch_6_2_15_val|        scalar|
|dw_patch_6_2_16_val   |   in|    8|     ap_none|                            dw_patch_6_2_16_val|        scalar|
|dw_patch_6_3_10_val   |   in|    8|     ap_none|                            dw_patch_6_3_10_val|        scalar|
|dw_patch_6_4_10_val   |   in|    8|     ap_none|                            dw_patch_6_4_10_val|        scalar|
|dw_patch_6_3_11_val   |   in|    8|     ap_none|                            dw_patch_6_3_11_val|        scalar|
|dw_patch_6_3_12_val   |   in|    8|     ap_none|                            dw_patch_6_3_12_val|        scalar|
|dw_patch_6_4_11_val   |   in|    8|     ap_none|                            dw_patch_6_4_11_val|        scalar|
|dw_patch_6_4_12_val   |   in|    8|     ap_none|                            dw_patch_6_4_12_val|        scalar|
|dw_patch_6_3_13_val   |   in|    8|     ap_none|                            dw_patch_6_3_13_val|        scalar|
|dw_patch_6_3_14_val   |   in|    8|     ap_none|                            dw_patch_6_3_14_val|        scalar|
|dw_patch_6_4_13_val   |   in|    8|     ap_none|                            dw_patch_6_4_13_val|        scalar|
|dw_patch_6_4_14_val   |   in|    8|     ap_none|                            dw_patch_6_4_14_val|        scalar|
|dw_patch_6_3_15_val   |   in|    8|     ap_none|                            dw_patch_6_3_15_val|        scalar|
|dw_patch_6_3_16_val   |   in|    8|     ap_none|                            dw_patch_6_3_16_val|        scalar|
|dw_patch_6_4_15_val   |   in|    8|     ap_none|                            dw_patch_6_4_15_val|        scalar|
|dw_patch_6_4_16_val   |   in|    8|     ap_none|                            dw_patch_6_4_16_val|        scalar|
|dw_patch_6_5_10_val   |   in|    8|     ap_none|                            dw_patch_6_5_10_val|        scalar|
|dw_patch_6_6_10_val   |   in|    8|     ap_none|                            dw_patch_6_6_10_val|        scalar|
|dw_patch_6_5_11_val   |   in|    8|     ap_none|                            dw_patch_6_5_11_val|        scalar|
|dw_patch_6_5_12_val   |   in|    8|     ap_none|                            dw_patch_6_5_12_val|        scalar|
|dw_patch_6_6_11_val   |   in|    8|     ap_none|                            dw_patch_6_6_11_val|        scalar|
|dw_patch_6_6_12_val   |   in|    8|     ap_none|                            dw_patch_6_6_12_val|        scalar|
|dw_patch_6_5_13_val   |   in|    8|     ap_none|                            dw_patch_6_5_13_val|        scalar|
|dw_patch_6_5_14_val   |   in|    8|     ap_none|                            dw_patch_6_5_14_val|        scalar|
|dw_patch_6_6_13_val   |   in|    8|     ap_none|                            dw_patch_6_6_13_val|        scalar|
|dw_patch_6_6_14_val   |   in|    8|     ap_none|                            dw_patch_6_6_14_val|        scalar|
|dw_patch_6_5_15_val   |   in|    8|     ap_none|                            dw_patch_6_5_15_val|        scalar|
|dw_patch_6_5_16_val   |   in|    8|     ap_none|                            dw_patch_6_5_16_val|        scalar|
|dw_patch_6_6_15_val   |   in|    8|     ap_none|                            dw_patch_6_6_15_val|        scalar|
|dw_patch_6_6_16_val   |   in|    8|     ap_none|                            dw_patch_6_6_16_val|        scalar|
|dw_patch_6_7_10_val   |   in|    8|     ap_none|                            dw_patch_6_7_10_val|        scalar|
|dw_patch_6_8_10_val   |   in|    8|     ap_none|                            dw_patch_6_8_10_val|        scalar|
|dw_patch_6_7_11_val   |   in|    8|     ap_none|                            dw_patch_6_7_11_val|        scalar|
|dw_patch_6_7_12_val   |   in|    8|     ap_none|                            dw_patch_6_7_12_val|        scalar|
|dw_patch_6_8_11_val   |   in|    8|     ap_none|                            dw_patch_6_8_11_val|        scalar|
|dw_patch_6_8_12_val   |   in|    8|     ap_none|                            dw_patch_6_8_12_val|        scalar|
|dw_patch_6_7_13_val   |   in|    8|     ap_none|                            dw_patch_6_7_13_val|        scalar|
|dw_patch_6_7_14_val   |   in|    8|     ap_none|                            dw_patch_6_7_14_val|        scalar|
|dw_patch_6_8_13_val   |   in|    8|     ap_none|                            dw_patch_6_8_13_val|        scalar|
|dw_patch_6_8_14_val   |   in|    8|     ap_none|                            dw_patch_6_8_14_val|        scalar|
|dw_patch_6_7_15_val   |   in|    8|     ap_none|                            dw_patch_6_7_15_val|        scalar|
|dw_patch_6_7_16_val   |   in|    8|     ap_none|                            dw_patch_6_7_16_val|        scalar|
|dw_patch_6_8_15_val   |   in|    8|     ap_none|                            dw_patch_6_8_15_val|        scalar|
|dw_patch_6_8_16_val   |   in|    8|     ap_none|                            dw_patch_6_8_16_val|        scalar|
|dw_patch_6_10_0_val   |   in|    8|     ap_none|                            dw_patch_6_10_0_val|        scalar|
|dw_patch_6_10_1_val   |   in|    8|     ap_none|                            dw_patch_6_10_1_val|        scalar|
|dw_patch_6_10_2_val   |   in|    8|     ap_none|                            dw_patch_6_10_2_val|        scalar|
|dw_patch_6_10_3_val   |   in|    8|     ap_none|                            dw_patch_6_10_3_val|        scalar|
|dw_patch_6_10_4_val   |   in|    8|     ap_none|                            dw_patch_6_10_4_val|        scalar|
|dw_patch_6_10_5_val   |   in|    8|     ap_none|                            dw_patch_6_10_5_val|        scalar|
|dw_patch_6_10_6_val   |   in|    8|     ap_none|                            dw_patch_6_10_6_val|        scalar|
|dw_patch_6_10_7_val   |   in|    8|     ap_none|                            dw_patch_6_10_7_val|        scalar|
|dw_patch_6_10_8_val   |   in|    8|     ap_none|                            dw_patch_6_10_8_val|        scalar|
|dw_patch_6_9_10_val   |   in|    8|     ap_none|                            dw_patch_6_9_10_val|        scalar|
|dw_patch_6_10_9_val   |   in|    8|     ap_none|                            dw_patch_6_10_9_val|        scalar|
|dw_patch_6_10_10_val  |   in|    8|     ap_none|                           dw_patch_6_10_10_val|        scalar|
|dw_patch_6_9_11_val   |   in|    8|     ap_none|                            dw_patch_6_9_11_val|        scalar|
|dw_patch_6_9_12_val   |   in|    8|     ap_none|                            dw_patch_6_9_12_val|        scalar|
|dw_patch_6_10_11_val  |   in|    8|     ap_none|                           dw_patch_6_10_11_val|        scalar|
|dw_patch_6_10_12_val  |   in|    8|     ap_none|                           dw_patch_6_10_12_val|        scalar|
|dw_patch_6_9_13_val   |   in|    8|     ap_none|                            dw_patch_6_9_13_val|        scalar|
|dw_patch_6_9_14_val   |   in|    8|     ap_none|                            dw_patch_6_9_14_val|        scalar|
|dw_patch_6_10_13_val  |   in|    8|     ap_none|                           dw_patch_6_10_13_val|        scalar|
|dw_patch_6_10_14_val  |   in|    8|     ap_none|                           dw_patch_6_10_14_val|        scalar|
|dw_patch_6_9_15_val   |   in|    8|     ap_none|                            dw_patch_6_9_15_val|        scalar|
|dw_patch_6_9_16_val   |   in|    8|     ap_none|                            dw_patch_6_9_16_val|        scalar|
|dw_patch_6_10_15_val  |   in|    8|     ap_none|                           dw_patch_6_10_15_val|        scalar|
|dw_patch_6_10_16_val  |   in|    8|     ap_none|                           dw_patch_6_10_16_val|        scalar|
|dw_patch_6_11_0_val   |   in|    8|     ap_none|                            dw_patch_6_11_0_val|        scalar|
|dw_patch_6_11_1_val   |   in|    8|     ap_none|                            dw_patch_6_11_1_val|        scalar|
|dw_patch_6_11_2_val   |   in|    8|     ap_none|                            dw_patch_6_11_2_val|        scalar|
|dw_patch_6_12_0_val   |   in|    8|     ap_none|                            dw_patch_6_12_0_val|        scalar|
|dw_patch_6_12_1_val   |   in|    8|     ap_none|                            dw_patch_6_12_1_val|        scalar|
|dw_patch_6_12_2_val   |   in|    8|     ap_none|                            dw_patch_6_12_2_val|        scalar|
|dw_patch_6_11_3_val   |   in|    8|     ap_none|                            dw_patch_6_11_3_val|        scalar|
|dw_patch_6_11_4_val   |   in|    8|     ap_none|                            dw_patch_6_11_4_val|        scalar|
|dw_patch_6_12_3_val   |   in|    8|     ap_none|                            dw_patch_6_12_3_val|        scalar|
|dw_patch_6_12_4_val   |   in|    8|     ap_none|                            dw_patch_6_12_4_val|        scalar|
|dw_patch_6_11_5_val   |   in|    8|     ap_none|                            dw_patch_6_11_5_val|        scalar|
|dw_patch_6_11_6_val   |   in|    8|     ap_none|                            dw_patch_6_11_6_val|        scalar|
|dw_patch_6_12_5_val   |   in|    8|     ap_none|                            dw_patch_6_12_5_val|        scalar|
|dw_patch_6_12_6_val   |   in|    8|     ap_none|                            dw_patch_6_12_6_val|        scalar|
|dw_patch_6_11_7_val   |   in|    8|     ap_none|                            dw_patch_6_11_7_val|        scalar|
|dw_patch_6_11_8_val   |   in|    8|     ap_none|                            dw_patch_6_11_8_val|        scalar|
|dw_patch_6_12_7_val   |   in|    8|     ap_none|                            dw_patch_6_12_7_val|        scalar|
|dw_patch_6_12_8_val   |   in|    8|     ap_none|                            dw_patch_6_12_8_val|        scalar|
|dw_patch_6_11_9_val   |   in|    8|     ap_none|                            dw_patch_6_11_9_val|        scalar|
|dw_patch_6_11_10_val  |   in|    8|     ap_none|                           dw_patch_6_11_10_val|        scalar|
|dw_patch_6_12_9_val   |   in|    8|     ap_none|                            dw_patch_6_12_9_val|        scalar|
|dw_patch_6_12_10_val  |   in|    8|     ap_none|                           dw_patch_6_12_10_val|        scalar|
|dw_patch_6_11_11_val  |   in|    8|     ap_none|                           dw_patch_6_11_11_val|        scalar|
|dw_patch_6_11_12_val  |   in|    8|     ap_none|                           dw_patch_6_11_12_val|        scalar|
|dw_patch_6_12_11_val  |   in|    8|     ap_none|                           dw_patch_6_12_11_val|        scalar|
|dw_patch_6_12_12_val  |   in|    8|     ap_none|                           dw_patch_6_12_12_val|        scalar|
|dw_patch_6_11_13_val  |   in|    8|     ap_none|                           dw_patch_6_11_13_val|        scalar|
|dw_patch_6_11_14_val  |   in|    8|     ap_none|                           dw_patch_6_11_14_val|        scalar|
|dw_patch_6_12_13_val  |   in|    8|     ap_none|                           dw_patch_6_12_13_val|        scalar|
|dw_patch_6_12_14_val  |   in|    8|     ap_none|                           dw_patch_6_12_14_val|        scalar|
|dw_patch_6_11_15_val  |   in|    8|     ap_none|                           dw_patch_6_11_15_val|        scalar|
|dw_patch_6_11_16_val  |   in|    8|     ap_none|                           dw_patch_6_11_16_val|        scalar|
|dw_patch_6_12_15_val  |   in|    8|     ap_none|                           dw_patch_6_12_15_val|        scalar|
|dw_patch_6_12_16_val  |   in|    8|     ap_none|                           dw_patch_6_12_16_val|        scalar|
|dw_patch_6_13_0_val   |   in|    8|     ap_none|                            dw_patch_6_13_0_val|        scalar|
|dw_patch_6_13_1_val   |   in|    8|     ap_none|                            dw_patch_6_13_1_val|        scalar|
|dw_patch_6_13_2_val   |   in|    8|     ap_none|                            dw_patch_6_13_2_val|        scalar|
|dw_patch_6_14_0_val   |   in|    8|     ap_none|                            dw_patch_6_14_0_val|        scalar|
|dw_patch_6_14_1_val   |   in|    8|     ap_none|                            dw_patch_6_14_1_val|        scalar|
|dw_patch_6_14_2_val   |   in|    8|     ap_none|                            dw_patch_6_14_2_val|        scalar|
|dw_patch_6_13_3_val   |   in|    8|     ap_none|                            dw_patch_6_13_3_val|        scalar|
|dw_patch_6_13_4_val   |   in|    8|     ap_none|                            dw_patch_6_13_4_val|        scalar|
|dw_patch_6_14_3_val   |   in|    8|     ap_none|                            dw_patch_6_14_3_val|        scalar|
|dw_patch_6_14_4_val   |   in|    8|     ap_none|                            dw_patch_6_14_4_val|        scalar|
|dw_patch_6_13_5_val   |   in|    8|     ap_none|                            dw_patch_6_13_5_val|        scalar|
|dw_patch_6_13_6_val   |   in|    8|     ap_none|                            dw_patch_6_13_6_val|        scalar|
|dw_patch_6_14_5_val   |   in|    8|     ap_none|                            dw_patch_6_14_5_val|        scalar|
|dw_patch_6_14_6_val   |   in|    8|     ap_none|                            dw_patch_6_14_6_val|        scalar|
|dw_patch_6_13_7_val   |   in|    8|     ap_none|                            dw_patch_6_13_7_val|        scalar|
|dw_patch_6_13_8_val   |   in|    8|     ap_none|                            dw_patch_6_13_8_val|        scalar|
|dw_patch_6_14_7_val   |   in|    8|     ap_none|                            dw_patch_6_14_7_val|        scalar|
|dw_patch_6_14_8_val   |   in|    8|     ap_none|                            dw_patch_6_14_8_val|        scalar|
|dw_patch_6_13_9_val   |   in|    8|     ap_none|                            dw_patch_6_13_9_val|        scalar|
|dw_patch_6_13_10_val  |   in|    8|     ap_none|                           dw_patch_6_13_10_val|        scalar|
|dw_patch_6_14_9_val   |   in|    8|     ap_none|                            dw_patch_6_14_9_val|        scalar|
|dw_patch_6_14_10_val  |   in|    8|     ap_none|                           dw_patch_6_14_10_val|        scalar|
|dw_patch_6_13_11_val  |   in|    8|     ap_none|                           dw_patch_6_13_11_val|        scalar|
|dw_patch_6_13_12_val  |   in|    8|     ap_none|                           dw_patch_6_13_12_val|        scalar|
|dw_patch_6_14_11_val  |   in|    8|     ap_none|                           dw_patch_6_14_11_val|        scalar|
|dw_patch_6_14_12_val  |   in|    8|     ap_none|                           dw_patch_6_14_12_val|        scalar|
|dw_patch_6_13_13_val  |   in|    8|     ap_none|                           dw_patch_6_13_13_val|        scalar|
|dw_patch_6_13_14_val  |   in|    8|     ap_none|                           dw_patch_6_13_14_val|        scalar|
|dw_patch_6_14_13_val  |   in|    8|     ap_none|                           dw_patch_6_14_13_val|        scalar|
|dw_patch_6_14_14_val  |   in|    8|     ap_none|                           dw_patch_6_14_14_val|        scalar|
|dw_patch_6_13_15_val  |   in|    8|     ap_none|                           dw_patch_6_13_15_val|        scalar|
|dw_patch_6_13_16_val  |   in|    8|     ap_none|                           dw_patch_6_13_16_val|        scalar|
|dw_patch_6_14_15_val  |   in|    8|     ap_none|                           dw_patch_6_14_15_val|        scalar|
|dw_patch_6_14_16_val  |   in|    8|     ap_none|                           dw_patch_6_14_16_val|        scalar|
|dw_patch_6_15_0_val   |   in|    8|     ap_none|                            dw_patch_6_15_0_val|        scalar|
|dw_patch_6_15_1_val   |   in|    8|     ap_none|                            dw_patch_6_15_1_val|        scalar|
|dw_patch_6_15_2_val   |   in|    8|     ap_none|                            dw_patch_6_15_2_val|        scalar|
|dw_patch_6_16_0_val   |   in|    8|     ap_none|                            dw_patch_6_16_0_val|        scalar|
|dw_patch_6_16_1_val   |   in|    8|     ap_none|                            dw_patch_6_16_1_val|        scalar|
|dw_patch_6_16_2_val   |   in|    8|     ap_none|                            dw_patch_6_16_2_val|        scalar|
|dw_patch_6_15_3_val   |   in|    8|     ap_none|                            dw_patch_6_15_3_val|        scalar|
|dw_patch_6_15_4_val   |   in|    8|     ap_none|                            dw_patch_6_15_4_val|        scalar|
|dw_patch_6_16_3_val   |   in|    8|     ap_none|                            dw_patch_6_16_3_val|        scalar|
|dw_patch_6_16_4_val   |   in|    8|     ap_none|                            dw_patch_6_16_4_val|        scalar|
|dw_patch_6_15_5_val   |   in|    8|     ap_none|                            dw_patch_6_15_5_val|        scalar|
|dw_patch_6_15_6_val   |   in|    8|     ap_none|                            dw_patch_6_15_6_val|        scalar|
|dw_patch_6_16_5_val   |   in|    8|     ap_none|                            dw_patch_6_16_5_val|        scalar|
|dw_patch_6_16_6_val   |   in|    8|     ap_none|                            dw_patch_6_16_6_val|        scalar|
|dw_patch_6_15_7_val   |   in|    8|     ap_none|                            dw_patch_6_15_7_val|        scalar|
|dw_patch_6_15_8_val   |   in|    8|     ap_none|                            dw_patch_6_15_8_val|        scalar|
|dw_patch_6_16_7_val   |   in|    8|     ap_none|                            dw_patch_6_16_7_val|        scalar|
|dw_patch_6_16_8_val   |   in|    8|     ap_none|                            dw_patch_6_16_8_val|        scalar|
|dw_patch_6_15_9_val   |   in|    8|     ap_none|                            dw_patch_6_15_9_val|        scalar|
|dw_patch_6_15_10_val  |   in|    8|     ap_none|                           dw_patch_6_15_10_val|        scalar|
|dw_patch_6_16_9_val   |   in|    8|     ap_none|                            dw_patch_6_16_9_val|        scalar|
|dw_patch_6_16_10_val  |   in|    8|     ap_none|                           dw_patch_6_16_10_val|        scalar|
|dw_patch_6_15_11_val  |   in|    8|     ap_none|                           dw_patch_6_15_11_val|        scalar|
|dw_patch_6_15_12_val  |   in|    8|     ap_none|                           dw_patch_6_15_12_val|        scalar|
|dw_patch_6_16_11_val  |   in|    8|     ap_none|                           dw_patch_6_16_11_val|        scalar|
|dw_patch_6_16_12_val  |   in|    8|     ap_none|                           dw_patch_6_16_12_val|        scalar|
|dw_patch_6_15_13_val  |   in|    8|     ap_none|                           dw_patch_6_15_13_val|        scalar|
|dw_patch_6_15_14_val  |   in|    8|     ap_none|                           dw_patch_6_15_14_val|        scalar|
|dw_patch_6_16_13_val  |   in|    8|     ap_none|                           dw_patch_6_16_13_val|        scalar|
|dw_patch_6_16_14_val  |   in|    8|     ap_none|                           dw_patch_6_16_14_val|        scalar|
|dw_patch_6_15_15_val  |   in|    8|     ap_none|                           dw_patch_6_15_15_val|        scalar|
|dw_patch_6_15_16_val  |   in|    8|     ap_none|                           dw_patch_6_15_16_val|        scalar|
|dw_patch_6_16_15_val  |   in|    8|     ap_none|                           dw_patch_6_16_15_val|        scalar|
|dw_patch_6_16_16_val  |   in|    8|     ap_none|                           dw_patch_6_16_16_val|        scalar|
|dw_wtile_0_0_0_val    |   in|    8|     ap_none|                             dw_wtile_0_0_0_val|        scalar|
|dw_wtile_0_0_1_val    |   in|    8|     ap_none|                             dw_wtile_0_0_1_val|        scalar|
|dw_wtile_0_0_2_val    |   in|    8|     ap_none|                             dw_wtile_0_0_2_val|        scalar|
|dw_wtile_0_1_0_val    |   in|    8|     ap_none|                             dw_wtile_0_1_0_val|        scalar|
|dw_wtile_0_1_1_val    |   in|    8|     ap_none|                             dw_wtile_0_1_1_val|        scalar|
|dw_wtile_0_1_2_val    |   in|    8|     ap_none|                             dw_wtile_0_1_2_val|        scalar|
|dw_wtile_0_2_0_val    |   in|    8|     ap_none|                             dw_wtile_0_2_0_val|        scalar|
|dw_wtile_0_2_1_val    |   in|    8|     ap_none|                             dw_wtile_0_2_1_val|        scalar|
|dw_wtile_0_2_2_val    |   in|    8|     ap_none|                             dw_wtile_0_2_2_val|        scalar|
|dw_wtile_1_0_0_val    |   in|    8|     ap_none|                             dw_wtile_1_0_0_val|        scalar|
|dw_wtile_1_0_1_val    |   in|    8|     ap_none|                             dw_wtile_1_0_1_val|        scalar|
|dw_wtile_1_0_2_val    |   in|    8|     ap_none|                             dw_wtile_1_0_2_val|        scalar|
|dw_wtile_1_1_0_val    |   in|    8|     ap_none|                             dw_wtile_1_1_0_val|        scalar|
|dw_wtile_1_1_1_val    |   in|    8|     ap_none|                             dw_wtile_1_1_1_val|        scalar|
|dw_wtile_1_1_2_val    |   in|    8|     ap_none|                             dw_wtile_1_1_2_val|        scalar|
|dw_wtile_1_2_0_val    |   in|    8|     ap_none|                             dw_wtile_1_2_0_val|        scalar|
|dw_wtile_1_2_1_val    |   in|    8|     ap_none|                             dw_wtile_1_2_1_val|        scalar|
|dw_wtile_1_2_2_val    |   in|    8|     ap_none|                             dw_wtile_1_2_2_val|        scalar|
|dw_wtile_2_0_0_val    |   in|    8|     ap_none|                             dw_wtile_2_0_0_val|        scalar|
|dw_wtile_2_0_1_val    |   in|    8|     ap_none|                             dw_wtile_2_0_1_val|        scalar|
|dw_wtile_2_0_2_val    |   in|    8|     ap_none|                             dw_wtile_2_0_2_val|        scalar|
|dw_wtile_2_1_0_val    |   in|    8|     ap_none|                             dw_wtile_2_1_0_val|        scalar|
|dw_wtile_2_1_1_val    |   in|    8|     ap_none|                             dw_wtile_2_1_1_val|        scalar|
|dw_wtile_2_1_2_val    |   in|    8|     ap_none|                             dw_wtile_2_1_2_val|        scalar|
|dw_wtile_2_2_0_val    |   in|    8|     ap_none|                             dw_wtile_2_2_0_val|        scalar|
|dw_wtile_2_2_1_val    |   in|    8|     ap_none|                             dw_wtile_2_2_1_val|        scalar|
|dw_wtile_2_2_2_val    |   in|    8|     ap_none|                             dw_wtile_2_2_2_val|        scalar|
|dw_wtile_3_0_0_val    |   in|    8|     ap_none|                             dw_wtile_3_0_0_val|        scalar|
|dw_wtile_3_0_1_val    |   in|    8|     ap_none|                             dw_wtile_3_0_1_val|        scalar|
|dw_wtile_3_0_2_val    |   in|    8|     ap_none|                             dw_wtile_3_0_2_val|        scalar|
|dw_wtile_3_1_0_val    |   in|    8|     ap_none|                             dw_wtile_3_1_0_val|        scalar|
|dw_wtile_3_1_1_val    |   in|    8|     ap_none|                             dw_wtile_3_1_1_val|        scalar|
|dw_wtile_3_1_2_val    |   in|    8|     ap_none|                             dw_wtile_3_1_2_val|        scalar|
|dw_wtile_3_2_0_val    |   in|    8|     ap_none|                             dw_wtile_3_2_0_val|        scalar|
|dw_wtile_3_2_1_val    |   in|    8|     ap_none|                             dw_wtile_3_2_1_val|        scalar|
|dw_wtile_3_2_2_val    |   in|    8|     ap_none|                             dw_wtile_3_2_2_val|        scalar|
|dw_wtile_4_0_0_val    |   in|    8|     ap_none|                             dw_wtile_4_0_0_val|        scalar|
|dw_wtile_4_0_1_val    |   in|    8|     ap_none|                             dw_wtile_4_0_1_val|        scalar|
|dw_wtile_4_0_2_val    |   in|    8|     ap_none|                             dw_wtile_4_0_2_val|        scalar|
|dw_wtile_4_1_0_val    |   in|    8|     ap_none|                             dw_wtile_4_1_0_val|        scalar|
|dw_wtile_4_1_1_val    |   in|    8|     ap_none|                             dw_wtile_4_1_1_val|        scalar|
|dw_wtile_4_1_2_val    |   in|    8|     ap_none|                             dw_wtile_4_1_2_val|        scalar|
|dw_wtile_4_2_0_val    |   in|    8|     ap_none|                             dw_wtile_4_2_0_val|        scalar|
|dw_wtile_4_2_1_val    |   in|    8|     ap_none|                             dw_wtile_4_2_1_val|        scalar|
|dw_wtile_4_2_2_val    |   in|    8|     ap_none|                             dw_wtile_4_2_2_val|        scalar|
|dw_wtile_5_0_0_val    |   in|    8|     ap_none|                             dw_wtile_5_0_0_val|        scalar|
|dw_wtile_5_0_1_val    |   in|    8|     ap_none|                             dw_wtile_5_0_1_val|        scalar|
|dw_wtile_5_0_2_val    |   in|    8|     ap_none|                             dw_wtile_5_0_2_val|        scalar|
|dw_wtile_5_1_0_val    |   in|    8|     ap_none|                             dw_wtile_5_1_0_val|        scalar|
|dw_wtile_5_1_1_val    |   in|    8|     ap_none|                             dw_wtile_5_1_1_val|        scalar|
|dw_wtile_5_1_2_val    |   in|    8|     ap_none|                             dw_wtile_5_1_2_val|        scalar|
|dw_wtile_5_2_0_val    |   in|    8|     ap_none|                             dw_wtile_5_2_0_val|        scalar|
|dw_wtile_5_2_1_val    |   in|    8|     ap_none|                             dw_wtile_5_2_1_val|        scalar|
|dw_wtile_5_2_2_val    |   in|    8|     ap_none|                             dw_wtile_5_2_2_val|        scalar|
|dw_wtile_6_0_0_val    |   in|    8|     ap_none|                             dw_wtile_6_0_0_val|        scalar|
|dw_wtile_6_0_1_val    |   in|    8|     ap_none|                             dw_wtile_6_0_1_val|        scalar|
|dw_wtile_6_0_2_val    |   in|    8|     ap_none|                             dw_wtile_6_0_2_val|        scalar|
|dw_wtile_6_1_0_val    |   in|    8|     ap_none|                             dw_wtile_6_1_0_val|        scalar|
|dw_wtile_6_1_1_val    |   in|    8|     ap_none|                             dw_wtile_6_1_1_val|        scalar|
|dw_wtile_6_1_2_val    |   in|    8|     ap_none|                             dw_wtile_6_1_2_val|        scalar|
|dw_wtile_6_2_0_val    |   in|    8|     ap_none|                             dw_wtile_6_2_0_val|        scalar|
|dw_wtile_6_2_1_val    |   in|    8|     ap_none|                             dw_wtile_6_2_1_val|        scalar|
|dw_wtile_6_2_2_val    |   in|    8|     ap_none|                             dw_wtile_6_2_2_val|        scalar|
|dw_wtile_7_0_0_val    |   in|    8|     ap_none|                             dw_wtile_7_0_0_val|        scalar|
|dw_wtile_7_0_1_val    |   in|    8|     ap_none|                             dw_wtile_7_0_1_val|        scalar|
|dw_wtile_7_0_2_val    |   in|    8|     ap_none|                             dw_wtile_7_0_2_val|        scalar|
|dw_wtile_7_1_0_val    |   in|    8|     ap_none|                             dw_wtile_7_1_0_val|        scalar|
|dw_wtile_7_1_1_val    |   in|    8|     ap_none|                             dw_wtile_7_1_1_val|        scalar|
|dw_wtile_7_1_2_val    |   in|    8|     ap_none|                             dw_wtile_7_1_2_val|        scalar|
|dw_wtile_7_2_0_val    |   in|    8|     ap_none|                             dw_wtile_7_2_0_val|        scalar|
|dw_wtile_7_2_1_val    |   in|    8|     ap_none|                             dw_wtile_7_2_1_val|        scalar|
|dw_wtile_7_2_2_val    |   in|    8|     ap_none|                             dw_wtile_7_2_2_val|        scalar|
|dw_patch_7_0_0_val    |   in|    8|     ap_none|                             dw_patch_7_0_0_val|        scalar|
|dw_patch_7_0_1_val    |   in|    8|     ap_none|                             dw_patch_7_0_1_val|        scalar|
|dw_patch_7_0_2_val    |   in|    8|     ap_none|                             dw_patch_7_0_2_val|        scalar|
|dw_patch_7_1_0_val    |   in|    8|     ap_none|                             dw_patch_7_1_0_val|        scalar|
|dw_patch_7_1_1_val    |   in|    8|     ap_none|                             dw_patch_7_1_1_val|        scalar|
|dw_patch_7_1_2_val    |   in|    8|     ap_none|                             dw_patch_7_1_2_val|        scalar|
|dw_patch_7_2_0_val    |   in|    8|     ap_none|                             dw_patch_7_2_0_val|        scalar|
|dw_patch_7_2_1_val    |   in|    8|     ap_none|                             dw_patch_7_2_1_val|        scalar|
|dw_patch_7_2_2_val    |   in|    8|     ap_none|                             dw_patch_7_2_2_val|        scalar|
|dw_patch_7_0_3_val    |   in|    8|     ap_none|                             dw_patch_7_0_3_val|        scalar|
|dw_patch_7_1_3_val    |   in|    8|     ap_none|                             dw_patch_7_1_3_val|        scalar|
|dw_patch_7_2_3_val    |   in|    8|     ap_none|                             dw_patch_7_2_3_val|        scalar|
|dw_patch_7_0_4_val    |   in|    8|     ap_none|                             dw_patch_7_0_4_val|        scalar|
|dw_patch_7_1_4_val    |   in|    8|     ap_none|                             dw_patch_7_1_4_val|        scalar|
|dw_patch_7_2_4_val    |   in|    8|     ap_none|                             dw_patch_7_2_4_val|        scalar|
|dw_patch_7_0_5_val    |   in|    8|     ap_none|                             dw_patch_7_0_5_val|        scalar|
|dw_patch_7_1_5_val    |   in|    8|     ap_none|                             dw_patch_7_1_5_val|        scalar|
|dw_patch_7_2_5_val    |   in|    8|     ap_none|                             dw_patch_7_2_5_val|        scalar|
|dw_patch_7_0_6_val    |   in|    8|     ap_none|                             dw_patch_7_0_6_val|        scalar|
|dw_patch_7_1_6_val    |   in|    8|     ap_none|                             dw_patch_7_1_6_val|        scalar|
|dw_patch_7_2_6_val    |   in|    8|     ap_none|                             dw_patch_7_2_6_val|        scalar|
|dw_patch_7_0_7_val    |   in|    8|     ap_none|                             dw_patch_7_0_7_val|        scalar|
|dw_patch_7_1_7_val    |   in|    8|     ap_none|                             dw_patch_7_1_7_val|        scalar|
|dw_patch_7_2_7_val    |   in|    8|     ap_none|                             dw_patch_7_2_7_val|        scalar|
|dw_patch_7_0_8_val    |   in|    8|     ap_none|                             dw_patch_7_0_8_val|        scalar|
|dw_patch_7_1_8_val    |   in|    8|     ap_none|                             dw_patch_7_1_8_val|        scalar|
|dw_patch_7_2_8_val    |   in|    8|     ap_none|                             dw_patch_7_2_8_val|        scalar|
|dw_patch_7_0_9_val    |   in|    8|     ap_none|                             dw_patch_7_0_9_val|        scalar|
|dw_patch_7_1_9_val    |   in|    8|     ap_none|                             dw_patch_7_1_9_val|        scalar|
|dw_patch_7_2_9_val    |   in|    8|     ap_none|                             dw_patch_7_2_9_val|        scalar|
|dw_patch_7_3_0_val    |   in|    8|     ap_none|                             dw_patch_7_3_0_val|        scalar|
|dw_patch_7_3_1_val    |   in|    8|     ap_none|                             dw_patch_7_3_1_val|        scalar|
|dw_patch_7_3_2_val    |   in|    8|     ap_none|                             dw_patch_7_3_2_val|        scalar|
|dw_patch_7_3_3_val    |   in|    8|     ap_none|                             dw_patch_7_3_3_val|        scalar|
|dw_patch_7_3_4_val    |   in|    8|     ap_none|                             dw_patch_7_3_4_val|        scalar|
|dw_patch_7_3_5_val    |   in|    8|     ap_none|                             dw_patch_7_3_5_val|        scalar|
|dw_patch_7_3_6_val    |   in|    8|     ap_none|                             dw_patch_7_3_6_val|        scalar|
|dw_patch_7_3_7_val    |   in|    8|     ap_none|                             dw_patch_7_3_7_val|        scalar|
|dw_patch_7_3_8_val    |   in|    8|     ap_none|                             dw_patch_7_3_8_val|        scalar|
|dw_patch_7_3_9_val    |   in|    8|     ap_none|                             dw_patch_7_3_9_val|        scalar|
|dw_patch_7_4_0_val    |   in|    8|     ap_none|                             dw_patch_7_4_0_val|        scalar|
|dw_patch_7_4_1_val    |   in|    8|     ap_none|                             dw_patch_7_4_1_val|        scalar|
|dw_patch_7_4_2_val    |   in|    8|     ap_none|                             dw_patch_7_4_2_val|        scalar|
|dw_patch_7_4_3_val    |   in|    8|     ap_none|                             dw_patch_7_4_3_val|        scalar|
|dw_patch_7_4_4_val    |   in|    8|     ap_none|                             dw_patch_7_4_4_val|        scalar|
|dw_patch_7_4_5_val    |   in|    8|     ap_none|                             dw_patch_7_4_5_val|        scalar|
|dw_patch_7_4_6_val    |   in|    8|     ap_none|                             dw_patch_7_4_6_val|        scalar|
|dw_patch_7_4_7_val    |   in|    8|     ap_none|                             dw_patch_7_4_7_val|        scalar|
|dw_patch_7_4_8_val    |   in|    8|     ap_none|                             dw_patch_7_4_8_val|        scalar|
|dw_patch_7_4_9_val    |   in|    8|     ap_none|                             dw_patch_7_4_9_val|        scalar|
|dw_patch_7_5_0_val    |   in|    8|     ap_none|                             dw_patch_7_5_0_val|        scalar|
|dw_patch_7_5_1_val    |   in|    8|     ap_none|                             dw_patch_7_5_1_val|        scalar|
|dw_patch_7_5_2_val    |   in|    8|     ap_none|                             dw_patch_7_5_2_val|        scalar|
|dw_patch_7_5_3_val    |   in|    8|     ap_none|                             dw_patch_7_5_3_val|        scalar|
|dw_patch_7_5_4_val    |   in|    8|     ap_none|                             dw_patch_7_5_4_val|        scalar|
|dw_patch_7_5_5_val    |   in|    8|     ap_none|                             dw_patch_7_5_5_val|        scalar|
|dw_patch_7_5_6_val    |   in|    8|     ap_none|                             dw_patch_7_5_6_val|        scalar|
|dw_patch_7_5_7_val    |   in|    8|     ap_none|                             dw_patch_7_5_7_val|        scalar|
|dw_patch_7_5_8_val    |   in|    8|     ap_none|                             dw_patch_7_5_8_val|        scalar|
|dw_patch_7_5_9_val    |   in|    8|     ap_none|                             dw_patch_7_5_9_val|        scalar|
|dw_patch_7_6_0_val    |   in|    8|     ap_none|                             dw_patch_7_6_0_val|        scalar|
|dw_patch_7_6_1_val    |   in|    8|     ap_none|                             dw_patch_7_6_1_val|        scalar|
|dw_patch_7_6_2_val    |   in|    8|     ap_none|                             dw_patch_7_6_2_val|        scalar|
|dw_patch_7_6_3_val    |   in|    8|     ap_none|                             dw_patch_7_6_3_val|        scalar|
|dw_patch_7_6_4_val    |   in|    8|     ap_none|                             dw_patch_7_6_4_val|        scalar|
|dw_patch_7_6_5_val    |   in|    8|     ap_none|                             dw_patch_7_6_5_val|        scalar|
|dw_patch_7_6_6_val    |   in|    8|     ap_none|                             dw_patch_7_6_6_val|        scalar|
|dw_patch_7_6_7_val    |   in|    8|     ap_none|                             dw_patch_7_6_7_val|        scalar|
|dw_patch_7_6_8_val    |   in|    8|     ap_none|                             dw_patch_7_6_8_val|        scalar|
|dw_patch_7_6_9_val    |   in|    8|     ap_none|                             dw_patch_7_6_9_val|        scalar|
|dw_patch_7_7_0_val    |   in|    8|     ap_none|                             dw_patch_7_7_0_val|        scalar|
|dw_patch_7_7_1_val    |   in|    8|     ap_none|                             dw_patch_7_7_1_val|        scalar|
|dw_patch_7_7_2_val    |   in|    8|     ap_none|                             dw_patch_7_7_2_val|        scalar|
|dw_patch_7_7_3_val    |   in|    8|     ap_none|                             dw_patch_7_7_3_val|        scalar|
|dw_patch_7_7_4_val    |   in|    8|     ap_none|                             dw_patch_7_7_4_val|        scalar|
|dw_patch_7_7_5_val    |   in|    8|     ap_none|                             dw_patch_7_7_5_val|        scalar|
|dw_patch_7_7_6_val    |   in|    8|     ap_none|                             dw_patch_7_7_6_val|        scalar|
|dw_patch_7_7_7_val    |   in|    8|     ap_none|                             dw_patch_7_7_7_val|        scalar|
|dw_patch_7_7_8_val    |   in|    8|     ap_none|                             dw_patch_7_7_8_val|        scalar|
|dw_patch_7_7_9_val    |   in|    8|     ap_none|                             dw_patch_7_7_9_val|        scalar|
|dw_patch_7_8_0_val    |   in|    8|     ap_none|                             dw_patch_7_8_0_val|        scalar|
|dw_patch_7_8_1_val    |   in|    8|     ap_none|                             dw_patch_7_8_1_val|        scalar|
|dw_patch_7_8_2_val    |   in|    8|     ap_none|                             dw_patch_7_8_2_val|        scalar|
|dw_patch_7_8_3_val    |   in|    8|     ap_none|                             dw_patch_7_8_3_val|        scalar|
|dw_patch_7_8_4_val    |   in|    8|     ap_none|                             dw_patch_7_8_4_val|        scalar|
|dw_patch_7_8_5_val    |   in|    8|     ap_none|                             dw_patch_7_8_5_val|        scalar|
|dw_patch_7_8_6_val    |   in|    8|     ap_none|                             dw_patch_7_8_6_val|        scalar|
|dw_patch_7_8_7_val    |   in|    8|     ap_none|                             dw_patch_7_8_7_val|        scalar|
|dw_patch_7_8_8_val    |   in|    8|     ap_none|                             dw_patch_7_8_8_val|        scalar|
|dw_patch_7_8_9_val    |   in|    8|     ap_none|                             dw_patch_7_8_9_val|        scalar|
|dw_patch_7_9_0_val    |   in|    8|     ap_none|                             dw_patch_7_9_0_val|        scalar|
|dw_patch_7_9_1_val    |   in|    8|     ap_none|                             dw_patch_7_9_1_val|        scalar|
|dw_patch_7_9_2_val    |   in|    8|     ap_none|                             dw_patch_7_9_2_val|        scalar|
|dw_patch_7_9_3_val    |   in|    8|     ap_none|                             dw_patch_7_9_3_val|        scalar|
|dw_patch_7_9_4_val    |   in|    8|     ap_none|                             dw_patch_7_9_4_val|        scalar|
|dw_patch_7_9_5_val    |   in|    8|     ap_none|                             dw_patch_7_9_5_val|        scalar|
|dw_patch_7_9_6_val    |   in|    8|     ap_none|                             dw_patch_7_9_6_val|        scalar|
|dw_patch_7_9_7_val    |   in|    8|     ap_none|                             dw_patch_7_9_7_val|        scalar|
|dw_patch_7_9_8_val    |   in|    8|     ap_none|                             dw_patch_7_9_8_val|        scalar|
|dw_patch_7_9_9_val    |   in|    8|     ap_none|                             dw_patch_7_9_9_val|        scalar|
|dw_patch_7_0_10_val   |   in|    8|     ap_none|                            dw_patch_7_0_10_val|        scalar|
|dw_patch_7_1_10_val   |   in|    8|     ap_none|                            dw_patch_7_1_10_val|        scalar|
|dw_patch_7_2_10_val   |   in|    8|     ap_none|                            dw_patch_7_2_10_val|        scalar|
|dw_patch_7_0_11_val   |   in|    8|     ap_none|                            dw_patch_7_0_11_val|        scalar|
|dw_patch_7_0_12_val   |   in|    8|     ap_none|                            dw_patch_7_0_12_val|        scalar|
|dw_patch_7_1_11_val   |   in|    8|     ap_none|                            dw_patch_7_1_11_val|        scalar|
|dw_patch_7_1_12_val   |   in|    8|     ap_none|                            dw_patch_7_1_12_val|        scalar|
|dw_patch_7_2_11_val   |   in|    8|     ap_none|                            dw_patch_7_2_11_val|        scalar|
|dw_patch_7_2_12_val   |   in|    8|     ap_none|                            dw_patch_7_2_12_val|        scalar|
|dw_patch_7_0_13_val   |   in|    8|     ap_none|                            dw_patch_7_0_13_val|        scalar|
|dw_patch_7_0_14_val   |   in|    8|     ap_none|                            dw_patch_7_0_14_val|        scalar|
|dw_patch_7_1_13_val   |   in|    8|     ap_none|                            dw_patch_7_1_13_val|        scalar|
|dw_patch_7_1_14_val   |   in|    8|     ap_none|                            dw_patch_7_1_14_val|        scalar|
|dw_patch_7_2_13_val   |   in|    8|     ap_none|                            dw_patch_7_2_13_val|        scalar|
|dw_patch_7_2_14_val   |   in|    8|     ap_none|                            dw_patch_7_2_14_val|        scalar|
|dw_patch_7_0_15_val   |   in|    8|     ap_none|                            dw_patch_7_0_15_val|        scalar|
|dw_patch_7_0_16_val   |   in|    8|     ap_none|                            dw_patch_7_0_16_val|        scalar|
|dw_patch_7_1_15_val   |   in|    8|     ap_none|                            dw_patch_7_1_15_val|        scalar|
|dw_patch_7_1_16_val   |   in|    8|     ap_none|                            dw_patch_7_1_16_val|        scalar|
|dw_patch_7_2_15_val   |   in|    8|     ap_none|                            dw_patch_7_2_15_val|        scalar|
|dw_patch_7_2_16_val   |   in|    8|     ap_none|                            dw_patch_7_2_16_val|        scalar|
|dw_patch_7_3_10_val   |   in|    8|     ap_none|                            dw_patch_7_3_10_val|        scalar|
|dw_patch_7_4_10_val   |   in|    8|     ap_none|                            dw_patch_7_4_10_val|        scalar|
|dw_patch_7_3_11_val   |   in|    8|     ap_none|                            dw_patch_7_3_11_val|        scalar|
|dw_patch_7_3_12_val   |   in|    8|     ap_none|                            dw_patch_7_3_12_val|        scalar|
|dw_patch_7_4_11_val   |   in|    8|     ap_none|                            dw_patch_7_4_11_val|        scalar|
|dw_patch_7_4_12_val   |   in|    8|     ap_none|                            dw_patch_7_4_12_val|        scalar|
|dw_patch_7_3_13_val   |   in|    8|     ap_none|                            dw_patch_7_3_13_val|        scalar|
|dw_patch_7_3_14_val   |   in|    8|     ap_none|                            dw_patch_7_3_14_val|        scalar|
|dw_patch_7_4_13_val   |   in|    8|     ap_none|                            dw_patch_7_4_13_val|        scalar|
|dw_patch_7_4_14_val   |   in|    8|     ap_none|                            dw_patch_7_4_14_val|        scalar|
|dw_patch_7_3_15_val   |   in|    8|     ap_none|                            dw_patch_7_3_15_val|        scalar|
|dw_patch_7_3_16_val   |   in|    8|     ap_none|                            dw_patch_7_3_16_val|        scalar|
|dw_patch_7_4_15_val   |   in|    8|     ap_none|                            dw_patch_7_4_15_val|        scalar|
|dw_patch_7_4_16_val   |   in|    8|     ap_none|                            dw_patch_7_4_16_val|        scalar|
|dw_patch_7_5_10_val   |   in|    8|     ap_none|                            dw_patch_7_5_10_val|        scalar|
|dw_patch_7_6_10_val   |   in|    8|     ap_none|                            dw_patch_7_6_10_val|        scalar|
|dw_patch_7_5_11_val   |   in|    8|     ap_none|                            dw_patch_7_5_11_val|        scalar|
|dw_patch_7_5_12_val   |   in|    8|     ap_none|                            dw_patch_7_5_12_val|        scalar|
|dw_patch_7_6_11_val   |   in|    8|     ap_none|                            dw_patch_7_6_11_val|        scalar|
|dw_patch_7_6_12_val   |   in|    8|     ap_none|                            dw_patch_7_6_12_val|        scalar|
|dw_patch_7_5_13_val   |   in|    8|     ap_none|                            dw_patch_7_5_13_val|        scalar|
|dw_patch_7_5_14_val   |   in|    8|     ap_none|                            dw_patch_7_5_14_val|        scalar|
|dw_patch_7_6_13_val   |   in|    8|     ap_none|                            dw_patch_7_6_13_val|        scalar|
|dw_patch_7_6_14_val   |   in|    8|     ap_none|                            dw_patch_7_6_14_val|        scalar|
|dw_patch_7_5_15_val   |   in|    8|     ap_none|                            dw_patch_7_5_15_val|        scalar|
|dw_patch_7_5_16_val   |   in|    8|     ap_none|                            dw_patch_7_5_16_val|        scalar|
|dw_patch_7_6_15_val   |   in|    8|     ap_none|                            dw_patch_7_6_15_val|        scalar|
|dw_patch_7_6_16_val   |   in|    8|     ap_none|                            dw_patch_7_6_16_val|        scalar|
|dw_patch_7_7_10_val   |   in|    8|     ap_none|                            dw_patch_7_7_10_val|        scalar|
|dw_patch_7_8_10_val   |   in|    8|     ap_none|                            dw_patch_7_8_10_val|        scalar|
|dw_patch_7_7_11_val   |   in|    8|     ap_none|                            dw_patch_7_7_11_val|        scalar|
|dw_patch_7_7_12_val   |   in|    8|     ap_none|                            dw_patch_7_7_12_val|        scalar|
|dw_patch_7_8_11_val   |   in|    8|     ap_none|                            dw_patch_7_8_11_val|        scalar|
|dw_patch_7_8_12_val   |   in|    8|     ap_none|                            dw_patch_7_8_12_val|        scalar|
|dw_patch_7_7_13_val   |   in|    8|     ap_none|                            dw_patch_7_7_13_val|        scalar|
|dw_patch_7_7_14_val   |   in|    8|     ap_none|                            dw_patch_7_7_14_val|        scalar|
|dw_patch_7_8_13_val   |   in|    8|     ap_none|                            dw_patch_7_8_13_val|        scalar|
|dw_patch_7_8_14_val   |   in|    8|     ap_none|                            dw_patch_7_8_14_val|        scalar|
|dw_patch_7_7_15_val   |   in|    8|     ap_none|                            dw_patch_7_7_15_val|        scalar|
|dw_patch_7_7_16_val   |   in|    8|     ap_none|                            dw_patch_7_7_16_val|        scalar|
|dw_patch_7_8_15_val   |   in|    8|     ap_none|                            dw_patch_7_8_15_val|        scalar|
|dw_patch_7_8_16_val   |   in|    8|     ap_none|                            dw_patch_7_8_16_val|        scalar|
|dw_patch_7_10_0_val   |   in|    8|     ap_none|                            dw_patch_7_10_0_val|        scalar|
|dw_patch_7_10_1_val   |   in|    8|     ap_none|                            dw_patch_7_10_1_val|        scalar|
|dw_patch_7_10_2_val   |   in|    8|     ap_none|                            dw_patch_7_10_2_val|        scalar|
|dw_patch_7_10_3_val   |   in|    8|     ap_none|                            dw_patch_7_10_3_val|        scalar|
|dw_patch_7_10_4_val   |   in|    8|     ap_none|                            dw_patch_7_10_4_val|        scalar|
|dw_patch_7_10_5_val   |   in|    8|     ap_none|                            dw_patch_7_10_5_val|        scalar|
|dw_patch_7_10_6_val   |   in|    8|     ap_none|                            dw_patch_7_10_6_val|        scalar|
|dw_patch_7_10_7_val   |   in|    8|     ap_none|                            dw_patch_7_10_7_val|        scalar|
|dw_patch_7_10_8_val   |   in|    8|     ap_none|                            dw_patch_7_10_8_val|        scalar|
|dw_patch_7_9_10_val   |   in|    8|     ap_none|                            dw_patch_7_9_10_val|        scalar|
|dw_patch_7_10_9_val   |   in|    8|     ap_none|                            dw_patch_7_10_9_val|        scalar|
|dw_patch_7_10_10_val  |   in|    8|     ap_none|                           dw_patch_7_10_10_val|        scalar|
|dw_patch_7_9_11_val   |   in|    8|     ap_none|                            dw_patch_7_9_11_val|        scalar|
|dw_patch_7_9_12_val   |   in|    8|     ap_none|                            dw_patch_7_9_12_val|        scalar|
|dw_patch_7_10_11_val  |   in|    8|     ap_none|                           dw_patch_7_10_11_val|        scalar|
|dw_patch_7_10_12_val  |   in|    8|     ap_none|                           dw_patch_7_10_12_val|        scalar|
|dw_patch_7_9_13_val   |   in|    8|     ap_none|                            dw_patch_7_9_13_val|        scalar|
|dw_patch_7_9_14_val   |   in|    8|     ap_none|                            dw_patch_7_9_14_val|        scalar|
|dw_patch_7_10_13_val  |   in|    8|     ap_none|                           dw_patch_7_10_13_val|        scalar|
|dw_patch_7_10_14_val  |   in|    8|     ap_none|                           dw_patch_7_10_14_val|        scalar|
|dw_patch_7_9_15_val   |   in|    8|     ap_none|                            dw_patch_7_9_15_val|        scalar|
|dw_patch_7_9_16_val   |   in|    8|     ap_none|                            dw_patch_7_9_16_val|        scalar|
|dw_patch_7_10_15_val  |   in|    8|     ap_none|                           dw_patch_7_10_15_val|        scalar|
|dw_patch_7_10_16_val  |   in|    8|     ap_none|                           dw_patch_7_10_16_val|        scalar|
|dw_patch_7_11_0_val   |   in|    8|     ap_none|                            dw_patch_7_11_0_val|        scalar|
|dw_patch_7_11_1_val   |   in|    8|     ap_none|                            dw_patch_7_11_1_val|        scalar|
|dw_patch_7_11_2_val   |   in|    8|     ap_none|                            dw_patch_7_11_2_val|        scalar|
|dw_patch_7_12_0_val   |   in|    8|     ap_none|                            dw_patch_7_12_0_val|        scalar|
|dw_patch_7_12_1_val   |   in|    8|     ap_none|                            dw_patch_7_12_1_val|        scalar|
|dw_patch_7_12_2_val   |   in|    8|     ap_none|                            dw_patch_7_12_2_val|        scalar|
|dw_patch_7_11_3_val   |   in|    8|     ap_none|                            dw_patch_7_11_3_val|        scalar|
|dw_patch_7_11_4_val   |   in|    8|     ap_none|                            dw_patch_7_11_4_val|        scalar|
|dw_patch_7_12_3_val   |   in|    8|     ap_none|                            dw_patch_7_12_3_val|        scalar|
|dw_patch_7_12_4_val   |   in|    8|     ap_none|                            dw_patch_7_12_4_val|        scalar|
|dw_patch_7_11_5_val   |   in|    8|     ap_none|                            dw_patch_7_11_5_val|        scalar|
|dw_patch_7_11_6_val   |   in|    8|     ap_none|                            dw_patch_7_11_6_val|        scalar|
|dw_patch_7_12_5_val   |   in|    8|     ap_none|                            dw_patch_7_12_5_val|        scalar|
|dw_patch_7_12_6_val   |   in|    8|     ap_none|                            dw_patch_7_12_6_val|        scalar|
|dw_patch_7_11_7_val   |   in|    8|     ap_none|                            dw_patch_7_11_7_val|        scalar|
|dw_patch_7_11_8_val   |   in|    8|     ap_none|                            dw_patch_7_11_8_val|        scalar|
|dw_patch_7_12_7_val   |   in|    8|     ap_none|                            dw_patch_7_12_7_val|        scalar|
|dw_patch_7_12_8_val   |   in|    8|     ap_none|                            dw_patch_7_12_8_val|        scalar|
|dw_patch_7_11_9_val   |   in|    8|     ap_none|                            dw_patch_7_11_9_val|        scalar|
|dw_patch_7_11_10_val  |   in|    8|     ap_none|                           dw_patch_7_11_10_val|        scalar|
|dw_patch_7_12_9_val   |   in|    8|     ap_none|                            dw_patch_7_12_9_val|        scalar|
|dw_patch_7_12_10_val  |   in|    8|     ap_none|                           dw_patch_7_12_10_val|        scalar|
|dw_patch_7_11_11_val  |   in|    8|     ap_none|                           dw_patch_7_11_11_val|        scalar|
|dw_patch_7_11_12_val  |   in|    8|     ap_none|                           dw_patch_7_11_12_val|        scalar|
|dw_patch_7_12_11_val  |   in|    8|     ap_none|                           dw_patch_7_12_11_val|        scalar|
|dw_patch_7_12_12_val  |   in|    8|     ap_none|                           dw_patch_7_12_12_val|        scalar|
|dw_patch_7_11_13_val  |   in|    8|     ap_none|                           dw_patch_7_11_13_val|        scalar|
|dw_patch_7_11_14_val  |   in|    8|     ap_none|                           dw_patch_7_11_14_val|        scalar|
|dw_patch_7_12_13_val  |   in|    8|     ap_none|                           dw_patch_7_12_13_val|        scalar|
|dw_patch_7_12_14_val  |   in|    8|     ap_none|                           dw_patch_7_12_14_val|        scalar|
|dw_patch_7_11_15_val  |   in|    8|     ap_none|                           dw_patch_7_11_15_val|        scalar|
|dw_patch_7_11_16_val  |   in|    8|     ap_none|                           dw_patch_7_11_16_val|        scalar|
|dw_patch_7_12_15_val  |   in|    8|     ap_none|                           dw_patch_7_12_15_val|        scalar|
|dw_patch_7_12_16_val  |   in|    8|     ap_none|                           dw_patch_7_12_16_val|        scalar|
|dw_patch_7_13_0_val   |   in|    8|     ap_none|                            dw_patch_7_13_0_val|        scalar|
|dw_patch_7_13_1_val   |   in|    8|     ap_none|                            dw_patch_7_13_1_val|        scalar|
|dw_patch_7_13_2_val   |   in|    8|     ap_none|                            dw_patch_7_13_2_val|        scalar|
|dw_patch_7_14_0_val   |   in|    8|     ap_none|                            dw_patch_7_14_0_val|        scalar|
|dw_patch_7_14_1_val   |   in|    8|     ap_none|                            dw_patch_7_14_1_val|        scalar|
|dw_patch_7_14_2_val   |   in|    8|     ap_none|                            dw_patch_7_14_2_val|        scalar|
|dw_patch_7_13_3_val   |   in|    8|     ap_none|                            dw_patch_7_13_3_val|        scalar|
|dw_patch_7_13_4_val   |   in|    8|     ap_none|                            dw_patch_7_13_4_val|        scalar|
|dw_patch_7_14_3_val   |   in|    8|     ap_none|                            dw_patch_7_14_3_val|        scalar|
|dw_patch_7_14_4_val   |   in|    8|     ap_none|                            dw_patch_7_14_4_val|        scalar|
|dw_patch_7_13_5_val   |   in|    8|     ap_none|                            dw_patch_7_13_5_val|        scalar|
|dw_patch_7_13_6_val   |   in|    8|     ap_none|                            dw_patch_7_13_6_val|        scalar|
|dw_patch_7_14_5_val   |   in|    8|     ap_none|                            dw_patch_7_14_5_val|        scalar|
|dw_patch_7_14_6_val   |   in|    8|     ap_none|                            dw_patch_7_14_6_val|        scalar|
|dw_patch_7_13_7_val   |   in|    8|     ap_none|                            dw_patch_7_13_7_val|        scalar|
|dw_patch_7_13_8_val   |   in|    8|     ap_none|                            dw_patch_7_13_8_val|        scalar|
|dw_patch_7_14_7_val   |   in|    8|     ap_none|                            dw_patch_7_14_7_val|        scalar|
|dw_patch_7_14_8_val   |   in|    8|     ap_none|                            dw_patch_7_14_8_val|        scalar|
|dw_patch_7_13_9_val   |   in|    8|     ap_none|                            dw_patch_7_13_9_val|        scalar|
|dw_patch_7_13_10_val  |   in|    8|     ap_none|                           dw_patch_7_13_10_val|        scalar|
|dw_patch_7_14_9_val   |   in|    8|     ap_none|                            dw_patch_7_14_9_val|        scalar|
|dw_patch_7_14_10_val  |   in|    8|     ap_none|                           dw_patch_7_14_10_val|        scalar|
|dw_patch_7_13_11_val  |   in|    8|     ap_none|                           dw_patch_7_13_11_val|        scalar|
|dw_patch_7_13_12_val  |   in|    8|     ap_none|                           dw_patch_7_13_12_val|        scalar|
|dw_patch_7_14_11_val  |   in|    8|     ap_none|                           dw_patch_7_14_11_val|        scalar|
|dw_patch_7_14_12_val  |   in|    8|     ap_none|                           dw_patch_7_14_12_val|        scalar|
|dw_patch_7_13_13_val  |   in|    8|     ap_none|                           dw_patch_7_13_13_val|        scalar|
|dw_patch_7_13_14_val  |   in|    8|     ap_none|                           dw_patch_7_13_14_val|        scalar|
|dw_patch_7_14_13_val  |   in|    8|     ap_none|                           dw_patch_7_14_13_val|        scalar|
|dw_patch_7_14_14_val  |   in|    8|     ap_none|                           dw_patch_7_14_14_val|        scalar|
|dw_patch_7_13_15_val  |   in|    8|     ap_none|                           dw_patch_7_13_15_val|        scalar|
|dw_patch_7_13_16_val  |   in|    8|     ap_none|                           dw_patch_7_13_16_val|        scalar|
|dw_patch_7_14_15_val  |   in|    8|     ap_none|                           dw_patch_7_14_15_val|        scalar|
|dw_patch_7_14_16_val  |   in|    8|     ap_none|                           dw_patch_7_14_16_val|        scalar|
|dw_patch_7_15_0_val   |   in|    8|     ap_none|                            dw_patch_7_15_0_val|        scalar|
|dw_patch_7_15_1_val   |   in|    8|     ap_none|                            dw_patch_7_15_1_val|        scalar|
|dw_patch_7_15_2_val   |   in|    8|     ap_none|                            dw_patch_7_15_2_val|        scalar|
|dw_patch_7_16_0_val   |   in|    8|     ap_none|                            dw_patch_7_16_0_val|        scalar|
|dw_patch_7_16_1_val   |   in|    8|     ap_none|                            dw_patch_7_16_1_val|        scalar|
|dw_patch_7_16_2_val   |   in|    8|     ap_none|                            dw_patch_7_16_2_val|        scalar|
|dw_patch_7_15_3_val   |   in|    8|     ap_none|                            dw_patch_7_15_3_val|        scalar|
|dw_patch_7_15_4_val   |   in|    8|     ap_none|                            dw_patch_7_15_4_val|        scalar|
|dw_patch_7_16_3_val   |   in|    8|     ap_none|                            dw_patch_7_16_3_val|        scalar|
|dw_patch_7_16_4_val   |   in|    8|     ap_none|                            dw_patch_7_16_4_val|        scalar|
|dw_patch_7_15_5_val   |   in|    8|     ap_none|                            dw_patch_7_15_5_val|        scalar|
|dw_patch_7_15_6_val   |   in|    8|     ap_none|                            dw_patch_7_15_6_val|        scalar|
|dw_patch_7_16_5_val   |   in|    8|     ap_none|                            dw_patch_7_16_5_val|        scalar|
|dw_patch_7_16_6_val   |   in|    8|     ap_none|                            dw_patch_7_16_6_val|        scalar|
|dw_patch_7_15_7_val   |   in|    8|     ap_none|                            dw_patch_7_15_7_val|        scalar|
|dw_patch_7_15_8_val   |   in|    8|     ap_none|                            dw_patch_7_15_8_val|        scalar|
|dw_patch_7_16_7_val   |   in|    8|     ap_none|                            dw_patch_7_16_7_val|        scalar|
|dw_patch_7_16_8_val   |   in|    8|     ap_none|                            dw_patch_7_16_8_val|        scalar|
|dw_patch_7_15_9_val   |   in|    8|     ap_none|                            dw_patch_7_15_9_val|        scalar|
|dw_patch_7_15_10_val  |   in|    8|     ap_none|                           dw_patch_7_15_10_val|        scalar|
|dw_patch_7_16_9_val   |   in|    8|     ap_none|                            dw_patch_7_16_9_val|        scalar|
|dw_patch_7_16_10_val  |   in|    8|     ap_none|                           dw_patch_7_16_10_val|        scalar|
|dw_patch_7_15_11_val  |   in|    8|     ap_none|                           dw_patch_7_15_11_val|        scalar|
|dw_patch_7_15_12_val  |   in|    8|     ap_none|                           dw_patch_7_15_12_val|        scalar|
|dw_patch_7_16_11_val  |   in|    8|     ap_none|                           dw_patch_7_16_11_val|        scalar|
|dw_patch_7_16_12_val  |   in|    8|     ap_none|                           dw_patch_7_16_12_val|        scalar|
|dw_patch_7_15_13_val  |   in|    8|     ap_none|                           dw_patch_7_15_13_val|        scalar|
|dw_patch_7_15_14_val  |   in|    8|     ap_none|                           dw_patch_7_15_14_val|        scalar|
|dw_patch_7_16_13_val  |   in|    8|     ap_none|                           dw_patch_7_16_13_val|        scalar|
|dw_patch_7_16_14_val  |   in|    8|     ap_none|                           dw_patch_7_16_14_val|        scalar|
|dw_patch_7_15_15_val  |   in|    8|     ap_none|                           dw_patch_7_15_15_val|        scalar|
|dw_patch_7_15_16_val  |   in|    8|     ap_none|                           dw_patch_7_15_16_val|        scalar|
|dw_patch_7_16_15_val  |   in|    8|     ap_none|                           dw_patch_7_16_15_val|        scalar|
|dw_patch_7_16_16_val  |   in|    8|     ap_none|                           dw_patch_7_16_16_val|        scalar|
|dw_S                  |   in|   32|     ap_none|                                           dw_S|        scalar|
|p_out                 |  out|   19|      ap_vld|                                          p_out|       pointer|
|p_out_ap_vld          |  out|    1|      ap_vld|                                          p_out|       pointer|
|p_out1                |  out|   19|      ap_vld|                                         p_out1|       pointer|
|p_out1_ap_vld         |  out|    1|      ap_vld|                                         p_out1|       pointer|
|p_out2                |  out|   19|      ap_vld|                                         p_out2|       pointer|
|p_out2_ap_vld         |  out|    1|      ap_vld|                                         p_out2|       pointer|
|p_out3                |  out|   19|      ap_vld|                                         p_out3|       pointer|
|p_out3_ap_vld         |  out|    1|      ap_vld|                                         p_out3|       pointer|
|p_out4                |  out|   19|      ap_vld|                                         p_out4|       pointer|
|p_out4_ap_vld         |  out|    1|      ap_vld|                                         p_out4|       pointer|
|p_out5                |  out|   19|      ap_vld|                                         p_out5|       pointer|
|p_out5_ap_vld         |  out|    1|      ap_vld|                                         p_out5|       pointer|
|p_out6                |  out|   19|      ap_vld|                                         p_out6|       pointer|
|p_out6_ap_vld         |  out|    1|      ap_vld|                                         p_out6|       pointer|
|p_out7                |  out|   19|      ap_vld|                                         p_out7|       pointer|
|p_out7_ap_vld         |  out|    1|      ap_vld|                                         p_out7|       pointer|
|p_out8                |  out|   19|      ap_vld|                                         p_out8|       pointer|
|p_out8_ap_vld         |  out|    1|      ap_vld|                                         p_out8|       pointer|
|p_out9                |  out|   19|      ap_vld|                                         p_out9|       pointer|
|p_out9_ap_vld         |  out|    1|      ap_vld|                                         p_out9|       pointer|
|p_out10               |  out|   19|      ap_vld|                                        p_out10|       pointer|
|p_out10_ap_vld        |  out|    1|      ap_vld|                                        p_out10|       pointer|
|p_out11               |  out|   19|      ap_vld|                                        p_out11|       pointer|
|p_out11_ap_vld        |  out|    1|      ap_vld|                                        p_out11|       pointer|
|p_out12               |  out|   19|      ap_vld|                                        p_out12|       pointer|
|p_out12_ap_vld        |  out|    1|      ap_vld|                                        p_out12|       pointer|
|p_out13               |  out|   19|      ap_vld|                                        p_out13|       pointer|
|p_out13_ap_vld        |  out|    1|      ap_vld|                                        p_out13|       pointer|
|p_out14               |  out|   19|      ap_vld|                                        p_out14|       pointer|
|p_out14_ap_vld        |  out|    1|      ap_vld|                                        p_out14|       pointer|
|p_out15               |  out|   19|      ap_vld|                                        p_out15|       pointer|
|p_out15_ap_vld        |  out|    1|      ap_vld|                                        p_out15|       pointer|
|p_out16               |  out|   19|      ap_vld|                                        p_out16|       pointer|
|p_out16_ap_vld        |  out|    1|      ap_vld|                                        p_out16|       pointer|
|p_out17               |  out|   19|      ap_vld|                                        p_out17|       pointer|
|p_out17_ap_vld        |  out|    1|      ap_vld|                                        p_out17|       pointer|
|p_out18               |  out|   19|      ap_vld|                                        p_out18|       pointer|
|p_out18_ap_vld        |  out|    1|      ap_vld|                                        p_out18|       pointer|
|p_out19               |  out|   19|      ap_vld|                                        p_out19|       pointer|
|p_out19_ap_vld        |  out|    1|      ap_vld|                                        p_out19|       pointer|
|p_out20               |  out|   19|      ap_vld|                                        p_out20|       pointer|
|p_out20_ap_vld        |  out|    1|      ap_vld|                                        p_out20|       pointer|
|p_out21               |  out|   19|      ap_vld|                                        p_out21|       pointer|
|p_out21_ap_vld        |  out|    1|      ap_vld|                                        p_out21|       pointer|
|p_out22               |  out|   19|      ap_vld|                                        p_out22|       pointer|
|p_out22_ap_vld        |  out|    1|      ap_vld|                                        p_out22|       pointer|
|p_out23               |  out|   19|      ap_vld|                                        p_out23|       pointer|
|p_out23_ap_vld        |  out|    1|      ap_vld|                                        p_out23|       pointer|
|p_out24               |  out|   19|      ap_vld|                                        p_out24|       pointer|
|p_out24_ap_vld        |  out|    1|      ap_vld|                                        p_out24|       pointer|
|p_out25               |  out|   19|      ap_vld|                                        p_out25|       pointer|
|p_out25_ap_vld        |  out|    1|      ap_vld|                                        p_out25|       pointer|
|p_out26               |  out|   19|      ap_vld|                                        p_out26|       pointer|
|p_out26_ap_vld        |  out|    1|      ap_vld|                                        p_out26|       pointer|
|p_out27               |  out|   19|      ap_vld|                                        p_out27|       pointer|
|p_out27_ap_vld        |  out|    1|      ap_vld|                                        p_out27|       pointer|
|p_out28               |  out|   19|      ap_vld|                                        p_out28|       pointer|
|p_out28_ap_vld        |  out|    1|      ap_vld|                                        p_out28|       pointer|
|p_out29               |  out|   19|      ap_vld|                                        p_out29|       pointer|
|p_out29_ap_vld        |  out|    1|      ap_vld|                                        p_out29|       pointer|
|p_out30               |  out|   19|      ap_vld|                                        p_out30|       pointer|
|p_out30_ap_vld        |  out|    1|      ap_vld|                                        p_out30|       pointer|
|p_out31               |  out|   19|      ap_vld|                                        p_out31|       pointer|
|p_out31_ap_vld        |  out|    1|      ap_vld|                                        p_out31|       pointer|
|p_out32               |  out|   19|      ap_vld|                                        p_out32|       pointer|
|p_out32_ap_vld        |  out|    1|      ap_vld|                                        p_out32|       pointer|
|p_out33               |  out|   19|      ap_vld|                                        p_out33|       pointer|
|p_out33_ap_vld        |  out|    1|      ap_vld|                                        p_out33|       pointer|
|p_out34               |  out|   19|      ap_vld|                                        p_out34|       pointer|
|p_out34_ap_vld        |  out|    1|      ap_vld|                                        p_out34|       pointer|
|p_out35               |  out|   19|      ap_vld|                                        p_out35|       pointer|
|p_out35_ap_vld        |  out|    1|      ap_vld|                                        p_out35|       pointer|
|p_out36               |  out|   19|      ap_vld|                                        p_out36|       pointer|
|p_out36_ap_vld        |  out|    1|      ap_vld|                                        p_out36|       pointer|
|p_out37               |  out|   19|      ap_vld|                                        p_out37|       pointer|
|p_out37_ap_vld        |  out|    1|      ap_vld|                                        p_out37|       pointer|
|p_out38               |  out|   19|      ap_vld|                                        p_out38|       pointer|
|p_out38_ap_vld        |  out|    1|      ap_vld|                                        p_out38|       pointer|
|p_out39               |  out|   19|      ap_vld|                                        p_out39|       pointer|
|p_out39_ap_vld        |  out|    1|      ap_vld|                                        p_out39|       pointer|
|p_out40               |  out|   19|      ap_vld|                                        p_out40|       pointer|
|p_out40_ap_vld        |  out|    1|      ap_vld|                                        p_out40|       pointer|
|p_out41               |  out|   19|      ap_vld|                                        p_out41|       pointer|
|p_out41_ap_vld        |  out|    1|      ap_vld|                                        p_out41|       pointer|
|p_out42               |  out|   19|      ap_vld|                                        p_out42|       pointer|
|p_out42_ap_vld        |  out|    1|      ap_vld|                                        p_out42|       pointer|
|p_out43               |  out|   19|      ap_vld|                                        p_out43|       pointer|
|p_out43_ap_vld        |  out|    1|      ap_vld|                                        p_out43|       pointer|
|p_out44               |  out|   19|      ap_vld|                                        p_out44|       pointer|
|p_out44_ap_vld        |  out|    1|      ap_vld|                                        p_out44|       pointer|
|p_out45               |  out|   19|      ap_vld|                                        p_out45|       pointer|
|p_out45_ap_vld        |  out|    1|      ap_vld|                                        p_out45|       pointer|
|p_out46               |  out|   19|      ap_vld|                                        p_out46|       pointer|
|p_out46_ap_vld        |  out|    1|      ap_vld|                                        p_out46|       pointer|
|p_out47               |  out|   19|      ap_vld|                                        p_out47|       pointer|
|p_out47_ap_vld        |  out|    1|      ap_vld|                                        p_out47|       pointer|
|p_out48               |  out|   19|      ap_vld|                                        p_out48|       pointer|
|p_out48_ap_vld        |  out|    1|      ap_vld|                                        p_out48|       pointer|
|p_out49               |  out|   19|      ap_vld|                                        p_out49|       pointer|
|p_out49_ap_vld        |  out|    1|      ap_vld|                                        p_out49|       pointer|
|p_out50               |  out|   19|      ap_vld|                                        p_out50|       pointer|
|p_out50_ap_vld        |  out|    1|      ap_vld|                                        p_out50|       pointer|
|p_out51               |  out|   19|      ap_vld|                                        p_out51|       pointer|
|p_out51_ap_vld        |  out|    1|      ap_vld|                                        p_out51|       pointer|
|p_out52               |  out|   19|      ap_vld|                                        p_out52|       pointer|
|p_out52_ap_vld        |  out|    1|      ap_vld|                                        p_out52|       pointer|
|p_out53               |  out|   19|      ap_vld|                                        p_out53|       pointer|
|p_out53_ap_vld        |  out|    1|      ap_vld|                                        p_out53|       pointer|
|p_out54               |  out|   19|      ap_vld|                                        p_out54|       pointer|
|p_out54_ap_vld        |  out|    1|      ap_vld|                                        p_out54|       pointer|
|p_out55               |  out|   19|      ap_vld|                                        p_out55|       pointer|
|p_out55_ap_vld        |  out|    1|      ap_vld|                                        p_out55|       pointer|
|p_out56               |  out|   19|      ap_vld|                                        p_out56|       pointer|
|p_out56_ap_vld        |  out|    1|      ap_vld|                                        p_out56|       pointer|
|p_out57               |  out|   19|      ap_vld|                                        p_out57|       pointer|
|p_out57_ap_vld        |  out|    1|      ap_vld|                                        p_out57|       pointer|
|p_out58               |  out|   19|      ap_vld|                                        p_out58|       pointer|
|p_out58_ap_vld        |  out|    1|      ap_vld|                                        p_out58|       pointer|
|p_out59               |  out|   19|      ap_vld|                                        p_out59|       pointer|
|p_out59_ap_vld        |  out|    1|      ap_vld|                                        p_out59|       pointer|
|p_out60               |  out|   19|      ap_vld|                                        p_out60|       pointer|
|p_out60_ap_vld        |  out|    1|      ap_vld|                                        p_out60|       pointer|
|p_out61               |  out|   19|      ap_vld|                                        p_out61|       pointer|
|p_out61_ap_vld        |  out|    1|      ap_vld|                                        p_out61|       pointer|
|p_out62               |  out|   19|      ap_vld|                                        p_out62|       pointer|
|p_out62_ap_vld        |  out|    1|      ap_vld|                                        p_out62|       pointer|
|p_out63               |  out|   19|      ap_vld|                                        p_out63|       pointer|
|p_out63_ap_vld        |  out|    1|      ap_vld|                                        p_out63|       pointer|
|p_out64               |  out|   19|      ap_vld|                                        p_out64|       pointer|
|p_out64_ap_vld        |  out|    1|      ap_vld|                                        p_out64|       pointer|
|p_out65               |  out|   19|      ap_vld|                                        p_out65|       pointer|
|p_out65_ap_vld        |  out|    1|      ap_vld|                                        p_out65|       pointer|
|p_out66               |  out|   19|      ap_vld|                                        p_out66|       pointer|
|p_out66_ap_vld        |  out|    1|      ap_vld|                                        p_out66|       pointer|
|p_out67               |  out|   19|      ap_vld|                                        p_out67|       pointer|
|p_out67_ap_vld        |  out|    1|      ap_vld|                                        p_out67|       pointer|
|p_out68               |  out|   19|      ap_vld|                                        p_out68|       pointer|
|p_out68_ap_vld        |  out|    1|      ap_vld|                                        p_out68|       pointer|
|p_out69               |  out|   19|      ap_vld|                                        p_out69|       pointer|
|p_out69_ap_vld        |  out|    1|      ap_vld|                                        p_out69|       pointer|
|p_out70               |  out|   19|      ap_vld|                                        p_out70|       pointer|
|p_out70_ap_vld        |  out|    1|      ap_vld|                                        p_out70|       pointer|
|p_out71               |  out|   19|      ap_vld|                                        p_out71|       pointer|
|p_out71_ap_vld        |  out|    1|      ap_vld|                                        p_out71|       pointer|
|p_out72               |  out|   19|      ap_vld|                                        p_out72|       pointer|
|p_out72_ap_vld        |  out|    1|      ap_vld|                                        p_out72|       pointer|
|p_out73               |  out|   19|      ap_vld|                                        p_out73|       pointer|
|p_out73_ap_vld        |  out|    1|      ap_vld|                                        p_out73|       pointer|
|p_out74               |  out|   19|      ap_vld|                                        p_out74|       pointer|
|p_out74_ap_vld        |  out|    1|      ap_vld|                                        p_out74|       pointer|
|p_out75               |  out|   19|      ap_vld|                                        p_out75|       pointer|
|p_out75_ap_vld        |  out|    1|      ap_vld|                                        p_out75|       pointer|
|p_out76               |  out|   19|      ap_vld|                                        p_out76|       pointer|
|p_out76_ap_vld        |  out|    1|      ap_vld|                                        p_out76|       pointer|
|p_out77               |  out|   19|      ap_vld|                                        p_out77|       pointer|
|p_out77_ap_vld        |  out|    1|      ap_vld|                                        p_out77|       pointer|
|p_out78               |  out|   19|      ap_vld|                                        p_out78|       pointer|
|p_out78_ap_vld        |  out|    1|      ap_vld|                                        p_out78|       pointer|
|p_out79               |  out|   19|      ap_vld|                                        p_out79|       pointer|
|p_out79_ap_vld        |  out|    1|      ap_vld|                                        p_out79|       pointer|
|p_out80               |  out|   19|      ap_vld|                                        p_out80|       pointer|
|p_out80_ap_vld        |  out|    1|      ap_vld|                                        p_out80|       pointer|
|p_out81               |  out|   19|      ap_vld|                                        p_out81|       pointer|
|p_out81_ap_vld        |  out|    1|      ap_vld|                                        p_out81|       pointer|
|p_out82               |  out|   19|      ap_vld|                                        p_out82|       pointer|
|p_out82_ap_vld        |  out|    1|      ap_vld|                                        p_out82|       pointer|
|p_out83               |  out|   19|      ap_vld|                                        p_out83|       pointer|
|p_out83_ap_vld        |  out|    1|      ap_vld|                                        p_out83|       pointer|
|p_out84               |  out|   19|      ap_vld|                                        p_out84|       pointer|
|p_out84_ap_vld        |  out|    1|      ap_vld|                                        p_out84|       pointer|
|p_out85               |  out|   19|      ap_vld|                                        p_out85|       pointer|
|p_out85_ap_vld        |  out|    1|      ap_vld|                                        p_out85|       pointer|
|p_out86               |  out|   19|      ap_vld|                                        p_out86|       pointer|
|p_out86_ap_vld        |  out|    1|      ap_vld|                                        p_out86|       pointer|
|p_out87               |  out|   19|      ap_vld|                                        p_out87|       pointer|
|p_out87_ap_vld        |  out|    1|      ap_vld|                                        p_out87|       pointer|
|p_out88               |  out|   19|      ap_vld|                                        p_out88|       pointer|
|p_out88_ap_vld        |  out|    1|      ap_vld|                                        p_out88|       pointer|
|p_out89               |  out|   19|      ap_vld|                                        p_out89|       pointer|
|p_out89_ap_vld        |  out|    1|      ap_vld|                                        p_out89|       pointer|
|p_out90               |  out|   19|      ap_vld|                                        p_out90|       pointer|
|p_out90_ap_vld        |  out|    1|      ap_vld|                                        p_out90|       pointer|
|p_out91               |  out|   19|      ap_vld|                                        p_out91|       pointer|
|p_out91_ap_vld        |  out|    1|      ap_vld|                                        p_out91|       pointer|
|p_out92               |  out|   19|      ap_vld|                                        p_out92|       pointer|
|p_out92_ap_vld        |  out|    1|      ap_vld|                                        p_out92|       pointer|
|p_out93               |  out|   19|      ap_vld|                                        p_out93|       pointer|
|p_out93_ap_vld        |  out|    1|      ap_vld|                                        p_out93|       pointer|
|p_out94               |  out|   19|      ap_vld|                                        p_out94|       pointer|
|p_out94_ap_vld        |  out|    1|      ap_vld|                                        p_out94|       pointer|
|p_out95               |  out|   19|      ap_vld|                                        p_out95|       pointer|
|p_out95_ap_vld        |  out|    1|      ap_vld|                                        p_out95|       pointer|
|p_out96               |  out|   19|      ap_vld|                                        p_out96|       pointer|
|p_out96_ap_vld        |  out|    1|      ap_vld|                                        p_out96|       pointer|
|p_out97               |  out|   19|      ap_vld|                                        p_out97|       pointer|
|p_out97_ap_vld        |  out|    1|      ap_vld|                                        p_out97|       pointer|
|p_out98               |  out|   19|      ap_vld|                                        p_out98|       pointer|
|p_out98_ap_vld        |  out|    1|      ap_vld|                                        p_out98|       pointer|
|p_out99               |  out|   19|      ap_vld|                                        p_out99|       pointer|
|p_out99_ap_vld        |  out|    1|      ap_vld|                                        p_out99|       pointer|
|p_out100              |  out|   19|      ap_vld|                                       p_out100|       pointer|
|p_out100_ap_vld       |  out|    1|      ap_vld|                                       p_out100|       pointer|
|p_out101              |  out|   19|      ap_vld|                                       p_out101|       pointer|
|p_out101_ap_vld       |  out|    1|      ap_vld|                                       p_out101|       pointer|
|p_out102              |  out|   19|      ap_vld|                                       p_out102|       pointer|
|p_out102_ap_vld       |  out|    1|      ap_vld|                                       p_out102|       pointer|
|p_out103              |  out|   19|      ap_vld|                                       p_out103|       pointer|
|p_out103_ap_vld       |  out|    1|      ap_vld|                                       p_out103|       pointer|
|p_out104              |  out|   19|      ap_vld|                                       p_out104|       pointer|
|p_out104_ap_vld       |  out|    1|      ap_vld|                                       p_out104|       pointer|
|p_out105              |  out|   19|      ap_vld|                                       p_out105|       pointer|
|p_out105_ap_vld       |  out|    1|      ap_vld|                                       p_out105|       pointer|
|p_out106              |  out|   19|      ap_vld|                                       p_out106|       pointer|
|p_out106_ap_vld       |  out|    1|      ap_vld|                                       p_out106|       pointer|
|p_out107              |  out|   19|      ap_vld|                                       p_out107|       pointer|
|p_out107_ap_vld       |  out|    1|      ap_vld|                                       p_out107|       pointer|
|p_out108              |  out|   19|      ap_vld|                                       p_out108|       pointer|
|p_out108_ap_vld       |  out|    1|      ap_vld|                                       p_out108|       pointer|
|p_out109              |  out|   19|      ap_vld|                                       p_out109|       pointer|
|p_out109_ap_vld       |  out|    1|      ap_vld|                                       p_out109|       pointer|
|p_out110              |  out|   19|      ap_vld|                                       p_out110|       pointer|
|p_out110_ap_vld       |  out|    1|      ap_vld|                                       p_out110|       pointer|
|p_out111              |  out|   19|      ap_vld|                                       p_out111|       pointer|
|p_out111_ap_vld       |  out|    1|      ap_vld|                                       p_out111|       pointer|
|p_out112              |  out|   19|      ap_vld|                                       p_out112|       pointer|
|p_out112_ap_vld       |  out|    1|      ap_vld|                                       p_out112|       pointer|
|p_out113              |  out|   19|      ap_vld|                                       p_out113|       pointer|
|p_out113_ap_vld       |  out|    1|      ap_vld|                                       p_out113|       pointer|
|p_out114              |  out|   19|      ap_vld|                                       p_out114|       pointer|
|p_out114_ap_vld       |  out|    1|      ap_vld|                                       p_out114|       pointer|
|p_out115              |  out|   19|      ap_vld|                                       p_out115|       pointer|
|p_out115_ap_vld       |  out|    1|      ap_vld|                                       p_out115|       pointer|
|p_out116              |  out|   19|      ap_vld|                                       p_out116|       pointer|
|p_out116_ap_vld       |  out|    1|      ap_vld|                                       p_out116|       pointer|
|p_out117              |  out|   19|      ap_vld|                                       p_out117|       pointer|
|p_out117_ap_vld       |  out|    1|      ap_vld|                                       p_out117|       pointer|
|p_out118              |  out|   19|      ap_vld|                                       p_out118|       pointer|
|p_out118_ap_vld       |  out|    1|      ap_vld|                                       p_out118|       pointer|
|p_out119              |  out|   19|      ap_vld|                                       p_out119|       pointer|
|p_out119_ap_vld       |  out|    1|      ap_vld|                                       p_out119|       pointer|
|p_out120              |  out|   19|      ap_vld|                                       p_out120|       pointer|
|p_out120_ap_vld       |  out|    1|      ap_vld|                                       p_out120|       pointer|
|p_out121              |  out|   19|      ap_vld|                                       p_out121|       pointer|
|p_out121_ap_vld       |  out|    1|      ap_vld|                                       p_out121|       pointer|
|p_out122              |  out|   19|      ap_vld|                                       p_out122|       pointer|
|p_out122_ap_vld       |  out|    1|      ap_vld|                                       p_out122|       pointer|
|p_out123              |  out|   19|      ap_vld|                                       p_out123|       pointer|
|p_out123_ap_vld       |  out|    1|      ap_vld|                                       p_out123|       pointer|
|p_out124              |  out|   19|      ap_vld|                                       p_out124|       pointer|
|p_out124_ap_vld       |  out|    1|      ap_vld|                                       p_out124|       pointer|
|p_out125              |  out|   19|      ap_vld|                                       p_out125|       pointer|
|p_out125_ap_vld       |  out|    1|      ap_vld|                                       p_out125|       pointer|
|p_out126              |  out|   19|      ap_vld|                                       p_out126|       pointer|
|p_out126_ap_vld       |  out|    1|      ap_vld|                                       p_out126|       pointer|
|p_out127              |  out|   19|      ap_vld|                                       p_out127|       pointer|
|p_out127_ap_vld       |  out|    1|      ap_vld|                                       p_out127|       pointer|
|p_out128              |  out|   19|      ap_vld|                                       p_out128|       pointer|
|p_out128_ap_vld       |  out|    1|      ap_vld|                                       p_out128|       pointer|
|p_out129              |  out|   19|      ap_vld|                                       p_out129|       pointer|
|p_out129_ap_vld       |  out|    1|      ap_vld|                                       p_out129|       pointer|
|p_out130              |  out|   19|      ap_vld|                                       p_out130|       pointer|
|p_out130_ap_vld       |  out|    1|      ap_vld|                                       p_out130|       pointer|
|p_out131              |  out|   19|      ap_vld|                                       p_out131|       pointer|
|p_out131_ap_vld       |  out|    1|      ap_vld|                                       p_out131|       pointer|
|p_out132              |  out|   19|      ap_vld|                                       p_out132|       pointer|
|p_out132_ap_vld       |  out|    1|      ap_vld|                                       p_out132|       pointer|
|p_out133              |  out|   19|      ap_vld|                                       p_out133|       pointer|
|p_out133_ap_vld       |  out|    1|      ap_vld|                                       p_out133|       pointer|
|p_out134              |  out|   19|      ap_vld|                                       p_out134|       pointer|
|p_out134_ap_vld       |  out|    1|      ap_vld|                                       p_out134|       pointer|
|p_out135              |  out|   19|      ap_vld|                                       p_out135|       pointer|
|p_out135_ap_vld       |  out|    1|      ap_vld|                                       p_out135|       pointer|
|p_out136              |  out|   19|      ap_vld|                                       p_out136|       pointer|
|p_out136_ap_vld       |  out|    1|      ap_vld|                                       p_out136|       pointer|
|p_out137              |  out|   19|      ap_vld|                                       p_out137|       pointer|
|p_out137_ap_vld       |  out|    1|      ap_vld|                                       p_out137|       pointer|
|p_out138              |  out|   19|      ap_vld|                                       p_out138|       pointer|
|p_out138_ap_vld       |  out|    1|      ap_vld|                                       p_out138|       pointer|
|p_out139              |  out|   19|      ap_vld|                                       p_out139|       pointer|
|p_out139_ap_vld       |  out|    1|      ap_vld|                                       p_out139|       pointer|
|p_out140              |  out|   19|      ap_vld|                                       p_out140|       pointer|
|p_out140_ap_vld       |  out|    1|      ap_vld|                                       p_out140|       pointer|
|p_out141              |  out|   19|      ap_vld|                                       p_out141|       pointer|
|p_out141_ap_vld       |  out|    1|      ap_vld|                                       p_out141|       pointer|
|p_out142              |  out|   19|      ap_vld|                                       p_out142|       pointer|
|p_out142_ap_vld       |  out|    1|      ap_vld|                                       p_out142|       pointer|
|p_out143              |  out|   19|      ap_vld|                                       p_out143|       pointer|
|p_out143_ap_vld       |  out|    1|      ap_vld|                                       p_out143|       pointer|
|p_out144              |  out|   19|      ap_vld|                                       p_out144|       pointer|
|p_out144_ap_vld       |  out|    1|      ap_vld|                                       p_out144|       pointer|
|p_out145              |  out|   19|      ap_vld|                                       p_out145|       pointer|
|p_out145_ap_vld       |  out|    1|      ap_vld|                                       p_out145|       pointer|
|p_out146              |  out|   19|      ap_vld|                                       p_out146|       pointer|
|p_out146_ap_vld       |  out|    1|      ap_vld|                                       p_out146|       pointer|
|p_out147              |  out|   19|      ap_vld|                                       p_out147|       pointer|
|p_out147_ap_vld       |  out|    1|      ap_vld|                                       p_out147|       pointer|
|p_out148              |  out|   19|      ap_vld|                                       p_out148|       pointer|
|p_out148_ap_vld       |  out|    1|      ap_vld|                                       p_out148|       pointer|
|p_out149              |  out|   19|      ap_vld|                                       p_out149|       pointer|
|p_out149_ap_vld       |  out|    1|      ap_vld|                                       p_out149|       pointer|
|p_out150              |  out|   19|      ap_vld|                                       p_out150|       pointer|
|p_out150_ap_vld       |  out|    1|      ap_vld|                                       p_out150|       pointer|
|p_out151              |  out|   19|      ap_vld|                                       p_out151|       pointer|
|p_out151_ap_vld       |  out|    1|      ap_vld|                                       p_out151|       pointer|
|p_out152              |  out|   19|      ap_vld|                                       p_out152|       pointer|
|p_out152_ap_vld       |  out|    1|      ap_vld|                                       p_out152|       pointer|
|p_out153              |  out|   19|      ap_vld|                                       p_out153|       pointer|
|p_out153_ap_vld       |  out|    1|      ap_vld|                                       p_out153|       pointer|
|p_out154              |  out|   19|      ap_vld|                                       p_out154|       pointer|
|p_out154_ap_vld       |  out|    1|      ap_vld|                                       p_out154|       pointer|
|p_out155              |  out|   19|      ap_vld|                                       p_out155|       pointer|
|p_out155_ap_vld       |  out|    1|      ap_vld|                                       p_out155|       pointer|
|p_out156              |  out|   19|      ap_vld|                                       p_out156|       pointer|
|p_out156_ap_vld       |  out|    1|      ap_vld|                                       p_out156|       pointer|
|p_out157              |  out|   19|      ap_vld|                                       p_out157|       pointer|
|p_out157_ap_vld       |  out|    1|      ap_vld|                                       p_out157|       pointer|
|p_out158              |  out|   19|      ap_vld|                                       p_out158|       pointer|
|p_out158_ap_vld       |  out|    1|      ap_vld|                                       p_out158|       pointer|
|p_out159              |  out|   19|      ap_vld|                                       p_out159|       pointer|
|p_out159_ap_vld       |  out|    1|      ap_vld|                                       p_out159|       pointer|
|p_out160              |  out|   19|      ap_vld|                                       p_out160|       pointer|
|p_out160_ap_vld       |  out|    1|      ap_vld|                                       p_out160|       pointer|
|p_out161              |  out|   19|      ap_vld|                                       p_out161|       pointer|
|p_out161_ap_vld       |  out|    1|      ap_vld|                                       p_out161|       pointer|
|p_out162              |  out|   19|      ap_vld|                                       p_out162|       pointer|
|p_out162_ap_vld       |  out|    1|      ap_vld|                                       p_out162|       pointer|
|p_out163              |  out|   19|      ap_vld|                                       p_out163|       pointer|
|p_out163_ap_vld       |  out|    1|      ap_vld|                                       p_out163|       pointer|
|p_out164              |  out|   19|      ap_vld|                                       p_out164|       pointer|
|p_out164_ap_vld       |  out|    1|      ap_vld|                                       p_out164|       pointer|
|p_out165              |  out|   19|      ap_vld|                                       p_out165|       pointer|
|p_out165_ap_vld       |  out|    1|      ap_vld|                                       p_out165|       pointer|
|p_out166              |  out|   19|      ap_vld|                                       p_out166|       pointer|
|p_out166_ap_vld       |  out|    1|      ap_vld|                                       p_out166|       pointer|
|p_out167              |  out|   19|      ap_vld|                                       p_out167|       pointer|
|p_out167_ap_vld       |  out|    1|      ap_vld|                                       p_out167|       pointer|
|p_out168              |  out|   19|      ap_vld|                                       p_out168|       pointer|
|p_out168_ap_vld       |  out|    1|      ap_vld|                                       p_out168|       pointer|
|p_out169              |  out|   19|      ap_vld|                                       p_out169|       pointer|
|p_out169_ap_vld       |  out|    1|      ap_vld|                                       p_out169|       pointer|
|p_out170              |  out|   19|      ap_vld|                                       p_out170|       pointer|
|p_out170_ap_vld       |  out|    1|      ap_vld|                                       p_out170|       pointer|
|p_out171              |  out|   19|      ap_vld|                                       p_out171|       pointer|
|p_out171_ap_vld       |  out|    1|      ap_vld|                                       p_out171|       pointer|
|p_out172              |  out|   19|      ap_vld|                                       p_out172|       pointer|
|p_out172_ap_vld       |  out|    1|      ap_vld|                                       p_out172|       pointer|
|p_out173              |  out|   19|      ap_vld|                                       p_out173|       pointer|
|p_out173_ap_vld       |  out|    1|      ap_vld|                                       p_out173|       pointer|
|p_out174              |  out|   19|      ap_vld|                                       p_out174|       pointer|
|p_out174_ap_vld       |  out|    1|      ap_vld|                                       p_out174|       pointer|
|p_out175              |  out|   19|      ap_vld|                                       p_out175|       pointer|
|p_out175_ap_vld       |  out|    1|      ap_vld|                                       p_out175|       pointer|
|p_out176              |  out|   19|      ap_vld|                                       p_out176|       pointer|
|p_out176_ap_vld       |  out|    1|      ap_vld|                                       p_out176|       pointer|
|p_out177              |  out|   19|      ap_vld|                                       p_out177|       pointer|
|p_out177_ap_vld       |  out|    1|      ap_vld|                                       p_out177|       pointer|
|p_out178              |  out|   19|      ap_vld|                                       p_out178|       pointer|
|p_out178_ap_vld       |  out|    1|      ap_vld|                                       p_out178|       pointer|
|p_out179              |  out|   19|      ap_vld|                                       p_out179|       pointer|
|p_out179_ap_vld       |  out|    1|      ap_vld|                                       p_out179|       pointer|
|p_out180              |  out|   19|      ap_vld|                                       p_out180|       pointer|
|p_out180_ap_vld       |  out|    1|      ap_vld|                                       p_out180|       pointer|
|p_out181              |  out|   19|      ap_vld|                                       p_out181|       pointer|
|p_out181_ap_vld       |  out|    1|      ap_vld|                                       p_out181|       pointer|
|p_out182              |  out|   19|      ap_vld|                                       p_out182|       pointer|
|p_out182_ap_vld       |  out|    1|      ap_vld|                                       p_out182|       pointer|
|p_out183              |  out|   19|      ap_vld|                                       p_out183|       pointer|
|p_out183_ap_vld       |  out|    1|      ap_vld|                                       p_out183|       pointer|
|p_out184              |  out|   19|      ap_vld|                                       p_out184|       pointer|
|p_out184_ap_vld       |  out|    1|      ap_vld|                                       p_out184|       pointer|
|p_out185              |  out|   19|      ap_vld|                                       p_out185|       pointer|
|p_out185_ap_vld       |  out|    1|      ap_vld|                                       p_out185|       pointer|
|p_out186              |  out|   19|      ap_vld|                                       p_out186|       pointer|
|p_out186_ap_vld       |  out|    1|      ap_vld|                                       p_out186|       pointer|
|p_out187              |  out|   19|      ap_vld|                                       p_out187|       pointer|
|p_out187_ap_vld       |  out|    1|      ap_vld|                                       p_out187|       pointer|
|p_out188              |  out|   19|      ap_vld|                                       p_out188|       pointer|
|p_out188_ap_vld       |  out|    1|      ap_vld|                                       p_out188|       pointer|
|p_out189              |  out|   19|      ap_vld|                                       p_out189|       pointer|
|p_out189_ap_vld       |  out|    1|      ap_vld|                                       p_out189|       pointer|
|p_out190              |  out|   19|      ap_vld|                                       p_out190|       pointer|
|p_out190_ap_vld       |  out|    1|      ap_vld|                                       p_out190|       pointer|
|p_out191              |  out|   19|      ap_vld|                                       p_out191|       pointer|
|p_out191_ap_vld       |  out|    1|      ap_vld|                                       p_out191|       pointer|
|p_out192              |  out|   19|      ap_vld|                                       p_out192|       pointer|
|p_out192_ap_vld       |  out|    1|      ap_vld|                                       p_out192|       pointer|
|p_out193              |  out|   19|      ap_vld|                                       p_out193|       pointer|
|p_out193_ap_vld       |  out|    1|      ap_vld|                                       p_out193|       pointer|
|p_out194              |  out|   19|      ap_vld|                                       p_out194|       pointer|
|p_out194_ap_vld       |  out|    1|      ap_vld|                                       p_out194|       pointer|
|p_out195              |  out|   19|      ap_vld|                                       p_out195|       pointer|
|p_out195_ap_vld       |  out|    1|      ap_vld|                                       p_out195|       pointer|
|p_out196              |  out|   19|      ap_vld|                                       p_out196|       pointer|
|p_out196_ap_vld       |  out|    1|      ap_vld|                                       p_out196|       pointer|
|p_out197              |  out|   19|      ap_vld|                                       p_out197|       pointer|
|p_out197_ap_vld       |  out|    1|      ap_vld|                                       p_out197|       pointer|
|p_out198              |  out|   19|      ap_vld|                                       p_out198|       pointer|
|p_out198_ap_vld       |  out|    1|      ap_vld|                                       p_out198|       pointer|
|p_out199              |  out|   19|      ap_vld|                                       p_out199|       pointer|
|p_out199_ap_vld       |  out|    1|      ap_vld|                                       p_out199|       pointer|
|p_out200              |  out|   19|      ap_vld|                                       p_out200|       pointer|
|p_out200_ap_vld       |  out|    1|      ap_vld|                                       p_out200|       pointer|
|p_out201              |  out|   19|      ap_vld|                                       p_out201|       pointer|
|p_out201_ap_vld       |  out|    1|      ap_vld|                                       p_out201|       pointer|
|p_out202              |  out|   19|      ap_vld|                                       p_out202|       pointer|
|p_out202_ap_vld       |  out|    1|      ap_vld|                                       p_out202|       pointer|
|p_out203              |  out|   19|      ap_vld|                                       p_out203|       pointer|
|p_out203_ap_vld       |  out|    1|      ap_vld|                                       p_out203|       pointer|
|p_out204              |  out|   19|      ap_vld|                                       p_out204|       pointer|
|p_out204_ap_vld       |  out|    1|      ap_vld|                                       p_out204|       pointer|
|p_out205              |  out|   19|      ap_vld|                                       p_out205|       pointer|
|p_out205_ap_vld       |  out|    1|      ap_vld|                                       p_out205|       pointer|
|p_out206              |  out|   19|      ap_vld|                                       p_out206|       pointer|
|p_out206_ap_vld       |  out|    1|      ap_vld|                                       p_out206|       pointer|
|p_out207              |  out|   19|      ap_vld|                                       p_out207|       pointer|
|p_out207_ap_vld       |  out|    1|      ap_vld|                                       p_out207|       pointer|
|p_out208              |  out|   19|      ap_vld|                                       p_out208|       pointer|
|p_out208_ap_vld       |  out|    1|      ap_vld|                                       p_out208|       pointer|
|p_out209              |  out|   19|      ap_vld|                                       p_out209|       pointer|
|p_out209_ap_vld       |  out|    1|      ap_vld|                                       p_out209|       pointer|
|p_out210              |  out|   19|      ap_vld|                                       p_out210|       pointer|
|p_out210_ap_vld       |  out|    1|      ap_vld|                                       p_out210|       pointer|
|p_out211              |  out|   19|      ap_vld|                                       p_out211|       pointer|
|p_out211_ap_vld       |  out|    1|      ap_vld|                                       p_out211|       pointer|
|p_out212              |  out|   19|      ap_vld|                                       p_out212|       pointer|
|p_out212_ap_vld       |  out|    1|      ap_vld|                                       p_out212|       pointer|
|p_out213              |  out|   19|      ap_vld|                                       p_out213|       pointer|
|p_out213_ap_vld       |  out|    1|      ap_vld|                                       p_out213|       pointer|
|p_out214              |  out|   19|      ap_vld|                                       p_out214|       pointer|
|p_out214_ap_vld       |  out|    1|      ap_vld|                                       p_out214|       pointer|
|p_out215              |  out|   19|      ap_vld|                                       p_out215|       pointer|
|p_out215_ap_vld       |  out|    1|      ap_vld|                                       p_out215|       pointer|
|p_out216              |  out|   19|      ap_vld|                                       p_out216|       pointer|
|p_out216_ap_vld       |  out|    1|      ap_vld|                                       p_out216|       pointer|
|p_out217              |  out|   19|      ap_vld|                                       p_out217|       pointer|
|p_out217_ap_vld       |  out|    1|      ap_vld|                                       p_out217|       pointer|
|p_out218              |  out|   19|      ap_vld|                                       p_out218|       pointer|
|p_out218_ap_vld       |  out|    1|      ap_vld|                                       p_out218|       pointer|
|p_out219              |  out|   19|      ap_vld|                                       p_out219|       pointer|
|p_out219_ap_vld       |  out|    1|      ap_vld|                                       p_out219|       pointer|
|p_out220              |  out|   19|      ap_vld|                                       p_out220|       pointer|
|p_out220_ap_vld       |  out|    1|      ap_vld|                                       p_out220|       pointer|
|p_out221              |  out|   19|      ap_vld|                                       p_out221|       pointer|
|p_out221_ap_vld       |  out|    1|      ap_vld|                                       p_out221|       pointer|
|p_out222              |  out|   19|      ap_vld|                                       p_out222|       pointer|
|p_out222_ap_vld       |  out|    1|      ap_vld|                                       p_out222|       pointer|
|p_out223              |  out|   19|      ap_vld|                                       p_out223|       pointer|
|p_out223_ap_vld       |  out|    1|      ap_vld|                                       p_out223|       pointer|
|p_out224              |  out|   19|      ap_vld|                                       p_out224|       pointer|
|p_out224_ap_vld       |  out|    1|      ap_vld|                                       p_out224|       pointer|
|p_out225              |  out|   19|      ap_vld|                                       p_out225|       pointer|
|p_out225_ap_vld       |  out|    1|      ap_vld|                                       p_out225|       pointer|
|p_out226              |  out|   19|      ap_vld|                                       p_out226|       pointer|
|p_out226_ap_vld       |  out|    1|      ap_vld|                                       p_out226|       pointer|
|p_out227              |  out|   19|      ap_vld|                                       p_out227|       pointer|
|p_out227_ap_vld       |  out|    1|      ap_vld|                                       p_out227|       pointer|
|p_out228              |  out|   19|      ap_vld|                                       p_out228|       pointer|
|p_out228_ap_vld       |  out|    1|      ap_vld|                                       p_out228|       pointer|
|p_out229              |  out|   19|      ap_vld|                                       p_out229|       pointer|
|p_out229_ap_vld       |  out|    1|      ap_vld|                                       p_out229|       pointer|
|p_out230              |  out|   19|      ap_vld|                                       p_out230|       pointer|
|p_out230_ap_vld       |  out|    1|      ap_vld|                                       p_out230|       pointer|
|p_out231              |  out|   19|      ap_vld|                                       p_out231|       pointer|
|p_out231_ap_vld       |  out|    1|      ap_vld|                                       p_out231|       pointer|
|p_out232              |  out|   19|      ap_vld|                                       p_out232|       pointer|
|p_out232_ap_vld       |  out|    1|      ap_vld|                                       p_out232|       pointer|
|p_out233              |  out|   19|      ap_vld|                                       p_out233|       pointer|
|p_out233_ap_vld       |  out|    1|      ap_vld|                                       p_out233|       pointer|
|p_out234              |  out|   19|      ap_vld|                                       p_out234|       pointer|
|p_out234_ap_vld       |  out|    1|      ap_vld|                                       p_out234|       pointer|
|p_out235              |  out|   19|      ap_vld|                                       p_out235|       pointer|
|p_out235_ap_vld       |  out|    1|      ap_vld|                                       p_out235|       pointer|
|p_out236              |  out|   19|      ap_vld|                                       p_out236|       pointer|
|p_out236_ap_vld       |  out|    1|      ap_vld|                                       p_out236|       pointer|
|p_out237              |  out|   19|      ap_vld|                                       p_out237|       pointer|
|p_out237_ap_vld       |  out|    1|      ap_vld|                                       p_out237|       pointer|
|p_out238              |  out|   19|      ap_vld|                                       p_out238|       pointer|
|p_out238_ap_vld       |  out|    1|      ap_vld|                                       p_out238|       pointer|
|p_out239              |  out|   19|      ap_vld|                                       p_out239|       pointer|
|p_out239_ap_vld       |  out|    1|      ap_vld|                                       p_out239|       pointer|
|p_out240              |  out|   19|      ap_vld|                                       p_out240|       pointer|
|p_out240_ap_vld       |  out|    1|      ap_vld|                                       p_out240|       pointer|
|p_out241              |  out|   19|      ap_vld|                                       p_out241|       pointer|
|p_out241_ap_vld       |  out|    1|      ap_vld|                                       p_out241|       pointer|
|p_out242              |  out|   19|      ap_vld|                                       p_out242|       pointer|
|p_out242_ap_vld       |  out|    1|      ap_vld|                                       p_out242|       pointer|
|p_out243              |  out|   19|      ap_vld|                                       p_out243|       pointer|
|p_out243_ap_vld       |  out|    1|      ap_vld|                                       p_out243|       pointer|
|p_out244              |  out|   19|      ap_vld|                                       p_out244|       pointer|
|p_out244_ap_vld       |  out|    1|      ap_vld|                                       p_out244|       pointer|
|p_out245              |  out|   19|      ap_vld|                                       p_out245|       pointer|
|p_out245_ap_vld       |  out|    1|      ap_vld|                                       p_out245|       pointer|
|p_out246              |  out|   19|      ap_vld|                                       p_out246|       pointer|
|p_out246_ap_vld       |  out|    1|      ap_vld|                                       p_out246|       pointer|
|p_out247              |  out|   19|      ap_vld|                                       p_out247|       pointer|
|p_out247_ap_vld       |  out|    1|      ap_vld|                                       p_out247|       pointer|
|p_out248              |  out|   19|      ap_vld|                                       p_out248|       pointer|
|p_out248_ap_vld       |  out|    1|      ap_vld|                                       p_out248|       pointer|
|p_out249              |  out|   19|      ap_vld|                                       p_out249|       pointer|
|p_out249_ap_vld       |  out|    1|      ap_vld|                                       p_out249|       pointer|
|p_out250              |  out|   19|      ap_vld|                                       p_out250|       pointer|
|p_out250_ap_vld       |  out|    1|      ap_vld|                                       p_out250|       pointer|
|p_out251              |  out|   19|      ap_vld|                                       p_out251|       pointer|
|p_out251_ap_vld       |  out|    1|      ap_vld|                                       p_out251|       pointer|
|p_out252              |  out|   19|      ap_vld|                                       p_out252|       pointer|
|p_out252_ap_vld       |  out|    1|      ap_vld|                                       p_out252|       pointer|
|p_out253              |  out|   19|      ap_vld|                                       p_out253|       pointer|
|p_out253_ap_vld       |  out|    1|      ap_vld|                                       p_out253|       pointer|
|p_out254              |  out|   19|      ap_vld|                                       p_out254|       pointer|
|p_out254_ap_vld       |  out|    1|      ap_vld|                                       p_out254|       pointer|
|p_out255              |  out|   19|      ap_vld|                                       p_out255|       pointer|
|p_out255_ap_vld       |  out|    1|      ap_vld|                                       p_out255|       pointer|
|p_out256              |  out|   19|      ap_vld|                                       p_out256|       pointer|
|p_out256_ap_vld       |  out|    1|      ap_vld|                                       p_out256|       pointer|
|p_out257              |  out|   19|      ap_vld|                                       p_out257|       pointer|
|p_out257_ap_vld       |  out|    1|      ap_vld|                                       p_out257|       pointer|
|p_out258              |  out|   19|      ap_vld|                                       p_out258|       pointer|
|p_out258_ap_vld       |  out|    1|      ap_vld|                                       p_out258|       pointer|
|p_out259              |  out|   19|      ap_vld|                                       p_out259|       pointer|
|p_out259_ap_vld       |  out|    1|      ap_vld|                                       p_out259|       pointer|
|p_out260              |  out|   19|      ap_vld|                                       p_out260|       pointer|
|p_out260_ap_vld       |  out|    1|      ap_vld|                                       p_out260|       pointer|
|p_out261              |  out|   19|      ap_vld|                                       p_out261|       pointer|
|p_out261_ap_vld       |  out|    1|      ap_vld|                                       p_out261|       pointer|
|p_out262              |  out|   19|      ap_vld|                                       p_out262|       pointer|
|p_out262_ap_vld       |  out|    1|      ap_vld|                                       p_out262|       pointer|
|p_out263              |  out|   19|      ap_vld|                                       p_out263|       pointer|
|p_out263_ap_vld       |  out|    1|      ap_vld|                                       p_out263|       pointer|
|p_out264              |  out|   19|      ap_vld|                                       p_out264|       pointer|
|p_out264_ap_vld       |  out|    1|      ap_vld|                                       p_out264|       pointer|
|p_out265              |  out|   19|      ap_vld|                                       p_out265|       pointer|
|p_out265_ap_vld       |  out|    1|      ap_vld|                                       p_out265|       pointer|
|p_out266              |  out|   19|      ap_vld|                                       p_out266|       pointer|
|p_out266_ap_vld       |  out|    1|      ap_vld|                                       p_out266|       pointer|
|p_out267              |  out|   19|      ap_vld|                                       p_out267|       pointer|
|p_out267_ap_vld       |  out|    1|      ap_vld|                                       p_out267|       pointer|
|p_out268              |  out|   19|      ap_vld|                                       p_out268|       pointer|
|p_out268_ap_vld       |  out|    1|      ap_vld|                                       p_out268|       pointer|
|p_out269              |  out|   19|      ap_vld|                                       p_out269|       pointer|
|p_out269_ap_vld       |  out|    1|      ap_vld|                                       p_out269|       pointer|
|p_out270              |  out|   19|      ap_vld|                                       p_out270|       pointer|
|p_out270_ap_vld       |  out|    1|      ap_vld|                                       p_out270|       pointer|
|p_out271              |  out|   19|      ap_vld|                                       p_out271|       pointer|
|p_out271_ap_vld       |  out|    1|      ap_vld|                                       p_out271|       pointer|
|p_out272              |  out|   19|      ap_vld|                                       p_out272|       pointer|
|p_out272_ap_vld       |  out|    1|      ap_vld|                                       p_out272|       pointer|
|p_out273              |  out|   19|      ap_vld|                                       p_out273|       pointer|
|p_out273_ap_vld       |  out|    1|      ap_vld|                                       p_out273|       pointer|
|p_out274              |  out|   19|      ap_vld|                                       p_out274|       pointer|
|p_out274_ap_vld       |  out|    1|      ap_vld|                                       p_out274|       pointer|
|p_out275              |  out|   19|      ap_vld|                                       p_out275|       pointer|
|p_out275_ap_vld       |  out|    1|      ap_vld|                                       p_out275|       pointer|
|p_out276              |  out|   19|      ap_vld|                                       p_out276|       pointer|
|p_out276_ap_vld       |  out|    1|      ap_vld|                                       p_out276|       pointer|
|p_out277              |  out|   19|      ap_vld|                                       p_out277|       pointer|
|p_out277_ap_vld       |  out|    1|      ap_vld|                                       p_out277|       pointer|
|p_out278              |  out|   19|      ap_vld|                                       p_out278|       pointer|
|p_out278_ap_vld       |  out|    1|      ap_vld|                                       p_out278|       pointer|
|p_out279              |  out|   19|      ap_vld|                                       p_out279|       pointer|
|p_out279_ap_vld       |  out|    1|      ap_vld|                                       p_out279|       pointer|
|p_out280              |  out|   19|      ap_vld|                                       p_out280|       pointer|
|p_out280_ap_vld       |  out|    1|      ap_vld|                                       p_out280|       pointer|
|p_out281              |  out|   19|      ap_vld|                                       p_out281|       pointer|
|p_out281_ap_vld       |  out|    1|      ap_vld|                                       p_out281|       pointer|
|p_out282              |  out|   19|      ap_vld|                                       p_out282|       pointer|
|p_out282_ap_vld       |  out|    1|      ap_vld|                                       p_out282|       pointer|
|p_out283              |  out|   19|      ap_vld|                                       p_out283|       pointer|
|p_out283_ap_vld       |  out|    1|      ap_vld|                                       p_out283|       pointer|
|p_out284              |  out|   19|      ap_vld|                                       p_out284|       pointer|
|p_out284_ap_vld       |  out|    1|      ap_vld|                                       p_out284|       pointer|
|p_out285              |  out|   19|      ap_vld|                                       p_out285|       pointer|
|p_out285_ap_vld       |  out|    1|      ap_vld|                                       p_out285|       pointer|
|p_out286              |  out|   19|      ap_vld|                                       p_out286|       pointer|
|p_out286_ap_vld       |  out|    1|      ap_vld|                                       p_out286|       pointer|
|p_out287              |  out|   19|      ap_vld|                                       p_out287|       pointer|
|p_out287_ap_vld       |  out|    1|      ap_vld|                                       p_out287|       pointer|
|p_out288              |  out|   19|      ap_vld|                                       p_out288|       pointer|
|p_out288_ap_vld       |  out|    1|      ap_vld|                                       p_out288|       pointer|
|p_out289              |  out|   19|      ap_vld|                                       p_out289|       pointer|
|p_out289_ap_vld       |  out|    1|      ap_vld|                                       p_out289|       pointer|
|p_out290              |  out|   19|      ap_vld|                                       p_out290|       pointer|
|p_out290_ap_vld       |  out|    1|      ap_vld|                                       p_out290|       pointer|
|p_out291              |  out|   19|      ap_vld|                                       p_out291|       pointer|
|p_out291_ap_vld       |  out|    1|      ap_vld|                                       p_out291|       pointer|
|p_out292              |  out|   19|      ap_vld|                                       p_out292|       pointer|
|p_out292_ap_vld       |  out|    1|      ap_vld|                                       p_out292|       pointer|
|p_out293              |  out|   19|      ap_vld|                                       p_out293|       pointer|
|p_out293_ap_vld       |  out|    1|      ap_vld|                                       p_out293|       pointer|
|p_out294              |  out|   19|      ap_vld|                                       p_out294|       pointer|
|p_out294_ap_vld       |  out|    1|      ap_vld|                                       p_out294|       pointer|
|p_out295              |  out|   19|      ap_vld|                                       p_out295|       pointer|
|p_out295_ap_vld       |  out|    1|      ap_vld|                                       p_out295|       pointer|
|p_out296              |  out|   19|      ap_vld|                                       p_out296|       pointer|
|p_out296_ap_vld       |  out|    1|      ap_vld|                                       p_out296|       pointer|
|p_out297              |  out|   19|      ap_vld|                                       p_out297|       pointer|
|p_out297_ap_vld       |  out|    1|      ap_vld|                                       p_out297|       pointer|
|p_out298              |  out|   19|      ap_vld|                                       p_out298|       pointer|
|p_out298_ap_vld       |  out|    1|      ap_vld|                                       p_out298|       pointer|
|p_out299              |  out|   19|      ap_vld|                                       p_out299|       pointer|
|p_out299_ap_vld       |  out|    1|      ap_vld|                                       p_out299|       pointer|
|p_out300              |  out|   19|      ap_vld|                                       p_out300|       pointer|
|p_out300_ap_vld       |  out|    1|      ap_vld|                                       p_out300|       pointer|
|p_out301              |  out|   19|      ap_vld|                                       p_out301|       pointer|
|p_out301_ap_vld       |  out|    1|      ap_vld|                                       p_out301|       pointer|
|p_out302              |  out|   19|      ap_vld|                                       p_out302|       pointer|
|p_out302_ap_vld       |  out|    1|      ap_vld|                                       p_out302|       pointer|
|p_out303              |  out|   19|      ap_vld|                                       p_out303|       pointer|
|p_out303_ap_vld       |  out|    1|      ap_vld|                                       p_out303|       pointer|
|p_out304              |  out|   19|      ap_vld|                                       p_out304|       pointer|
|p_out304_ap_vld       |  out|    1|      ap_vld|                                       p_out304|       pointer|
|p_out305              |  out|   19|      ap_vld|                                       p_out305|       pointer|
|p_out305_ap_vld       |  out|    1|      ap_vld|                                       p_out305|       pointer|
|p_out306              |  out|   19|      ap_vld|                                       p_out306|       pointer|
|p_out306_ap_vld       |  out|    1|      ap_vld|                                       p_out306|       pointer|
|p_out307              |  out|   19|      ap_vld|                                       p_out307|       pointer|
|p_out307_ap_vld       |  out|    1|      ap_vld|                                       p_out307|       pointer|
|p_out308              |  out|   19|      ap_vld|                                       p_out308|       pointer|
|p_out308_ap_vld       |  out|    1|      ap_vld|                                       p_out308|       pointer|
|p_out309              |  out|   19|      ap_vld|                                       p_out309|       pointer|
|p_out309_ap_vld       |  out|    1|      ap_vld|                                       p_out309|       pointer|
|p_out310              |  out|   19|      ap_vld|                                       p_out310|       pointer|
|p_out310_ap_vld       |  out|    1|      ap_vld|                                       p_out310|       pointer|
|p_out311              |  out|   19|      ap_vld|                                       p_out311|       pointer|
|p_out311_ap_vld       |  out|    1|      ap_vld|                                       p_out311|       pointer|
|p_out312              |  out|   19|      ap_vld|                                       p_out312|       pointer|
|p_out312_ap_vld       |  out|    1|      ap_vld|                                       p_out312|       pointer|
|p_out313              |  out|   19|      ap_vld|                                       p_out313|       pointer|
|p_out313_ap_vld       |  out|    1|      ap_vld|                                       p_out313|       pointer|
|p_out314              |  out|   19|      ap_vld|                                       p_out314|       pointer|
|p_out314_ap_vld       |  out|    1|      ap_vld|                                       p_out314|       pointer|
|p_out315              |  out|   19|      ap_vld|                                       p_out315|       pointer|
|p_out315_ap_vld       |  out|    1|      ap_vld|                                       p_out315|       pointer|
|p_out316              |  out|   19|      ap_vld|                                       p_out316|       pointer|
|p_out316_ap_vld       |  out|    1|      ap_vld|                                       p_out316|       pointer|
|p_out317              |  out|   19|      ap_vld|                                       p_out317|       pointer|
|p_out317_ap_vld       |  out|    1|      ap_vld|                                       p_out317|       pointer|
|p_out318              |  out|   19|      ap_vld|                                       p_out318|       pointer|
|p_out318_ap_vld       |  out|    1|      ap_vld|                                       p_out318|       pointer|
|p_out319              |  out|   19|      ap_vld|                                       p_out319|       pointer|
|p_out319_ap_vld       |  out|    1|      ap_vld|                                       p_out319|       pointer|
|p_out320              |  out|   19|      ap_vld|                                       p_out320|       pointer|
|p_out320_ap_vld       |  out|    1|      ap_vld|                                       p_out320|       pointer|
|p_out321              |  out|   19|      ap_vld|                                       p_out321|       pointer|
|p_out321_ap_vld       |  out|    1|      ap_vld|                                       p_out321|       pointer|
|p_out322              |  out|   19|      ap_vld|                                       p_out322|       pointer|
|p_out322_ap_vld       |  out|    1|      ap_vld|                                       p_out322|       pointer|
|p_out323              |  out|   19|      ap_vld|                                       p_out323|       pointer|
|p_out323_ap_vld       |  out|    1|      ap_vld|                                       p_out323|       pointer|
|p_out324              |  out|   19|      ap_vld|                                       p_out324|       pointer|
|p_out324_ap_vld       |  out|    1|      ap_vld|                                       p_out324|       pointer|
|p_out325              |  out|   19|      ap_vld|                                       p_out325|       pointer|
|p_out325_ap_vld       |  out|    1|      ap_vld|                                       p_out325|       pointer|
|p_out326              |  out|   19|      ap_vld|                                       p_out326|       pointer|
|p_out326_ap_vld       |  out|    1|      ap_vld|                                       p_out326|       pointer|
|p_out327              |  out|   19|      ap_vld|                                       p_out327|       pointer|
|p_out327_ap_vld       |  out|    1|      ap_vld|                                       p_out327|       pointer|
|p_out328              |  out|   19|      ap_vld|                                       p_out328|       pointer|
|p_out328_ap_vld       |  out|    1|      ap_vld|                                       p_out328|       pointer|
|p_out329              |  out|   19|      ap_vld|                                       p_out329|       pointer|
|p_out329_ap_vld       |  out|    1|      ap_vld|                                       p_out329|       pointer|
|p_out330              |  out|   19|      ap_vld|                                       p_out330|       pointer|
|p_out330_ap_vld       |  out|    1|      ap_vld|                                       p_out330|       pointer|
|p_out331              |  out|   19|      ap_vld|                                       p_out331|       pointer|
|p_out331_ap_vld       |  out|    1|      ap_vld|                                       p_out331|       pointer|
|p_out332              |  out|   19|      ap_vld|                                       p_out332|       pointer|
|p_out332_ap_vld       |  out|    1|      ap_vld|                                       p_out332|       pointer|
|p_out333              |  out|   19|      ap_vld|                                       p_out333|       pointer|
|p_out333_ap_vld       |  out|    1|      ap_vld|                                       p_out333|       pointer|
|p_out334              |  out|   19|      ap_vld|                                       p_out334|       pointer|
|p_out334_ap_vld       |  out|    1|      ap_vld|                                       p_out334|       pointer|
|p_out335              |  out|   19|      ap_vld|                                       p_out335|       pointer|
|p_out335_ap_vld       |  out|    1|      ap_vld|                                       p_out335|       pointer|
|p_out336              |  out|   19|      ap_vld|                                       p_out336|       pointer|
|p_out336_ap_vld       |  out|    1|      ap_vld|                                       p_out336|       pointer|
|p_out337              |  out|   19|      ap_vld|                                       p_out337|       pointer|
|p_out337_ap_vld       |  out|    1|      ap_vld|                                       p_out337|       pointer|
|p_out338              |  out|   19|      ap_vld|                                       p_out338|       pointer|
|p_out338_ap_vld       |  out|    1|      ap_vld|                                       p_out338|       pointer|
|p_out339              |  out|   19|      ap_vld|                                       p_out339|       pointer|
|p_out339_ap_vld       |  out|    1|      ap_vld|                                       p_out339|       pointer|
|p_out340              |  out|   19|      ap_vld|                                       p_out340|       pointer|
|p_out340_ap_vld       |  out|    1|      ap_vld|                                       p_out340|       pointer|
|p_out341              |  out|   19|      ap_vld|                                       p_out341|       pointer|
|p_out341_ap_vld       |  out|    1|      ap_vld|                                       p_out341|       pointer|
|p_out342              |  out|   19|      ap_vld|                                       p_out342|       pointer|
|p_out342_ap_vld       |  out|    1|      ap_vld|                                       p_out342|       pointer|
|p_out343              |  out|   19|      ap_vld|                                       p_out343|       pointer|
|p_out343_ap_vld       |  out|    1|      ap_vld|                                       p_out343|       pointer|
|p_out344              |  out|   19|      ap_vld|                                       p_out344|       pointer|
|p_out344_ap_vld       |  out|    1|      ap_vld|                                       p_out344|       pointer|
|p_out345              |  out|   19|      ap_vld|                                       p_out345|       pointer|
|p_out345_ap_vld       |  out|    1|      ap_vld|                                       p_out345|       pointer|
|p_out346              |  out|   19|      ap_vld|                                       p_out346|       pointer|
|p_out346_ap_vld       |  out|    1|      ap_vld|                                       p_out346|       pointer|
|p_out347              |  out|   19|      ap_vld|                                       p_out347|       pointer|
|p_out347_ap_vld       |  out|    1|      ap_vld|                                       p_out347|       pointer|
|p_out348              |  out|   19|      ap_vld|                                       p_out348|       pointer|
|p_out348_ap_vld       |  out|    1|      ap_vld|                                       p_out348|       pointer|
|p_out349              |  out|   19|      ap_vld|                                       p_out349|       pointer|
|p_out349_ap_vld       |  out|    1|      ap_vld|                                       p_out349|       pointer|
|p_out350              |  out|   19|      ap_vld|                                       p_out350|       pointer|
|p_out350_ap_vld       |  out|    1|      ap_vld|                                       p_out350|       pointer|
|p_out351              |  out|   19|      ap_vld|                                       p_out351|       pointer|
|p_out351_ap_vld       |  out|    1|      ap_vld|                                       p_out351|       pointer|
|p_out352              |  out|   19|      ap_vld|                                       p_out352|       pointer|
|p_out352_ap_vld       |  out|    1|      ap_vld|                                       p_out352|       pointer|
|p_out353              |  out|   19|      ap_vld|                                       p_out353|       pointer|
|p_out353_ap_vld       |  out|    1|      ap_vld|                                       p_out353|       pointer|
|p_out354              |  out|   19|      ap_vld|                                       p_out354|       pointer|
|p_out354_ap_vld       |  out|    1|      ap_vld|                                       p_out354|       pointer|
|p_out355              |  out|   19|      ap_vld|                                       p_out355|       pointer|
|p_out355_ap_vld       |  out|    1|      ap_vld|                                       p_out355|       pointer|
|p_out356              |  out|   19|      ap_vld|                                       p_out356|       pointer|
|p_out356_ap_vld       |  out|    1|      ap_vld|                                       p_out356|       pointer|
|p_out357              |  out|   19|      ap_vld|                                       p_out357|       pointer|
|p_out357_ap_vld       |  out|    1|      ap_vld|                                       p_out357|       pointer|
|p_out358              |  out|   19|      ap_vld|                                       p_out358|       pointer|
|p_out358_ap_vld       |  out|    1|      ap_vld|                                       p_out358|       pointer|
|p_out359              |  out|   19|      ap_vld|                                       p_out359|       pointer|
|p_out359_ap_vld       |  out|    1|      ap_vld|                                       p_out359|       pointer|
|p_out360              |  out|   19|      ap_vld|                                       p_out360|       pointer|
|p_out360_ap_vld       |  out|    1|      ap_vld|                                       p_out360|       pointer|
|p_out361              |  out|   19|      ap_vld|                                       p_out361|       pointer|
|p_out361_ap_vld       |  out|    1|      ap_vld|                                       p_out361|       pointer|
|p_out362              |  out|   19|      ap_vld|                                       p_out362|       pointer|
|p_out362_ap_vld       |  out|    1|      ap_vld|                                       p_out362|       pointer|
|p_out363              |  out|   19|      ap_vld|                                       p_out363|       pointer|
|p_out363_ap_vld       |  out|    1|      ap_vld|                                       p_out363|       pointer|
|p_out364              |  out|   19|      ap_vld|                                       p_out364|       pointer|
|p_out364_ap_vld       |  out|    1|      ap_vld|                                       p_out364|       pointer|
|p_out365              |  out|   19|      ap_vld|                                       p_out365|       pointer|
|p_out365_ap_vld       |  out|    1|      ap_vld|                                       p_out365|       pointer|
|p_out366              |  out|   19|      ap_vld|                                       p_out366|       pointer|
|p_out366_ap_vld       |  out|    1|      ap_vld|                                       p_out366|       pointer|
|p_out367              |  out|   19|      ap_vld|                                       p_out367|       pointer|
|p_out367_ap_vld       |  out|    1|      ap_vld|                                       p_out367|       pointer|
|p_out368              |  out|   19|      ap_vld|                                       p_out368|       pointer|
|p_out368_ap_vld       |  out|    1|      ap_vld|                                       p_out368|       pointer|
|p_out369              |  out|   19|      ap_vld|                                       p_out369|       pointer|
|p_out369_ap_vld       |  out|    1|      ap_vld|                                       p_out369|       pointer|
|p_out370              |  out|   19|      ap_vld|                                       p_out370|       pointer|
|p_out370_ap_vld       |  out|    1|      ap_vld|                                       p_out370|       pointer|
|p_out371              |  out|   19|      ap_vld|                                       p_out371|       pointer|
|p_out371_ap_vld       |  out|    1|      ap_vld|                                       p_out371|       pointer|
|p_out372              |  out|   19|      ap_vld|                                       p_out372|       pointer|
|p_out372_ap_vld       |  out|    1|      ap_vld|                                       p_out372|       pointer|
|p_out373              |  out|   19|      ap_vld|                                       p_out373|       pointer|
|p_out373_ap_vld       |  out|    1|      ap_vld|                                       p_out373|       pointer|
|p_out374              |  out|   19|      ap_vld|                                       p_out374|       pointer|
|p_out374_ap_vld       |  out|    1|      ap_vld|                                       p_out374|       pointer|
|p_out375              |  out|   19|      ap_vld|                                       p_out375|       pointer|
|p_out375_ap_vld       |  out|    1|      ap_vld|                                       p_out375|       pointer|
|p_out376              |  out|   19|      ap_vld|                                       p_out376|       pointer|
|p_out376_ap_vld       |  out|    1|      ap_vld|                                       p_out376|       pointer|
|p_out377              |  out|   19|      ap_vld|                                       p_out377|       pointer|
|p_out377_ap_vld       |  out|    1|      ap_vld|                                       p_out377|       pointer|
|p_out378              |  out|   19|      ap_vld|                                       p_out378|       pointer|
|p_out378_ap_vld       |  out|    1|      ap_vld|                                       p_out378|       pointer|
|p_out379              |  out|   19|      ap_vld|                                       p_out379|       pointer|
|p_out379_ap_vld       |  out|    1|      ap_vld|                                       p_out379|       pointer|
|p_out380              |  out|   19|      ap_vld|                                       p_out380|       pointer|
|p_out380_ap_vld       |  out|    1|      ap_vld|                                       p_out380|       pointer|
|p_out381              |  out|   19|      ap_vld|                                       p_out381|       pointer|
|p_out381_ap_vld       |  out|    1|      ap_vld|                                       p_out381|       pointer|
|p_out382              |  out|   19|      ap_vld|                                       p_out382|       pointer|
|p_out382_ap_vld       |  out|    1|      ap_vld|                                       p_out382|       pointer|
|p_out383              |  out|   19|      ap_vld|                                       p_out383|       pointer|
|p_out383_ap_vld       |  out|    1|      ap_vld|                                       p_out383|       pointer|
|p_out384              |  out|   19|      ap_vld|                                       p_out384|       pointer|
|p_out384_ap_vld       |  out|    1|      ap_vld|                                       p_out384|       pointer|
|p_out385              |  out|   19|      ap_vld|                                       p_out385|       pointer|
|p_out385_ap_vld       |  out|    1|      ap_vld|                                       p_out385|       pointer|
|p_out386              |  out|   19|      ap_vld|                                       p_out386|       pointer|
|p_out386_ap_vld       |  out|    1|      ap_vld|                                       p_out386|       pointer|
|p_out387              |  out|   19|      ap_vld|                                       p_out387|       pointer|
|p_out387_ap_vld       |  out|    1|      ap_vld|                                       p_out387|       pointer|
|p_out388              |  out|   19|      ap_vld|                                       p_out388|       pointer|
|p_out388_ap_vld       |  out|    1|      ap_vld|                                       p_out388|       pointer|
|p_out389              |  out|   19|      ap_vld|                                       p_out389|       pointer|
|p_out389_ap_vld       |  out|    1|      ap_vld|                                       p_out389|       pointer|
|p_out390              |  out|   19|      ap_vld|                                       p_out390|       pointer|
|p_out390_ap_vld       |  out|    1|      ap_vld|                                       p_out390|       pointer|
|p_out391              |  out|   19|      ap_vld|                                       p_out391|       pointer|
|p_out391_ap_vld       |  out|    1|      ap_vld|                                       p_out391|       pointer|
|p_out392              |  out|   19|      ap_vld|                                       p_out392|       pointer|
|p_out392_ap_vld       |  out|    1|      ap_vld|                                       p_out392|       pointer|
|p_out393              |  out|   19|      ap_vld|                                       p_out393|       pointer|
|p_out393_ap_vld       |  out|    1|      ap_vld|                                       p_out393|       pointer|
|p_out394              |  out|   19|      ap_vld|                                       p_out394|       pointer|
|p_out394_ap_vld       |  out|    1|      ap_vld|                                       p_out394|       pointer|
|p_out395              |  out|   19|      ap_vld|                                       p_out395|       pointer|
|p_out395_ap_vld       |  out|    1|      ap_vld|                                       p_out395|       pointer|
|p_out396              |  out|   19|      ap_vld|                                       p_out396|       pointer|
|p_out396_ap_vld       |  out|    1|      ap_vld|                                       p_out396|       pointer|
|p_out397              |  out|   19|      ap_vld|                                       p_out397|       pointer|
|p_out397_ap_vld       |  out|    1|      ap_vld|                                       p_out397|       pointer|
|p_out398              |  out|   19|      ap_vld|                                       p_out398|       pointer|
|p_out398_ap_vld       |  out|    1|      ap_vld|                                       p_out398|       pointer|
|p_out399              |  out|   19|      ap_vld|                                       p_out399|       pointer|
|p_out399_ap_vld       |  out|    1|      ap_vld|                                       p_out399|       pointer|
|p_out400              |  out|   19|      ap_vld|                                       p_out400|       pointer|
|p_out400_ap_vld       |  out|    1|      ap_vld|                                       p_out400|       pointer|
|p_out401              |  out|   19|      ap_vld|                                       p_out401|       pointer|
|p_out401_ap_vld       |  out|    1|      ap_vld|                                       p_out401|       pointer|
|p_out402              |  out|   19|      ap_vld|                                       p_out402|       pointer|
|p_out402_ap_vld       |  out|    1|      ap_vld|                                       p_out402|       pointer|
|p_out403              |  out|   19|      ap_vld|                                       p_out403|       pointer|
|p_out403_ap_vld       |  out|    1|      ap_vld|                                       p_out403|       pointer|
|p_out404              |  out|   19|      ap_vld|                                       p_out404|       pointer|
|p_out404_ap_vld       |  out|    1|      ap_vld|                                       p_out404|       pointer|
|p_out405              |  out|   19|      ap_vld|                                       p_out405|       pointer|
|p_out405_ap_vld       |  out|    1|      ap_vld|                                       p_out405|       pointer|
|p_out406              |  out|   19|      ap_vld|                                       p_out406|       pointer|
|p_out406_ap_vld       |  out|    1|      ap_vld|                                       p_out406|       pointer|
|p_out407              |  out|   19|      ap_vld|                                       p_out407|       pointer|
|p_out407_ap_vld       |  out|    1|      ap_vld|                                       p_out407|       pointer|
|p_out408              |  out|   19|      ap_vld|                                       p_out408|       pointer|
|p_out408_ap_vld       |  out|    1|      ap_vld|                                       p_out408|       pointer|
|p_out409              |  out|   19|      ap_vld|                                       p_out409|       pointer|
|p_out409_ap_vld       |  out|    1|      ap_vld|                                       p_out409|       pointer|
|p_out410              |  out|   19|      ap_vld|                                       p_out410|       pointer|
|p_out410_ap_vld       |  out|    1|      ap_vld|                                       p_out410|       pointer|
|p_out411              |  out|   19|      ap_vld|                                       p_out411|       pointer|
|p_out411_ap_vld       |  out|    1|      ap_vld|                                       p_out411|       pointer|
|p_out412              |  out|   19|      ap_vld|                                       p_out412|       pointer|
|p_out412_ap_vld       |  out|    1|      ap_vld|                                       p_out412|       pointer|
|p_out413              |  out|   19|      ap_vld|                                       p_out413|       pointer|
|p_out413_ap_vld       |  out|    1|      ap_vld|                                       p_out413|       pointer|
|p_out414              |  out|   19|      ap_vld|                                       p_out414|       pointer|
|p_out414_ap_vld       |  out|    1|      ap_vld|                                       p_out414|       pointer|
|p_out415              |  out|   19|      ap_vld|                                       p_out415|       pointer|
|p_out415_ap_vld       |  out|    1|      ap_vld|                                       p_out415|       pointer|
|p_out416              |  out|   19|      ap_vld|                                       p_out416|       pointer|
|p_out416_ap_vld       |  out|    1|      ap_vld|                                       p_out416|       pointer|
|p_out417              |  out|   19|      ap_vld|                                       p_out417|       pointer|
|p_out417_ap_vld       |  out|    1|      ap_vld|                                       p_out417|       pointer|
|p_out418              |  out|   19|      ap_vld|                                       p_out418|       pointer|
|p_out418_ap_vld       |  out|    1|      ap_vld|                                       p_out418|       pointer|
|p_out419              |  out|   19|      ap_vld|                                       p_out419|       pointer|
|p_out419_ap_vld       |  out|    1|      ap_vld|                                       p_out419|       pointer|
|p_out420              |  out|   19|      ap_vld|                                       p_out420|       pointer|
|p_out420_ap_vld       |  out|    1|      ap_vld|                                       p_out420|       pointer|
|p_out421              |  out|   19|      ap_vld|                                       p_out421|       pointer|
|p_out421_ap_vld       |  out|    1|      ap_vld|                                       p_out421|       pointer|
|p_out422              |  out|   19|      ap_vld|                                       p_out422|       pointer|
|p_out422_ap_vld       |  out|    1|      ap_vld|                                       p_out422|       pointer|
|p_out423              |  out|   19|      ap_vld|                                       p_out423|       pointer|
|p_out423_ap_vld       |  out|    1|      ap_vld|                                       p_out423|       pointer|
|p_out424              |  out|   19|      ap_vld|                                       p_out424|       pointer|
|p_out424_ap_vld       |  out|    1|      ap_vld|                                       p_out424|       pointer|
|p_out425              |  out|   19|      ap_vld|                                       p_out425|       pointer|
|p_out425_ap_vld       |  out|    1|      ap_vld|                                       p_out425|       pointer|
|p_out426              |  out|   19|      ap_vld|                                       p_out426|       pointer|
|p_out426_ap_vld       |  out|    1|      ap_vld|                                       p_out426|       pointer|
|p_out427              |  out|   19|      ap_vld|                                       p_out427|       pointer|
|p_out427_ap_vld       |  out|    1|      ap_vld|                                       p_out427|       pointer|
|p_out428              |  out|   19|      ap_vld|                                       p_out428|       pointer|
|p_out428_ap_vld       |  out|    1|      ap_vld|                                       p_out428|       pointer|
|p_out429              |  out|   19|      ap_vld|                                       p_out429|       pointer|
|p_out429_ap_vld       |  out|    1|      ap_vld|                                       p_out429|       pointer|
|p_out430              |  out|   19|      ap_vld|                                       p_out430|       pointer|
|p_out430_ap_vld       |  out|    1|      ap_vld|                                       p_out430|       pointer|
|p_out431              |  out|   19|      ap_vld|                                       p_out431|       pointer|
|p_out431_ap_vld       |  out|    1|      ap_vld|                                       p_out431|       pointer|
|p_out432              |  out|   19|      ap_vld|                                       p_out432|       pointer|
|p_out432_ap_vld       |  out|    1|      ap_vld|                                       p_out432|       pointer|
|p_out433              |  out|   19|      ap_vld|                                       p_out433|       pointer|
|p_out433_ap_vld       |  out|    1|      ap_vld|                                       p_out433|       pointer|
|p_out434              |  out|   19|      ap_vld|                                       p_out434|       pointer|
|p_out434_ap_vld       |  out|    1|      ap_vld|                                       p_out434|       pointer|
|p_out435              |  out|   19|      ap_vld|                                       p_out435|       pointer|
|p_out435_ap_vld       |  out|    1|      ap_vld|                                       p_out435|       pointer|
|p_out436              |  out|   19|      ap_vld|                                       p_out436|       pointer|
|p_out436_ap_vld       |  out|    1|      ap_vld|                                       p_out436|       pointer|
|p_out437              |  out|   19|      ap_vld|                                       p_out437|       pointer|
|p_out437_ap_vld       |  out|    1|      ap_vld|                                       p_out437|       pointer|
|p_out438              |  out|   19|      ap_vld|                                       p_out438|       pointer|
|p_out438_ap_vld       |  out|    1|      ap_vld|                                       p_out438|       pointer|
|p_out439              |  out|   19|      ap_vld|                                       p_out439|       pointer|
|p_out439_ap_vld       |  out|    1|      ap_vld|                                       p_out439|       pointer|
|p_out440              |  out|   19|      ap_vld|                                       p_out440|       pointer|
|p_out440_ap_vld       |  out|    1|      ap_vld|                                       p_out440|       pointer|
|p_out441              |  out|   19|      ap_vld|                                       p_out441|       pointer|
|p_out441_ap_vld       |  out|    1|      ap_vld|                                       p_out441|       pointer|
|p_out442              |  out|   19|      ap_vld|                                       p_out442|       pointer|
|p_out442_ap_vld       |  out|    1|      ap_vld|                                       p_out442|       pointer|
|p_out443              |  out|   19|      ap_vld|                                       p_out443|       pointer|
|p_out443_ap_vld       |  out|    1|      ap_vld|                                       p_out443|       pointer|
|p_out444              |  out|   19|      ap_vld|                                       p_out444|       pointer|
|p_out444_ap_vld       |  out|    1|      ap_vld|                                       p_out444|       pointer|
|p_out445              |  out|   19|      ap_vld|                                       p_out445|       pointer|
|p_out445_ap_vld       |  out|    1|      ap_vld|                                       p_out445|       pointer|
|p_out446              |  out|   19|      ap_vld|                                       p_out446|       pointer|
|p_out446_ap_vld       |  out|    1|      ap_vld|                                       p_out446|       pointer|
|p_out447              |  out|   19|      ap_vld|                                       p_out447|       pointer|
|p_out447_ap_vld       |  out|    1|      ap_vld|                                       p_out447|       pointer|
|p_out448              |  out|   19|      ap_vld|                                       p_out448|       pointer|
|p_out448_ap_vld       |  out|    1|      ap_vld|                                       p_out448|       pointer|
|p_out449              |  out|   19|      ap_vld|                                       p_out449|       pointer|
|p_out449_ap_vld       |  out|    1|      ap_vld|                                       p_out449|       pointer|
|p_out450              |  out|   19|      ap_vld|                                       p_out450|       pointer|
|p_out450_ap_vld       |  out|    1|      ap_vld|                                       p_out450|       pointer|
|p_out451              |  out|   19|      ap_vld|                                       p_out451|       pointer|
|p_out451_ap_vld       |  out|    1|      ap_vld|                                       p_out451|       pointer|
|p_out452              |  out|   19|      ap_vld|                                       p_out452|       pointer|
|p_out452_ap_vld       |  out|    1|      ap_vld|                                       p_out452|       pointer|
|p_out453              |  out|   19|      ap_vld|                                       p_out453|       pointer|
|p_out453_ap_vld       |  out|    1|      ap_vld|                                       p_out453|       pointer|
|p_out454              |  out|   19|      ap_vld|                                       p_out454|       pointer|
|p_out454_ap_vld       |  out|    1|      ap_vld|                                       p_out454|       pointer|
|p_out455              |  out|   19|      ap_vld|                                       p_out455|       pointer|
|p_out455_ap_vld       |  out|    1|      ap_vld|                                       p_out455|       pointer|
|p_out456              |  out|   19|      ap_vld|                                       p_out456|       pointer|
|p_out456_ap_vld       |  out|    1|      ap_vld|                                       p_out456|       pointer|
|p_out457              |  out|   19|      ap_vld|                                       p_out457|       pointer|
|p_out457_ap_vld       |  out|    1|      ap_vld|                                       p_out457|       pointer|
|p_out458              |  out|   19|      ap_vld|                                       p_out458|       pointer|
|p_out458_ap_vld       |  out|    1|      ap_vld|                                       p_out458|       pointer|
|p_out459              |  out|   19|      ap_vld|                                       p_out459|       pointer|
|p_out459_ap_vld       |  out|    1|      ap_vld|                                       p_out459|       pointer|
|p_out460              |  out|   19|      ap_vld|                                       p_out460|       pointer|
|p_out460_ap_vld       |  out|    1|      ap_vld|                                       p_out460|       pointer|
|p_out461              |  out|   19|      ap_vld|                                       p_out461|       pointer|
|p_out461_ap_vld       |  out|    1|      ap_vld|                                       p_out461|       pointer|
|p_out462              |  out|   19|      ap_vld|                                       p_out462|       pointer|
|p_out462_ap_vld       |  out|    1|      ap_vld|                                       p_out462|       pointer|
|p_out463              |  out|   19|      ap_vld|                                       p_out463|       pointer|
|p_out463_ap_vld       |  out|    1|      ap_vld|                                       p_out463|       pointer|
|p_out464              |  out|   19|      ap_vld|                                       p_out464|       pointer|
|p_out464_ap_vld       |  out|    1|      ap_vld|                                       p_out464|       pointer|
|p_out465              |  out|   19|      ap_vld|                                       p_out465|       pointer|
|p_out465_ap_vld       |  out|    1|      ap_vld|                                       p_out465|       pointer|
|p_out466              |  out|   19|      ap_vld|                                       p_out466|       pointer|
|p_out466_ap_vld       |  out|    1|      ap_vld|                                       p_out466|       pointer|
|p_out467              |  out|   19|      ap_vld|                                       p_out467|       pointer|
|p_out467_ap_vld       |  out|    1|      ap_vld|                                       p_out467|       pointer|
|p_out468              |  out|   19|      ap_vld|                                       p_out468|       pointer|
|p_out468_ap_vld       |  out|    1|      ap_vld|                                       p_out468|       pointer|
|p_out469              |  out|   19|      ap_vld|                                       p_out469|       pointer|
|p_out469_ap_vld       |  out|    1|      ap_vld|                                       p_out469|       pointer|
|p_out470              |  out|   19|      ap_vld|                                       p_out470|       pointer|
|p_out470_ap_vld       |  out|    1|      ap_vld|                                       p_out470|       pointer|
|p_out471              |  out|   19|      ap_vld|                                       p_out471|       pointer|
|p_out471_ap_vld       |  out|    1|      ap_vld|                                       p_out471|       pointer|
|p_out472              |  out|   19|      ap_vld|                                       p_out472|       pointer|
|p_out472_ap_vld       |  out|    1|      ap_vld|                                       p_out472|       pointer|
|p_out473              |  out|   19|      ap_vld|                                       p_out473|       pointer|
|p_out473_ap_vld       |  out|    1|      ap_vld|                                       p_out473|       pointer|
|p_out474              |  out|   19|      ap_vld|                                       p_out474|       pointer|
|p_out474_ap_vld       |  out|    1|      ap_vld|                                       p_out474|       pointer|
|p_out475              |  out|   19|      ap_vld|                                       p_out475|       pointer|
|p_out475_ap_vld       |  out|    1|      ap_vld|                                       p_out475|       pointer|
|p_out476              |  out|   19|      ap_vld|                                       p_out476|       pointer|
|p_out476_ap_vld       |  out|    1|      ap_vld|                                       p_out476|       pointer|
|p_out477              |  out|   19|      ap_vld|                                       p_out477|       pointer|
|p_out477_ap_vld       |  out|    1|      ap_vld|                                       p_out477|       pointer|
|p_out478              |  out|   19|      ap_vld|                                       p_out478|       pointer|
|p_out478_ap_vld       |  out|    1|      ap_vld|                                       p_out478|       pointer|
|p_out479              |  out|   19|      ap_vld|                                       p_out479|       pointer|
|p_out479_ap_vld       |  out|    1|      ap_vld|                                       p_out479|       pointer|
|p_out480              |  out|   19|      ap_vld|                                       p_out480|       pointer|
|p_out480_ap_vld       |  out|    1|      ap_vld|                                       p_out480|       pointer|
|p_out481              |  out|   19|      ap_vld|                                       p_out481|       pointer|
|p_out481_ap_vld       |  out|    1|      ap_vld|                                       p_out481|       pointer|
|p_out482              |  out|   19|      ap_vld|                                       p_out482|       pointer|
|p_out482_ap_vld       |  out|    1|      ap_vld|                                       p_out482|       pointer|
|p_out483              |  out|   19|      ap_vld|                                       p_out483|       pointer|
|p_out483_ap_vld       |  out|    1|      ap_vld|                                       p_out483|       pointer|
|p_out484              |  out|   19|      ap_vld|                                       p_out484|       pointer|
|p_out484_ap_vld       |  out|    1|      ap_vld|                                       p_out484|       pointer|
|p_out485              |  out|   19|      ap_vld|                                       p_out485|       pointer|
|p_out485_ap_vld       |  out|    1|      ap_vld|                                       p_out485|       pointer|
|p_out486              |  out|   19|      ap_vld|                                       p_out486|       pointer|
|p_out486_ap_vld       |  out|    1|      ap_vld|                                       p_out486|       pointer|
|p_out487              |  out|   19|      ap_vld|                                       p_out487|       pointer|
|p_out487_ap_vld       |  out|    1|      ap_vld|                                       p_out487|       pointer|
|p_out488              |  out|   19|      ap_vld|                                       p_out488|       pointer|
|p_out488_ap_vld       |  out|    1|      ap_vld|                                       p_out488|       pointer|
|p_out489              |  out|   19|      ap_vld|                                       p_out489|       pointer|
|p_out489_ap_vld       |  out|    1|      ap_vld|                                       p_out489|       pointer|
|p_out490              |  out|   19|      ap_vld|                                       p_out490|       pointer|
|p_out490_ap_vld       |  out|    1|      ap_vld|                                       p_out490|       pointer|
|p_out491              |  out|   19|      ap_vld|                                       p_out491|       pointer|
|p_out491_ap_vld       |  out|    1|      ap_vld|                                       p_out491|       pointer|
|p_out492              |  out|   19|      ap_vld|                                       p_out492|       pointer|
|p_out492_ap_vld       |  out|    1|      ap_vld|                                       p_out492|       pointer|
|p_out493              |  out|   19|      ap_vld|                                       p_out493|       pointer|
|p_out493_ap_vld       |  out|    1|      ap_vld|                                       p_out493|       pointer|
|p_out494              |  out|   19|      ap_vld|                                       p_out494|       pointer|
|p_out494_ap_vld       |  out|    1|      ap_vld|                                       p_out494|       pointer|
|p_out495              |  out|   19|      ap_vld|                                       p_out495|       pointer|
|p_out495_ap_vld       |  out|    1|      ap_vld|                                       p_out495|       pointer|
|p_out496              |  out|   19|      ap_vld|                                       p_out496|       pointer|
|p_out496_ap_vld       |  out|    1|      ap_vld|                                       p_out496|       pointer|
|p_out497              |  out|   19|      ap_vld|                                       p_out497|       pointer|
|p_out497_ap_vld       |  out|    1|      ap_vld|                                       p_out497|       pointer|
|p_out498              |  out|   19|      ap_vld|                                       p_out498|       pointer|
|p_out498_ap_vld       |  out|    1|      ap_vld|                                       p_out498|       pointer|
|p_out499              |  out|   19|      ap_vld|                                       p_out499|       pointer|
|p_out499_ap_vld       |  out|    1|      ap_vld|                                       p_out499|       pointer|
|p_out500              |  out|   19|      ap_vld|                                       p_out500|       pointer|
|p_out500_ap_vld       |  out|    1|      ap_vld|                                       p_out500|       pointer|
|p_out501              |  out|   19|      ap_vld|                                       p_out501|       pointer|
|p_out501_ap_vld       |  out|    1|      ap_vld|                                       p_out501|       pointer|
|p_out502              |  out|   19|      ap_vld|                                       p_out502|       pointer|
|p_out502_ap_vld       |  out|    1|      ap_vld|                                       p_out502|       pointer|
|p_out503              |  out|   19|      ap_vld|                                       p_out503|       pointer|
|p_out503_ap_vld       |  out|    1|      ap_vld|                                       p_out503|       pointer|
|p_out504              |  out|   19|      ap_vld|                                       p_out504|       pointer|
|p_out504_ap_vld       |  out|    1|      ap_vld|                                       p_out504|       pointer|
|p_out505              |  out|   19|      ap_vld|                                       p_out505|       pointer|
|p_out505_ap_vld       |  out|    1|      ap_vld|                                       p_out505|       pointer|
|p_out506              |  out|   19|      ap_vld|                                       p_out506|       pointer|
|p_out506_ap_vld       |  out|    1|      ap_vld|                                       p_out506|       pointer|
|p_out507              |  out|   19|      ap_vld|                                       p_out507|       pointer|
|p_out507_ap_vld       |  out|    1|      ap_vld|                                       p_out507|       pointer|
|p_out508              |  out|   19|      ap_vld|                                       p_out508|       pointer|
|p_out508_ap_vld       |  out|    1|      ap_vld|                                       p_out508|       pointer|
|p_out509              |  out|   19|      ap_vld|                                       p_out509|       pointer|
|p_out509_ap_vld       |  out|    1|      ap_vld|                                       p_out509|       pointer|
|p_out510              |  out|   19|      ap_vld|                                       p_out510|       pointer|
|p_out510_ap_vld       |  out|    1|      ap_vld|                                       p_out510|       pointer|
|p_out511              |  out|   19|      ap_vld|                                       p_out511|       pointer|
|p_out511_ap_vld       |  out|    1|      ap_vld|                                       p_out511|       pointer|
+----------------------+-----+-----+------------+-----------------------------------------------+--------------+

