==============================================================
Vitis HLS - High-Level Synthesis from C, C++ and OpenCL v2024.2 (64-bit)
Tool Version Limit: 2024.11
Copyright 1986-2022 Xilinx, Inc. All Rights Reserved.
Copyright 2022-2024 Advanced Micro Devices, Inc. All Rights Reserved.

==============================================================
INFO: [HLS 200-1505] Using flow_target 'vivado'
INFO: [HLS 200-1510] Running: set_part xc7z020clg400-1 
INFO: [HLS 200-1510] Running: create_clock -period 10 -name default 
INFO: [SYN 201-201] Setting up clock 'default' with a period of 10ns.
INFO: [HLS 200-1510] Running: csynth_design 
INFO: [HLS 200-111] Finished File checks and directory preparation: CPU user time: 0 seconds. CPU system time: 0 seconds. Elapsed time: 0.049 seconds; current allocated memory: 8.118 GB.
INFO: [HLS 200-10] Analyzing design file 'mac_array.cpp' ... 
INFO: [HLS 200-111] Finished Source Code Analysis and Preprocessing: CPU user time: 0 seconds. CPU system time: 0 seconds. Elapsed time: 1.922 seconds; current allocated memory: 8.118 GB.
INFO: [HLS 200-777] Using interface defaults for 'Vivado' flow target.
INFO: [HLS 200-1995] There were 1,380 instructions in the design after the 'Compile/Link' phase of compilation. See the Design Size Report for more details: E:/codes/microzed/fastvit_hls/fastvit_ip_v2/mac_array_poc_u128/solution1/syn/report/csynth_design_size.rpt
INFO: [HLS 200-1995] There were 21,668 instructions in the design after the 'Unroll/Inline (step 1)' phase of compilation. See the Design Size Report for more details: E:/codes/microzed/fastvit_hls/fastvit_ip_v2/mac_array_poc_u128/solution1/syn/report/csynth_design_size.rpt
INFO: [HLS 200-1995] There were 15,065 instructions in the design after the 'Unroll/Inline (step 2)' phase of compilation. See the Design Size Report for more details: E:/codes/microzed/fastvit_hls/fastvit_ip_v2/mac_array_poc_u128/solution1/syn/report/csynth_design_size.rpt
INFO: [HLS 200-1995] There were 13,532 instructions in the design after the 'Unroll/Inline (step 3)' phase of compilation. See the Design Size Report for more details: E:/codes/microzed/fastvit_hls/fastvit_ip_v2/mac_array_poc_u128/solution1/syn/report/csynth_design_size.rpt
INFO: [HLS 200-1995] There were 13,270 instructions in the design after the 'Unroll/Inline (step 4)' phase of compilation. See the Design Size Report for more details: E:/codes/microzed/fastvit_hls/fastvit_ip_v2/mac_array_poc_u128/solution1/syn/report/csynth_design_size.rpt
WARNING: [HLS 200-1995] There were 176,728 instructions in the design after the 'Array/Struct' phase of compilation. See the Design Size Report for more details: E:/codes/microzed/fastvit_hls/fastvit_ip_v2/mac_array_poc_u128/solution1/syn/report/csynth_design_size.rpt
INFO: [HLS 200-1995] There were 54,397 instructions in the design after the 'Array/Struct (step 2)' phase of compilation. See the Design Size Report for more details: E:/codes/microzed/fastvit_hls/fastvit_ip_v2/mac_array_poc_u128/solution1/syn/report/csynth_design_size.rpt
INFO: [HLS 200-1995] There were 54,502 instructions in the design after the 'Array/Struct (step 3)' phase of compilation. See the Design Size Report for more details: E:/codes/microzed/fastvit_hls/fastvit_ip_v2/mac_array_poc_u128/solution1/syn/report/csynth_design_size.rpt
INFO: [HLS 200-1995] There were 54,469 instructions in the design after the 'Array/Struct (step 4)' phase of compilation. See the Design Size Report for more details: E:/codes/microzed/fastvit_hls/fastvit_ip_v2/mac_array_poc_u128/solution1/syn/report/csynth_design_size.rpt
INFO: [HLS 200-1995] There were 64,412 instructions in the design after the 'Array/Struct (step 5)' phase of compilation. See the Design Size Report for more details: E:/codes/microzed/fastvit_hls/fastvit_ip_v2/mac_array_poc_u128/solution1/syn/report/csynth_design_size.rpt
INFO: [HLS 200-1995] There were 64,297 instructions in the design after the 'Performance' phase of compilation. See the Design Size Report for more details: E:/codes/microzed/fastvit_hls/fastvit_ip_v2/mac_array_poc_u128/solution1/syn/report/csynth_design_size.rpt
INFO: [HLS 200-1995] There were 54,623 instructions in the design after the 'Performance (step 2)' phase of compilation. See the Design Size Report for more details: E:/codes/microzed/fastvit_hls/fastvit_ip_v2/mac_array_poc_u128/solution1/syn/report/csynth_design_size.rpt
INFO: [HLS 200-1995] There were 54,352 instructions in the design after the 'Performance (step 3)' phase of compilation. See the Design Size Report for more details: E:/codes/microzed/fastvit_hls/fastvit_ip_v2/mac_array_poc_u128/solution1/syn/report/csynth_design_size.rpt
INFO: [HLS 200-1995] There were 54,352 instructions in the design after the 'Performance (step 4)' phase of compilation. See the Design Size Report for more details: E:/codes/microzed/fastvit_hls/fastvit_ip_v2/mac_array_poc_u128/solution1/syn/report/csynth_design_size.rpt
INFO: [HLS 200-1995] There were 52,464 instructions in the design after the 'HW Transforms' phase of compilation. See the Design Size Report for more details: E:/codes/microzed/fastvit_hls/fastvit_ip_v2/mac_array_poc_u128/solution1/syn/report/csynth_design_size.rpt
INFO: [HLS 200-1995] There were 44,064 instructions in the design after the 'HW Transforms (step 2)' phase of compilation. See the Design Size Report for more details: E:/codes/microzed/fastvit_hls/fastvit_ip_v2/mac_array_poc_u128/solution1/syn/report/csynth_design_size.rpt
INFO: [HLS 214-188] Unrolling loop 'COMPUTE' (mac_array.cpp:143:26) in function 'run_pwconv' partially with a factor of 128 (mac_array.cpp:104:0)
INFO: [HLS 214-188] Unrolling loop 'COMPUTE' (mac_array.cpp:77:26) in function 'run_dwconv' partially with a factor of 128 (mac_array.cpp:39:0)
WARNING: [HLS 214-450] Ignore address on register port 'b_base' (mac_array.cpp:61:31)
WARNING: [HLS 214-450] Ignore address on register port 'w_base' (mac_array.cpp:64:47)
WARNING: [HLS 214-450] Ignore address on register port 'in_base' (mac_array.cpp:71:35)
WARNING: [HLS 214-450] Ignore address on register port 'out_base' (mac_array.cpp:93:77)
WARNING: [HLS 214-450] Ignore address on register port 'in_base' (mac_array.cpp:132:47)
WARNING: [HLS 214-450] Ignore address on register port 'b_base' (mac_array.cpp:138:31)
WARNING: [HLS 214-450] Ignore address on register port 'w_base' (mac_array.cpp:140:39)
WARNING: [HLS 214-450] Ignore address on register port 'out_base' (mac_array.cpp:158:78)
WARNING: [HLS 214-450] Ignore address on register port 'out_written' (mac_array.cpp:180:24)
INFO: [HLS 214-248] Applying array_partition to 'patch': Complete partitioning on dimension 1. Complete partitioning on dimension 2. Complete partitioning on dimension 3. (mac_array.cpp:52:23)
INFO: [HLS 214-248] Applying array_partition to 'wtile': Complete partitioning on dimension 1. Complete partitioning on dimension 2. Complete partitioning on dimension 3. (mac_array.cpp:53:22)
INFO: [HLS 214-248] Applying array_partition to 'btile': Complete partitioning on dimension 1. (mac_array.cpp:54:23)
INFO: [HLS 214-248] Applying array_partition to 'patch': Complete partitioning on dimension 1. Complete partitioning on dimension 2. Complete partitioning on dimension 3. (mac_array.cpp:120:23)
INFO: [HLS 214-248] Applying array_partition to 'wtile': Complete partitioning on dimension 1. Complete partitioning on dimension 2. (mac_array.cpp:121:22)
INFO: [HLS 214-248] Applying array_partition to 'btile': Complete partitioning on dimension 1. (mac_array.cpp:122:23)
INFO: [HLS 214-241] Aggregating scalar variable 'desc' with compact=bit mode in 704-bits (mac_array.cpp:174:0)
WARNING: [HLS 214-450] Ignore address on register port 'desc' (mac_array.cpp:176:21)
INFO: [HLS 214-376] automatically set the pipeline for Loop< VITIS_LOOP_155_8> at mac_array.cpp:155:39 
INFO: [HLS 214-376] automatically set the pipeline for Loop< VITIS_LOOP_139_7> at mac_array.cpp:139:39 
INFO: [HLS 214-376] automatically set the pipeline for Loop< VITIS_LOOP_130_5> at mac_array.cpp:130:43 
INFO: [HLS 214-376] automatically set the pipeline for Loop< VITIS_LOOP_90_9> at mac_array.cpp:90:42 
INFO: [HLS 214-376] automatically set the pipeline for Loop< VITIS_LOOP_67_7> at mac_array.cpp:67:42 
INFO: [HLS 214-376] automatically set the pipeline for Loop< VITIS_LOOP_63_5> at mac_array.cpp:63:42 
INFO: [HLS 200-111] Finished Compiling Optimization and Transform: CPU user time: 2 seconds. CPU system time: 1 seconds. Elapsed time: 78.768 seconds; current allocated memory: 8.118 GB.
INFO: [HLS 200-111] Finished Checking Pragmas: CPU user time: 0 seconds. CPU system time: 0 seconds. Elapsed time: 0.001 seconds; current allocated memory: 8.118 GB.
INFO: [HLS 200-10] Starting code transformations ...
INFO: [HLS 200-111] Finished Standard Transforms: CPU user time: 5 seconds. CPU system time: 0 seconds. Elapsed time: 5.607 seconds; current allocated memory: 8.118 GB.
INFO: [HLS 200-10] Checking synthesizability ...
INFO: [HLS 200-111] Finished Checking Synthesizability: CPU user time: 5 seconds. CPU system time: 0 seconds. Elapsed time: 4.489 seconds; current allocated memory: 8.118 GB.
WARNING: [XFORM 203-561] Updating loop lower bound from 0 to 4 for loop 'COMPUTE' (mac_array.cpp:143:35) in function 'run_pwconv'.
WARNING: [XFORM 203-561] Updating loop lower bound from 0 to 4 for loop 'COMPUTE' (mac_array.cpp:77:35) in function 'run_dwconv'.
INFO: [XFORM 203-11] Balancing expressions in function 'run_dwconv' (mac_array.cpp:37)...3 expression(s) balanced.
INFO: [HLS 200-111] Finished Loop, function and other optimizations: CPU user time: 32 seconds. CPU system time: 0 seconds. Elapsed time: 32.903 seconds; current allocated memory: 8.118 GB.
INFO: [HLS 200-2061] Successfully converted nested loops 'VITIS_LOOP_128_4'(mac_array.cpp:128:39) and 'VITIS_LOOP_130_5'(mac_array.cpp:130:43) in function 'run_pwconv' into perfectly nested loops.
INFO: [HLS 200-2061] Successfully converted nested loops 'STAGE'(mac_array.cpp:127:9) and 'VITIS_LOOP_128_4'(mac_array.cpp:128:39) in function 'run_pwconv' into perfectly nested loops.
INFO: [HLS 200-2061] Successfully converted nested loops 'VITIS_LOOP_136_6'(mac_array.cpp:136:35) and 'VITIS_LOOP_139_7'(mac_array.cpp:139:39) in function 'run_pwconv' into perfectly nested loops.
INFO: [HLS 200-2061] Successfully converted nested loops 'VITIS_LOOP_62_4'(mac_array.cpp:62:38) and 'VITIS_LOOP_63_5'(mac_array.cpp:63:42) in function 'run_dwconv' into perfectly nested loops.
INFO: [HLS 200-2061] Successfully converted nested loops 'VITIS_LOOP_65_6'(mac_array.cpp:65:38) and 'VITIS_LOOP_67_7'(mac_array.cpp:67:42) in function 'run_dwconv' into perfectly nested loops.
INFO: [HLS 200-2061] Successfully converted nested loops 'VITIS_LOOP_89_8'(mac_array.cpp:89:38) and 'VITIS_LOOP_90_9'(mac_array.cpp:90:42) in function 'run_dwconv' into perfectly nested loops.
INFO: [HLS 200-2061] Successfully converted nested loops 'VITIS_LOOP_89_8'(mac_array.cpp:89:38) and 'VITIS_LOOP_90_9'(mac_array.cpp:90:42) in function 'run_dwconv' into perfectly nested loops.
INFO: [HLS 200-2061] Successfully converted nested loops 'VITIS_LOOP_89_8'(mac_array.cpp:89:38) and 'VITIS_LOOP_90_9'(mac_array.cpp:90:42) in function 'run_dwconv' into perfectly nested loops.
INFO: [HLS 200-2061] Successfully converted nested loops 'VITIS_LOOP_89_8'(mac_array.cpp:89:38) and 'VITIS_LOOP_90_9'(mac_array.cpp:90:42) in function 'run_dwconv' into perfectly nested loops.
INFO: [HLS 200-2061] Successfully converted nested loops 'VITIS_LOOP_89_8'(mac_array.cpp:89:38) and 'VITIS_LOOP_90_9'(mac_array.cpp:90:42) in function 'run_dwconv' into perfectly nested loops.
INFO: [HLS 200-2061] Successfully converted nested loops 'VITIS_LOOP_89_8'(mac_array.cpp:89:38) and 'VITIS_LOOP_90_9'(mac_array.cpp:90:42) in function 'run_dwconv' into perfectly nested loops.
INFO: [HLS 200-2061] Successfully converted nested loops 'VITIS_LOOP_89_8'(mac_array.cpp:89:38) and 'VITIS_LOOP_90_9'(mac_array.cpp:90:42) in function 'run_dwconv' into perfectly nested loops.
INFO: [HLS 200-2061] Successfully converted nested loops 'VITIS_LOOP_89_8'(mac_array.cpp:89:38) and 'VITIS_LOOP_90_9'(mac_array.cpp:90:42) in function 'run_dwconv' into perfectly nested loops.
INFO: [HLS 200-2061] Successfully converted nested loops 'VITIS_LOOP_89_8'(mac_array.cpp:89:38) and 'VITIS_LOOP_90_9'(mac_array.cpp:90:42) in function 'run_dwconv' into perfectly nested loops.
INFO: [HLS 200-2061] Successfully converted nested loops 'VITIS_LOOP_89_8'(mac_array.cpp:89:38) and 'VITIS_LOOP_90_9'(mac_array.cpp:90:42) in function 'run_dwconv' into perfectly nested loops.
INFO: [HLS 200-2061] Successfully converted nested loops 'VITIS_LOOP_89_8'(mac_array.cpp:89:38) and 'VITIS_LOOP_90_9'(mac_array.cpp:90:42) in function 'run_dwconv' into perfectly nested loops.
INFO: [HLS 200-2061] Successfully converted nested loops 'VITIS_LOOP_89_8'(mac_array.cpp:89:38) and 'VITIS_LOOP_90_9'(mac_array.cpp:90:42) in function 'run_dwconv' into perfectly nested loops.
INFO: [HLS 200-2061] Successfully converted nested loops 'VITIS_LOOP_89_8'(mac_array.cpp:89:38) and 'VITIS_LOOP_90_9'(mac_array.cpp:90:42) in function 'run_dwconv' into perfectly nested loops.
INFO: [HLS 200-2061] Successfully converted nested loops 'VITIS_LOOP_89_8'(mac_array.cpp:89:38) and 'VITIS_LOOP_90_9'(mac_array.cpp:90:42) in function 'run_dwconv' into perfectly nested loops.
INFO: [HLS 200-2061] Successfully converted nested loops 'VITIS_LOOP_89_8'(mac_array.cpp:89:38) and 'VITIS_LOOP_90_9'(mac_array.cpp:90:42) in function 'run_dwconv' into perfectly nested loops.
INFO: [HLS 200-2061] Successfully converted nested loops 'VITIS_LOOP_89_8'(mac_array.cpp:89:38) and 'VITIS_LOOP_90_9'(mac_array.cpp:90:42) in function 'run_dwconv' into perfectly nested loops.
INFO: [HLS 200-2061] Successfully converted nested loops 'VITIS_LOOP_89_8'(mac_array.cpp:89:38) and 'VITIS_LOOP_90_9'(mac_array.cpp:90:42) in function 'run_dwconv' into perfectly nested loops.
INFO: [HLS 200-2061] Successfully converted nested loops 'VITIS_LOOP_89_8'(mac_array.cpp:89:38) and 'VITIS_LOOP_90_9'(mac_array.cpp:90:42) in function 'run_dwconv' into perfectly nested loops.
INFO: [HLS 200-2061] Successfully converted nested loops 'VITIS_LOOP_89_8'(mac_array.cpp:89:38) and 'VITIS_LOOP_90_9'(mac_array.cpp:90:42) in function 'run_dwconv' into perfectly nested loops.
INFO: [HLS 200-2061] Successfully converted nested loops 'VITIS_LOOP_89_8'(mac_array.cpp:89:38) and 'VITIS_LOOP_90_9'(mac_array.cpp:90:42) in function 'run_dwconv' into perfectly nested loops.
INFO: [HLS 200-2061] Successfully converted nested loops 'VITIS_LOOP_89_8'(mac_array.cpp:89:38) and 'VITIS_LOOP_90_9'(mac_array.cpp:90:42) in function 'run_dwconv' into perfectly nested loops.
INFO: [HLS 200-2061] Successfully converted nested loops 'VITIS_LOOP_89_8'(mac_array.cpp:89:38) and 'VITIS_LOOP_90_9'(mac_array.cpp:90:42) in function 'run_dwconv' into perfectly nested loops.
INFO: [HLS 200-2061] Successfully converted nested loops 'VITIS_LOOP_89_8'(mac_array.cpp:89:38) and 'VITIS_LOOP_90_9'(mac_array.cpp:90:42) in function 'run_dwconv' into perfectly nested loops.
INFO: [HLS 200-2061] Successfully converted nested loops 'VITIS_LOOP_89_8'(mac_array.cpp:89:38) and 'VITIS_LOOP_90_9'(mac_array.cpp:90:42) in function 'run_dwconv' into perfectly nested loops.
INFO: [HLS 200-2061] Successfully converted nested loops 'VITIS_LOOP_89_8'(mac_array.cpp:89:38) and 'VITIS_LOOP_90_9'(mac_array.cpp:90:42) in function 'run_dwconv' into perfectly nested loops.
INFO: [HLS 200-2061] Successfully converted nested loops 'VITIS_LOOP_89_8'(mac_array.cpp:89:38) and 'VITIS_LOOP_90_9'(mac_array.cpp:90:42) in function 'run_dwconv' into perfectly nested loops.
INFO: [HLS 200-2061] Successfully converted nested loops 'VITIS_LOOP_89_8'(mac_array.cpp:89:38) and 'VITIS_LOOP_90_9'(mac_array.cpp:90:42) in function 'run_dwconv' into perfectly nested loops.
INFO: [HLS 200-2061] Successfully converted nested loops 'VITIS_LOOP_89_8'(mac_array.cpp:89:38) and 'VITIS_LOOP_90_9'(mac_array.cpp:90:42) in function 'run_dwconv' into perfectly nested loops.
INFO: [HLS 200-2061] Successfully converted nested loops 'VITIS_LOOP_89_8'(mac_array.cpp:89:38) and 'VITIS_LOOP_90_9'(mac_array.cpp:90:42) in function 'run_dwconv' into perfectly nested loops.
INFO: [HLS 200-2061] Successfully converted nested loops 'VITIS_LOOP_89_8'(mac_array.cpp:89:38) and 'VITIS_LOOP_90_9'(mac_array.cpp:90:42) in function 'run_dwconv' into perfectly nested loops.
INFO: [HLS 200-2061] Successfully converted nested loops 'VITIS_LOOP_89_8'(mac_array.cpp:89:38) and 'VITIS_LOOP_90_9'(mac_array.cpp:90:42) in function 'run_dwconv' into perfectly nested loops.
INFO: [HLS 200-2061] Successfully converted nested loops 'VITIS_LOOP_89_8'(mac_array.cpp:89:38) and 'VITIS_LOOP_90_9'(mac_array.cpp:90:42) in function 'run_dwconv' into perfectly nested loops.
INFO: [HLS 200-2061] Successfully converted nested loops 'VITIS_LOOP_89_8'(mac_array.cpp:89:38) and 'VITIS_LOOP_90_9'(mac_array.cpp:90:42) in function 'run_dwconv' into perfectly nested loops.
INFO: [HLS 200-2061] Successfully converted nested loops 'VITIS_LOOP_89_8'(mac_array.cpp:89:38) and 'VITIS_LOOP_90_9'(mac_array.cpp:90:42) in function 'run_dwconv' into perfectly nested loops.
INFO: [HLS 200-2061] Successfully converted nested loops 'VITIS_LOOP_89_8'(mac_array.cpp:89:38) and 'VITIS_LOOP_90_9'(mac_array.cpp:90:42) in function 'run_dwconv' into perfectly nested loops.
INFO: [HLS 200-2061] Successfully converted nested loops 'VITIS_LOOP_89_8'(mac_array.cpp:89:38) and 'VITIS_LOOP_90_9'(mac_array.cpp:90:42) in function 'run_dwconv' into perfectly nested loops.
INFO: [HLS 200-2061] Successfully converted nested loops 'VITIS_LOOP_89_8'(mac_array.cpp:89:38) and 'VITIS_LOOP_90_9'(mac_array.cpp:90:42) in function 'run_dwconv' into perfectly nested loops.
INFO: [HLS 200-2061] Successfully converted nested loops 'VITIS_LOOP_89_8'(mac_array.cpp:89:38) and 'VITIS_LOOP_90_9'(mac_array.cpp:90:42) in function 'run_dwconv' into perfectly nested loops.
INFO: [HLS 200-2061] Successfully converted nested loops 'VITIS_LOOP_89_8'(mac_array.cpp:89:38) and 'VITIS_LOOP_90_9'(mac_array.cpp:90:42) in function 'run_dwconv' into perfectly nested loops.
INFO: [HLS 200-2061] Successfully converted nested loops 'VITIS_LOOP_89_8'(mac_array.cpp:89:38) and 'VITIS_LOOP_90_9'(mac_array.cpp:90:42) in function 'run_dwconv' into perfectly nested loops.
INFO: [HLS 200-2061] Successfully converted nested loops 'VITIS_LOOP_89_8'(mac_array.cpp:89:38) and 'VITIS_LOOP_90_9'(mac_array.cpp:90:42) in function 'run_dwconv' into perfectly nested loops.
INFO: [HLS 200-2061] Successfully converted nested loops 'VITIS_LOOP_89_8'(mac_array.cpp:89:38) and 'VITIS_LOOP_90_9'(mac_array.cpp:90:42) in function 'run_dwconv' into perfectly nested loops.
INFO: [HLS 200-2061] Successfully converted nested loops 'VITIS_LOOP_89_8'(mac_array.cpp:89:38) and 'VITIS_LOOP_90_9'(mac_array.cpp:90:42) in function 'run_dwconv' into perfectly nested loops.
INFO: [HLS 200-2061] Successfully converted nested loops 'VITIS_LOOP_89_8'(mac_array.cpp:89:38) and 'VITIS_LOOP_90_9'(mac_array.cpp:90:42) in function 'run_dwconv' into perfectly nested loops.
INFO: [HLS 200-2061] Successfully converted nested loops 'VITIS_LOOP_89_8'(mac_array.cpp:89:38) and 'VITIS_LOOP_90_9'(mac_array.cpp:90:42) in function 'run_dwconv' into perfectly nested loops.
INFO: [HLS 200-2061] Successfully converted nested loops 'VITIS_LOOP_89_8'(mac_array.cpp:89:38) and 'VITIS_LOOP_90_9'(mac_array.cpp:90:42) in function 'run_dwconv' into perfectly nested loops.
INFO: [HLS 200-2061] Successfully converted nested loops 'VITIS_LOOP_89_8'(mac_array.cpp:89:38) and 'VITIS_LOOP_90_9'(mac_array.cpp:90:42) in function 'run_dwconv' into perfectly nested loops.
INFO: [HLS 200-2061] Successfully converted nested loops 'VITIS_LOOP_89_8'(mac_array.cpp:89:38) and 'VITIS_LOOP_90_9'(mac_array.cpp:90:42) in function 'run_dwconv' into perfectly nested loops.
INFO: [HLS 200-2061] Successfully converted nested loops 'VITIS_LOOP_89_8'(mac_array.cpp:89:38) and 'VITIS_LOOP_90_9'(mac_array.cpp:90:42) in function 'run_dwconv' into perfectly nested loops.
INFO: [HLS 200-2061] Successfully converted nested loops 'VITIS_LOOP_89_8'(mac_array.cpp:89:38) and 'VITIS_LOOP_90_9'(mac_array.cpp:90:42) in function 'run_dwconv' into perfectly nested loops.
INFO: [HLS 200-2061] Successfully converted nested loops 'VITIS_LOOP_89_8'(mac_array.cpp:89:38) and 'VITIS_LOOP_90_9'(mac_array.cpp:90:42) in function 'run_dwconv' into perfectly nested loops.
INFO: [HLS 200-2061] Successfully converted nested loops 'VITIS_LOOP_89_8'(mac_array.cpp:89:38) and 'VITIS_LOOP_90_9'(mac_array.cpp:90:42) in function 'run_dwconv' into perfectly nested loops.
INFO: [HLS 200-2061] Successfully converted nested loops 'VITIS_LOOP_89_8'(mac_array.cpp:89:38) and 'VITIS_LOOP_90_9'(mac_array.cpp:90:42) in function 'run_dwconv' into perfectly nested loops.
INFO: [HLS 200-2061] Successfully converted nested loops 'VITIS_LOOP_89_8'(mac_array.cpp:89:38) and 'VITIS_LOOP_90_9'(mac_array.cpp:90:42) in function 'run_dwconv' into perfectly nested loops.
INFO: [HLS 200-2061] Successfully converted nested loops 'VITIS_LOOP_89_8'(mac_array.cpp:89:38) and 'VITIS_LOOP_90_9'(mac_array.cpp:90:42) in function 'run_dwconv' into perfectly nested loops.
INFO: [HLS 200-2061] Successfully converted nested loops 'VITIS_LOOP_89_8'(mac_array.cpp:89:38) and 'VITIS_LOOP_90_9'(mac_array.cpp:90:42) in function 'run_dwconv' into perfectly nested loops.
INFO: [HLS 200-2061] Successfully converted nested loops 'VITIS_LOOP_89_8'(mac_array.cpp:89:38) and 'VITIS_LOOP_90_9'(mac_array.cpp:90:42) in function 'run_dwconv' into perfectly nested loops.
INFO: [HLS 200-2061] Successfully converted nested loops 'VITIS_LOOP_89_8'(mac_array.cpp:89:38) and 'VITIS_LOOP_90_9'(mac_array.cpp:90:42) in function 'run_dwconv' into perfectly nested loops.
INFO: [HLS 200-2061] Successfully converted nested loops 'VITIS_LOOP_89_8'(mac_array.cpp:89:38) and 'VITIS_LOOP_90_9'(mac_array.cpp:90:42) in function 'run_dwconv' into perfectly nested loops.
INFO: [HLS 200-2061] Successfully converted nested loops 'VITIS_LOOP_89_8'(mac_array.cpp:89:38) and 'VITIS_LOOP_90_9'(mac_array.cpp:90:42) in function 'run_dwconv' into perfectly nested loops.
INFO: [HLS 200-2061] Successfully converted nested loops 'VITIS_LOOP_89_8'(mac_array.cpp:89:38) and 'VITIS_LOOP_90_9'(mac_array.cpp:90:42) in function 'run_dwconv' into perfectly nested loops.
INFO: [HLS 200-2061] Successfully converted nested loops 'VITIS_LOOP_89_8'(mac_array.cpp:89:38) and 'VITIS_LOOP_90_9'(mac_array.cpp:90:42) in function 'run_dwconv' into perfectly nested loops.
INFO: [HLS 200-2061] Successfully converted nested loops 'VITIS_LOOP_89_8'(mac_array.cpp:89:38) and 'VITIS_LOOP_90_9'(mac_array.cpp:90:42) in function 'run_dwconv' into perfectly nested loops.
INFO: [HLS 200-2061] Successfully converted nested loops 'VITIS_LOOP_89_8'(mac_array.cpp:89:38) and 'VITIS_LOOP_90_9'(mac_array.cpp:90:42) in function 'run_dwconv' into perfectly nested loops.
INFO: [HLS 200-2061] Successfully converted nested loops 'VITIS_LOOP_89_8'(mac_array.cpp:89:38) and 'VITIS_LOOP_90_9'(mac_array.cpp:90:42) in function 'run_dwconv' into perfectly nested loops.
INFO: [HLS 200-2061] Successfully converted nested loops 'VITIS_LOOP_89_8'(mac_array.cpp:89:38) and 'VITIS_LOOP_90_9'(mac_array.cpp:90:42) in function 'run_dwconv' into perfectly nested loops.
INFO: [HLS 200-2061] Successfully converted nested loops 'VITIS_LOOP_89_8'(mac_array.cpp:89:38) and 'VITIS_LOOP_90_9'(mac_array.cpp:90:42) in function 'run_dwconv' into perfectly nested loops.
INFO: [HLS 200-2061] Successfully converted nested loops 'VITIS_LOOP_89_8'(mac_array.cpp:89:38) and 'VITIS_LOOP_90_9'(mac_array.cpp:90:42) in function 'run_dwconv' into perfectly nested loops.
INFO: [HLS 200-2061] Successfully converted nested loops 'VITIS_LOOP_89_8'(mac_array.cpp:89:38) and 'VITIS_LOOP_90_9'(mac_array.cpp:90:42) in function 'run_dwconv' into perfectly nested loops.
INFO: [HLS 200-2061] Successfully converted nested loops 'VITIS_LOOP_89_8'(mac_array.cpp:89:38) and 'VITIS_LOOP_90_9'(mac_array.cpp:90:42) in function 'run_dwconv' into perfectly nested loops.
INFO: [HLS 200-2061] Successfully converted nested loops 'VITIS_LOOP_89_8'(mac_array.cpp:89:38) and 'VITIS_LOOP_90_9'(mac_array.cpp:90:42) in function 'run_dwconv' into perfectly nested loops.
INFO: [HLS 200-2061] Successfully converted nested loops 'VITIS_LOOP_89_8'(mac_array.cpp:89:38) and 'VITIS_LOOP_90_9'(mac_array.cpp:90:42) in function 'run_dwconv' into perfectly nested loops.
INFO: [HLS 200-2061] Successfully converted nested loops 'VITIS_LOOP_89_8'(mac_array.cpp:89:38) and 'VITIS_LOOP_90_9'(mac_array.cpp:90:42) in function 'run_dwconv' into perfectly nested loops.
INFO: [HLS 200-2061] Successfully converted nested loops 'VITIS_LOOP_89_8'(mac_array.cpp:89:38) and 'VITIS_LOOP_90_9'(mac_array.cpp:90:42) in function 'run_dwconv' into perfectly nested loops.
INFO: [HLS 200-2061] Successfully converted nested loops 'VITIS_LOOP_89_8'(mac_array.cpp:89:38) and 'VITIS_LOOP_90_9'(mac_array.cpp:90:42) in function 'run_dwconv' into perfectly nested loops.
INFO: [HLS 200-2061] Successfully converted nested loops 'VITIS_LOOP_89_8'(mac_array.cpp:89:38) and 'VITIS_LOOP_90_9'(mac_array.cpp:90:42) in function 'run_dwconv' into perfectly nested loops.
INFO: [HLS 200-2061] Successfully converted nested loops 'VITIS_LOOP_89_8'(mac_array.cpp:89:38) and 'VITIS_LOOP_90_9'(mac_array.cpp:90:42) in function 'run_dwconv' into perfectly nested loops.
INFO: [HLS 200-2061] Successfully converted nested loops 'VITIS_LOOP_89_8'(mac_array.cpp:89:38) and 'VITIS_LOOP_90_9'(mac_array.cpp:90:42) in function 'run_dwconv' into perfectly nested loops.
INFO: [HLS 200-2061] Successfully converted nested loops 'VITIS_LOOP_89_8'(mac_array.cpp:89:38) and 'VITIS_LOOP_90_9'(mac_array.cpp:90:42) in function 'run_dwconv' into perfectly nested loops.
INFO: [HLS 200-2061] Successfully converted nested loops 'VITIS_LOOP_89_8'(mac_array.cpp:89:38) and 'VITIS_LOOP_90_9'(mac_array.cpp:90:42) in function 'run_dwconv' into perfectly nested loops.
INFO: [HLS 200-2061] Successfully converted nested loops 'VITIS_LOOP_89_8'(mac_array.cpp:89:38) and 'VITIS_LOOP_90_9'(mac_array.cpp:90:42) in function 'run_dwconv' into perfectly nested loops.
INFO: [HLS 200-2061] Successfully converted nested loops 'VITIS_LOOP_89_8'(mac_array.cpp:89:38) and 'VITIS_LOOP_90_9'(mac_array.cpp:90:42) in function 'run_dwconv' into perfectly nested loops.
INFO: [HLS 200-2061] Successfully converted nested loops 'VITIS_LOOP_89_8'(mac_array.cpp:89:38) and 'VITIS_LOOP_90_9'(mac_array.cpp:90:42) in function 'run_dwconv' into perfectly nested loops.
INFO: [HLS 200-2061] Successfully converted nested loops 'VITIS_LOOP_89_8'(mac_array.cpp:89:38) and 'VITIS_LOOP_90_9'(mac_array.cpp:90:42) in function 'run_dwconv' into perfectly nested loops.
INFO: [HLS 200-2061] Successfully converted nested loops 'VITIS_LOOP_89_8'(mac_array.cpp:89:38) and 'VITIS_LOOP_90_9'(mac_array.cpp:90:42) in function 'run_dwconv' into perfectly nested loops.
INFO: [HLS 200-2061] Successfully converted nested loops 'VITIS_LOOP_89_8'(mac_array.cpp:89:38) and 'VITIS_LOOP_90_9'(mac_array.cpp:90:42) in function 'run_dwconv' into perfectly nested loops.
INFO: [HLS 200-2061] Successfully converted nested loops 'VITIS_LOOP_89_8'(mac_array.cpp:89:38) and 'VITIS_LOOP_90_9'(mac_array.cpp:90:42) in function 'run_dwconv' into perfectly nested loops.
INFO: [HLS 200-2061] Successfully converted nested loops 'VITIS_LOOP_89_8'(mac_array.cpp:89:38) and 'VITIS_LOOP_90_9'(mac_array.cpp:90:42) in function 'run_dwconv' into perfectly nested loops.
INFO: [HLS 200-2061] Successfully converted nested loops 'VITIS_LOOP_89_8'(mac_array.cpp:89:38) and 'VITIS_LOOP_90_9'(mac_array.cpp:90:42) in function 'run_dwconv' into perfectly nested loops.
INFO: [HLS 200-2061] Successfully converted nested loops 'VITIS_LOOP_89_8'(mac_array.cpp:89:38) and 'VITIS_LOOP_90_9'(mac_array.cpp:90:42) in function 'run_dwconv' into perfectly nested loops.
INFO: [HLS 200-2061] Successfully converted nested loops 'VITIS_LOOP_89_8'(mac_array.cpp:89:38) and 'VITIS_LOOP_90_9'(mac_array.cpp:90:42) in function 'run_dwconv' into perfectly nested loops.
INFO: [HLS 200-2061] Successfully converted nested loops 'VITIS_LOOP_89_8'(mac_array.cpp:89:38) and 'VITIS_LOOP_90_9'(mac_array.cpp:90:42) in function 'run_dwconv' into perfectly nested loops.
INFO: [HLS 200-2061] Successfully converted nested loops 'VITIS_LOOP_89_8'(mac_array.cpp:89:38) and 'VITIS_LOOP_90_9'(mac_array.cpp:90:42) in function 'run_dwconv' into perfectly nested loops.
INFO: [HLS 200-2061] Successfully converted nested loops 'VITIS_LOOP_89_8'(mac_array.cpp:89:38) and 'VITIS_LOOP_90_9'(mac_array.cpp:90:42) in function 'run_dwconv' into perfectly nested loops.
INFO: [HLS 200-2061] Successfully converted nested loops 'VITIS_LOOP_89_8'(mac_array.cpp:89:38) and 'VITIS_LOOP_90_9'(mac_array.cpp:90:42) in function 'run_dwconv' into perfectly nested loops.
INFO: [HLS 200-2061] Successfully converted nested loops 'VITIS_LOOP_89_8'(mac_array.cpp:89:38) and 'VITIS_LOOP_90_9'(mac_array.cpp:90:42) in function 'run_dwconv' into perfectly nested loops.
INFO: [HLS 200-2061] Successfully converted nested loops 'VITIS_LOOP_89_8'(mac_array.cpp:89:38) and 'VITIS_LOOP_90_9'(mac_array.cpp:90:42) in function 'run_dwconv' into perfectly nested loops.
INFO: [HLS 200-2061] Successfully converted nested loops 'VITIS_LOOP_89_8'(mac_array.cpp:89:38) and 'VITIS_LOOP_90_9'(mac_array.cpp:90:42) in function 'run_dwconv' into perfectly nested loops.
INFO: [HLS 200-2061] Successfully converted nested loops 'VITIS_LOOP_89_8'(mac_array.cpp:89:38) and 'VITIS_LOOP_90_9'(mac_array.cpp:90:42) in function 'run_dwconv' into perfectly nested loops.
INFO: [HLS 200-2061] Successfully converted nested loops 'VITIS_LOOP_89_8'(mac_array.cpp:89:38) and 'VITIS_LOOP_90_9'(mac_array.cpp:90:42) in function 'run_dwconv' into perfectly nested loops.
INFO: [HLS 200-2061] Successfully converted nested loops 'VITIS_LOOP_89_8'(mac_array.cpp:89:38) and 'VITIS_LOOP_90_9'(mac_array.cpp:90:42) in function 'run_dwconv' into perfectly nested loops.
INFO: [HLS 200-2061] Successfully converted nested loops 'VITIS_LOOP_89_8'(mac_array.cpp:89:38) and 'VITIS_LOOP_90_9'(mac_array.cpp:90:42) in function 'run_dwconv' into perfectly nested loops.
INFO: [HLS 200-2061] Successfully converted nested loops 'VITIS_LOOP_89_8'(mac_array.cpp:89:38) and 'VITIS_LOOP_90_9'(mac_array.cpp:90:42) in function 'run_dwconv' into perfectly nested loops.
INFO: [HLS 200-2061] Successfully converted nested loops 'VITIS_LOOP_89_8'(mac_array.cpp:89:38) and 'VITIS_LOOP_90_9'(mac_array.cpp:90:42) in function 'run_dwconv' into perfectly nested loops.
INFO: [HLS 200-2061] Successfully converted nested loops 'VITIS_LOOP_89_8'(mac_array.cpp:89:38) and 'VITIS_LOOP_90_9'(mac_array.cpp:90:42) in function 'run_dwconv' into perfectly nested loops.
INFO: [HLS 200-2061] Successfully converted nested loops 'VITIS_LOOP_89_8'(mac_array.cpp:89:38) and 'VITIS_LOOP_90_9'(mac_array.cpp:90:42) in function 'run_dwconv' into perfectly nested loops.
INFO: [HLS 200-2061] Successfully converted nested loops 'VITIS_LOOP_89_8'(mac_array.cpp:89:38) and 'VITIS_LOOP_90_9'(mac_array.cpp:90:42) in function 'run_dwconv' into perfectly nested loops.
INFO: [HLS 200-2061] Successfully converted nested loops 'VITIS_LOOP_89_8'(mac_array.cpp:89:38) and 'VITIS_LOOP_90_9'(mac_array.cpp:90:42) in function 'run_dwconv' into perfectly nested loops.
INFO: [HLS 200-2061] Successfully converted nested loops 'VITIS_LOOP_89_8'(mac_array.cpp:89:38) and 'VITIS_LOOP_90_9'(mac_array.cpp:90:42) in function 'run_dwconv' into perfectly nested loops.
INFO: [HLS 200-2061] Successfully converted nested loops 'VITIS_LOOP_89_8'(mac_array.cpp:89:38) and 'VITIS_LOOP_90_9'(mac_array.cpp:90:42) in function 'run_dwconv' into perfectly nested loops.
INFO: [HLS 200-2061] Successfully converted nested loops 'VITIS_LOOP_89_8'(mac_array.cpp:89:38) and 'VITIS_LOOP_90_9'(mac_array.cpp:90:42) in function 'run_dwconv' into perfectly nested loops.
INFO: [HLS 200-2061] Successfully converted nested loops 'VITIS_LOOP_89_8'(mac_array.cpp:89:38) and 'VITIS_LOOP_90_9'(mac_array.cpp:90:42) in function 'run_dwconv' into perfectly nested loops.
INFO: [HLS 200-2061] Successfully converted nested loops 'VITIS_LOOP_89_8'(mac_array.cpp:89:38) and 'VITIS_LOOP_90_9'(mac_array.cpp:90:42) in function 'run_dwconv' into perfectly nested loops.
INFO: [HLS 200-2061] Successfully converted nested loops 'VITIS_LOOP_89_8'(mac_array.cpp:89:38) and 'VITIS_LOOP_90_9'(mac_array.cpp:90:42) in function 'run_dwconv' into perfectly nested loops.
INFO: [HLS 200-2061] Successfully converted nested loops 'VITIS_LOOP_89_8'(mac_array.cpp:89:38) and 'VITIS_LOOP_90_9'(mac_array.cpp:90:42) in function 'run_dwconv' into perfectly nested loops.
INFO: [HLS 200-2061] Successfully converted nested loops 'VITIS_LOOP_89_8'(mac_array.cpp:89:38) and 'VITIS_LOOP_90_9'(mac_array.cpp:90:42) in function 'run_dwconv' into perfectly nested loops.
INFO: [HLS 200-2061] Successfully converted nested loops 'VITIS_LOOP_89_8'(mac_array.cpp:89:38) and 'VITIS_LOOP_90_9'(mac_array.cpp:90:42) in function 'run_dwconv' into perfectly nested loops.
INFO: [HLS 200-2061] Successfully converted nested loops 'VITIS_LOOP_89_8'(mac_array.cpp:89:38) and 'VITIS_LOOP_90_9'(mac_array.cpp:90:42) in function 'run_dwconv' into perfectly nested loops.
INFO: [HLS 200-2061] Successfully converted nested loops 'VITIS_LOOP_89_8'(mac_array.cpp:89:38) and 'VITIS_LOOP_90_9'(mac_array.cpp:90:42) in function 'run_dwconv' into perfectly nested loops.
INFO: [HLS 200-2061] Successfully converted nested loops 'VITIS_LOOP_89_8'(mac_array.cpp:89:38) and 'VITIS_LOOP_90_9'(mac_array.cpp:90:42) in function 'run_dwconv' into perfectly nested loops.
INFO: [HLS 200-2061] Successfully converted nested loops 'VITIS_LOOP_89_8'(mac_array.cpp:89:38) and 'VITIS_LOOP_90_9'(mac_array.cpp:90:42) in function 'run_dwconv' into perfectly nested loops.
INFO: [HLS 200-2061] Successfully converted nested loops 'VITIS_LOOP_89_8'(mac_array.cpp:89:38) and 'VITIS_LOOP_90_9'(mac_array.cpp:90:42) in function 'run_dwconv' into perfectly nested loops.
INFO: [HLS 200-2061] Successfully converted nested loops 'VITIS_LOOP_89_8'(mac_array.cpp:89:38) and 'VITIS_LOOP_90_9'(mac_array.cpp:90:42) in function 'run_dwconv' into perfectly nested loops.
INFO: [HLS 200-2061] Successfully converted nested loops 'VITIS_LOOP_89_8'(mac_array.cpp:89:38) and 'VITIS_LOOP_90_9'(mac_array.cpp:90:42) in function 'run_dwconv' into perfectly nested loops.
INFO: [HLS 200-2061] Successfully converted nested loops 'VITIS_LOOP_89_8'(mac_array.cpp:89:38) and 'VITIS_LOOP_90_9'(mac_array.cpp:90:42) in function 'run_dwconv' into perfectly nested loops.
INFO: [HLS 200-2061] Successfully converted nested loops 'VITIS_LOOP_89_8'(mac_array.cpp:89:38) and 'VITIS_LOOP_90_9'(mac_array.cpp:90:42) in function 'run_dwconv' into perfectly nested loops.
INFO: [HLS 200-2061] Successfully converted nested loops 'VITIS_LOOP_89_8'(mac_array.cpp:89:38) and 'VITIS_LOOP_90_9'(mac_array.cpp:90:42) in function 'run_dwconv' into perfectly nested loops.
INFO: [HLS 200-2061] Successfully converted nested loops 'VITIS_LOOP_89_8'(mac_array.cpp:89:38) and 'VITIS_LOOP_90_9'(mac_array.cpp:90:42) in function 'run_dwconv' into perfectly nested loops.
INFO: [XFORM 203-541] Flattening a loop nest 'VITIS_LOOP_128_4' (mac_array.cpp:128:39) in function 'run_pwconv'.
INFO: [XFORM 203-541] Flattening a loop nest 'STAGE' (mac_array.cpp:127:9) in function 'run_pwconv'.
INFO: [XFORM 203-541] Flattening a loop nest 'VITIS_LOOP_136_6' (mac_array.cpp:136:35) in function 'run_pwconv'.
INFO: [XFORM 203-541] Flattening a loop nest 'VITIS_LOOP_62_4' (mac_array.cpp:62:38) in function 'run_dwconv'.
INFO: [XFORM 203-541] Flattening a loop nest 'VITIS_LOOP_65_6' (mac_array.cpp:65:38) in function 'run_dwconv'.
INFO: [XFORM 203-541] Flattening a loop nest 'VITIS_LOOP_89_8' (mac_array.cpp:89:38) in function 'run_dwconv'.
INFO: [XFORM 203-541] Flattening a loop nest 'VITIS_LOOP_89_8' (mac_array.cpp:89:38) in function 'run_dwconv'.
INFO: [XFORM 203-541] Flattening a loop nest 'VITIS_LOOP_89_8' (mac_array.cpp:89:38) in function 'run_dwconv'.
INFO: [XFORM 203-541] Flattening a loop nest 'VITIS_LOOP_89_8' (mac_array.cpp:89:38) in function 'run_dwconv'.
INFO: [XFORM 203-541] Flattening a loop nest 'VITIS_LOOP_89_8' (mac_array.cpp:89:38) in function 'run_dwconv'.
INFO: [XFORM 203-541] Flattening a loop nest 'VITIS_LOOP_89_8' (mac_array.cpp:89:38) in function 'run_dwconv'.
INFO: [XFORM 203-541] Flattening a loop nest 'VITIS_LOOP_89_8' (mac_array.cpp:89:38) in function 'run_dwconv'.
INFO: [XFORM 203-541] Flattening a loop nest 'VITIS_LOOP_89_8' (mac_array.cpp:89:38) in function 'run_dwconv'.
INFO: [XFORM 203-541] Flattening a loop nest 'VITIS_LOOP_89_8' (mac_array.cpp:89:38) in function 'run_dwconv'.
INFO: [XFORM 203-541] Flattening a loop nest 'VITIS_LOOP_89_8' (mac_array.cpp:89:38) in function 'run_dwconv'.
INFO: [XFORM 203-541] Flattening a loop nest 'VITIS_LOOP_89_8' (mac_array.cpp:89:38) in function 'run_dwconv'.
INFO: [XFORM 203-541] Flattening a loop nest 'VITIS_LOOP_89_8' (mac_array.cpp:89:38) in function 'run_dwconv'.
INFO: [XFORM 203-541] Flattening a loop nest 'VITIS_LOOP_89_8' (mac_array.cpp:89:38) in function 'run_dwconv'.
INFO: [XFORM 203-541] Flattening a loop nest 'VITIS_LOOP_89_8' (mac_array.cpp:89:38) in function 'run_dwconv'.
INFO: [XFORM 203-541] Flattening a loop nest 'VITIS_LOOP_89_8' (mac_array.cpp:89:38) in function 'run_dwconv'.
INFO: [XFORM 203-541] Flattening a loop nest 'VITIS_LOOP_89_8' (mac_array.cpp:89:38) in function 'run_dwconv'.
INFO: [XFORM 203-541] Flattening a loop nest 'VITIS_LOOP_89_8' (mac_array.cpp:89:38) in function 'run_dwconv'.
INFO: [XFORM 203-541] Flattening a loop nest 'VITIS_LOOP_89_8' (mac_array.cpp:89:38) in function 'run_dwconv'.
INFO: [XFORM 203-541] Flattening a loop nest 'VITIS_LOOP_89_8' (mac_array.cpp:89:38) in function 'run_dwconv'.
INFO: [XFORM 203-541] Flattening a loop nest 'VITIS_LOOP_89_8' (mac_array.cpp:89:38) in function 'run_dwconv'.
INFO: [XFORM 203-541] Flattening a loop nest 'VITIS_LOOP_89_8' (mac_array.cpp:89:38) in function 'run_dwconv'.
INFO: [XFORM 203-541] Flattening a loop nest 'VITIS_LOOP_89_8' (mac_array.cpp:89:38) in function 'run_dwconv'.
INFO: [XFORM 203-541] Flattening a loop nest 'VITIS_LOOP_89_8' (mac_array.cpp:89:38) in function 'run_dwconv'.
INFO: [XFORM 203-541] Flattening a loop nest 'VITIS_LOOP_89_8' (mac_array.cpp:89:38) in function 'run_dwconv'.
INFO: [XFORM 203-541] Flattening a loop nest 'VITIS_LOOP_89_8' (mac_array.cpp:89:38) in function 'run_dwconv'.
INFO: [XFORM 203-541] Flattening a loop nest 'VITIS_LOOP_89_8' (mac_array.cpp:89:38) in function 'run_dwconv'.
INFO: [XFORM 203-541] Flattening a loop nest 'VITIS_LOOP_89_8' (mac_array.cpp:89:38) in function 'run_dwconv'.
INFO: [XFORM 203-541] Flattening a loop nest 'VITIS_LOOP_89_8' (mac_array.cpp:89:38) in function 'run_dwconv'.
INFO: [XFORM 203-541] Flattening a loop nest 'VITIS_LOOP_89_8' (mac_array.cpp:89:38) in function 'run_dwconv'.
INFO: [XFORM 203-541] Flattening a loop nest 'VITIS_LOOP_89_8' (mac_array.cpp:89:38) in function 'run_dwconv'.
INFO: [XFORM 203-541] Flattening a loop nest 'VITIS_LOOP_89_8' (mac_array.cpp:89:38) in function 'run_dwconv'.
INFO: [XFORM 203-541] Flattening a loop nest 'VITIS_LOOP_89_8' (mac_array.cpp:89:38) in function 'run_dwconv'.
INFO: [XFORM 203-541] Flattening a loop nest 'VITIS_LOOP_89_8' (mac_array.cpp:89:38) in function 'run_dwconv'.
INFO: [XFORM 203-541] Flattening a loop nest 'VITIS_LOOP_89_8' (mac_array.cpp:89:38) in function 'run_dwconv'.
INFO: [XFORM 203-541] Flattening a loop nest 'VITIS_LOOP_89_8' (mac_array.cpp:89:38) in function 'run_dwconv'.
INFO: [XFORM 203-541] Flattening a loop nest 'VITIS_LOOP_89_8' (mac_array.cpp:89:38) in function 'run_dwconv'.
INFO: [XFORM 203-541] Flattening a loop nest 'VITIS_LOOP_89_8' (mac_array.cpp:89:38) in function 'run_dwconv'.
INFO: [XFORM 203-541] Flattening a loop nest 'VITIS_LOOP_89_8' (mac_array.cpp:89:38) in function 'run_dwconv'.
INFO: [XFORM 203-541] Flattening a loop nest 'VITIS_LOOP_89_8' (mac_array.cpp:89:38) in function 'run_dwconv'.
INFO: [XFORM 203-541] Flattening a loop nest 'VITIS_LOOP_89_8' (mac_array.cpp:89:38) in function 'run_dwconv'.
INFO: [XFORM 203-541] Flattening a loop nest 'VITIS_LOOP_89_8' (mac_array.cpp:89:38) in function 'run_dwconv'.
INFO: [XFORM 203-541] Flattening a loop nest 'VITIS_LOOP_89_8' (mac_array.cpp:89:38) in function 'run_dwconv'.
INFO: [XFORM 203-541] Flattening a loop nest 'VITIS_LOOP_89_8' (mac_array.cpp:89:38) in function 'run_dwconv'.
INFO: [XFORM 203-541] Flattening a loop nest 'VITIS_LOOP_89_8' (mac_array.cpp:89:38) in function 'run_dwconv'.
INFO: [XFORM 203-541] Flattening a loop nest 'VITIS_LOOP_89_8' (mac_array.cpp:89:38) in function 'run_dwconv'.
INFO: [XFORM 203-541] Flattening a loop nest 'VITIS_LOOP_89_8' (mac_array.cpp:89:38) in function 'run_dwconv'.
INFO: [XFORM 203-541] Flattening a loop nest 'VITIS_LOOP_89_8' (mac_array.cpp:89:38) in function 'run_dwconv'.
INFO: [XFORM 203-541] Flattening a loop nest 'VITIS_LOOP_89_8' (mac_array.cpp:89:38) in function 'run_dwconv'.
INFO: [XFORM 203-541] Flattening a loop nest 'VITIS_LOOP_89_8' (mac_array.cpp:89:38) in function 'run_dwconv'.
INFO: [XFORM 203-541] Flattening a loop nest 'VITIS_LOOP_89_8' (mac_array.cpp:89:38) in function 'run_dwconv'.
INFO: [XFORM 203-541] Flattening a loop nest 'VITIS_LOOP_89_8' (mac_array.cpp:89:38) in function 'run_dwconv'.
INFO: [XFORM 203-541] Flattening a loop nest 'VITIS_LOOP_89_8' (mac_array.cpp:89:38) in function 'run_dwconv'.
INFO: [XFORM 203-541] Flattening a loop nest 'VITIS_LOOP_89_8' (mac_array.cpp:89:38) in function 'run_dwconv'.
INFO: [XFORM 203-541] Flattening a loop nest 'VITIS_LOOP_89_8' (mac_array.cpp:89:38) in function 'run_dwconv'.
INFO: [XFORM 203-541] Flattening a loop nest 'VITIS_LOOP_89_8' (mac_array.cpp:89:38) in function 'run_dwconv'.
INFO: [XFORM 203-541] Flattening a loop nest 'VITIS_LOOP_89_8' (mac_array.cpp:89:38) in function 'run_dwconv'.
INFO: [XFORM 203-541] Flattening a loop nest 'VITIS_LOOP_89_8' (mac_array.cpp:89:38) in function 'run_dwconv'.
INFO: [XFORM 203-541] Flattening a loop nest 'VITIS_LOOP_89_8' (mac_array.cpp:89:38) in function 'run_dwconv'.
INFO: [XFORM 203-541] Flattening a loop nest 'VITIS_LOOP_89_8' (mac_array.cpp:89:38) in function 'run_dwconv'.
INFO: [XFORM 203-541] Flattening a loop nest 'VITIS_LOOP_89_8' (mac_array.cpp:89:38) in function 'run_dwconv'.
INFO: [XFORM 203-541] Flattening a loop nest 'VITIS_LOOP_89_8' (mac_array.cpp:89:38) in function 'run_dwconv'.
INFO: [XFORM 203-541] Flattening a loop nest 'VITIS_LOOP_89_8' (mac_array.cpp:89:38) in function 'run_dwconv'.
INFO: [XFORM 203-541] Flattening a loop nest 'VITIS_LOOP_89_8' (mac_array.cpp:89:38) in function 'run_dwconv'.
INFO: [XFORM 203-541] Flattening a loop nest 'VITIS_LOOP_89_8' (mac_array.cpp:89:38) in function 'run_dwconv'.
INFO: [XFORM 203-541] Flattening a loop nest 'VITIS_LOOP_89_8' (mac_array.cpp:89:38) in function 'run_dwconv'.
INFO: [XFORM 203-541] Flattening a loop nest 'VITIS_LOOP_89_8' (mac_array.cpp:89:38) in function 'run_dwconv'.
INFO: [XFORM 203-541] Flattening a loop nest 'VITIS_LOOP_89_8' (mac_array.cpp:89:38) in function 'run_dwconv'.
INFO: [XFORM 203-541] Flattening a loop nest 'VITIS_LOOP_89_8' (mac_array.cpp:89:38) in function 'run_dwconv'.
INFO: [XFORM 203-541] Flattening a loop nest 'VITIS_LOOP_89_8' (mac_array.cpp:89:38) in function 'run_dwconv'.
INFO: [XFORM 203-541] Flattening a loop nest 'VITIS_LOOP_89_8' (mac_array.cpp:89:38) in function 'run_dwconv'.
INFO: [XFORM 203-541] Flattening a loop nest 'VITIS_LOOP_89_8' (mac_array.cpp:89:38) in function 'run_dwconv'.
INFO: [XFORM 203-541] Flattening a loop nest 'VITIS_LOOP_89_8' (mac_array.cpp:89:38) in function 'run_dwconv'.
INFO: [XFORM 203-541] Flattening a loop nest 'VITIS_LOOP_89_8' (mac_array.cpp:89:38) in function 'run_dwconv'.
INFO: [XFORM 203-541] Flattening a loop nest 'VITIS_LOOP_89_8' (mac_array.cpp:89:38) in function 'run_dwconv'.
INFO: [XFORM 203-541] Flattening a loop nest 'VITIS_LOOP_89_8' (mac_array.cpp:89:38) in function 'run_dwconv'.
INFO: [XFORM 203-541] Flattening a loop nest 'VITIS_LOOP_89_8' (mac_array.cpp:89:38) in function 'run_dwconv'.
INFO: [XFORM 203-541] Flattening a loop nest 'VITIS_LOOP_89_8' (mac_array.cpp:89:38) in function 'run_dwconv'.
INFO: [XFORM 203-541] Flattening a loop nest 'VITIS_LOOP_89_8' (mac_array.cpp:89:38) in function 'run_dwconv'.
INFO: [XFORM 203-541] Flattening a loop nest 'VITIS_LOOP_89_8' (mac_array.cpp:89:38) in function 'run_dwconv'.
INFO: [XFORM 203-541] Flattening a loop nest 'VITIS_LOOP_89_8' (mac_array.cpp:89:38) in function 'run_dwconv'.
INFO: [XFORM 203-541] Flattening a loop nest 'VITIS_LOOP_89_8' (mac_array.cpp:89:38) in function 'run_dwconv'.
INFO: [XFORM 203-541] Flattening a loop nest 'VITIS_LOOP_89_8' (mac_array.cpp:89:38) in function 'run_dwconv'.
INFO: [XFORM 203-541] Flattening a loop nest 'VITIS_LOOP_89_8' (mac_array.cpp:89:38) in function 'run_dwconv'.
INFO: [XFORM 203-541] Flattening a loop nest 'VITIS_LOOP_89_8' (mac_array.cpp:89:38) in function 'run_dwconv'.
INFO: [XFORM 203-541] Flattening a loop nest 'VITIS_LOOP_89_8' (mac_array.cpp:89:38) in function 'run_dwconv'.
INFO: [XFORM 203-541] Flattening a loop nest 'VITIS_LOOP_89_8' (mac_array.cpp:89:38) in function 'run_dwconv'.
INFO: [XFORM 203-541] Flattening a loop nest 'VITIS_LOOP_89_8' (mac_array.cpp:89:38) in function 'run_dwconv'.
INFO: [XFORM 203-541] Flattening a loop nest 'VITIS_LOOP_89_8' (mac_array.cpp:89:38) in function 'run_dwconv'.
INFO: [XFORM 203-541] Flattening a loop nest 'VITIS_LOOP_89_8' (mac_array.cpp:89:38) in function 'run_dwconv'.
INFO: [XFORM 203-541] Flattening a loop nest 'VITIS_LOOP_89_8' (mac_array.cpp:89:38) in function 'run_dwconv'.
INFO: [XFORM 203-541] Flattening a loop nest 'VITIS_LOOP_89_8' (mac_array.cpp:89:38) in function 'run_dwconv'.
INFO: [XFORM 203-541] Flattening a loop nest 'VITIS_LOOP_89_8' (mac_array.cpp:89:38) in function 'run_dwconv'.
INFO: [XFORM 203-541] Flattening a loop nest 'VITIS_LOOP_89_8' (mac_array.cpp:89:38) in function 'run_dwconv'.
INFO: [XFORM 203-541] Flattening a loop nest 'VITIS_LOOP_89_8' (mac_array.cpp:89:38) in function 'run_dwconv'.
INFO: [XFORM 203-541] Flattening a loop nest 'VITIS_LOOP_89_8' (mac_array.cpp:89:38) in function 'run_dwconv'.
INFO: [XFORM 203-541] Flattening a loop nest 'VITIS_LOOP_89_8' (mac_array.cpp:89:38) in function 'run_dwconv'.
INFO: [XFORM 203-541] Flattening a loop nest 'VITIS_LOOP_89_8' (mac_array.cpp:89:38) in function 'run_dwconv'.
INFO: [XFORM 203-541] Flattening a loop nest 'VITIS_LOOP_89_8' (mac_array.cpp:89:38) in function 'run_dwconv'.
INFO: [XFORM 203-541] Flattening a loop nest 'VITIS_LOOP_89_8' (mac_array.cpp:89:38) in function 'run_dwconv'.
INFO: [XFORM 203-541] Flattening a loop nest 'VITIS_LOOP_89_8' (mac_array.cpp:89:38) in function 'run_dwconv'.
INFO: [XFORM 203-541] Flattening a loop nest 'VITIS_LOOP_89_8' (mac_array.cpp:89:38) in function 'run_dwconv'.
INFO: [XFORM 203-541] Flattening a loop nest 'VITIS_LOOP_89_8' (mac_array.cpp:89:38) in function 'run_dwconv'.
INFO: [XFORM 203-541] Flattening a loop nest 'VITIS_LOOP_89_8' (mac_array.cpp:89:38) in function 'run_dwconv'.
INFO: [XFORM 203-541] Flattening a loop nest 'VITIS_LOOP_89_8' (mac_array.cpp:89:38) in function 'run_dwconv'.
INFO: [XFORM 203-541] Flattening a loop nest 'VITIS_LOOP_89_8' (mac_array.cpp:89:38) in function 'run_dwconv'.
INFO: [XFORM 203-541] Flattening a loop nest 'VITIS_LOOP_89_8' (mac_array.cpp:89:38) in function 'run_dwconv'.
INFO: [XFORM 203-541] Flattening a loop nest 'VITIS_LOOP_89_8' (mac_array.cpp:89:38) in function 'run_dwconv'.
INFO: [XFORM 203-541] Flattening a loop nest 'VITIS_LOOP_89_8' (mac_array.cpp:89:38) in function 'run_dwconv'.
INFO: [XFORM 203-541] Flattening a loop nest 'VITIS_LOOP_89_8' (mac_array.cpp:89:38) in function 'run_dwconv'.
INFO: [XFORM 203-541] Flattening a loop nest 'VITIS_LOOP_89_8' (mac_array.cpp:89:38) in function 'run_dwconv'.
INFO: [XFORM 203-541] Flattening a loop nest 'VITIS_LOOP_89_8' (mac_array.cpp:89:38) in function 'run_dwconv'.
INFO: [XFORM 203-541] Flattening a loop nest 'VITIS_LOOP_89_8' (mac_array.cpp:89:38) in function 'run_dwconv'.
INFO: [XFORM 203-541] Flattening a loop nest 'VITIS_LOOP_89_8' (mac_array.cpp:89:38) in function 'run_dwconv'.
INFO: [XFORM 203-541] Flattening a loop nest 'VITIS_LOOP_89_8' (mac_array.cpp:89:38) in function 'run_dwconv'.
INFO: [XFORM 203-541] Flattening a loop nest 'VITIS_LOOP_89_8' (mac_array.cpp:89:38) in function 'run_dwconv'.
INFO: [XFORM 203-541] Flattening a loop nest 'VITIS_LOOP_89_8' (mac_array.cpp:89:38) in function 'run_dwconv'.
INFO: [XFORM 203-541] Flattening a loop nest 'VITIS_LOOP_89_8' (mac_array.cpp:89:38) in function 'run_dwconv'.
INFO: [XFORM 203-541] Flattening a loop nest 'VITIS_LOOP_89_8' (mac_array.cpp:89:38) in function 'run_dwconv'.
INFO: [XFORM 203-541] Flattening a loop nest 'VITIS_LOOP_89_8' (mac_array.cpp:89:38) in function 'run_dwconv'.
INFO: [XFORM 203-541] Flattening a loop nest 'VITIS_LOOP_89_8' (mac_array.cpp:89:38) in function 'run_dwconv'.
INFO: [XFORM 203-541] Flattening a loop nest 'VITIS_LOOP_89_8' (mac_array.cpp:89:38) in function 'run_dwconv'.
INFO: [XFORM 203-541] Flattening a loop nest 'VITIS_LOOP_89_8' (mac_array.cpp:89:38) in function 'run_dwconv'.
INFO: [XFORM 203-541] Flattening a loop nest 'VITIS_LOOP_89_8' (mac_array.cpp:89:38) in function 'run_dwconv'.
INFO: [XFORM 203-541] Flattening a loop nest 'VITIS_LOOP_89_8' (mac_array.cpp:89:38) in function 'run_dwconv'.
INFO: [XFORM 203-541] Flattening a loop nest 'VITIS_LOOP_89_8' (mac_array.cpp:89:38) in function 'run_dwconv'.
INFO: [XFORM 203-541] Flattening a loop nest 'VITIS_LOOP_89_8' (mac_array.cpp:89:38) in function 'run_dwconv'.
INFO: [XFORM 203-541] Flattening a loop nest 'VITIS_LOOP_89_8' (mac_array.cpp:89:38) in function 'run_dwconv'.
INFO: [XFORM 203-541] Flattening a loop nest 'VITIS_LOOP_89_8' (mac_array.cpp:89:38) in function 'run_dwconv'.
INFO: [HLS 200-111] Finished Architecture Synthesis: CPU user time: 53 seconds. CPU system time: 2 seconds. Elapsed time: 54.803 seconds; current allocated memory: 8.118 GB.
INFO: [HLS 200-10] Starting hardware synthesis ...
INFO: [HLS 200-10] Synthesizing 'mac_array_top' ...
INFO: [HLS 200-10] ----------------------------------------------------------------
INFO: [HLS 200-42] -- Implementing module 'run_pwconv_Pipeline_STAGE_VITIS_LOOP_128_4_VITIS_LOOP_130_5' 
INFO: [HLS 200-10] ----------------------------------------------------------------
INFO: [SCHED 204-11] Starting scheduling ...
INFO: [SCHED 204-61] Pipelining loop 'STAGE_VITIS_LOOP_128_4_VITIS_LOOP_130_5'.
INFO: [HLS 200-1470] Pipelining result : Target II = NA, Final II = 1, Depth = 4, loop 'STAGE_VITIS_LOOP_128_4_VITIS_LOOP_130_5'
INFO: [SCHED 204-11] Finished scheduling.
INFO: [HLS 200-111] Finished Scheduling: CPU user time: 30 seconds. CPU system time: 1 seconds. Elapsed time: 32.303 seconds; current allocated memory: 8.118 GB.
INFO: [BIND 205-100] Starting micro-architecture generation ...
INFO: [BIND 205-101] Performing variable lifetime analysis.
INFO: [BIND 205-101] Exploring resource sharing.
INFO: [BIND 205-101] Binding ...
INFO: [BIND 205-100] Finished micro-architecture generation.
INFO: [HLS 200-111] Finished Binding: CPU user time: 1 seconds. CPU system time: 0 seconds. Elapsed time: 1.241 seconds; current allocated memory: 8.118 GB.
INFO: [HLS 200-10] ----------------------------------------------------------------
INFO: [HLS 200-42] -- Implementing module 'run_pwconv_Pipeline_VITIS_LOOP_136_6_VITIS_LOOP_139_7' 
INFO: [HLS 200-10] ----------------------------------------------------------------
INFO: [SCHED 204-11] Starting scheduling ...
INFO: [SCHED 204-61] Pipelining loop 'VITIS_LOOP_136_6_VITIS_LOOP_139_7'.
INFO: [HLS 200-1470] Pipelining result : Target II = NA, Final II = 1, Depth = 3, loop 'VITIS_LOOP_136_6_VITIS_LOOP_139_7'
INFO: [SCHED 204-11] Finished scheduling.
INFO: [HLS 200-111] Finished Scheduling: CPU user time: 2 seconds. CPU system time: 1 seconds. Elapsed time: 1.409 seconds; current allocated memory: 8.118 GB.
INFO: [BIND 205-100] Starting micro-architecture generation ...
INFO: [BIND 205-101] Performing variable lifetime analysis.
INFO: [BIND 205-101] Exploring resource sharing.
INFO: [BIND 205-101] Binding ...
INFO: [BIND 205-100] Finished micro-architecture generation.
INFO: [HLS 200-111] Finished Binding: CPU user time: 0 seconds. CPU system time: 0 seconds. Elapsed time: 0.161 seconds; current allocated memory: 8.118 GB.
INFO: [HLS 200-10] ----------------------------------------------------------------
INFO: [HLS 200-42] -- Implementing module 'run_pwconv_Pipeline_VITIS_LOOP_155_8' 
INFO: [HLS 200-10] ----------------------------------------------------------------
INFO: [SCHED 204-11] Starting scheduling ...
INFO: [HLS 200-486] Changing DSP latency (root=acc_105) to 3 in order to utilize available DSP registers.
INFO: [SCHED 204-61] Pipelining loop 'VITIS_LOOP_155_8'.
INFO: [HLS 200-1470] Pipelining result : Target II = NA, Final II = 1, Depth = 5, loop 'VITIS_LOOP_155_8'
INFO: [SCHED 204-11] Finished scheduling.
INFO: [HLS 200-111] Finished Scheduling: CPU user time: 0 seconds. CPU system time: 0 seconds. Elapsed time: 0.218 seconds; current allocated memory: 8.118 GB.
INFO: [BIND 205-100] Starting micro-architecture generation ...
INFO: [BIND 205-101] Performing variable lifetime analysis.
INFO: [BIND 205-101] Exploring resource sharing.
INFO: [BIND 205-101] Binding ...
INFO: [BIND 205-100] Finished micro-architecture generation.
INFO: [HLS 200-111] Finished Binding: CPU user time: 0 seconds. CPU system time: 0 seconds. Elapsed time: 0.058 seconds; current allocated memory: 8.118 GB.
INFO: [HLS 200-10] ----------------------------------------------------------------
INFO: [HLS 200-42] -- Implementing module 'clip_shift' 
INFO: [HLS 200-10] ----------------------------------------------------------------
INFO: [SCHED 204-11] Starting scheduling ...
INFO: [SCHED 204-11] Finished scheduling.
INFO: [HLS 200-111] Finished Scheduling: CPU user time: 0 seconds. CPU system time: 0 seconds. Elapsed time: 0.065 seconds; current allocated memory: 8.118 GB.
INFO: [BIND 205-100] Starting micro-architecture generation ...
INFO: [BIND 205-101] Performing variable lifetime analysis.
INFO: [BIND 205-101] Exploring resource sharing.
INFO: [BIND 205-101] Binding ...
INFO: [BIND 205-100] Finished micro-architecture generation.
INFO: [HLS 200-111] Finished Binding: CPU user time: 0 seconds. CPU system time: 0 seconds. Elapsed time: 0.038 seconds; current allocated memory: 8.118 GB.
INFO: [HLS 200-10] ----------------------------------------------------------------
INFO: [HLS 200-42] -- Implementing module 'run_pwconv_Pipeline_VITIS_LOOP_155_81' 
INFO: [HLS 200-10] ----------------------------------------------------------------
INFO: [SCHED 204-11] Starting scheduling ...
INFO: [HLS 200-486] Changing DSP latency (root=acc) to 3 in order to utilize available DSP registers.
INFO: [SCHED 204-61] Pipelining loop 'VITIS_LOOP_155_8'.
INFO: [HLS 200-1470] Pipelining result : Target II = NA, Final II = 1, Depth = 5, loop 'VITIS_LOOP_155_8'
INFO: [SCHED 204-11] Finished scheduling.
INFO: [HLS 200-111] Finished Scheduling: CPU user time: 0 seconds. CPU system time: 0 seconds. Elapsed time: 0.089 seconds; current allocated memory: 8.118 GB.
INFO: [BIND 205-100] Starting micro-architecture generation ...
INFO: [BIND 205-101] Performing variable lifetime analysis.
INFO: [BIND 205-101] Exploring resource sharing.
INFO: [BIND 205-101] Binding ...
INFO: [BIND 205-100] Finished micro-architecture generation.
INFO: [HLS 200-111] Finished Binding: CPU user time: 0 seconds. CPU system time: 0 seconds. Elapsed time: 0.058 seconds; current allocated memory: 8.118 GB.
INFO: [HLS 200-10] ----------------------------------------------------------------
INFO: [HLS 200-42] -- Implementing module 'run_pwconv_Pipeline_VITIS_LOOP_155_82' 
INFO: [HLS 200-10] ----------------------------------------------------------------
INFO: [SCHED 204-11] Starting scheduling ...
INFO: [HLS 200-486] Changing DSP latency (root=acc) to 3 in order to utilize available DSP registers.
INFO: [SCHED 204-61] Pipelining loop 'VITIS_LOOP_155_8'.
INFO: [HLS 200-1470] Pipelining result : Target II = NA, Final II = 1, Depth = 5, loop 'VITIS_LOOP_155_8'
INFO: [SCHED 204-11] Finished scheduling.
INFO: [HLS 200-111] Finished Scheduling: CPU user time: 0 seconds. CPU system time: 0 seconds. Elapsed time: 0.112 seconds; current allocated memory: 8.118 GB.
INFO: [BIND 205-100] Starting micro-architecture generation ...
INFO: [BIND 205-101] Performing variable lifetime analysis.
INFO: [BIND 205-101] Exploring resource sharing.
INFO: [BIND 205-101] Binding ...
INFO: [BIND 205-100] Finished micro-architecture generation.
INFO: [HLS 200-111] Finished Binding: CPU user time: 0 seconds. CPU system time: 0 seconds. Elapsed time: 0.059 seconds; current allocated memory: 8.118 GB.
INFO: [HLS 200-10] ----------------------------------------------------------------
INFO: [HLS 200-42] -- Implementing module 'run_pwconv_Pipeline_VITIS_LOOP_155_83' 
INFO: [HLS 200-10] ----------------------------------------------------------------
INFO: [SCHED 204-11] Starting scheduling ...
INFO: [HLS 200-486] Changing DSP latency (root=acc) to 3 in order to utilize available DSP registers.
INFO: [SCHED 204-61] Pipelining loop 'VITIS_LOOP_155_8'.
INFO: [HLS 200-1470] Pipelining result : Target II = NA, Final II = 1, Depth = 5, loop 'VITIS_LOOP_155_8'
INFO: [SCHED 204-11] Finished scheduling.
INFO: [HLS 200-111] Finished Scheduling: CPU user time: 0 seconds. CPU system time: 0 seconds. Elapsed time: 0.114 seconds; current allocated memory: 8.118 GB.
INFO: [BIND 205-100] Starting micro-architecture generation ...
INFO: [BIND 205-101] Performing variable lifetime analysis.
INFO: [BIND 205-101] Exploring resource sharing.
INFO: [BIND 205-101] Binding ...
INFO: [BIND 205-100] Finished micro-architecture generation.
INFO: [HLS 200-111] Finished Binding: CPU user time: 0 seconds. CPU system time: 0 seconds. Elapsed time: 0.057 seconds; current allocated memory: 8.118 GB.
INFO: [HLS 200-10] ----------------------------------------------------------------
INFO: [HLS 200-42] -- Implementing module 'run_pwconv_Pipeline_VITIS_LOOP_155_84' 
INFO: [HLS 200-10] ----------------------------------------------------------------
INFO: [SCHED 204-11] Starting scheduling ...
INFO: [HLS 200-486] Changing DSP latency (root=acc) to 3 in order to utilize available DSP registers.
INFO: [SCHED 204-61] Pipelining loop 'VITIS_LOOP_155_8'.
INFO: [HLS 200-1470] Pipelining result : Target II = NA, Final II = 1, Depth = 5, loop 'VITIS_LOOP_155_8'
INFO: [SCHED 204-11] Finished scheduling.
INFO: [HLS 200-111] Finished Scheduling: CPU user time: 0 seconds. CPU system time: 0 seconds. Elapsed time: 0.116 seconds; current allocated memory: 8.118 GB.
INFO: [BIND 205-100] Starting micro-architecture generation ...
INFO: [BIND 205-101] Performing variable lifetime analysis.
INFO: [BIND 205-101] Exploring resource sharing.
INFO: [BIND 205-101] Binding ...
INFO: [BIND 205-100] Finished micro-architecture generation.
INFO: [HLS 200-111] Finished Binding: CPU user time: 1 seconds. CPU system time: 0 seconds. Elapsed time: 0.059 seconds; current allocated memory: 8.118 GB.
INFO: [HLS 200-10] ----------------------------------------------------------------
INFO: [HLS 200-42] -- Implementing module 'run_pwconv_Pipeline_VITIS_LOOP_155_85' 
INFO: [HLS 200-10] ----------------------------------------------------------------
INFO: [SCHED 204-11] Starting scheduling ...
INFO: [HLS 200-486] Changing DSP latency (root=acc) to 3 in order to utilize available DSP registers.
INFO: [SCHED 204-61] Pipelining loop 'VITIS_LOOP_155_8'.
INFO: [HLS 200-1470] Pipelining result : Target II = NA, Final II = 1, Depth = 5, loop 'VITIS_LOOP_155_8'
INFO: [SCHED 204-11] Finished scheduling.
INFO: [HLS 200-111] Finished Scheduling: CPU user time: 0 seconds. CPU system time: 0 seconds. Elapsed time: 0.114 seconds; current allocated memory: 8.118 GB.
INFO: [BIND 205-100] Starting micro-architecture generation ...
INFO: [BIND 205-101] Performing variable lifetime analysis.
INFO: [BIND 205-101] Exploring resource sharing.
INFO: [BIND 205-101] Binding ...
INFO: [BIND 205-100] Finished micro-architecture generation.
INFO: [HLS 200-111] Finished Binding: CPU user time: 0 seconds. CPU system time: 0 seconds. Elapsed time: 0.06 seconds; current allocated memory: 8.118 GB.
INFO: [HLS 200-10] ----------------------------------------------------------------
INFO: [HLS 200-42] -- Implementing module 'run_pwconv_Pipeline_VITIS_LOOP_155_86' 
INFO: [HLS 200-10] ----------------------------------------------------------------
INFO: [SCHED 204-11] Starting scheduling ...
INFO: [HLS 200-486] Changing DSP latency (root=acc) to 3 in order to utilize available DSP registers.
INFO: [SCHED 204-61] Pipelining loop 'VITIS_LOOP_155_8'.
INFO: [HLS 200-1470] Pipelining result : Target II = NA, Final II = 1, Depth = 5, loop 'VITIS_LOOP_155_8'
INFO: [SCHED 204-11] Finished scheduling.
INFO: [HLS 200-111] Finished Scheduling: CPU user time: 0 seconds. CPU system time: 0 seconds. Elapsed time: 0.115 seconds; current allocated memory: 8.118 GB.
INFO: [BIND 205-100] Starting micro-architecture generation ...
INFO: [BIND 205-101] Performing variable lifetime analysis.
INFO: [BIND 205-101] Exploring resource sharing.
INFO: [BIND 205-101] Binding ...
INFO: [BIND 205-100] Finished micro-architecture generation.
INFO: [HLS 200-111] Finished Binding: CPU user time: 0 seconds. CPU system time: 0 seconds. Elapsed time: 0.06 seconds; current allocated memory: 8.118 GB.
INFO: [HLS 200-10] ----------------------------------------------------------------
INFO: [HLS 200-42] -- Implementing module 'run_pwconv_Pipeline_VITIS_LOOP_155_87' 
INFO: [HLS 200-10] ----------------------------------------------------------------
INFO: [SCHED 204-11] Starting scheduling ...
INFO: [HLS 200-486] Changing DSP latency (root=acc) to 3 in order to utilize available DSP registers.
INFO: [SCHED 204-61] Pipelining loop 'VITIS_LOOP_155_8'.
INFO: [HLS 200-1470] Pipelining result : Target II = NA, Final II = 1, Depth = 5, loop 'VITIS_LOOP_155_8'
INFO: [SCHED 204-11] Finished scheduling.
INFO: [HLS 200-111] Finished Scheduling: CPU user time: 0 seconds. CPU system time: 0 seconds. Elapsed time: 0.113 seconds; current allocated memory: 8.118 GB.
INFO: [BIND 205-100] Starting micro-architecture generation ...
INFO: [BIND 205-101] Performing variable lifetime analysis.
INFO: [BIND 205-101] Exploring resource sharing.
INFO: [BIND 205-101] Binding ...
INFO: [BIND 205-100] Finished micro-architecture generation.
INFO: [HLS 200-111] Finished Binding: CPU user time: 0 seconds. CPU system time: 0 seconds. Elapsed time: 0.059 seconds; current allocated memory: 8.118 GB.
INFO: [HLS 200-10] ----------------------------------------------------------------
INFO: [HLS 200-42] -- Implementing module 'run_pwconv_Pipeline_VITIS_LOOP_155_88' 
INFO: [HLS 200-10] ----------------------------------------------------------------
INFO: [SCHED 204-11] Starting scheduling ...
INFO: [HLS 200-486] Changing DSP latency (root=acc_22) to 3 in order to utilize available DSP registers.
INFO: [SCHED 204-61] Pipelining loop 'VITIS_LOOP_155_8'.
INFO: [HLS 200-1470] Pipelining result : Target II = NA, Final II = 1, Depth = 5, loop 'VITIS_LOOP_155_8'
INFO: [SCHED 204-11] Finished scheduling.
INFO: [HLS 200-111] Finished Scheduling: CPU user time: 0 seconds. CPU system time: 0 seconds. Elapsed time: 0.116 seconds; current allocated memory: 8.118 GB.
INFO: [BIND 205-100] Starting micro-architecture generation ...
INFO: [BIND 205-101] Performing variable lifetime analysis.
INFO: [BIND 205-101] Exploring resource sharing.
INFO: [BIND 205-101] Binding ...
INFO: [BIND 205-100] Finished micro-architecture generation.
INFO: [HLS 200-111] Finished Binding: CPU user time: 0 seconds. CPU system time: 0 seconds. Elapsed time: 0.058 seconds; current allocated memory: 8.118 GB.
INFO: [HLS 200-10] ----------------------------------------------------------------
INFO: [HLS 200-42] -- Implementing module 'run_pwconv_Pipeline_VITIS_LOOP_155_89' 
INFO: [HLS 200-10] ----------------------------------------------------------------
INFO: [SCHED 204-11] Starting scheduling ...
INFO: [HLS 200-486] Changing DSP latency (root=acc_11) to 3 in order to utilize available DSP registers.
INFO: [SCHED 204-61] Pipelining loop 'VITIS_LOOP_155_8'.
INFO: [HLS 200-1470] Pipelining result : Target II = NA, Final II = 1, Depth = 5, loop 'VITIS_LOOP_155_8'
INFO: [SCHED 204-11] Finished scheduling.
INFO: [HLS 200-111] Finished Scheduling: CPU user time: 0 seconds. CPU system time: 0 seconds. Elapsed time: 0.115 seconds; current allocated memory: 8.118 GB.
INFO: [BIND 205-100] Starting micro-architecture generation ...
INFO: [BIND 205-101] Performing variable lifetime analysis.
INFO: [BIND 205-101] Exploring resource sharing.
INFO: [BIND 205-101] Binding ...
INFO: [BIND 205-100] Finished micro-architecture generation.
INFO: [HLS 200-111] Finished Binding: CPU user time: 0 seconds. CPU system time: 0 seconds. Elapsed time: 0.06 seconds; current allocated memory: 8.118 GB.
INFO: [HLS 200-10] ----------------------------------------------------------------
INFO: [HLS 200-42] -- Implementing module 'run_pwconv_Pipeline_VITIS_LOOP_155_810' 
INFO: [HLS 200-10] ----------------------------------------------------------------
INFO: [SCHED 204-11] Starting scheduling ...
INFO: [HLS 200-486] Changing DSP latency (root=acc) to 3 in order to utilize available DSP registers.
INFO: [SCHED 204-61] Pipelining loop 'VITIS_LOOP_155_8'.
INFO: [HLS 200-1470] Pipelining result : Target II = NA, Final II = 1, Depth = 5, loop 'VITIS_LOOP_155_8'
INFO: [SCHED 204-11] Finished scheduling.
INFO: [HLS 200-111] Finished Scheduling: CPU user time: 0 seconds. CPU system time: 0 seconds. Elapsed time: 0.116 seconds; current allocated memory: 8.118 GB.
INFO: [BIND 205-100] Starting micro-architecture generation ...
INFO: [BIND 205-101] Performing variable lifetime analysis.
INFO: [BIND 205-101] Exploring resource sharing.
INFO: [BIND 205-101] Binding ...
INFO: [BIND 205-100] Finished micro-architecture generation.
INFO: [HLS 200-111] Finished Binding: CPU user time: 0 seconds. CPU system time: 0 seconds. Elapsed time: 0.059 seconds; current allocated memory: 8.118 GB.
INFO: [HLS 200-10] ----------------------------------------------------------------
INFO: [HLS 200-42] -- Implementing module 'run_pwconv_Pipeline_VITIS_LOOP_155_811' 
INFO: [HLS 200-10] ----------------------------------------------------------------
INFO: [SCHED 204-11] Starting scheduling ...
INFO: [HLS 200-486] Changing DSP latency (root=acc) to 3 in order to utilize available DSP registers.
INFO: [SCHED 204-61] Pipelining loop 'VITIS_LOOP_155_8'.
INFO: [HLS 200-1470] Pipelining result : Target II = NA, Final II = 1, Depth = 5, loop 'VITIS_LOOP_155_8'
INFO: [SCHED 204-11] Finished scheduling.
INFO: [HLS 200-111] Finished Scheduling: CPU user time: 0 seconds. CPU system time: 0 seconds. Elapsed time: 0.116 seconds; current allocated memory: 8.118 GB.
INFO: [BIND 205-100] Starting micro-architecture generation ...
INFO: [BIND 205-101] Performing variable lifetime analysis.
INFO: [BIND 205-101] Exploring resource sharing.
INFO: [BIND 205-101] Binding ...
INFO: [BIND 205-100] Finished micro-architecture generation.
INFO: [HLS 200-111] Finished Binding: CPU user time: 0 seconds. CPU system time: 0 seconds. Elapsed time: 0.062 seconds; current allocated memory: 8.118 GB.
INFO: [HLS 200-10] ----------------------------------------------------------------
INFO: [HLS 200-42] -- Implementing module 'run_pwconv_Pipeline_VITIS_LOOP_155_812' 
INFO: [HLS 200-10] ----------------------------------------------------------------
INFO: [SCHED 204-11] Starting scheduling ...
INFO: [HLS 200-486] Changing DSP latency (root=acc) to 3 in order to utilize available DSP registers.
INFO: [SCHED 204-61] Pipelining loop 'VITIS_LOOP_155_8'.
INFO: [HLS 200-1470] Pipelining result : Target II = NA, Final II = 1, Depth = 5, loop 'VITIS_LOOP_155_8'
INFO: [SCHED 204-11] Finished scheduling.
INFO: [HLS 200-111] Finished Scheduling: CPU user time: 1 seconds. CPU system time: 0 seconds. Elapsed time: 0.118 seconds; current allocated memory: 8.118 GB.
INFO: [BIND 205-100] Starting micro-architecture generation ...
INFO: [BIND 205-101] Performing variable lifetime analysis.
INFO: [BIND 205-101] Exploring resource sharing.
INFO: [BIND 205-101] Binding ...
INFO: [BIND 205-100] Finished micro-architecture generation.
INFO: [HLS 200-111] Finished Binding: CPU user time: 0 seconds. CPU system time: 0 seconds. Elapsed time: 0.061 seconds; current allocated memory: 8.118 GB.
INFO: [HLS 200-10] ----------------------------------------------------------------
INFO: [HLS 200-42] -- Implementing module 'run_pwconv_Pipeline_VITIS_LOOP_155_813' 
INFO: [HLS 200-10] ----------------------------------------------------------------
INFO: [SCHED 204-11] Starting scheduling ...
INFO: [HLS 200-486] Changing DSP latency (root=acc) to 3 in order to utilize available DSP registers.
INFO: [SCHED 204-61] Pipelining loop 'VITIS_LOOP_155_8'.
INFO: [HLS 200-1470] Pipelining result : Target II = NA, Final II = 1, Depth = 5, loop 'VITIS_LOOP_155_8'
INFO: [SCHED 204-11] Finished scheduling.
INFO: [HLS 200-111] Finished Scheduling: CPU user time: 0 seconds. CPU system time: 0 seconds. Elapsed time: 0.118 seconds; current allocated memory: 8.118 GB.
INFO: [BIND 205-100] Starting micro-architecture generation ...
INFO: [BIND 205-101] Performing variable lifetime analysis.
INFO: [BIND 205-101] Exploring resource sharing.
INFO: [BIND 205-101] Binding ...
INFO: [BIND 205-100] Finished micro-architecture generation.
INFO: [HLS 200-111] Finished Binding: CPU user time: 0 seconds. CPU system time: 0 seconds. Elapsed time: 0.061 seconds; current allocated memory: 8.118 GB.
INFO: [HLS 200-10] ----------------------------------------------------------------
INFO: [HLS 200-42] -- Implementing module 'run_pwconv_Pipeline_VITIS_LOOP_155_814' 
INFO: [HLS 200-10] ----------------------------------------------------------------
INFO: [SCHED 204-11] Starting scheduling ...
INFO: [HLS 200-486] Changing DSP latency (root=acc) to 3 in order to utilize available DSP registers.
INFO: [SCHED 204-61] Pipelining loop 'VITIS_LOOP_155_8'.
INFO: [HLS 200-1470] Pipelining result : Target II = NA, Final II = 1, Depth = 5, loop 'VITIS_LOOP_155_8'
INFO: [SCHED 204-11] Finished scheduling.
INFO: [HLS 200-111] Finished Scheduling: CPU user time: 0 seconds. CPU system time: 0 seconds. Elapsed time: 0.117 seconds; current allocated memory: 8.118 GB.
INFO: [BIND 205-100] Starting micro-architecture generation ...
INFO: [BIND 205-101] Performing variable lifetime analysis.
INFO: [BIND 205-101] Exploring resource sharing.
INFO: [BIND 205-101] Binding ...
INFO: [BIND 205-100] Finished micro-architecture generation.
INFO: [HLS 200-111] Finished Binding: CPU user time: 0 seconds. CPU system time: 0 seconds. Elapsed time: 0.062 seconds; current allocated memory: 8.118 GB.
INFO: [HLS 200-10] ----------------------------------------------------------------
INFO: [HLS 200-42] -- Implementing module 'run_pwconv_Pipeline_VITIS_LOOP_155_815' 
INFO: [HLS 200-10] ----------------------------------------------------------------
INFO: [SCHED 204-11] Starting scheduling ...
INFO: [HLS 200-486] Changing DSP latency (root=acc) to 3 in order to utilize available DSP registers.
INFO: [SCHED 204-61] Pipelining loop 'VITIS_LOOP_155_8'.
INFO: [HLS 200-1470] Pipelining result : Target II = NA, Final II = 1, Depth = 5, loop 'VITIS_LOOP_155_8'
INFO: [SCHED 204-11] Finished scheduling.
INFO: [HLS 200-111] Finished Scheduling: CPU user time: 0 seconds. CPU system time: 0 seconds. Elapsed time: 0.121 seconds; current allocated memory: 8.118 GB.
INFO: [BIND 205-100] Starting micro-architecture generation ...
INFO: [BIND 205-101] Performing variable lifetime analysis.
INFO: [BIND 205-101] Exploring resource sharing.
INFO: [BIND 205-101] Binding ...
INFO: [BIND 205-100] Finished micro-architecture generation.
INFO: [HLS 200-111] Finished Binding: CPU user time: 0 seconds. CPU system time: 0 seconds. Elapsed time: 0.062 seconds; current allocated memory: 8.118 GB.
INFO: [HLS 200-10] ----------------------------------------------------------------
INFO: [HLS 200-42] -- Implementing module 'run_pwconv_Pipeline_VITIS_LOOP_155_816' 
INFO: [HLS 200-10] ----------------------------------------------------------------
INFO: [SCHED 204-11] Starting scheduling ...
INFO: [HLS 200-486] Changing DSP latency (root=acc) to 3 in order to utilize available DSP registers.
INFO: [SCHED 204-61] Pipelining loop 'VITIS_LOOP_155_8'.
INFO: [HLS 200-1470] Pipelining result : Target II = NA, Final II = 1, Depth = 5, loop 'VITIS_LOOP_155_8'
INFO: [SCHED 204-11] Finished scheduling.
INFO: [HLS 200-111] Finished Scheduling: CPU user time: 0 seconds. CPU system time: 0 seconds. Elapsed time: 0.125 seconds; current allocated memory: 8.118 GB.
INFO: [BIND 205-100] Starting micro-architecture generation ...
INFO: [BIND 205-101] Performing variable lifetime analysis.
INFO: [BIND 205-101] Exploring resource sharing.
INFO: [BIND 205-101] Binding ...
INFO: [BIND 205-100] Finished micro-architecture generation.
INFO: [HLS 200-111] Finished Binding: CPU user time: 0 seconds. CPU system time: 0 seconds. Elapsed time: 0.064 seconds; current allocated memory: 8.118 GB.
INFO: [HLS 200-10] ----------------------------------------------------------------
INFO: [HLS 200-42] -- Implementing module 'run_pwconv_Pipeline_VITIS_LOOP_155_817' 
INFO: [HLS 200-10] ----------------------------------------------------------------
INFO: [SCHED 204-11] Starting scheduling ...
INFO: [HLS 200-486] Changing DSP latency (root=acc) to 3 in order to utilize available DSP registers.
INFO: [SCHED 204-61] Pipelining loop 'VITIS_LOOP_155_8'.
INFO: [HLS 200-1470] Pipelining result : Target II = NA, Final II = 1, Depth = 5, loop 'VITIS_LOOP_155_8'
INFO: [SCHED 204-11] Finished scheduling.
INFO: [HLS 200-111] Finished Scheduling: CPU user time: 0 seconds. CPU system time: 0 seconds. Elapsed time: 0.12 seconds; current allocated memory: 8.118 GB.
INFO: [BIND 205-100] Starting micro-architecture generation ...
INFO: [BIND 205-101] Performing variable lifetime analysis.
INFO: [BIND 205-101] Exploring resource sharing.
INFO: [BIND 205-101] Binding ...
INFO: [BIND 205-100] Finished micro-architecture generation.
INFO: [HLS 200-111] Finished Binding: CPU user time: 0 seconds. CPU system time: 0 seconds. Elapsed time: 0.064 seconds; current allocated memory: 8.118 GB.
INFO: [HLS 200-10] ----------------------------------------------------------------
INFO: [HLS 200-42] -- Implementing module 'run_pwconv_Pipeline_VITIS_LOOP_155_818' 
INFO: [HLS 200-10] ----------------------------------------------------------------
INFO: [SCHED 204-11] Starting scheduling ...
INFO: [HLS 200-486] Changing DSP latency (root=acc) to 3 in order to utilize available DSP registers.
INFO: [SCHED 204-61] Pipelining loop 'VITIS_LOOP_155_8'.
INFO: [HLS 200-1470] Pipelining result : Target II = NA, Final II = 1, Depth = 5, loop 'VITIS_LOOP_155_8'
INFO: [SCHED 204-11] Finished scheduling.
INFO: [HLS 200-111] Finished Scheduling: CPU user time: 0 seconds. CPU system time: 0 seconds. Elapsed time: 0.12 seconds; current allocated memory: 8.118 GB.
INFO: [BIND 205-100] Starting micro-architecture generation ...
INFO: [BIND 205-101] Performing variable lifetime analysis.
INFO: [BIND 205-101] Exploring resource sharing.
INFO: [BIND 205-101] Binding ...
INFO: [BIND 205-100] Finished micro-architecture generation.
INFO: [HLS 200-111] Finished Binding: CPU user time: 0 seconds. CPU system time: 0 seconds. Elapsed time: 0.065 seconds; current allocated memory: 8.118 GB.
INFO: [HLS 200-10] ----------------------------------------------------------------
INFO: [HLS 200-42] -- Implementing module 'run_pwconv_Pipeline_VITIS_LOOP_155_819' 
INFO: [HLS 200-10] ----------------------------------------------------------------
INFO: [SCHED 204-11] Starting scheduling ...
INFO: [HLS 200-486] Changing DSP latency (root=acc) to 3 in order to utilize available DSP registers.
INFO: [SCHED 204-61] Pipelining loop 'VITIS_LOOP_155_8'.
INFO: [HLS 200-1470] Pipelining result : Target II = NA, Final II = 1, Depth = 5, loop 'VITIS_LOOP_155_8'
INFO: [SCHED 204-11] Finished scheduling.
INFO: [HLS 200-111] Finished Scheduling: CPU user time: 0 seconds. CPU system time: 0 seconds. Elapsed time: 0.122 seconds; current allocated memory: 8.118 GB.
INFO: [BIND 205-100] Starting micro-architecture generation ...
INFO: [BIND 205-101] Performing variable lifetime analysis.
INFO: [BIND 205-101] Exploring resource sharing.
INFO: [BIND 205-101] Binding ...
INFO: [BIND 205-100] Finished micro-architecture generation.
INFO: [HLS 200-111] Finished Binding: CPU user time: 1 seconds. CPU system time: 0 seconds. Elapsed time: 0.066 seconds; current allocated memory: 8.118 GB.
INFO: [HLS 200-10] ----------------------------------------------------------------
INFO: [HLS 200-42] -- Implementing module 'run_pwconv_Pipeline_VITIS_LOOP_155_820' 
INFO: [HLS 200-10] ----------------------------------------------------------------
INFO: [SCHED 204-11] Starting scheduling ...
INFO: [HLS 200-486] Changing DSP latency (root=acc) to 3 in order to utilize available DSP registers.
INFO: [SCHED 204-61] Pipelining loop 'VITIS_LOOP_155_8'.
INFO: [HLS 200-1470] Pipelining result : Target II = NA, Final II = 1, Depth = 5, loop 'VITIS_LOOP_155_8'
INFO: [SCHED 204-11] Finished scheduling.
INFO: [HLS 200-111] Finished Scheduling: CPU user time: 0 seconds. CPU system time: 0 seconds. Elapsed time: 0.124 seconds; current allocated memory: 8.118 GB.
INFO: [BIND 205-100] Starting micro-architecture generation ...
INFO: [BIND 205-101] Performing variable lifetime analysis.
INFO: [BIND 205-101] Exploring resource sharing.
INFO: [BIND 205-101] Binding ...
INFO: [BIND 205-100] Finished micro-architecture generation.
INFO: [HLS 200-111] Finished Binding: CPU user time: 0 seconds. CPU system time: 0 seconds. Elapsed time: 0.066 seconds; current allocated memory: 8.118 GB.
INFO: [HLS 200-10] ----------------------------------------------------------------
INFO: [HLS 200-42] -- Implementing module 'run_pwconv_Pipeline_VITIS_LOOP_155_821' 
INFO: [HLS 200-10] ----------------------------------------------------------------
INFO: [SCHED 204-11] Starting scheduling ...
INFO: [HLS 200-486] Changing DSP latency (root=acc) to 3 in order to utilize available DSP registers.
INFO: [SCHED 204-61] Pipelining loop 'VITIS_LOOP_155_8'.
INFO: [HLS 200-1470] Pipelining result : Target II = NA, Final II = 1, Depth = 5, loop 'VITIS_LOOP_155_8'
INFO: [SCHED 204-11] Finished scheduling.
INFO: [HLS 200-111] Finished Scheduling: CPU user time: 0 seconds. CPU system time: 0 seconds. Elapsed time: 0.126 seconds; current allocated memory: 8.118 GB.
INFO: [BIND 205-100] Starting micro-architecture generation ...
INFO: [BIND 205-101] Performing variable lifetime analysis.
INFO: [BIND 205-101] Exploring resource sharing.
INFO: [BIND 205-101] Binding ...
INFO: [BIND 205-100] Finished micro-architecture generation.
INFO: [HLS 200-111] Finished Binding: CPU user time: 0 seconds. CPU system time: 0 seconds. Elapsed time: 0.067 seconds; current allocated memory: 8.118 GB.
INFO: [HLS 200-10] ----------------------------------------------------------------
INFO: [HLS 200-42] -- Implementing module 'run_pwconv_Pipeline_VITIS_LOOP_155_822' 
INFO: [HLS 200-10] ----------------------------------------------------------------
INFO: [SCHED 204-11] Starting scheduling ...
INFO: [HLS 200-486] Changing DSP latency (root=acc) to 3 in order to utilize available DSP registers.
INFO: [SCHED 204-61] Pipelining loop 'VITIS_LOOP_155_8'.
INFO: [HLS 200-1470] Pipelining result : Target II = NA, Final II = 1, Depth = 5, loop 'VITIS_LOOP_155_8'
INFO: [SCHED 204-11] Finished scheduling.
INFO: [HLS 200-111] Finished Scheduling: CPU user time: 0 seconds. CPU system time: 0 seconds. Elapsed time: 0.124 seconds; current allocated memory: 8.118 GB.
INFO: [BIND 205-100] Starting micro-architecture generation ...
INFO: [BIND 205-101] Performing variable lifetime analysis.
INFO: [BIND 205-101] Exploring resource sharing.
INFO: [BIND 205-101] Binding ...
INFO: [BIND 205-100] Finished micro-architecture generation.
INFO: [HLS 200-111] Finished Binding: CPU user time: 0 seconds. CPU system time: 0 seconds. Elapsed time: 0.067 seconds; current allocated memory: 8.118 GB.
INFO: [HLS 200-10] ----------------------------------------------------------------
INFO: [HLS 200-42] -- Implementing module 'run_pwconv_Pipeline_VITIS_LOOP_155_823' 
INFO: [HLS 200-10] ----------------------------------------------------------------
INFO: [SCHED 204-11] Starting scheduling ...
INFO: [HLS 200-486] Changing DSP latency (root=acc) to 3 in order to utilize available DSP registers.
INFO: [SCHED 204-61] Pipelining loop 'VITIS_LOOP_155_8'.
INFO: [HLS 200-1470] Pipelining result : Target II = NA, Final II = 1, Depth = 5, loop 'VITIS_LOOP_155_8'
INFO: [SCHED 204-11] Finished scheduling.
INFO: [HLS 200-111] Finished Scheduling: CPU user time: 0 seconds. CPU system time: 0 seconds. Elapsed time: 0.125 seconds; current allocated memory: 8.118 GB.
INFO: [BIND 205-100] Starting micro-architecture generation ...
INFO: [BIND 205-101] Performing variable lifetime analysis.
INFO: [BIND 205-101] Exploring resource sharing.
INFO: [BIND 205-101] Binding ...
INFO: [BIND 205-100] Finished micro-architecture generation.
INFO: [HLS 200-111] Finished Binding: CPU user time: 0 seconds. CPU system time: 0 seconds. Elapsed time: 0.068 seconds; current allocated memory: 8.118 GB.
INFO: [HLS 200-10] ----------------------------------------------------------------
INFO: [HLS 200-42] -- Implementing module 'run_pwconv_Pipeline_VITIS_LOOP_155_824' 
INFO: [HLS 200-10] ----------------------------------------------------------------
INFO: [SCHED 204-11] Starting scheduling ...
INFO: [HLS 200-486] Changing DSP latency (root=acc) to 3 in order to utilize available DSP registers.
INFO: [SCHED 204-61] Pipelining loop 'VITIS_LOOP_155_8'.
INFO: [HLS 200-1470] Pipelining result : Target II = NA, Final II = 1, Depth = 5, loop 'VITIS_LOOP_155_8'
INFO: [SCHED 204-11] Finished scheduling.
INFO: [HLS 200-111] Finished Scheduling: CPU user time: 0 seconds. CPU system time: 0 seconds. Elapsed time: 0.125 seconds; current allocated memory: 8.118 GB.
INFO: [BIND 205-100] Starting micro-architecture generation ...
INFO: [BIND 205-101] Performing variable lifetime analysis.
INFO: [BIND 205-101] Exploring resource sharing.
INFO: [BIND 205-101] Binding ...
INFO: [BIND 205-100] Finished micro-architecture generation.
INFO: [HLS 200-111] Finished Binding: CPU user time: 0 seconds. CPU system time: 0 seconds. Elapsed time: 0.068 seconds; current allocated memory: 8.118 GB.
INFO: [HLS 200-10] ----------------------------------------------------------------
INFO: [HLS 200-42] -- Implementing module 'run_pwconv_Pipeline_VITIS_LOOP_155_825' 
INFO: [HLS 200-10] ----------------------------------------------------------------
INFO: [SCHED 204-11] Starting scheduling ...
INFO: [HLS 200-486] Changing DSP latency (root=acc) to 3 in order to utilize available DSP registers.
INFO: [SCHED 204-61] Pipelining loop 'VITIS_LOOP_155_8'.
INFO: [HLS 200-1470] Pipelining result : Target II = NA, Final II = 1, Depth = 5, loop 'VITIS_LOOP_155_8'
INFO: [SCHED 204-11] Finished scheduling.
INFO: [HLS 200-111] Finished Scheduling: CPU user time: 0 seconds. CPU system time: 0 seconds. Elapsed time: 0.125 seconds; current allocated memory: 8.118 GB.
INFO: [BIND 205-100] Starting micro-architecture generation ...
INFO: [BIND 205-101] Performing variable lifetime analysis.
INFO: [BIND 205-101] Exploring resource sharing.
INFO: [BIND 205-101] Binding ...
INFO: [BIND 205-100] Finished micro-architecture generation.
INFO: [HLS 200-111] Finished Binding: CPU user time: 0 seconds. CPU system time: 0 seconds. Elapsed time: 0.067 seconds; current allocated memory: 8.118 GB.
INFO: [HLS 200-10] ----------------------------------------------------------------
INFO: [HLS 200-42] -- Implementing module 'run_pwconv_Pipeline_VITIS_LOOP_155_826' 
INFO: [HLS 200-10] ----------------------------------------------------------------
INFO: [SCHED 204-11] Starting scheduling ...
INFO: [HLS 200-486] Changing DSP latency (root=acc_76) to 3 in order to utilize available DSP registers.
INFO: [SCHED 204-61] Pipelining loop 'VITIS_LOOP_155_8'.
INFO: [HLS 200-1470] Pipelining result : Target II = NA, Final II = 1, Depth = 5, loop 'VITIS_LOOP_155_8'
INFO: [SCHED 204-11] Finished scheduling.
INFO: [HLS 200-111] Finished Scheduling: CPU user time: 0 seconds. CPU system time: 0 seconds. Elapsed time: 0.127 seconds; current allocated memory: 8.118 GB.
INFO: [BIND 205-100] Starting micro-architecture generation ...
INFO: [BIND 205-101] Performing variable lifetime analysis.
INFO: [BIND 205-101] Exploring resource sharing.
INFO: [BIND 205-101] Binding ...
INFO: [BIND 205-100] Finished micro-architecture generation.
INFO: [HLS 200-111] Finished Binding: CPU user time: 1 seconds. CPU system time: 0 seconds. Elapsed time: 0.068 seconds; current allocated memory: 8.118 GB.
INFO: [HLS 200-10] ----------------------------------------------------------------
INFO: [HLS 200-42] -- Implementing module 'run_pwconv_Pipeline_VITIS_LOOP_155_827' 
INFO: [HLS 200-10] ----------------------------------------------------------------
INFO: [SCHED 204-11] Starting scheduling ...
INFO: [HLS 200-486] Changing DSP latency (root=acc_75) to 3 in order to utilize available DSP registers.
INFO: [SCHED 204-61] Pipelining loop 'VITIS_LOOP_155_8'.
INFO: [HLS 200-1470] Pipelining result : Target II = NA, Final II = 1, Depth = 5, loop 'VITIS_LOOP_155_8'
INFO: [SCHED 204-11] Finished scheduling.
INFO: [HLS 200-111] Finished Scheduling: CPU user time: 0 seconds. CPU system time: 0 seconds. Elapsed time: 0.128 seconds; current allocated memory: 8.118 GB.
INFO: [BIND 205-100] Starting micro-architecture generation ...
INFO: [BIND 205-101] Performing variable lifetime analysis.
INFO: [BIND 205-101] Exploring resource sharing.
INFO: [BIND 205-101] Binding ...
INFO: [BIND 205-100] Finished micro-architecture generation.
INFO: [HLS 200-111] Finished Binding: CPU user time: 0 seconds. CPU system time: 0 seconds. Elapsed time: 0.067 seconds; current allocated memory: 8.118 GB.
INFO: [HLS 200-10] ----------------------------------------------------------------
INFO: [HLS 200-42] -- Implementing module 'run_pwconv_Pipeline_VITIS_LOOP_155_828' 
INFO: [HLS 200-10] ----------------------------------------------------------------
INFO: [SCHED 204-11] Starting scheduling ...
INFO: [HLS 200-486] Changing DSP latency (root=acc_74) to 3 in order to utilize available DSP registers.
INFO: [SCHED 204-61] Pipelining loop 'VITIS_LOOP_155_8'.
INFO: [HLS 200-1470] Pipelining result : Target II = NA, Final II = 1, Depth = 5, loop 'VITIS_LOOP_155_8'
INFO: [SCHED 204-11] Finished scheduling.
INFO: [HLS 200-111] Finished Scheduling: CPU user time: 0 seconds. CPU system time: 0 seconds. Elapsed time: 0.129 seconds; current allocated memory: 8.118 GB.
INFO: [BIND 205-100] Starting micro-architecture generation ...
INFO: [BIND 205-101] Performing variable lifetime analysis.
INFO: [BIND 205-101] Exploring resource sharing.
INFO: [BIND 205-101] Binding ...
INFO: [BIND 205-100] Finished micro-architecture generation.
INFO: [HLS 200-111] Finished Binding: CPU user time: 0 seconds. CPU system time: 0 seconds. Elapsed time: 0.069 seconds; current allocated memory: 8.118 GB.
INFO: [HLS 200-10] ----------------------------------------------------------------
INFO: [HLS 200-42] -- Implementing module 'run_pwconv_Pipeline_VITIS_LOOP_155_829' 
INFO: [HLS 200-10] ----------------------------------------------------------------
INFO: [SCHED 204-11] Starting scheduling ...
INFO: [HLS 200-486] Changing DSP latency (root=acc_73) to 3 in order to utilize available DSP registers.
INFO: [SCHED 204-61] Pipelining loop 'VITIS_LOOP_155_8'.
INFO: [HLS 200-1470] Pipelining result : Target II = NA, Final II = 1, Depth = 5, loop 'VITIS_LOOP_155_8'
INFO: [SCHED 204-11] Finished scheduling.
INFO: [HLS 200-111] Finished Scheduling: CPU user time: 0 seconds. CPU system time: 0 seconds. Elapsed time: 0.128 seconds; current allocated memory: 8.118 GB.
INFO: [BIND 205-100] Starting micro-architecture generation ...
INFO: [BIND 205-101] Performing variable lifetime analysis.
INFO: [BIND 205-101] Exploring resource sharing.
INFO: [BIND 205-101] Binding ...
INFO: [BIND 205-100] Finished micro-architecture generation.
INFO: [HLS 200-111] Finished Binding: CPU user time: 0 seconds. CPU system time: 0 seconds. Elapsed time: 0.069 seconds; current allocated memory: 8.118 GB.
INFO: [HLS 200-10] ----------------------------------------------------------------
INFO: [HLS 200-42] -- Implementing module 'run_pwconv_Pipeline_VITIS_LOOP_155_830' 
INFO: [HLS 200-10] ----------------------------------------------------------------
INFO: [SCHED 204-11] Starting scheduling ...
INFO: [HLS 200-486] Changing DSP latency (root=acc_72) to 3 in order to utilize available DSP registers.
INFO: [SCHED 204-61] Pipelining loop 'VITIS_LOOP_155_8'.
INFO: [HLS 200-1470] Pipelining result : Target II = NA, Final II = 1, Depth = 5, loop 'VITIS_LOOP_155_8'
INFO: [SCHED 204-11] Finished scheduling.
INFO: [HLS 200-111] Finished Scheduling: CPU user time: 0 seconds. CPU system time: 0 seconds. Elapsed time: 0.133 seconds; current allocated memory: 8.118 GB.
INFO: [BIND 205-100] Starting micro-architecture generation ...
INFO: [BIND 205-101] Performing variable lifetime analysis.
INFO: [BIND 205-101] Exploring resource sharing.
INFO: [BIND 205-101] Binding ...
INFO: [BIND 205-100] Finished micro-architecture generation.
INFO: [HLS 200-111] Finished Binding: CPU user time: 0 seconds. CPU system time: 0 seconds. Elapsed time: 0.071 seconds; current allocated memory: 8.118 GB.
INFO: [HLS 200-10] ----------------------------------------------------------------
INFO: [HLS 200-42] -- Implementing module 'run_pwconv_Pipeline_VITIS_LOOP_155_831' 
INFO: [HLS 200-10] ----------------------------------------------------------------
INFO: [SCHED 204-11] Starting scheduling ...
INFO: [HLS 200-486] Changing DSP latency (root=acc_71) to 3 in order to utilize available DSP registers.
INFO: [SCHED 204-61] Pipelining loop 'VITIS_LOOP_155_8'.
INFO: [HLS 200-1470] Pipelining result : Target II = NA, Final II = 1, Depth = 5, loop 'VITIS_LOOP_155_8'
INFO: [SCHED 204-11] Finished scheduling.
INFO: [HLS 200-111] Finished Scheduling: CPU user time: 0 seconds. CPU system time: 0 seconds. Elapsed time: 0.13 seconds; current allocated memory: 8.118 GB.
INFO: [BIND 205-100] Starting micro-architecture generation ...
INFO: [BIND 205-101] Performing variable lifetime analysis.
INFO: [BIND 205-101] Exploring resource sharing.
INFO: [BIND 205-101] Binding ...
INFO: [BIND 205-100] Finished micro-architecture generation.
INFO: [HLS 200-111] Finished Binding: CPU user time: 0 seconds. CPU system time: 0 seconds. Elapsed time: 0.071 seconds; current allocated memory: 8.118 GB.
INFO: [HLS 200-10] ----------------------------------------------------------------
INFO: [HLS 200-42] -- Implementing module 'run_pwconv_Pipeline_VITIS_LOOP_155_832' 
INFO: [HLS 200-10] ----------------------------------------------------------------
INFO: [SCHED 204-11] Starting scheduling ...
INFO: [HLS 200-486] Changing DSP latency (root=acc_70) to 3 in order to utilize available DSP registers.
INFO: [SCHED 204-61] Pipelining loop 'VITIS_LOOP_155_8'.
INFO: [HLS 200-1470] Pipelining result : Target II = NA, Final II = 1, Depth = 5, loop 'VITIS_LOOP_155_8'
INFO: [SCHED 204-11] Finished scheduling.
INFO: [HLS 200-111] Finished Scheduling: CPU user time: 0 seconds. CPU system time: 0 seconds. Elapsed time: 0.131 seconds; current allocated memory: 8.118 GB.
INFO: [BIND 205-100] Starting micro-architecture generation ...
INFO: [BIND 205-101] Performing variable lifetime analysis.
INFO: [BIND 205-101] Exploring resource sharing.
INFO: [BIND 205-101] Binding ...
INFO: [BIND 205-100] Finished micro-architecture generation.
INFO: [HLS 200-111] Finished Binding: CPU user time: 1 seconds. CPU system time: 0 seconds. Elapsed time: 0.07 seconds; current allocated memory: 8.118 GB.
INFO: [HLS 200-10] ----------------------------------------------------------------
INFO: [HLS 200-42] -- Implementing module 'run_pwconv_Pipeline_VITIS_LOOP_155_833' 
INFO: [HLS 200-10] ----------------------------------------------------------------
INFO: [SCHED 204-11] Starting scheduling ...
INFO: [HLS 200-486] Changing DSP latency (root=acc_69) to 3 in order to utilize available DSP registers.
INFO: [SCHED 204-61] Pipelining loop 'VITIS_LOOP_155_8'.
INFO: [HLS 200-1470] Pipelining result : Target II = NA, Final II = 1, Depth = 5, loop 'VITIS_LOOP_155_8'
INFO: [SCHED 204-11] Finished scheduling.
INFO: [HLS 200-111] Finished Scheduling: CPU user time: 0 seconds. CPU system time: 0 seconds. Elapsed time: 0.132 seconds; current allocated memory: 8.118 GB.
INFO: [BIND 205-100] Starting micro-architecture generation ...
INFO: [BIND 205-101] Performing variable lifetime analysis.
INFO: [BIND 205-101] Exploring resource sharing.
INFO: [BIND 205-101] Binding ...
INFO: [BIND 205-100] Finished micro-architecture generation.
INFO: [HLS 200-111] Finished Binding: CPU user time: 0 seconds. CPU system time: 0 seconds. Elapsed time: 0.07 seconds; current allocated memory: 8.118 GB.
INFO: [HLS 200-10] ----------------------------------------------------------------
INFO: [HLS 200-42] -- Implementing module 'run_pwconv_Pipeline_VITIS_LOOP_155_834' 
INFO: [HLS 200-10] ----------------------------------------------------------------
INFO: [SCHED 204-11] Starting scheduling ...
INFO: [HLS 200-486] Changing DSP latency (root=acc_68) to 3 in order to utilize available DSP registers.
INFO: [SCHED 204-61] Pipelining loop 'VITIS_LOOP_155_8'.
INFO: [HLS 200-1470] Pipelining result : Target II = NA, Final II = 1, Depth = 5, loop 'VITIS_LOOP_155_8'
INFO: [SCHED 204-11] Finished scheduling.
INFO: [HLS 200-111] Finished Scheduling: CPU user time: 0 seconds. CPU system time: 0 seconds. Elapsed time: 0.132 seconds; current allocated memory: 8.118 GB.
INFO: [BIND 205-100] Starting micro-architecture generation ...
INFO: [BIND 205-101] Performing variable lifetime analysis.
INFO: [BIND 205-101] Exploring resource sharing.
INFO: [BIND 205-101] Binding ...
INFO: [BIND 205-100] Finished micro-architecture generation.
INFO: [HLS 200-111] Finished Binding: CPU user time: 0 seconds. CPU system time: 0 seconds. Elapsed time: 0.071 seconds; current allocated memory: 8.118 GB.
INFO: [HLS 200-10] ----------------------------------------------------------------
INFO: [HLS 200-42] -- Implementing module 'run_pwconv_Pipeline_VITIS_LOOP_155_835' 
INFO: [HLS 200-10] ----------------------------------------------------------------
INFO: [SCHED 204-11] Starting scheduling ...
INFO: [HLS 200-486] Changing DSP latency (root=acc_67) to 3 in order to utilize available DSP registers.
INFO: [SCHED 204-61] Pipelining loop 'VITIS_LOOP_155_8'.
INFO: [HLS 200-1470] Pipelining result : Target II = NA, Final II = 1, Depth = 5, loop 'VITIS_LOOP_155_8'
INFO: [SCHED 204-11] Finished scheduling.
INFO: [HLS 200-111] Finished Scheduling: CPU user time: 0 seconds. CPU system time: 0 seconds. Elapsed time: 0.136 seconds; current allocated memory: 8.118 GB.
INFO: [BIND 205-100] Starting micro-architecture generation ...
INFO: [BIND 205-101] Performing variable lifetime analysis.
INFO: [BIND 205-101] Exploring resource sharing.
INFO: [BIND 205-101] Binding ...
INFO: [BIND 205-100] Finished micro-architecture generation.
INFO: [HLS 200-111] Finished Binding: CPU user time: 0 seconds. CPU system time: 0 seconds. Elapsed time: 0.072 seconds; current allocated memory: 8.118 GB.
INFO: [HLS 200-10] ----------------------------------------------------------------
INFO: [HLS 200-42] -- Implementing module 'run_pwconv_Pipeline_VITIS_LOOP_155_836' 
INFO: [HLS 200-10] ----------------------------------------------------------------
INFO: [SCHED 204-11] Starting scheduling ...
INFO: [HLS 200-486] Changing DSP latency (root=acc_66) to 3 in order to utilize available DSP registers.
INFO: [SCHED 204-61] Pipelining loop 'VITIS_LOOP_155_8'.
INFO: [HLS 200-1470] Pipelining result : Target II = NA, Final II = 1, Depth = 5, loop 'VITIS_LOOP_155_8'
INFO: [SCHED 204-11] Finished scheduling.
INFO: [HLS 200-111] Finished Scheduling: CPU user time: 0 seconds. CPU system time: 0 seconds. Elapsed time: 0.133 seconds; current allocated memory: 8.118 GB.
INFO: [BIND 205-100] Starting micro-architecture generation ...
INFO: [BIND 205-101] Performing variable lifetime analysis.
INFO: [BIND 205-101] Exploring resource sharing.
INFO: [BIND 205-101] Binding ...
INFO: [BIND 205-100] Finished micro-architecture generation.
INFO: [HLS 200-111] Finished Binding: CPU user time: 0 seconds. CPU system time: 0 seconds. Elapsed time: 0.072 seconds; current allocated memory: 8.118 GB.
INFO: [HLS 200-10] ----------------------------------------------------------------
INFO: [HLS 200-42] -- Implementing module 'run_pwconv_Pipeline_VITIS_LOOP_155_837' 
INFO: [HLS 200-10] ----------------------------------------------------------------
INFO: [SCHED 204-11] Starting scheduling ...
INFO: [HLS 200-486] Changing DSP latency (root=acc_65) to 3 in order to utilize available DSP registers.
INFO: [SCHED 204-61] Pipelining loop 'VITIS_LOOP_155_8'.
INFO: [HLS 200-1470] Pipelining result : Target II = NA, Final II = 1, Depth = 5, loop 'VITIS_LOOP_155_8'
INFO: [SCHED 204-11] Finished scheduling.
INFO: [HLS 200-111] Finished Scheduling: CPU user time: 0 seconds. CPU system time: 0 seconds. Elapsed time: 0.136 seconds; current allocated memory: 8.118 GB.
INFO: [BIND 205-100] Starting micro-architecture generation ...
INFO: [BIND 205-101] Performing variable lifetime analysis.
INFO: [BIND 205-101] Exploring resource sharing.
INFO: [BIND 205-101] Binding ...
INFO: [BIND 205-100] Finished micro-architecture generation.
INFO: [HLS 200-111] Finished Binding: CPU user time: 0 seconds. CPU system time: 0 seconds. Elapsed time: 0.073 seconds; current allocated memory: 8.118 GB.
INFO: [HLS 200-10] ----------------------------------------------------------------
INFO: [HLS 200-42] -- Implementing module 'run_pwconv_Pipeline_VITIS_LOOP_155_838' 
INFO: [HLS 200-10] ----------------------------------------------------------------
INFO: [SCHED 204-11] Starting scheduling ...
INFO: [HLS 200-486] Changing DSP latency (root=acc_64) to 3 in order to utilize available DSP registers.
INFO: [SCHED 204-61] Pipelining loop 'VITIS_LOOP_155_8'.
INFO: [HLS 200-1470] Pipelining result : Target II = NA, Final II = 1, Depth = 5, loop 'VITIS_LOOP_155_8'
INFO: [SCHED 204-11] Finished scheduling.
INFO: [HLS 200-111] Finished Scheduling: CPU user time: 0 seconds. CPU system time: 0 seconds. Elapsed time: 0.137 seconds; current allocated memory: 8.118 GB.
INFO: [BIND 205-100] Starting micro-architecture generation ...
INFO: [BIND 205-101] Performing variable lifetime analysis.
INFO: [BIND 205-101] Exploring resource sharing.
INFO: [BIND 205-101] Binding ...
INFO: [BIND 205-100] Finished micro-architecture generation.
INFO: [HLS 200-111] Finished Binding: CPU user time: 0 seconds. CPU system time: 0 seconds. Elapsed time: 0.074 seconds; current allocated memory: 8.118 GB.
INFO: [HLS 200-10] ----------------------------------------------------------------
INFO: [HLS 200-42] -- Implementing module 'run_pwconv_Pipeline_VITIS_LOOP_155_839' 
INFO: [HLS 200-10] ----------------------------------------------------------------
INFO: [SCHED 204-11] Starting scheduling ...
INFO: [HLS 200-486] Changing DSP latency (root=acc_63) to 3 in order to utilize available DSP registers.
INFO: [SCHED 204-61] Pipelining loop 'VITIS_LOOP_155_8'.
INFO: [HLS 200-1470] Pipelining result : Target II = NA, Final II = 1, Depth = 5, loop 'VITIS_LOOP_155_8'
INFO: [SCHED 204-11] Finished scheduling.
INFO: [HLS 200-111] Finished Scheduling: CPU user time: 1 seconds. CPU system time: 0 seconds. Elapsed time: 0.137 seconds; current allocated memory: 8.118 GB.
INFO: [BIND 205-100] Starting micro-architecture generation ...
INFO: [BIND 205-101] Performing variable lifetime analysis.
INFO: [BIND 205-101] Exploring resource sharing.
INFO: [BIND 205-101] Binding ...
INFO: [BIND 205-100] Finished micro-architecture generation.
INFO: [HLS 200-111] Finished Binding: CPU user time: 0 seconds. CPU system time: 0 seconds. Elapsed time: 0.074 seconds; current allocated memory: 8.118 GB.
INFO: [HLS 200-10] ----------------------------------------------------------------
INFO: [HLS 200-42] -- Implementing module 'run_pwconv_Pipeline_VITIS_LOOP_155_840' 
INFO: [HLS 200-10] ----------------------------------------------------------------
INFO: [SCHED 204-11] Starting scheduling ...
INFO: [HLS 200-486] Changing DSP latency (root=acc_62) to 3 in order to utilize available DSP registers.
INFO: [SCHED 204-61] Pipelining loop 'VITIS_LOOP_155_8'.
INFO: [HLS 200-1470] Pipelining result : Target II = NA, Final II = 1, Depth = 5, loop 'VITIS_LOOP_155_8'
INFO: [SCHED 204-11] Finished scheduling.
INFO: [HLS 200-111] Finished Scheduling: CPU user time: 0 seconds. CPU system time: 0 seconds. Elapsed time: 0.139 seconds; current allocated memory: 8.118 GB.
INFO: [BIND 205-100] Starting micro-architecture generation ...
INFO: [BIND 205-101] Performing variable lifetime analysis.
INFO: [BIND 205-101] Exploring resource sharing.
INFO: [BIND 205-101] Binding ...
INFO: [BIND 205-100] Finished micro-architecture generation.
INFO: [HLS 200-111] Finished Binding: CPU user time: 0 seconds. CPU system time: 0 seconds. Elapsed time: 0.074 seconds; current allocated memory: 8.118 GB.
INFO: [HLS 200-10] ----------------------------------------------------------------
INFO: [HLS 200-42] -- Implementing module 'run_pwconv_Pipeline_VITIS_LOOP_155_841' 
INFO: [HLS 200-10] ----------------------------------------------------------------
INFO: [SCHED 204-11] Starting scheduling ...
INFO: [HLS 200-486] Changing DSP latency (root=acc_61) to 3 in order to utilize available DSP registers.
INFO: [SCHED 204-61] Pipelining loop 'VITIS_LOOP_155_8'.
INFO: [HLS 200-1470] Pipelining result : Target II = NA, Final II = 1, Depth = 5, loop 'VITIS_LOOP_155_8'
INFO: [SCHED 204-11] Finished scheduling.
INFO: [HLS 200-111] Finished Scheduling: CPU user time: 0 seconds. CPU system time: 0 seconds. Elapsed time: 0.146 seconds; current allocated memory: 8.118 GB.
INFO: [BIND 205-100] Starting micro-architecture generation ...
INFO: [BIND 205-101] Performing variable lifetime analysis.
INFO: [BIND 205-101] Exploring resource sharing.
INFO: [BIND 205-101] Binding ...
INFO: [BIND 205-100] Finished micro-architecture generation.
INFO: [HLS 200-111] Finished Binding: CPU user time: 0 seconds. CPU system time: 0 seconds. Elapsed time: 0.09 seconds; current allocated memory: 8.118 GB.
INFO: [HLS 200-10] ----------------------------------------------------------------
INFO: [HLS 200-42] -- Implementing module 'run_pwconv_Pipeline_VITIS_LOOP_155_842' 
INFO: [HLS 200-10] ----------------------------------------------------------------
INFO: [SCHED 204-11] Starting scheduling ...
INFO: [HLS 200-486] Changing DSP latency (root=acc_60) to 3 in order to utilize available DSP registers.
INFO: [SCHED 204-61] Pipelining loop 'VITIS_LOOP_155_8'.
INFO: [HLS 200-1470] Pipelining result : Target II = NA, Final II = 1, Depth = 5, loop 'VITIS_LOOP_155_8'
INFO: [SCHED 204-11] Finished scheduling.
INFO: [HLS 200-111] Finished Scheduling: CPU user time: 0 seconds. CPU system time: 0 seconds. Elapsed time: 0.155 seconds; current allocated memory: 8.118 GB.
INFO: [BIND 205-100] Starting micro-architecture generation ...
INFO: [BIND 205-101] Performing variable lifetime analysis.
INFO: [BIND 205-101] Exploring resource sharing.
INFO: [BIND 205-101] Binding ...
INFO: [BIND 205-100] Finished micro-architecture generation.
INFO: [HLS 200-111] Finished Binding: CPU user time: 0 seconds. CPU system time: 0 seconds. Elapsed time: 0.074 seconds; current allocated memory: 8.118 GB.
INFO: [HLS 200-10] ----------------------------------------------------------------
INFO: [HLS 200-42] -- Implementing module 'run_pwconv_Pipeline_VITIS_LOOP_155_843' 
INFO: [HLS 200-10] ----------------------------------------------------------------
INFO: [SCHED 204-11] Starting scheduling ...
INFO: [HLS 200-486] Changing DSP latency (root=acc_59) to 3 in order to utilize available DSP registers.
INFO: [SCHED 204-61] Pipelining loop 'VITIS_LOOP_155_8'.
INFO: [HLS 200-1470] Pipelining result : Target II = NA, Final II = 1, Depth = 5, loop 'VITIS_LOOP_155_8'
INFO: [SCHED 204-11] Finished scheduling.
INFO: [HLS 200-111] Finished Scheduling: CPU user time: 0 seconds. CPU system time: 0 seconds. Elapsed time: 0.139 seconds; current allocated memory: 8.118 GB.
INFO: [BIND 205-100] Starting micro-architecture generation ...
INFO: [BIND 205-101] Performing variable lifetime analysis.
INFO: [BIND 205-101] Exploring resource sharing.
INFO: [BIND 205-101] Binding ...
INFO: [BIND 205-100] Finished micro-architecture generation.
INFO: [HLS 200-111] Finished Binding: CPU user time: 0 seconds. CPU system time: 0 seconds. Elapsed time: 0.077 seconds; current allocated memory: 8.118 GB.
INFO: [HLS 200-10] ----------------------------------------------------------------
INFO: [HLS 200-42] -- Implementing module 'run_pwconv_Pipeline_VITIS_LOOP_155_844' 
INFO: [HLS 200-10] ----------------------------------------------------------------
INFO: [SCHED 204-11] Starting scheduling ...
INFO: [HLS 200-486] Changing DSP latency (root=acc_58) to 3 in order to utilize available DSP registers.
INFO: [SCHED 204-61] Pipelining loop 'VITIS_LOOP_155_8'.
INFO: [HLS 200-1470] Pipelining result : Target II = NA, Final II = 1, Depth = 5, loop 'VITIS_LOOP_155_8'
INFO: [SCHED 204-11] Finished scheduling.
INFO: [HLS 200-111] Finished Scheduling: CPU user time: 0 seconds. CPU system time: 0 seconds. Elapsed time: 0.14 seconds; current allocated memory: 8.118 GB.
INFO: [BIND 205-100] Starting micro-architecture generation ...
INFO: [BIND 205-101] Performing variable lifetime analysis.
INFO: [BIND 205-101] Exploring resource sharing.
INFO: [BIND 205-101] Binding ...
INFO: [BIND 205-100] Finished micro-architecture generation.
INFO: [HLS 200-111] Finished Binding: CPU user time: 0 seconds. CPU system time: 0 seconds. Elapsed time: 0.077 seconds; current allocated memory: 8.118 GB.
INFO: [HLS 200-10] ----------------------------------------------------------------
INFO: [HLS 200-42] -- Implementing module 'run_pwconv_Pipeline_VITIS_LOOP_155_845' 
INFO: [HLS 200-10] ----------------------------------------------------------------
INFO: [SCHED 204-11] Starting scheduling ...
INFO: [HLS 200-486] Changing DSP latency (root=acc_57) to 3 in order to utilize available DSP registers.
INFO: [SCHED 204-61] Pipelining loop 'VITIS_LOOP_155_8'.
INFO: [HLS 200-1470] Pipelining result : Target II = NA, Final II = 1, Depth = 5, loop 'VITIS_LOOP_155_8'
INFO: [SCHED 204-11] Finished scheduling.
INFO: [HLS 200-111] Finished Scheduling: CPU user time: 1 seconds. CPU system time: 0 seconds. Elapsed time: 0.144 seconds; current allocated memory: 8.118 GB.
INFO: [BIND 205-100] Starting micro-architecture generation ...
INFO: [BIND 205-101] Performing variable lifetime analysis.
INFO: [BIND 205-101] Exploring resource sharing.
INFO: [BIND 205-101] Binding ...
INFO: [BIND 205-100] Finished micro-architecture generation.
INFO: [HLS 200-111] Finished Binding: CPU user time: 0 seconds. CPU system time: 0 seconds. Elapsed time: 0.082 seconds; current allocated memory: 8.118 GB.
INFO: [HLS 200-10] ----------------------------------------------------------------
INFO: [HLS 200-42] -- Implementing module 'run_pwconv_Pipeline_VITIS_LOOP_155_846' 
INFO: [HLS 200-10] ----------------------------------------------------------------
INFO: [SCHED 204-11] Starting scheduling ...
INFO: [HLS 200-486] Changing DSP latency (root=acc_56) to 3 in order to utilize available DSP registers.
INFO: [SCHED 204-61] Pipelining loop 'VITIS_LOOP_155_8'.
INFO: [HLS 200-1470] Pipelining result : Target II = NA, Final II = 1, Depth = 5, loop 'VITIS_LOOP_155_8'
INFO: [SCHED 204-11] Finished scheduling.
INFO: [HLS 200-111] Finished Scheduling: CPU user time: 0 seconds. CPU system time: 0 seconds. Elapsed time: 0.152 seconds; current allocated memory: 8.118 GB.
INFO: [BIND 205-100] Starting micro-architecture generation ...
INFO: [BIND 205-101] Performing variable lifetime analysis.
INFO: [BIND 205-101] Exploring resource sharing.
INFO: [BIND 205-101] Binding ...
INFO: [BIND 205-100] Finished micro-architecture generation.
INFO: [HLS 200-111] Finished Binding: CPU user time: 0 seconds. CPU system time: 0 seconds. Elapsed time: 0.084 seconds; current allocated memory: 8.118 GB.
INFO: [HLS 200-10] ----------------------------------------------------------------
INFO: [HLS 200-42] -- Implementing module 'run_pwconv_Pipeline_VITIS_LOOP_155_847' 
INFO: [HLS 200-10] ----------------------------------------------------------------
INFO: [SCHED 204-11] Starting scheduling ...
INFO: [HLS 200-486] Changing DSP latency (root=acc_55) to 3 in order to utilize available DSP registers.
INFO: [SCHED 204-61] Pipelining loop 'VITIS_LOOP_155_8'.
INFO: [HLS 200-1470] Pipelining result : Target II = NA, Final II = 1, Depth = 5, loop 'VITIS_LOOP_155_8'
INFO: [SCHED 204-11] Finished scheduling.
INFO: [HLS 200-111] Finished Scheduling: CPU user time: 0 seconds. CPU system time: 0 seconds. Elapsed time: 0.151 seconds; current allocated memory: 8.118 GB.
INFO: [BIND 205-100] Starting micro-architecture generation ...
INFO: [BIND 205-101] Performing variable lifetime analysis.
INFO: [BIND 205-101] Exploring resource sharing.
INFO: [BIND 205-101] Binding ...
INFO: [BIND 205-100] Finished micro-architecture generation.
INFO: [HLS 200-111] Finished Binding: CPU user time: 0 seconds. CPU system time: 0 seconds. Elapsed time: 0.087 seconds; current allocated memory: 8.118 GB.
INFO: [HLS 200-10] ----------------------------------------------------------------
INFO: [HLS 200-42] -- Implementing module 'run_pwconv_Pipeline_VITIS_LOOP_155_848' 
INFO: [HLS 200-10] ----------------------------------------------------------------
INFO: [SCHED 204-11] Starting scheduling ...
INFO: [HLS 200-486] Changing DSP latency (root=acc_54) to 3 in order to utilize available DSP registers.
INFO: [SCHED 204-61] Pipelining loop 'VITIS_LOOP_155_8'.
INFO: [HLS 200-1470] Pipelining result : Target II = NA, Final II = 1, Depth = 5, loop 'VITIS_LOOP_155_8'
INFO: [SCHED 204-11] Finished scheduling.
INFO: [HLS 200-111] Finished Scheduling: CPU user time: 0 seconds. CPU system time: 0 seconds. Elapsed time: 0.152 seconds; current allocated memory: 8.118 GB.
INFO: [BIND 205-100] Starting micro-architecture generation ...
INFO: [BIND 205-101] Performing variable lifetime analysis.
INFO: [BIND 205-101] Exploring resource sharing.
INFO: [BIND 205-101] Binding ...
INFO: [BIND 205-100] Finished micro-architecture generation.
INFO: [HLS 200-111] Finished Binding: CPU user time: 0 seconds. CPU system time: 0 seconds. Elapsed time: 0.085 seconds; current allocated memory: 8.118 GB.
INFO: [HLS 200-10] ----------------------------------------------------------------
INFO: [HLS 200-42] -- Implementing module 'run_pwconv_Pipeline_VITIS_LOOP_155_849' 
INFO: [HLS 200-10] ----------------------------------------------------------------
INFO: [SCHED 204-11] Starting scheduling ...
INFO: [HLS 200-486] Changing DSP latency (root=acc_53) to 3 in order to utilize available DSP registers.
INFO: [SCHED 204-61] Pipelining loop 'VITIS_LOOP_155_8'.
INFO: [HLS 200-1470] Pipelining result : Target II = NA, Final II = 1, Depth = 5, loop 'VITIS_LOOP_155_8'
INFO: [SCHED 204-11] Finished scheduling.
INFO: [HLS 200-111] Finished Scheduling: CPU user time: 0 seconds. CPU system time: 0 seconds. Elapsed time: 0.144 seconds; current allocated memory: 8.118 GB.
INFO: [BIND 205-100] Starting micro-architecture generation ...
INFO: [BIND 205-101] Performing variable lifetime analysis.
INFO: [BIND 205-101] Exploring resource sharing.
INFO: [BIND 205-101] Binding ...
INFO: [BIND 205-100] Finished micro-architecture generation.
INFO: [HLS 200-111] Finished Binding: CPU user time: 0 seconds. CPU system time: 0 seconds. Elapsed time: 0.08 seconds; current allocated memory: 8.118 GB.
INFO: [HLS 200-10] ----------------------------------------------------------------
INFO: [HLS 200-42] -- Implementing module 'run_pwconv_Pipeline_VITIS_LOOP_155_850' 
INFO: [HLS 200-10] ----------------------------------------------------------------
INFO: [SCHED 204-11] Starting scheduling ...
INFO: [HLS 200-486] Changing DSP latency (root=acc_52) to 3 in order to utilize available DSP registers.
INFO: [SCHED 204-61] Pipelining loop 'VITIS_LOOP_155_8'.
INFO: [HLS 200-1470] Pipelining result : Target II = NA, Final II = 1, Depth = 5, loop 'VITIS_LOOP_155_8'
INFO: [SCHED 204-11] Finished scheduling.
INFO: [HLS 200-111] Finished Scheduling: CPU user time: 0 seconds. CPU system time: 0 seconds. Elapsed time: 0.145 seconds; current allocated memory: 8.118 GB.
INFO: [BIND 205-100] Starting micro-architecture generation ...
INFO: [BIND 205-101] Performing variable lifetime analysis.
INFO: [BIND 205-101] Exploring resource sharing.
INFO: [BIND 205-101] Binding ...
INFO: [BIND 205-100] Finished micro-architecture generation.
INFO: [HLS 200-111] Finished Binding: CPU user time: 1 seconds. CPU system time: 0 seconds. Elapsed time: 0.079 seconds; current allocated memory: 8.118 GB.
INFO: [HLS 200-10] ----------------------------------------------------------------
INFO: [HLS 200-42] -- Implementing module 'run_pwconv_Pipeline_VITIS_LOOP_155_851' 
INFO: [HLS 200-10] ----------------------------------------------------------------
INFO: [SCHED 204-11] Starting scheduling ...
INFO: [HLS 200-486] Changing DSP latency (root=acc_51) to 3 in order to utilize available DSP registers.
INFO: [SCHED 204-61] Pipelining loop 'VITIS_LOOP_155_8'.
INFO: [HLS 200-1470] Pipelining result : Target II = NA, Final II = 1, Depth = 5, loop 'VITIS_LOOP_155_8'
INFO: [SCHED 204-11] Finished scheduling.
INFO: [HLS 200-111] Finished Scheduling: CPU user time: 0 seconds. CPU system time: 0 seconds. Elapsed time: 0.15 seconds; current allocated memory: 8.118 GB.
INFO: [BIND 205-100] Starting micro-architecture generation ...
INFO: [BIND 205-101] Performing variable lifetime analysis.
INFO: [BIND 205-101] Exploring resource sharing.
INFO: [BIND 205-101] Binding ...
INFO: [BIND 205-100] Finished micro-architecture generation.
INFO: [HLS 200-111] Finished Binding: CPU user time: 0 seconds. CPU system time: 0 seconds. Elapsed time: 0.079 seconds; current allocated memory: 8.118 GB.
INFO: [HLS 200-10] ----------------------------------------------------------------
INFO: [HLS 200-42] -- Implementing module 'run_pwconv_Pipeline_VITIS_LOOP_155_852' 
INFO: [HLS 200-10] ----------------------------------------------------------------
INFO: [SCHED 204-11] Starting scheduling ...
INFO: [HLS 200-486] Changing DSP latency (root=acc_50) to 3 in order to utilize available DSP registers.
INFO: [SCHED 204-61] Pipelining loop 'VITIS_LOOP_155_8'.
INFO: [HLS 200-1470] Pipelining result : Target II = NA, Final II = 1, Depth = 5, loop 'VITIS_LOOP_155_8'
INFO: [SCHED 204-11] Finished scheduling.
INFO: [HLS 200-111] Finished Scheduling: CPU user time: 0 seconds. CPU system time: 0 seconds. Elapsed time: 0.148 seconds; current allocated memory: 8.118 GB.
INFO: [BIND 205-100] Starting micro-architecture generation ...
INFO: [BIND 205-101] Performing variable lifetime analysis.
INFO: [BIND 205-101] Exploring resource sharing.
INFO: [BIND 205-101] Binding ...
INFO: [BIND 205-100] Finished micro-architecture generation.
INFO: [HLS 200-111] Finished Binding: CPU user time: 0 seconds. CPU system time: 0 seconds. Elapsed time: 0.082 seconds; current allocated memory: 8.118 GB.
INFO: [HLS 200-10] ----------------------------------------------------------------
INFO: [HLS 200-42] -- Implementing module 'run_pwconv_Pipeline_VITIS_LOOP_155_853' 
INFO: [HLS 200-10] ----------------------------------------------------------------
INFO: [SCHED 204-11] Starting scheduling ...
INFO: [HLS 200-486] Changing DSP latency (root=acc_49) to 3 in order to utilize available DSP registers.
INFO: [SCHED 204-61] Pipelining loop 'VITIS_LOOP_155_8'.
INFO: [HLS 200-1470] Pipelining result : Target II = NA, Final II = 1, Depth = 5, loop 'VITIS_LOOP_155_8'
INFO: [SCHED 204-11] Finished scheduling.
INFO: [HLS 200-111] Finished Scheduling: CPU user time: 0 seconds. CPU system time: 0 seconds. Elapsed time: 0.147 seconds; current allocated memory: 8.118 GB.
INFO: [BIND 205-100] Starting micro-architecture generation ...
INFO: [BIND 205-101] Performing variable lifetime analysis.
INFO: [BIND 205-101] Exploring resource sharing.
INFO: [BIND 205-101] Binding ...
INFO: [BIND 205-100] Finished micro-architecture generation.
INFO: [HLS 200-111] Finished Binding: CPU user time: 0 seconds. CPU system time: 0 seconds. Elapsed time: 0.081 seconds; current allocated memory: 8.118 GB.
INFO: [HLS 200-10] ----------------------------------------------------------------
INFO: [HLS 200-42] -- Implementing module 'run_pwconv_Pipeline_VITIS_LOOP_155_854' 
INFO: [HLS 200-10] ----------------------------------------------------------------
INFO: [SCHED 204-11] Starting scheduling ...
INFO: [HLS 200-486] Changing DSP latency (root=acc_48) to 3 in order to utilize available DSP registers.
INFO: [SCHED 204-61] Pipelining loop 'VITIS_LOOP_155_8'.
INFO: [HLS 200-1470] Pipelining result : Target II = NA, Final II = 1, Depth = 5, loop 'VITIS_LOOP_155_8'
INFO: [SCHED 204-11] Finished scheduling.
INFO: [HLS 200-111] Finished Scheduling: CPU user time: 0 seconds. CPU system time: 0 seconds. Elapsed time: 0.149 seconds; current allocated memory: 8.118 GB.
INFO: [BIND 205-100] Starting micro-architecture generation ...
INFO: [BIND 205-101] Performing variable lifetime analysis.
INFO: [BIND 205-101] Exploring resource sharing.
INFO: [BIND 205-101] Binding ...
INFO: [BIND 205-100] Finished micro-architecture generation.
INFO: [HLS 200-111] Finished Binding: CPU user time: 0 seconds. CPU system time: 0 seconds. Elapsed time: 0.083 seconds; current allocated memory: 8.118 GB.
INFO: [HLS 200-10] ----------------------------------------------------------------
INFO: [HLS 200-42] -- Implementing module 'run_pwconv_Pipeline_VITIS_LOOP_155_855' 
INFO: [HLS 200-10] ----------------------------------------------------------------
INFO: [SCHED 204-11] Starting scheduling ...
INFO: [HLS 200-486] Changing DSP latency (root=acc_47) to 3 in order to utilize available DSP registers.
INFO: [SCHED 204-61] Pipelining loop 'VITIS_LOOP_155_8'.
INFO: [HLS 200-1470] Pipelining result : Target II = NA, Final II = 1, Depth = 5, loop 'VITIS_LOOP_155_8'
INFO: [SCHED 204-11] Finished scheduling.
INFO: [HLS 200-111] Finished Scheduling: CPU user time: 0 seconds. CPU system time: 0 seconds. Elapsed time: 0.148 seconds; current allocated memory: 8.118 GB.
INFO: [BIND 205-100] Starting micro-architecture generation ...
INFO: [BIND 205-101] Performing variable lifetime analysis.
INFO: [BIND 205-101] Exploring resource sharing.
INFO: [BIND 205-101] Binding ...
INFO: [BIND 205-100] Finished micro-architecture generation.
INFO: [HLS 200-111] Finished Binding: CPU user time: 0 seconds. CPU system time: 0 seconds. Elapsed time: 0.082 seconds; current allocated memory: 8.118 GB.
INFO: [HLS 200-10] ----------------------------------------------------------------
INFO: [HLS 200-42] -- Implementing module 'run_pwconv_Pipeline_VITIS_LOOP_155_856' 
INFO: [HLS 200-10] ----------------------------------------------------------------
INFO: [SCHED 204-11] Starting scheduling ...
INFO: [HLS 200-486] Changing DSP latency (root=acc_46) to 3 in order to utilize available DSP registers.
INFO: [SCHED 204-61] Pipelining loop 'VITIS_LOOP_155_8'.
INFO: [HLS 200-1470] Pipelining result : Target II = NA, Final II = 1, Depth = 5, loop 'VITIS_LOOP_155_8'
INFO: [SCHED 204-11] Finished scheduling.
INFO: [HLS 200-111] Finished Scheduling: CPU user time: 0 seconds. CPU system time: 0 seconds. Elapsed time: 0.149 seconds; current allocated memory: 8.118 GB.
INFO: [BIND 205-100] Starting micro-architecture generation ...
INFO: [BIND 205-101] Performing variable lifetime analysis.
INFO: [BIND 205-101] Exploring resource sharing.
INFO: [BIND 205-101] Binding ...
INFO: [BIND 205-100] Finished micro-architecture generation.
INFO: [HLS 200-111] Finished Binding: CPU user time: 0 seconds. CPU system time: 0 seconds. Elapsed time: 0.085 seconds; current allocated memory: 8.118 GB.
INFO: [HLS 200-10] ----------------------------------------------------------------
INFO: [HLS 200-42] -- Implementing module 'run_pwconv_Pipeline_VITIS_LOOP_155_857' 
INFO: [HLS 200-10] ----------------------------------------------------------------
INFO: [SCHED 204-11] Starting scheduling ...
INFO: [HLS 200-486] Changing DSP latency (root=acc_45) to 3 in order to utilize available DSP registers.
INFO: [SCHED 204-61] Pipelining loop 'VITIS_LOOP_155_8'.
INFO: [HLS 200-1470] Pipelining result : Target II = NA, Final II = 1, Depth = 5, loop 'VITIS_LOOP_155_8'
INFO: [SCHED 204-11] Finished scheduling.
INFO: [HLS 200-111] Finished Scheduling: CPU user time: 0 seconds. CPU system time: 0 seconds. Elapsed time: 0.15 seconds; current allocated memory: 8.118 GB.
INFO: [BIND 205-100] Starting micro-architecture generation ...
INFO: [BIND 205-101] Performing variable lifetime analysis.
INFO: [BIND 205-101] Exploring resource sharing.
INFO: [BIND 205-101] Binding ...
INFO: [BIND 205-100] Finished micro-architecture generation.
INFO: [HLS 200-111] Finished Binding: CPU user time: 0 seconds. CPU system time: 0 seconds. Elapsed time: 0.085 seconds; current allocated memory: 8.118 GB.
INFO: [HLS 200-10] ----------------------------------------------------------------
INFO: [HLS 200-42] -- Implementing module 'run_pwconv_Pipeline_VITIS_LOOP_155_858' 
INFO: [HLS 200-10] ----------------------------------------------------------------
INFO: [SCHED 204-11] Starting scheduling ...
INFO: [HLS 200-486] Changing DSP latency (root=acc_44) to 3 in order to utilize available DSP registers.
INFO: [SCHED 204-61] Pipelining loop 'VITIS_LOOP_155_8'.
INFO: [HLS 200-1470] Pipelining result : Target II = NA, Final II = 1, Depth = 5, loop 'VITIS_LOOP_155_8'
INFO: [SCHED 204-11] Finished scheduling.
INFO: [HLS 200-111] Finished Scheduling: CPU user time: 0 seconds. CPU system time: 0 seconds. Elapsed time: 0.149 seconds; current allocated memory: 8.118 GB.
INFO: [BIND 205-100] Starting micro-architecture generation ...
INFO: [BIND 205-101] Performing variable lifetime analysis.
INFO: [BIND 205-101] Exploring resource sharing.
INFO: [BIND 205-101] Binding ...
INFO: [BIND 205-100] Finished micro-architecture generation.
INFO: [HLS 200-111] Finished Binding: CPU user time: 0 seconds. CPU system time: 1 seconds. Elapsed time: 0.083 seconds; current allocated memory: 8.118 GB.
INFO: [HLS 200-10] ----------------------------------------------------------------
INFO: [HLS 200-42] -- Implementing module 'run_pwconv_Pipeline_VITIS_LOOP_155_859' 
INFO: [HLS 200-10] ----------------------------------------------------------------
INFO: [SCHED 204-11] Starting scheduling ...
INFO: [HLS 200-486] Changing DSP latency (root=acc_43) to 3 in order to utilize available DSP registers.
INFO: [SCHED 204-61] Pipelining loop 'VITIS_LOOP_155_8'.
INFO: [HLS 200-1470] Pipelining result : Target II = NA, Final II = 1, Depth = 5, loop 'VITIS_LOOP_155_8'
INFO: [SCHED 204-11] Finished scheduling.
INFO: [HLS 200-111] Finished Scheduling: CPU user time: 0 seconds. CPU system time: 0 seconds. Elapsed time: 0.15 seconds; current allocated memory: 8.118 GB.
INFO: [BIND 205-100] Starting micro-architecture generation ...
INFO: [BIND 205-101] Performing variable lifetime analysis.
INFO: [BIND 205-101] Exploring resource sharing.
INFO: [BIND 205-101] Binding ...
INFO: [BIND 205-100] Finished micro-architecture generation.
INFO: [HLS 200-111] Finished Binding: CPU user time: 0 seconds. CPU system time: 0 seconds. Elapsed time: 0.085 seconds; current allocated memory: 8.118 GB.
INFO: [HLS 200-10] ----------------------------------------------------------------
INFO: [HLS 200-42] -- Implementing module 'run_pwconv_Pipeline_VITIS_LOOP_155_860' 
INFO: [HLS 200-10] ----------------------------------------------------------------
INFO: [SCHED 204-11] Starting scheduling ...
INFO: [HLS 200-486] Changing DSP latency (root=acc_42) to 3 in order to utilize available DSP registers.
INFO: [SCHED 204-61] Pipelining loop 'VITIS_LOOP_155_8'.
INFO: [HLS 200-1470] Pipelining result : Target II = NA, Final II = 1, Depth = 5, loop 'VITIS_LOOP_155_8'
INFO: [SCHED 204-11] Finished scheduling.
INFO: [HLS 200-111] Finished Scheduling: CPU user time: 0 seconds. CPU system time: 0 seconds. Elapsed time: 0.156 seconds; current allocated memory: 8.118 GB.
INFO: [BIND 205-100] Starting micro-architecture generation ...
INFO: [BIND 205-101] Performing variable lifetime analysis.
INFO: [BIND 205-101] Exploring resource sharing.
INFO: [BIND 205-101] Binding ...
INFO: [BIND 205-100] Finished micro-architecture generation.
INFO: [HLS 200-111] Finished Binding: CPU user time: 0 seconds. CPU system time: 0 seconds. Elapsed time: 0.085 seconds; current allocated memory: 8.118 GB.
INFO: [HLS 200-10] ----------------------------------------------------------------
INFO: [HLS 200-42] -- Implementing module 'run_pwconv_Pipeline_VITIS_LOOP_155_861' 
INFO: [HLS 200-10] ----------------------------------------------------------------
INFO: [SCHED 204-11] Starting scheduling ...
INFO: [HLS 200-486] Changing DSP latency (root=acc_41) to 3 in order to utilize available DSP registers.
INFO: [SCHED 204-61] Pipelining loop 'VITIS_LOOP_155_8'.
INFO: [HLS 200-1470] Pipelining result : Target II = NA, Final II = 1, Depth = 5, loop 'VITIS_LOOP_155_8'
INFO: [SCHED 204-11] Finished scheduling.
INFO: [HLS 200-111] Finished Scheduling: CPU user time: 0 seconds. CPU system time: 0 seconds. Elapsed time: 0.153 seconds; current allocated memory: 8.118 GB.
INFO: [BIND 205-100] Starting micro-architecture generation ...
INFO: [BIND 205-101] Performing variable lifetime analysis.
INFO: [BIND 205-101] Exploring resource sharing.
INFO: [BIND 205-101] Binding ...
INFO: [BIND 205-100] Finished micro-architecture generation.
INFO: [HLS 200-111] Finished Binding: CPU user time: 0 seconds. CPU system time: 0 seconds. Elapsed time: 0.086 seconds; current allocated memory: 8.118 GB.
INFO: [HLS 200-10] ----------------------------------------------------------------
INFO: [HLS 200-42] -- Implementing module 'run_pwconv_Pipeline_VITIS_LOOP_155_862' 
INFO: [HLS 200-10] ----------------------------------------------------------------
INFO: [SCHED 204-11] Starting scheduling ...
INFO: [HLS 200-486] Changing DSP latency (root=acc_40) to 3 in order to utilize available DSP registers.
INFO: [SCHED 204-61] Pipelining loop 'VITIS_LOOP_155_8'.
INFO: [HLS 200-1470] Pipelining result : Target II = NA, Final II = 1, Depth = 5, loop 'VITIS_LOOP_155_8'
INFO: [SCHED 204-11] Finished scheduling.
INFO: [HLS 200-111] Finished Scheduling: CPU user time: 0 seconds. CPU system time: 0 seconds. Elapsed time: 0.154 seconds; current allocated memory: 8.118 GB.
INFO: [BIND 205-100] Starting micro-architecture generation ...
INFO: [BIND 205-101] Performing variable lifetime analysis.
INFO: [BIND 205-101] Exploring resource sharing.
INFO: [BIND 205-101] Binding ...
INFO: [BIND 205-100] Finished micro-architecture generation.
INFO: [HLS 200-111] Finished Binding: CPU user time: 0 seconds. CPU system time: 0 seconds. Elapsed time: 0.083 seconds; current allocated memory: 8.118 GB.
INFO: [HLS 200-10] ----------------------------------------------------------------
INFO: [HLS 200-42] -- Implementing module 'run_pwconv_Pipeline_VITIS_LOOP_155_863' 
INFO: [HLS 200-10] ----------------------------------------------------------------
INFO: [SCHED 204-11] Starting scheduling ...
INFO: [HLS 200-486] Changing DSP latency (root=acc_39) to 3 in order to utilize available DSP registers.
INFO: [SCHED 204-61] Pipelining loop 'VITIS_LOOP_155_8'.
INFO: [HLS 200-1470] Pipelining result : Target II = NA, Final II = 1, Depth = 5, loop 'VITIS_LOOP_155_8'
INFO: [SCHED 204-11] Finished scheduling.
INFO: [HLS 200-111] Finished Scheduling: CPU user time: 1 seconds. CPU system time: 0 seconds. Elapsed time: 0.153 seconds; current allocated memory: 8.118 GB.
INFO: [BIND 205-100] Starting micro-architecture generation ...
INFO: [BIND 205-101] Performing variable lifetime analysis.
INFO: [BIND 205-101] Exploring resource sharing.
INFO: [BIND 205-101] Binding ...
INFO: [BIND 205-100] Finished micro-architecture generation.
INFO: [HLS 200-111] Finished Binding: CPU user time: 0 seconds. CPU system time: 0 seconds. Elapsed time: 0.087 seconds; current allocated memory: 8.118 GB.
INFO: [HLS 200-10] ----------------------------------------------------------------
INFO: [HLS 200-42] -- Implementing module 'run_pwconv_Pipeline_VITIS_LOOP_155_864' 
INFO: [HLS 200-10] ----------------------------------------------------------------
INFO: [SCHED 204-11] Starting scheduling ...
INFO: [HLS 200-486] Changing DSP latency (root=acc_38) to 3 in order to utilize available DSP registers.
INFO: [SCHED 204-61] Pipelining loop 'VITIS_LOOP_155_8'.
INFO: [HLS 200-1470] Pipelining result : Target II = NA, Final II = 1, Depth = 5, loop 'VITIS_LOOP_155_8'
INFO: [SCHED 204-11] Finished scheduling.
INFO: [HLS 200-111] Finished Scheduling: CPU user time: 0 seconds. CPU system time: 0 seconds. Elapsed time: 0.153 seconds; current allocated memory: 8.118 GB.
INFO: [BIND 205-100] Starting micro-architecture generation ...
INFO: [BIND 205-101] Performing variable lifetime analysis.
INFO: [BIND 205-101] Exploring resource sharing.
INFO: [BIND 205-101] Binding ...
INFO: [BIND 205-100] Finished micro-architecture generation.
INFO: [HLS 200-111] Finished Binding: CPU user time: 0 seconds. CPU system time: 0 seconds. Elapsed time: 0.088 seconds; current allocated memory: 8.118 GB.
INFO: [HLS 200-10] ----------------------------------------------------------------
INFO: [HLS 200-42] -- Implementing module 'run_pwconv_Pipeline_VITIS_LOOP_155_865' 
INFO: [HLS 200-10] ----------------------------------------------------------------
INFO: [SCHED 204-11] Starting scheduling ...
INFO: [HLS 200-486] Changing DSP latency (root=acc_37) to 3 in order to utilize available DSP registers.
INFO: [SCHED 204-61] Pipelining loop 'VITIS_LOOP_155_8'.
INFO: [HLS 200-1470] Pipelining result : Target II = NA, Final II = 1, Depth = 5, loop 'VITIS_LOOP_155_8'
INFO: [SCHED 204-11] Finished scheduling.
INFO: [HLS 200-111] Finished Scheduling: CPU user time: 0 seconds. CPU system time: 0 seconds. Elapsed time: 0.153 seconds; current allocated memory: 8.118 GB.
INFO: [BIND 205-100] Starting micro-architecture generation ...
INFO: [BIND 205-101] Performing variable lifetime analysis.
INFO: [BIND 205-101] Exploring resource sharing.
INFO: [BIND 205-101] Binding ...
INFO: [BIND 205-100] Finished micro-architecture generation.
INFO: [HLS 200-111] Finished Binding: CPU user time: 0 seconds. CPU system time: 0 seconds. Elapsed time: 0.088 seconds; current allocated memory: 8.118 GB.
INFO: [HLS 200-10] ----------------------------------------------------------------
INFO: [HLS 200-42] -- Implementing module 'run_pwconv_Pipeline_VITIS_LOOP_155_866' 
INFO: [HLS 200-10] ----------------------------------------------------------------
INFO: [SCHED 204-11] Starting scheduling ...
INFO: [HLS 200-486] Changing DSP latency (root=acc_36) to 3 in order to utilize available DSP registers.
INFO: [SCHED 204-61] Pipelining loop 'VITIS_LOOP_155_8'.
INFO: [HLS 200-1470] Pipelining result : Target II = NA, Final II = 1, Depth = 5, loop 'VITIS_LOOP_155_8'
INFO: [SCHED 204-11] Finished scheduling.
INFO: [HLS 200-111] Finished Scheduling: CPU user time: 0 seconds. CPU system time: 0 seconds. Elapsed time: 0.154 seconds; current allocated memory: 8.118 GB.
INFO: [BIND 205-100] Starting micro-architecture generation ...
INFO: [BIND 205-101] Performing variable lifetime analysis.
INFO: [BIND 205-101] Exploring resource sharing.
INFO: [BIND 205-101] Binding ...
INFO: [BIND 205-100] Finished micro-architecture generation.
INFO: [HLS 200-111] Finished Binding: CPU user time: 0 seconds. CPU system time: 0 seconds. Elapsed time: 0.088 seconds; current allocated memory: 8.118 GB.
INFO: [HLS 200-10] ----------------------------------------------------------------
INFO: [HLS 200-42] -- Implementing module 'run_pwconv_Pipeline_VITIS_LOOP_155_867' 
INFO: [HLS 200-10] ----------------------------------------------------------------
INFO: [SCHED 204-11] Starting scheduling ...
INFO: [HLS 200-486] Changing DSP latency (root=acc_35) to 3 in order to utilize available DSP registers.
INFO: [SCHED 204-61] Pipelining loop 'VITIS_LOOP_155_8'.
INFO: [HLS 200-1470] Pipelining result : Target II = NA, Final II = 1, Depth = 5, loop 'VITIS_LOOP_155_8'
INFO: [SCHED 204-11] Finished scheduling.
INFO: [HLS 200-111] Finished Scheduling: CPU user time: 0 seconds. CPU system time: 0 seconds. Elapsed time: 0.157 seconds; current allocated memory: 8.118 GB.
INFO: [BIND 205-100] Starting micro-architecture generation ...
INFO: [BIND 205-101] Performing variable lifetime analysis.
INFO: [BIND 205-101] Exploring resource sharing.
INFO: [BIND 205-101] Binding ...
INFO: [BIND 205-100] Finished micro-architecture generation.
INFO: [HLS 200-111] Finished Binding: CPU user time: 0 seconds. CPU system time: 0 seconds. Elapsed time: 0.087 seconds; current allocated memory: 8.118 GB.
INFO: [HLS 200-10] ----------------------------------------------------------------
INFO: [HLS 200-42] -- Implementing module 'run_pwconv_Pipeline_VITIS_LOOP_155_868' 
INFO: [HLS 200-10] ----------------------------------------------------------------
INFO: [SCHED 204-11] Starting scheduling ...
INFO: [HLS 200-486] Changing DSP latency (root=acc_34) to 3 in order to utilize available DSP registers.
INFO: [SCHED 204-61] Pipelining loop 'VITIS_LOOP_155_8'.
INFO: [HLS 200-1470] Pipelining result : Target II = NA, Final II = 1, Depth = 5, loop 'VITIS_LOOP_155_8'
INFO: [SCHED 204-11] Finished scheduling.
INFO: [HLS 200-111] Finished Scheduling: CPU user time: 0 seconds. CPU system time: 0 seconds. Elapsed time: 0.16 seconds; current allocated memory: 8.118 GB.
INFO: [BIND 205-100] Starting micro-architecture generation ...
INFO: [BIND 205-101] Performing variable lifetime analysis.
INFO: [BIND 205-101] Exploring resource sharing.
INFO: [BIND 205-101] Binding ...
INFO: [BIND 205-100] Finished micro-architecture generation.
INFO: [HLS 200-111] Finished Binding: CPU user time: 0 seconds. CPU system time: 0 seconds. Elapsed time: 0.087 seconds; current allocated memory: 8.118 GB.
INFO: [HLS 200-10] ----------------------------------------------------------------
INFO: [HLS 200-42] -- Implementing module 'run_pwconv_Pipeline_VITIS_LOOP_155_869' 
INFO: [HLS 200-10] ----------------------------------------------------------------
INFO: [SCHED 204-11] Starting scheduling ...
INFO: [HLS 200-486] Changing DSP latency (root=acc_33) to 3 in order to utilize available DSP registers.
INFO: [SCHED 204-61] Pipelining loop 'VITIS_LOOP_155_8'.
INFO: [HLS 200-1470] Pipelining result : Target II = NA, Final II = 1, Depth = 5, loop 'VITIS_LOOP_155_8'
INFO: [SCHED 204-11] Finished scheduling.
INFO: [HLS 200-111] Finished Scheduling: CPU user time: 1 seconds. CPU system time: 0 seconds. Elapsed time: 0.158 seconds; current allocated memory: 8.118 GB.
INFO: [BIND 205-100] Starting micro-architecture generation ...
INFO: [BIND 205-101] Performing variable lifetime analysis.
INFO: [BIND 205-101] Exploring resource sharing.
INFO: [BIND 205-101] Binding ...
INFO: [BIND 205-100] Finished micro-architecture generation.
INFO: [HLS 200-111] Finished Binding: CPU user time: 0 seconds. CPU system time: 0 seconds. Elapsed time: 0.09 seconds; current allocated memory: 8.118 GB.
INFO: [HLS 200-10] ----------------------------------------------------------------
INFO: [HLS 200-42] -- Implementing module 'run_pwconv_Pipeline_VITIS_LOOP_155_870' 
INFO: [HLS 200-10] ----------------------------------------------------------------
INFO: [SCHED 204-11] Starting scheduling ...
INFO: [HLS 200-486] Changing DSP latency (root=acc_32) to 3 in order to utilize available DSP registers.
INFO: [SCHED 204-61] Pipelining loop 'VITIS_LOOP_155_8'.
INFO: [HLS 200-1470] Pipelining result : Target II = NA, Final II = 1, Depth = 5, loop 'VITIS_LOOP_155_8'
INFO: [SCHED 204-11] Finished scheduling.
INFO: [HLS 200-111] Finished Scheduling: CPU user time: 0 seconds. CPU system time: 0 seconds. Elapsed time: 0.161 seconds; current allocated memory: 8.118 GB.
INFO: [BIND 205-100] Starting micro-architecture generation ...
INFO: [BIND 205-101] Performing variable lifetime analysis.
INFO: [BIND 205-101] Exploring resource sharing.
INFO: [BIND 205-101] Binding ...
INFO: [BIND 205-100] Finished micro-architecture generation.
INFO: [HLS 200-111] Finished Binding: CPU user time: 0 seconds. CPU system time: 0 seconds. Elapsed time: 0.088 seconds; current allocated memory: 8.118 GB.
INFO: [HLS 200-10] ----------------------------------------------------------------
INFO: [HLS 200-42] -- Implementing module 'run_pwconv_Pipeline_VITIS_LOOP_155_871' 
INFO: [HLS 200-10] ----------------------------------------------------------------
INFO: [SCHED 204-11] Starting scheduling ...
INFO: [HLS 200-486] Changing DSP latency (root=acc_31) to 3 in order to utilize available DSP registers.
INFO: [SCHED 204-61] Pipelining loop 'VITIS_LOOP_155_8'.
INFO: [HLS 200-1470] Pipelining result : Target II = NA, Final II = 1, Depth = 5, loop 'VITIS_LOOP_155_8'
INFO: [SCHED 204-11] Finished scheduling.
INFO: [HLS 200-111] Finished Scheduling: CPU user time: 0 seconds. CPU system time: 0 seconds. Elapsed time: 0.16 seconds; current allocated memory: 8.118 GB.
INFO: [BIND 205-100] Starting micro-architecture generation ...
INFO: [BIND 205-101] Performing variable lifetime analysis.
INFO: [BIND 205-101] Exploring resource sharing.
INFO: [BIND 205-101] Binding ...
INFO: [BIND 205-100] Finished micro-architecture generation.
INFO: [HLS 200-111] Finished Binding: CPU user time: 0 seconds. CPU system time: 0 seconds. Elapsed time: 0.088 seconds; current allocated memory: 8.118 GB.
INFO: [HLS 200-10] ----------------------------------------------------------------
INFO: [HLS 200-42] -- Implementing module 'run_pwconv_Pipeline_VITIS_LOOP_155_872' 
INFO: [HLS 200-10] ----------------------------------------------------------------
INFO: [SCHED 204-11] Starting scheduling ...
INFO: [HLS 200-486] Changing DSP latency (root=acc_30) to 3 in order to utilize available DSP registers.
INFO: [SCHED 204-61] Pipelining loop 'VITIS_LOOP_155_8'.
INFO: [HLS 200-1470] Pipelining result : Target II = NA, Final II = 1, Depth = 5, loop 'VITIS_LOOP_155_8'
INFO: [SCHED 204-11] Finished scheduling.
INFO: [HLS 200-111] Finished Scheduling: CPU user time: 0 seconds. CPU system time: 0 seconds. Elapsed time: 0.158 seconds; current allocated memory: 8.118 GB.
INFO: [BIND 205-100] Starting micro-architecture generation ...
INFO: [BIND 205-101] Performing variable lifetime analysis.
INFO: [BIND 205-101] Exploring resource sharing.
INFO: [BIND 205-101] Binding ...
INFO: [BIND 205-100] Finished micro-architecture generation.
INFO: [HLS 200-111] Finished Binding: CPU user time: 0 seconds. CPU system time: 0 seconds. Elapsed time: 0.088 seconds; current allocated memory: 8.118 GB.
INFO: [HLS 200-10] ----------------------------------------------------------------
INFO: [HLS 200-42] -- Implementing module 'run_pwconv_Pipeline_VITIS_LOOP_155_873' 
INFO: [HLS 200-10] ----------------------------------------------------------------
INFO: [SCHED 204-11] Starting scheduling ...
INFO: [HLS 200-486] Changing DSP latency (root=acc_29) to 3 in order to utilize available DSP registers.
INFO: [SCHED 204-61] Pipelining loop 'VITIS_LOOP_155_8'.
INFO: [HLS 200-1470] Pipelining result : Target II = NA, Final II = 1, Depth = 5, loop 'VITIS_LOOP_155_8'
INFO: [SCHED 204-11] Finished scheduling.
INFO: [HLS 200-111] Finished Scheduling: CPU user time: 0 seconds. CPU system time: 0 seconds. Elapsed time: 0.159 seconds; current allocated memory: 8.118 GB.
INFO: [BIND 205-100] Starting micro-architecture generation ...
INFO: [BIND 205-101] Performing variable lifetime analysis.
INFO: [BIND 205-101] Exploring resource sharing.
INFO: [BIND 205-101] Binding ...
INFO: [BIND 205-100] Finished micro-architecture generation.
INFO: [HLS 200-111] Finished Binding: CPU user time: 0 seconds. CPU system time: 0 seconds. Elapsed time: 0.089 seconds; current allocated memory: 8.118 GB.
INFO: [HLS 200-10] ----------------------------------------------------------------
INFO: [HLS 200-42] -- Implementing module 'run_pwconv_Pipeline_VITIS_LOOP_155_874' 
INFO: [HLS 200-10] ----------------------------------------------------------------
INFO: [SCHED 204-11] Starting scheduling ...
INFO: [HLS 200-486] Changing DSP latency (root=acc_28) to 3 in order to utilize available DSP registers.
INFO: [SCHED 204-61] Pipelining loop 'VITIS_LOOP_155_8'.
INFO: [HLS 200-1470] Pipelining result : Target II = NA, Final II = 1, Depth = 5, loop 'VITIS_LOOP_155_8'
INFO: [SCHED 204-11] Finished scheduling.
INFO: [HLS 200-111] Finished Scheduling: CPU user time: 0 seconds. CPU system time: 0 seconds. Elapsed time: 0.166 seconds; current allocated memory: 8.118 GB.
INFO: [BIND 205-100] Starting micro-architecture generation ...
INFO: [BIND 205-101] Performing variable lifetime analysis.
INFO: [BIND 205-101] Exploring resource sharing.
INFO: [BIND 205-101] Binding ...
INFO: [BIND 205-100] Finished micro-architecture generation.
INFO: [HLS 200-111] Finished Binding: CPU user time: 0 seconds. CPU system time: 0 seconds. Elapsed time: 0.089 seconds; current allocated memory: 8.118 GB.
INFO: [HLS 200-10] ----------------------------------------------------------------
INFO: [HLS 200-42] -- Implementing module 'run_pwconv_Pipeline_VITIS_LOOP_155_875' 
INFO: [HLS 200-10] ----------------------------------------------------------------
INFO: [SCHED 204-11] Starting scheduling ...
INFO: [HLS 200-486] Changing DSP latency (root=acc_27) to 3 in order to utilize available DSP registers.
INFO: [SCHED 204-61] Pipelining loop 'VITIS_LOOP_155_8'.
INFO: [HLS 200-1470] Pipelining result : Target II = NA, Final II = 1, Depth = 5, loop 'VITIS_LOOP_155_8'
INFO: [SCHED 204-11] Finished scheduling.
INFO: [HLS 200-111] Finished Scheduling: CPU user time: 1 seconds. CPU system time: 0 seconds. Elapsed time: 0.161 seconds; current allocated memory: 8.118 GB.
INFO: [BIND 205-100] Starting micro-architecture generation ...
INFO: [BIND 205-101] Performing variable lifetime analysis.
INFO: [BIND 205-101] Exploring resource sharing.
INFO: [BIND 205-101] Binding ...
INFO: [BIND 205-100] Finished micro-architecture generation.
INFO: [HLS 200-111] Finished Binding: CPU user time: 0 seconds. CPU system time: 0 seconds. Elapsed time: 0.089 seconds; current allocated memory: 8.118 GB.
INFO: [HLS 200-10] ----------------------------------------------------------------
INFO: [HLS 200-42] -- Implementing module 'run_pwconv_Pipeline_VITIS_LOOP_155_876' 
INFO: [HLS 200-10] ----------------------------------------------------------------
INFO: [SCHED 204-11] Starting scheduling ...
INFO: [HLS 200-486] Changing DSP latency (root=acc_26) to 3 in order to utilize available DSP registers.
INFO: [SCHED 204-61] Pipelining loop 'VITIS_LOOP_155_8'.
INFO: [HLS 200-1470] Pipelining result : Target II = NA, Final II = 1, Depth = 5, loop 'VITIS_LOOP_155_8'
INFO: [SCHED 204-11] Finished scheduling.
INFO: [HLS 200-111] Finished Scheduling: CPU user time: 0 seconds. CPU system time: 0 seconds. Elapsed time: 0.16 seconds; current allocated memory: 8.118 GB.
INFO: [BIND 205-100] Starting micro-architecture generation ...
INFO: [BIND 205-101] Performing variable lifetime analysis.
INFO: [BIND 205-101] Exploring resource sharing.
INFO: [BIND 205-101] Binding ...
INFO: [BIND 205-100] Finished micro-architecture generation.
INFO: [HLS 200-111] Finished Binding: CPU user time: 0 seconds. CPU system time: 0 seconds. Elapsed time: 0.09 seconds; current allocated memory: 8.118 GB.
INFO: [HLS 200-10] ----------------------------------------------------------------
INFO: [HLS 200-42] -- Implementing module 'run_pwconv_Pipeline_VITIS_LOOP_155_877' 
INFO: [HLS 200-10] ----------------------------------------------------------------
INFO: [SCHED 204-11] Starting scheduling ...
INFO: [HLS 200-486] Changing DSP latency (root=acc_25) to 3 in order to utilize available DSP registers.
INFO: [SCHED 204-61] Pipelining loop 'VITIS_LOOP_155_8'.
INFO: [HLS 200-1470] Pipelining result : Target II = NA, Final II = 1, Depth = 5, loop 'VITIS_LOOP_155_8'
INFO: [SCHED 204-11] Finished scheduling.
INFO: [HLS 200-111] Finished Scheduling: CPU user time: 0 seconds. CPU system time: 0 seconds. Elapsed time: 0.166 seconds; current allocated memory: 8.118 GB.
INFO: [BIND 205-100] Starting micro-architecture generation ...
INFO: [BIND 205-101] Performing variable lifetime analysis.
INFO: [BIND 205-101] Exploring resource sharing.
INFO: [BIND 205-101] Binding ...
INFO: [BIND 205-100] Finished micro-architecture generation.
INFO: [HLS 200-111] Finished Binding: CPU user time: 0 seconds. CPU system time: 0 seconds. Elapsed time: 0.095 seconds; current allocated memory: 8.118 GB.
INFO: [HLS 200-10] ----------------------------------------------------------------
INFO: [HLS 200-42] -- Implementing module 'run_pwconv_Pipeline_VITIS_LOOP_155_878' 
INFO: [HLS 200-10] ----------------------------------------------------------------
INFO: [SCHED 204-11] Starting scheduling ...
INFO: [HLS 200-486] Changing DSP latency (root=acc_24) to 3 in order to utilize available DSP registers.
INFO: [SCHED 204-61] Pipelining loop 'VITIS_LOOP_155_8'.
INFO: [HLS 200-1470] Pipelining result : Target II = NA, Final II = 1, Depth = 5, loop 'VITIS_LOOP_155_8'
INFO: [SCHED 204-11] Finished scheduling.
INFO: [HLS 200-111] Finished Scheduling: CPU user time: 0 seconds. CPU system time: 0 seconds. Elapsed time: 0.165 seconds; current allocated memory: 8.118 GB.
INFO: [BIND 205-100] Starting micro-architecture generation ...
INFO: [BIND 205-101] Performing variable lifetime analysis.
INFO: [BIND 205-101] Exploring resource sharing.
INFO: [BIND 205-101] Binding ...
INFO: [BIND 205-100] Finished micro-architecture generation.
INFO: [HLS 200-111] Finished Binding: CPU user time: 0 seconds. CPU system time: 0 seconds. Elapsed time: 0.092 seconds; current allocated memory: 8.118 GB.
INFO: [HLS 200-10] ----------------------------------------------------------------
INFO: [HLS 200-42] -- Implementing module 'run_pwconv_Pipeline_VITIS_LOOP_155_879' 
INFO: [HLS 200-10] ----------------------------------------------------------------
INFO: [SCHED 204-11] Starting scheduling ...
INFO: [HLS 200-486] Changing DSP latency (root=acc_23) to 3 in order to utilize available DSP registers.
INFO: [SCHED 204-61] Pipelining loop 'VITIS_LOOP_155_8'.
INFO: [HLS 200-1470] Pipelining result : Target II = NA, Final II = 1, Depth = 5, loop 'VITIS_LOOP_155_8'
INFO: [SCHED 204-11] Finished scheduling.
INFO: [HLS 200-111] Finished Scheduling: CPU user time: 0 seconds. CPU system time: 0 seconds. Elapsed time: 0.163 seconds; current allocated memory: 8.118 GB.
INFO: [BIND 205-100] Starting micro-architecture generation ...
INFO: [BIND 205-101] Performing variable lifetime analysis.
INFO: [BIND 205-101] Exploring resource sharing.
INFO: [BIND 205-101] Binding ...
INFO: [BIND 205-100] Finished micro-architecture generation.
INFO: [HLS 200-111] Finished Binding: CPU user time: 0 seconds. CPU system time: 0 seconds. Elapsed time: 0.093 seconds; current allocated memory: 8.118 GB.
INFO: [HLS 200-10] ----------------------------------------------------------------
INFO: [HLS 200-42] -- Implementing module 'run_pwconv_Pipeline_VITIS_LOOP_155_880' 
INFO: [HLS 200-10] ----------------------------------------------------------------
INFO: [SCHED 204-11] Starting scheduling ...
INFO: [HLS 200-486] Changing DSP latency (root=acc_21) to 3 in order to utilize available DSP registers.
INFO: [SCHED 204-61] Pipelining loop 'VITIS_LOOP_155_8'.
INFO: [HLS 200-1470] Pipelining result : Target II = NA, Final II = 1, Depth = 5, loop 'VITIS_LOOP_155_8'
INFO: [SCHED 204-11] Finished scheduling.
INFO: [HLS 200-111] Finished Scheduling: CPU user time: 0 seconds. CPU system time: 0 seconds. Elapsed time: 0.163 seconds; current allocated memory: 8.118 GB.
INFO: [BIND 205-100] Starting micro-architecture generation ...
INFO: [BIND 205-101] Performing variable lifetime analysis.
INFO: [BIND 205-101] Exploring resource sharing.
INFO: [BIND 205-101] Binding ...
INFO: [BIND 205-100] Finished micro-architecture generation.
INFO: [HLS 200-111] Finished Binding: CPU user time: 0 seconds. CPU system time: 0 seconds. Elapsed time: 0.094 seconds; current allocated memory: 8.118 GB.
INFO: [HLS 200-10] ----------------------------------------------------------------
INFO: [HLS 200-42] -- Implementing module 'run_pwconv_Pipeline_VITIS_LOOP_155_881' 
INFO: [HLS 200-10] ----------------------------------------------------------------
INFO: [SCHED 204-11] Starting scheduling ...
INFO: [HLS 200-486] Changing DSP latency (root=acc_20) to 3 in order to utilize available DSP registers.
INFO: [SCHED 204-61] Pipelining loop 'VITIS_LOOP_155_8'.
INFO: [HLS 200-1470] Pipelining result : Target II = NA, Final II = 1, Depth = 5, loop 'VITIS_LOOP_155_8'
INFO: [SCHED 204-11] Finished scheduling.
INFO: [HLS 200-111] Finished Scheduling: CPU user time: 0 seconds. CPU system time: 0 seconds. Elapsed time: 0.167 seconds; current allocated memory: 8.118 GB.
INFO: [BIND 205-100] Starting micro-architecture generation ...
INFO: [BIND 205-101] Performing variable lifetime analysis.
INFO: [BIND 205-101] Exploring resource sharing.
INFO: [BIND 205-101] Binding ...
INFO: [BIND 205-100] Finished micro-architecture generation.
INFO: [HLS 200-111] Finished Binding: CPU user time: 0 seconds. CPU system time: 0 seconds. Elapsed time: 0.095 seconds; current allocated memory: 8.118 GB.
INFO: [HLS 200-10] ----------------------------------------------------------------
INFO: [HLS 200-42] -- Implementing module 'run_pwconv_Pipeline_VITIS_LOOP_155_882' 
INFO: [HLS 200-10] ----------------------------------------------------------------
INFO: [SCHED 204-11] Starting scheduling ...
INFO: [HLS 200-486] Changing DSP latency (root=acc_19) to 3 in order to utilize available DSP registers.
INFO: [SCHED 204-61] Pipelining loop 'VITIS_LOOP_155_8'.
INFO: [HLS 200-1470] Pipelining result : Target II = NA, Final II = 1, Depth = 5, loop 'VITIS_LOOP_155_8'
INFO: [SCHED 204-11] Finished scheduling.
INFO: [HLS 200-111] Finished Scheduling: CPU user time: 0 seconds. CPU system time: 0 seconds. Elapsed time: 0.166 seconds; current allocated memory: 8.118 GB.
INFO: [BIND 205-100] Starting micro-architecture generation ...
INFO: [BIND 205-101] Performing variable lifetime analysis.
INFO: [BIND 205-101] Exploring resource sharing.
INFO: [BIND 205-101] Binding ...
INFO: [BIND 205-100] Finished micro-architecture generation.
INFO: [HLS 200-111] Finished Binding: CPU user time: 0 seconds. CPU system time: 0 seconds. Elapsed time: 0.094 seconds; current allocated memory: 8.118 GB.
INFO: [HLS 200-10] ----------------------------------------------------------------
INFO: [HLS 200-42] -- Implementing module 'run_pwconv_Pipeline_VITIS_LOOP_155_883' 
INFO: [HLS 200-10] ----------------------------------------------------------------
INFO: [SCHED 204-11] Starting scheduling ...
INFO: [HLS 200-486] Changing DSP latency (root=acc_18) to 3 in order to utilize available DSP registers.
INFO: [SCHED 204-61] Pipelining loop 'VITIS_LOOP_155_8'.
INFO: [HLS 200-1470] Pipelining result : Target II = NA, Final II = 1, Depth = 5, loop 'VITIS_LOOP_155_8'
INFO: [SCHED 204-11] Finished scheduling.
INFO: [HLS 200-111] Finished Scheduling: CPU user time: 0 seconds. CPU system time: 0 seconds. Elapsed time: 0.165 seconds; current allocated memory: 8.118 GB.
INFO: [BIND 205-100] Starting micro-architecture generation ...
INFO: [BIND 205-101] Performing variable lifetime analysis.
INFO: [BIND 205-101] Exploring resource sharing.
INFO: [BIND 205-101] Binding ...
INFO: [BIND 205-100] Finished micro-architecture generation.
INFO: [HLS 200-111] Finished Binding: CPU user time: 0 seconds. CPU system time: 0 seconds. Elapsed time: 0.094 seconds; current allocated memory: 8.118 GB.
INFO: [HLS 200-10] ----------------------------------------------------------------
INFO: [HLS 200-42] -- Implementing module 'run_pwconv_Pipeline_VITIS_LOOP_155_884' 
INFO: [HLS 200-10] ----------------------------------------------------------------
INFO: [SCHED 204-11] Starting scheduling ...
INFO: [HLS 200-486] Changing DSP latency (root=acc_17) to 3 in order to utilize available DSP registers.
INFO: [SCHED 204-61] Pipelining loop 'VITIS_LOOP_155_8'.
INFO: [HLS 200-1470] Pipelining result : Target II = NA, Final II = 1, Depth = 5, loop 'VITIS_LOOP_155_8'
INFO: [SCHED 204-11] Finished scheduling.
INFO: [HLS 200-111] Finished Scheduling: CPU user time: 1 seconds. CPU system time: 0 seconds. Elapsed time: 0.167 seconds; current allocated memory: 8.118 GB.
INFO: [BIND 205-100] Starting micro-architecture generation ...
INFO: [BIND 205-101] Performing variable lifetime analysis.
INFO: [BIND 205-101] Exploring resource sharing.
INFO: [BIND 205-101] Binding ...
INFO: [BIND 205-100] Finished micro-architecture generation.
INFO: [HLS 200-111] Finished Binding: CPU user time: 0 seconds. CPU system time: 0 seconds. Elapsed time: 0.099 seconds; current allocated memory: 8.118 GB.
INFO: [HLS 200-10] ----------------------------------------------------------------
INFO: [HLS 200-42] -- Implementing module 'run_pwconv_Pipeline_VITIS_LOOP_155_885' 
INFO: [HLS 200-10] ----------------------------------------------------------------
INFO: [SCHED 204-11] Starting scheduling ...
INFO: [HLS 200-486] Changing DSP latency (root=acc_16) to 3 in order to utilize available DSP registers.
INFO: [SCHED 204-61] Pipelining loop 'VITIS_LOOP_155_8'.
INFO: [HLS 200-1470] Pipelining result : Target II = NA, Final II = 1, Depth = 5, loop 'VITIS_LOOP_155_8'
INFO: [SCHED 204-11] Finished scheduling.
INFO: [HLS 200-111] Finished Scheduling: CPU user time: 0 seconds. CPU system time: 0 seconds. Elapsed time: 0.167 seconds; current allocated memory: 8.118 GB.
INFO: [BIND 205-100] Starting micro-architecture generation ...
INFO: [BIND 205-101] Performing variable lifetime analysis.
INFO: [BIND 205-101] Exploring resource sharing.
INFO: [BIND 205-101] Binding ...
INFO: [BIND 205-100] Finished micro-architecture generation.
INFO: [HLS 200-111] Finished Binding: CPU user time: 0 seconds. CPU system time: 0 seconds. Elapsed time: 0.094 seconds; current allocated memory: 8.118 GB.
INFO: [HLS 200-10] ----------------------------------------------------------------
INFO: [HLS 200-42] -- Implementing module 'run_pwconv_Pipeline_VITIS_LOOP_155_886' 
INFO: [HLS 200-10] ----------------------------------------------------------------
INFO: [SCHED 204-11] Starting scheduling ...
INFO: [HLS 200-486] Changing DSP latency (root=acc_15) to 3 in order to utilize available DSP registers.
INFO: [SCHED 204-61] Pipelining loop 'VITIS_LOOP_155_8'.
INFO: [HLS 200-1470] Pipelining result : Target II = NA, Final II = 1, Depth = 5, loop 'VITIS_LOOP_155_8'
INFO: [SCHED 204-11] Finished scheduling.
INFO: [HLS 200-111] Finished Scheduling: CPU user time: 0 seconds. CPU system time: 0 seconds. Elapsed time: 0.167 seconds; current allocated memory: 8.118 GB.
INFO: [BIND 205-100] Starting micro-architecture generation ...
INFO: [BIND 205-101] Performing variable lifetime analysis.
INFO: [BIND 205-101] Exploring resource sharing.
INFO: [BIND 205-101] Binding ...
INFO: [BIND 205-100] Finished micro-architecture generation.
INFO: [HLS 200-111] Finished Binding: CPU user time: 0 seconds. CPU system time: 0 seconds. Elapsed time: 0.096 seconds; current allocated memory: 8.118 GB.
INFO: [HLS 200-10] ----------------------------------------------------------------
INFO: [HLS 200-42] -- Implementing module 'run_pwconv_Pipeline_VITIS_LOOP_155_887' 
INFO: [HLS 200-10] ----------------------------------------------------------------
INFO: [SCHED 204-11] Starting scheduling ...
INFO: [HLS 200-486] Changing DSP latency (root=acc_14) to 3 in order to utilize available DSP registers.
INFO: [SCHED 204-61] Pipelining loop 'VITIS_LOOP_155_8'.
INFO: [HLS 200-1470] Pipelining result : Target II = NA, Final II = 1, Depth = 5, loop 'VITIS_LOOP_155_8'
INFO: [SCHED 204-11] Finished scheduling.
INFO: [HLS 200-111] Finished Scheduling: CPU user time: 0 seconds. CPU system time: 0 seconds. Elapsed time: 0.167 seconds; current allocated memory: 8.118 GB.
INFO: [BIND 205-100] Starting micro-architecture generation ...
INFO: [BIND 205-101] Performing variable lifetime analysis.
INFO: [BIND 205-101] Exploring resource sharing.
INFO: [BIND 205-101] Binding ...
INFO: [BIND 205-100] Finished micro-architecture generation.
INFO: [HLS 200-111] Finished Binding: CPU user time: 0 seconds. CPU system time: 0 seconds. Elapsed time: 0.096 seconds; current allocated memory: 8.118 GB.
INFO: [HLS 200-10] ----------------------------------------------------------------
INFO: [HLS 200-42] -- Implementing module 'run_pwconv_Pipeline_VITIS_LOOP_155_888' 
INFO: [HLS 200-10] ----------------------------------------------------------------
INFO: [SCHED 204-11] Starting scheduling ...
INFO: [HLS 200-486] Changing DSP latency (root=acc_13) to 3 in order to utilize available DSP registers.
INFO: [SCHED 204-61] Pipelining loop 'VITIS_LOOP_155_8'.
INFO: [HLS 200-1470] Pipelining result : Target II = NA, Final II = 1, Depth = 5, loop 'VITIS_LOOP_155_8'
INFO: [SCHED 204-11] Finished scheduling.
INFO: [HLS 200-111] Finished Scheduling: CPU user time: 0 seconds. CPU system time: 0 seconds. Elapsed time: 0.177 seconds; current allocated memory: 8.118 GB.
INFO: [BIND 205-100] Starting micro-architecture generation ...
INFO: [BIND 205-101] Performing variable lifetime analysis.
INFO: [BIND 205-101] Exploring resource sharing.
INFO: [BIND 205-101] Binding ...
INFO: [BIND 205-100] Finished micro-architecture generation.
INFO: [HLS 200-111] Finished Binding: CPU user time: 1 seconds. CPU system time: 0 seconds. Elapsed time: 0.098 seconds; current allocated memory: 8.118 GB.
INFO: [HLS 200-10] ----------------------------------------------------------------
INFO: [HLS 200-42] -- Implementing module 'run_pwconv_Pipeline_VITIS_LOOP_155_889' 
INFO: [HLS 200-10] ----------------------------------------------------------------
INFO: [SCHED 204-11] Starting scheduling ...
INFO: [HLS 200-486] Changing DSP latency (root=acc_12) to 3 in order to utilize available DSP registers.
INFO: [SCHED 204-61] Pipelining loop 'VITIS_LOOP_155_8'.
INFO: [HLS 200-1470] Pipelining result : Target II = NA, Final II = 1, Depth = 5, loop 'VITIS_LOOP_155_8'
INFO: [SCHED 204-11] Finished scheduling.
INFO: [HLS 200-111] Finished Scheduling: CPU user time: 0 seconds. CPU system time: 0 seconds. Elapsed time: 0.172 seconds; current allocated memory: 8.118 GB.
INFO: [BIND 205-100] Starting micro-architecture generation ...
INFO: [BIND 205-101] Performing variable lifetime analysis.
INFO: [BIND 205-101] Exploring resource sharing.
INFO: [BIND 205-101] Binding ...
INFO: [BIND 205-100] Finished micro-architecture generation.
INFO: [HLS 200-111] Finished Binding: CPU user time: 0 seconds. CPU system time: 0 seconds. Elapsed time: 0.099 seconds; current allocated memory: 8.118 GB.
INFO: [HLS 200-10] ----------------------------------------------------------------
INFO: [HLS 200-42] -- Implementing module 'run_pwconv_Pipeline_VITIS_LOOP_155_890' 
INFO: [HLS 200-10] ----------------------------------------------------------------
INFO: [SCHED 204-11] Starting scheduling ...
INFO: [HLS 200-486] Changing DSP latency (root=acc_10) to 3 in order to utilize available DSP registers.
INFO: [SCHED 204-61] Pipelining loop 'VITIS_LOOP_155_8'.
INFO: [HLS 200-1470] Pipelining result : Target II = NA, Final II = 1, Depth = 5, loop 'VITIS_LOOP_155_8'
INFO: [SCHED 204-11] Finished scheduling.
INFO: [HLS 200-111] Finished Scheduling: CPU user time: 0 seconds. CPU system time: 0 seconds. Elapsed time: 0.174 seconds; current allocated memory: 8.118 GB.
INFO: [BIND 205-100] Starting micro-architecture generation ...
INFO: [BIND 205-101] Performing variable lifetime analysis.
INFO: [BIND 205-101] Exploring resource sharing.
INFO: [BIND 205-101] Binding ...
INFO: [BIND 205-100] Finished micro-architecture generation.
INFO: [HLS 200-111] Finished Binding: CPU user time: 0 seconds. CPU system time: 0 seconds. Elapsed time: 0.099 seconds; current allocated memory: 8.118 GB.
INFO: [HLS 200-10] ----------------------------------------------------------------
INFO: [HLS 200-42] -- Implementing module 'run_pwconv_Pipeline_VITIS_LOOP_155_891' 
INFO: [HLS 200-10] ----------------------------------------------------------------
INFO: [SCHED 204-11] Starting scheduling ...
INFO: [HLS 200-486] Changing DSP latency (root=acc_9) to 3 in order to utilize available DSP registers.
INFO: [SCHED 204-61] Pipelining loop 'VITIS_LOOP_155_8'.
INFO: [HLS 200-1470] Pipelining result : Target II = NA, Final II = 1, Depth = 5, loop 'VITIS_LOOP_155_8'
INFO: [SCHED 204-11] Finished scheduling.
INFO: [HLS 200-111] Finished Scheduling: CPU user time: 0 seconds. CPU system time: 0 seconds. Elapsed time: 0.174 seconds; current allocated memory: 8.118 GB.
INFO: [BIND 205-100] Starting micro-architecture generation ...
INFO: [BIND 205-101] Performing variable lifetime analysis.
INFO: [BIND 205-101] Exploring resource sharing.
INFO: [BIND 205-101] Binding ...
INFO: [BIND 205-100] Finished micro-architecture generation.
INFO: [HLS 200-111] Finished Binding: CPU user time: 0 seconds. CPU system time: 0 seconds. Elapsed time: 0.097 seconds; current allocated memory: 8.118 GB.
INFO: [HLS 200-10] ----------------------------------------------------------------
INFO: [HLS 200-42] -- Implementing module 'run_pwconv_Pipeline_VITIS_LOOP_155_892' 
INFO: [HLS 200-10] ----------------------------------------------------------------
INFO: [SCHED 204-11] Starting scheduling ...
INFO: [HLS 200-486] Changing DSP latency (root=acc_8) to 3 in order to utilize available DSP registers.
INFO: [SCHED 204-61] Pipelining loop 'VITIS_LOOP_155_8'.
INFO: [HLS 200-1470] Pipelining result : Target II = NA, Final II = 1, Depth = 5, loop 'VITIS_LOOP_155_8'
INFO: [SCHED 204-11] Finished scheduling.
INFO: [HLS 200-111] Finished Scheduling: CPU user time: 0 seconds. CPU system time: 0 seconds. Elapsed time: 0.174 seconds; current allocated memory: 8.118 GB.
INFO: [BIND 205-100] Starting micro-architecture generation ...
INFO: [BIND 205-101] Performing variable lifetime analysis.
INFO: [BIND 205-101] Exploring resource sharing.
INFO: [BIND 205-101] Binding ...
INFO: [BIND 205-100] Finished micro-architecture generation.
INFO: [HLS 200-111] Finished Binding: CPU user time: 1 seconds. CPU system time: 0 seconds. Elapsed time: 0.099 seconds; current allocated memory: 8.118 GB.
INFO: [HLS 200-10] ----------------------------------------------------------------
INFO: [HLS 200-42] -- Implementing module 'run_pwconv_Pipeline_VITIS_LOOP_155_893' 
INFO: [HLS 200-10] ----------------------------------------------------------------
INFO: [SCHED 204-11] Starting scheduling ...
INFO: [HLS 200-486] Changing DSP latency (root=acc_7) to 3 in order to utilize available DSP registers.
INFO: [SCHED 204-61] Pipelining loop 'VITIS_LOOP_155_8'.
INFO: [HLS 200-1470] Pipelining result : Target II = NA, Final II = 1, Depth = 5, loop 'VITIS_LOOP_155_8'
INFO: [SCHED 204-11] Finished scheduling.
INFO: [HLS 200-111] Finished Scheduling: CPU user time: 0 seconds. CPU system time: 0 seconds. Elapsed time: 0.174 seconds; current allocated memory: 8.118 GB.
INFO: [BIND 205-100] Starting micro-architecture generation ...
INFO: [BIND 205-101] Performing variable lifetime analysis.
INFO: [BIND 205-101] Exploring resource sharing.
INFO: [BIND 205-101] Binding ...
INFO: [BIND 205-100] Finished micro-architecture generation.
INFO: [HLS 200-111] Finished Binding: CPU user time: 0 seconds. CPU system time: 0 seconds. Elapsed time: 0.099 seconds; current allocated memory: 8.118 GB.
INFO: [HLS 200-10] ----------------------------------------------------------------
INFO: [HLS 200-42] -- Implementing module 'run_pwconv_Pipeline_VITIS_LOOP_155_894' 
INFO: [HLS 200-10] ----------------------------------------------------------------
INFO: [SCHED 204-11] Starting scheduling ...
INFO: [HLS 200-486] Changing DSP latency (root=acc_6) to 3 in order to utilize available DSP registers.
INFO: [SCHED 204-61] Pipelining loop 'VITIS_LOOP_155_8'.
INFO: [HLS 200-1470] Pipelining result : Target II = NA, Final II = 1, Depth = 5, loop 'VITIS_LOOP_155_8'
INFO: [SCHED 204-11] Finished scheduling.
INFO: [HLS 200-111] Finished Scheduling: CPU user time: 0 seconds. CPU system time: 0 seconds. Elapsed time: 0.178 seconds; current allocated memory: 8.118 GB.
INFO: [BIND 205-100] Starting micro-architecture generation ...
INFO: [BIND 205-101] Performing variable lifetime analysis.
INFO: [BIND 205-101] Exploring resource sharing.
INFO: [BIND 205-101] Binding ...
INFO: [BIND 205-100] Finished micro-architecture generation.
INFO: [HLS 200-111] Finished Binding: CPU user time: 0 seconds. CPU system time: 0 seconds. Elapsed time: 0.099 seconds; current allocated memory: 8.118 GB.
INFO: [HLS 200-10] ----------------------------------------------------------------
INFO: [HLS 200-42] -- Implementing module 'run_pwconv_Pipeline_VITIS_LOOP_155_895' 
INFO: [HLS 200-10] ----------------------------------------------------------------
INFO: [SCHED 204-11] Starting scheduling ...
INFO: [HLS 200-486] Changing DSP latency (root=acc_5) to 3 in order to utilize available DSP registers.
INFO: [SCHED 204-61] Pipelining loop 'VITIS_LOOP_155_8'.
INFO: [HLS 200-1470] Pipelining result : Target II = NA, Final II = 1, Depth = 5, loop 'VITIS_LOOP_155_8'
INFO: [SCHED 204-11] Finished scheduling.
INFO: [HLS 200-111] Finished Scheduling: CPU user time: 0 seconds. CPU system time: 0 seconds. Elapsed time: 0.177 seconds; current allocated memory: 8.118 GB.
INFO: [BIND 205-100] Starting micro-architecture generation ...
INFO: [BIND 205-101] Performing variable lifetime analysis.
INFO: [BIND 205-101] Exploring resource sharing.
INFO: [BIND 205-101] Binding ...
INFO: [BIND 205-100] Finished micro-architecture generation.
INFO: [HLS 200-111] Finished Binding: CPU user time: 0 seconds. CPU system time: 0 seconds. Elapsed time: 0.1 seconds; current allocated memory: 8.118 GB.
INFO: [HLS 200-10] ----------------------------------------------------------------
INFO: [HLS 200-42] -- Implementing module 'run_pwconv_Pipeline_VITIS_LOOP_155_896' 
INFO: [HLS 200-10] ----------------------------------------------------------------
INFO: [SCHED 204-11] Starting scheduling ...
INFO: [HLS 200-486] Changing DSP latency (root=acc_4) to 3 in order to utilize available DSP registers.
INFO: [SCHED 204-61] Pipelining loop 'VITIS_LOOP_155_8'.
INFO: [HLS 200-1470] Pipelining result : Target II = NA, Final II = 1, Depth = 5, loop 'VITIS_LOOP_155_8'
INFO: [SCHED 204-11] Finished scheduling.
INFO: [HLS 200-111] Finished Scheduling: CPU user time: 0 seconds. CPU system time: 0 seconds. Elapsed time: 0.182 seconds; current allocated memory: 8.118 GB.
INFO: [BIND 205-100] Starting micro-architecture generation ...
INFO: [BIND 205-101] Performing variable lifetime analysis.
INFO: [BIND 205-101] Exploring resource sharing.
INFO: [BIND 205-101] Binding ...
INFO: [BIND 205-100] Finished micro-architecture generation.
INFO: [HLS 200-111] Finished Binding: CPU user time: 0 seconds. CPU system time: 0 seconds. Elapsed time: 0.102 seconds; current allocated memory: 8.118 GB.
INFO: [HLS 200-10] ----------------------------------------------------------------
INFO: [HLS 200-42] -- Implementing module 'run_pwconv_Pipeline_VITIS_LOOP_155_897' 
INFO: [HLS 200-10] ----------------------------------------------------------------
INFO: [SCHED 204-11] Starting scheduling ...
INFO: [HLS 200-486] Changing DSP latency (root=acc_3) to 3 in order to utilize available DSP registers.
INFO: [SCHED 204-61] Pipelining loop 'VITIS_LOOP_155_8'.
INFO: [HLS 200-1470] Pipelining result : Target II = NA, Final II = 1, Depth = 5, loop 'VITIS_LOOP_155_8'
INFO: [SCHED 204-11] Finished scheduling.
INFO: [HLS 200-111] Finished Scheduling: CPU user time: 1 seconds. CPU system time: 0 seconds. Elapsed time: 0.189 seconds; current allocated memory: 8.118 GB.
INFO: [BIND 205-100] Starting micro-architecture generation ...
INFO: [BIND 205-101] Performing variable lifetime analysis.
INFO: [BIND 205-101] Exploring resource sharing.
INFO: [BIND 205-101] Binding ...
INFO: [BIND 205-100] Finished micro-architecture generation.
INFO: [HLS 200-111] Finished Binding: CPU user time: 0 seconds. CPU system time: 0 seconds. Elapsed time: 0.099 seconds; current allocated memory: 8.118 GB.
INFO: [HLS 200-10] ----------------------------------------------------------------
INFO: [HLS 200-42] -- Implementing module 'run_pwconv_Pipeline_VITIS_LOOP_155_898' 
INFO: [HLS 200-10] ----------------------------------------------------------------
INFO: [SCHED 204-11] Starting scheduling ...
INFO: [HLS 200-486] Changing DSP latency (root=acc_2) to 3 in order to utilize available DSP registers.
INFO: [SCHED 204-61] Pipelining loop 'VITIS_LOOP_155_8'.
INFO: [HLS 200-1470] Pipelining result : Target II = NA, Final II = 1, Depth = 5, loop 'VITIS_LOOP_155_8'
INFO: [SCHED 204-11] Finished scheduling.
INFO: [HLS 200-111] Finished Scheduling: CPU user time: 0 seconds. CPU system time: 0 seconds. Elapsed time: 0.181 seconds; current allocated memory: 8.118 GB.
INFO: [BIND 205-100] Starting micro-architecture generation ...
INFO: [BIND 205-101] Performing variable lifetime analysis.
INFO: [BIND 205-101] Exploring resource sharing.
INFO: [BIND 205-101] Binding ...
INFO: [BIND 205-100] Finished micro-architecture generation.
INFO: [HLS 200-111] Finished Binding: CPU user time: 0 seconds. CPU system time: 0 seconds. Elapsed time: 0.106 seconds; current allocated memory: 8.118 GB.
INFO: [HLS 200-10] ----------------------------------------------------------------
INFO: [HLS 200-42] -- Implementing module 'run_pwconv_Pipeline_VITIS_LOOP_155_899' 
INFO: [HLS 200-10] ----------------------------------------------------------------
INFO: [SCHED 204-11] Starting scheduling ...
INFO: [HLS 200-486] Changing DSP latency (root=acc_1) to 3 in order to utilize available DSP registers.
INFO: [SCHED 204-61] Pipelining loop 'VITIS_LOOP_155_8'.
INFO: [HLS 200-1470] Pipelining result : Target II = NA, Final II = 1, Depth = 5, loop 'VITIS_LOOP_155_8'
INFO: [SCHED 204-11] Finished scheduling.
INFO: [HLS 200-111] Finished Scheduling: CPU user time: 0 seconds. CPU system time: 0 seconds. Elapsed time: 0.179 seconds; current allocated memory: 8.118 GB.
INFO: [BIND 205-100] Starting micro-architecture generation ...
INFO: [BIND 205-101] Performing variable lifetime analysis.
INFO: [BIND 205-101] Exploring resource sharing.
INFO: [BIND 205-101] Binding ...
INFO: [BIND 205-100] Finished micro-architecture generation.
INFO: [HLS 200-111] Finished Binding: CPU user time: 0 seconds. CPU system time: 0 seconds. Elapsed time: 0.103 seconds; current allocated memory: 8.118 GB.
INFO: [HLS 200-10] ----------------------------------------------------------------
INFO: [HLS 200-42] -- Implementing module 'run_pwconv_Pipeline_VITIS_LOOP_155_8100' 
INFO: [HLS 200-10] ----------------------------------------------------------------
INFO: [SCHED 204-11] Starting scheduling ...
INFO: [HLS 200-486] Changing DSP latency (root=acc_104) to 3 in order to utilize available DSP registers.
INFO: [SCHED 204-61] Pipelining loop 'VITIS_LOOP_155_8'.
INFO: [HLS 200-1470] Pipelining result : Target II = NA, Final II = 1, Depth = 5, loop 'VITIS_LOOP_155_8'
INFO: [SCHED 204-11] Finished scheduling.
INFO: [HLS 200-111] Finished Scheduling: CPU user time: 0 seconds. CPU system time: 0 seconds. Elapsed time: 0.183 seconds; current allocated memory: 8.118 GB.
INFO: [BIND 205-100] Starting micro-architecture generation ...
INFO: [BIND 205-101] Performing variable lifetime analysis.
INFO: [BIND 205-101] Exploring resource sharing.
INFO: [BIND 205-101] Binding ...
INFO: [BIND 205-100] Finished micro-architecture generation.
INFO: [HLS 200-111] Finished Binding: CPU user time: 0 seconds. CPU system time: 0 seconds. Elapsed time: 0.104 seconds; current allocated memory: 8.118 GB.
INFO: [HLS 200-10] ----------------------------------------------------------------
INFO: [HLS 200-42] -- Implementing module 'run_pwconv_Pipeline_VITIS_LOOP_155_8101' 
INFO: [HLS 200-10] ----------------------------------------------------------------
INFO: [SCHED 204-11] Starting scheduling ...
INFO: [HLS 200-486] Changing DSP latency (root=acc_103) to 3 in order to utilize available DSP registers.
INFO: [SCHED 204-61] Pipelining loop 'VITIS_LOOP_155_8'.
INFO: [HLS 200-1470] Pipelining result : Target II = NA, Final II = 1, Depth = 5, loop 'VITIS_LOOP_155_8'
INFO: [SCHED 204-11] Finished scheduling.
INFO: [HLS 200-111] Finished Scheduling: CPU user time: 0 seconds. CPU system time: 0 seconds. Elapsed time: 0.179 seconds; current allocated memory: 8.118 GB.
INFO: [BIND 205-100] Starting micro-architecture generation ...
INFO: [BIND 205-101] Performing variable lifetime analysis.
INFO: [BIND 205-101] Exploring resource sharing.
INFO: [BIND 205-101] Binding ...
INFO: [BIND 205-100] Finished micro-architecture generation.
INFO: [HLS 200-111] Finished Binding: CPU user time: 1 seconds. CPU system time: 0 seconds. Elapsed time: 0.103 seconds; current allocated memory: 8.118 GB.
INFO: [HLS 200-10] ----------------------------------------------------------------
INFO: [HLS 200-42] -- Implementing module 'run_pwconv_Pipeline_VITIS_LOOP_155_8102' 
INFO: [HLS 200-10] ----------------------------------------------------------------
INFO: [SCHED 204-11] Starting scheduling ...
INFO: [HLS 200-486] Changing DSP latency (root=acc_102) to 3 in order to utilize available DSP registers.
INFO: [SCHED 204-61] Pipelining loop 'VITIS_LOOP_155_8'.
INFO: [HLS 200-1470] Pipelining result : Target II = NA, Final II = 1, Depth = 5, loop 'VITIS_LOOP_155_8'
INFO: [SCHED 204-11] Finished scheduling.
INFO: [HLS 200-111] Finished Scheduling: CPU user time: 0 seconds. CPU system time: 0 seconds. Elapsed time: 0.191 seconds; current allocated memory: 8.118 GB.
INFO: [BIND 205-100] Starting micro-architecture generation ...
INFO: [BIND 205-101] Performing variable lifetime analysis.
INFO: [BIND 205-101] Exploring resource sharing.
INFO: [BIND 205-101] Binding ...
INFO: [BIND 205-100] Finished micro-architecture generation.
INFO: [HLS 200-111] Finished Binding: CPU user time: 0 seconds. CPU system time: 0 seconds. Elapsed time: 0.105 seconds; current allocated memory: 8.118 GB.
INFO: [HLS 200-10] ----------------------------------------------------------------
INFO: [HLS 200-42] -- Implementing module 'run_pwconv_Pipeline_VITIS_LOOP_155_8103' 
INFO: [HLS 200-10] ----------------------------------------------------------------
INFO: [SCHED 204-11] Starting scheduling ...
INFO: [HLS 200-486] Changing DSP latency (root=acc_101) to 3 in order to utilize available DSP registers.
INFO: [SCHED 204-61] Pipelining loop 'VITIS_LOOP_155_8'.
INFO: [HLS 200-1470] Pipelining result : Target II = NA, Final II = 1, Depth = 5, loop 'VITIS_LOOP_155_8'
INFO: [SCHED 204-11] Finished scheduling.
INFO: [HLS 200-111] Finished Scheduling: CPU user time: 0 seconds. CPU system time: 1 seconds. Elapsed time: 0.182 seconds; current allocated memory: 8.118 GB.
INFO: [BIND 205-100] Starting micro-architecture generation ...
INFO: [BIND 205-101] Performing variable lifetime analysis.
INFO: [BIND 205-101] Exploring resource sharing.
INFO: [BIND 205-101] Binding ...
INFO: [BIND 205-100] Finished micro-architecture generation.
INFO: [HLS 200-111] Finished Binding: CPU user time: 0 seconds. CPU system time: 0 seconds. Elapsed time: 0.106 seconds; current allocated memory: 8.118 GB.
INFO: [HLS 200-10] ----------------------------------------------------------------
INFO: [HLS 200-42] -- Implementing module 'run_pwconv_Pipeline_VITIS_LOOP_155_8104' 
INFO: [HLS 200-10] ----------------------------------------------------------------
INFO: [SCHED 204-11] Starting scheduling ...
INFO: [HLS 200-486] Changing DSP latency (root=acc_100) to 3 in order to utilize available DSP registers.
INFO: [SCHED 204-61] Pipelining loop 'VITIS_LOOP_155_8'.
INFO: [HLS 200-1470] Pipelining result : Target II = NA, Final II = 1, Depth = 5, loop 'VITIS_LOOP_155_8'
INFO: [SCHED 204-11] Finished scheduling.
INFO: [HLS 200-111] Finished Scheduling: CPU user time: 0 seconds. CPU system time: 0 seconds. Elapsed time: 0.182 seconds; current allocated memory: 8.118 GB.
INFO: [BIND 205-100] Starting micro-architecture generation ...
INFO: [BIND 205-101] Performing variable lifetime analysis.
INFO: [BIND 205-101] Exploring resource sharing.
INFO: [BIND 205-101] Binding ...
INFO: [BIND 205-100] Finished micro-architecture generation.
INFO: [HLS 200-111] Finished Binding: CPU user time: 0 seconds. CPU system time: 0 seconds. Elapsed time: 0.105 seconds; current allocated memory: 8.118 GB.
INFO: [HLS 200-10] ----------------------------------------------------------------
INFO: [HLS 200-42] -- Implementing module 'run_pwconv_Pipeline_VITIS_LOOP_155_8105' 
INFO: [HLS 200-10] ----------------------------------------------------------------
INFO: [SCHED 204-11] Starting scheduling ...
INFO: [HLS 200-486] Changing DSP latency (root=acc_99) to 3 in order to utilize available DSP registers.
INFO: [SCHED 204-61] Pipelining loop 'VITIS_LOOP_155_8'.
INFO: [HLS 200-1470] Pipelining result : Target II = NA, Final II = 1, Depth = 5, loop 'VITIS_LOOP_155_8'
INFO: [SCHED 204-11] Finished scheduling.
INFO: [HLS 200-111] Finished Scheduling: CPU user time: 0 seconds. CPU system time: 0 seconds. Elapsed time: 0.181 seconds; current allocated memory: 8.118 GB.
INFO: [BIND 205-100] Starting micro-architecture generation ...
INFO: [BIND 205-101] Performing variable lifetime analysis.
INFO: [BIND 205-101] Exploring resource sharing.
INFO: [BIND 205-101] Binding ...
INFO: [BIND 205-100] Finished micro-architecture generation.
INFO: [HLS 200-111] Finished Binding: CPU user time: 0 seconds. CPU system time: 0 seconds. Elapsed time: 0.105 seconds; current allocated memory: 8.118 GB.
INFO: [HLS 200-10] ----------------------------------------------------------------
INFO: [HLS 200-42] -- Implementing module 'run_pwconv_Pipeline_VITIS_LOOP_155_8106' 
INFO: [HLS 200-10] ----------------------------------------------------------------
INFO: [SCHED 204-11] Starting scheduling ...
INFO: [HLS 200-486] Changing DSP latency (root=acc_98) to 3 in order to utilize available DSP registers.
INFO: [SCHED 204-61] Pipelining loop 'VITIS_LOOP_155_8'.
INFO: [HLS 200-1470] Pipelining result : Target II = NA, Final II = 1, Depth = 5, loop 'VITIS_LOOP_155_8'
INFO: [SCHED 204-11] Finished scheduling.
INFO: [HLS 200-111] Finished Scheduling: CPU user time: 1 seconds. CPU system time: 0 seconds. Elapsed time: 0.185 seconds; current allocated memory: 8.118 GB.
INFO: [BIND 205-100] Starting micro-architecture generation ...
INFO: [BIND 205-101] Performing variable lifetime analysis.
INFO: [BIND 205-101] Exploring resource sharing.
INFO: [BIND 205-101] Binding ...
INFO: [BIND 205-100] Finished micro-architecture generation.
INFO: [HLS 200-111] Finished Binding: CPU user time: 0 seconds. CPU system time: 0 seconds. Elapsed time: 0.106 seconds; current allocated memory: 8.118 GB.
INFO: [HLS 200-10] ----------------------------------------------------------------
INFO: [HLS 200-42] -- Implementing module 'run_pwconv_Pipeline_VITIS_LOOP_155_8107' 
INFO: [HLS 200-10] ----------------------------------------------------------------
INFO: [SCHED 204-11] Starting scheduling ...
INFO: [HLS 200-486] Changing DSP latency (root=acc_97) to 3 in order to utilize available DSP registers.
INFO: [SCHED 204-61] Pipelining loop 'VITIS_LOOP_155_8'.
INFO: [HLS 200-1470] Pipelining result : Target II = NA, Final II = 1, Depth = 5, loop 'VITIS_LOOP_155_8'
INFO: [SCHED 204-11] Finished scheduling.
INFO: [HLS 200-111] Finished Scheduling: CPU user time: 0 seconds. CPU system time: 0 seconds. Elapsed time: 0.181 seconds; current allocated memory: 8.118 GB.
INFO: [BIND 205-100] Starting micro-architecture generation ...
INFO: [BIND 205-101] Performing variable lifetime analysis.
INFO: [BIND 205-101] Exploring resource sharing.
INFO: [BIND 205-101] Binding ...
INFO: [BIND 205-100] Finished micro-architecture generation.
INFO: [HLS 200-111] Finished Binding: CPU user time: 0 seconds. CPU system time: 0 seconds. Elapsed time: 0.109 seconds; current allocated memory: 8.118 GB.
INFO: [HLS 200-10] ----------------------------------------------------------------
INFO: [HLS 200-42] -- Implementing module 'run_pwconv_Pipeline_VITIS_LOOP_155_8108' 
INFO: [HLS 200-10] ----------------------------------------------------------------
INFO: [SCHED 204-11] Starting scheduling ...
INFO: [HLS 200-486] Changing DSP latency (root=acc_96) to 3 in order to utilize available DSP registers.
INFO: [SCHED 204-61] Pipelining loop 'VITIS_LOOP_155_8'.
INFO: [HLS 200-1470] Pipelining result : Target II = NA, Final II = 1, Depth = 5, loop 'VITIS_LOOP_155_8'
INFO: [SCHED 204-11] Finished scheduling.
INFO: [HLS 200-111] Finished Scheduling: CPU user time: 0 seconds. CPU system time: 0 seconds. Elapsed time: 0.184 seconds; current allocated memory: 8.118 GB.
INFO: [BIND 205-100] Starting micro-architecture generation ...
INFO: [BIND 205-101] Performing variable lifetime analysis.
INFO: [BIND 205-101] Exploring resource sharing.
INFO: [BIND 205-101] Binding ...
INFO: [BIND 205-100] Finished micro-architecture generation.
INFO: [HLS 200-111] Finished Binding: CPU user time: 0 seconds. CPU system time: 0 seconds. Elapsed time: 0.105 seconds; current allocated memory: 8.118 GB.
INFO: [HLS 200-10] ----------------------------------------------------------------
INFO: [HLS 200-42] -- Implementing module 'run_pwconv_Pipeline_VITIS_LOOP_155_8109' 
INFO: [HLS 200-10] ----------------------------------------------------------------
INFO: [SCHED 204-11] Starting scheduling ...
INFO: [HLS 200-486] Changing DSP latency (root=acc_95) to 3 in order to utilize available DSP registers.
INFO: [SCHED 204-61] Pipelining loop 'VITIS_LOOP_155_8'.
INFO: [HLS 200-1470] Pipelining result : Target II = NA, Final II = 1, Depth = 5, loop 'VITIS_LOOP_155_8'
INFO: [SCHED 204-11] Finished scheduling.
INFO: [HLS 200-111] Finished Scheduling: CPU user time: 0 seconds. CPU system time: 0 seconds. Elapsed time: 0.185 seconds; current allocated memory: 8.118 GB.
INFO: [BIND 205-100] Starting micro-architecture generation ...
INFO: [BIND 205-101] Performing variable lifetime analysis.
INFO: [BIND 205-101] Exploring resource sharing.
INFO: [BIND 205-101] Binding ...
INFO: [BIND 205-100] Finished micro-architecture generation.
INFO: [HLS 200-111] Finished Binding: CPU user time: 0 seconds. CPU system time: 0 seconds. Elapsed time: 0.106 seconds; current allocated memory: 8.118 GB.
INFO: [HLS 200-10] ----------------------------------------------------------------
INFO: [HLS 200-42] -- Implementing module 'run_pwconv_Pipeline_VITIS_LOOP_155_8110' 
INFO: [HLS 200-10] ----------------------------------------------------------------
INFO: [SCHED 204-11] Starting scheduling ...
INFO: [HLS 200-486] Changing DSP latency (root=acc_94) to 3 in order to utilize available DSP registers.
INFO: [SCHED 204-61] Pipelining loop 'VITIS_LOOP_155_8'.
INFO: [HLS 200-1470] Pipelining result : Target II = NA, Final II = 1, Depth = 5, loop 'VITIS_LOOP_155_8'
INFO: [SCHED 204-11] Finished scheduling.
INFO: [HLS 200-111] Finished Scheduling: CPU user time: 1 seconds. CPU system time: 0 seconds. Elapsed time: 0.188 seconds; current allocated memory: 8.118 GB.
INFO: [BIND 205-100] Starting micro-architecture generation ...
INFO: [BIND 205-101] Performing variable lifetime analysis.
INFO: [BIND 205-101] Exploring resource sharing.
INFO: [BIND 205-101] Binding ...
INFO: [BIND 205-100] Finished micro-architecture generation.
INFO: [HLS 200-111] Finished Binding: CPU user time: 0 seconds. CPU system time: 0 seconds. Elapsed time: 0.11 seconds; current allocated memory: 8.118 GB.
INFO: [HLS 200-10] ----------------------------------------------------------------
INFO: [HLS 200-42] -- Implementing module 'run_pwconv_Pipeline_VITIS_LOOP_155_8111' 
INFO: [HLS 200-10] ----------------------------------------------------------------
INFO: [SCHED 204-11] Starting scheduling ...
INFO: [HLS 200-486] Changing DSP latency (root=acc_93) to 3 in order to utilize available DSP registers.
INFO: [SCHED 204-61] Pipelining loop 'VITIS_LOOP_155_8'.
INFO: [HLS 200-1470] Pipelining result : Target II = NA, Final II = 1, Depth = 5, loop 'VITIS_LOOP_155_8'
INFO: [SCHED 204-11] Finished scheduling.
INFO: [HLS 200-111] Finished Scheduling: CPU user time: 0 seconds. CPU system time: 0 seconds. Elapsed time: 0.185 seconds; current allocated memory: 8.118 GB.
INFO: [BIND 205-100] Starting micro-architecture generation ...
INFO: [BIND 205-101] Performing variable lifetime analysis.
INFO: [BIND 205-101] Exploring resource sharing.
INFO: [BIND 205-101] Binding ...
INFO: [BIND 205-100] Finished micro-architecture generation.
INFO: [HLS 200-111] Finished Binding: CPU user time: 0 seconds. CPU system time: 0 seconds. Elapsed time: 0.107 seconds; current allocated memory: 8.118 GB.
INFO: [HLS 200-10] ----------------------------------------------------------------
INFO: [HLS 200-42] -- Implementing module 'run_pwconv_Pipeline_VITIS_LOOP_155_8112' 
INFO: [HLS 200-10] ----------------------------------------------------------------
INFO: [SCHED 204-11] Starting scheduling ...
INFO: [HLS 200-486] Changing DSP latency (root=acc_92) to 3 in order to utilize available DSP registers.
INFO: [SCHED 204-61] Pipelining loop 'VITIS_LOOP_155_8'.
INFO: [HLS 200-1470] Pipelining result : Target II = NA, Final II = 1, Depth = 5, loop 'VITIS_LOOP_155_8'
INFO: [SCHED 204-11] Finished scheduling.
INFO: [HLS 200-111] Finished Scheduling: CPU user time: 0 seconds. CPU system time: 0 seconds. Elapsed time: 0.186 seconds; current allocated memory: 8.118 GB.
INFO: [BIND 205-100] Starting micro-architecture generation ...
INFO: [BIND 205-101] Performing variable lifetime analysis.
INFO: [BIND 205-101] Exploring resource sharing.
INFO: [BIND 205-101] Binding ...
INFO: [BIND 205-100] Finished micro-architecture generation.
INFO: [HLS 200-111] Finished Binding: CPU user time: 0 seconds. CPU system time: 0 seconds. Elapsed time: 0.106 seconds; current allocated memory: 8.118 GB.
INFO: [HLS 200-10] ----------------------------------------------------------------
INFO: [HLS 200-42] -- Implementing module 'run_pwconv_Pipeline_VITIS_LOOP_155_8113' 
INFO: [HLS 200-10] ----------------------------------------------------------------
INFO: [SCHED 204-11] Starting scheduling ...
INFO: [HLS 200-486] Changing DSP latency (root=acc_91) to 3 in order to utilize available DSP registers.
INFO: [SCHED 204-61] Pipelining loop 'VITIS_LOOP_155_8'.
INFO: [HLS 200-1470] Pipelining result : Target II = NA, Final II = 1, Depth = 5, loop 'VITIS_LOOP_155_8'
INFO: [SCHED 204-11] Finished scheduling.
INFO: [HLS 200-111] Finished Scheduling: CPU user time: 0 seconds. CPU system time: 0 seconds. Elapsed time: 0.186 seconds; current allocated memory: 8.118 GB.
INFO: [BIND 205-100] Starting micro-architecture generation ...
INFO: [BIND 205-101] Performing variable lifetime analysis.
INFO: [BIND 205-101] Exploring resource sharing.
INFO: [BIND 205-101] Binding ...
INFO: [BIND 205-100] Finished micro-architecture generation.
INFO: [HLS 200-111] Finished Binding: CPU user time: 0 seconds. CPU system time: 0 seconds. Elapsed time: 0.108 seconds; current allocated memory: 8.118 GB.
INFO: [HLS 200-10] ----------------------------------------------------------------
INFO: [HLS 200-42] -- Implementing module 'run_pwconv_Pipeline_VITIS_LOOP_155_8114' 
INFO: [HLS 200-10] ----------------------------------------------------------------
INFO: [SCHED 204-11] Starting scheduling ...
INFO: [HLS 200-486] Changing DSP latency (root=acc_90) to 3 in order to utilize available DSP registers.
INFO: [SCHED 204-61] Pipelining loop 'VITIS_LOOP_155_8'.
INFO: [HLS 200-1470] Pipelining result : Target II = NA, Final II = 1, Depth = 5, loop 'VITIS_LOOP_155_8'
INFO: [SCHED 204-11] Finished scheduling.
INFO: [HLS 200-111] Finished Scheduling: CPU user time: 0 seconds. CPU system time: 0 seconds. Elapsed time: 0.19 seconds; current allocated memory: 8.118 GB.
INFO: [BIND 205-100] Starting micro-architecture generation ...
INFO: [BIND 205-101] Performing variable lifetime analysis.
INFO: [BIND 205-101] Exploring resource sharing.
INFO: [BIND 205-101] Binding ...
INFO: [BIND 205-100] Finished micro-architecture generation.
INFO: [HLS 200-111] Finished Binding: CPU user time: 1 seconds. CPU system time: 0 seconds. Elapsed time: 0.107 seconds; current allocated memory: 8.118 GB.
INFO: [HLS 200-10] ----------------------------------------------------------------
INFO: [HLS 200-42] -- Implementing module 'run_pwconv_Pipeline_VITIS_LOOP_155_8115' 
INFO: [HLS 200-10] ----------------------------------------------------------------
INFO: [SCHED 204-11] Starting scheduling ...
INFO: [HLS 200-486] Changing DSP latency (root=acc_89) to 3 in order to utilize available DSP registers.
INFO: [SCHED 204-61] Pipelining loop 'VITIS_LOOP_155_8'.
INFO: [HLS 200-1470] Pipelining result : Target II = NA, Final II = 1, Depth = 5, loop 'VITIS_LOOP_155_8'
INFO: [SCHED 204-11] Finished scheduling.
INFO: [HLS 200-111] Finished Scheduling: CPU user time: 0 seconds. CPU system time: 0 seconds. Elapsed time: 0.189 seconds; current allocated memory: 8.118 GB.
INFO: [BIND 205-100] Starting micro-architecture generation ...
INFO: [BIND 205-101] Performing variable lifetime analysis.
INFO: [BIND 205-101] Exploring resource sharing.
INFO: [BIND 205-101] Binding ...
INFO: [BIND 205-100] Finished micro-architecture generation.
INFO: [HLS 200-111] Finished Binding: CPU user time: 0 seconds. CPU system time: 0 seconds. Elapsed time: 0.109 seconds; current allocated memory: 8.118 GB.
INFO: [HLS 200-10] ----------------------------------------------------------------
INFO: [HLS 200-42] -- Implementing module 'run_pwconv_Pipeline_VITIS_LOOP_155_8116' 
INFO: [HLS 200-10] ----------------------------------------------------------------
INFO: [SCHED 204-11] Starting scheduling ...
INFO: [HLS 200-486] Changing DSP latency (root=acc_88) to 3 in order to utilize available DSP registers.
INFO: [SCHED 204-61] Pipelining loop 'VITIS_LOOP_155_8'.
INFO: [HLS 200-1470] Pipelining result : Target II = NA, Final II = 1, Depth = 5, loop 'VITIS_LOOP_155_8'
INFO: [SCHED 204-11] Finished scheduling.
INFO: [HLS 200-111] Finished Scheduling: CPU user time: 0 seconds. CPU system time: 0 seconds. Elapsed time: 0.188 seconds; current allocated memory: 8.118 GB.
INFO: [BIND 205-100] Starting micro-architecture generation ...
INFO: [BIND 205-101] Performing variable lifetime analysis.
INFO: [BIND 205-101] Exploring resource sharing.
INFO: [BIND 205-101] Binding ...
INFO: [BIND 205-100] Finished micro-architecture generation.
INFO: [HLS 200-111] Finished Binding: CPU user time: 0 seconds. CPU system time: 0 seconds. Elapsed time: 0.109 seconds; current allocated memory: 8.118 GB.
INFO: [HLS 200-10] ----------------------------------------------------------------
INFO: [HLS 200-42] -- Implementing module 'run_pwconv_Pipeline_VITIS_LOOP_155_8117' 
INFO: [HLS 200-10] ----------------------------------------------------------------
INFO: [SCHED 204-11] Starting scheduling ...
INFO: [HLS 200-486] Changing DSP latency (root=acc_87) to 3 in order to utilize available DSP registers.
INFO: [SCHED 204-61] Pipelining loop 'VITIS_LOOP_155_8'.
INFO: [HLS 200-1470] Pipelining result : Target II = NA, Final II = 1, Depth = 5, loop 'VITIS_LOOP_155_8'
INFO: [SCHED 204-11] Finished scheduling.
INFO: [HLS 200-111] Finished Scheduling: CPU user time: 0 seconds. CPU system time: 0 seconds. Elapsed time: 0.191 seconds; current allocated memory: 8.118 GB.
INFO: [BIND 205-100] Starting micro-architecture generation ...
INFO: [BIND 205-101] Performing variable lifetime analysis.
INFO: [BIND 205-101] Exploring resource sharing.
INFO: [BIND 205-101] Binding ...
INFO: [BIND 205-100] Finished micro-architecture generation.
INFO: [HLS 200-111] Finished Binding: CPU user time: 0 seconds. CPU system time: 0 seconds. Elapsed time: 0.109 seconds; current allocated memory: 8.118 GB.
INFO: [HLS 200-10] ----------------------------------------------------------------
INFO: [HLS 200-42] -- Implementing module 'run_pwconv_Pipeline_VITIS_LOOP_155_8118' 
INFO: [HLS 200-10] ----------------------------------------------------------------
INFO: [SCHED 204-11] Starting scheduling ...
INFO: [HLS 200-486] Changing DSP latency (root=acc_86) to 3 in order to utilize available DSP registers.
INFO: [SCHED 204-61] Pipelining loop 'VITIS_LOOP_155_8'.
INFO: [HLS 200-1470] Pipelining result : Target II = NA, Final II = 1, Depth = 5, loop 'VITIS_LOOP_155_8'
INFO: [SCHED 204-11] Finished scheduling.
INFO: [HLS 200-111] Finished Scheduling: CPU user time: 0 seconds. CPU system time: 0 seconds. Elapsed time: 0.19 seconds; current allocated memory: 8.118 GB.
INFO: [BIND 205-100] Starting micro-architecture generation ...
INFO: [BIND 205-101] Performing variable lifetime analysis.
INFO: [BIND 205-101] Exploring resource sharing.
INFO: [BIND 205-101] Binding ...
INFO: [BIND 205-100] Finished micro-architecture generation.
INFO: [HLS 200-111] Finished Binding: CPU user time: 0 seconds. CPU system time: 0 seconds. Elapsed time: 0.11 seconds; current allocated memory: 8.118 GB.
INFO: [HLS 200-10] ----------------------------------------------------------------
INFO: [HLS 200-42] -- Implementing module 'run_pwconv_Pipeline_VITIS_LOOP_155_8119' 
INFO: [HLS 200-10] ----------------------------------------------------------------
INFO: [SCHED 204-11] Starting scheduling ...
INFO: [HLS 200-486] Changing DSP latency (root=acc_85) to 3 in order to utilize available DSP registers.
INFO: [SCHED 204-61] Pipelining loop 'VITIS_LOOP_155_8'.
INFO: [HLS 200-1470] Pipelining result : Target II = NA, Final II = 1, Depth = 5, loop 'VITIS_LOOP_155_8'
INFO: [SCHED 204-11] Finished scheduling.
INFO: [HLS 200-111] Finished Scheduling: CPU user time: 1 seconds. CPU system time: 0 seconds. Elapsed time: 0.191 seconds; current allocated memory: 8.118 GB.
INFO: [BIND 205-100] Starting micro-architecture generation ...
INFO: [BIND 205-101] Performing variable lifetime analysis.
INFO: [BIND 205-101] Exploring resource sharing.
INFO: [BIND 205-101] Binding ...
INFO: [BIND 205-100] Finished micro-architecture generation.
INFO: [HLS 200-111] Finished Binding: CPU user time: 0 seconds. CPU system time: 0 seconds. Elapsed time: 0.113 seconds; current allocated memory: 8.118 GB.
INFO: [HLS 200-10] ----------------------------------------------------------------
INFO: [HLS 200-42] -- Implementing module 'run_pwconv_Pipeline_VITIS_LOOP_155_8120' 
INFO: [HLS 200-10] ----------------------------------------------------------------
INFO: [SCHED 204-11] Starting scheduling ...
INFO: [HLS 200-486] Changing DSP latency (root=acc_84) to 3 in order to utilize available DSP registers.
INFO: [SCHED 204-61] Pipelining loop 'VITIS_LOOP_155_8'.
INFO: [HLS 200-1470] Pipelining result : Target II = NA, Final II = 1, Depth = 5, loop 'VITIS_LOOP_155_8'
INFO: [SCHED 204-11] Finished scheduling.
INFO: [HLS 200-111] Finished Scheduling: CPU user time: 0 seconds. CPU system time: 0 seconds. Elapsed time: 0.192 seconds; current allocated memory: 8.118 GB.
INFO: [BIND 205-100] Starting micro-architecture generation ...
INFO: [BIND 205-101] Performing variable lifetime analysis.
INFO: [BIND 205-101] Exploring resource sharing.
INFO: [BIND 205-101] Binding ...
INFO: [BIND 205-100] Finished micro-architecture generation.
INFO: [HLS 200-111] Finished Binding: CPU user time: 0 seconds. CPU system time: 0 seconds. Elapsed time: 0.115 seconds; current allocated memory: 8.118 GB.
INFO: [HLS 200-10] ----------------------------------------------------------------
INFO: [HLS 200-42] -- Implementing module 'run_pwconv_Pipeline_VITIS_LOOP_155_8121' 
INFO: [HLS 200-10] ----------------------------------------------------------------
INFO: [SCHED 204-11] Starting scheduling ...
INFO: [HLS 200-486] Changing DSP latency (root=acc_83) to 3 in order to utilize available DSP registers.
INFO: [SCHED 204-61] Pipelining loop 'VITIS_LOOP_155_8'.
INFO: [HLS 200-1470] Pipelining result : Target II = NA, Final II = 1, Depth = 5, loop 'VITIS_LOOP_155_8'
INFO: [SCHED 204-11] Finished scheduling.
INFO: [HLS 200-111] Finished Scheduling: CPU user time: 0 seconds. CPU system time: 0 seconds. Elapsed time: 0.192 seconds; current allocated memory: 8.118 GB.
INFO: [BIND 205-100] Starting micro-architecture generation ...
INFO: [BIND 205-101] Performing variable lifetime analysis.
INFO: [BIND 205-101] Exploring resource sharing.
INFO: [BIND 205-101] Binding ...
INFO: [BIND 205-100] Finished micro-architecture generation.
INFO: [HLS 200-111] Finished Binding: CPU user time: 0 seconds. CPU system time: 0 seconds. Elapsed time: 0.113 seconds; current allocated memory: 8.118 GB.
INFO: [HLS 200-10] ----------------------------------------------------------------
INFO: [HLS 200-42] -- Implementing module 'run_pwconv_Pipeline_VITIS_LOOP_155_8122' 
INFO: [HLS 200-10] ----------------------------------------------------------------
INFO: [SCHED 204-11] Starting scheduling ...
INFO: [HLS 200-486] Changing DSP latency (root=acc_82) to 3 in order to utilize available DSP registers.
INFO: [SCHED 204-61] Pipelining loop 'VITIS_LOOP_155_8'.
INFO: [HLS 200-1470] Pipelining result : Target II = NA, Final II = 1, Depth = 5, loop 'VITIS_LOOP_155_8'
INFO: [SCHED 204-11] Finished scheduling.
INFO: [HLS 200-111] Finished Scheduling: CPU user time: 0 seconds. CPU system time: 0 seconds. Elapsed time: 0.194 seconds; current allocated memory: 8.118 GB.
INFO: [BIND 205-100] Starting micro-architecture generation ...
INFO: [BIND 205-101] Performing variable lifetime analysis.
INFO: [BIND 205-101] Exploring resource sharing.
INFO: [BIND 205-101] Binding ...
INFO: [BIND 205-100] Finished micro-architecture generation.
INFO: [HLS 200-111] Finished Binding: CPU user time: 0 seconds. CPU system time: 0 seconds. Elapsed time: 0.112 seconds; current allocated memory: 8.118 GB.
INFO: [HLS 200-10] ----------------------------------------------------------------
INFO: [HLS 200-42] -- Implementing module 'run_pwconv_Pipeline_VITIS_LOOP_155_8123' 
INFO: [HLS 200-10] ----------------------------------------------------------------
INFO: [SCHED 204-11] Starting scheduling ...
INFO: [HLS 200-486] Changing DSP latency (root=acc_81) to 3 in order to utilize available DSP registers.
INFO: [SCHED 204-61] Pipelining loop 'VITIS_LOOP_155_8'.
INFO: [HLS 200-1470] Pipelining result : Target II = NA, Final II = 1, Depth = 5, loop 'VITIS_LOOP_155_8'
INFO: [SCHED 204-11] Finished scheduling.
INFO: [HLS 200-111] Finished Scheduling: CPU user time: 1 seconds. CPU system time: 0 seconds. Elapsed time: 0.194 seconds; current allocated memory: 8.118 GB.
INFO: [BIND 205-100] Starting micro-architecture generation ...
INFO: [BIND 205-101] Performing variable lifetime analysis.
INFO: [BIND 205-101] Exploring resource sharing.
INFO: [BIND 205-101] Binding ...
INFO: [BIND 205-100] Finished micro-architecture generation.
INFO: [HLS 200-111] Finished Binding: CPU user time: 0 seconds. CPU system time: 0 seconds. Elapsed time: 0.113 seconds; current allocated memory: 8.118 GB.
INFO: [HLS 200-10] ----------------------------------------------------------------
INFO: [HLS 200-42] -- Implementing module 'run_pwconv_Pipeline_VITIS_LOOP_155_8124' 
INFO: [HLS 200-10] ----------------------------------------------------------------
INFO: [SCHED 204-11] Starting scheduling ...
INFO: [HLS 200-486] Changing DSP latency (root=acc_80) to 3 in order to utilize available DSP registers.
INFO: [SCHED 204-61] Pipelining loop 'VITIS_LOOP_155_8'.
INFO: [HLS 200-1470] Pipelining result : Target II = NA, Final II = 1, Depth = 5, loop 'VITIS_LOOP_155_8'
INFO: [SCHED 204-11] Finished scheduling.
INFO: [HLS 200-111] Finished Scheduling: CPU user time: 0 seconds. CPU system time: 0 seconds. Elapsed time: 0.197 seconds; current allocated memory: 8.118 GB.
INFO: [BIND 205-100] Starting micro-architecture generation ...
INFO: [BIND 205-101] Performing variable lifetime analysis.
INFO: [BIND 205-101] Exploring resource sharing.
INFO: [BIND 205-101] Binding ...
INFO: [BIND 205-100] Finished micro-architecture generation.
INFO: [HLS 200-111] Finished Binding: CPU user time: 0 seconds. CPU system time: 0 seconds. Elapsed time: 0.113 seconds; current allocated memory: 8.118 GB.
INFO: [HLS 200-10] ----------------------------------------------------------------
INFO: [HLS 200-42] -- Implementing module 'run_pwconv_Pipeline_VITIS_LOOP_155_8125' 
INFO: [HLS 200-10] ----------------------------------------------------------------
INFO: [SCHED 204-11] Starting scheduling ...
INFO: [HLS 200-486] Changing DSP latency (root=acc_79) to 3 in order to utilize available DSP registers.
INFO: [SCHED 204-61] Pipelining loop 'VITIS_LOOP_155_8'.
INFO: [HLS 200-1470] Pipelining result : Target II = NA, Final II = 1, Depth = 5, loop 'VITIS_LOOP_155_8'
INFO: [SCHED 204-11] Finished scheduling.
INFO: [HLS 200-111] Finished Scheduling: CPU user time: 0 seconds. CPU system time: 0 seconds. Elapsed time: 0.193 seconds; current allocated memory: 8.118 GB.
INFO: [BIND 205-100] Starting micro-architecture generation ...
INFO: [BIND 205-101] Performing variable lifetime analysis.
INFO: [BIND 205-101] Exploring resource sharing.
INFO: [BIND 205-101] Binding ...
INFO: [BIND 205-100] Finished micro-architecture generation.
INFO: [HLS 200-111] Finished Binding: CPU user time: 0 seconds. CPU system time: 0 seconds. Elapsed time: 0.114 seconds; current allocated memory: 8.118 GB.
INFO: [HLS 200-10] ----------------------------------------------------------------
INFO: [HLS 200-42] -- Implementing module 'run_pwconv_Pipeline_VITIS_LOOP_155_8126' 
INFO: [HLS 200-10] ----------------------------------------------------------------
INFO: [SCHED 204-11] Starting scheduling ...
INFO: [HLS 200-486] Changing DSP latency (root=acc_78) to 3 in order to utilize available DSP registers.
INFO: [SCHED 204-61] Pipelining loop 'VITIS_LOOP_155_8'.
INFO: [HLS 200-1470] Pipelining result : Target II = NA, Final II = 1, Depth = 5, loop 'VITIS_LOOP_155_8'
INFO: [SCHED 204-11] Finished scheduling.
INFO: [HLS 200-111] Finished Scheduling: CPU user time: 0 seconds. CPU system time: 0 seconds. Elapsed time: 0.198 seconds; current allocated memory: 8.118 GB.
INFO: [BIND 205-100] Starting micro-architecture generation ...
INFO: [BIND 205-101] Performing variable lifetime analysis.
INFO: [BIND 205-101] Exploring resource sharing.
INFO: [BIND 205-101] Binding ...
INFO: [BIND 205-100] Finished micro-architecture generation.
INFO: [HLS 200-111] Finished Binding: CPU user time: 0 seconds. CPU system time: 0 seconds. Elapsed time: 0.115 seconds; current allocated memory: 8.118 GB.
INFO: [HLS 200-10] ----------------------------------------------------------------
INFO: [HLS 200-42] -- Implementing module 'run_pwconv_Pipeline_VITIS_LOOP_155_8127' 
INFO: [HLS 200-10] ----------------------------------------------------------------
INFO: [SCHED 204-11] Starting scheduling ...
INFO: [HLS 200-486] Changing DSP latency (root=acc_77) to 3 in order to utilize available DSP registers.
INFO: [SCHED 204-61] Pipelining loop 'VITIS_LOOP_155_8'.
INFO: [HLS 200-1470] Pipelining result : Target II = NA, Final II = 1, Depth = 5, loop 'VITIS_LOOP_155_8'
INFO: [SCHED 204-11] Finished scheduling.
INFO: [HLS 200-111] Finished Scheduling: CPU user time: 1 seconds. CPU system time: 0 seconds. Elapsed time: 0.197 seconds; current allocated memory: 8.118 GB.
INFO: [BIND 205-100] Starting micro-architecture generation ...
INFO: [BIND 205-101] Performing variable lifetime analysis.
INFO: [BIND 205-101] Exploring resource sharing.
INFO: [BIND 205-101] Binding ...
INFO: [BIND 205-100] Finished micro-architecture generation.
INFO: [HLS 200-111] Finished Binding: CPU user time: 0 seconds. CPU system time: 0 seconds. Elapsed time: 0.115 seconds; current allocated memory: 8.118 GB.
INFO: [HLS 200-10] ----------------------------------------------------------------
INFO: [HLS 200-42] -- Implementing module 'run_pwconv' 
INFO: [HLS 200-10] ----------------------------------------------------------------
INFO: [SCHED 204-11] Starting scheduling ...
INFO: [SCHED 204-11] Finished scheduling.
INFO: [HLS 200-111] Finished Scheduling: CPU user time: 7 seconds. CPU system time: 0 seconds. Elapsed time: 7.93 seconds; current allocated memory: 8.118 GB.
INFO: [BIND 205-100] Starting micro-architecture generation ...
INFO: [BIND 205-101] Performing variable lifetime analysis.
INFO: [BIND 205-101] Exploring resource sharing.
INFO: [BIND 205-101] Binding ...
INFO: [BIND 205-100] Finished micro-architecture generation.
INFO: [HLS 200-111] Finished Binding: CPU user time: 3 seconds. CPU system time: 0 seconds. Elapsed time: 3.871 seconds; current allocated memory: 8.118 GB.
INFO: [HLS 200-10] ----------------------------------------------------------------
INFO: [HLS 200-42] -- Implementing module 'run_dwconv_Pipeline_VITIS_LOOP_62_4_VITIS_LOOP_63_5' 
INFO: [HLS 200-10] ----------------------------------------------------------------
INFO: [SCHED 204-11] Starting scheduling ...
INFO: [SCHED 204-61] Pipelining loop 'VITIS_LOOP_62_4_VITIS_LOOP_63_5'.
INFO: [HLS 200-1470] Pipelining result : Target II = NA, Final II = 1, Depth = 3, loop 'VITIS_LOOP_62_4_VITIS_LOOP_63_5'
INFO: [SCHED 204-11] Finished scheduling.
INFO: [HLS 200-111] Finished Scheduling: CPU user time: 1 seconds. CPU system time: 0 seconds. Elapsed time: 1.132 seconds; current allocated memory: 8.118 GB.
INFO: [BIND 205-100] Starting micro-architecture generation ...
INFO: [BIND 205-101] Performing variable lifetime analysis.
INFO: [BIND 205-101] Exploring resource sharing.
INFO: [BIND 205-101] Binding ...
INFO: [BIND 205-100] Finished micro-architecture generation.
INFO: [HLS 200-111] Finished Binding: CPU user time: 0 seconds. CPU system time: 0 seconds. Elapsed time: 0.15 seconds; current allocated memory: 8.118 GB.
INFO: [HLS 200-10] ----------------------------------------------------------------
INFO: [HLS 200-42] -- Implementing module 'run_dwconv_Pipeline_VITIS_LOOP_65_6_VITIS_LOOP_67_7' 
INFO: [HLS 200-10] ----------------------------------------------------------------
INFO: [SCHED 204-11] Starting scheduling ...
INFO: [SCHED 204-61] Pipelining loop 'VITIS_LOOP_65_6_VITIS_LOOP_67_7'.
INFO: [HLS 200-1470] Pipelining result : Target II = NA, Final II = 1, Depth = 4, loop 'VITIS_LOOP_65_6_VITIS_LOOP_67_7'
INFO: [SCHED 204-11] Finished scheduling.
INFO: [HLS 200-111] Finished Scheduling: CPU user time: 1 seconds. CPU system time: 0 seconds. Elapsed time: 1.796 seconds; current allocated memory: 8.118 GB.
INFO: [BIND 205-100] Starting micro-architecture generation ...
INFO: [BIND 205-101] Performing variable lifetime analysis.
INFO: [BIND 205-101] Exploring resource sharing.
INFO: [BIND 205-101] Binding ...
INFO: [BIND 205-100] Finished micro-architecture generation.
INFO: [HLS 200-111] Finished Binding: CPU user time: 1 seconds. CPU system time: 0 seconds. Elapsed time: 0.66 seconds; current allocated memory: 8.118 GB.
INFO: [HLS 200-10] ----------------------------------------------------------------
INFO: [HLS 200-42] -- Implementing module 'run_dwconv_Pipeline_VITIS_LOOP_89_8_VITIS_LOOP_90_9' 
INFO: [HLS 200-10] ----------------------------------------------------------------
INFO: [SCHED 204-11] Starting scheduling ...
INFO: [HLS 200-486] Changing DSP latency (root=acc_465) to 3 in order to utilize available DSP registers.
INFO: [SCHED 204-61] Pipelining loop 'VITIS_LOOP_89_8_VITIS_LOOP_90_9'.
INFO: [HLS 200-1470] Pipelining result : Target II = NA, Final II = 1, Depth = 7, loop 'VITIS_LOOP_89_8_VITIS_LOOP_90_9'
INFO: [SCHED 204-11] Finished scheduling.
INFO: [HLS 200-111] Finished Scheduling: CPU user time: 0 seconds. CPU system time: 1 seconds. Elapsed time: 0.78 seconds; current allocated memory: 8.118 GB.
INFO: [BIND 205-100] Starting micro-architecture generation ...
INFO: [BIND 205-101] Performing variable lifetime analysis.
INFO: [BIND 205-101] Exploring resource sharing.
INFO: [BIND 205-101] Binding ...
INFO: [BIND 205-100] Finished micro-architecture generation.
INFO: [HLS 200-111] Finished Binding: CPU user time: 1 seconds. CPU system time: 0 seconds. Elapsed time: 0.159 seconds; current allocated memory: 8.118 GB.
INFO: [HLS 200-10] ----------------------------------------------------------------
INFO: [HLS 200-42] -- Implementing module 'run_dwconv_Pipeline_VITIS_LOOP_89_8_VITIS_LOOP_90_9128' 
INFO: [HLS 200-10] ----------------------------------------------------------------
INFO: [SCHED 204-11] Starting scheduling ...
INFO: [HLS 200-486] Changing DSP latency (root=acc) to 3 in order to utilize available DSP registers.
INFO: [SCHED 204-61] Pipelining loop 'VITIS_LOOP_89_8_VITIS_LOOP_90_9'.
INFO: [HLS 200-1470] Pipelining result : Target II = NA, Final II = 1, Depth = 8, loop 'VITIS_LOOP_89_8_VITIS_LOOP_90_9'
INFO: [SCHED 204-11] Finished scheduling.
INFO: [HLS 200-111] Finished Scheduling: CPU user time: 0 seconds. CPU system time: 0 seconds. Elapsed time: 0.319 seconds; current allocated memory: 8.118 GB.
INFO: [BIND 205-100] Starting micro-architecture generation ...
INFO: [BIND 205-101] Performing variable lifetime analysis.
INFO: [BIND 205-101] Exploring resource sharing.
INFO: [BIND 205-101] Binding ...
INFO: [BIND 205-100] Finished micro-architecture generation.
INFO: [HLS 200-111] Finished Binding: CPU user time: 0 seconds. CPU system time: 0 seconds. Elapsed time: 0.162 seconds; current allocated memory: 8.118 GB.
INFO: [HLS 200-10] ----------------------------------------------------------------
INFO: [HLS 200-42] -- Implementing module 'run_dwconv_Pipeline_VITIS_LOOP_89_8_VITIS_LOOP_90_9129' 
INFO: [HLS 200-10] ----------------------------------------------------------------
INFO: [SCHED 204-11] Starting scheduling ...
INFO: [HLS 200-486] Changing DSP latency (root=acc) to 3 in order to utilize available DSP registers.
INFO: [SCHED 204-61] Pipelining loop 'VITIS_LOOP_89_8_VITIS_LOOP_90_9'.
INFO: [HLS 200-1470] Pipelining result : Target II = NA, Final II = 1, Depth = 8, loop 'VITIS_LOOP_89_8_VITIS_LOOP_90_9'
INFO: [SCHED 204-11] Finished scheduling.
INFO: [HLS 200-111] Finished Scheduling: CPU user time: 0 seconds. CPU system time: 0 seconds. Elapsed time: 0.323 seconds; current allocated memory: 8.118 GB.
INFO: [BIND 205-100] Starting micro-architecture generation ...
INFO: [BIND 205-101] Performing variable lifetime analysis.
INFO: [BIND 205-101] Exploring resource sharing.
INFO: [BIND 205-101] Binding ...
INFO: [BIND 205-100] Finished micro-architecture generation.
INFO: [HLS 200-111] Finished Binding: CPU user time: 1 seconds. CPU system time: 0 seconds. Elapsed time: 0.162 seconds; current allocated memory: 8.118 GB.
INFO: [HLS 200-10] ----------------------------------------------------------------
INFO: [HLS 200-42] -- Implementing module 'run_dwconv_Pipeline_VITIS_LOOP_89_8_VITIS_LOOP_90_9130' 
INFO: [HLS 200-10] ----------------------------------------------------------------
INFO: [SCHED 204-11] Starting scheduling ...
INFO: [HLS 200-486] Changing DSP latency (root=acc) to 3 in order to utilize available DSP registers.
INFO: [SCHED 204-61] Pipelining loop 'VITIS_LOOP_89_8_VITIS_LOOP_90_9'.
INFO: [HLS 200-1470] Pipelining result : Target II = NA, Final II = 1, Depth = 8, loop 'VITIS_LOOP_89_8_VITIS_LOOP_90_9'
INFO: [SCHED 204-11] Finished scheduling.
INFO: [HLS 200-111] Finished Scheduling: CPU user time: 0 seconds. CPU system time: 0 seconds. Elapsed time: 0.316 seconds; current allocated memory: 8.118 GB.
INFO: [BIND 205-100] Starting micro-architecture generation ...
INFO: [BIND 205-101] Performing variable lifetime analysis.
INFO: [BIND 205-101] Exploring resource sharing.
INFO: [BIND 205-101] Binding ...
INFO: [BIND 205-100] Finished micro-architecture generation.
INFO: [HLS 200-111] Finished Binding: CPU user time: 0 seconds. CPU system time: 0 seconds. Elapsed time: 0.163 seconds; current allocated memory: 8.118 GB.
INFO: [HLS 200-10] ----------------------------------------------------------------
INFO: [HLS 200-42] -- Implementing module 'run_dwconv_Pipeline_VITIS_LOOP_89_8_VITIS_LOOP_90_9131' 
INFO: [HLS 200-10] ----------------------------------------------------------------
INFO: [SCHED 204-11] Starting scheduling ...
INFO: [HLS 200-486] Changing DSP latency (root=acc) to 3 in order to utilize available DSP registers.
INFO: [SCHED 204-61] Pipelining loop 'VITIS_LOOP_89_8_VITIS_LOOP_90_9'.
INFO: [HLS 200-1470] Pipelining result : Target II = NA, Final II = 1, Depth = 8, loop 'VITIS_LOOP_89_8_VITIS_LOOP_90_9'
INFO: [SCHED 204-11] Finished scheduling.
INFO: [HLS 200-111] Finished Scheduling: CPU user time: 0 seconds. CPU system time: 0 seconds. Elapsed time: 0.331 seconds; current allocated memory: 8.118 GB.
INFO: [BIND 205-100] Starting micro-architecture generation ...
INFO: [BIND 205-101] Performing variable lifetime analysis.
INFO: [BIND 205-101] Exploring resource sharing.
INFO: [BIND 205-101] Binding ...
INFO: [BIND 205-100] Finished micro-architecture generation.
INFO: [HLS 200-111] Finished Binding: CPU user time: 0 seconds. CPU system time: 0 seconds. Elapsed time: 0.163 seconds; current allocated memory: 8.118 GB.
INFO: [HLS 200-10] ----------------------------------------------------------------
INFO: [HLS 200-42] -- Implementing module 'run_dwconv_Pipeline_VITIS_LOOP_89_8_VITIS_LOOP_90_9132' 
INFO: [HLS 200-10] ----------------------------------------------------------------
INFO: [SCHED 204-11] Starting scheduling ...
INFO: [HLS 200-486] Changing DSP latency (root=acc) to 3 in order to utilize available DSP registers.
INFO: [SCHED 204-61] Pipelining loop 'VITIS_LOOP_89_8_VITIS_LOOP_90_9'.
INFO: [HLS 200-1470] Pipelining result : Target II = NA, Final II = 1, Depth = 8, loop 'VITIS_LOOP_89_8_VITIS_LOOP_90_9'
INFO: [SCHED 204-11] Finished scheduling.
INFO: [HLS 200-111] Finished Scheduling: CPU user time: 1 seconds. CPU system time: 0 seconds. Elapsed time: 0.323 seconds; current allocated memory: 8.118 GB.
INFO: [BIND 205-100] Starting micro-architecture generation ...
INFO: [BIND 205-101] Performing variable lifetime analysis.
INFO: [BIND 205-101] Exploring resource sharing.
INFO: [BIND 205-101] Binding ...
INFO: [BIND 205-100] Finished micro-architecture generation.
INFO: [HLS 200-111] Finished Binding: CPU user time: 0 seconds. CPU system time: 0 seconds. Elapsed time: 0.154 seconds; current allocated memory: 8.118 GB.
INFO: [HLS 200-10] ----------------------------------------------------------------
INFO: [HLS 200-42] -- Implementing module 'run_dwconv_Pipeline_VITIS_LOOP_89_8_VITIS_LOOP_90_9133' 
INFO: [HLS 200-10] ----------------------------------------------------------------
INFO: [SCHED 204-11] Starting scheduling ...
INFO: [HLS 200-486] Changing DSP latency (root=acc) to 3 in order to utilize available DSP registers.
INFO: [SCHED 204-61] Pipelining loop 'VITIS_LOOP_89_8_VITIS_LOOP_90_9'.
INFO: [HLS 200-1470] Pipelining result : Target II = NA, Final II = 1, Depth = 8, loop 'VITIS_LOOP_89_8_VITIS_LOOP_90_9'
INFO: [SCHED 204-11] Finished scheduling.
INFO: [HLS 200-111] Finished Scheduling: CPU user time: 0 seconds. CPU system time: 0 seconds. Elapsed time: 0.32 seconds; current allocated memory: 8.118 GB.
INFO: [BIND 205-100] Starting micro-architecture generation ...
INFO: [BIND 205-101] Performing variable lifetime analysis.
INFO: [BIND 205-101] Exploring resource sharing.
INFO: [BIND 205-101] Binding ...
INFO: [BIND 205-100] Finished micro-architecture generation.
INFO: [HLS 200-111] Finished Binding: CPU user time: 0 seconds. CPU system time: 0 seconds. Elapsed time: 0.165 seconds; current allocated memory: 8.118 GB.
INFO: [HLS 200-10] ----------------------------------------------------------------
INFO: [HLS 200-42] -- Implementing module 'run_dwconv_Pipeline_VITIS_LOOP_89_8_VITIS_LOOP_90_9134' 
INFO: [HLS 200-10] ----------------------------------------------------------------
INFO: [SCHED 204-11] Starting scheduling ...
INFO: [HLS 200-486] Changing DSP latency (root=acc) to 3 in order to utilize available DSP registers.
INFO: [SCHED 204-61] Pipelining loop 'VITIS_LOOP_89_8_VITIS_LOOP_90_9'.
INFO: [HLS 200-1470] Pipelining result : Target II = NA, Final II = 1, Depth = 8, loop 'VITIS_LOOP_89_8_VITIS_LOOP_90_9'
INFO: [SCHED 204-11] Finished scheduling.
INFO: [HLS 200-111] Finished Scheduling: CPU user time: 0 seconds. CPU system time: 0 seconds. Elapsed time: 0.319 seconds; current allocated memory: 8.118 GB.
INFO: [BIND 205-100] Starting micro-architecture generation ...
INFO: [BIND 205-101] Performing variable lifetime analysis.
INFO: [BIND 205-101] Exploring resource sharing.
INFO: [BIND 205-101] Binding ...
INFO: [BIND 205-100] Finished micro-architecture generation.
INFO: [HLS 200-111] Finished Binding: CPU user time: 0 seconds. CPU system time: 0 seconds. Elapsed time: 0.168 seconds; current allocated memory: 8.118 GB.
INFO: [HLS 200-10] ----------------------------------------------------------------
INFO: [HLS 200-42] -- Implementing module 'run_dwconv_Pipeline_VITIS_LOOP_89_8_VITIS_LOOP_90_9135' 
INFO: [HLS 200-10] ----------------------------------------------------------------
INFO: [SCHED 204-11] Starting scheduling ...
INFO: [HLS 200-486] Changing DSP latency (root=acc) to 3 in order to utilize available DSP registers.
INFO: [SCHED 204-61] Pipelining loop 'VITIS_LOOP_89_8_VITIS_LOOP_90_9'.
INFO: [HLS 200-1470] Pipelining result : Target II = NA, Final II = 1, Depth = 7, loop 'VITIS_LOOP_89_8_VITIS_LOOP_90_9'
INFO: [SCHED 204-11] Finished scheduling.
INFO: [HLS 200-111] Finished Scheduling: CPU user time: 0 seconds. CPU system time: 0 seconds. Elapsed time: 0.325 seconds; current allocated memory: 8.118 GB.
INFO: [BIND 205-100] Starting micro-architecture generation ...
INFO: [BIND 205-101] Performing variable lifetime analysis.
INFO: [BIND 205-101] Exploring resource sharing.
INFO: [BIND 205-101] Binding ...
INFO: [BIND 205-100] Finished micro-architecture generation.
INFO: [HLS 200-111] Finished Binding: CPU user time: 0 seconds. CPU system time: 0 seconds. Elapsed time: 0.158 seconds; current allocated memory: 8.118 GB.
INFO: [HLS 200-10] ----------------------------------------------------------------
INFO: [HLS 200-42] -- Implementing module 'run_dwconv_Pipeline_VITIS_LOOP_89_8_VITIS_LOOP_90_9136' 
INFO: [HLS 200-10] ----------------------------------------------------------------
INFO: [SCHED 204-11] Starting scheduling ...
INFO: [HLS 200-486] Changing DSP latency (root=acc) to 3 in order to utilize available DSP registers.
INFO: [SCHED 204-61] Pipelining loop 'VITIS_LOOP_89_8_VITIS_LOOP_90_9'.
INFO: [HLS 200-1470] Pipelining result : Target II = NA, Final II = 1, Depth = 8, loop 'VITIS_LOOP_89_8_VITIS_LOOP_90_9'
INFO: [SCHED 204-11] Finished scheduling.
INFO: [HLS 200-111] Finished Scheduling: CPU user time: 0 seconds. CPU system time: 0 seconds. Elapsed time: 0.337 seconds; current allocated memory: 8.118 GB.
INFO: [BIND 205-100] Starting micro-architecture generation ...
INFO: [BIND 205-101] Performing variable lifetime analysis.
INFO: [BIND 205-101] Exploring resource sharing.
INFO: [BIND 205-101] Binding ...
INFO: [BIND 205-100] Finished micro-architecture generation.
INFO: [HLS 200-111] Finished Binding: CPU user time: 0 seconds. CPU system time: 0 seconds. Elapsed time: 0.158 seconds; current allocated memory: 8.118 GB.
INFO: [HLS 200-10] ----------------------------------------------------------------
INFO: [HLS 200-42] -- Implementing module 'run_dwconv_Pipeline_VITIS_LOOP_89_8_VITIS_LOOP_90_9137' 
INFO: [HLS 200-10] ----------------------------------------------------------------
INFO: [SCHED 204-11] Starting scheduling ...
INFO: [HLS 200-486] Changing DSP latency (root=acc) to 3 in order to utilize available DSP registers.
INFO: [SCHED 204-61] Pipelining loop 'VITIS_LOOP_89_8_VITIS_LOOP_90_9'.
INFO: [HLS 200-1470] Pipelining result : Target II = NA, Final II = 1, Depth = 8, loop 'VITIS_LOOP_89_8_VITIS_LOOP_90_9'
INFO: [SCHED 204-11] Finished scheduling.
INFO: [HLS 200-111] Finished Scheduling: CPU user time: 1 seconds. CPU system time: 0 seconds. Elapsed time: 0.336 seconds; current allocated memory: 8.118 GB.
INFO: [BIND 205-100] Starting micro-architecture generation ...
INFO: [BIND 205-101] Performing variable lifetime analysis.
INFO: [BIND 205-101] Exploring resource sharing.
INFO: [BIND 205-101] Binding ...
INFO: [BIND 205-100] Finished micro-architecture generation.
INFO: [HLS 200-111] Finished Binding: CPU user time: 0 seconds. CPU system time: 0 seconds. Elapsed time: 0.16 seconds; current allocated memory: 8.118 GB.
INFO: [HLS 200-10] ----------------------------------------------------------------
INFO: [HLS 200-42] -- Implementing module 'run_dwconv_Pipeline_VITIS_LOOP_89_8_VITIS_LOOP_90_9138' 
INFO: [HLS 200-10] ----------------------------------------------------------------
INFO: [SCHED 204-11] Starting scheduling ...
INFO: [HLS 200-486] Changing DSP latency (root=acc) to 3 in order to utilize available DSP registers.
INFO: [SCHED 204-61] Pipelining loop 'VITIS_LOOP_89_8_VITIS_LOOP_90_9'.
INFO: [HLS 200-1470] Pipelining result : Target II = NA, Final II = 1, Depth = 8, loop 'VITIS_LOOP_89_8_VITIS_LOOP_90_9'
INFO: [SCHED 204-11] Finished scheduling.
INFO: [HLS 200-111] Finished Scheduling: CPU user time: 0 seconds. CPU system time: 0 seconds. Elapsed time: 0.345 seconds; current allocated memory: 8.118 GB.
INFO: [BIND 205-100] Starting micro-architecture generation ...
INFO: [BIND 205-101] Performing variable lifetime analysis.
INFO: [BIND 205-101] Exploring resource sharing.
INFO: [BIND 205-101] Binding ...
INFO: [BIND 205-100] Finished micro-architecture generation.
INFO: [HLS 200-111] Finished Binding: CPU user time: 0 seconds. CPU system time: 0 seconds. Elapsed time: 0.17 seconds; current allocated memory: 8.118 GB.
INFO: [HLS 200-10] ----------------------------------------------------------------
INFO: [HLS 200-42] -- Implementing module 'run_dwconv_Pipeline_VITIS_LOOP_89_8_VITIS_LOOP_90_9139' 
INFO: [HLS 200-10] ----------------------------------------------------------------
INFO: [SCHED 204-11] Starting scheduling ...
INFO: [HLS 200-486] Changing DSP latency (root=acc) to 3 in order to utilize available DSP registers.
INFO: [SCHED 204-61] Pipelining loop 'VITIS_LOOP_89_8_VITIS_LOOP_90_9'.
INFO: [HLS 200-1470] Pipelining result : Target II = NA, Final II = 1, Depth = 8, loop 'VITIS_LOOP_89_8_VITIS_LOOP_90_9'
INFO: [SCHED 204-11] Finished scheduling.
INFO: [HLS 200-111] Finished Scheduling: CPU user time: 0 seconds. CPU system time: 0 seconds. Elapsed time: 0.346 seconds; current allocated memory: 8.118 GB.
INFO: [BIND 205-100] Starting micro-architecture generation ...
INFO: [BIND 205-101] Performing variable lifetime analysis.
INFO: [BIND 205-101] Exploring resource sharing.
INFO: [BIND 205-101] Binding ...
INFO: [BIND 205-100] Finished micro-architecture generation.
INFO: [HLS 200-111] Finished Binding: CPU user time: 0 seconds. CPU system time: 0 seconds. Elapsed time: 0.17 seconds; current allocated memory: 8.118 GB.
INFO: [HLS 200-10] ----------------------------------------------------------------
INFO: [HLS 200-42] -- Implementing module 'run_dwconv_Pipeline_VITIS_LOOP_89_8_VITIS_LOOP_90_9140' 
INFO: [HLS 200-10] ----------------------------------------------------------------
INFO: [SCHED 204-11] Starting scheduling ...
INFO: [HLS 200-486] Changing DSP latency (root=acc) to 3 in order to utilize available DSP registers.
INFO: [SCHED 204-61] Pipelining loop 'VITIS_LOOP_89_8_VITIS_LOOP_90_9'.
INFO: [HLS 200-1470] Pipelining result : Target II = NA, Final II = 1, Depth = 8, loop 'VITIS_LOOP_89_8_VITIS_LOOP_90_9'
INFO: [SCHED 204-11] Finished scheduling.
INFO: [HLS 200-111] Finished Scheduling: CPU user time: 1 seconds. CPU system time: 0 seconds. Elapsed time: 0.338 seconds; current allocated memory: 8.118 GB.
INFO: [BIND 205-100] Starting micro-architecture generation ...
INFO: [BIND 205-101] Performing variable lifetime analysis.
INFO: [BIND 205-101] Exploring resource sharing.
INFO: [BIND 205-101] Binding ...
INFO: [BIND 205-100] Finished micro-architecture generation.
INFO: [HLS 200-111] Finished Binding: CPU user time: 0 seconds. CPU system time: 0 seconds. Elapsed time: 0.171 seconds; current allocated memory: 8.118 GB.
INFO: [HLS 200-10] ----------------------------------------------------------------
INFO: [HLS 200-42] -- Implementing module 'run_dwconv_Pipeline_VITIS_LOOP_89_8_VITIS_LOOP_90_9141' 
INFO: [HLS 200-10] ----------------------------------------------------------------
INFO: [SCHED 204-11] Starting scheduling ...
INFO: [HLS 200-486] Changing DSP latency (root=acc) to 3 in order to utilize available DSP registers.
INFO: [SCHED 204-61] Pipelining loop 'VITIS_LOOP_89_8_VITIS_LOOP_90_9'.
INFO: [HLS 200-1470] Pipelining result : Target II = NA, Final II = 1, Depth = 8, loop 'VITIS_LOOP_89_8_VITIS_LOOP_90_9'
INFO: [SCHED 204-11] Finished scheduling.
INFO: [HLS 200-111] Finished Scheduling: CPU user time: 0 seconds. CPU system time: 0 seconds. Elapsed time: 0.335 seconds; current allocated memory: 8.118 GB.
INFO: [BIND 205-100] Starting micro-architecture generation ...
INFO: [BIND 205-101] Performing variable lifetime analysis.
INFO: [BIND 205-101] Exploring resource sharing.
INFO: [BIND 205-101] Binding ...
INFO: [BIND 205-100] Finished micro-architecture generation.
INFO: [HLS 200-111] Finished Binding: CPU user time: 0 seconds. CPU system time: 0 seconds. Elapsed time: 0.173 seconds; current allocated memory: 8.118 GB.
INFO: [HLS 200-10] ----------------------------------------------------------------
INFO: [HLS 200-42] -- Implementing module 'run_dwconv_Pipeline_VITIS_LOOP_89_8_VITIS_LOOP_90_9142' 
INFO: [HLS 200-10] ----------------------------------------------------------------
INFO: [SCHED 204-11] Starting scheduling ...
INFO: [HLS 200-486] Changing DSP latency (root=acc) to 3 in order to utilize available DSP registers.
INFO: [SCHED 204-61] Pipelining loop 'VITIS_LOOP_89_8_VITIS_LOOP_90_9'.
INFO: [HLS 200-1470] Pipelining result : Target II = NA, Final II = 1, Depth = 8, loop 'VITIS_LOOP_89_8_VITIS_LOOP_90_9'
INFO: [SCHED 204-11] Finished scheduling.
INFO: [HLS 200-111] Finished Scheduling: CPU user time: 1 seconds. CPU system time: 0 seconds. Elapsed time: 0.339 seconds; current allocated memory: 8.118 GB.
INFO: [BIND 205-100] Starting micro-architecture generation ...
INFO: [BIND 205-101] Performing variable lifetime analysis.
INFO: [BIND 205-101] Exploring resource sharing.
INFO: [BIND 205-101] Binding ...
INFO: [BIND 205-100] Finished micro-architecture generation.
INFO: [HLS 200-111] Finished Binding: CPU user time: 0 seconds. CPU system time: 0 seconds. Elapsed time: 0.162 seconds; current allocated memory: 8.118 GB.
INFO: [HLS 200-10] ----------------------------------------------------------------
INFO: [HLS 200-42] -- Implementing module 'run_dwconv_Pipeline_VITIS_LOOP_89_8_VITIS_LOOP_90_9143' 
INFO: [HLS 200-10] ----------------------------------------------------------------
INFO: [SCHED 204-11] Starting scheduling ...
INFO: [HLS 200-486] Changing DSP latency (root=acc) to 3 in order to utilize available DSP registers.
INFO: [SCHED 204-61] Pipelining loop 'VITIS_LOOP_89_8_VITIS_LOOP_90_9'.
INFO: [HLS 200-1470] Pipelining result : Target II = NA, Final II = 1, Depth = 7, loop 'VITIS_LOOP_89_8_VITIS_LOOP_90_9'
INFO: [SCHED 204-11] Finished scheduling.
INFO: [HLS 200-111] Finished Scheduling: CPU user time: 0 seconds. CPU system time: 0 seconds. Elapsed time: 0.334 seconds; current allocated memory: 8.118 GB.
INFO: [BIND 205-100] Starting micro-architecture generation ...
INFO: [BIND 205-101] Performing variable lifetime analysis.
INFO: [BIND 205-101] Exploring resource sharing.
INFO: [BIND 205-101] Binding ...
INFO: [BIND 205-100] Finished micro-architecture generation.
INFO: [HLS 200-111] Finished Binding: CPU user time: 0 seconds. CPU system time: 0 seconds. Elapsed time: 0.176 seconds; current allocated memory: 8.118 GB.
INFO: [HLS 200-10] ----------------------------------------------------------------
INFO: [HLS 200-42] -- Implementing module 'run_dwconv_Pipeline_VITIS_LOOP_89_8_VITIS_LOOP_90_9144' 
INFO: [HLS 200-10] ----------------------------------------------------------------
INFO: [SCHED 204-11] Starting scheduling ...
INFO: [HLS 200-486] Changing DSP latency (root=acc) to 3 in order to utilize available DSP registers.
INFO: [SCHED 204-61] Pipelining loop 'VITIS_LOOP_89_8_VITIS_LOOP_90_9'.
INFO: [HLS 200-1470] Pipelining result : Target II = NA, Final II = 1, Depth = 8, loop 'VITIS_LOOP_89_8_VITIS_LOOP_90_9'
INFO: [SCHED 204-11] Finished scheduling.
INFO: [HLS 200-111] Finished Scheduling: CPU user time: 1 seconds. CPU system time: 0 seconds. Elapsed time: 0.345 seconds; current allocated memory: 8.118 GB.
INFO: [BIND 205-100] Starting micro-architecture generation ...
INFO: [BIND 205-101] Performing variable lifetime analysis.
INFO: [BIND 205-101] Exploring resource sharing.
INFO: [BIND 205-101] Binding ...
INFO: [BIND 205-100] Finished micro-architecture generation.
INFO: [HLS 200-111] Finished Binding: CPU user time: 0 seconds. CPU system time: 1 seconds. Elapsed time: 0.172 seconds; current allocated memory: 8.118 GB.
INFO: [HLS 200-10] ----------------------------------------------------------------
INFO: [HLS 200-42] -- Implementing module 'run_dwconv_Pipeline_VITIS_LOOP_89_8_VITIS_LOOP_90_9145' 
INFO: [HLS 200-10] ----------------------------------------------------------------
INFO: [SCHED 204-11] Starting scheduling ...
INFO: [HLS 200-486] Changing DSP latency (root=acc) to 3 in order to utilize available DSP registers.
INFO: [SCHED 204-61] Pipelining loop 'VITIS_LOOP_89_8_VITIS_LOOP_90_9'.
INFO: [HLS 200-1470] Pipelining result : Target II = NA, Final II = 1, Depth = 8, loop 'VITIS_LOOP_89_8_VITIS_LOOP_90_9'
INFO: [SCHED 204-11] Finished scheduling.
INFO: [HLS 200-111] Finished Scheduling: CPU user time: 0 seconds. CPU system time: 0 seconds. Elapsed time: 0.341 seconds; current allocated memory: 8.118 GB.
INFO: [BIND 205-100] Starting micro-architecture generation ...
INFO: [BIND 205-101] Performing variable lifetime analysis.
INFO: [BIND 205-101] Exploring resource sharing.
INFO: [BIND 205-101] Binding ...
INFO: [BIND 205-100] Finished micro-architecture generation.
INFO: [HLS 200-111] Finished Binding: CPU user time: 0 seconds. CPU system time: 0 seconds. Elapsed time: 0.172 seconds; current allocated memory: 8.118 GB.
INFO: [HLS 200-10] ----------------------------------------------------------------
INFO: [HLS 200-42] -- Implementing module 'run_dwconv_Pipeline_VITIS_LOOP_89_8_VITIS_LOOP_90_9146' 
INFO: [HLS 200-10] ----------------------------------------------------------------
INFO: [SCHED 204-11] Starting scheduling ...
INFO: [HLS 200-486] Changing DSP latency (root=acc) to 3 in order to utilize available DSP registers.
INFO: [SCHED 204-61] Pipelining loop 'VITIS_LOOP_89_8_VITIS_LOOP_90_9'.
INFO: [HLS 200-1470] Pipelining result : Target II = NA, Final II = 1, Depth = 8, loop 'VITIS_LOOP_89_8_VITIS_LOOP_90_9'
INFO: [SCHED 204-11] Finished scheduling.
INFO: [HLS 200-111] Finished Scheduling: CPU user time: 1 seconds. CPU system time: 0 seconds. Elapsed time: 0.347 seconds; current allocated memory: 8.118 GB.
INFO: [BIND 205-100] Starting micro-architecture generation ...
INFO: [BIND 205-101] Performing variable lifetime analysis.
INFO: [BIND 205-101] Exploring resource sharing.
INFO: [BIND 205-101] Binding ...
INFO: [BIND 205-100] Finished micro-architecture generation.
INFO: [HLS 200-111] Finished Binding: CPU user time: 0 seconds. CPU system time: 0 seconds. Elapsed time: 0.175 seconds; current allocated memory: 8.118 GB.
INFO: [HLS 200-10] ----------------------------------------------------------------
INFO: [HLS 200-42] -- Implementing module 'run_dwconv_Pipeline_VITIS_LOOP_89_8_VITIS_LOOP_90_9147' 
INFO: [HLS 200-10] ----------------------------------------------------------------
INFO: [SCHED 204-11] Starting scheduling ...
INFO: [HLS 200-486] Changing DSP latency (root=acc) to 3 in order to utilize available DSP registers.
INFO: [SCHED 204-61] Pipelining loop 'VITIS_LOOP_89_8_VITIS_LOOP_90_9'.
INFO: [HLS 200-1470] Pipelining result : Target II = NA, Final II = 1, Depth = 8, loop 'VITIS_LOOP_89_8_VITIS_LOOP_90_9'
INFO: [SCHED 204-11] Finished scheduling.
INFO: [HLS 200-111] Finished Scheduling: CPU user time: 0 seconds. CPU system time: 0 seconds. Elapsed time: 0.346 seconds; current allocated memory: 8.118 GB.
INFO: [BIND 205-100] Starting micro-architecture generation ...
INFO: [BIND 205-101] Performing variable lifetime analysis.
INFO: [BIND 205-101] Exploring resource sharing.
INFO: [BIND 205-101] Binding ...
INFO: [BIND 205-100] Finished micro-architecture generation.
INFO: [HLS 200-111] Finished Binding: CPU user time: 0 seconds. CPU system time: 0 seconds. Elapsed time: 0.171 seconds; current allocated memory: 8.118 GB.
INFO: [HLS 200-10] ----------------------------------------------------------------
INFO: [HLS 200-42] -- Implementing module 'run_dwconv_Pipeline_VITIS_LOOP_89_8_VITIS_LOOP_90_9148' 
INFO: [HLS 200-10] ----------------------------------------------------------------
INFO: [SCHED 204-11] Starting scheduling ...
INFO: [HLS 200-486] Changing DSP latency (root=acc) to 3 in order to utilize available DSP registers.
INFO: [SCHED 204-61] Pipelining loop 'VITIS_LOOP_89_8_VITIS_LOOP_90_9'.
INFO: [HLS 200-1470] Pipelining result : Target II = NA, Final II = 1, Depth = 8, loop 'VITIS_LOOP_89_8_VITIS_LOOP_90_9'
INFO: [SCHED 204-11] Finished scheduling.
INFO: [HLS 200-111] Finished Scheduling: CPU user time: 0 seconds. CPU system time: 0 seconds. Elapsed time: 0.349 seconds; current allocated memory: 8.118 GB.
INFO: [BIND 205-100] Starting micro-architecture generation ...
INFO: [BIND 205-101] Performing variable lifetime analysis.
INFO: [BIND 205-101] Exploring resource sharing.
INFO: [BIND 205-101] Binding ...
INFO: [BIND 205-100] Finished micro-architecture generation.
INFO: [HLS 200-111] Finished Binding: CPU user time: 1 seconds. CPU system time: 0 seconds. Elapsed time: 0.176 seconds; current allocated memory: 8.118 GB.
INFO: [HLS 200-10] ----------------------------------------------------------------
INFO: [HLS 200-42] -- Implementing module 'run_dwconv_Pipeline_VITIS_LOOP_89_8_VITIS_LOOP_90_9149' 
INFO: [HLS 200-10] ----------------------------------------------------------------
INFO: [SCHED 204-11] Starting scheduling ...
INFO: [HLS 200-486] Changing DSP latency (root=acc) to 3 in order to utilize available DSP registers.
INFO: [SCHED 204-61] Pipelining loop 'VITIS_LOOP_89_8_VITIS_LOOP_90_9'.
INFO: [HLS 200-1470] Pipelining result : Target II = NA, Final II = 1, Depth = 8, loop 'VITIS_LOOP_89_8_VITIS_LOOP_90_9'
INFO: [SCHED 204-11] Finished scheduling.
INFO: [HLS 200-111] Finished Scheduling: CPU user time: 0 seconds. CPU system time: 0 seconds. Elapsed time: 0.351 seconds; current allocated memory: 8.118 GB.
INFO: [BIND 205-100] Starting micro-architecture generation ...
INFO: [BIND 205-101] Performing variable lifetime analysis.
INFO: [BIND 205-101] Exploring resource sharing.
INFO: [BIND 205-101] Binding ...
INFO: [BIND 205-100] Finished micro-architecture generation.
INFO: [HLS 200-111] Finished Binding: CPU user time: 0 seconds. CPU system time: 0 seconds. Elapsed time: 0.18 seconds; current allocated memory: 8.118 GB.
INFO: [HLS 200-10] ----------------------------------------------------------------
INFO: [HLS 200-42] -- Implementing module 'run_dwconv_Pipeline_VITIS_LOOP_89_8_VITIS_LOOP_90_9150' 
INFO: [HLS 200-10] ----------------------------------------------------------------
INFO: [SCHED 204-11] Starting scheduling ...
INFO: [HLS 200-486] Changing DSP latency (root=acc) to 3 in order to utilize available DSP registers.
INFO: [SCHED 204-61] Pipelining loop 'VITIS_LOOP_89_8_VITIS_LOOP_90_9'.
INFO: [HLS 200-1470] Pipelining result : Target II = NA, Final II = 1, Depth = 8, loop 'VITIS_LOOP_89_8_VITIS_LOOP_90_9'
INFO: [SCHED 204-11] Finished scheduling.
INFO: [HLS 200-111] Finished Scheduling: CPU user time: 0 seconds. CPU system time: 0 seconds. Elapsed time: 0.352 seconds; current allocated memory: 8.118 GB.
INFO: [BIND 205-100] Starting micro-architecture generation ...
INFO: [BIND 205-101] Performing variable lifetime analysis.
INFO: [BIND 205-101] Exploring resource sharing.
INFO: [BIND 205-101] Binding ...
INFO: [BIND 205-100] Finished micro-architecture generation.
INFO: [HLS 200-111] Finished Binding: CPU user time: 0 seconds. CPU system time: 0 seconds. Elapsed time: 0.177 seconds; current allocated memory: 8.118 GB.
INFO: [HLS 200-10] ----------------------------------------------------------------
INFO: [HLS 200-42] -- Implementing module 'run_dwconv_Pipeline_VITIS_LOOP_89_8_VITIS_LOOP_90_9151' 
INFO: [HLS 200-10] ----------------------------------------------------------------
INFO: [SCHED 204-11] Starting scheduling ...
INFO: [HLS 200-486] Changing DSP latency (root=acc) to 3 in order to utilize available DSP registers.
INFO: [SCHED 204-61] Pipelining loop 'VITIS_LOOP_89_8_VITIS_LOOP_90_9'.
INFO: [HLS 200-1470] Pipelining result : Target II = NA, Final II = 1, Depth = 7, loop 'VITIS_LOOP_89_8_VITIS_LOOP_90_9'
INFO: [SCHED 204-11] Finished scheduling.
INFO: [HLS 200-111] Finished Scheduling: CPU user time: 1 seconds. CPU system time: 0 seconds. Elapsed time: 0.35 seconds; current allocated memory: 8.118 GB.
INFO: [BIND 205-100] Starting micro-architecture generation ...
INFO: [BIND 205-101] Performing variable lifetime analysis.
INFO: [BIND 205-101] Exploring resource sharing.
INFO: [BIND 205-101] Binding ...
INFO: [BIND 205-100] Finished micro-architecture generation.
INFO: [HLS 200-111] Finished Binding: CPU user time: 0 seconds. CPU system time: 0 seconds. Elapsed time: 0.179 seconds; current allocated memory: 8.118 GB.
INFO: [HLS 200-10] ----------------------------------------------------------------
INFO: [HLS 200-42] -- Implementing module 'run_dwconv_Pipeline_VITIS_LOOP_89_8_VITIS_LOOP_90_9152' 
INFO: [HLS 200-10] ----------------------------------------------------------------
INFO: [SCHED 204-11] Starting scheduling ...
INFO: [HLS 200-486] Changing DSP latency (root=acc) to 3 in order to utilize available DSP registers.
INFO: [SCHED 204-61] Pipelining loop 'VITIS_LOOP_89_8_VITIS_LOOP_90_9'.
INFO: [HLS 200-1470] Pipelining result : Target II = NA, Final II = 1, Depth = 8, loop 'VITIS_LOOP_89_8_VITIS_LOOP_90_9'
INFO: [SCHED 204-11] Finished scheduling.
INFO: [HLS 200-111] Finished Scheduling: CPU user time: 0 seconds. CPU system time: 0 seconds. Elapsed time: 0.348 seconds; current allocated memory: 8.118 GB.
INFO: [BIND 205-100] Starting micro-architecture generation ...
INFO: [BIND 205-101] Performing variable lifetime analysis.
INFO: [BIND 205-101] Exploring resource sharing.
INFO: [BIND 205-101] Binding ...
INFO: [BIND 205-100] Finished micro-architecture generation.
INFO: [HLS 200-111] Finished Binding: CPU user time: 0 seconds. CPU system time: 0 seconds. Elapsed time: 0.175 seconds; current allocated memory: 8.118 GB.
INFO: [HLS 200-10] ----------------------------------------------------------------
INFO: [HLS 200-42] -- Implementing module 'run_dwconv_Pipeline_VITIS_LOOP_89_8_VITIS_LOOP_90_9153' 
INFO: [HLS 200-10] ----------------------------------------------------------------
INFO: [SCHED 204-11] Starting scheduling ...
INFO: [HLS 200-486] Changing DSP latency (root=acc_463) to 3 in order to utilize available DSP registers.
INFO: [SCHED 204-61] Pipelining loop 'VITIS_LOOP_89_8_VITIS_LOOP_90_9'.
INFO: [HLS 200-1470] Pipelining result : Target II = NA, Final II = 1, Depth = 8, loop 'VITIS_LOOP_89_8_VITIS_LOOP_90_9'
INFO: [SCHED 204-11] Finished scheduling.
INFO: [HLS 200-111] Finished Scheduling: CPU user time: 1 seconds. CPU system time: 0 seconds. Elapsed time: 0.354 seconds; current allocated memory: 8.118 GB.
INFO: [BIND 205-100] Starting micro-architecture generation ...
INFO: [BIND 205-101] Performing variable lifetime analysis.
INFO: [BIND 205-101] Exploring resource sharing.
INFO: [BIND 205-101] Binding ...
INFO: [BIND 205-100] Finished micro-architecture generation.
INFO: [HLS 200-111] Finished Binding: CPU user time: 0 seconds. CPU system time: 0 seconds. Elapsed time: 0.177 seconds; current allocated memory: 8.118 GB.
INFO: [HLS 200-10] ----------------------------------------------------------------
INFO: [HLS 200-42] -- Implementing module 'run_dwconv_Pipeline_VITIS_LOOP_89_8_VITIS_LOOP_90_9154' 
INFO: [HLS 200-10] ----------------------------------------------------------------
INFO: [SCHED 204-11] Starting scheduling ...
INFO: [HLS 200-486] Changing DSP latency (root=acc_461) to 3 in order to utilize available DSP registers.
INFO: [SCHED 204-61] Pipelining loop 'VITIS_LOOP_89_8_VITIS_LOOP_90_9'.
INFO: [HLS 200-1470] Pipelining result : Target II = NA, Final II = 1, Depth = 8, loop 'VITIS_LOOP_89_8_VITIS_LOOP_90_9'
INFO: [SCHED 204-11] Finished scheduling.
INFO: [HLS 200-111] Finished Scheduling: CPU user time: 0 seconds. CPU system time: 0 seconds. Elapsed time: 0.35 seconds; current allocated memory: 8.118 GB.
INFO: [BIND 205-100] Starting micro-architecture generation ...
INFO: [BIND 205-101] Performing variable lifetime analysis.
INFO: [BIND 205-101] Exploring resource sharing.
INFO: [BIND 205-101] Binding ...
INFO: [BIND 205-100] Finished micro-architecture generation.
INFO: [HLS 200-111] Finished Binding: CPU user time: 0 seconds. CPU system time: 0 seconds. Elapsed time: 0.175 seconds; current allocated memory: 8.118 GB.
INFO: [HLS 200-10] ----------------------------------------------------------------
INFO: [HLS 200-42] -- Implementing module 'run_dwconv_Pipeline_VITIS_LOOP_89_8_VITIS_LOOP_90_9155' 
INFO: [HLS 200-10] ----------------------------------------------------------------
INFO: [SCHED 204-11] Starting scheduling ...
INFO: [HLS 200-486] Changing DSP latency (root=acc_459) to 3 in order to utilize available DSP registers.
INFO: [SCHED 204-61] Pipelining loop 'VITIS_LOOP_89_8_VITIS_LOOP_90_9'.
INFO: [HLS 200-1470] Pipelining result : Target II = NA, Final II = 1, Depth = 8, loop 'VITIS_LOOP_89_8_VITIS_LOOP_90_9'
INFO: [SCHED 204-11] Finished scheduling.
INFO: [HLS 200-111] Finished Scheduling: CPU user time: 0 seconds. CPU system time: 0 seconds. Elapsed time: 0.352 seconds; current allocated memory: 8.118 GB.
INFO: [BIND 205-100] Starting micro-architecture generation ...
INFO: [BIND 205-101] Performing variable lifetime analysis.
INFO: [BIND 205-101] Exploring resource sharing.
INFO: [BIND 205-101] Binding ...
INFO: [BIND 205-100] Finished micro-architecture generation.
INFO: [HLS 200-111] Finished Binding: CPU user time: 1 seconds. CPU system time: 0 seconds. Elapsed time: 0.178 seconds; current allocated memory: 8.118 GB.
INFO: [HLS 200-10] ----------------------------------------------------------------
INFO: [HLS 200-42] -- Implementing module 'run_dwconv_Pipeline_VITIS_LOOP_89_8_VITIS_LOOP_90_9156' 
INFO: [HLS 200-10] ----------------------------------------------------------------
INFO: [SCHED 204-11] Starting scheduling ...
INFO: [HLS 200-486] Changing DSP latency (root=acc_457) to 3 in order to utilize available DSP registers.
INFO: [SCHED 204-61] Pipelining loop 'VITIS_LOOP_89_8_VITIS_LOOP_90_9'.
INFO: [HLS 200-1470] Pipelining result : Target II = NA, Final II = 1, Depth = 8, loop 'VITIS_LOOP_89_8_VITIS_LOOP_90_9'
INFO: [SCHED 204-11] Finished scheduling.
INFO: [HLS 200-111] Finished Scheduling: CPU user time: 0 seconds. CPU system time: 0 seconds. Elapsed time: 0.348 seconds; current allocated memory: 8.118 GB.
INFO: [BIND 205-100] Starting micro-architecture generation ...
INFO: [BIND 205-101] Performing variable lifetime analysis.
INFO: [BIND 205-101] Exploring resource sharing.
INFO: [BIND 205-101] Binding ...
INFO: [BIND 205-100] Finished micro-architecture generation.
INFO: [HLS 200-111] Finished Binding: CPU user time: 0 seconds. CPU system time: 0 seconds. Elapsed time: 0.167 seconds; current allocated memory: 8.118 GB.
INFO: [HLS 200-10] ----------------------------------------------------------------
INFO: [HLS 200-42] -- Implementing module 'run_dwconv_Pipeline_VITIS_LOOP_89_8_VITIS_LOOP_90_9157' 
INFO: [HLS 200-10] ----------------------------------------------------------------
INFO: [SCHED 204-11] Starting scheduling ...
INFO: [HLS 200-486] Changing DSP latency (root=acc_455) to 3 in order to utilize available DSP registers.
INFO: [SCHED 204-61] Pipelining loop 'VITIS_LOOP_89_8_VITIS_LOOP_90_9'.
INFO: [HLS 200-1470] Pipelining result : Target II = NA, Final II = 1, Depth = 8, loop 'VITIS_LOOP_89_8_VITIS_LOOP_90_9'
INFO: [SCHED 204-11] Finished scheduling.
INFO: [HLS 200-111] Finished Scheduling: CPU user time: 0 seconds. CPU system time: 0 seconds. Elapsed time: 0.359 seconds; current allocated memory: 8.118 GB.
INFO: [BIND 205-100] Starting micro-architecture generation ...
INFO: [BIND 205-101] Performing variable lifetime analysis.
INFO: [BIND 205-101] Exploring resource sharing.
INFO: [BIND 205-101] Binding ...
INFO: [BIND 205-100] Finished micro-architecture generation.
INFO: [HLS 200-111] Finished Binding: CPU user time: 0 seconds. CPU system time: 0 seconds. Elapsed time: 0.175 seconds; current allocated memory: 8.118 GB.
INFO: [HLS 200-10] ----------------------------------------------------------------
INFO: [HLS 200-42] -- Implementing module 'run_dwconv_Pipeline_VITIS_LOOP_89_8_VITIS_LOOP_90_9158' 
INFO: [HLS 200-10] ----------------------------------------------------------------
INFO: [SCHED 204-11] Starting scheduling ...
INFO: [HLS 200-486] Changing DSP latency (root=acc_453) to 3 in order to utilize available DSP registers.
INFO: [SCHED 204-61] Pipelining loop 'VITIS_LOOP_89_8_VITIS_LOOP_90_9'.
INFO: [HLS 200-1470] Pipelining result : Target II = NA, Final II = 1, Depth = 8, loop 'VITIS_LOOP_89_8_VITIS_LOOP_90_9'
INFO: [SCHED 204-11] Finished scheduling.
INFO: [HLS 200-111] Finished Scheduling: CPU user time: 0 seconds. CPU system time: 0 seconds. Elapsed time: 0.36 seconds; current allocated memory: 8.118 GB.
INFO: [BIND 205-100] Starting micro-architecture generation ...
INFO: [BIND 205-101] Performing variable lifetime analysis.
INFO: [BIND 205-101] Exploring resource sharing.
INFO: [BIND 205-101] Binding ...
INFO: [BIND 205-100] Finished micro-architecture generation.
INFO: [HLS 200-111] Finished Binding: CPU user time: 0 seconds. CPU system time: 0 seconds. Elapsed time: 0.181 seconds; current allocated memory: 8.118 GB.
INFO: [HLS 200-10] ----------------------------------------------------------------
INFO: [HLS 200-42] -- Implementing module 'run_dwconv_Pipeline_VITIS_LOOP_89_8_VITIS_LOOP_90_9159' 
INFO: [HLS 200-10] ----------------------------------------------------------------
INFO: [SCHED 204-11] Starting scheduling ...
INFO: [HLS 200-486] Changing DSP latency (root=acc_451) to 3 in order to utilize available DSP registers.
INFO: [SCHED 204-61] Pipelining loop 'VITIS_LOOP_89_8_VITIS_LOOP_90_9'.
INFO: [HLS 200-1470] Pipelining result : Target II = NA, Final II = 1, Depth = 7, loop 'VITIS_LOOP_89_8_VITIS_LOOP_90_9'
INFO: [SCHED 204-11] Finished scheduling.
INFO: [HLS 200-111] Finished Scheduling: CPU user time: 0 seconds. CPU system time: 0 seconds. Elapsed time: 0.351 seconds; current allocated memory: 8.118 GB.
INFO: [BIND 205-100] Starting micro-architecture generation ...
INFO: [BIND 205-101] Performing variable lifetime analysis.
INFO: [BIND 205-101] Exploring resource sharing.
INFO: [BIND 205-101] Binding ...
INFO: [BIND 205-100] Finished micro-architecture generation.
INFO: [HLS 200-111] Finished Binding: CPU user time: 0 seconds. CPU system time: 0 seconds. Elapsed time: 0.169 seconds; current allocated memory: 8.118 GB.
INFO: [HLS 200-10] ----------------------------------------------------------------
INFO: [HLS 200-42] -- Implementing module 'run_dwconv_Pipeline_VITIS_LOOP_89_8_VITIS_LOOP_90_9160' 
INFO: [HLS 200-10] ----------------------------------------------------------------
INFO: [SCHED 204-11] Starting scheduling ...
INFO: [HLS 200-486] Changing DSP latency (root=acc_449) to 3 in order to utilize available DSP registers.
INFO: [SCHED 204-61] Pipelining loop 'VITIS_LOOP_89_8_VITIS_LOOP_90_9'.
INFO: [HLS 200-1470] Pipelining result : Target II = NA, Final II = 1, Depth = 8, loop 'VITIS_LOOP_89_8_VITIS_LOOP_90_9'
INFO: [SCHED 204-11] Finished scheduling.
INFO: [HLS 200-111] Finished Scheduling: CPU user time: 1 seconds. CPU system time: 0 seconds. Elapsed time: 0.358 seconds; current allocated memory: 8.118 GB.
INFO: [BIND 205-100] Starting micro-architecture generation ...
INFO: [BIND 205-101] Performing variable lifetime analysis.
INFO: [BIND 205-101] Exploring resource sharing.
INFO: [BIND 205-101] Binding ...
INFO: [BIND 205-100] Finished micro-architecture generation.
INFO: [HLS 200-111] Finished Binding: CPU user time: 0 seconds. CPU system time: 0 seconds. Elapsed time: 0.182 seconds; current allocated memory: 8.118 GB.
INFO: [HLS 200-10] ----------------------------------------------------------------
INFO: [HLS 200-42] -- Implementing module 'run_dwconv_Pipeline_VITIS_LOOP_89_8_VITIS_LOOP_90_9161' 
INFO: [HLS 200-10] ----------------------------------------------------------------
INFO: [SCHED 204-11] Starting scheduling ...
INFO: [HLS 200-486] Changing DSP latency (root=acc_447) to 3 in order to utilize available DSP registers.
INFO: [SCHED 204-61] Pipelining loop 'VITIS_LOOP_89_8_VITIS_LOOP_90_9'.
INFO: [HLS 200-1470] Pipelining result : Target II = NA, Final II = 1, Depth = 8, loop 'VITIS_LOOP_89_8_VITIS_LOOP_90_9'
INFO: [SCHED 204-11] Finished scheduling.
INFO: [HLS 200-111] Finished Scheduling: CPU user time: 0 seconds. CPU system time: 0 seconds. Elapsed time: 0.385 seconds; current allocated memory: 8.118 GB.
INFO: [BIND 205-100] Starting micro-architecture generation ...
INFO: [BIND 205-101] Performing variable lifetime analysis.
INFO: [BIND 205-101] Exploring resource sharing.
INFO: [BIND 205-101] Binding ...
INFO: [BIND 205-100] Finished micro-architecture generation.
INFO: [HLS 200-111] Finished Binding: CPU user time: 0 seconds. CPU system time: 0 seconds. Elapsed time: 0.18 seconds; current allocated memory: 8.118 GB.
INFO: [HLS 200-10] ----------------------------------------------------------------
INFO: [HLS 200-42] -- Implementing module 'run_dwconv_Pipeline_VITIS_LOOP_89_8_VITIS_LOOP_90_9162' 
INFO: [HLS 200-10] ----------------------------------------------------------------
INFO: [SCHED 204-11] Starting scheduling ...
INFO: [HLS 200-486] Changing DSP latency (root=acc_445) to 3 in order to utilize available DSP registers.
INFO: [SCHED 204-61] Pipelining loop 'VITIS_LOOP_89_8_VITIS_LOOP_90_9'.
INFO: [HLS 200-1470] Pipelining result : Target II = NA, Final II = 1, Depth = 8, loop 'VITIS_LOOP_89_8_VITIS_LOOP_90_9'
INFO: [SCHED 204-11] Finished scheduling.
INFO: [HLS 200-111] Finished Scheduling: CPU user time: 1 seconds. CPU system time: 0 seconds. Elapsed time: 0.356 seconds; current allocated memory: 8.118 GB.
INFO: [BIND 205-100] Starting micro-architecture generation ...
INFO: [BIND 205-101] Performing variable lifetime analysis.
INFO: [BIND 205-101] Exploring resource sharing.
INFO: [BIND 205-101] Binding ...
INFO: [BIND 205-100] Finished micro-architecture generation.
INFO: [HLS 200-111] Finished Binding: CPU user time: 0 seconds. CPU system time: 0 seconds. Elapsed time: 0.18 seconds; current allocated memory: 8.118 GB.
INFO: [HLS 200-10] ----------------------------------------------------------------
INFO: [HLS 200-42] -- Implementing module 'run_dwconv_Pipeline_VITIS_LOOP_89_8_VITIS_LOOP_90_9163' 
INFO: [HLS 200-10] ----------------------------------------------------------------
INFO: [SCHED 204-11] Starting scheduling ...
INFO: [HLS 200-486] Changing DSP latency (root=acc_443) to 3 in order to utilize available DSP registers.
INFO: [SCHED 204-61] Pipelining loop 'VITIS_LOOP_89_8_VITIS_LOOP_90_9'.
INFO: [HLS 200-1470] Pipelining result : Target II = NA, Final II = 1, Depth = 8, loop 'VITIS_LOOP_89_8_VITIS_LOOP_90_9'
INFO: [SCHED 204-11] Finished scheduling.
INFO: [HLS 200-111] Finished Scheduling: CPU user time: 0 seconds. CPU system time: 0 seconds. Elapsed time: 0.36 seconds; current allocated memory: 8.118 GB.
INFO: [BIND 205-100] Starting micro-architecture generation ...
INFO: [BIND 205-101] Performing variable lifetime analysis.
INFO: [BIND 205-101] Exploring resource sharing.
INFO: [BIND 205-101] Binding ...
INFO: [BIND 205-100] Finished micro-architecture generation.
INFO: [HLS 200-111] Finished Binding: CPU user time: 0 seconds. CPU system time: 0 seconds. Elapsed time: 0.18 seconds; current allocated memory: 8.118 GB.
INFO: [HLS 200-10] ----------------------------------------------------------------
INFO: [HLS 200-42] -- Implementing module 'run_dwconv_Pipeline_VITIS_LOOP_89_8_VITIS_LOOP_90_9164' 
INFO: [HLS 200-10] ----------------------------------------------------------------
INFO: [SCHED 204-11] Starting scheduling ...
INFO: [HLS 200-486] Changing DSP latency (root=acc_441) to 3 in order to utilize available DSP registers.
INFO: [SCHED 204-61] Pipelining loop 'VITIS_LOOP_89_8_VITIS_LOOP_90_9'.
INFO: [HLS 200-1470] Pipelining result : Target II = NA, Final II = 1, Depth = 8, loop 'VITIS_LOOP_89_8_VITIS_LOOP_90_9'
INFO: [SCHED 204-11] Finished scheduling.
INFO: [HLS 200-111] Finished Scheduling: CPU user time: 1 seconds. CPU system time: 0 seconds. Elapsed time: 0.348 seconds; current allocated memory: 8.118 GB.
INFO: [BIND 205-100] Starting micro-architecture generation ...
INFO: [BIND 205-101] Performing variable lifetime analysis.
INFO: [BIND 205-101] Exploring resource sharing.
INFO: [BIND 205-101] Binding ...
INFO: [BIND 205-100] Finished micro-architecture generation.
INFO: [HLS 200-111] Finished Binding: CPU user time: 0 seconds. CPU system time: 0 seconds. Elapsed time: 0.175 seconds; current allocated memory: 8.118 GB.
INFO: [HLS 200-10] ----------------------------------------------------------------
INFO: [HLS 200-42] -- Implementing module 'run_dwconv_Pipeline_VITIS_LOOP_89_8_VITIS_LOOP_90_9165' 
INFO: [HLS 200-10] ----------------------------------------------------------------
INFO: [SCHED 204-11] Starting scheduling ...
INFO: [HLS 200-486] Changing DSP latency (root=acc_439) to 3 in order to utilize available DSP registers.
INFO: [SCHED 204-61] Pipelining loop 'VITIS_LOOP_89_8_VITIS_LOOP_90_9'.
INFO: [HLS 200-1470] Pipelining result : Target II = NA, Final II = 1, Depth = 8, loop 'VITIS_LOOP_89_8_VITIS_LOOP_90_9'
INFO: [SCHED 204-11] Finished scheduling.
INFO: [HLS 200-111] Finished Scheduling: CPU user time: 0 seconds. CPU system time: 0 seconds. Elapsed time: 0.35 seconds; current allocated memory: 8.118 GB.
INFO: [BIND 205-100] Starting micro-architecture generation ...
INFO: [BIND 205-101] Performing variable lifetime analysis.
INFO: [BIND 205-101] Exploring resource sharing.
INFO: [BIND 205-101] Binding ...
INFO: [BIND 205-100] Finished micro-architecture generation.
INFO: [HLS 200-111] Finished Binding: CPU user time: 0 seconds. CPU system time: 0 seconds. Elapsed time: 0.176 seconds; current allocated memory: 8.118 GB.
INFO: [HLS 200-10] ----------------------------------------------------------------
INFO: [HLS 200-42] -- Implementing module 'run_dwconv_Pipeline_VITIS_LOOP_89_8_VITIS_LOOP_90_9166' 
INFO: [HLS 200-10] ----------------------------------------------------------------
INFO: [SCHED 204-11] Starting scheduling ...
INFO: [HLS 200-486] Changing DSP latency (root=acc_437) to 3 in order to utilize available DSP registers.
INFO: [SCHED 204-61] Pipelining loop 'VITIS_LOOP_89_8_VITIS_LOOP_90_9'.
INFO: [HLS 200-1470] Pipelining result : Target II = NA, Final II = 1, Depth = 8, loop 'VITIS_LOOP_89_8_VITIS_LOOP_90_9'
INFO: [SCHED 204-11] Finished scheduling.
INFO: [HLS 200-111] Finished Scheduling: CPU user time: 1 seconds. CPU system time: 0 seconds. Elapsed time: 0.35 seconds; current allocated memory: 8.118 GB.
INFO: [BIND 205-100] Starting micro-architecture generation ...
INFO: [BIND 205-101] Performing variable lifetime analysis.
INFO: [BIND 205-101] Exploring resource sharing.
INFO: [BIND 205-101] Binding ...
INFO: [BIND 205-100] Finished micro-architecture generation.
INFO: [HLS 200-111] Finished Binding: CPU user time: 0 seconds. CPU system time: 0 seconds. Elapsed time: 0.182 seconds; current allocated memory: 8.118 GB.
INFO: [HLS 200-10] ----------------------------------------------------------------
INFO: [HLS 200-42] -- Implementing module 'run_dwconv_Pipeline_VITIS_LOOP_89_8_VITIS_LOOP_90_9167' 
INFO: [HLS 200-10] ----------------------------------------------------------------
INFO: [SCHED 204-11] Starting scheduling ...
INFO: [HLS 200-486] Changing DSP latency (root=acc_435) to 3 in order to utilize available DSP registers.
INFO: [SCHED 204-61] Pipelining loop 'VITIS_LOOP_89_8_VITIS_LOOP_90_9'.
INFO: [HLS 200-1470] Pipelining result : Target II = NA, Final II = 1, Depth = 7, loop 'VITIS_LOOP_89_8_VITIS_LOOP_90_9'
INFO: [SCHED 204-11] Finished scheduling.
INFO: [HLS 200-111] Finished Scheduling: CPU user time: 0 seconds. CPU system time: 0 seconds. Elapsed time: 0.348 seconds; current allocated memory: 8.118 GB.
INFO: [BIND 205-100] Starting micro-architecture generation ...
INFO: [BIND 205-101] Performing variable lifetime analysis.
INFO: [BIND 205-101] Exploring resource sharing.
INFO: [BIND 205-101] Binding ...
INFO: [BIND 205-100] Finished micro-architecture generation.
INFO: [HLS 200-111] Finished Binding: CPU user time: 0 seconds. CPU system time: 0 seconds. Elapsed time: 0.183 seconds; current allocated memory: 8.118 GB.
INFO: [HLS 200-10] ----------------------------------------------------------------
INFO: [HLS 200-42] -- Implementing module 'run_dwconv_Pipeline_VITIS_LOOP_89_8_VITIS_LOOP_90_9168' 
INFO: [HLS 200-10] ----------------------------------------------------------------
INFO: [SCHED 204-11] Starting scheduling ...
INFO: [HLS 200-486] Changing DSP latency (root=acc_433) to 3 in order to utilize available DSP registers.
INFO: [SCHED 204-61] Pipelining loop 'VITIS_LOOP_89_8_VITIS_LOOP_90_9'.
INFO: [HLS 200-1470] Pipelining result : Target II = NA, Final II = 1, Depth = 8, loop 'VITIS_LOOP_89_8_VITIS_LOOP_90_9'
INFO: [SCHED 204-11] Finished scheduling.
INFO: [HLS 200-111] Finished Scheduling: CPU user time: 1 seconds. CPU system time: 0 seconds. Elapsed time: 0.351 seconds; current allocated memory: 8.118 GB.
INFO: [BIND 205-100] Starting micro-architecture generation ...
INFO: [BIND 205-101] Performing variable lifetime analysis.
INFO: [BIND 205-101] Exploring resource sharing.
INFO: [BIND 205-101] Binding ...
INFO: [BIND 205-100] Finished micro-architecture generation.
INFO: [HLS 200-111] Finished Binding: CPU user time: 0 seconds. CPU system time: 0 seconds. Elapsed time: 0.183 seconds; current allocated memory: 8.118 GB.
INFO: [HLS 200-10] ----------------------------------------------------------------
INFO: [HLS 200-42] -- Implementing module 'run_dwconv_Pipeline_VITIS_LOOP_89_8_VITIS_LOOP_90_9169' 
INFO: [HLS 200-10] ----------------------------------------------------------------
INFO: [SCHED 204-11] Starting scheduling ...
INFO: [HLS 200-486] Changing DSP latency (root=acc_431) to 3 in order to utilize available DSP registers.
INFO: [SCHED 204-61] Pipelining loop 'VITIS_LOOP_89_8_VITIS_LOOP_90_9'.
INFO: [HLS 200-1470] Pipelining result : Target II = NA, Final II = 1, Depth = 8, loop 'VITIS_LOOP_89_8_VITIS_LOOP_90_9'
INFO: [SCHED 204-11] Finished scheduling.
INFO: [HLS 200-111] Finished Scheduling: CPU user time: 0 seconds. CPU system time: 1 seconds. Elapsed time: 0.353 seconds; current allocated memory: 8.118 GB.
INFO: [BIND 205-100] Starting micro-architecture generation ...
INFO: [BIND 205-101] Performing variable lifetime analysis.
INFO: [BIND 205-101] Exploring resource sharing.
INFO: [BIND 205-101] Binding ...
INFO: [BIND 205-100] Finished micro-architecture generation.
INFO: [HLS 200-111] Finished Binding: CPU user time: 0 seconds. CPU system time: 0 seconds. Elapsed time: 0.18 seconds; current allocated memory: 8.118 GB.
INFO: [HLS 200-10] ----------------------------------------------------------------
INFO: [HLS 200-42] -- Implementing module 'run_dwconv_Pipeline_VITIS_LOOP_89_8_VITIS_LOOP_90_9170' 
INFO: [HLS 200-10] ----------------------------------------------------------------
INFO: [SCHED 204-11] Starting scheduling ...
INFO: [HLS 200-486] Changing DSP latency (root=acc_429) to 3 in order to utilize available DSP registers.
INFO: [SCHED 204-61] Pipelining loop 'VITIS_LOOP_89_8_VITIS_LOOP_90_9'.
INFO: [HLS 200-1470] Pipelining result : Target II = NA, Final II = 1, Depth = 8, loop 'VITIS_LOOP_89_8_VITIS_LOOP_90_9'
INFO: [SCHED 204-11] Finished scheduling.
INFO: [HLS 200-111] Finished Scheduling: CPU user time: 1 seconds. CPU system time: 0 seconds. Elapsed time: 0.35 seconds; current allocated memory: 8.118 GB.
INFO: [BIND 205-100] Starting micro-architecture generation ...
INFO: [BIND 205-101] Performing variable lifetime analysis.
INFO: [BIND 205-101] Exploring resource sharing.
INFO: [BIND 205-101] Binding ...
INFO: [BIND 205-100] Finished micro-architecture generation.
INFO: [HLS 200-111] Finished Binding: CPU user time: 0 seconds. CPU system time: 0 seconds. Elapsed time: 0.18 seconds; current allocated memory: 8.118 GB.
INFO: [HLS 200-10] ----------------------------------------------------------------
INFO: [HLS 200-42] -- Implementing module 'run_dwconv_Pipeline_VITIS_LOOP_89_8_VITIS_LOOP_90_9171' 
INFO: [HLS 200-10] ----------------------------------------------------------------
INFO: [SCHED 204-11] Starting scheduling ...
INFO: [HLS 200-486] Changing DSP latency (root=acc_427) to 3 in order to utilize available DSP registers.
INFO: [SCHED 204-61] Pipelining loop 'VITIS_LOOP_89_8_VITIS_LOOP_90_9'.
INFO: [HLS 200-1470] Pipelining result : Target II = NA, Final II = 1, Depth = 8, loop 'VITIS_LOOP_89_8_VITIS_LOOP_90_9'
INFO: [SCHED 204-11] Finished scheduling.
INFO: [HLS 200-111] Finished Scheduling: CPU user time: 0 seconds. CPU system time: 0 seconds. Elapsed time: 0.351 seconds; current allocated memory: 8.118 GB.
INFO: [BIND 205-100] Starting micro-architecture generation ...
INFO: [BIND 205-101] Performing variable lifetime analysis.
INFO: [BIND 205-101] Exploring resource sharing.
INFO: [BIND 205-101] Binding ...
INFO: [BIND 205-100] Finished micro-architecture generation.
INFO: [HLS 200-111] Finished Binding: CPU user time: 0 seconds. CPU system time: 0 seconds. Elapsed time: 0.173 seconds; current allocated memory: 8.118 GB.
INFO: [HLS 200-10] ----------------------------------------------------------------
INFO: [HLS 200-42] -- Implementing module 'run_dwconv_Pipeline_VITIS_LOOP_89_8_VITIS_LOOP_90_9172' 
INFO: [HLS 200-10] ----------------------------------------------------------------
INFO: [SCHED 204-11] Starting scheduling ...
INFO: [HLS 200-486] Changing DSP latency (root=acc_425) to 3 in order to utilize available DSP registers.
INFO: [SCHED 204-61] Pipelining loop 'VITIS_LOOP_89_8_VITIS_LOOP_90_9'.
INFO: [HLS 200-1470] Pipelining result : Target II = NA, Final II = 1, Depth = 8, loop 'VITIS_LOOP_89_8_VITIS_LOOP_90_9'
INFO: [SCHED 204-11] Finished scheduling.
INFO: [HLS 200-111] Finished Scheduling: CPU user time: 0 seconds. CPU system time: 0 seconds. Elapsed time: 0.351 seconds; current allocated memory: 8.118 GB.
INFO: [BIND 205-100] Starting micro-architecture generation ...
INFO: [BIND 205-101] Performing variable lifetime analysis.
INFO: [BIND 205-101] Exploring resource sharing.
INFO: [BIND 205-101] Binding ...
INFO: [BIND 205-100] Finished micro-architecture generation.
INFO: [HLS 200-111] Finished Binding: CPU user time: 1 seconds. CPU system time: 0 seconds. Elapsed time: 0.182 seconds; current allocated memory: 8.118 GB.
INFO: [HLS 200-10] ----------------------------------------------------------------
INFO: [HLS 200-42] -- Implementing module 'run_dwconv_Pipeline_VITIS_LOOP_89_8_VITIS_LOOP_90_9173' 
INFO: [HLS 200-10] ----------------------------------------------------------------
INFO: [SCHED 204-11] Starting scheduling ...
INFO: [HLS 200-486] Changing DSP latency (root=acc_423) to 3 in order to utilize available DSP registers.
INFO: [SCHED 204-61] Pipelining loop 'VITIS_LOOP_89_8_VITIS_LOOP_90_9'.
INFO: [HLS 200-1470] Pipelining result : Target II = NA, Final II = 1, Depth = 8, loop 'VITIS_LOOP_89_8_VITIS_LOOP_90_9'
INFO: [SCHED 204-11] Finished scheduling.
INFO: [HLS 200-111] Finished Scheduling: CPU user time: 0 seconds. CPU system time: 0 seconds. Elapsed time: 0.352 seconds; current allocated memory: 8.118 GB.
INFO: [BIND 205-100] Starting micro-architecture generation ...
INFO: [BIND 205-101] Performing variable lifetime analysis.
INFO: [BIND 205-101] Exploring resource sharing.
INFO: [BIND 205-101] Binding ...
INFO: [BIND 205-100] Finished micro-architecture generation.
INFO: [HLS 200-111] Finished Binding: CPU user time: 0 seconds. CPU system time: 0 seconds. Elapsed time: 0.183 seconds; current allocated memory: 8.118 GB.
INFO: [HLS 200-10] ----------------------------------------------------------------
INFO: [HLS 200-42] -- Implementing module 'run_dwconv_Pipeline_VITIS_LOOP_89_8_VITIS_LOOP_90_9174' 
INFO: [HLS 200-10] ----------------------------------------------------------------
INFO: [SCHED 204-11] Starting scheduling ...
INFO: [HLS 200-486] Changing DSP latency (root=acc_421) to 3 in order to utilize available DSP registers.
INFO: [SCHED 204-61] Pipelining loop 'VITIS_LOOP_89_8_VITIS_LOOP_90_9'.
INFO: [HLS 200-1470] Pipelining result : Target II = NA, Final II = 1, Depth = 8, loop 'VITIS_LOOP_89_8_VITIS_LOOP_90_9'
INFO: [SCHED 204-11] Finished scheduling.
INFO: [HLS 200-111] Finished Scheduling: CPU user time: 0 seconds. CPU system time: 0 seconds. Elapsed time: 0.359 seconds; current allocated memory: 8.118 GB.
INFO: [BIND 205-100] Starting micro-architecture generation ...
INFO: [BIND 205-101] Performing variable lifetime analysis.
INFO: [BIND 205-101] Exploring resource sharing.
INFO: [BIND 205-101] Binding ...
INFO: [BIND 205-100] Finished micro-architecture generation.
INFO: [HLS 200-111] Finished Binding: CPU user time: 1 seconds. CPU system time: 0 seconds. Elapsed time: 0.19 seconds; current allocated memory: 8.118 GB.
INFO: [HLS 200-10] ----------------------------------------------------------------
INFO: [HLS 200-42] -- Implementing module 'run_dwconv_Pipeline_VITIS_LOOP_89_8_VITIS_LOOP_90_9175' 
INFO: [HLS 200-10] ----------------------------------------------------------------
INFO: [SCHED 204-11] Starting scheduling ...
INFO: [HLS 200-486] Changing DSP latency (root=acc_419) to 3 in order to utilize available DSP registers.
INFO: [SCHED 204-61] Pipelining loop 'VITIS_LOOP_89_8_VITIS_LOOP_90_9'.
INFO: [HLS 200-1470] Pipelining result : Target II = NA, Final II = 1, Depth = 7, loop 'VITIS_LOOP_89_8_VITIS_LOOP_90_9'
INFO: [SCHED 204-11] Finished scheduling.
INFO: [HLS 200-111] Finished Scheduling: CPU user time: 0 seconds. CPU system time: 0 seconds. Elapsed time: 0.354 seconds; current allocated memory: 8.118 GB.
INFO: [BIND 205-100] Starting micro-architecture generation ...
INFO: [BIND 205-101] Performing variable lifetime analysis.
INFO: [BIND 205-101] Exploring resource sharing.
INFO: [BIND 205-101] Binding ...
INFO: [BIND 205-100] Finished micro-architecture generation.
INFO: [HLS 200-111] Finished Binding: CPU user time: 0 seconds. CPU system time: 0 seconds. Elapsed time: 0.178 seconds; current allocated memory: 8.118 GB.
INFO: [HLS 200-10] ----------------------------------------------------------------
INFO: [HLS 200-42] -- Implementing module 'run_dwconv_Pipeline_VITIS_LOOP_89_8_VITIS_LOOP_90_9176' 
INFO: [HLS 200-10] ----------------------------------------------------------------
INFO: [SCHED 204-11] Starting scheduling ...
INFO: [HLS 200-486] Changing DSP latency (root=acc_417) to 3 in order to utilize available DSP registers.
INFO: [SCHED 204-61] Pipelining loop 'VITIS_LOOP_89_8_VITIS_LOOP_90_9'.
INFO: [HLS 200-1470] Pipelining result : Target II = NA, Final II = 1, Depth = 8, loop 'VITIS_LOOP_89_8_VITIS_LOOP_90_9'
INFO: [SCHED 204-11] Finished scheduling.
INFO: [HLS 200-111] Finished Scheduling: CPU user time: 0 seconds. CPU system time: 0 seconds. Elapsed time: 0.359 seconds; current allocated memory: 8.118 GB.
INFO: [BIND 205-100] Starting micro-architecture generation ...
INFO: [BIND 205-101] Performing variable lifetime analysis.
INFO: [BIND 205-101] Exploring resource sharing.
INFO: [BIND 205-101] Binding ...
INFO: [BIND 205-100] Finished micro-architecture generation.
INFO: [HLS 200-111] Finished Binding: CPU user time: 1 seconds. CPU system time: 0 seconds. Elapsed time: 0.186 seconds; current allocated memory: 8.118 GB.
INFO: [HLS 200-10] ----------------------------------------------------------------
INFO: [HLS 200-42] -- Implementing module 'run_dwconv_Pipeline_VITIS_LOOP_89_8_VITIS_LOOP_90_9177' 
INFO: [HLS 200-10] ----------------------------------------------------------------
INFO: [SCHED 204-11] Starting scheduling ...
INFO: [HLS 200-486] Changing DSP latency (root=acc_415) to 3 in order to utilize available DSP registers.
INFO: [SCHED 204-61] Pipelining loop 'VITIS_LOOP_89_8_VITIS_LOOP_90_9'.
INFO: [HLS 200-1470] Pipelining result : Target II = NA, Final II = 1, Depth = 8, loop 'VITIS_LOOP_89_8_VITIS_LOOP_90_9'
INFO: [SCHED 204-11] Finished scheduling.
INFO: [HLS 200-111] Finished Scheduling: CPU user time: 0 seconds. CPU system time: 0 seconds. Elapsed time: 0.361 seconds; current allocated memory: 8.118 GB.
INFO: [BIND 205-100] Starting micro-architecture generation ...
INFO: [BIND 205-101] Performing variable lifetime analysis.
INFO: [BIND 205-101] Exploring resource sharing.
INFO: [BIND 205-101] Binding ...
INFO: [BIND 205-100] Finished micro-architecture generation.
INFO: [HLS 200-111] Finished Binding: CPU user time: 0 seconds. CPU system time: 0 seconds. Elapsed time: 0.184 seconds; current allocated memory: 8.118 GB.
INFO: [HLS 200-10] ----------------------------------------------------------------
INFO: [HLS 200-42] -- Implementing module 'run_dwconv_Pipeline_VITIS_LOOP_89_8_VITIS_LOOP_90_9178' 
INFO: [HLS 200-10] ----------------------------------------------------------------
INFO: [SCHED 204-11] Starting scheduling ...
INFO: [HLS 200-486] Changing DSP latency (root=acc_413) to 3 in order to utilize available DSP registers.
INFO: [SCHED 204-61] Pipelining loop 'VITIS_LOOP_89_8_VITIS_LOOP_90_9'.
INFO: [HLS 200-1470] Pipelining result : Target II = NA, Final II = 1, Depth = 8, loop 'VITIS_LOOP_89_8_VITIS_LOOP_90_9'
INFO: [SCHED 204-11] Finished scheduling.
INFO: [HLS 200-111] Finished Scheduling: CPU user time: 0 seconds. CPU system time: 0 seconds. Elapsed time: 0.36 seconds; current allocated memory: 8.118 GB.
INFO: [BIND 205-100] Starting micro-architecture generation ...
INFO: [BIND 205-101] Performing variable lifetime analysis.
INFO: [BIND 205-101] Exploring resource sharing.
INFO: [BIND 205-101] Binding ...
INFO: [BIND 205-100] Finished micro-architecture generation.
INFO: [HLS 200-111] Finished Binding: CPU user time: 0 seconds. CPU system time: 0 seconds. Elapsed time: 0.175 seconds; current allocated memory: 8.118 GB.
INFO: [HLS 200-10] ----------------------------------------------------------------
INFO: [HLS 200-42] -- Implementing module 'run_dwconv_Pipeline_VITIS_LOOP_89_8_VITIS_LOOP_90_9179' 
INFO: [HLS 200-10] ----------------------------------------------------------------
INFO: [SCHED 204-11] Starting scheduling ...
INFO: [HLS 200-486] Changing DSP latency (root=acc_411) to 3 in order to utilize available DSP registers.
INFO: [SCHED 204-61] Pipelining loop 'VITIS_LOOP_89_8_VITIS_LOOP_90_9'.
INFO: [HLS 200-1470] Pipelining result : Target II = NA, Final II = 1, Depth = 8, loop 'VITIS_LOOP_89_8_VITIS_LOOP_90_9'
INFO: [SCHED 204-11] Finished scheduling.
INFO: [HLS 200-111] Finished Scheduling: CPU user time: 1 seconds. CPU system time: 0 seconds. Elapsed time: 0.363 seconds; current allocated memory: 8.118 GB.
INFO: [BIND 205-100] Starting micro-architecture generation ...
INFO: [BIND 205-101] Performing variable lifetime analysis.
INFO: [BIND 205-101] Exploring resource sharing.
INFO: [BIND 205-101] Binding ...
INFO: [BIND 205-100] Finished micro-architecture generation.
INFO: [HLS 200-111] Finished Binding: CPU user time: 0 seconds. CPU system time: 0 seconds. Elapsed time: 0.183 seconds; current allocated memory: 8.118 GB.
INFO: [HLS 200-10] ----------------------------------------------------------------
INFO: [HLS 200-42] -- Implementing module 'run_dwconv_Pipeline_VITIS_LOOP_89_8_VITIS_LOOP_90_9180' 
INFO: [HLS 200-10] ----------------------------------------------------------------
INFO: [SCHED 204-11] Starting scheduling ...
INFO: [HLS 200-486] Changing DSP latency (root=acc_409) to 3 in order to utilize available DSP registers.
INFO: [SCHED 204-61] Pipelining loop 'VITIS_LOOP_89_8_VITIS_LOOP_90_9'.
INFO: [HLS 200-1470] Pipelining result : Target II = NA, Final II = 1, Depth = 8, loop 'VITIS_LOOP_89_8_VITIS_LOOP_90_9'
INFO: [SCHED 204-11] Finished scheduling.
INFO: [HLS 200-111] Finished Scheduling: CPU user time: 0 seconds. CPU system time: 0 seconds. Elapsed time: 0.361 seconds; current allocated memory: 8.118 GB.
INFO: [BIND 205-100] Starting micro-architecture generation ...
INFO: [BIND 205-101] Performing variable lifetime analysis.
INFO: [BIND 205-101] Exploring resource sharing.
INFO: [BIND 205-101] Binding ...
INFO: [BIND 205-100] Finished micro-architecture generation.
INFO: [HLS 200-111] Finished Binding: CPU user time: 0 seconds. CPU system time: 0 seconds. Elapsed time: 0.187 seconds; current allocated memory: 8.118 GB.
INFO: [HLS 200-10] ----------------------------------------------------------------
INFO: [HLS 200-42] -- Implementing module 'run_dwconv_Pipeline_VITIS_LOOP_89_8_VITIS_LOOP_90_9181' 
INFO: [HLS 200-10] ----------------------------------------------------------------
INFO: [SCHED 204-11] Starting scheduling ...
INFO: [HLS 200-486] Changing DSP latency (root=acc_407) to 3 in order to utilize available DSP registers.
INFO: [SCHED 204-61] Pipelining loop 'VITIS_LOOP_89_8_VITIS_LOOP_90_9'.
INFO: [HLS 200-1470] Pipelining result : Target II = NA, Final II = 1, Depth = 8, loop 'VITIS_LOOP_89_8_VITIS_LOOP_90_9'
INFO: [SCHED 204-11] Finished scheduling.
INFO: [HLS 200-111] Finished Scheduling: CPU user time: 1 seconds. CPU system time: 0 seconds. Elapsed time: 0.365 seconds; current allocated memory: 8.118 GB.
INFO: [BIND 205-100] Starting micro-architecture generation ...
INFO: [BIND 205-101] Performing variable lifetime analysis.
INFO: [BIND 205-101] Exploring resource sharing.
INFO: [BIND 205-101] Binding ...
INFO: [BIND 205-100] Finished micro-architecture generation.
INFO: [HLS 200-111] Finished Binding: CPU user time: 0 seconds. CPU system time: 0 seconds. Elapsed time: 0.184 seconds; current allocated memory: 8.118 GB.
INFO: [HLS 200-10] ----------------------------------------------------------------
INFO: [HLS 200-42] -- Implementing module 'run_dwconv_Pipeline_VITIS_LOOP_89_8_VITIS_LOOP_90_9182' 
INFO: [HLS 200-10] ----------------------------------------------------------------
INFO: [SCHED 204-11] Starting scheduling ...
INFO: [HLS 200-486] Changing DSP latency (root=acc_405) to 3 in order to utilize available DSP registers.
INFO: [SCHED 204-61] Pipelining loop 'VITIS_LOOP_89_8_VITIS_LOOP_90_9'.
INFO: [HLS 200-1470] Pipelining result : Target II = NA, Final II = 1, Depth = 8, loop 'VITIS_LOOP_89_8_VITIS_LOOP_90_9'
INFO: [SCHED 204-11] Finished scheduling.
INFO: [HLS 200-111] Finished Scheduling: CPU user time: 0 seconds. CPU system time: 0 seconds. Elapsed time: 0.376 seconds; current allocated memory: 8.118 GB.
INFO: [BIND 205-100] Starting micro-architecture generation ...
INFO: [BIND 205-101] Performing variable lifetime analysis.
INFO: [BIND 205-101] Exploring resource sharing.
INFO: [BIND 205-101] Binding ...
INFO: [BIND 205-100] Finished micro-architecture generation.
INFO: [HLS 200-111] Finished Binding: CPU user time: 0 seconds. CPU system time: 0 seconds. Elapsed time: 0.2 seconds; current allocated memory: 8.118 GB.
INFO: [HLS 200-10] ----------------------------------------------------------------
INFO: [HLS 200-42] -- Implementing module 'run_dwconv_Pipeline_VITIS_LOOP_89_8_VITIS_LOOP_90_9183' 
INFO: [HLS 200-10] ----------------------------------------------------------------
INFO: [SCHED 204-11] Starting scheduling ...
INFO: [HLS 200-486] Changing DSP latency (root=acc_403) to 3 in order to utilize available DSP registers.
INFO: [SCHED 204-61] Pipelining loop 'VITIS_LOOP_89_8_VITIS_LOOP_90_9'.
INFO: [HLS 200-1470] Pipelining result : Target II = NA, Final II = 1, Depth = 7, loop 'VITIS_LOOP_89_8_VITIS_LOOP_90_9'
INFO: [SCHED 204-11] Finished scheduling.
INFO: [HLS 200-111] Finished Scheduling: CPU user time: 1 seconds. CPU system time: 0 seconds. Elapsed time: 0.389 seconds; current allocated memory: 8.118 GB.
INFO: [BIND 205-100] Starting micro-architecture generation ...
INFO: [BIND 205-101] Performing variable lifetime analysis.
INFO: [BIND 205-101] Exploring resource sharing.
INFO: [BIND 205-101] Binding ...
INFO: [BIND 205-100] Finished micro-architecture generation.
INFO: [HLS 200-111] Finished Binding: CPU user time: 0 seconds. CPU system time: 0 seconds. Elapsed time: 0.192 seconds; current allocated memory: 8.118 GB.
INFO: [HLS 200-10] ----------------------------------------------------------------
INFO: [HLS 200-42] -- Implementing module 'run_dwconv_Pipeline_VITIS_LOOP_89_8_VITIS_LOOP_90_9184' 
INFO: [HLS 200-10] ----------------------------------------------------------------
INFO: [SCHED 204-11] Starting scheduling ...
INFO: [HLS 200-486] Changing DSP latency (root=acc_401) to 3 in order to utilize available DSP registers.
INFO: [SCHED 204-61] Pipelining loop 'VITIS_LOOP_89_8_VITIS_LOOP_90_9'.
INFO: [HLS 200-1470] Pipelining result : Target II = NA, Final II = 1, Depth = 8, loop 'VITIS_LOOP_89_8_VITIS_LOOP_90_9'
INFO: [SCHED 204-11] Finished scheduling.
INFO: [HLS 200-111] Finished Scheduling: CPU user time: 0 seconds. CPU system time: 0 seconds. Elapsed time: 0.383 seconds; current allocated memory: 8.118 GB.
INFO: [BIND 205-100] Starting micro-architecture generation ...
INFO: [BIND 205-101] Performing variable lifetime analysis.
INFO: [BIND 205-101] Exploring resource sharing.
INFO: [BIND 205-101] Binding ...
INFO: [BIND 205-100] Finished micro-architecture generation.
INFO: [HLS 200-111] Finished Binding: CPU user time: 0 seconds. CPU system time: 0 seconds. Elapsed time: 0.191 seconds; current allocated memory: 8.118 GB.
INFO: [HLS 200-10] ----------------------------------------------------------------
INFO: [HLS 200-42] -- Implementing module 'run_dwconv_Pipeline_VITIS_LOOP_89_8_VITIS_LOOP_90_9185' 
INFO: [HLS 200-10] ----------------------------------------------------------------
INFO: [SCHED 204-11] Starting scheduling ...
INFO: [HLS 200-486] Changing DSP latency (root=acc_399) to 3 in order to utilize available DSP registers.
INFO: [SCHED 204-61] Pipelining loop 'VITIS_LOOP_89_8_VITIS_LOOP_90_9'.
INFO: [HLS 200-1470] Pipelining result : Target II = NA, Final II = 1, Depth = 8, loop 'VITIS_LOOP_89_8_VITIS_LOOP_90_9'
INFO: [SCHED 204-11] Finished scheduling.
INFO: [HLS 200-111] Finished Scheduling: CPU user time: 0 seconds. CPU system time: 0 seconds. Elapsed time: 0.369 seconds; current allocated memory: 8.118 GB.
INFO: [BIND 205-100] Starting micro-architecture generation ...
INFO: [BIND 205-101] Performing variable lifetime analysis.
INFO: [BIND 205-101] Exploring resource sharing.
INFO: [BIND 205-101] Binding ...
INFO: [BIND 205-100] Finished micro-architecture generation.
INFO: [HLS 200-111] Finished Binding: CPU user time: 0 seconds. CPU system time: 0 seconds. Elapsed time: 0.189 seconds; current allocated memory: 8.118 GB.
INFO: [HLS 200-10] ----------------------------------------------------------------
INFO: [HLS 200-42] -- Implementing module 'run_dwconv_Pipeline_VITIS_LOOP_89_8_VITIS_LOOP_90_9186' 
INFO: [HLS 200-10] ----------------------------------------------------------------
INFO: [SCHED 204-11] Starting scheduling ...
INFO: [HLS 200-486] Changing DSP latency (root=acc_397) to 3 in order to utilize available DSP registers.
INFO: [SCHED 204-61] Pipelining loop 'VITIS_LOOP_89_8_VITIS_LOOP_90_9'.
INFO: [HLS 200-1470] Pipelining result : Target II = NA, Final II = 1, Depth = 8, loop 'VITIS_LOOP_89_8_VITIS_LOOP_90_9'
INFO: [SCHED 204-11] Finished scheduling.
INFO: [HLS 200-111] Finished Scheduling: CPU user time: 0 seconds. CPU system time: 0 seconds. Elapsed time: 0.371 seconds; current allocated memory: 8.118 GB.
INFO: [BIND 205-100] Starting micro-architecture generation ...
INFO: [BIND 205-101] Performing variable lifetime analysis.
INFO: [BIND 205-101] Exploring resource sharing.
INFO: [BIND 205-101] Binding ...
INFO: [BIND 205-100] Finished micro-architecture generation.
INFO: [HLS 200-111] Finished Binding: CPU user time: 0 seconds. CPU system time: 0 seconds. Elapsed time: 0.192 seconds; current allocated memory: 8.118 GB.
INFO: [HLS 200-10] ----------------------------------------------------------------
INFO: [HLS 200-42] -- Implementing module 'run_dwconv_Pipeline_VITIS_LOOP_89_8_VITIS_LOOP_90_9187' 
INFO: [HLS 200-10] ----------------------------------------------------------------
INFO: [SCHED 204-11] Starting scheduling ...
INFO: [HLS 200-486] Changing DSP latency (root=acc_395) to 3 in order to utilize available DSP registers.
INFO: [SCHED 204-61] Pipelining loop 'VITIS_LOOP_89_8_VITIS_LOOP_90_9'.
INFO: [HLS 200-1470] Pipelining result : Target II = NA, Final II = 1, Depth = 8, loop 'VITIS_LOOP_89_8_VITIS_LOOP_90_9'
INFO: [SCHED 204-11] Finished scheduling.
INFO: [HLS 200-111] Finished Scheduling: CPU user time: 0 seconds. CPU system time: 0 seconds. Elapsed time: 0.372 seconds; current allocated memory: 8.118 GB.
INFO: [BIND 205-100] Starting micro-architecture generation ...
INFO: [BIND 205-101] Performing variable lifetime analysis.
INFO: [BIND 205-101] Exploring resource sharing.
INFO: [BIND 205-101] Binding ...
INFO: [BIND 205-100] Finished micro-architecture generation.
INFO: [HLS 200-111] Finished Binding: CPU user time: 0 seconds. CPU system time: 0 seconds. Elapsed time: 0.182 seconds; current allocated memory: 8.118 GB.
INFO: [HLS 200-10] ----------------------------------------------------------------
INFO: [HLS 200-42] -- Implementing module 'run_dwconv_Pipeline_VITIS_LOOP_89_8_VITIS_LOOP_90_9188' 
INFO: [HLS 200-10] ----------------------------------------------------------------
INFO: [SCHED 204-11] Starting scheduling ...
INFO: [HLS 200-486] Changing DSP latency (root=acc_393) to 3 in order to utilize available DSP registers.
INFO: [SCHED 204-61] Pipelining loop 'VITIS_LOOP_89_8_VITIS_LOOP_90_9'.
INFO: [HLS 200-1470] Pipelining result : Target II = NA, Final II = 1, Depth = 8, loop 'VITIS_LOOP_89_8_VITIS_LOOP_90_9'
INFO: [SCHED 204-11] Finished scheduling.
INFO: [HLS 200-111] Finished Scheduling: CPU user time: 0 seconds. CPU system time: 0 seconds. Elapsed time: 0.367 seconds; current allocated memory: 8.118 GB.
INFO: [BIND 205-100] Starting micro-architecture generation ...
INFO: [BIND 205-101] Performing variable lifetime analysis.
INFO: [BIND 205-101] Exploring resource sharing.
INFO: [BIND 205-101] Binding ...
INFO: [BIND 205-100] Finished micro-architecture generation.
INFO: [HLS 200-111] Finished Binding: CPU user time: 0 seconds. CPU system time: 0 seconds. Elapsed time: 0.188 seconds; current allocated memory: 8.118 GB.
INFO: [HLS 200-10] ----------------------------------------------------------------
INFO: [HLS 200-42] -- Implementing module 'run_dwconv_Pipeline_VITIS_LOOP_89_8_VITIS_LOOP_90_9189' 
INFO: [HLS 200-10] ----------------------------------------------------------------
INFO: [SCHED 204-11] Starting scheduling ...
INFO: [HLS 200-486] Changing DSP latency (root=acc_391) to 3 in order to utilize available DSP registers.
INFO: [SCHED 204-61] Pipelining loop 'VITIS_LOOP_89_8_VITIS_LOOP_90_9'.
INFO: [HLS 200-1470] Pipelining result : Target II = NA, Final II = 1, Depth = 8, loop 'VITIS_LOOP_89_8_VITIS_LOOP_90_9'
INFO: [SCHED 204-11] Finished scheduling.
INFO: [HLS 200-111] Finished Scheduling: CPU user time: 1 seconds. CPU system time: 0 seconds. Elapsed time: 0.372 seconds; current allocated memory: 8.118 GB.
INFO: [BIND 205-100] Starting micro-architecture generation ...
INFO: [BIND 205-101] Performing variable lifetime analysis.
INFO: [BIND 205-101] Exploring resource sharing.
INFO: [BIND 205-101] Binding ...
INFO: [BIND 205-100] Finished micro-architecture generation.
INFO: [HLS 200-111] Finished Binding: CPU user time: 0 seconds. CPU system time: 0 seconds. Elapsed time: 0.188 seconds; current allocated memory: 8.118 GB.
INFO: [HLS 200-10] ----------------------------------------------------------------
INFO: [HLS 200-42] -- Implementing module 'run_dwconv_Pipeline_VITIS_LOOP_89_8_VITIS_LOOP_90_9190' 
INFO: [HLS 200-10] ----------------------------------------------------------------
INFO: [SCHED 204-11] Starting scheduling ...
INFO: [HLS 200-486] Changing DSP latency (root=acc_389) to 3 in order to utilize available DSP registers.
INFO: [SCHED 204-61] Pipelining loop 'VITIS_LOOP_89_8_VITIS_LOOP_90_9'.
INFO: [HLS 200-1470] Pipelining result : Target II = NA, Final II = 1, Depth = 8, loop 'VITIS_LOOP_89_8_VITIS_LOOP_90_9'
INFO: [SCHED 204-11] Finished scheduling.
INFO: [HLS 200-111] Finished Scheduling: CPU user time: 0 seconds. CPU system time: 0 seconds. Elapsed time: 0.382 seconds; current allocated memory: 8.118 GB.
INFO: [BIND 205-100] Starting micro-architecture generation ...
INFO: [BIND 205-101] Performing variable lifetime analysis.
INFO: [BIND 205-101] Exploring resource sharing.
INFO: [BIND 205-101] Binding ...
INFO: [BIND 205-100] Finished micro-architecture generation.
INFO: [HLS 200-111] Finished Binding: CPU user time: 0 seconds. CPU system time: 1 seconds. Elapsed time: 0.187 seconds; current allocated memory: 8.118 GB.
INFO: [HLS 200-10] ----------------------------------------------------------------
INFO: [HLS 200-42] -- Implementing module 'run_dwconv_Pipeline_VITIS_LOOP_89_8_VITIS_LOOP_90_9191' 
INFO: [HLS 200-10] ----------------------------------------------------------------
INFO: [SCHED 204-11] Starting scheduling ...
INFO: [HLS 200-486] Changing DSP latency (root=acc_387) to 3 in order to utilize available DSP registers.
INFO: [SCHED 204-61] Pipelining loop 'VITIS_LOOP_89_8_VITIS_LOOP_90_9'.
INFO: [HLS 200-1470] Pipelining result : Target II = NA, Final II = 1, Depth = 7, loop 'VITIS_LOOP_89_8_VITIS_LOOP_90_9'
INFO: [SCHED 204-11] Finished scheduling.
INFO: [HLS 200-111] Finished Scheduling: CPU user time: 0 seconds. CPU system time: 0 seconds. Elapsed time: 0.367 seconds; current allocated memory: 8.118 GB.
INFO: [BIND 205-100] Starting micro-architecture generation ...
INFO: [BIND 205-101] Performing variable lifetime analysis.
INFO: [BIND 205-101] Exploring resource sharing.
INFO: [BIND 205-101] Binding ...
INFO: [BIND 205-100] Finished micro-architecture generation.
INFO: [HLS 200-111] Finished Binding: CPU user time: 1 seconds. CPU system time: 0 seconds. Elapsed time: 0.192 seconds; current allocated memory: 8.118 GB.
INFO: [HLS 200-10] ----------------------------------------------------------------
INFO: [HLS 200-42] -- Implementing module 'run_dwconv_Pipeline_VITIS_LOOP_89_8_VITIS_LOOP_90_9192' 
INFO: [HLS 200-10] ----------------------------------------------------------------
INFO: [SCHED 204-11] Starting scheduling ...
INFO: [HLS 200-486] Changing DSP latency (root=acc_385) to 3 in order to utilize available DSP registers.
INFO: [SCHED 204-61] Pipelining loop 'VITIS_LOOP_89_8_VITIS_LOOP_90_9'.
INFO: [HLS 200-1470] Pipelining result : Target II = NA, Final II = 1, Depth = 8, loop 'VITIS_LOOP_89_8_VITIS_LOOP_90_9'
INFO: [SCHED 204-11] Finished scheduling.
INFO: [HLS 200-111] Finished Scheduling: CPU user time: 0 seconds. CPU system time: 0 seconds. Elapsed time: 0.373 seconds; current allocated memory: 8.118 GB.
INFO: [BIND 205-100] Starting micro-architecture generation ...
INFO: [BIND 205-101] Performing variable lifetime analysis.
INFO: [BIND 205-101] Exploring resource sharing.
INFO: [BIND 205-101] Binding ...
INFO: [BIND 205-100] Finished micro-architecture generation.
INFO: [HLS 200-111] Finished Binding: CPU user time: 0 seconds. CPU system time: 0 seconds. Elapsed time: 0.192 seconds; current allocated memory: 8.118 GB.
INFO: [HLS 200-10] ----------------------------------------------------------------
INFO: [HLS 200-42] -- Implementing module 'run_dwconv_Pipeline_VITIS_LOOP_89_8_VITIS_LOOP_90_9193' 
INFO: [HLS 200-10] ----------------------------------------------------------------
INFO: [SCHED 204-11] Starting scheduling ...
INFO: [HLS 200-486] Changing DSP latency (root=acc_383) to 3 in order to utilize available DSP registers.
INFO: [SCHED 204-61] Pipelining loop 'VITIS_LOOP_89_8_VITIS_LOOP_90_9'.
INFO: [HLS 200-1470] Pipelining result : Target II = NA, Final II = 1, Depth = 8, loop 'VITIS_LOOP_89_8_VITIS_LOOP_90_9'
INFO: [SCHED 204-11] Finished scheduling.
INFO: [HLS 200-111] Finished Scheduling: CPU user time: 0 seconds. CPU system time: 0 seconds. Elapsed time: 0.371 seconds; current allocated memory: 8.118 GB.
INFO: [BIND 205-100] Starting micro-architecture generation ...
INFO: [BIND 205-101] Performing variable lifetime analysis.
INFO: [BIND 205-101] Exploring resource sharing.
INFO: [BIND 205-101] Binding ...
INFO: [BIND 205-100] Finished micro-architecture generation.
INFO: [HLS 200-111] Finished Binding: CPU user time: 1 seconds. CPU system time: 0 seconds. Elapsed time: 0.196 seconds; current allocated memory: 8.118 GB.
INFO: [HLS 200-10] ----------------------------------------------------------------
INFO: [HLS 200-42] -- Implementing module 'run_dwconv_Pipeline_VITIS_LOOP_89_8_VITIS_LOOP_90_9194' 
INFO: [HLS 200-10] ----------------------------------------------------------------
INFO: [SCHED 204-11] Starting scheduling ...
INFO: [HLS 200-486] Changing DSP latency (root=acc_381) to 3 in order to utilize available DSP registers.
INFO: [SCHED 204-61] Pipelining loop 'VITIS_LOOP_89_8_VITIS_LOOP_90_9'.
INFO: [HLS 200-1470] Pipelining result : Target II = NA, Final II = 1, Depth = 8, loop 'VITIS_LOOP_89_8_VITIS_LOOP_90_9'
INFO: [SCHED 204-11] Finished scheduling.
INFO: [HLS 200-111] Finished Scheduling: CPU user time: 0 seconds. CPU system time: 0 seconds. Elapsed time: 0.373 seconds; current allocated memory: 8.118 GB.
INFO: [BIND 205-100] Starting micro-architecture generation ...
INFO: [BIND 205-101] Performing variable lifetime analysis.
INFO: [BIND 205-101] Exploring resource sharing.
INFO: [BIND 205-101] Binding ...
INFO: [BIND 205-100] Finished micro-architecture generation.
INFO: [HLS 200-111] Finished Binding: CPU user time: 0 seconds. CPU system time: 0 seconds. Elapsed time: 0.191 seconds; current allocated memory: 8.118 GB.
INFO: [HLS 200-10] ----------------------------------------------------------------
INFO: [HLS 200-42] -- Implementing module 'run_dwconv_Pipeline_VITIS_LOOP_89_8_VITIS_LOOP_90_9195' 
INFO: [HLS 200-10] ----------------------------------------------------------------
INFO: [SCHED 204-11] Starting scheduling ...
INFO: [HLS 200-486] Changing DSP latency (root=acc_379) to 3 in order to utilize available DSP registers.
INFO: [SCHED 204-61] Pipelining loop 'VITIS_LOOP_89_8_VITIS_LOOP_90_9'.
INFO: [HLS 200-1470] Pipelining result : Target II = NA, Final II = 1, Depth = 8, loop 'VITIS_LOOP_89_8_VITIS_LOOP_90_9'
INFO: [SCHED 204-11] Finished scheduling.
INFO: [HLS 200-111] Finished Scheduling: CPU user time: 0 seconds. CPU system time: 0 seconds. Elapsed time: 0.375 seconds; current allocated memory: 8.118 GB.
INFO: [BIND 205-100] Starting micro-architecture generation ...
INFO: [BIND 205-101] Performing variable lifetime analysis.
INFO: [BIND 205-101] Exploring resource sharing.
INFO: [BIND 205-101] Binding ...
INFO: [BIND 205-100] Finished micro-architecture generation.
INFO: [HLS 200-111] Finished Binding: CPU user time: 1 seconds. CPU system time: 0 seconds. Elapsed time: 0.193 seconds; current allocated memory: 8.118 GB.
INFO: [HLS 200-10] ----------------------------------------------------------------
INFO: [HLS 200-42] -- Implementing module 'run_dwconv_Pipeline_VITIS_LOOP_89_8_VITIS_LOOP_90_9196' 
INFO: [HLS 200-10] ----------------------------------------------------------------
INFO: [SCHED 204-11] Starting scheduling ...
INFO: [HLS 200-486] Changing DSP latency (root=acc_377) to 3 in order to utilize available DSP registers.
INFO: [SCHED 204-61] Pipelining loop 'VITIS_LOOP_89_8_VITIS_LOOP_90_9'.
INFO: [HLS 200-1470] Pipelining result : Target II = NA, Final II = 1, Depth = 8, loop 'VITIS_LOOP_89_8_VITIS_LOOP_90_9'
INFO: [SCHED 204-11] Finished scheduling.
INFO: [HLS 200-111] Finished Scheduling: CPU user time: 0 seconds. CPU system time: 0 seconds. Elapsed time: 0.382 seconds; current allocated memory: 8.118 GB.
INFO: [BIND 205-100] Starting micro-architecture generation ...
INFO: [BIND 205-101] Performing variable lifetime analysis.
INFO: [BIND 205-101] Exploring resource sharing.
INFO: [BIND 205-101] Binding ...
INFO: [BIND 205-100] Finished micro-architecture generation.
INFO: [HLS 200-111] Finished Binding: CPU user time: 0 seconds. CPU system time: 0 seconds. Elapsed time: 0.185 seconds; current allocated memory: 8.118 GB.
INFO: [HLS 200-10] ----------------------------------------------------------------
INFO: [HLS 200-42] -- Implementing module 'run_dwconv_Pipeline_VITIS_LOOP_89_8_VITIS_LOOP_90_9197' 
INFO: [HLS 200-10] ----------------------------------------------------------------
INFO: [SCHED 204-11] Starting scheduling ...
INFO: [HLS 200-486] Changing DSP latency (root=acc_375) to 3 in order to utilize available DSP registers.
INFO: [SCHED 204-61] Pipelining loop 'VITIS_LOOP_89_8_VITIS_LOOP_90_9'.
INFO: [HLS 200-1470] Pipelining result : Target II = NA, Final II = 1, Depth = 8, loop 'VITIS_LOOP_89_8_VITIS_LOOP_90_9'
INFO: [SCHED 204-11] Finished scheduling.
INFO: [HLS 200-111] Finished Scheduling: CPU user time: 0 seconds. CPU system time: 0 seconds. Elapsed time: 0.384 seconds; current allocated memory: 8.118 GB.
INFO: [BIND 205-100] Starting micro-architecture generation ...
INFO: [BIND 205-101] Performing variable lifetime analysis.
INFO: [BIND 205-101] Exploring resource sharing.
INFO: [BIND 205-101] Binding ...
INFO: [BIND 205-100] Finished micro-architecture generation.
INFO: [HLS 200-111] Finished Binding: CPU user time: 1 seconds. CPU system time: 0 seconds. Elapsed time: 0.202 seconds; current allocated memory: 8.118 GB.
INFO: [HLS 200-10] ----------------------------------------------------------------
INFO: [HLS 200-42] -- Implementing module 'run_dwconv_Pipeline_VITIS_LOOP_89_8_VITIS_LOOP_90_9198' 
INFO: [HLS 200-10] ----------------------------------------------------------------
INFO: [SCHED 204-11] Starting scheduling ...
INFO: [HLS 200-486] Changing DSP latency (root=acc_373) to 3 in order to utilize available DSP registers.
INFO: [SCHED 204-61] Pipelining loop 'VITIS_LOOP_89_8_VITIS_LOOP_90_9'.
INFO: [HLS 200-1470] Pipelining result : Target II = NA, Final II = 1, Depth = 8, loop 'VITIS_LOOP_89_8_VITIS_LOOP_90_9'
INFO: [SCHED 204-11] Finished scheduling.
INFO: [HLS 200-111] Finished Scheduling: CPU user time: 0 seconds. CPU system time: 0 seconds. Elapsed time: 0.391 seconds; current allocated memory: 8.118 GB.
INFO: [BIND 205-100] Starting micro-architecture generation ...
INFO: [BIND 205-101] Performing variable lifetime analysis.
INFO: [BIND 205-101] Exploring resource sharing.
INFO: [BIND 205-101] Binding ...
INFO: [BIND 205-100] Finished micro-architecture generation.
INFO: [HLS 200-111] Finished Binding: CPU user time: 0 seconds. CPU system time: 0 seconds. Elapsed time: 0.196 seconds; current allocated memory: 8.118 GB.
INFO: [HLS 200-10] ----------------------------------------------------------------
INFO: [HLS 200-42] -- Implementing module 'run_dwconv_Pipeline_VITIS_LOOP_89_8_VITIS_LOOP_90_9199' 
INFO: [HLS 200-10] ----------------------------------------------------------------
INFO: [SCHED 204-11] Starting scheduling ...
INFO: [HLS 200-486] Changing DSP latency (root=acc_371) to 3 in order to utilize available DSP registers.
INFO: [SCHED 204-61] Pipelining loop 'VITIS_LOOP_89_8_VITIS_LOOP_90_9'.
INFO: [HLS 200-1470] Pipelining result : Target II = NA, Final II = 1, Depth = 7, loop 'VITIS_LOOP_89_8_VITIS_LOOP_90_9'
INFO: [SCHED 204-11] Finished scheduling.
INFO: [HLS 200-111] Finished Scheduling: CPU user time: 0 seconds. CPU system time: 0 seconds. Elapsed time: 0.38 seconds; current allocated memory: 8.118 GB.
INFO: [BIND 205-100] Starting micro-architecture generation ...
INFO: [BIND 205-101] Performing variable lifetime analysis.
INFO: [BIND 205-101] Exploring resource sharing.
INFO: [BIND 205-101] Binding ...
INFO: [BIND 205-100] Finished micro-architecture generation.
INFO: [HLS 200-111] Finished Binding: CPU user time: 1 seconds. CPU system time: 0 seconds. Elapsed time: 0.196 seconds; current allocated memory: 8.118 GB.
INFO: [HLS 200-10] ----------------------------------------------------------------
INFO: [HLS 200-42] -- Implementing module 'run_dwconv_Pipeline_VITIS_LOOP_89_8_VITIS_LOOP_90_9200' 
INFO: [HLS 200-10] ----------------------------------------------------------------
INFO: [SCHED 204-11] Starting scheduling ...
INFO: [HLS 200-486] Changing DSP latency (root=acc_369) to 3 in order to utilize available DSP registers.
INFO: [SCHED 204-61] Pipelining loop 'VITIS_LOOP_89_8_VITIS_LOOP_90_9'.
INFO: [HLS 200-1470] Pipelining result : Target II = NA, Final II = 1, Depth = 8, loop 'VITIS_LOOP_89_8_VITIS_LOOP_90_9'
INFO: [SCHED 204-11] Finished scheduling.
INFO: [HLS 200-111] Finished Scheduling: CPU user time: 0 seconds. CPU system time: 0 seconds. Elapsed time: 0.379 seconds; current allocated memory: 8.118 GB.
INFO: [BIND 205-100] Starting micro-architecture generation ...
INFO: [BIND 205-101] Performing variable lifetime analysis.
INFO: [BIND 205-101] Exploring resource sharing.
INFO: [BIND 205-101] Binding ...
INFO: [BIND 205-100] Finished micro-architecture generation.
INFO: [HLS 200-111] Finished Binding: CPU user time: 0 seconds. CPU system time: 0 seconds. Elapsed time: 0.198 seconds; current allocated memory: 8.118 GB.
INFO: [HLS 200-10] ----------------------------------------------------------------
INFO: [HLS 200-42] -- Implementing module 'run_dwconv_Pipeline_VITIS_LOOP_89_8_VITIS_LOOP_90_9201' 
INFO: [HLS 200-10] ----------------------------------------------------------------
INFO: [SCHED 204-11] Starting scheduling ...
INFO: [HLS 200-486] Changing DSP latency (root=acc_367) to 3 in order to utilize available DSP registers.
INFO: [SCHED 204-61] Pipelining loop 'VITIS_LOOP_89_8_VITIS_LOOP_90_9'.
INFO: [HLS 200-1470] Pipelining result : Target II = NA, Final II = 1, Depth = 8, loop 'VITIS_LOOP_89_8_VITIS_LOOP_90_9'
INFO: [SCHED 204-11] Finished scheduling.
INFO: [HLS 200-111] Finished Scheduling: CPU user time: 1 seconds. CPU system time: 0 seconds. Elapsed time: 0.388 seconds; current allocated memory: 8.118 GB.
INFO: [BIND 205-100] Starting micro-architecture generation ...
INFO: [BIND 205-101] Performing variable lifetime analysis.
INFO: [BIND 205-101] Exploring resource sharing.
INFO: [BIND 205-101] Binding ...
INFO: [BIND 205-100] Finished micro-architecture generation.
INFO: [HLS 200-111] Finished Binding: CPU user time: 0 seconds. CPU system time: 0 seconds. Elapsed time: 0.2 seconds; current allocated memory: 8.118 GB.
INFO: [HLS 200-10] ----------------------------------------------------------------
INFO: [HLS 200-42] -- Implementing module 'run_dwconv_Pipeline_VITIS_LOOP_89_8_VITIS_LOOP_90_9202' 
INFO: [HLS 200-10] ----------------------------------------------------------------
INFO: [SCHED 204-11] Starting scheduling ...
INFO: [HLS 200-486] Changing DSP latency (root=acc_365) to 3 in order to utilize available DSP registers.
INFO: [SCHED 204-61] Pipelining loop 'VITIS_LOOP_89_8_VITIS_LOOP_90_9'.
INFO: [HLS 200-1470] Pipelining result : Target II = NA, Final II = 1, Depth = 8, loop 'VITIS_LOOP_89_8_VITIS_LOOP_90_9'
INFO: [SCHED 204-11] Finished scheduling.
INFO: [HLS 200-111] Finished Scheduling: CPU user time: 0 seconds. CPU system time: 0 seconds. Elapsed time: 0.399 seconds; current allocated memory: 8.118 GB.
INFO: [BIND 205-100] Starting micro-architecture generation ...
INFO: [BIND 205-101] Performing variable lifetime analysis.
INFO: [BIND 205-101] Exploring resource sharing.
INFO: [BIND 205-101] Binding ...
INFO: [BIND 205-100] Finished micro-architecture generation.
INFO: [HLS 200-111] Finished Binding: CPU user time: 0 seconds. CPU system time: 0 seconds. Elapsed time: 0.197 seconds; current allocated memory: 8.118 GB.
INFO: [HLS 200-10] ----------------------------------------------------------------
INFO: [HLS 200-42] -- Implementing module 'run_dwconv_Pipeline_VITIS_LOOP_89_8_VITIS_LOOP_90_9203' 
INFO: [HLS 200-10] ----------------------------------------------------------------
INFO: [SCHED 204-11] Starting scheduling ...
INFO: [HLS 200-486] Changing DSP latency (root=acc_363) to 3 in order to utilize available DSP registers.
INFO: [SCHED 204-61] Pipelining loop 'VITIS_LOOP_89_8_VITIS_LOOP_90_9'.
INFO: [HLS 200-1470] Pipelining result : Target II = NA, Final II = 1, Depth = 8, loop 'VITIS_LOOP_89_8_VITIS_LOOP_90_9'
INFO: [SCHED 204-11] Finished scheduling.
INFO: [HLS 200-111] Finished Scheduling: CPU user time: 0 seconds. CPU system time: 0 seconds. Elapsed time: 0.39 seconds; current allocated memory: 8.118 GB.
INFO: [BIND 205-100] Starting micro-architecture generation ...
INFO: [BIND 205-101] Performing variable lifetime analysis.
INFO: [BIND 205-101] Exploring resource sharing.
INFO: [BIND 205-101] Binding ...
INFO: [BIND 205-100] Finished micro-architecture generation.
INFO: [HLS 200-111] Finished Binding: CPU user time: 1 seconds. CPU system time: 0 seconds. Elapsed time: 0.199 seconds; current allocated memory: 8.118 GB.
INFO: [HLS 200-10] ----------------------------------------------------------------
INFO: [HLS 200-42] -- Implementing module 'run_dwconv_Pipeline_VITIS_LOOP_89_8_VITIS_LOOP_90_9204' 
INFO: [HLS 200-10] ----------------------------------------------------------------
INFO: [SCHED 204-11] Starting scheduling ...
INFO: [HLS 200-486] Changing DSP latency (root=acc_361) to 3 in order to utilize available DSP registers.
INFO: [SCHED 204-61] Pipelining loop 'VITIS_LOOP_89_8_VITIS_LOOP_90_9'.
INFO: [HLS 200-1470] Pipelining result : Target II = NA, Final II = 1, Depth = 8, loop 'VITIS_LOOP_89_8_VITIS_LOOP_90_9'
INFO: [SCHED 204-11] Finished scheduling.
INFO: [HLS 200-111] Finished Scheduling: CPU user time: 0 seconds. CPU system time: 0 seconds. Elapsed time: 0.39 seconds; current allocated memory: 8.118 GB.
INFO: [BIND 205-100] Starting micro-architecture generation ...
INFO: [BIND 205-101] Performing variable lifetime analysis.
INFO: [BIND 205-101] Exploring resource sharing.
INFO: [BIND 205-101] Binding ...
INFO: [BIND 205-100] Finished micro-architecture generation.
INFO: [HLS 200-111] Finished Binding: CPU user time: 0 seconds. CPU system time: 0 seconds. Elapsed time: 0.198 seconds; current allocated memory: 8.118 GB.
INFO: [HLS 200-10] ----------------------------------------------------------------
INFO: [HLS 200-42] -- Implementing module 'run_dwconv_Pipeline_VITIS_LOOP_89_8_VITIS_LOOP_90_9205' 
INFO: [HLS 200-10] ----------------------------------------------------------------
INFO: [SCHED 204-11] Starting scheduling ...
INFO: [HLS 200-486] Changing DSP latency (root=acc_359) to 3 in order to utilize available DSP registers.
INFO: [SCHED 204-61] Pipelining loop 'VITIS_LOOP_89_8_VITIS_LOOP_90_9'.
INFO: [HLS 200-1470] Pipelining result : Target II = NA, Final II = 1, Depth = 8, loop 'VITIS_LOOP_89_8_VITIS_LOOP_90_9'
INFO: [SCHED 204-11] Finished scheduling.
INFO: [HLS 200-111] Finished Scheduling: CPU user time: 0 seconds. CPU system time: 1 seconds. Elapsed time: 0.401 seconds; current allocated memory: 8.118 GB.
INFO: [BIND 205-100] Starting micro-architecture generation ...
INFO: [BIND 205-101] Performing variable lifetime analysis.
INFO: [BIND 205-101] Exploring resource sharing.
INFO: [BIND 205-101] Binding ...
INFO: [BIND 205-100] Finished micro-architecture generation.
INFO: [HLS 200-111] Finished Binding: CPU user time: 0 seconds. CPU system time: 0 seconds. Elapsed time: 0.207 seconds; current allocated memory: 8.118 GB.
INFO: [HLS 200-10] ----------------------------------------------------------------
INFO: [HLS 200-42] -- Implementing module 'run_dwconv_Pipeline_VITIS_LOOP_89_8_VITIS_LOOP_90_9206' 
INFO: [HLS 200-10] ----------------------------------------------------------------
INFO: [SCHED 204-11] Starting scheduling ...
INFO: [HLS 200-486] Changing DSP latency (root=acc_357) to 3 in order to utilize available DSP registers.
INFO: [SCHED 204-61] Pipelining loop 'VITIS_LOOP_89_8_VITIS_LOOP_90_9'.
INFO: [HLS 200-1470] Pipelining result : Target II = NA, Final II = 1, Depth = 8, loop 'VITIS_LOOP_89_8_VITIS_LOOP_90_9'
INFO: [SCHED 204-11] Finished scheduling.
INFO: [HLS 200-111] Finished Scheduling: CPU user time: 1 seconds. CPU system time: 0 seconds. Elapsed time: 0.405 seconds; current allocated memory: 8.118 GB.
INFO: [BIND 205-100] Starting micro-architecture generation ...
INFO: [BIND 205-101] Performing variable lifetime analysis.
INFO: [BIND 205-101] Exploring resource sharing.
INFO: [BIND 205-101] Binding ...
INFO: [BIND 205-100] Finished micro-architecture generation.
INFO: [HLS 200-111] Finished Binding: CPU user time: 0 seconds. CPU system time: 0 seconds. Elapsed time: 0.202 seconds; current allocated memory: 8.118 GB.
INFO: [HLS 200-10] ----------------------------------------------------------------
INFO: [HLS 200-42] -- Implementing module 'run_dwconv_Pipeline_VITIS_LOOP_89_8_VITIS_LOOP_90_9207' 
INFO: [HLS 200-10] ----------------------------------------------------------------
INFO: [SCHED 204-11] Starting scheduling ...
INFO: [HLS 200-486] Changing DSP latency (root=acc_355) to 3 in order to utilize available DSP registers.
INFO: [SCHED 204-61] Pipelining loop 'VITIS_LOOP_89_8_VITIS_LOOP_90_9'.
INFO: [HLS 200-1470] Pipelining result : Target II = NA, Final II = 1, Depth = 7, loop 'VITIS_LOOP_89_8_VITIS_LOOP_90_9'
INFO: [SCHED 204-11] Finished scheduling.
INFO: [HLS 200-111] Finished Scheduling: CPU user time: 0 seconds. CPU system time: 0 seconds. Elapsed time: 0.39 seconds; current allocated memory: 8.118 GB.
INFO: [BIND 205-100] Starting micro-architecture generation ...
INFO: [BIND 205-101] Performing variable lifetime analysis.
INFO: [BIND 205-101] Exploring resource sharing.
INFO: [BIND 205-101] Binding ...
INFO: [BIND 205-100] Finished micro-architecture generation.
INFO: [HLS 200-111] Finished Binding: CPU user time: 0 seconds. CPU system time: 0 seconds. Elapsed time: 0.2 seconds; current allocated memory: 8.118 GB.
INFO: [HLS 200-10] ----------------------------------------------------------------
INFO: [HLS 200-42] -- Implementing module 'run_dwconv_Pipeline_VITIS_LOOP_89_8_VITIS_LOOP_90_9208' 
INFO: [HLS 200-10] ----------------------------------------------------------------
INFO: [SCHED 204-11] Starting scheduling ...
INFO: [HLS 200-486] Changing DSP latency (root=acc_353) to 3 in order to utilize available DSP registers.
INFO: [SCHED 204-61] Pipelining loop 'VITIS_LOOP_89_8_VITIS_LOOP_90_9'.
INFO: [HLS 200-1470] Pipelining result : Target II = NA, Final II = 1, Depth = 8, loop 'VITIS_LOOP_89_8_VITIS_LOOP_90_9'
INFO: [SCHED 204-11] Finished scheduling.
INFO: [HLS 200-111] Finished Scheduling: CPU user time: 1 seconds. CPU system time: 0 seconds. Elapsed time: 0.396 seconds; current allocated memory: 8.118 GB.
INFO: [BIND 205-100] Starting micro-architecture generation ...
INFO: [BIND 205-101] Performing variable lifetime analysis.
INFO: [BIND 205-101] Exploring resource sharing.
INFO: [BIND 205-101] Binding ...
INFO: [BIND 205-100] Finished micro-architecture generation.
INFO: [HLS 200-111] Finished Binding: CPU user time: 0 seconds. CPU system time: 0 seconds. Elapsed time: 0.196 seconds; current allocated memory: 8.118 GB.
INFO: [HLS 200-10] ----------------------------------------------------------------
INFO: [HLS 200-42] -- Implementing module 'run_dwconv_Pipeline_VITIS_LOOP_89_8_VITIS_LOOP_90_9209' 
INFO: [HLS 200-10] ----------------------------------------------------------------
INFO: [SCHED 204-11] Starting scheduling ...
INFO: [HLS 200-486] Changing DSP latency (root=acc_351) to 3 in order to utilize available DSP registers.
INFO: [SCHED 204-61] Pipelining loop 'VITIS_LOOP_89_8_VITIS_LOOP_90_9'.
INFO: [HLS 200-1470] Pipelining result : Target II = NA, Final II = 1, Depth = 8, loop 'VITIS_LOOP_89_8_VITIS_LOOP_90_9'
INFO: [SCHED 204-11] Finished scheduling.
INFO: [HLS 200-111] Finished Scheduling: CPU user time: 0 seconds. CPU system time: 0 seconds. Elapsed time: 0.389 seconds; current allocated memory: 8.118 GB.
INFO: [BIND 205-100] Starting micro-architecture generation ...
INFO: [BIND 205-101] Performing variable lifetime analysis.
INFO: [BIND 205-101] Exploring resource sharing.
INFO: [BIND 205-101] Binding ...
INFO: [BIND 205-100] Finished micro-architecture generation.
INFO: [HLS 200-111] Finished Binding: CPU user time: 0 seconds. CPU system time: 0 seconds. Elapsed time: 0.192 seconds; current allocated memory: 8.118 GB.
INFO: [HLS 200-10] ----------------------------------------------------------------
INFO: [HLS 200-42] -- Implementing module 'run_dwconv_Pipeline_VITIS_LOOP_89_8_VITIS_LOOP_90_9210' 
INFO: [HLS 200-10] ----------------------------------------------------------------
INFO: [SCHED 204-11] Starting scheduling ...
INFO: [HLS 200-486] Changing DSP latency (root=acc_349) to 3 in order to utilize available DSP registers.
INFO: [SCHED 204-61] Pipelining loop 'VITIS_LOOP_89_8_VITIS_LOOP_90_9'.
INFO: [HLS 200-1470] Pipelining result : Target II = NA, Final II = 1, Depth = 8, loop 'VITIS_LOOP_89_8_VITIS_LOOP_90_9'
INFO: [SCHED 204-11] Finished scheduling.
INFO: [HLS 200-111] Finished Scheduling: CPU user time: 1 seconds. CPU system time: 0 seconds. Elapsed time: 0.392 seconds; current allocated memory: 8.118 GB.
INFO: [BIND 205-100] Starting micro-architecture generation ...
INFO: [BIND 205-101] Performing variable lifetime analysis.
INFO: [BIND 205-101] Exploring resource sharing.
INFO: [BIND 205-101] Binding ...
INFO: [BIND 205-100] Finished micro-architecture generation.
INFO: [HLS 200-111] Finished Binding: CPU user time: 0 seconds. CPU system time: 0 seconds. Elapsed time: 0.205 seconds; current allocated memory: 8.118 GB.
INFO: [HLS 200-10] ----------------------------------------------------------------
INFO: [HLS 200-42] -- Implementing module 'run_dwconv_Pipeline_VITIS_LOOP_89_8_VITIS_LOOP_90_9211' 
INFO: [HLS 200-10] ----------------------------------------------------------------
INFO: [SCHED 204-11] Starting scheduling ...
INFO: [HLS 200-486] Changing DSP latency (root=acc_347) to 3 in order to utilize available DSP registers.
INFO: [SCHED 204-61] Pipelining loop 'VITIS_LOOP_89_8_VITIS_LOOP_90_9'.
INFO: [HLS 200-1470] Pipelining result : Target II = NA, Final II = 1, Depth = 8, loop 'VITIS_LOOP_89_8_VITIS_LOOP_90_9'
INFO: [SCHED 204-11] Finished scheduling.
INFO: [HLS 200-111] Finished Scheduling: CPU user time: 0 seconds. CPU system time: 0 seconds. Elapsed time: 0.391 seconds; current allocated memory: 8.118 GB.
INFO: [BIND 205-100] Starting micro-architecture generation ...
INFO: [BIND 205-101] Performing variable lifetime analysis.
INFO: [BIND 205-101] Exploring resource sharing.
INFO: [BIND 205-101] Binding ...
INFO: [BIND 205-100] Finished micro-architecture generation.
INFO: [HLS 200-111] Finished Binding: CPU user time: 0 seconds. CPU system time: 0 seconds. Elapsed time: 0.191 seconds; current allocated memory: 8.118 GB.
INFO: [HLS 200-10] ----------------------------------------------------------------
INFO: [HLS 200-42] -- Implementing module 'run_dwconv_Pipeline_VITIS_LOOP_89_8_VITIS_LOOP_90_9212' 
INFO: [HLS 200-10] ----------------------------------------------------------------
INFO: [SCHED 204-11] Starting scheduling ...
INFO: [HLS 200-486] Changing DSP latency (root=acc_345) to 3 in order to utilize available DSP registers.
INFO: [SCHED 204-61] Pipelining loop 'VITIS_LOOP_89_8_VITIS_LOOP_90_9'.
INFO: [HLS 200-1470] Pipelining result : Target II = NA, Final II = 1, Depth = 8, loop 'VITIS_LOOP_89_8_VITIS_LOOP_90_9'
INFO: [SCHED 204-11] Finished scheduling.
INFO: [HLS 200-111] Finished Scheduling: CPU user time: 1 seconds. CPU system time: 0 seconds. Elapsed time: 0.396 seconds; current allocated memory: 8.118 GB.
INFO: [BIND 205-100] Starting micro-architecture generation ...
INFO: [BIND 205-101] Performing variable lifetime analysis.
INFO: [BIND 205-101] Exploring resource sharing.
INFO: [BIND 205-101] Binding ...
INFO: [BIND 205-100] Finished micro-architecture generation.
INFO: [HLS 200-111] Finished Binding: CPU user time: 0 seconds. CPU system time: 0 seconds. Elapsed time: 0.2 seconds; current allocated memory: 8.118 GB.
INFO: [HLS 200-10] ----------------------------------------------------------------
INFO: [HLS 200-42] -- Implementing module 'run_dwconv_Pipeline_VITIS_LOOP_89_8_VITIS_LOOP_90_9213' 
INFO: [HLS 200-10] ----------------------------------------------------------------
INFO: [SCHED 204-11] Starting scheduling ...
INFO: [HLS 200-486] Changing DSP latency (root=acc_343) to 3 in order to utilize available DSP registers.
INFO: [SCHED 204-61] Pipelining loop 'VITIS_LOOP_89_8_VITIS_LOOP_90_9'.
INFO: [HLS 200-1470] Pipelining result : Target II = NA, Final II = 1, Depth = 8, loop 'VITIS_LOOP_89_8_VITIS_LOOP_90_9'
INFO: [SCHED 204-11] Finished scheduling.
INFO: [HLS 200-111] Finished Scheduling: CPU user time: 0 seconds. CPU system time: 0 seconds. Elapsed time: 0.399 seconds; current allocated memory: 8.118 GB.
INFO: [BIND 205-100] Starting micro-architecture generation ...
INFO: [BIND 205-101] Performing variable lifetime analysis.
INFO: [BIND 205-101] Exploring resource sharing.
INFO: [BIND 205-101] Binding ...
INFO: [BIND 205-100] Finished micro-architecture generation.
INFO: [HLS 200-111] Finished Binding: CPU user time: 1 seconds. CPU system time: 0 seconds. Elapsed time: 0.193 seconds; current allocated memory: 8.118 GB.
INFO: [HLS 200-10] ----------------------------------------------------------------
INFO: [HLS 200-42] -- Implementing module 'run_dwconv_Pipeline_VITIS_LOOP_89_8_VITIS_LOOP_90_9214' 
INFO: [HLS 200-10] ----------------------------------------------------------------
INFO: [SCHED 204-11] Starting scheduling ...
INFO: [HLS 200-486] Changing DSP latency (root=acc_341) to 3 in order to utilize available DSP registers.
INFO: [SCHED 204-61] Pipelining loop 'VITIS_LOOP_89_8_VITIS_LOOP_90_9'.
INFO: [HLS 200-1470] Pipelining result : Target II = NA, Final II = 1, Depth = 8, loop 'VITIS_LOOP_89_8_VITIS_LOOP_90_9'
INFO: [SCHED 204-11] Finished scheduling.
INFO: [HLS 200-111] Finished Scheduling: CPU user time: 0 seconds. CPU system time: 0 seconds. Elapsed time: 0.393 seconds; current allocated memory: 8.118 GB.
INFO: [BIND 205-100] Starting micro-architecture generation ...
INFO: [BIND 205-101] Performing variable lifetime analysis.
INFO: [BIND 205-101] Exploring resource sharing.
INFO: [BIND 205-101] Binding ...
INFO: [BIND 205-100] Finished micro-architecture generation.
INFO: [HLS 200-111] Finished Binding: CPU user time: 0 seconds. CPU system time: 0 seconds. Elapsed time: 0.203 seconds; current allocated memory: 8.118 GB.
INFO: [HLS 200-10] ----------------------------------------------------------------
INFO: [HLS 200-42] -- Implementing module 'run_dwconv_Pipeline_VITIS_LOOP_89_8_VITIS_LOOP_90_9215' 
INFO: [HLS 200-10] ----------------------------------------------------------------
INFO: [SCHED 204-11] Starting scheduling ...
INFO: [HLS 200-486] Changing DSP latency (root=acc_339) to 3 in order to utilize available DSP registers.
INFO: [SCHED 204-61] Pipelining loop 'VITIS_LOOP_89_8_VITIS_LOOP_90_9'.
INFO: [HLS 200-1470] Pipelining result : Target II = NA, Final II = 1, Depth = 7, loop 'VITIS_LOOP_89_8_VITIS_LOOP_90_9'
INFO: [SCHED 204-11] Finished scheduling.
INFO: [HLS 200-111] Finished Scheduling: CPU user time: 0 seconds. CPU system time: 0 seconds. Elapsed time: 0.393 seconds; current allocated memory: 8.118 GB.
INFO: [BIND 205-100] Starting micro-architecture generation ...
INFO: [BIND 205-101] Performing variable lifetime analysis.
INFO: [BIND 205-101] Exploring resource sharing.
INFO: [BIND 205-101] Binding ...
INFO: [BIND 205-100] Finished micro-architecture generation.
INFO: [HLS 200-111] Finished Binding: CPU user time: 1 seconds. CPU system time: 0 seconds. Elapsed time: 0.201 seconds; current allocated memory: 8.118 GB.
INFO: [HLS 200-10] ----------------------------------------------------------------
INFO: [HLS 200-42] -- Implementing module 'run_dwconv_Pipeline_VITIS_LOOP_89_8_VITIS_LOOP_90_9216' 
INFO: [HLS 200-10] ----------------------------------------------------------------
INFO: [SCHED 204-11] Starting scheduling ...
INFO: [HLS 200-486] Changing DSP latency (root=acc_337) to 3 in order to utilize available DSP registers.
INFO: [SCHED 204-61] Pipelining loop 'VITIS_LOOP_89_8_VITIS_LOOP_90_9'.
INFO: [HLS 200-1470] Pipelining result : Target II = NA, Final II = 1, Depth = 8, loop 'VITIS_LOOP_89_8_VITIS_LOOP_90_9'
INFO: [SCHED 204-11] Finished scheduling.
INFO: [HLS 200-111] Finished Scheduling: CPU user time: 0 seconds. CPU system time: 0 seconds. Elapsed time: 0.4 seconds; current allocated memory: 8.118 GB.
INFO: [BIND 205-100] Starting micro-architecture generation ...
INFO: [BIND 205-101] Performing variable lifetime analysis.
INFO: [BIND 205-101] Exploring resource sharing.
INFO: [BIND 205-101] Binding ...
INFO: [BIND 205-100] Finished micro-architecture generation.
INFO: [HLS 200-111] Finished Binding: CPU user time: 0 seconds. CPU system time: 0 seconds. Elapsed time: 0.201 seconds; current allocated memory: 8.118 GB.
INFO: [HLS 200-10] ----------------------------------------------------------------
INFO: [HLS 200-42] -- Implementing module 'run_dwconv_Pipeline_VITIS_LOOP_89_8_VITIS_LOOP_90_9217' 
INFO: [HLS 200-10] ----------------------------------------------------------------
INFO: [SCHED 204-11] Starting scheduling ...
INFO: [HLS 200-486] Changing DSP latency (root=acc_335) to 3 in order to utilize available DSP registers.
INFO: [SCHED 204-61] Pipelining loop 'VITIS_LOOP_89_8_VITIS_LOOP_90_9'.
INFO: [HLS 200-1470] Pipelining result : Target II = NA, Final II = 1, Depth = 8, loop 'VITIS_LOOP_89_8_VITIS_LOOP_90_9'
INFO: [SCHED 204-11] Finished scheduling.
INFO: [HLS 200-111] Finished Scheduling: CPU user time: 0 seconds. CPU system time: 0 seconds. Elapsed time: 0.395 seconds; current allocated memory: 8.118 GB.
INFO: [BIND 205-100] Starting micro-architecture generation ...
INFO: [BIND 205-101] Performing variable lifetime analysis.
INFO: [BIND 205-101] Exploring resource sharing.
INFO: [BIND 205-101] Binding ...
INFO: [BIND 205-100] Finished micro-architecture generation.
INFO: [HLS 200-111] Finished Binding: CPU user time: 1 seconds. CPU system time: 0 seconds. Elapsed time: 0.205 seconds; current allocated memory: 8.118 GB.
INFO: [HLS 200-10] ----------------------------------------------------------------
INFO: [HLS 200-42] -- Implementing module 'run_dwconv_Pipeline_VITIS_LOOP_89_8_VITIS_LOOP_90_9218' 
INFO: [HLS 200-10] ----------------------------------------------------------------
INFO: [SCHED 204-11] Starting scheduling ...
INFO: [HLS 200-486] Changing DSP latency (root=acc_333) to 3 in order to utilize available DSP registers.
INFO: [SCHED 204-61] Pipelining loop 'VITIS_LOOP_89_8_VITIS_LOOP_90_9'.
INFO: [HLS 200-1470] Pipelining result : Target II = NA, Final II = 1, Depth = 8, loop 'VITIS_LOOP_89_8_VITIS_LOOP_90_9'
INFO: [SCHED 204-11] Finished scheduling.
INFO: [HLS 200-111] Finished Scheduling: CPU user time: 0 seconds. CPU system time: 0 seconds. Elapsed time: 0.421 seconds; current allocated memory: 8.118 GB.
INFO: [BIND 205-100] Starting micro-architecture generation ...
INFO: [BIND 205-101] Performing variable lifetime analysis.
INFO: [BIND 205-101] Exploring resource sharing.
INFO: [BIND 205-101] Binding ...
INFO: [BIND 205-100] Finished micro-architecture generation.
INFO: [HLS 200-111] Finished Binding: CPU user time: 0 seconds. CPU system time: 0 seconds. Elapsed time: 0.195 seconds; current allocated memory: 8.118 GB.
INFO: [HLS 200-10] ----------------------------------------------------------------
INFO: [HLS 200-42] -- Implementing module 'run_dwconv_Pipeline_VITIS_LOOP_89_8_VITIS_LOOP_90_9219' 
INFO: [HLS 200-10] ----------------------------------------------------------------
INFO: [SCHED 204-11] Starting scheduling ...
INFO: [HLS 200-486] Changing DSP latency (root=acc_331) to 3 in order to utilize available DSP registers.
INFO: [SCHED 204-61] Pipelining loop 'VITIS_LOOP_89_8_VITIS_LOOP_90_9'.
INFO: [HLS 200-1470] Pipelining result : Target II = NA, Final II = 1, Depth = 8, loop 'VITIS_LOOP_89_8_VITIS_LOOP_90_9'
INFO: [SCHED 204-11] Finished scheduling.
INFO: [HLS 200-111] Finished Scheduling: CPU user time: 0 seconds. CPU system time: 0 seconds. Elapsed time: 0.402 seconds; current allocated memory: 8.118 GB.
INFO: [BIND 205-100] Starting micro-architecture generation ...
INFO: [BIND 205-101] Performing variable lifetime analysis.
INFO: [BIND 205-101] Exploring resource sharing.
INFO: [BIND 205-101] Binding ...
INFO: [BIND 205-100] Finished micro-architecture generation.
INFO: [HLS 200-111] Finished Binding: CPU user time: 1 seconds. CPU system time: 0 seconds. Elapsed time: 0.205 seconds; current allocated memory: 8.118 GB.
INFO: [HLS 200-10] ----------------------------------------------------------------
INFO: [HLS 200-42] -- Implementing module 'run_dwconv_Pipeline_VITIS_LOOP_89_8_VITIS_LOOP_90_9220' 
INFO: [HLS 200-10] ----------------------------------------------------------------
INFO: [SCHED 204-11] Starting scheduling ...
INFO: [HLS 200-486] Changing DSP latency (root=acc_329) to 3 in order to utilize available DSP registers.
INFO: [SCHED 204-61] Pipelining loop 'VITIS_LOOP_89_8_VITIS_LOOP_90_9'.
INFO: [HLS 200-1470] Pipelining result : Target II = NA, Final II = 1, Depth = 8, loop 'VITIS_LOOP_89_8_VITIS_LOOP_90_9'
INFO: [SCHED 204-11] Finished scheduling.
INFO: [HLS 200-111] Finished Scheduling: CPU user time: 0 seconds. CPU system time: 0 seconds. Elapsed time: 0.399 seconds; current allocated memory: 8.118 GB.
INFO: [BIND 205-100] Starting micro-architecture generation ...
INFO: [BIND 205-101] Performing variable lifetime analysis.
INFO: [BIND 205-101] Exploring resource sharing.
INFO: [BIND 205-101] Binding ...
INFO: [BIND 205-100] Finished micro-architecture generation.
INFO: [HLS 200-111] Finished Binding: CPU user time: 0 seconds. CPU system time: 0 seconds. Elapsed time: 0.204 seconds; current allocated memory: 8.118 GB.
INFO: [HLS 200-10] ----------------------------------------------------------------
INFO: [HLS 200-42] -- Implementing module 'run_dwconv_Pipeline_VITIS_LOOP_89_8_VITIS_LOOP_90_9221' 
INFO: [HLS 200-10] ----------------------------------------------------------------
INFO: [SCHED 204-11] Starting scheduling ...
INFO: [HLS 200-486] Changing DSP latency (root=acc_327) to 3 in order to utilize available DSP registers.
INFO: [SCHED 204-61] Pipelining loop 'VITIS_LOOP_89_8_VITIS_LOOP_90_9'.
INFO: [HLS 200-1470] Pipelining result : Target II = NA, Final II = 1, Depth = 8, loop 'VITIS_LOOP_89_8_VITIS_LOOP_90_9'
INFO: [SCHED 204-11] Finished scheduling.
INFO: [HLS 200-111] Finished Scheduling: CPU user time: 0 seconds. CPU system time: 0 seconds. Elapsed time: 0.407 seconds; current allocated memory: 8.118 GB.
INFO: [BIND 205-100] Starting micro-architecture generation ...
INFO: [BIND 205-101] Performing variable lifetime analysis.
INFO: [BIND 205-101] Exploring resource sharing.
INFO: [BIND 205-101] Binding ...
INFO: [BIND 205-100] Finished micro-architecture generation.
INFO: [HLS 200-111] Finished Binding: CPU user time: 0 seconds. CPU system time: 1 seconds. Elapsed time: 0.206 seconds; current allocated memory: 8.118 GB.
INFO: [HLS 200-10] ----------------------------------------------------------------
INFO: [HLS 200-42] -- Implementing module 'run_dwconv_Pipeline_VITIS_LOOP_89_8_VITIS_LOOP_90_9222' 
INFO: [HLS 200-10] ----------------------------------------------------------------
INFO: [SCHED 204-11] Starting scheduling ...
INFO: [HLS 200-486] Changing DSP latency (root=acc_325) to 3 in order to utilize available DSP registers.
INFO: [SCHED 204-61] Pipelining loop 'VITIS_LOOP_89_8_VITIS_LOOP_90_9'.
INFO: [HLS 200-1470] Pipelining result : Target II = NA, Final II = 1, Depth = 8, loop 'VITIS_LOOP_89_8_VITIS_LOOP_90_9'
INFO: [SCHED 204-11] Finished scheduling.
INFO: [HLS 200-111] Finished Scheduling: CPU user time: 1 seconds. CPU system time: 0 seconds. Elapsed time: 0.397 seconds; current allocated memory: 8.118 GB.
INFO: [BIND 205-100] Starting micro-architecture generation ...
INFO: [BIND 205-101] Performing variable lifetime analysis.
INFO: [BIND 205-101] Exploring resource sharing.
INFO: [BIND 205-101] Binding ...
INFO: [BIND 205-100] Finished micro-architecture generation.
INFO: [HLS 200-111] Finished Binding: CPU user time: 0 seconds. CPU system time: 0 seconds. Elapsed time: 0.206 seconds; current allocated memory: 8.118 GB.
INFO: [HLS 200-10] ----------------------------------------------------------------
INFO: [HLS 200-42] -- Implementing module 'run_dwconv_Pipeline_VITIS_LOOP_89_8_VITIS_LOOP_90_9223' 
INFO: [HLS 200-10] ----------------------------------------------------------------
INFO: [SCHED 204-11] Starting scheduling ...
INFO: [HLS 200-486] Changing DSP latency (root=acc_323) to 3 in order to utilize available DSP registers.
INFO: [SCHED 204-61] Pipelining loop 'VITIS_LOOP_89_8_VITIS_LOOP_90_9'.
INFO: [HLS 200-1470] Pipelining result : Target II = NA, Final II = 1, Depth = 7, loop 'VITIS_LOOP_89_8_VITIS_LOOP_90_9'
INFO: [SCHED 204-11] Finished scheduling.
INFO: [HLS 200-111] Finished Scheduling: CPU user time: 0 seconds. CPU system time: 0 seconds. Elapsed time: 0.398 seconds; current allocated memory: 8.118 GB.
INFO: [BIND 205-100] Starting micro-architecture generation ...
INFO: [BIND 205-101] Performing variable lifetime analysis.
INFO: [BIND 205-101] Exploring resource sharing.
INFO: [BIND 205-101] Binding ...
INFO: [BIND 205-100] Finished micro-architecture generation.
INFO: [HLS 200-111] Finished Binding: CPU user time: 1 seconds. CPU system time: 0 seconds. Elapsed time: 0.214 seconds; current allocated memory: 8.118 GB.
INFO: [HLS 200-10] ----------------------------------------------------------------
INFO: [HLS 200-42] -- Implementing module 'run_dwconv_Pipeline_VITIS_LOOP_89_8_VITIS_LOOP_90_9224' 
INFO: [HLS 200-10] ----------------------------------------------------------------
INFO: [SCHED 204-11] Starting scheduling ...
INFO: [HLS 200-486] Changing DSP latency (root=acc_321) to 3 in order to utilize available DSP registers.
INFO: [SCHED 204-61] Pipelining loop 'VITIS_LOOP_89_8_VITIS_LOOP_90_9'.
INFO: [HLS 200-1470] Pipelining result : Target II = NA, Final II = 1, Depth = 8, loop 'VITIS_LOOP_89_8_VITIS_LOOP_90_9'
INFO: [SCHED 204-11] Finished scheduling.
INFO: [HLS 200-111] Finished Scheduling: CPU user time: 0 seconds. CPU system time: 0 seconds. Elapsed time: 0.411 seconds; current allocated memory: 8.118 GB.
INFO: [BIND 205-100] Starting micro-architecture generation ...
INFO: [BIND 205-101] Performing variable lifetime analysis.
INFO: [BIND 205-101] Exploring resource sharing.
INFO: [BIND 205-101] Binding ...
INFO: [BIND 205-100] Finished micro-architecture generation.
INFO: [HLS 200-111] Finished Binding: CPU user time: 0 seconds. CPU system time: 0 seconds. Elapsed time: 0.205 seconds; current allocated memory: 8.118 GB.
INFO: [HLS 200-10] ----------------------------------------------------------------
INFO: [HLS 200-42] -- Implementing module 'run_dwconv_Pipeline_VITIS_LOOP_89_8_VITIS_LOOP_90_9225' 
INFO: [HLS 200-10] ----------------------------------------------------------------
INFO: [SCHED 204-11] Starting scheduling ...
INFO: [HLS 200-486] Changing DSP latency (root=acc_319) to 3 in order to utilize available DSP registers.
INFO: [SCHED 204-61] Pipelining loop 'VITIS_LOOP_89_8_VITIS_LOOP_90_9'.
INFO: [HLS 200-1470] Pipelining result : Target II = NA, Final II = 1, Depth = 8, loop 'VITIS_LOOP_89_8_VITIS_LOOP_90_9'
INFO: [SCHED 204-11] Finished scheduling.
INFO: [HLS 200-111] Finished Scheduling: CPU user time: 1 seconds. CPU system time: 0 seconds. Elapsed time: 0.434 seconds; current allocated memory: 8.118 GB.
INFO: [BIND 205-100] Starting micro-architecture generation ...
INFO: [BIND 205-101] Performing variable lifetime analysis.
INFO: [BIND 205-101] Exploring resource sharing.
INFO: [BIND 205-101] Binding ...
INFO: [BIND 205-100] Finished micro-architecture generation.
INFO: [HLS 200-111] Finished Binding: CPU user time: 0 seconds. CPU system time: 0 seconds. Elapsed time: 0.207 seconds; current allocated memory: 8.118 GB.
INFO: [HLS 200-10] ----------------------------------------------------------------
INFO: [HLS 200-42] -- Implementing module 'run_dwconv_Pipeline_VITIS_LOOP_89_8_VITIS_LOOP_90_9226' 
INFO: [HLS 200-10] ----------------------------------------------------------------
INFO: [SCHED 204-11] Starting scheduling ...
INFO: [HLS 200-486] Changing DSP latency (root=acc_317) to 3 in order to utilize available DSP registers.
INFO: [SCHED 204-61] Pipelining loop 'VITIS_LOOP_89_8_VITIS_LOOP_90_9'.
INFO: [HLS 200-1470] Pipelining result : Target II = NA, Final II = 1, Depth = 8, loop 'VITIS_LOOP_89_8_VITIS_LOOP_90_9'
INFO: [SCHED 204-11] Finished scheduling.
INFO: [HLS 200-111] Finished Scheduling: CPU user time: 0 seconds. CPU system time: 0 seconds. Elapsed time: 0.408 seconds; current allocated memory: 8.118 GB.
INFO: [BIND 205-100] Starting micro-architecture generation ...
INFO: [BIND 205-101] Performing variable lifetime analysis.
INFO: [BIND 205-101] Exploring resource sharing.
INFO: [BIND 205-101] Binding ...
INFO: [BIND 205-100] Finished micro-architecture generation.
INFO: [HLS 200-111] Finished Binding: CPU user time: 0 seconds. CPU system time: 0 seconds. Elapsed time: 0.208 seconds; current allocated memory: 8.118 GB.
INFO: [HLS 200-10] ----------------------------------------------------------------
INFO: [HLS 200-42] -- Implementing module 'run_dwconv_Pipeline_VITIS_LOOP_89_8_VITIS_LOOP_90_9227' 
INFO: [HLS 200-10] ----------------------------------------------------------------
INFO: [SCHED 204-11] Starting scheduling ...
INFO: [HLS 200-486] Changing DSP latency (root=acc_315) to 3 in order to utilize available DSP registers.
INFO: [SCHED 204-61] Pipelining loop 'VITIS_LOOP_89_8_VITIS_LOOP_90_9'.
INFO: [HLS 200-1470] Pipelining result : Target II = NA, Final II = 1, Depth = 8, loop 'VITIS_LOOP_89_8_VITIS_LOOP_90_9'
INFO: [SCHED 204-11] Finished scheduling.
INFO: [HLS 200-111] Finished Scheduling: CPU user time: 0 seconds. CPU system time: 0 seconds. Elapsed time: 0.414 seconds; current allocated memory: 8.118 GB.
INFO: [BIND 205-100] Starting micro-architecture generation ...
INFO: [BIND 205-101] Performing variable lifetime analysis.
INFO: [BIND 205-101] Exploring resource sharing.
INFO: [BIND 205-101] Binding ...
INFO: [BIND 205-100] Finished micro-architecture generation.
INFO: [HLS 200-111] Finished Binding: CPU user time: 0 seconds. CPU system time: 0 seconds. Elapsed time: 0.216 seconds; current allocated memory: 8.118 GB.
INFO: [HLS 200-10] ----------------------------------------------------------------
INFO: [HLS 200-42] -- Implementing module 'run_dwconv_Pipeline_VITIS_LOOP_89_8_VITIS_LOOP_90_9228' 
INFO: [HLS 200-10] ----------------------------------------------------------------
INFO: [SCHED 204-11] Starting scheduling ...
INFO: [HLS 200-486] Changing DSP latency (root=acc_313) to 3 in order to utilize available DSP registers.
INFO: [SCHED 204-61] Pipelining loop 'VITIS_LOOP_89_8_VITIS_LOOP_90_9'.
INFO: [HLS 200-1470] Pipelining result : Target II = NA, Final II = 1, Depth = 8, loop 'VITIS_LOOP_89_8_VITIS_LOOP_90_9'
INFO: [SCHED 204-11] Finished scheduling.
INFO: [HLS 200-111] Finished Scheduling: CPU user time: 0 seconds. CPU system time: 0 seconds. Elapsed time: 0.416 seconds; current allocated memory: 8.118 GB.
INFO: [BIND 205-100] Starting micro-architecture generation ...
INFO: [BIND 205-101] Performing variable lifetime analysis.
INFO: [BIND 205-101] Exploring resource sharing.
INFO: [BIND 205-101] Binding ...
INFO: [BIND 205-100] Finished micro-architecture generation.
INFO: [HLS 200-111] Finished Binding: CPU user time: 0 seconds. CPU system time: 0 seconds. Elapsed time: 0.21 seconds; current allocated memory: 8.118 GB.
INFO: [HLS 200-10] ----------------------------------------------------------------
INFO: [HLS 200-42] -- Implementing module 'run_dwconv_Pipeline_VITIS_LOOP_89_8_VITIS_LOOP_90_9229' 
INFO: [HLS 200-10] ----------------------------------------------------------------
INFO: [SCHED 204-11] Starting scheduling ...
INFO: [HLS 200-486] Changing DSP latency (root=acc_311) to 3 in order to utilize available DSP registers.
INFO: [SCHED 204-61] Pipelining loop 'VITIS_LOOP_89_8_VITIS_LOOP_90_9'.
INFO: [HLS 200-1470] Pipelining result : Target II = NA, Final II = 1, Depth = 8, loop 'VITIS_LOOP_89_8_VITIS_LOOP_90_9'
INFO: [SCHED 204-11] Finished scheduling.
INFO: [HLS 200-111] Finished Scheduling: CPU user time: 0 seconds. CPU system time: 0 seconds. Elapsed time: 0.412 seconds; current allocated memory: 8.118 GB.
INFO: [BIND 205-100] Starting micro-architecture generation ...
INFO: [BIND 205-101] Performing variable lifetime analysis.
INFO: [BIND 205-101] Exploring resource sharing.
INFO: [BIND 205-101] Binding ...
INFO: [BIND 205-100] Finished micro-architecture generation.
INFO: [HLS 200-111] Finished Binding: CPU user time: 0 seconds. CPU system time: 0 seconds. Elapsed time: 0.215 seconds; current allocated memory: 8.118 GB.
INFO: [HLS 200-10] ----------------------------------------------------------------
INFO: [HLS 200-42] -- Implementing module 'run_dwconv_Pipeline_VITIS_LOOP_89_8_VITIS_LOOP_90_9230' 
INFO: [HLS 200-10] ----------------------------------------------------------------
INFO: [SCHED 204-11] Starting scheduling ...
INFO: [HLS 200-486] Changing DSP latency (root=acc_309) to 3 in order to utilize available DSP registers.
INFO: [SCHED 204-61] Pipelining loop 'VITIS_LOOP_89_8_VITIS_LOOP_90_9'.
INFO: [HLS 200-1470] Pipelining result : Target II = NA, Final II = 1, Depth = 8, loop 'VITIS_LOOP_89_8_VITIS_LOOP_90_9'
INFO: [SCHED 204-11] Finished scheduling.
INFO: [HLS 200-111] Finished Scheduling: CPU user time: 0 seconds. CPU system time: 0 seconds. Elapsed time: 0.425 seconds; current allocated memory: 8.118 GB.
INFO: [BIND 205-100] Starting micro-architecture generation ...
INFO: [BIND 205-101] Performing variable lifetime analysis.
INFO: [BIND 205-101] Exploring resource sharing.
INFO: [BIND 205-101] Binding ...
INFO: [BIND 205-100] Finished micro-architecture generation.
INFO: [HLS 200-111] Finished Binding: CPU user time: 0 seconds. CPU system time: 0 seconds. Elapsed time: 0.211 seconds; current allocated memory: 8.118 GB.
INFO: [HLS 200-10] ----------------------------------------------------------------
INFO: [HLS 200-42] -- Implementing module 'run_dwconv_Pipeline_VITIS_LOOP_89_8_VITIS_LOOP_90_9231' 
INFO: [HLS 200-10] ----------------------------------------------------------------
INFO: [SCHED 204-11] Starting scheduling ...
INFO: [HLS 200-486] Changing DSP latency (root=acc_307) to 3 in order to utilize available DSP registers.
INFO: [SCHED 204-61] Pipelining loop 'VITIS_LOOP_89_8_VITIS_LOOP_90_9'.
INFO: [HLS 200-1470] Pipelining result : Target II = NA, Final II = 1, Depth = 7, loop 'VITIS_LOOP_89_8_VITIS_LOOP_90_9'
INFO: [SCHED 204-11] Finished scheduling.
INFO: [HLS 200-111] Finished Scheduling: CPU user time: 1 seconds. CPU system time: 0 seconds. Elapsed time: 0.414 seconds; current allocated memory: 8.118 GB.
INFO: [BIND 205-100] Starting micro-architecture generation ...
INFO: [BIND 205-101] Performing variable lifetime analysis.
INFO: [BIND 205-101] Exploring resource sharing.
INFO: [BIND 205-101] Binding ...
INFO: [BIND 205-100] Finished micro-architecture generation.
INFO: [HLS 200-111] Finished Binding: CPU user time: 0 seconds. CPU system time: 0 seconds. Elapsed time: 0.209 seconds; current allocated memory: 8.118 GB.
INFO: [HLS 200-10] ----------------------------------------------------------------
INFO: [HLS 200-42] -- Implementing module 'run_dwconv_Pipeline_VITIS_LOOP_89_8_VITIS_LOOP_90_9232' 
INFO: [HLS 200-10] ----------------------------------------------------------------
INFO: [SCHED 204-11] Starting scheduling ...
INFO: [HLS 200-486] Changing DSP latency (root=acc_305) to 3 in order to utilize available DSP registers.
INFO: [SCHED 204-61] Pipelining loop 'VITIS_LOOP_89_8_VITIS_LOOP_90_9'.
INFO: [HLS 200-1470] Pipelining result : Target II = NA, Final II = 1, Depth = 8, loop 'VITIS_LOOP_89_8_VITIS_LOOP_90_9'
INFO: [SCHED 204-11] Finished scheduling.
INFO: [HLS 200-111] Finished Scheduling: CPU user time: 0 seconds. CPU system time: 0 seconds. Elapsed time: 0.414 seconds; current allocated memory: 8.118 GB.
INFO: [BIND 205-100] Starting micro-architecture generation ...
INFO: [BIND 205-101] Performing variable lifetime analysis.
INFO: [BIND 205-101] Exploring resource sharing.
INFO: [BIND 205-101] Binding ...
INFO: [BIND 205-100] Finished micro-architecture generation.
INFO: [HLS 200-111] Finished Binding: CPU user time: 0 seconds. CPU system time: 0 seconds. Elapsed time: 0.212 seconds; current allocated memory: 8.118 GB.
INFO: [HLS 200-10] ----------------------------------------------------------------
INFO: [HLS 200-42] -- Implementing module 'run_dwconv_Pipeline_VITIS_LOOP_89_8_VITIS_LOOP_90_9233' 
INFO: [HLS 200-10] ----------------------------------------------------------------
INFO: [SCHED 204-11] Starting scheduling ...
INFO: [HLS 200-486] Changing DSP latency (root=acc_303) to 3 in order to utilize available DSP registers.
INFO: [SCHED 204-61] Pipelining loop 'VITIS_LOOP_89_8_VITIS_LOOP_90_9'.
INFO: [HLS 200-1470] Pipelining result : Target II = NA, Final II = 1, Depth = 8, loop 'VITIS_LOOP_89_8_VITIS_LOOP_90_9'
INFO: [SCHED 204-11] Finished scheduling.
INFO: [HLS 200-111] Finished Scheduling: CPU user time: 1 seconds. CPU system time: 0 seconds. Elapsed time: 0.416 seconds; current allocated memory: 8.118 GB.
INFO: [BIND 205-100] Starting micro-architecture generation ...
INFO: [BIND 205-101] Performing variable lifetime analysis.
INFO: [BIND 205-101] Exploring resource sharing.
INFO: [BIND 205-101] Binding ...
INFO: [BIND 205-100] Finished micro-architecture generation.
INFO: [HLS 200-111] Finished Binding: CPU user time: 0 seconds. CPU system time: 0 seconds. Elapsed time: 0.212 seconds; current allocated memory: 8.118 GB.
INFO: [HLS 200-10] ----------------------------------------------------------------
INFO: [HLS 200-42] -- Implementing module 'run_dwconv_Pipeline_VITIS_LOOP_89_8_VITIS_LOOP_90_9234' 
INFO: [HLS 200-10] ----------------------------------------------------------------
INFO: [SCHED 204-11] Starting scheduling ...
INFO: [HLS 200-486] Changing DSP latency (root=acc_301) to 3 in order to utilize available DSP registers.
INFO: [SCHED 204-61] Pipelining loop 'VITIS_LOOP_89_8_VITIS_LOOP_90_9'.
INFO: [HLS 200-1470] Pipelining result : Target II = NA, Final II = 1, Depth = 8, loop 'VITIS_LOOP_89_8_VITIS_LOOP_90_9'
INFO: [SCHED 204-11] Finished scheduling.
INFO: [HLS 200-111] Finished Scheduling: CPU user time: 0 seconds. CPU system time: 0 seconds. Elapsed time: 0.418 seconds; current allocated memory: 8.118 GB.
INFO: [BIND 205-100] Starting micro-architecture generation ...
INFO: [BIND 205-101] Performing variable lifetime analysis.
INFO: [BIND 205-101] Exploring resource sharing.
INFO: [BIND 205-101] Binding ...
INFO: [BIND 205-100] Finished micro-architecture generation.
INFO: [HLS 200-111] Finished Binding: CPU user time: 1 seconds. CPU system time: 0 seconds. Elapsed time: 0.212 seconds; current allocated memory: 8.118 GB.
INFO: [HLS 200-10] ----------------------------------------------------------------
INFO: [HLS 200-42] -- Implementing module 'run_dwconv_Pipeline_VITIS_LOOP_89_8_VITIS_LOOP_90_9235' 
INFO: [HLS 200-10] ----------------------------------------------------------------
INFO: [SCHED 204-11] Starting scheduling ...
INFO: [HLS 200-486] Changing DSP latency (root=acc_299) to 3 in order to utilize available DSP registers.
INFO: [SCHED 204-61] Pipelining loop 'VITIS_LOOP_89_8_VITIS_LOOP_90_9'.
INFO: [HLS 200-1470] Pipelining result : Target II = NA, Final II = 1, Depth = 8, loop 'VITIS_LOOP_89_8_VITIS_LOOP_90_9'
INFO: [SCHED 204-11] Finished scheduling.
INFO: [HLS 200-111] Finished Scheduling: CPU user time: 0 seconds. CPU system time: 0 seconds. Elapsed time: 0.42 seconds; current allocated memory: 8.118 GB.
INFO: [BIND 205-100] Starting micro-architecture generation ...
INFO: [BIND 205-101] Performing variable lifetime analysis.
INFO: [BIND 205-101] Exploring resource sharing.
INFO: [BIND 205-101] Binding ...
INFO: [BIND 205-100] Finished micro-architecture generation.
INFO: [HLS 200-111] Finished Binding: CPU user time: 0 seconds. CPU system time: 0 seconds. Elapsed time: 0.216 seconds; current allocated memory: 8.118 GB.
INFO: [HLS 200-10] ----------------------------------------------------------------
INFO: [HLS 200-42] -- Implementing module 'run_dwconv_Pipeline_VITIS_LOOP_89_8_VITIS_LOOP_90_9236' 
INFO: [HLS 200-10] ----------------------------------------------------------------
INFO: [SCHED 204-11] Starting scheduling ...
INFO: [HLS 200-486] Changing DSP latency (root=acc_297) to 3 in order to utilize available DSP registers.
INFO: [SCHED 204-61] Pipelining loop 'VITIS_LOOP_89_8_VITIS_LOOP_90_9'.
INFO: [HLS 200-1470] Pipelining result : Target II = NA, Final II = 1, Depth = 8, loop 'VITIS_LOOP_89_8_VITIS_LOOP_90_9'
INFO: [SCHED 204-11] Finished scheduling.
INFO: [HLS 200-111] Finished Scheduling: CPU user time: 1 seconds. CPU system time: 0 seconds. Elapsed time: 0.421 seconds; current allocated memory: 8.118 GB.
INFO: [BIND 205-100] Starting micro-architecture generation ...
INFO: [BIND 205-101] Performing variable lifetime analysis.
INFO: [BIND 205-101] Exploring resource sharing.
INFO: [BIND 205-101] Binding ...
INFO: [BIND 205-100] Finished micro-architecture generation.
INFO: [HLS 200-111] Finished Binding: CPU user time: 0 seconds. CPU system time: 0 seconds. Elapsed time: 0.212 seconds; current allocated memory: 8.118 GB.
INFO: [HLS 200-10] ----------------------------------------------------------------
INFO: [HLS 200-42] -- Implementing module 'run_dwconv_Pipeline_VITIS_LOOP_89_8_VITIS_LOOP_90_9237' 
INFO: [HLS 200-10] ----------------------------------------------------------------
INFO: [SCHED 204-11] Starting scheduling ...
INFO: [HLS 200-486] Changing DSP latency (root=acc_295) to 3 in order to utilize available DSP registers.
INFO: [SCHED 204-61] Pipelining loop 'VITIS_LOOP_89_8_VITIS_LOOP_90_9'.
INFO: [HLS 200-1470] Pipelining result : Target II = NA, Final II = 1, Depth = 8, loop 'VITIS_LOOP_89_8_VITIS_LOOP_90_9'
INFO: [SCHED 204-11] Finished scheduling.
INFO: [HLS 200-111] Finished Scheduling: CPU user time: 0 seconds. CPU system time: 0 seconds. Elapsed time: 0.426 seconds; current allocated memory: 8.118 GB.
INFO: [BIND 205-100] Starting micro-architecture generation ...
INFO: [BIND 205-101] Performing variable lifetime analysis.
INFO: [BIND 205-101] Exploring resource sharing.
INFO: [BIND 205-101] Binding ...
INFO: [BIND 205-100] Finished micro-architecture generation.
INFO: [HLS 200-111] Finished Binding: CPU user time: 0 seconds. CPU system time: 0 seconds. Elapsed time: 0.213 seconds; current allocated memory: 8.118 GB.
INFO: [HLS 200-10] ----------------------------------------------------------------
INFO: [HLS 200-42] -- Implementing module 'run_dwconv_Pipeline_VITIS_LOOP_89_8_VITIS_LOOP_90_9238' 
INFO: [HLS 200-10] ----------------------------------------------------------------
INFO: [SCHED 204-11] Starting scheduling ...
INFO: [HLS 200-486] Changing DSP latency (root=acc_293) to 3 in order to utilize available DSP registers.
INFO: [SCHED 204-61] Pipelining loop 'VITIS_LOOP_89_8_VITIS_LOOP_90_9'.
INFO: [HLS 200-1470] Pipelining result : Target II = NA, Final II = 1, Depth = 8, loop 'VITIS_LOOP_89_8_VITIS_LOOP_90_9'
INFO: [SCHED 204-11] Finished scheduling.
INFO: [HLS 200-111] Finished Scheduling: CPU user time: 1 seconds. CPU system time: 0 seconds. Elapsed time: 0.433 seconds; current allocated memory: 8.118 GB.
INFO: [BIND 205-100] Starting micro-architecture generation ...
INFO: [BIND 205-101] Performing variable lifetime analysis.
INFO: [BIND 205-101] Exploring resource sharing.
INFO: [BIND 205-101] Binding ...
INFO: [BIND 205-100] Finished micro-architecture generation.
INFO: [HLS 200-111] Finished Binding: CPU user time: 0 seconds. CPU system time: 0 seconds. Elapsed time: 0.214 seconds; current allocated memory: 8.118 GB.
INFO: [HLS 200-10] ----------------------------------------------------------------
INFO: [HLS 200-42] -- Implementing module 'run_dwconv_Pipeline_VITIS_LOOP_89_8_VITIS_LOOP_90_9239' 
INFO: [HLS 200-10] ----------------------------------------------------------------
INFO: [SCHED 204-11] Starting scheduling ...
INFO: [HLS 200-486] Changing DSP latency (root=acc_291) to 3 in order to utilize available DSP registers.
INFO: [SCHED 204-61] Pipelining loop 'VITIS_LOOP_89_8_VITIS_LOOP_90_9'.
INFO: [HLS 200-1470] Pipelining result : Target II = NA, Final II = 1, Depth = 7, loop 'VITIS_LOOP_89_8_VITIS_LOOP_90_9'
INFO: [SCHED 204-11] Finished scheduling.
INFO: [HLS 200-111] Finished Scheduling: CPU user time: 0 seconds. CPU system time: 0 seconds. Elapsed time: 0.416 seconds; current allocated memory: 8.118 GB.
INFO: [BIND 205-100] Starting micro-architecture generation ...
INFO: [BIND 205-101] Performing variable lifetime analysis.
INFO: [BIND 205-101] Exploring resource sharing.
INFO: [BIND 205-101] Binding ...
INFO: [BIND 205-100] Finished micro-architecture generation.
INFO: [HLS 200-111] Finished Binding: CPU user time: 0 seconds. CPU system time: 0 seconds. Elapsed time: 0.215 seconds; current allocated memory: 8.118 GB.
INFO: [HLS 200-10] ----------------------------------------------------------------
INFO: [HLS 200-42] -- Implementing module 'run_dwconv_Pipeline_VITIS_LOOP_89_8_VITIS_LOOP_90_9240' 
INFO: [HLS 200-10] ----------------------------------------------------------------
INFO: [SCHED 204-11] Starting scheduling ...
INFO: [HLS 200-486] Changing DSP latency (root=acc_289) to 3 in order to utilize available DSP registers.
INFO: [SCHED 204-61] Pipelining loop 'VITIS_LOOP_89_8_VITIS_LOOP_90_9'.
INFO: [HLS 200-1470] Pipelining result : Target II = NA, Final II = 1, Depth = 8, loop 'VITIS_LOOP_89_8_VITIS_LOOP_90_9'
INFO: [SCHED 204-11] Finished scheduling.
INFO: [HLS 200-111] Finished Scheduling: CPU user time: 1 seconds. CPU system time: 0 seconds. Elapsed time: 0.422 seconds; current allocated memory: 8.118 GB.
INFO: [BIND 205-100] Starting micro-architecture generation ...
INFO: [BIND 205-101] Performing variable lifetime analysis.
INFO: [BIND 205-101] Exploring resource sharing.
INFO: [BIND 205-101] Binding ...
INFO: [BIND 205-100] Finished micro-architecture generation.
INFO: [HLS 200-111] Finished Binding: CPU user time: 0 seconds. CPU system time: 0 seconds. Elapsed time: 0.215 seconds; current allocated memory: 8.118 GB.
INFO: [HLS 200-10] ----------------------------------------------------------------
INFO: [HLS 200-42] -- Implementing module 'run_dwconv_Pipeline_VITIS_LOOP_89_8_VITIS_LOOP_90_9241' 
INFO: [HLS 200-10] ----------------------------------------------------------------
INFO: [SCHED 204-11] Starting scheduling ...
INFO: [HLS 200-486] Changing DSP latency (root=acc_287) to 3 in order to utilize available DSP registers.
INFO: [SCHED 204-61] Pipelining loop 'VITIS_LOOP_89_8_VITIS_LOOP_90_9'.
INFO: [HLS 200-1470] Pipelining result : Target II = NA, Final II = 1, Depth = 8, loop 'VITIS_LOOP_89_8_VITIS_LOOP_90_9'
INFO: [SCHED 204-11] Finished scheduling.
INFO: [HLS 200-111] Finished Scheduling: CPU user time: 0 seconds. CPU system time: 1 seconds. Elapsed time: 0.462 seconds; current allocated memory: 8.118 GB.
INFO: [BIND 205-100] Starting micro-architecture generation ...
INFO: [BIND 205-101] Performing variable lifetime analysis.
INFO: [BIND 205-101] Exploring resource sharing.
INFO: [BIND 205-101] Binding ...
INFO: [BIND 205-100] Finished micro-architecture generation.
INFO: [HLS 200-111] Finished Binding: CPU user time: 0 seconds. CPU system time: 0 seconds. Elapsed time: 0.22 seconds; current allocated memory: 8.118 GB.
INFO: [HLS 200-10] ----------------------------------------------------------------
INFO: [HLS 200-42] -- Implementing module 'run_dwconv_Pipeline_VITIS_LOOP_89_8_VITIS_LOOP_90_9242' 
INFO: [HLS 200-10] ----------------------------------------------------------------
INFO: [SCHED 204-11] Starting scheduling ...
INFO: [HLS 200-486] Changing DSP latency (root=acc_285) to 3 in order to utilize available DSP registers.
INFO: [SCHED 204-61] Pipelining loop 'VITIS_LOOP_89_8_VITIS_LOOP_90_9'.
INFO: [HLS 200-1470] Pipelining result : Target II = NA, Final II = 1, Depth = 8, loop 'VITIS_LOOP_89_8_VITIS_LOOP_90_9'
INFO: [SCHED 204-11] Finished scheduling.
INFO: [HLS 200-111] Finished Scheduling: CPU user time: 0 seconds. CPU system time: 0 seconds. Elapsed time: 0.42 seconds; current allocated memory: 8.118 GB.
INFO: [BIND 205-100] Starting micro-architecture generation ...
INFO: [BIND 205-101] Performing variable lifetime analysis.
INFO: [BIND 205-101] Exploring resource sharing.
INFO: [BIND 205-101] Binding ...
INFO: [BIND 205-100] Finished micro-architecture generation.
INFO: [HLS 200-111] Finished Binding: CPU user time: 0 seconds. CPU system time: 0 seconds. Elapsed time: 0.223 seconds; current allocated memory: 8.118 GB.
INFO: [HLS 200-10] ----------------------------------------------------------------
INFO: [HLS 200-42] -- Implementing module 'run_dwconv_Pipeline_VITIS_LOOP_89_8_VITIS_LOOP_90_9243' 
INFO: [HLS 200-10] ----------------------------------------------------------------
INFO: [SCHED 204-11] Starting scheduling ...
INFO: [HLS 200-486] Changing DSP latency (root=acc_283) to 3 in order to utilize available DSP registers.
INFO: [SCHED 204-61] Pipelining loop 'VITIS_LOOP_89_8_VITIS_LOOP_90_9'.
INFO: [HLS 200-1470] Pipelining result : Target II = NA, Final II = 1, Depth = 8, loop 'VITIS_LOOP_89_8_VITIS_LOOP_90_9'
INFO: [SCHED 204-11] Finished scheduling.
INFO: [HLS 200-111] Finished Scheduling: CPU user time: 0 seconds. CPU system time: 0 seconds. Elapsed time: 0.428 seconds; current allocated memory: 8.118 GB.
INFO: [BIND 205-100] Starting micro-architecture generation ...
INFO: [BIND 205-101] Performing variable lifetime analysis.
INFO: [BIND 205-101] Exploring resource sharing.
INFO: [BIND 205-101] Binding ...
INFO: [BIND 205-100] Finished micro-architecture generation.
INFO: [HLS 200-111] Finished Binding: CPU user time: 1 seconds. CPU system time: 0 seconds. Elapsed time: 0.218 seconds; current allocated memory: 8.118 GB.
INFO: [HLS 200-10] ----------------------------------------------------------------
INFO: [HLS 200-42] -- Implementing module 'run_dwconv_Pipeline_VITIS_LOOP_89_8_VITIS_LOOP_90_9244' 
INFO: [HLS 200-10] ----------------------------------------------------------------
INFO: [SCHED 204-11] Starting scheduling ...
INFO: [HLS 200-486] Changing DSP latency (root=acc_281) to 3 in order to utilize available DSP registers.
INFO: [SCHED 204-61] Pipelining loop 'VITIS_LOOP_89_8_VITIS_LOOP_90_9'.
INFO: [HLS 200-1470] Pipelining result : Target II = NA, Final II = 1, Depth = 8, loop 'VITIS_LOOP_89_8_VITIS_LOOP_90_9'
INFO: [SCHED 204-11] Finished scheduling.
INFO: [HLS 200-111] Finished Scheduling: CPU user time: 0 seconds. CPU system time: 0 seconds. Elapsed time: 0.443 seconds; current allocated memory: 8.118 GB.
INFO: [BIND 205-100] Starting micro-architecture generation ...
INFO: [BIND 205-101] Performing variable lifetime analysis.
INFO: [BIND 205-101] Exploring resource sharing.
INFO: [BIND 205-101] Binding ...
INFO: [BIND 205-100] Finished micro-architecture generation.
INFO: [HLS 200-111] Finished Binding: CPU user time: 0 seconds. CPU system time: 0 seconds. Elapsed time: 0.219 seconds; current allocated memory: 8.118 GB.
INFO: [HLS 200-10] ----------------------------------------------------------------
INFO: [HLS 200-42] -- Implementing module 'run_dwconv_Pipeline_VITIS_LOOP_89_8_VITIS_LOOP_90_9245' 
INFO: [HLS 200-10] ----------------------------------------------------------------
INFO: [SCHED 204-11] Starting scheduling ...
INFO: [HLS 200-486] Changing DSP latency (root=acc_279) to 3 in order to utilize available DSP registers.
INFO: [SCHED 204-61] Pipelining loop 'VITIS_LOOP_89_8_VITIS_LOOP_90_9'.
INFO: [HLS 200-1470] Pipelining result : Target II = NA, Final II = 1, Depth = 8, loop 'VITIS_LOOP_89_8_VITIS_LOOP_90_9'
INFO: [SCHED 204-11] Finished scheduling.
INFO: [HLS 200-111] Finished Scheduling: CPU user time: 1 seconds. CPU system time: 0 seconds. Elapsed time: 0.434 seconds; current allocated memory: 8.118 GB.
INFO: [BIND 205-100] Starting micro-architecture generation ...
INFO: [BIND 205-101] Performing variable lifetime analysis.
INFO: [BIND 205-101] Exploring resource sharing.
INFO: [BIND 205-101] Binding ...
INFO: [BIND 205-100] Finished micro-architecture generation.
INFO: [HLS 200-111] Finished Binding: CPU user time: 0 seconds. CPU system time: 0 seconds. Elapsed time: 0.228 seconds; current allocated memory: 8.118 GB.
INFO: [HLS 200-10] ----------------------------------------------------------------
INFO: [HLS 200-42] -- Implementing module 'run_dwconv_Pipeline_VITIS_LOOP_89_8_VITIS_LOOP_90_9246' 
INFO: [HLS 200-10] ----------------------------------------------------------------
INFO: [SCHED 204-11] Starting scheduling ...
INFO: [HLS 200-486] Changing DSP latency (root=acc_277) to 3 in order to utilize available DSP registers.
INFO: [SCHED 204-61] Pipelining loop 'VITIS_LOOP_89_8_VITIS_LOOP_90_9'.
INFO: [HLS 200-1470] Pipelining result : Target II = NA, Final II = 1, Depth = 8, loop 'VITIS_LOOP_89_8_VITIS_LOOP_90_9'
INFO: [SCHED 204-11] Finished scheduling.
INFO: [HLS 200-111] Finished Scheduling: CPU user time: 0 seconds. CPU system time: 0 seconds. Elapsed time: 0.427 seconds; current allocated memory: 8.118 GB.
INFO: [BIND 205-100] Starting micro-architecture generation ...
INFO: [BIND 205-101] Performing variable lifetime analysis.
INFO: [BIND 205-101] Exploring resource sharing.
INFO: [BIND 205-101] Binding ...
INFO: [BIND 205-100] Finished micro-architecture generation.
INFO: [HLS 200-111] Finished Binding: CPU user time: 0 seconds. CPU system time: 0 seconds. Elapsed time: 0.22 seconds; current allocated memory: 8.118 GB.
INFO: [HLS 200-10] ----------------------------------------------------------------
INFO: [HLS 200-42] -- Implementing module 'run_dwconv_Pipeline_VITIS_LOOP_89_8_VITIS_LOOP_90_9247' 
INFO: [HLS 200-10] ----------------------------------------------------------------
INFO: [SCHED 204-11] Starting scheduling ...
INFO: [HLS 200-486] Changing DSP latency (root=acc_275) to 3 in order to utilize available DSP registers.
INFO: [SCHED 204-61] Pipelining loop 'VITIS_LOOP_89_8_VITIS_LOOP_90_9'.
INFO: [HLS 200-1470] Pipelining result : Target II = NA, Final II = 1, Depth = 7, loop 'VITIS_LOOP_89_8_VITIS_LOOP_90_9'
INFO: [SCHED 204-11] Finished scheduling.
INFO: [HLS 200-111] Finished Scheduling: CPU user time: 1 seconds. CPU system time: 0 seconds. Elapsed time: 0.431 seconds; current allocated memory: 8.118 GB.
INFO: [BIND 205-100] Starting micro-architecture generation ...
INFO: [BIND 205-101] Performing variable lifetime analysis.
INFO: [BIND 205-101] Exploring resource sharing.
INFO: [BIND 205-101] Binding ...
INFO: [BIND 205-100] Finished micro-architecture generation.
INFO: [HLS 200-111] Finished Binding: CPU user time: 0 seconds. CPU system time: 0 seconds. Elapsed time: 0.22 seconds; current allocated memory: 8.118 GB.
INFO: [HLS 200-10] ----------------------------------------------------------------
INFO: [HLS 200-42] -- Implementing module 'run_dwconv_Pipeline_VITIS_LOOP_89_8_VITIS_LOOP_90_9248' 
INFO: [HLS 200-10] ----------------------------------------------------------------
INFO: [SCHED 204-11] Starting scheduling ...
INFO: [HLS 200-486] Changing DSP latency (root=acc_273) to 3 in order to utilize available DSP registers.
INFO: [SCHED 204-61] Pipelining loop 'VITIS_LOOP_89_8_VITIS_LOOP_90_9'.
INFO: [HLS 200-1470] Pipelining result : Target II = NA, Final II = 1, Depth = 8, loop 'VITIS_LOOP_89_8_VITIS_LOOP_90_9'
INFO: [SCHED 204-11] Finished scheduling.
INFO: [HLS 200-111] Finished Scheduling: CPU user time: 0 seconds. CPU system time: 0 seconds. Elapsed time: 0.451 seconds; current allocated memory: 8.118 GB.
INFO: [BIND 205-100] Starting micro-architecture generation ...
INFO: [BIND 205-101] Performing variable lifetime analysis.
INFO: [BIND 205-101] Exploring resource sharing.
INFO: [BIND 205-101] Binding ...
INFO: [BIND 205-100] Finished micro-architecture generation.
INFO: [HLS 200-111] Finished Binding: CPU user time: 0 seconds. CPU system time: 0 seconds. Elapsed time: 0.219 seconds; current allocated memory: 8.118 GB.
INFO: [HLS 200-10] ----------------------------------------------------------------
INFO: [HLS 200-42] -- Implementing module 'run_dwconv_Pipeline_VITIS_LOOP_89_8_VITIS_LOOP_90_9249' 
INFO: [HLS 200-10] ----------------------------------------------------------------
INFO: [SCHED 204-11] Starting scheduling ...
INFO: [HLS 200-486] Changing DSP latency (root=acc_271) to 3 in order to utilize available DSP registers.
INFO: [SCHED 204-61] Pipelining loop 'VITIS_LOOP_89_8_VITIS_LOOP_90_9'.
INFO: [HLS 200-1470] Pipelining result : Target II = NA, Final II = 1, Depth = 8, loop 'VITIS_LOOP_89_8_VITIS_LOOP_90_9'
INFO: [SCHED 204-11] Finished scheduling.
INFO: [HLS 200-111] Finished Scheduling: CPU user time: 1 seconds. CPU system time: 0 seconds. Elapsed time: 0.435 seconds; current allocated memory: 8.118 GB.
INFO: [BIND 205-100] Starting micro-architecture generation ...
INFO: [BIND 205-101] Performing variable lifetime analysis.
INFO: [BIND 205-101] Exploring resource sharing.
INFO: [BIND 205-101] Binding ...
INFO: [BIND 205-100] Finished micro-architecture generation.
INFO: [HLS 200-111] Finished Binding: CPU user time: 0 seconds. CPU system time: 0 seconds. Elapsed time: 0.214 seconds; current allocated memory: 8.118 GB.
INFO: [HLS 200-10] ----------------------------------------------------------------
INFO: [HLS 200-42] -- Implementing module 'run_dwconv_Pipeline_VITIS_LOOP_89_8_VITIS_LOOP_90_9250' 
INFO: [HLS 200-10] ----------------------------------------------------------------
INFO: [SCHED 204-11] Starting scheduling ...
INFO: [HLS 200-486] Changing DSP latency (root=acc_269) to 3 in order to utilize available DSP registers.
INFO: [SCHED 204-61] Pipelining loop 'VITIS_LOOP_89_8_VITIS_LOOP_90_9'.
INFO: [HLS 200-1470] Pipelining result : Target II = NA, Final II = 1, Depth = 8, loop 'VITIS_LOOP_89_8_VITIS_LOOP_90_9'
INFO: [SCHED 204-11] Finished scheduling.
INFO: [HLS 200-111] Finished Scheduling: CPU user time: 0 seconds. CPU system time: 0 seconds. Elapsed time: 0.435 seconds; current allocated memory: 8.118 GB.
INFO: [BIND 205-100] Starting micro-architecture generation ...
INFO: [BIND 205-101] Performing variable lifetime analysis.
INFO: [BIND 205-101] Exploring resource sharing.
INFO: [BIND 205-101] Binding ...
INFO: [BIND 205-100] Finished micro-architecture generation.
INFO: [HLS 200-111] Finished Binding: CPU user time: 1 seconds. CPU system time: 0 seconds. Elapsed time: 0.22 seconds; current allocated memory: 8.118 GB.
INFO: [HLS 200-10] ----------------------------------------------------------------
INFO: [HLS 200-42] -- Implementing module 'run_dwconv_Pipeline_VITIS_LOOP_89_8_VITIS_LOOP_90_9251' 
INFO: [HLS 200-10] ----------------------------------------------------------------
INFO: [SCHED 204-11] Starting scheduling ...
INFO: [HLS 200-486] Changing DSP latency (root=acc_267) to 3 in order to utilize available DSP registers.
INFO: [SCHED 204-61] Pipelining loop 'VITIS_LOOP_89_8_VITIS_LOOP_90_9'.
INFO: [HLS 200-1470] Pipelining result : Target II = NA, Final II = 1, Depth = 8, loop 'VITIS_LOOP_89_8_VITIS_LOOP_90_9'
INFO: [SCHED 204-11] Finished scheduling.
INFO: [HLS 200-111] Finished Scheduling: CPU user time: 0 seconds. CPU system time: 0 seconds. Elapsed time: 0.456 seconds; current allocated memory: 8.118 GB.
INFO: [BIND 205-100] Starting micro-architecture generation ...
INFO: [BIND 205-101] Performing variable lifetime analysis.
INFO: [BIND 205-101] Exploring resource sharing.
INFO: [BIND 205-101] Binding ...
INFO: [BIND 205-100] Finished micro-architecture generation.
INFO: [HLS 200-111] Finished Binding: CPU user time: 0 seconds. CPU system time: 0 seconds. Elapsed time: 0.22 seconds; current allocated memory: 8.118 GB.
INFO: [HLS 200-10] ----------------------------------------------------------------
INFO: [HLS 200-42] -- Implementing module 'run_dwconv_Pipeline_VITIS_LOOP_89_8_VITIS_LOOP_90_9252' 
INFO: [HLS 200-10] ----------------------------------------------------------------
INFO: [SCHED 204-11] Starting scheduling ...
INFO: [HLS 200-486] Changing DSP latency (root=acc_265) to 3 in order to utilize available DSP registers.
INFO: [SCHED 204-61] Pipelining loop 'VITIS_LOOP_89_8_VITIS_LOOP_90_9'.
INFO: [HLS 200-1470] Pipelining result : Target II = NA, Final II = 1, Depth = 8, loop 'VITIS_LOOP_89_8_VITIS_LOOP_90_9'
INFO: [SCHED 204-11] Finished scheduling.
INFO: [HLS 200-111] Finished Scheduling: CPU user time: 1 seconds. CPU system time: 0 seconds. Elapsed time: 0.438 seconds; current allocated memory: 8.118 GB.
INFO: [BIND 205-100] Starting micro-architecture generation ...
INFO: [BIND 205-101] Performing variable lifetime analysis.
INFO: [BIND 205-101] Exploring resource sharing.
INFO: [BIND 205-101] Binding ...
INFO: [BIND 205-100] Finished micro-architecture generation.
INFO: [HLS 200-111] Finished Binding: CPU user time: 0 seconds. CPU system time: 0 seconds. Elapsed time: 0.229 seconds; current allocated memory: 8.118 GB.
INFO: [HLS 200-10] ----------------------------------------------------------------
INFO: [HLS 200-42] -- Implementing module 'run_dwconv_Pipeline_VITIS_LOOP_89_8_VITIS_LOOP_90_9253' 
INFO: [HLS 200-10] ----------------------------------------------------------------
INFO: [SCHED 204-11] Starting scheduling ...
INFO: [HLS 200-486] Changing DSP latency (root=acc_263) to 3 in order to utilize available DSP registers.
INFO: [SCHED 204-61] Pipelining loop 'VITIS_LOOP_89_8_VITIS_LOOP_90_9'.
INFO: [HLS 200-1470] Pipelining result : Target II = NA, Final II = 1, Depth = 8, loop 'VITIS_LOOP_89_8_VITIS_LOOP_90_9'
INFO: [SCHED 204-11] Finished scheduling.
INFO: [HLS 200-111] Finished Scheduling: CPU user time: 0 seconds. CPU system time: 0 seconds. Elapsed time: 0.438 seconds; current allocated memory: 8.118 GB.
INFO: [BIND 205-100] Starting micro-architecture generation ...
INFO: [BIND 205-101] Performing variable lifetime analysis.
INFO: [BIND 205-101] Exploring resource sharing.
INFO: [BIND 205-101] Binding ...
INFO: [BIND 205-100] Finished micro-architecture generation.
INFO: [HLS 200-111] Finished Binding: CPU user time: 0 seconds. CPU system time: 0 seconds. Elapsed time: 0.226 seconds; current allocated memory: 8.118 GB.
INFO: [HLS 200-10] ----------------------------------------------------------------
INFO: [HLS 200-42] -- Implementing module 'run_dwconv_Pipeline_VITIS_LOOP_89_8_VITIS_LOOP_90_9254' 
INFO: [HLS 200-10] ----------------------------------------------------------------
INFO: [SCHED 204-11] Starting scheduling ...
INFO: [HLS 200-486] Changing DSP latency (root=acc_261) to 3 in order to utilize available DSP registers.
INFO: [SCHED 204-61] Pipelining loop 'VITIS_LOOP_89_8_VITIS_LOOP_90_9'.
INFO: [HLS 200-1470] Pipelining result : Target II = NA, Final II = 1, Depth = 8, loop 'VITIS_LOOP_89_8_VITIS_LOOP_90_9'
INFO: [SCHED 204-11] Finished scheduling.
INFO: [HLS 200-111] Finished Scheduling: CPU user time: 1 seconds. CPU system time: 0 seconds. Elapsed time: 0.489 seconds; current allocated memory: 8.118 GB.
INFO: [BIND 205-100] Starting micro-architecture generation ...
INFO: [BIND 205-101] Performing variable lifetime analysis.
INFO: [BIND 205-101] Exploring resource sharing.
INFO: [BIND 205-101] Binding ...
INFO: [BIND 205-100] Finished micro-architecture generation.
INFO: [HLS 200-111] Finished Binding: CPU user time: 0 seconds. CPU system time: 0 seconds. Elapsed time: 0.23 seconds; current allocated memory: 8.118 GB.
INFO: [HLS 200-10] ----------------------------------------------------------------
INFO: [HLS 200-42] -- Implementing module 'run_dwconv' 
INFO: [HLS 200-10] ----------------------------------------------------------------
INFO: [SCHED 204-11] Starting scheduling ...
INFO: [SCHED 204-11] Finished scheduling.
INFO: [HLS 200-111] Finished Scheduling: CPU user time: 10 seconds. CPU system time: 1 seconds. Elapsed time: 11.02 seconds; current allocated memory: 8.118 GB.
INFO: [BIND 205-100] Starting micro-architecture generation ...
INFO: [BIND 205-101] Performing variable lifetime analysis.
INFO: [BIND 205-101] Exploring resource sharing.
INFO: [BIND 205-101] Binding ...
INFO: [BIND 205-100] Finished micro-architecture generation.
INFO: [HLS 200-111] Finished Binding: CPU user time: 3 seconds. CPU system time: 0 seconds. Elapsed time: 2.675 seconds; current allocated memory: 8.118 GB.
INFO: [HLS 200-10] ----------------------------------------------------------------
INFO: [HLS 200-42] -- Implementing module 'mac_array_top' 
INFO: [HLS 200-10] ----------------------------------------------------------------
INFO: [SCHED 204-11] Starting scheduling ...
INFO: [SCHED 204-11] Finished scheduling.
INFO: [HLS 200-111] Finished Scheduling: CPU user time: 2 seconds. CPU system time: 0 seconds. Elapsed time: 2.192 seconds; current allocated memory: 8.118 GB.
INFO: [BIND 205-100] Starting micro-architecture generation ...
INFO: [BIND 205-101] Performing variable lifetime analysis.
INFO: [BIND 205-101] Exploring resource sharing.
INFO: [BIND 205-101] Binding ...
INFO: [BIND 205-100] Finished micro-architecture generation.
INFO: [HLS 200-111] Finished Binding: CPU user time: 0 seconds. CPU system time: 0 seconds. Elapsed time: 0.637 seconds; current allocated memory: 8.118 GB.
INFO: [HLS 200-10] ----------------------------------------------------------------
INFO: [HLS 200-10] -- Generating RTL for module 'run_pwconv_Pipeline_STAGE_VITIS_LOOP_128_4_VITIS_LOOP_130_5' 
INFO: [HLS 200-10] ----------------------------------------------------------------
INFO: [HLS 200-1030] Apply Unified Pipeline Control on module 'run_pwconv_Pipeline_STAGE_VITIS_LOOP_128_4_VITIS_LOOP_130_5' pipeline 'STAGE_VITIS_LOOP_128_4_VITIS_LOOP_130_5' pipeline type 'loop pipeline'
INFO: [RTGEN 206-104] Estimated max fanout for 'run_pwconv_Pipeline_STAGE_VITIS_LOOP_128_4_VITIS_LOOP_130_5' is 16384 from HDL expression: ((1'b0 == ap_block_pp0_stage0_01001) & (ap_loop_exit_ready_pp0_iter2_reg == 1'b1) & (icmp_ln120_reg_57762 == 1'd1))
INFO: [RTGEN 206-100] Finished creating RTL model for 'run_pwconv_Pipeline_STAGE_VITIS_LOOP_128_4_VITIS_LOOP_130_5'.
INFO: [HLS 200-111] Finished Creating RTL model: CPU user time: 3 seconds. CPU system time: 0 seconds. Elapsed time: 3.368 seconds; current allocated memory: 8.118 GB.
INFO: [HLS 200-10] ----------------------------------------------------------------
INFO: [HLS 200-10] -- Generating RTL for module 'run_pwconv_Pipeline_VITIS_LOOP_136_6_VITIS_LOOP_139_7' 
INFO: [HLS 200-10] ----------------------------------------------------------------
INFO: [HLS 200-1030] Apply Unified Pipeline Control on module 'run_pwconv_Pipeline_VITIS_LOOP_136_6_VITIS_LOOP_139_7' pipeline 'VITIS_LOOP_136_6_VITIS_LOOP_139_7' pipeline type 'loop pipeline'
INFO: [RTGEN 206-100] Finished creating RTL model for 'run_pwconv_Pipeline_VITIS_LOOP_136_6_VITIS_LOOP_139_7'.
INFO: [HLS 200-111] Finished Creating RTL model: CPU user time: 2 seconds. CPU system time: 2 seconds. Elapsed time: 4.628 seconds; current allocated memory: 8.118 GB.
INFO: [HLS 200-10] ----------------------------------------------------------------
INFO: [HLS 200-10] -- Generating RTL for module 'run_pwconv_Pipeline_VITIS_LOOP_155_8' 
INFO: [HLS 200-10] ----------------------------------------------------------------
INFO: [HLS 200-1030] Apply Unified Pipeline Control on module 'run_pwconv_Pipeline_VITIS_LOOP_155_8' pipeline 'VITIS_LOOP_155_8' pipeline type 'loop pipeline'
INFO: [RTGEN 206-100] Generating core module 'mac_muladd_8s_8s_32s_32_4_1': 1 instance(s).
INFO: [RTGEN 206-100] Generating core module 'sparsemux_65_5_8_1_1': 5 instance(s).
INFO: [RTGEN 206-100] Generating core module 'sparsemux_9_3_8_1_1': 1 instance(s).
INFO: [RTGEN 206-100] Finished creating RTL model for 'run_pwconv_Pipeline_VITIS_LOOP_155_8'.
INFO: [HLS 200-111] Finished Creating RTL model: CPU user time: 0 seconds. CPU system time: 1 seconds. Elapsed time: 0.935 seconds; current allocated memory: 8.118 GB.
INFO: [HLS 200-10] ----------------------------------------------------------------
INFO: [HLS 200-10] -- Generating RTL for module 'clip_shift' 
INFO: [HLS 200-10] ----------------------------------------------------------------
INFO: [RTGEN 206-100] Finished creating RTL model for 'clip_shift'.
INFO: [HLS 200-111] Finished Creating RTL model: CPU user time: 1 seconds. CPU system time: 0 seconds. Elapsed time: 0.232 seconds; current allocated memory: 8.118 GB.
INFO: [HLS 200-10] ----------------------------------------------------------------
INFO: [HLS 200-10] -- Generating RTL for module 'run_pwconv_Pipeline_VITIS_LOOP_155_81' 
INFO: [HLS 200-10] ----------------------------------------------------------------
INFO: [HLS 200-1030] Apply Unified Pipeline Control on module 'run_pwconv_Pipeline_VITIS_LOOP_155_81' pipeline 'VITIS_LOOP_155_8' pipeline type 'loop pipeline'
INFO: [RTGEN 206-100] Generating core module 'mac_muladd_8s_8s_32s_32_4_1': 1 instance(s).
INFO: [RTGEN 206-100] Generating core module 'sparsemux_65_5_8_1_1': 5 instance(s).
INFO: [RTGEN 206-100] Generating core module 'sparsemux_9_3_8_1_1': 1 instance(s).
INFO: [RTGEN 206-100] Finished creating RTL model for 'run_pwconv_Pipeline_VITIS_LOOP_155_81'.
INFO: [HLS 200-111] Finished Creating RTL model: CPU user time: 0 seconds. CPU system time: 0 seconds. Elapsed time: 0.349 seconds; current allocated memory: 8.118 GB.
INFO: [HLS 200-10] ----------------------------------------------------------------
INFO: [HLS 200-10] -- Generating RTL for module 'run_pwconv_Pipeline_VITIS_LOOP_155_82' 
INFO: [HLS 200-10] ----------------------------------------------------------------
INFO: [HLS 200-1030] Apply Unified Pipeline Control on module 'run_pwconv_Pipeline_VITIS_LOOP_155_82' pipeline 'VITIS_LOOP_155_8' pipeline type 'loop pipeline'
INFO: [RTGEN 206-100] Generating core module 'mac_muladd_8s_8s_32s_32_4_1': 1 instance(s).
INFO: [RTGEN 206-100] Generating core module 'sparsemux_65_5_8_1_1': 5 instance(s).
INFO: [RTGEN 206-100] Generating core module 'sparsemux_9_3_8_1_1': 1 instance(s).
INFO: [RTGEN 206-100] Finished creating RTL model for 'run_pwconv_Pipeline_VITIS_LOOP_155_82'.
INFO: [HLS 200-111] Finished Creating RTL model: CPU user time: 0 seconds. CPU system time: 0 seconds. Elapsed time: 0.414 seconds; current allocated memory: 8.118 GB.
INFO: [HLS 200-10] ----------------------------------------------------------------
INFO: [HLS 200-10] -- Generating RTL for module 'run_pwconv_Pipeline_VITIS_LOOP_155_83' 
INFO: [HLS 200-10] ----------------------------------------------------------------
INFO: [HLS 200-1030] Apply Unified Pipeline Control on module 'run_pwconv_Pipeline_VITIS_LOOP_155_83' pipeline 'VITIS_LOOP_155_8' pipeline type 'loop pipeline'
INFO: [RTGEN 206-100] Generating core module 'mac_muladd_8s_8s_32s_32_4_1': 1 instance(s).
INFO: [RTGEN 206-100] Generating core module 'sparsemux_65_5_8_1_1': 5 instance(s).
INFO: [RTGEN 206-100] Generating core module 'sparsemux_9_3_8_1_1': 1 instance(s).
INFO: [RTGEN 206-100] Finished creating RTL model for 'run_pwconv_Pipeline_VITIS_LOOP_155_83'.
INFO: [HLS 200-111] Finished Creating RTL model: CPU user time: 1 seconds. CPU system time: 0 seconds. Elapsed time: 0.435 seconds; current allocated memory: 8.118 GB.
INFO: [HLS 200-10] ----------------------------------------------------------------
INFO: [HLS 200-10] -- Generating RTL for module 'run_pwconv_Pipeline_VITIS_LOOP_155_84' 
INFO: [HLS 200-10] ----------------------------------------------------------------
INFO: [HLS 200-1030] Apply Unified Pipeline Control on module 'run_pwconv_Pipeline_VITIS_LOOP_155_84' pipeline 'VITIS_LOOP_155_8' pipeline type 'loop pipeline'
INFO: [RTGEN 206-100] Generating core module 'mac_muladd_8s_8s_32s_32_4_1': 1 instance(s).
INFO: [RTGEN 206-100] Generating core module 'sparsemux_65_5_8_1_1': 5 instance(s).
INFO: [RTGEN 206-100] Generating core module 'sparsemux_9_3_8_1_1': 1 instance(s).
INFO: [RTGEN 206-100] Finished creating RTL model for 'run_pwconv_Pipeline_VITIS_LOOP_155_84'.
INFO: [HLS 200-111] Finished Creating RTL model: CPU user time: 0 seconds. CPU system time: 0 seconds. Elapsed time: 0.406 seconds; current allocated memory: 8.118 GB.
INFO: [HLS 200-10] ----------------------------------------------------------------
INFO: [HLS 200-10] -- Generating RTL for module 'run_pwconv_Pipeline_VITIS_LOOP_155_85' 
INFO: [HLS 200-10] ----------------------------------------------------------------
INFO: [HLS 200-1030] Apply Unified Pipeline Control on module 'run_pwconv_Pipeline_VITIS_LOOP_155_85' pipeline 'VITIS_LOOP_155_8' pipeline type 'loop pipeline'
INFO: [RTGEN 206-100] Generating core module 'mac_muladd_8s_8s_32s_32_4_1': 1 instance(s).
INFO: [RTGEN 206-100] Generating core module 'sparsemux_65_5_8_1_1': 5 instance(s).
INFO: [RTGEN 206-100] Generating core module 'sparsemux_9_3_8_1_1': 1 instance(s).
INFO: [RTGEN 206-100] Finished creating RTL model for 'run_pwconv_Pipeline_VITIS_LOOP_155_85'.
INFO: [HLS 200-111] Finished Creating RTL model: CPU user time: 0 seconds. CPU system time: 0 seconds. Elapsed time: 0.431 seconds; current allocated memory: 8.118 GB.
INFO: [HLS 200-10] ----------------------------------------------------------------
INFO: [HLS 200-10] -- Generating RTL for module 'run_pwconv_Pipeline_VITIS_LOOP_155_86' 
INFO: [HLS 200-10] ----------------------------------------------------------------
INFO: [HLS 200-1030] Apply Unified Pipeline Control on module 'run_pwconv_Pipeline_VITIS_LOOP_155_86' pipeline 'VITIS_LOOP_155_8' pipeline type 'loop pipeline'
INFO: [RTGEN 206-100] Generating core module 'mac_muladd_8s_8s_32s_32_4_1': 1 instance(s).
INFO: [RTGEN 206-100] Generating core module 'sparsemux_65_5_8_1_1': 5 instance(s).
INFO: [RTGEN 206-100] Generating core module 'sparsemux_9_3_8_1_1': 1 instance(s).
INFO: [RTGEN 206-100] Finished creating RTL model for 'run_pwconv_Pipeline_VITIS_LOOP_155_86'.
INFO: [HLS 200-111] Finished Creating RTL model: CPU user time: 1 seconds. CPU system time: 0 seconds. Elapsed time: 0.422 seconds; current allocated memory: 8.118 GB.
INFO: [HLS 200-10] ----------------------------------------------------------------
INFO: [HLS 200-10] -- Generating RTL for module 'run_pwconv_Pipeline_VITIS_LOOP_155_87' 
INFO: [HLS 200-10] ----------------------------------------------------------------
INFO: [HLS 200-1030] Apply Unified Pipeline Control on module 'run_pwconv_Pipeline_VITIS_LOOP_155_87' pipeline 'VITIS_LOOP_155_8' pipeline type 'loop pipeline'
INFO: [RTGEN 206-100] Generating core module 'mac_muladd_8s_8s_32s_32_4_1': 1 instance(s).
INFO: [RTGEN 206-100] Generating core module 'sparsemux_65_5_8_1_1': 5 instance(s).
INFO: [RTGEN 206-100] Generating core module 'sparsemux_9_3_8_1_1': 1 instance(s).
INFO: [RTGEN 206-100] Finished creating RTL model for 'run_pwconv_Pipeline_VITIS_LOOP_155_87'.
INFO: [HLS 200-111] Finished Creating RTL model: CPU user time: 0 seconds. CPU system time: 0 seconds. Elapsed time: 0.424 seconds; current allocated memory: 8.118 GB.
INFO: [HLS 200-10] ----------------------------------------------------------------
INFO: [HLS 200-10] -- Generating RTL for module 'run_pwconv_Pipeline_VITIS_LOOP_155_88' 
INFO: [HLS 200-10] ----------------------------------------------------------------
INFO: [HLS 200-1030] Apply Unified Pipeline Control on module 'run_pwconv_Pipeline_VITIS_LOOP_155_88' pipeline 'VITIS_LOOP_155_8' pipeline type 'loop pipeline'
INFO: [RTGEN 206-100] Generating core module 'mac_muladd_8s_8s_32s_32_4_1': 1 instance(s).
INFO: [RTGEN 206-100] Generating core module 'sparsemux_65_5_8_1_1': 5 instance(s).
INFO: [RTGEN 206-100] Generating core module 'sparsemux_9_3_8_1_1': 1 instance(s).
INFO: [RTGEN 206-100] Finished creating RTL model for 'run_pwconv_Pipeline_VITIS_LOOP_155_88'.
INFO: [HLS 200-111] Finished Creating RTL model: CPU user time: 0 seconds. CPU system time: 0 seconds. Elapsed time: 0.417 seconds; current allocated memory: 8.118 GB.
INFO: [HLS 200-10] ----------------------------------------------------------------
INFO: [HLS 200-10] -- Generating RTL for module 'run_pwconv_Pipeline_VITIS_LOOP_155_89' 
INFO: [HLS 200-10] ----------------------------------------------------------------
INFO: [HLS 200-1030] Apply Unified Pipeline Control on module 'run_pwconv_Pipeline_VITIS_LOOP_155_89' pipeline 'VITIS_LOOP_155_8' pipeline type 'loop pipeline'
INFO: [RTGEN 206-100] Generating core module 'mac_muladd_8s_8s_32s_32_4_1': 1 instance(s).
INFO: [RTGEN 206-100] Generating core module 'sparsemux_65_5_8_1_1': 5 instance(s).
INFO: [RTGEN 206-100] Generating core module 'sparsemux_9_3_8_1_1': 1 instance(s).
INFO: [RTGEN 206-100] Finished creating RTL model for 'run_pwconv_Pipeline_VITIS_LOOP_155_89'.
INFO: [HLS 200-111] Finished Creating RTL model: CPU user time: 1 seconds. CPU system time: 0 seconds. Elapsed time: 0.42 seconds; current allocated memory: 8.118 GB.
INFO: [HLS 200-10] ----------------------------------------------------------------
INFO: [HLS 200-10] -- Generating RTL for module 'run_pwconv_Pipeline_VITIS_LOOP_155_810' 
INFO: [HLS 200-10] ----------------------------------------------------------------
INFO: [HLS 200-1030] Apply Unified Pipeline Control on module 'run_pwconv_Pipeline_VITIS_LOOP_155_810' pipeline 'VITIS_LOOP_155_8' pipeline type 'loop pipeline'
INFO: [RTGEN 206-100] Generating core module 'mac_muladd_8s_8s_32s_32_4_1': 1 instance(s).
INFO: [RTGEN 206-100] Generating core module 'sparsemux_65_5_8_1_1': 5 instance(s).
INFO: [RTGEN 206-100] Generating core module 'sparsemux_9_3_8_1_1': 1 instance(s).
INFO: [RTGEN 206-100] Finished creating RTL model for 'run_pwconv_Pipeline_VITIS_LOOP_155_810'.
INFO: [HLS 200-111] Finished Creating RTL model: CPU user time: 0 seconds. CPU system time: 0 seconds. Elapsed time: 0.427 seconds; current allocated memory: 8.118 GB.
INFO: [HLS 200-10] ----------------------------------------------------------------
INFO: [HLS 200-10] -- Generating RTL for module 'run_pwconv_Pipeline_VITIS_LOOP_155_811' 
INFO: [HLS 200-10] ----------------------------------------------------------------
INFO: [HLS 200-1030] Apply Unified Pipeline Control on module 'run_pwconv_Pipeline_VITIS_LOOP_155_811' pipeline 'VITIS_LOOP_155_8' pipeline type 'loop pipeline'
INFO: [RTGEN 206-100] Generating core module 'mac_muladd_8s_8s_32s_32_4_1': 1 instance(s).
INFO: [RTGEN 206-100] Generating core module 'sparsemux_65_5_8_1_1': 5 instance(s).
INFO: [RTGEN 206-100] Generating core module 'sparsemux_9_3_8_1_1': 1 instance(s).
INFO: [RTGEN 206-100] Finished creating RTL model for 'run_pwconv_Pipeline_VITIS_LOOP_155_811'.
INFO: [HLS 200-111] Finished Creating RTL model: CPU user time: 0 seconds. CPU system time: 0 seconds. Elapsed time: 0.41 seconds; current allocated memory: 8.118 GB.
INFO: [HLS 200-10] ----------------------------------------------------------------
INFO: [HLS 200-10] -- Generating RTL for module 'run_pwconv_Pipeline_VITIS_LOOP_155_812' 
INFO: [HLS 200-10] ----------------------------------------------------------------
INFO: [HLS 200-1030] Apply Unified Pipeline Control on module 'run_pwconv_Pipeline_VITIS_LOOP_155_812' pipeline 'VITIS_LOOP_155_8' pipeline type 'loop pipeline'
INFO: [RTGEN 206-100] Generating core module 'mac_muladd_8s_8s_32s_32_4_1': 1 instance(s).
INFO: [RTGEN 206-100] Generating core module 'sparsemux_65_5_8_1_1': 5 instance(s).
INFO: [RTGEN 206-100] Generating core module 'sparsemux_9_3_8_1_1': 1 instance(s).
INFO: [RTGEN 206-100] Finished creating RTL model for 'run_pwconv_Pipeline_VITIS_LOOP_155_812'.
INFO: [HLS 200-111] Finished Creating RTL model: CPU user time: 1 seconds. CPU system time: 0 seconds. Elapsed time: 0.428 seconds; current allocated memory: 8.118 GB.
INFO: [HLS 200-10] ----------------------------------------------------------------
INFO: [HLS 200-10] -- Generating RTL for module 'run_pwconv_Pipeline_VITIS_LOOP_155_813' 
INFO: [HLS 200-10] ----------------------------------------------------------------
INFO: [HLS 200-1030] Apply Unified Pipeline Control on module 'run_pwconv_Pipeline_VITIS_LOOP_155_813' pipeline 'VITIS_LOOP_155_8' pipeline type 'loop pipeline'
INFO: [RTGEN 206-100] Generating core module 'mac_muladd_8s_8s_32s_32_4_1': 1 instance(s).
INFO: [RTGEN 206-100] Generating core module 'sparsemux_65_5_8_1_1': 5 instance(s).
INFO: [RTGEN 206-100] Generating core module 'sparsemux_9_3_8_1_1': 1 instance(s).
INFO: [RTGEN 206-100] Finished creating RTL model for 'run_pwconv_Pipeline_VITIS_LOOP_155_813'.
INFO: [HLS 200-111] Finished Creating RTL model: CPU user time: 0 seconds. CPU system time: 0 seconds. Elapsed time: 0.414 seconds; current allocated memory: 8.118 GB.
INFO: [HLS 200-10] ----------------------------------------------------------------
INFO: [HLS 200-10] -- Generating RTL for module 'run_pwconv_Pipeline_VITIS_LOOP_155_814' 
INFO: [HLS 200-10] ----------------------------------------------------------------
INFO: [HLS 200-1030] Apply Unified Pipeline Control on module 'run_pwconv_Pipeline_VITIS_LOOP_155_814' pipeline 'VITIS_LOOP_155_8' pipeline type 'loop pipeline'
INFO: [RTGEN 206-100] Generating core module 'mac_muladd_8s_8s_32s_32_4_1': 1 instance(s).
INFO: [RTGEN 206-100] Generating core module 'sparsemux_65_5_8_1_1': 5 instance(s).
INFO: [RTGEN 206-100] Generating core module 'sparsemux_9_3_8_1_1': 1 instance(s).
INFO: [RTGEN 206-100] Finished creating RTL model for 'run_pwconv_Pipeline_VITIS_LOOP_155_814'.
INFO: [HLS 200-111] Finished Creating RTL model: CPU user time: 0 seconds. CPU system time: 0 seconds. Elapsed time: 0.42 seconds; current allocated memory: 8.118 GB.
INFO: [HLS 200-10] ----------------------------------------------------------------
INFO: [HLS 200-10] -- Generating RTL for module 'run_pwconv_Pipeline_VITIS_LOOP_155_815' 
INFO: [HLS 200-10] ----------------------------------------------------------------
INFO: [HLS 200-1030] Apply Unified Pipeline Control on module 'run_pwconv_Pipeline_VITIS_LOOP_155_815' pipeline 'VITIS_LOOP_155_8' pipeline type 'loop pipeline'
INFO: [RTGEN 206-100] Generating core module 'mac_muladd_8s_8s_32s_32_4_1': 1 instance(s).
INFO: [RTGEN 206-100] Generating core module 'sparsemux_65_5_8_1_1': 5 instance(s).
INFO: [RTGEN 206-100] Generating core module 'sparsemux_9_3_8_1_1': 1 instance(s).
INFO: [RTGEN 206-100] Finished creating RTL model for 'run_pwconv_Pipeline_VITIS_LOOP_155_815'.
INFO: [HLS 200-111] Finished Creating RTL model: CPU user time: 1 seconds. CPU system time: 0 seconds. Elapsed time: 0.424 seconds; current allocated memory: 8.118 GB.
INFO: [HLS 200-10] ----------------------------------------------------------------
INFO: [HLS 200-10] -- Generating RTL for module 'run_pwconv_Pipeline_VITIS_LOOP_155_816' 
INFO: [HLS 200-10] ----------------------------------------------------------------
INFO: [HLS 200-1030] Apply Unified Pipeline Control on module 'run_pwconv_Pipeline_VITIS_LOOP_155_816' pipeline 'VITIS_LOOP_155_8' pipeline type 'loop pipeline'
INFO: [RTGEN 206-100] Generating core module 'mac_muladd_8s_8s_32s_32_4_1': 1 instance(s).
INFO: [RTGEN 206-100] Generating core module 'sparsemux_65_5_8_1_1': 5 instance(s).
INFO: [RTGEN 206-100] Generating core module 'sparsemux_9_3_8_1_1': 1 instance(s).
INFO: [RTGEN 206-100] Finished creating RTL model for 'run_pwconv_Pipeline_VITIS_LOOP_155_816'.
INFO: [HLS 200-111] Finished Creating RTL model: CPU user time: 0 seconds. CPU system time: 0 seconds. Elapsed time: 0.437 seconds; current allocated memory: 8.118 GB.
INFO: [HLS 200-10] ----------------------------------------------------------------
INFO: [HLS 200-10] -- Generating RTL for module 'run_pwconv_Pipeline_VITIS_LOOP_155_817' 
INFO: [HLS 200-10] ----------------------------------------------------------------
INFO: [HLS 200-1030] Apply Unified Pipeline Control on module 'run_pwconv_Pipeline_VITIS_LOOP_155_817' pipeline 'VITIS_LOOP_155_8' pipeline type 'loop pipeline'
INFO: [RTGEN 206-100] Generating core module 'mac_muladd_8s_8s_32s_32_4_1': 1 instance(s).
INFO: [RTGEN 206-100] Generating core module 'sparsemux_65_5_8_1_1': 5 instance(s).
INFO: [RTGEN 206-100] Generating core module 'sparsemux_9_3_8_1_1': 1 instance(s).
INFO: [RTGEN 206-100] Finished creating RTL model for 'run_pwconv_Pipeline_VITIS_LOOP_155_817'.
INFO: [HLS 200-111] Finished Creating RTL model: CPU user time: 0 seconds. CPU system time: 0 seconds. Elapsed time: 0.412 seconds; current allocated memory: 8.118 GB.
INFO: [HLS 200-10] ----------------------------------------------------------------
INFO: [HLS 200-10] -- Generating RTL for module 'run_pwconv_Pipeline_VITIS_LOOP_155_818' 
INFO: [HLS 200-10] ----------------------------------------------------------------
INFO: [HLS 200-1030] Apply Unified Pipeline Control on module 'run_pwconv_Pipeline_VITIS_LOOP_155_818' pipeline 'VITIS_LOOP_155_8' pipeline type 'loop pipeline'
INFO: [RTGEN 206-100] Generating core module 'mac_muladd_8s_8s_32s_32_4_1': 1 instance(s).
INFO: [RTGEN 206-100] Generating core module 'sparsemux_65_5_8_1_1': 5 instance(s).
INFO: [RTGEN 206-100] Generating core module 'sparsemux_9_3_8_1_1': 1 instance(s).
INFO: [RTGEN 206-100] Finished creating RTL model for 'run_pwconv_Pipeline_VITIS_LOOP_155_818'.
INFO: [HLS 200-111] Finished Creating RTL model: CPU user time: 1 seconds. CPU system time: 1 seconds. Elapsed time: 0.423 seconds; current allocated memory: 8.118 GB.
INFO: [HLS 200-10] ----------------------------------------------------------------
INFO: [HLS 200-10] -- Generating RTL for module 'run_pwconv_Pipeline_VITIS_LOOP_155_819' 
INFO: [HLS 200-10] ----------------------------------------------------------------
INFO: [HLS 200-1030] Apply Unified Pipeline Control on module 'run_pwconv_Pipeline_VITIS_LOOP_155_819' pipeline 'VITIS_LOOP_155_8' pipeline type 'loop pipeline'
INFO: [RTGEN 206-100] Generating core module 'mac_muladd_8s_8s_32s_32_4_1': 1 instance(s).
INFO: [RTGEN 206-100] Generating core module 'sparsemux_65_5_8_1_1': 5 instance(s).
INFO: [RTGEN 206-100] Generating core module 'sparsemux_9_3_8_1_1': 1 instance(s).
INFO: [RTGEN 206-100] Finished creating RTL model for 'run_pwconv_Pipeline_VITIS_LOOP_155_819'.
INFO: [HLS 200-111] Finished Creating RTL model: CPU user time: 0 seconds. CPU system time: 0 seconds. Elapsed time: 0.418 seconds; current allocated memory: 8.118 GB.
INFO: [HLS 200-10] ----------------------------------------------------------------
INFO: [HLS 200-10] -- Generating RTL for module 'run_pwconv_Pipeline_VITIS_LOOP_155_820' 
INFO: [HLS 200-10] ----------------------------------------------------------------
INFO: [HLS 200-1030] Apply Unified Pipeline Control on module 'run_pwconv_Pipeline_VITIS_LOOP_155_820' pipeline 'VITIS_LOOP_155_8' pipeline type 'loop pipeline'
INFO: [RTGEN 206-100] Generating core module 'mac_muladd_8s_8s_32s_32_4_1': 1 instance(s).
INFO: [RTGEN 206-100] Generating core module 'sparsemux_65_5_8_1_1': 5 instance(s).
INFO: [RTGEN 206-100] Generating core module 'sparsemux_9_3_8_1_1': 1 instance(s).
INFO: [RTGEN 206-100] Finished creating RTL model for 'run_pwconv_Pipeline_VITIS_LOOP_155_820'.
INFO: [HLS 200-111] Finished Creating RTL model: CPU user time: 0 seconds. CPU system time: 0 seconds. Elapsed time: 0.424 seconds; current allocated memory: 8.118 GB.
INFO: [HLS 200-10] ----------------------------------------------------------------
INFO: [HLS 200-10] -- Generating RTL for module 'run_pwconv_Pipeline_VITIS_LOOP_155_821' 
INFO: [HLS 200-10] ----------------------------------------------------------------
INFO: [HLS 200-1030] Apply Unified Pipeline Control on module 'run_pwconv_Pipeline_VITIS_LOOP_155_821' pipeline 'VITIS_LOOP_155_8' pipeline type 'loop pipeline'
INFO: [RTGEN 206-100] Generating core module 'mac_muladd_8s_8s_32s_32_4_1': 1 instance(s).
INFO: [RTGEN 206-100] Generating core module 'sparsemux_65_5_8_1_1': 5 instance(s).
INFO: [RTGEN 206-100] Generating core module 'sparsemux_9_3_8_1_1': 1 instance(s).
INFO: [RTGEN 206-100] Finished creating RTL model for 'run_pwconv_Pipeline_VITIS_LOOP_155_821'.
INFO: [HLS 200-111] Finished Creating RTL model: CPU user time: 1 seconds. CPU system time: 0 seconds. Elapsed time: 0.423 seconds; current allocated memory: 8.118 GB.
INFO: [HLS 200-10] ----------------------------------------------------------------
INFO: [HLS 200-10] -- Generating RTL for module 'run_pwconv_Pipeline_VITIS_LOOP_155_822' 
INFO: [HLS 200-10] ----------------------------------------------------------------
INFO: [HLS 200-1030] Apply Unified Pipeline Control on module 'run_pwconv_Pipeline_VITIS_LOOP_155_822' pipeline 'VITIS_LOOP_155_8' pipeline type 'loop pipeline'
INFO: [RTGEN 206-100] Generating core module 'mac_muladd_8s_8s_32s_32_4_1': 1 instance(s).
INFO: [RTGEN 206-100] Generating core module 'sparsemux_65_5_8_1_1': 5 instance(s).
INFO: [RTGEN 206-100] Generating core module 'sparsemux_9_3_8_1_1': 1 instance(s).
INFO: [RTGEN 206-100] Finished creating RTL model for 'run_pwconv_Pipeline_VITIS_LOOP_155_822'.
INFO: [HLS 200-111] Finished Creating RTL model: CPU user time: 0 seconds. CPU system time: 0 seconds. Elapsed time: 0.415 seconds; current allocated memory: 8.118 GB.
INFO: [HLS 200-10] ----------------------------------------------------------------
INFO: [HLS 200-10] -- Generating RTL for module 'run_pwconv_Pipeline_VITIS_LOOP_155_823' 
INFO: [HLS 200-10] ----------------------------------------------------------------
INFO: [HLS 200-1030] Apply Unified Pipeline Control on module 'run_pwconv_Pipeline_VITIS_LOOP_155_823' pipeline 'VITIS_LOOP_155_8' pipeline type 'loop pipeline'
INFO: [RTGEN 206-100] Generating core module 'mac_muladd_8s_8s_32s_32_4_1': 1 instance(s).
INFO: [RTGEN 206-100] Generating core module 'sparsemux_65_5_8_1_1': 5 instance(s).
INFO: [RTGEN 206-100] Generating core module 'sparsemux_9_3_8_1_1': 1 instance(s).
INFO: [RTGEN 206-100] Finished creating RTL model for 'run_pwconv_Pipeline_VITIS_LOOP_155_823'.
INFO: [HLS 200-111] Finished Creating RTL model: CPU user time: 0 seconds. CPU system time: 0 seconds. Elapsed time: 0.417 seconds; current allocated memory: 8.118 GB.
INFO: [HLS 200-10] ----------------------------------------------------------------
INFO: [HLS 200-10] -- Generating RTL for module 'run_pwconv_Pipeline_VITIS_LOOP_155_824' 
INFO: [HLS 200-10] ----------------------------------------------------------------
INFO: [HLS 200-1030] Apply Unified Pipeline Control on module 'run_pwconv_Pipeline_VITIS_LOOP_155_824' pipeline 'VITIS_LOOP_155_8' pipeline type 'loop pipeline'
INFO: [RTGEN 206-100] Generating core module 'mac_muladd_8s_8s_32s_32_4_1': 1 instance(s).
INFO: [RTGEN 206-100] Generating core module 'sparsemux_65_5_8_1_1': 5 instance(s).
INFO: [RTGEN 206-100] Generating core module 'sparsemux_9_3_8_1_1': 1 instance(s).
INFO: [RTGEN 206-100] Finished creating RTL model for 'run_pwconv_Pipeline_VITIS_LOOP_155_824'.
INFO: [HLS 200-111] Finished Creating RTL model: CPU user time: 1 seconds. CPU system time: 0 seconds. Elapsed time: 0.414 seconds; current allocated memory: 8.118 GB.
INFO: [HLS 200-10] ----------------------------------------------------------------
INFO: [HLS 200-10] -- Generating RTL for module 'run_pwconv_Pipeline_VITIS_LOOP_155_825' 
INFO: [HLS 200-10] ----------------------------------------------------------------
INFO: [HLS 200-1030] Apply Unified Pipeline Control on module 'run_pwconv_Pipeline_VITIS_LOOP_155_825' pipeline 'VITIS_LOOP_155_8' pipeline type 'loop pipeline'
INFO: [RTGEN 206-100] Generating core module 'mac_muladd_8s_8s_32s_32_4_1': 1 instance(s).
INFO: [RTGEN 206-100] Generating core module 'sparsemux_65_5_8_1_1': 5 instance(s).
INFO: [RTGEN 206-100] Generating core module 'sparsemux_9_3_8_1_1': 1 instance(s).
INFO: [RTGEN 206-100] Finished creating RTL model for 'run_pwconv_Pipeline_VITIS_LOOP_155_825'.
INFO: [HLS 200-111] Finished Creating RTL model: CPU user time: 0 seconds. CPU system time: 0 seconds. Elapsed time: 0.424 seconds; current allocated memory: 8.118 GB.
INFO: [HLS 200-10] ----------------------------------------------------------------
INFO: [HLS 200-10] -- Generating RTL for module 'run_pwconv_Pipeline_VITIS_LOOP_155_826' 
INFO: [HLS 200-10] ----------------------------------------------------------------
INFO: [HLS 200-1030] Apply Unified Pipeline Control on module 'run_pwconv_Pipeline_VITIS_LOOP_155_826' pipeline 'VITIS_LOOP_155_8' pipeline type 'loop pipeline'
INFO: [RTGEN 206-100] Generating core module 'mac_muladd_8s_8s_32s_32_4_1': 1 instance(s).
INFO: [RTGEN 206-100] Generating core module 'sparsemux_65_5_8_1_1': 5 instance(s).
INFO: [RTGEN 206-100] Generating core module 'sparsemux_9_3_8_1_1': 1 instance(s).
INFO: [RTGEN 206-100] Finished creating RTL model for 'run_pwconv_Pipeline_VITIS_LOOP_155_826'.
INFO: [HLS 200-111] Finished Creating RTL model: CPU user time: 0 seconds. CPU system time: 0 seconds. Elapsed time: 0.42 seconds; current allocated memory: 8.118 GB.
INFO: [HLS 200-10] ----------------------------------------------------------------
INFO: [HLS 200-10] -- Generating RTL for module 'run_pwconv_Pipeline_VITIS_LOOP_155_827' 
INFO: [HLS 200-10] ----------------------------------------------------------------
INFO: [HLS 200-1030] Apply Unified Pipeline Control on module 'run_pwconv_Pipeline_VITIS_LOOP_155_827' pipeline 'VITIS_LOOP_155_8' pipeline type 'loop pipeline'
INFO: [RTGEN 206-100] Generating core module 'mac_muladd_8s_8s_32s_32_4_1': 1 instance(s).
INFO: [RTGEN 206-100] Generating core module 'sparsemux_65_5_8_1_1': 5 instance(s).
INFO: [RTGEN 206-100] Generating core module 'sparsemux_9_3_8_1_1': 1 instance(s).
INFO: [RTGEN 206-100] Finished creating RTL model for 'run_pwconv_Pipeline_VITIS_LOOP_155_827'.
INFO: [HLS 200-111] Finished Creating RTL model: CPU user time: 1 seconds. CPU system time: 0 seconds. Elapsed time: 0.431 seconds; current allocated memory: 8.118 GB.
INFO: [HLS 200-10] ----------------------------------------------------------------
INFO: [HLS 200-10] -- Generating RTL for module 'run_pwconv_Pipeline_VITIS_LOOP_155_828' 
INFO: [HLS 200-10] ----------------------------------------------------------------
INFO: [HLS 200-1030] Apply Unified Pipeline Control on module 'run_pwconv_Pipeline_VITIS_LOOP_155_828' pipeline 'VITIS_LOOP_155_8' pipeline type 'loop pipeline'
INFO: [RTGEN 206-100] Generating core module 'mac_muladd_8s_8s_32s_32_4_1': 1 instance(s).
INFO: [RTGEN 206-100] Generating core module 'sparsemux_65_5_8_1_1': 5 instance(s).
INFO: [RTGEN 206-100] Generating core module 'sparsemux_9_3_8_1_1': 1 instance(s).
INFO: [RTGEN 206-100] Finished creating RTL model for 'run_pwconv_Pipeline_VITIS_LOOP_155_828'.
INFO: [HLS 200-111] Finished Creating RTL model: CPU user time: 0 seconds. CPU system time: 0 seconds. Elapsed time: 0.427 seconds; current allocated memory: 8.118 GB.
INFO: [HLS 200-10] ----------------------------------------------------------------
INFO: [HLS 200-10] -- Generating RTL for module 'run_pwconv_Pipeline_VITIS_LOOP_155_829' 
INFO: [HLS 200-10] ----------------------------------------------------------------
INFO: [HLS 200-1030] Apply Unified Pipeline Control on module 'run_pwconv_Pipeline_VITIS_LOOP_155_829' pipeline 'VITIS_LOOP_155_8' pipeline type 'loop pipeline'
INFO: [RTGEN 206-100] Generating core module 'mac_muladd_8s_8s_32s_32_4_1': 1 instance(s).
INFO: [RTGEN 206-100] Generating core module 'sparsemux_65_5_8_1_1': 5 instance(s).
INFO: [RTGEN 206-100] Generating core module 'sparsemux_9_3_8_1_1': 1 instance(s).
INFO: [RTGEN 206-100] Finished creating RTL model for 'run_pwconv_Pipeline_VITIS_LOOP_155_829'.
INFO: [HLS 200-111] Finished Creating RTL model: CPU user time: 0 seconds. CPU system time: 0 seconds. Elapsed time: 0.453 seconds; current allocated memory: 8.118 GB.
INFO: [HLS 200-10] ----------------------------------------------------------------
INFO: [HLS 200-10] -- Generating RTL for module 'run_pwconv_Pipeline_VITIS_LOOP_155_830' 
INFO: [HLS 200-10] ----------------------------------------------------------------
INFO: [HLS 200-1030] Apply Unified Pipeline Control on module 'run_pwconv_Pipeline_VITIS_LOOP_155_830' pipeline 'VITIS_LOOP_155_8' pipeline type 'loop pipeline'
INFO: [RTGEN 206-100] Generating core module 'mac_muladd_8s_8s_32s_32_4_1': 1 instance(s).
INFO: [RTGEN 206-100] Generating core module 'sparsemux_65_5_8_1_1': 5 instance(s).
INFO: [RTGEN 206-100] Generating core module 'sparsemux_9_3_8_1_1': 1 instance(s).
INFO: [RTGEN 206-100] Finished creating RTL model for 'run_pwconv_Pipeline_VITIS_LOOP_155_830'.
INFO: [HLS 200-111] Finished Creating RTL model: CPU user time: 1 seconds. CPU system time: 0 seconds. Elapsed time: 0.449 seconds; current allocated memory: 8.118 GB.
INFO: [HLS 200-10] ----------------------------------------------------------------
INFO: [HLS 200-10] -- Generating RTL for module 'run_pwconv_Pipeline_VITIS_LOOP_155_831' 
INFO: [HLS 200-10] ----------------------------------------------------------------
INFO: [HLS 200-1030] Apply Unified Pipeline Control on module 'run_pwconv_Pipeline_VITIS_LOOP_155_831' pipeline 'VITIS_LOOP_155_8' pipeline type 'loop pipeline'
INFO: [RTGEN 206-100] Generating core module 'mac_muladd_8s_8s_32s_32_4_1': 1 instance(s).
INFO: [RTGEN 206-100] Generating core module 'sparsemux_65_5_8_1_1': 5 instance(s).
INFO: [RTGEN 206-100] Generating core module 'sparsemux_9_3_8_1_1': 1 instance(s).
INFO: [RTGEN 206-100] Finished creating RTL model for 'run_pwconv_Pipeline_VITIS_LOOP_155_831'.
INFO: [HLS 200-111] Finished Creating RTL model: CPU user time: 0 seconds. CPU system time: 0 seconds. Elapsed time: 0.418 seconds; current allocated memory: 8.118 GB.
INFO: [HLS 200-10] ----------------------------------------------------------------
INFO: [HLS 200-10] -- Generating RTL for module 'run_pwconv_Pipeline_VITIS_LOOP_155_832' 
INFO: [HLS 200-10] ----------------------------------------------------------------
INFO: [HLS 200-1030] Apply Unified Pipeline Control on module 'run_pwconv_Pipeline_VITIS_LOOP_155_832' pipeline 'VITIS_LOOP_155_8' pipeline type 'loop pipeline'
INFO: [RTGEN 206-100] Generating core module 'mac_muladd_8s_8s_32s_32_4_1': 1 instance(s).
INFO: [RTGEN 206-100] Generating core module 'sparsemux_65_5_8_1_1': 5 instance(s).
INFO: [RTGEN 206-100] Generating core module 'sparsemux_9_3_8_1_1': 1 instance(s).
INFO: [RTGEN 206-100] Finished creating RTL model for 'run_pwconv_Pipeline_VITIS_LOOP_155_832'.
INFO: [HLS 200-111] Finished Creating RTL model: CPU user time: 0 seconds. CPU system time: 0 seconds. Elapsed time: 0.42 seconds; current allocated memory: 8.118 GB.
INFO: [HLS 200-10] ----------------------------------------------------------------
INFO: [HLS 200-10] -- Generating RTL for module 'run_pwconv_Pipeline_VITIS_LOOP_155_833' 
INFO: [HLS 200-10] ----------------------------------------------------------------
INFO: [HLS 200-1030] Apply Unified Pipeline Control on module 'run_pwconv_Pipeline_VITIS_LOOP_155_833' pipeline 'VITIS_LOOP_155_8' pipeline type 'loop pipeline'
INFO: [RTGEN 206-100] Generating core module 'mac_muladd_8s_8s_32s_32_4_1': 1 instance(s).
INFO: [RTGEN 206-100] Generating core module 'sparsemux_65_5_8_1_1': 5 instance(s).
INFO: [RTGEN 206-100] Generating core module 'sparsemux_9_3_8_1_1': 1 instance(s).
INFO: [RTGEN 206-100] Finished creating RTL model for 'run_pwconv_Pipeline_VITIS_LOOP_155_833'.
INFO: [HLS 200-111] Finished Creating RTL model: CPU user time: 1 seconds. CPU system time: 0 seconds. Elapsed time: 0.426 seconds; current allocated memory: 8.118 GB.
INFO: [HLS 200-10] ----------------------------------------------------------------
INFO: [HLS 200-10] -- Generating RTL for module 'run_pwconv_Pipeline_VITIS_LOOP_155_834' 
INFO: [HLS 200-10] ----------------------------------------------------------------
INFO: [HLS 200-1030] Apply Unified Pipeline Control on module 'run_pwconv_Pipeline_VITIS_LOOP_155_834' pipeline 'VITIS_LOOP_155_8' pipeline type 'loop pipeline'
INFO: [RTGEN 206-100] Generating core module 'mac_muladd_8s_8s_32s_32_4_1': 1 instance(s).
INFO: [RTGEN 206-100] Generating core module 'sparsemux_65_5_8_1_1': 5 instance(s).
INFO: [RTGEN 206-100] Generating core module 'sparsemux_9_3_8_1_1': 1 instance(s).
INFO: [RTGEN 206-100] Finished creating RTL model for 'run_pwconv_Pipeline_VITIS_LOOP_155_834'.
INFO: [HLS 200-111] Finished Creating RTL model: CPU user time: 0 seconds. CPU system time: 0 seconds. Elapsed time: 0.427 seconds; current allocated memory: 8.118 GB.
INFO: [HLS 200-10] ----------------------------------------------------------------
INFO: [HLS 200-10] -- Generating RTL for module 'run_pwconv_Pipeline_VITIS_LOOP_155_835' 
INFO: [HLS 200-10] ----------------------------------------------------------------
INFO: [HLS 200-1030] Apply Unified Pipeline Control on module 'run_pwconv_Pipeline_VITIS_LOOP_155_835' pipeline 'VITIS_LOOP_155_8' pipeline type 'loop pipeline'
INFO: [RTGEN 206-100] Generating core module 'mac_muladd_8s_8s_32s_32_4_1': 1 instance(s).
INFO: [RTGEN 206-100] Generating core module 'sparsemux_65_5_8_1_1': 5 instance(s).
INFO: [RTGEN 206-100] Generating core module 'sparsemux_9_3_8_1_1': 1 instance(s).
INFO: [RTGEN 206-100] Finished creating RTL model for 'run_pwconv_Pipeline_VITIS_LOOP_155_835'.
INFO: [HLS 200-111] Finished Creating RTL model: CPU user time: 0 seconds. CPU system time: 1 seconds. Elapsed time: 0.434 seconds; current allocated memory: 8.118 GB.
INFO: [HLS 200-10] ----------------------------------------------------------------
INFO: [HLS 200-10] -- Generating RTL for module 'run_pwconv_Pipeline_VITIS_LOOP_155_836' 
INFO: [HLS 200-10] ----------------------------------------------------------------
INFO: [HLS 200-1030] Apply Unified Pipeline Control on module 'run_pwconv_Pipeline_VITIS_LOOP_155_836' pipeline 'VITIS_LOOP_155_8' pipeline type 'loop pipeline'
INFO: [RTGEN 206-100] Generating core module 'mac_muladd_8s_8s_32s_32_4_1': 1 instance(s).
INFO: [RTGEN 206-100] Generating core module 'sparsemux_65_5_8_1_1': 5 instance(s).
INFO: [RTGEN 206-100] Generating core module 'sparsemux_9_3_8_1_1': 1 instance(s).
INFO: [RTGEN 206-100] Finished creating RTL model for 'run_pwconv_Pipeline_VITIS_LOOP_155_836'.
INFO: [HLS 200-111] Finished Creating RTL model: CPU user time: 1 seconds. CPU system time: 0 seconds. Elapsed time: 0.436 seconds; current allocated memory: 8.118 GB.
INFO: [HLS 200-10] ----------------------------------------------------------------
INFO: [HLS 200-10] -- Generating RTL for module 'run_pwconv_Pipeline_VITIS_LOOP_155_837' 
INFO: [HLS 200-10] ----------------------------------------------------------------
INFO: [HLS 200-1030] Apply Unified Pipeline Control on module 'run_pwconv_Pipeline_VITIS_LOOP_155_837' pipeline 'VITIS_LOOP_155_8' pipeline type 'loop pipeline'
INFO: [RTGEN 206-100] Generating core module 'mac_muladd_8s_8s_32s_32_4_1': 1 instance(s).
INFO: [RTGEN 206-100] Generating core module 'sparsemux_65_5_8_1_1': 5 instance(s).
INFO: [RTGEN 206-100] Generating core module 'sparsemux_9_3_8_1_1': 1 instance(s).
INFO: [RTGEN 206-100] Finished creating RTL model for 'run_pwconv_Pipeline_VITIS_LOOP_155_837'.
INFO: [HLS 200-111] Finished Creating RTL model: CPU user time: 0 seconds. CPU system time: 0 seconds. Elapsed time: 0.418 seconds; current allocated memory: 8.118 GB.
INFO: [HLS 200-10] ----------------------------------------------------------------
INFO: [HLS 200-10] -- Generating RTL for module 'run_pwconv_Pipeline_VITIS_LOOP_155_838' 
INFO: [HLS 200-10] ----------------------------------------------------------------
INFO: [HLS 200-1030] Apply Unified Pipeline Control on module 'run_pwconv_Pipeline_VITIS_LOOP_155_838' pipeline 'VITIS_LOOP_155_8' pipeline type 'loop pipeline'
INFO: [RTGEN 206-100] Generating core module 'mac_muladd_8s_8s_32s_32_4_1': 1 instance(s).
INFO: [RTGEN 206-100] Generating core module 'sparsemux_65_5_8_1_1': 5 instance(s).
INFO: [RTGEN 206-100] Generating core module 'sparsemux_9_3_8_1_1': 1 instance(s).
INFO: [RTGEN 206-100] Finished creating RTL model for 'run_pwconv_Pipeline_VITIS_LOOP_155_838'.
INFO: [HLS 200-111] Finished Creating RTL model: CPU user time: 0 seconds. CPU system time: 0 seconds. Elapsed time: 0.425 seconds; current allocated memory: 8.118 GB.
INFO: [HLS 200-10] ----------------------------------------------------------------
INFO: [HLS 200-10] -- Generating RTL for module 'run_pwconv_Pipeline_VITIS_LOOP_155_839' 
INFO: [HLS 200-10] ----------------------------------------------------------------
INFO: [HLS 200-1030] Apply Unified Pipeline Control on module 'run_pwconv_Pipeline_VITIS_LOOP_155_839' pipeline 'VITIS_LOOP_155_8' pipeline type 'loop pipeline'
INFO: [RTGEN 206-100] Generating core module 'mac_muladd_8s_8s_32s_32_4_1': 1 instance(s).
INFO: [RTGEN 206-100] Generating core module 'sparsemux_65_5_8_1_1': 5 instance(s).
INFO: [RTGEN 206-100] Generating core module 'sparsemux_9_3_8_1_1': 1 instance(s).
INFO: [RTGEN 206-100] Finished creating RTL model for 'run_pwconv_Pipeline_VITIS_LOOP_155_839'.
INFO: [HLS 200-111] Finished Creating RTL model: CPU user time: 1 seconds. CPU system time: 0 seconds. Elapsed time: 0.425 seconds; current allocated memory: 8.118 GB.
INFO: [HLS 200-10] ----------------------------------------------------------------
INFO: [HLS 200-10] -- Generating RTL for module 'run_pwconv_Pipeline_VITIS_LOOP_155_840' 
INFO: [HLS 200-10] ----------------------------------------------------------------
INFO: [HLS 200-1030] Apply Unified Pipeline Control on module 'run_pwconv_Pipeline_VITIS_LOOP_155_840' pipeline 'VITIS_LOOP_155_8' pipeline type 'loop pipeline'
INFO: [RTGEN 206-100] Generating core module 'mac_muladd_8s_8s_32s_32_4_1': 1 instance(s).
INFO: [RTGEN 206-100] Generating core module 'sparsemux_65_5_8_1_1': 5 instance(s).
INFO: [RTGEN 206-100] Generating core module 'sparsemux_9_3_8_1_1': 1 instance(s).
INFO: [RTGEN 206-100] Finished creating RTL model for 'run_pwconv_Pipeline_VITIS_LOOP_155_840'.
INFO: [HLS 200-111] Finished Creating RTL model: CPU user time: 0 seconds. CPU system time: 0 seconds. Elapsed time: 0.421 seconds; current allocated memory: 8.118 GB.
INFO: [HLS 200-10] ----------------------------------------------------------------
INFO: [HLS 200-10] -- Generating RTL for module 'run_pwconv_Pipeline_VITIS_LOOP_155_841' 
INFO: [HLS 200-10] ----------------------------------------------------------------
INFO: [HLS 200-1030] Apply Unified Pipeline Control on module 'run_pwconv_Pipeline_VITIS_LOOP_155_841' pipeline 'VITIS_LOOP_155_8' pipeline type 'loop pipeline'
INFO: [RTGEN 206-100] Generating core module 'mac_muladd_8s_8s_32s_32_4_1': 1 instance(s).
INFO: [RTGEN 206-100] Generating core module 'sparsemux_65_5_8_1_1': 5 instance(s).
INFO: [RTGEN 206-100] Generating core module 'sparsemux_9_3_8_1_1': 1 instance(s).
INFO: [RTGEN 206-100] Finished creating RTL model for 'run_pwconv_Pipeline_VITIS_LOOP_155_841'.
INFO: [HLS 200-111] Finished Creating RTL model: CPU user time: 0 seconds. CPU system time: 0 seconds. Elapsed time: 0.427 seconds; current allocated memory: 8.121 GB.
INFO: [HLS 200-10] ----------------------------------------------------------------
INFO: [HLS 200-10] -- Generating RTL for module 'run_pwconv_Pipeline_VITIS_LOOP_155_842' 
INFO: [HLS 200-10] ----------------------------------------------------------------
INFO: [HLS 200-1030] Apply Unified Pipeline Control on module 'run_pwconv_Pipeline_VITIS_LOOP_155_842' pipeline 'VITIS_LOOP_155_8' pipeline type 'loop pipeline'
INFO: [RTGEN 206-100] Generating core module 'mac_muladd_8s_8s_32s_32_4_1': 1 instance(s).
INFO: [RTGEN 206-100] Generating core module 'sparsemux_65_5_8_1_1': 5 instance(s).
INFO: [RTGEN 206-100] Generating core module 'sparsemux_9_3_8_1_1': 1 instance(s).
INFO: [RTGEN 206-100] Finished creating RTL model for 'run_pwconv_Pipeline_VITIS_LOOP_155_842'.
INFO: [HLS 200-111] Finished Creating RTL model: CPU user time: 1 seconds. CPU system time: 0 seconds. Elapsed time: 0.429 seconds; current allocated memory: 8.127 GB.
INFO: [HLS 200-10] ----------------------------------------------------------------
INFO: [HLS 200-10] -- Generating RTL for module 'run_pwconv_Pipeline_VITIS_LOOP_155_843' 
INFO: [HLS 200-10] ----------------------------------------------------------------
INFO: [HLS 200-1030] Apply Unified Pipeline Control on module 'run_pwconv_Pipeline_VITIS_LOOP_155_843' pipeline 'VITIS_LOOP_155_8' pipeline type 'loop pipeline'
INFO: [RTGEN 206-100] Generating core module 'mac_muladd_8s_8s_32s_32_4_1': 1 instance(s).
INFO: [RTGEN 206-100] Generating core module 'sparsemux_65_5_8_1_1': 5 instance(s).
INFO: [RTGEN 206-100] Generating core module 'sparsemux_9_3_8_1_1': 1 instance(s).
INFO: [RTGEN 206-100] Finished creating RTL model for 'run_pwconv_Pipeline_VITIS_LOOP_155_843'.
INFO: [HLS 200-111] Finished Creating RTL model: CPU user time: 0 seconds. CPU system time: 0 seconds. Elapsed time: 0.424 seconds; current allocated memory: 8.132 GB.
INFO: [HLS 200-10] ----------------------------------------------------------------
INFO: [HLS 200-10] -- Generating RTL for module 'run_pwconv_Pipeline_VITIS_LOOP_155_844' 
INFO: [HLS 200-10] ----------------------------------------------------------------
INFO: [HLS 200-1030] Apply Unified Pipeline Control on module 'run_pwconv_Pipeline_VITIS_LOOP_155_844' pipeline 'VITIS_LOOP_155_8' pipeline type 'loop pipeline'
INFO: [RTGEN 206-100] Generating core module 'mac_muladd_8s_8s_32s_32_4_1': 1 instance(s).
INFO: [RTGEN 206-100] Generating core module 'sparsemux_65_5_8_1_1': 5 instance(s).
INFO: [RTGEN 206-100] Generating core module 'sparsemux_9_3_8_1_1': 1 instance(s).
INFO: [RTGEN 206-100] Finished creating RTL model for 'run_pwconv_Pipeline_VITIS_LOOP_155_844'.
INFO: [HLS 200-111] Finished Creating RTL model: CPU user time: 0 seconds. CPU system time: 0 seconds. Elapsed time: 0.43 seconds; current allocated memory: 8.138 GB.
INFO: [HLS 200-10] ----------------------------------------------------------------
INFO: [HLS 200-10] -- Generating RTL for module 'run_pwconv_Pipeline_VITIS_LOOP_155_845' 
INFO: [HLS 200-10] ----------------------------------------------------------------
INFO: [HLS 200-1030] Apply Unified Pipeline Control on module 'run_pwconv_Pipeline_VITIS_LOOP_155_845' pipeline 'VITIS_LOOP_155_8' pipeline type 'loop pipeline'
INFO: [RTGEN 206-100] Generating core module 'mac_muladd_8s_8s_32s_32_4_1': 1 instance(s).
INFO: [RTGEN 206-100] Generating core module 'sparsemux_65_5_8_1_1': 5 instance(s).
INFO: [RTGEN 206-100] Generating core module 'sparsemux_9_3_8_1_1': 1 instance(s).
INFO: [RTGEN 206-100] Finished creating RTL model for 'run_pwconv_Pipeline_VITIS_LOOP_155_845'.
INFO: [HLS 200-111] Finished Creating RTL model: CPU user time: 1 seconds. CPU system time: 0 seconds. Elapsed time: 0.438 seconds; current allocated memory: 8.144 GB.
INFO: [HLS 200-10] ----------------------------------------------------------------
INFO: [HLS 200-10] -- Generating RTL for module 'run_pwconv_Pipeline_VITIS_LOOP_155_846' 
INFO: [HLS 200-10] ----------------------------------------------------------------
INFO: [HLS 200-1030] Apply Unified Pipeline Control on module 'run_pwconv_Pipeline_VITIS_LOOP_155_846' pipeline 'VITIS_LOOP_155_8' pipeline type 'loop pipeline'
INFO: [RTGEN 206-100] Generating core module 'mac_muladd_8s_8s_32s_32_4_1': 1 instance(s).
INFO: [RTGEN 206-100] Generating core module 'sparsemux_65_5_8_1_1': 5 instance(s).
INFO: [RTGEN 206-100] Generating core module 'sparsemux_9_3_8_1_1': 1 instance(s).
INFO: [RTGEN 206-100] Finished creating RTL model for 'run_pwconv_Pipeline_VITIS_LOOP_155_846'.
INFO: [HLS 200-111] Finished Creating RTL model: CPU user time: 0 seconds. CPU system time: 0 seconds. Elapsed time: 0.421 seconds; current allocated memory: 8.149 GB.
INFO: [HLS 200-10] ----------------------------------------------------------------
INFO: [HLS 200-10] -- Generating RTL for module 'run_pwconv_Pipeline_VITIS_LOOP_155_847' 
INFO: [HLS 200-10] ----------------------------------------------------------------
INFO: [HLS 200-1030] Apply Unified Pipeline Control on module 'run_pwconv_Pipeline_VITIS_LOOP_155_847' pipeline 'VITIS_LOOP_155_8' pipeline type 'loop pipeline'
INFO: [RTGEN 206-100] Generating core module 'mac_muladd_8s_8s_32s_32_4_1': 1 instance(s).
INFO: [RTGEN 206-100] Generating core module 'sparsemux_65_5_8_1_1': 5 instance(s).
INFO: [RTGEN 206-100] Generating core module 'sparsemux_9_3_8_1_1': 1 instance(s).
INFO: [RTGEN 206-100] Finished creating RTL model for 'run_pwconv_Pipeline_VITIS_LOOP_155_847'.
INFO: [HLS 200-111] Finished Creating RTL model: CPU user time: 1 seconds. CPU system time: 0 seconds. Elapsed time: 0.441 seconds; current allocated memory: 8.154 GB.
INFO: [HLS 200-10] ----------------------------------------------------------------
INFO: [HLS 200-10] -- Generating RTL for module 'run_pwconv_Pipeline_VITIS_LOOP_155_848' 
INFO: [HLS 200-10] ----------------------------------------------------------------
INFO: [HLS 200-1030] Apply Unified Pipeline Control on module 'run_pwconv_Pipeline_VITIS_LOOP_155_848' pipeline 'VITIS_LOOP_155_8' pipeline type 'loop pipeline'
INFO: [RTGEN 206-100] Generating core module 'mac_muladd_8s_8s_32s_32_4_1': 1 instance(s).
INFO: [RTGEN 206-100] Generating core module 'sparsemux_65_5_8_1_1': 5 instance(s).
INFO: [RTGEN 206-100] Generating core module 'sparsemux_9_3_8_1_1': 1 instance(s).
INFO: [RTGEN 206-100] Finished creating RTL model for 'run_pwconv_Pipeline_VITIS_LOOP_155_848'.
INFO: [HLS 200-111] Finished Creating RTL model: CPU user time: 0 seconds. CPU system time: 0 seconds. Elapsed time: 0.434 seconds; current allocated memory: 8.160 GB.
INFO: [HLS 200-10] ----------------------------------------------------------------
INFO: [HLS 200-10] -- Generating RTL for module 'run_pwconv_Pipeline_VITIS_LOOP_155_849' 
INFO: [HLS 200-10] ----------------------------------------------------------------
INFO: [HLS 200-1030] Apply Unified Pipeline Control on module 'run_pwconv_Pipeline_VITIS_LOOP_155_849' pipeline 'VITIS_LOOP_155_8' pipeline type 'loop pipeline'
INFO: [RTGEN 206-100] Generating core module 'mac_muladd_8s_8s_32s_32_4_1': 1 instance(s).
INFO: [RTGEN 206-100] Generating core module 'sparsemux_65_5_8_1_1': 5 instance(s).
INFO: [RTGEN 206-100] Generating core module 'sparsemux_9_3_8_1_1': 1 instance(s).
INFO: [RTGEN 206-100] Finished creating RTL model for 'run_pwconv_Pipeline_VITIS_LOOP_155_849'.
INFO: [HLS 200-111] Finished Creating RTL model: CPU user time: 0 seconds. CPU system time: 0 seconds. Elapsed time: 0.429 seconds; current allocated memory: 8.167 GB.
INFO: [HLS 200-10] ----------------------------------------------------------------
INFO: [HLS 200-10] -- Generating RTL for module 'run_pwconv_Pipeline_VITIS_LOOP_155_850' 
INFO: [HLS 200-10] ----------------------------------------------------------------
INFO: [HLS 200-1030] Apply Unified Pipeline Control on module 'run_pwconv_Pipeline_VITIS_LOOP_155_850' pipeline 'VITIS_LOOP_155_8' pipeline type 'loop pipeline'
INFO: [RTGEN 206-100] Generating core module 'mac_muladd_8s_8s_32s_32_4_1': 1 instance(s).
INFO: [RTGEN 206-100] Generating core module 'sparsemux_65_5_8_1_1': 5 instance(s).
INFO: [RTGEN 206-100] Generating core module 'sparsemux_9_3_8_1_1': 1 instance(s).
INFO: [RTGEN 206-100] Finished creating RTL model for 'run_pwconv_Pipeline_VITIS_LOOP_155_850'.
INFO: [HLS 200-111] Finished Creating RTL model: CPU user time: 1 seconds. CPU system time: 0 seconds. Elapsed time: 0.432 seconds; current allocated memory: 8.172 GB.
INFO: [HLS 200-10] ----------------------------------------------------------------
INFO: [HLS 200-10] -- Generating RTL for module 'run_pwconv_Pipeline_VITIS_LOOP_155_851' 
INFO: [HLS 200-10] ----------------------------------------------------------------
INFO: [HLS 200-1030] Apply Unified Pipeline Control on module 'run_pwconv_Pipeline_VITIS_LOOP_155_851' pipeline 'VITIS_LOOP_155_8' pipeline type 'loop pipeline'
INFO: [RTGEN 206-100] Generating core module 'mac_muladd_8s_8s_32s_32_4_1': 1 instance(s).
INFO: [RTGEN 206-100] Generating core module 'sparsemux_65_5_8_1_1': 5 instance(s).
INFO: [RTGEN 206-100] Generating core module 'sparsemux_9_3_8_1_1': 1 instance(s).
INFO: [RTGEN 206-100] Finished creating RTL model for 'run_pwconv_Pipeline_VITIS_LOOP_155_851'.
INFO: [HLS 200-111] Finished Creating RTL model: CPU user time: 0 seconds. CPU system time: 0 seconds. Elapsed time: 0.441 seconds; current allocated memory: 8.177 GB.
INFO: [HLS 200-10] ----------------------------------------------------------------
INFO: [HLS 200-10] -- Generating RTL for module 'run_pwconv_Pipeline_VITIS_LOOP_155_852' 
INFO: [HLS 200-10] ----------------------------------------------------------------
INFO: [HLS 200-1030] Apply Unified Pipeline Control on module 'run_pwconv_Pipeline_VITIS_LOOP_155_852' pipeline 'VITIS_LOOP_155_8' pipeline type 'loop pipeline'
INFO: [RTGEN 206-100] Generating core module 'mac_muladd_8s_8s_32s_32_4_1': 1 instance(s).
INFO: [RTGEN 206-100] Generating core module 'sparsemux_65_5_8_1_1': 5 instance(s).
INFO: [RTGEN 206-100] Generating core module 'sparsemux_9_3_8_1_1': 1 instance(s).
INFO: [RTGEN 206-100] Finished creating RTL model for 'run_pwconv_Pipeline_VITIS_LOOP_155_852'.
INFO: [HLS 200-111] Finished Creating RTL model: CPU user time: 0 seconds. CPU system time: 0 seconds. Elapsed time: 0.418 seconds; current allocated memory: 8.183 GB.
INFO: [HLS 200-10] ----------------------------------------------------------------
INFO: [HLS 200-10] -- Generating RTL for module 'run_pwconv_Pipeline_VITIS_LOOP_155_853' 
INFO: [HLS 200-10] ----------------------------------------------------------------
INFO: [HLS 200-1030] Apply Unified Pipeline Control on module 'run_pwconv_Pipeline_VITIS_LOOP_155_853' pipeline 'VITIS_LOOP_155_8' pipeline type 'loop pipeline'
INFO: [RTGEN 206-100] Generating core module 'mac_muladd_8s_8s_32s_32_4_1': 1 instance(s).
INFO: [RTGEN 206-100] Generating core module 'sparsemux_65_5_8_1_1': 5 instance(s).
INFO: [RTGEN 206-100] Generating core module 'sparsemux_9_3_8_1_1': 1 instance(s).
INFO: [RTGEN 206-100] Finished creating RTL model for 'run_pwconv_Pipeline_VITIS_LOOP_155_853'.
INFO: [HLS 200-111] Finished Creating RTL model: CPU user time: 1 seconds. CPU system time: 0 seconds. Elapsed time: 0.445 seconds; current allocated memory: 8.189 GB.
INFO: [HLS 200-10] ----------------------------------------------------------------
INFO: [HLS 200-10] -- Generating RTL for module 'run_pwconv_Pipeline_VITIS_LOOP_155_854' 
INFO: [HLS 200-10] ----------------------------------------------------------------
INFO: [HLS 200-1030] Apply Unified Pipeline Control on module 'run_pwconv_Pipeline_VITIS_LOOP_155_854' pipeline 'VITIS_LOOP_155_8' pipeline type 'loop pipeline'
INFO: [RTGEN 206-100] Generating core module 'mac_muladd_8s_8s_32s_32_4_1': 1 instance(s).
INFO: [RTGEN 206-100] Generating core module 'sparsemux_65_5_8_1_1': 5 instance(s).
INFO: [RTGEN 206-100] Generating core module 'sparsemux_9_3_8_1_1': 1 instance(s).
INFO: [RTGEN 206-100] Finished creating RTL model for 'run_pwconv_Pipeline_VITIS_LOOP_155_854'.
INFO: [HLS 200-111] Finished Creating RTL model: CPU user time: 0 seconds. CPU system time: 0 seconds. Elapsed time: 0.428 seconds; current allocated memory: 8.194 GB.
INFO: [HLS 200-10] ----------------------------------------------------------------
INFO: [HLS 200-10] -- Generating RTL for module 'run_pwconv_Pipeline_VITIS_LOOP_155_855' 
INFO: [HLS 200-10] ----------------------------------------------------------------
INFO: [HLS 200-1030] Apply Unified Pipeline Control on module 'run_pwconv_Pipeline_VITIS_LOOP_155_855' pipeline 'VITIS_LOOP_155_8' pipeline type 'loop pipeline'
INFO: [RTGEN 206-100] Generating core module 'mac_muladd_8s_8s_32s_32_4_1': 1 instance(s).
INFO: [RTGEN 206-100] Generating core module 'sparsemux_65_5_8_1_1': 5 instance(s).
INFO: [RTGEN 206-100] Generating core module 'sparsemux_9_3_8_1_1': 1 instance(s).
INFO: [RTGEN 206-100] Finished creating RTL model for 'run_pwconv_Pipeline_VITIS_LOOP_155_855'.
INFO: [HLS 200-111] Finished Creating RTL model: CPU user time: 0 seconds. CPU system time: 0 seconds. Elapsed time: 0.429 seconds; current allocated memory: 8.199 GB.
INFO: [HLS 200-10] ----------------------------------------------------------------
INFO: [HLS 200-10] -- Generating RTL for module 'run_pwconv_Pipeline_VITIS_LOOP_155_856' 
INFO: [HLS 200-10] ----------------------------------------------------------------
INFO: [HLS 200-1030] Apply Unified Pipeline Control on module 'run_pwconv_Pipeline_VITIS_LOOP_155_856' pipeline 'VITIS_LOOP_155_8' pipeline type 'loop pipeline'
INFO: [RTGEN 206-100] Generating core module 'mac_muladd_8s_8s_32s_32_4_1': 1 instance(s).
INFO: [RTGEN 206-100] Generating core module 'sparsemux_65_5_8_1_1': 5 instance(s).
INFO: [RTGEN 206-100] Generating core module 'sparsemux_9_3_8_1_1': 1 instance(s).
INFO: [RTGEN 206-100] Finished creating RTL model for 'run_pwconv_Pipeline_VITIS_LOOP_155_856'.
INFO: [HLS 200-111] Finished Creating RTL model: CPU user time: 1 seconds. CPU system time: 0 seconds. Elapsed time: 0.43 seconds; current allocated memory: 8.205 GB.
INFO: [HLS 200-10] ----------------------------------------------------------------
INFO: [HLS 200-10] -- Generating RTL for module 'run_pwconv_Pipeline_VITIS_LOOP_155_857' 
INFO: [HLS 200-10] ----------------------------------------------------------------
INFO: [HLS 200-1030] Apply Unified Pipeline Control on module 'run_pwconv_Pipeline_VITIS_LOOP_155_857' pipeline 'VITIS_LOOP_155_8' pipeline type 'loop pipeline'
INFO: [RTGEN 206-100] Generating core module 'mac_muladd_8s_8s_32s_32_4_1': 1 instance(s).
INFO: [RTGEN 206-100] Generating core module 'sparsemux_65_5_8_1_1': 5 instance(s).
INFO: [RTGEN 206-100] Generating core module 'sparsemux_9_3_8_1_1': 1 instance(s).
INFO: [RTGEN 206-100] Finished creating RTL model for 'run_pwconv_Pipeline_VITIS_LOOP_155_857'.
INFO: [HLS 200-111] Finished Creating RTL model: CPU user time: 0 seconds. CPU system time: 0 seconds. Elapsed time: 0.445 seconds; current allocated memory: 8.211 GB.
INFO: [HLS 200-10] ----------------------------------------------------------------
INFO: [HLS 200-10] -- Generating RTL for module 'run_pwconv_Pipeline_VITIS_LOOP_155_858' 
INFO: [HLS 200-10] ----------------------------------------------------------------
INFO: [HLS 200-1030] Apply Unified Pipeline Control on module 'run_pwconv_Pipeline_VITIS_LOOP_155_858' pipeline 'VITIS_LOOP_155_8' pipeline type 'loop pipeline'
INFO: [RTGEN 206-100] Generating core module 'mac_muladd_8s_8s_32s_32_4_1': 1 instance(s).
INFO: [RTGEN 206-100] Generating core module 'sparsemux_65_5_8_1_1': 5 instance(s).
INFO: [RTGEN 206-100] Generating core module 'sparsemux_9_3_8_1_1': 1 instance(s).
INFO: [RTGEN 206-100] Finished creating RTL model for 'run_pwconv_Pipeline_VITIS_LOOP_155_858'.
INFO: [HLS 200-111] Finished Creating RTL model: CPU user time: 0 seconds. CPU system time: 1 seconds. Elapsed time: 0.436 seconds; current allocated memory: 8.215 GB.
INFO: [HLS 200-10] ----------------------------------------------------------------
INFO: [HLS 200-10] -- Generating RTL for module 'run_pwconv_Pipeline_VITIS_LOOP_155_859' 
INFO: [HLS 200-10] ----------------------------------------------------------------
INFO: [HLS 200-1030] Apply Unified Pipeline Control on module 'run_pwconv_Pipeline_VITIS_LOOP_155_859' pipeline 'VITIS_LOOP_155_8' pipeline type 'loop pipeline'
INFO: [RTGEN 206-100] Generating core module 'mac_muladd_8s_8s_32s_32_4_1': 1 instance(s).
INFO: [RTGEN 206-100] Generating core module 'sparsemux_65_5_8_1_1': 5 instance(s).
INFO: [RTGEN 206-100] Generating core module 'sparsemux_9_3_8_1_1': 1 instance(s).
INFO: [RTGEN 206-100] Finished creating RTL model for 'run_pwconv_Pipeline_VITIS_LOOP_155_859'.
INFO: [HLS 200-111] Finished Creating RTL model: CPU user time: 1 seconds. CPU system time: 0 seconds. Elapsed time: 0.445 seconds; current allocated memory: 8.222 GB.
INFO: [HLS 200-10] ----------------------------------------------------------------
INFO: [HLS 200-10] -- Generating RTL for module 'run_pwconv_Pipeline_VITIS_LOOP_155_860' 
INFO: [HLS 200-10] ----------------------------------------------------------------
INFO: [HLS 200-1030] Apply Unified Pipeline Control on module 'run_pwconv_Pipeline_VITIS_LOOP_155_860' pipeline 'VITIS_LOOP_155_8' pipeline type 'loop pipeline'
INFO: [RTGEN 206-100] Generating core module 'mac_muladd_8s_8s_32s_32_4_1': 1 instance(s).
INFO: [RTGEN 206-100] Generating core module 'sparsemux_65_5_8_1_1': 5 instance(s).
INFO: [RTGEN 206-100] Generating core module 'sparsemux_9_3_8_1_1': 1 instance(s).
INFO: [RTGEN 206-100] Finished creating RTL model for 'run_pwconv_Pipeline_VITIS_LOOP_155_860'.
INFO: [HLS 200-111] Finished Creating RTL model: CPU user time: 0 seconds. CPU system time: 0 seconds. Elapsed time: 0.44 seconds; current allocated memory: 8.227 GB.
INFO: [HLS 200-10] ----------------------------------------------------------------
INFO: [HLS 200-10] -- Generating RTL for module 'run_pwconv_Pipeline_VITIS_LOOP_155_861' 
INFO: [HLS 200-10] ----------------------------------------------------------------
INFO: [HLS 200-1030] Apply Unified Pipeline Control on module 'run_pwconv_Pipeline_VITIS_LOOP_155_861' pipeline 'VITIS_LOOP_155_8' pipeline type 'loop pipeline'
INFO: [RTGEN 206-100] Generating core module 'mac_muladd_8s_8s_32s_32_4_1': 1 instance(s).
INFO: [RTGEN 206-100] Generating core module 'sparsemux_65_5_8_1_1': 5 instance(s).
INFO: [RTGEN 206-100] Generating core module 'sparsemux_9_3_8_1_1': 1 instance(s).
INFO: [RTGEN 206-100] Finished creating RTL model for 'run_pwconv_Pipeline_VITIS_LOOP_155_861'.
INFO: [HLS 200-111] Finished Creating RTL model: CPU user time: 0 seconds. CPU system time: 0 seconds. Elapsed time: 0.443 seconds; current allocated memory: 8.234 GB.
INFO: [HLS 200-10] ----------------------------------------------------------------
INFO: [HLS 200-10] -- Generating RTL for module 'run_pwconv_Pipeline_VITIS_LOOP_155_862' 
INFO: [HLS 200-10] ----------------------------------------------------------------
INFO: [HLS 200-1030] Apply Unified Pipeline Control on module 'run_pwconv_Pipeline_VITIS_LOOP_155_862' pipeline 'VITIS_LOOP_155_8' pipeline type 'loop pipeline'
INFO: [RTGEN 206-100] Generating core module 'mac_muladd_8s_8s_32s_32_4_1': 1 instance(s).
INFO: [RTGEN 206-100] Generating core module 'sparsemux_65_5_8_1_1': 5 instance(s).
INFO: [RTGEN 206-100] Generating core module 'sparsemux_9_3_8_1_1': 1 instance(s).
INFO: [RTGEN 206-100] Finished creating RTL model for 'run_pwconv_Pipeline_VITIS_LOOP_155_862'.
INFO: [HLS 200-111] Finished Creating RTL model: CPU user time: 1 seconds. CPU system time: 0 seconds. Elapsed time: 0.446 seconds; current allocated memory: 8.239 GB.
INFO: [HLS 200-10] ----------------------------------------------------------------
INFO: [HLS 200-10] -- Generating RTL for module 'run_pwconv_Pipeline_VITIS_LOOP_155_863' 
INFO: [HLS 200-10] ----------------------------------------------------------------
INFO: [HLS 200-1030] Apply Unified Pipeline Control on module 'run_pwconv_Pipeline_VITIS_LOOP_155_863' pipeline 'VITIS_LOOP_155_8' pipeline type 'loop pipeline'
INFO: [RTGEN 206-100] Generating core module 'mac_muladd_8s_8s_32s_32_4_1': 1 instance(s).
INFO: [RTGEN 206-100] Generating core module 'sparsemux_65_5_8_1_1': 5 instance(s).
INFO: [RTGEN 206-100] Generating core module 'sparsemux_9_3_8_1_1': 1 instance(s).
INFO: [RTGEN 206-100] Finished creating RTL model for 'run_pwconv_Pipeline_VITIS_LOOP_155_863'.
INFO: [HLS 200-111] Finished Creating RTL model: CPU user time: 0 seconds. CPU system time: 0 seconds. Elapsed time: 0.432 seconds; current allocated memory: 8.244 GB.
INFO: [HLS 200-10] ----------------------------------------------------------------
INFO: [HLS 200-10] -- Generating RTL for module 'run_pwconv_Pipeline_VITIS_LOOP_155_864' 
INFO: [HLS 200-10] ----------------------------------------------------------------
INFO: [HLS 200-1030] Apply Unified Pipeline Control on module 'run_pwconv_Pipeline_VITIS_LOOP_155_864' pipeline 'VITIS_LOOP_155_8' pipeline type 'loop pipeline'
INFO: [RTGEN 206-100] Generating core module 'mac_muladd_8s_8s_32s_32_4_1': 1 instance(s).
INFO: [RTGEN 206-100] Generating core module 'sparsemux_65_5_8_1_1': 5 instance(s).
INFO: [RTGEN 206-100] Generating core module 'sparsemux_9_3_8_1_1': 1 instance(s).
INFO: [RTGEN 206-100] Finished creating RTL model for 'run_pwconv_Pipeline_VITIS_LOOP_155_864'.
INFO: [HLS 200-111] Finished Creating RTL model: CPU user time: 0 seconds. CPU system time: 0 seconds. Elapsed time: 0.448 seconds; current allocated memory: 8.251 GB.
INFO: [HLS 200-10] ----------------------------------------------------------------
INFO: [HLS 200-10] -- Generating RTL for module 'run_pwconv_Pipeline_VITIS_LOOP_155_865' 
INFO: [HLS 200-10] ----------------------------------------------------------------
INFO: [HLS 200-1030] Apply Unified Pipeline Control on module 'run_pwconv_Pipeline_VITIS_LOOP_155_865' pipeline 'VITIS_LOOP_155_8' pipeline type 'loop pipeline'
INFO: [RTGEN 206-100] Generating core module 'mac_muladd_8s_8s_32s_32_4_1': 1 instance(s).
INFO: [RTGEN 206-100] Generating core module 'sparsemux_65_5_8_1_1': 5 instance(s).
INFO: [RTGEN 206-100] Generating core module 'sparsemux_9_3_8_1_1': 1 instance(s).
INFO: [RTGEN 206-100] Finished creating RTL model for 'run_pwconv_Pipeline_VITIS_LOOP_155_865'.
INFO: [HLS 200-111] Finished Creating RTL model: CPU user time: 1 seconds. CPU system time: 0 seconds. Elapsed time: 0.444 seconds; current allocated memory: 8.256 GB.
INFO: [HLS 200-10] ----------------------------------------------------------------
INFO: [HLS 200-10] -- Generating RTL for module 'run_pwconv_Pipeline_VITIS_LOOP_155_866' 
INFO: [HLS 200-10] ----------------------------------------------------------------
INFO: [HLS 200-1030] Apply Unified Pipeline Control on module 'run_pwconv_Pipeline_VITIS_LOOP_155_866' pipeline 'VITIS_LOOP_155_8' pipeline type 'loop pipeline'
INFO: [RTGEN 206-100] Generating core module 'mac_muladd_8s_8s_32s_32_4_1': 1 instance(s).
INFO: [RTGEN 206-100] Generating core module 'sparsemux_65_5_8_1_1': 5 instance(s).
INFO: [RTGEN 206-100] Generating core module 'sparsemux_9_3_8_1_1': 1 instance(s).
INFO: [RTGEN 206-100] Finished creating RTL model for 'run_pwconv_Pipeline_VITIS_LOOP_155_866'.
INFO: [HLS 200-111] Finished Creating RTL model: CPU user time: 0 seconds. CPU system time: 0 seconds. Elapsed time: 0.434 seconds; current allocated memory: 8.261 GB.
INFO: [HLS 200-10] ----------------------------------------------------------------
INFO: [HLS 200-10] -- Generating RTL for module 'run_pwconv_Pipeline_VITIS_LOOP_155_867' 
INFO: [HLS 200-10] ----------------------------------------------------------------
INFO: [HLS 200-1030] Apply Unified Pipeline Control on module 'run_pwconv_Pipeline_VITIS_LOOP_155_867' pipeline 'VITIS_LOOP_155_8' pipeline type 'loop pipeline'
INFO: [RTGEN 206-100] Generating core module 'mac_muladd_8s_8s_32s_32_4_1': 1 instance(s).
INFO: [RTGEN 206-100] Generating core module 'sparsemux_65_5_8_1_1': 5 instance(s).
INFO: [RTGEN 206-100] Generating core module 'sparsemux_9_3_8_1_1': 1 instance(s).
INFO: [RTGEN 206-100] Finished creating RTL model for 'run_pwconv_Pipeline_VITIS_LOOP_155_867'.
INFO: [HLS 200-111] Finished Creating RTL model: CPU user time: 0 seconds. CPU system time: 0 seconds. Elapsed time: 0.442 seconds; current allocated memory: 8.268 GB.
INFO: [HLS 200-10] ----------------------------------------------------------------
INFO: [HLS 200-10] -- Generating RTL for module 'run_pwconv_Pipeline_VITIS_LOOP_155_868' 
INFO: [HLS 200-10] ----------------------------------------------------------------
INFO: [HLS 200-1030] Apply Unified Pipeline Control on module 'run_pwconv_Pipeline_VITIS_LOOP_155_868' pipeline 'VITIS_LOOP_155_8' pipeline type 'loop pipeline'
INFO: [RTGEN 206-100] Generating core module 'mac_muladd_8s_8s_32s_32_4_1': 1 instance(s).
INFO: [RTGEN 206-100] Generating core module 'sparsemux_65_5_8_1_1': 5 instance(s).
INFO: [RTGEN 206-100] Generating core module 'sparsemux_9_3_8_1_1': 1 instance(s).
INFO: [RTGEN 206-100] Finished creating RTL model for 'run_pwconv_Pipeline_VITIS_LOOP_155_868'.
INFO: [HLS 200-111] Finished Creating RTL model: CPU user time: 0 seconds. CPU system time: 0 seconds. Elapsed time: 0.446 seconds; current allocated memory: 8.273 GB.
INFO: [HLS 200-10] ----------------------------------------------------------------
INFO: [HLS 200-10] -- Generating RTL for module 'run_pwconv_Pipeline_VITIS_LOOP_155_869' 
INFO: [HLS 200-10] ----------------------------------------------------------------
INFO: [HLS 200-1030] Apply Unified Pipeline Control on module 'run_pwconv_Pipeline_VITIS_LOOP_155_869' pipeline 'VITIS_LOOP_155_8' pipeline type 'loop pipeline'
INFO: [RTGEN 206-100] Generating core module 'mac_muladd_8s_8s_32s_32_4_1': 1 instance(s).
INFO: [RTGEN 206-100] Generating core module 'sparsemux_65_5_8_1_1': 5 instance(s).
INFO: [RTGEN 206-100] Generating core module 'sparsemux_9_3_8_1_1': 1 instance(s).
INFO: [RTGEN 206-100] Finished creating RTL model for 'run_pwconv_Pipeline_VITIS_LOOP_155_869'.
INFO: [HLS 200-111] Finished Creating RTL model: CPU user time: 0 seconds. CPU system time: 0 seconds. Elapsed time: 0.444 seconds; current allocated memory: 8.279 GB.
INFO: [HLS 200-10] ----------------------------------------------------------------
INFO: [HLS 200-10] -- Generating RTL for module 'run_pwconv_Pipeline_VITIS_LOOP_155_870' 
INFO: [HLS 200-10] ----------------------------------------------------------------
INFO: [HLS 200-1030] Apply Unified Pipeline Control on module 'run_pwconv_Pipeline_VITIS_LOOP_155_870' pipeline 'VITIS_LOOP_155_8' pipeline type 'loop pipeline'
INFO: [RTGEN 206-100] Generating core module 'mac_muladd_8s_8s_32s_32_4_1': 1 instance(s).
INFO: [RTGEN 206-100] Generating core module 'sparsemux_65_5_8_1_1': 5 instance(s).
INFO: [RTGEN 206-100] Generating core module 'sparsemux_9_3_8_1_1': 1 instance(s).
INFO: [RTGEN 206-100] Finished creating RTL model for 'run_pwconv_Pipeline_VITIS_LOOP_155_870'.
INFO: [HLS 200-111] Finished Creating RTL model: CPU user time: 1 seconds. CPU system time: 0 seconds. Elapsed time: 0.457 seconds; current allocated memory: 8.286 GB.
INFO: [HLS 200-10] ----------------------------------------------------------------
INFO: [HLS 200-10] -- Generating RTL for module 'run_pwconv_Pipeline_VITIS_LOOP_155_871' 
INFO: [HLS 200-10] ----------------------------------------------------------------
INFO: [HLS 200-1030] Apply Unified Pipeline Control on module 'run_pwconv_Pipeline_VITIS_LOOP_155_871' pipeline 'VITIS_LOOP_155_8' pipeline type 'loop pipeline'
INFO: [RTGEN 206-100] Generating core module 'mac_muladd_8s_8s_32s_32_4_1': 1 instance(s).
INFO: [RTGEN 206-100] Generating core module 'sparsemux_65_5_8_1_1': 5 instance(s).
INFO: [RTGEN 206-100] Generating core module 'sparsemux_9_3_8_1_1': 1 instance(s).
INFO: [RTGEN 206-100] Finished creating RTL model for 'run_pwconv_Pipeline_VITIS_LOOP_155_871'.
INFO: [HLS 200-111] Finished Creating RTL model: CPU user time: 0 seconds. CPU system time: 0 seconds. Elapsed time: 0.455 seconds; current allocated memory: 8.291 GB.
INFO: [HLS 200-10] ----------------------------------------------------------------
INFO: [HLS 200-10] -- Generating RTL for module 'run_pwconv_Pipeline_VITIS_LOOP_155_872' 
INFO: [HLS 200-10] ----------------------------------------------------------------
INFO: [HLS 200-1030] Apply Unified Pipeline Control on module 'run_pwconv_Pipeline_VITIS_LOOP_155_872' pipeline 'VITIS_LOOP_155_8' pipeline type 'loop pipeline'
INFO: [RTGEN 206-100] Generating core module 'mac_muladd_8s_8s_32s_32_4_1': 1 instance(s).
INFO: [RTGEN 206-100] Generating core module 'sparsemux_65_5_8_1_1': 5 instance(s).
INFO: [RTGEN 206-100] Generating core module 'sparsemux_9_3_8_1_1': 1 instance(s).
INFO: [RTGEN 206-100] Finished creating RTL model for 'run_pwconv_Pipeline_VITIS_LOOP_155_872'.
INFO: [HLS 200-111] Finished Creating RTL model: CPU user time: 0 seconds. CPU system time: 0 seconds. Elapsed time: 0.438 seconds; current allocated memory: 8.296 GB.
INFO: [HLS 200-10] ----------------------------------------------------------------
INFO: [HLS 200-10] -- Generating RTL for module 'run_pwconv_Pipeline_VITIS_LOOP_155_873' 
INFO: [HLS 200-10] ----------------------------------------------------------------
INFO: [HLS 200-1030] Apply Unified Pipeline Control on module 'run_pwconv_Pipeline_VITIS_LOOP_155_873' pipeline 'VITIS_LOOP_155_8' pipeline type 'loop pipeline'
INFO: [RTGEN 206-100] Generating core module 'mac_muladd_8s_8s_32s_32_4_1': 1 instance(s).
INFO: [RTGEN 206-100] Generating core module 'sparsemux_65_5_8_1_1': 5 instance(s).
INFO: [RTGEN 206-100] Generating core module 'sparsemux_9_3_8_1_1': 1 instance(s).
INFO: [RTGEN 206-100] Finished creating RTL model for 'run_pwconv_Pipeline_VITIS_LOOP_155_873'.
INFO: [HLS 200-111] Finished Creating RTL model: CPU user time: 1 seconds. CPU system time: 0 seconds. Elapsed time: 0.489 seconds; current allocated memory: 8.302 GB.
INFO: [HLS 200-10] ----------------------------------------------------------------
INFO: [HLS 200-10] -- Generating RTL for module 'run_pwconv_Pipeline_VITIS_LOOP_155_874' 
INFO: [HLS 200-10] ----------------------------------------------------------------
INFO: [HLS 200-1030] Apply Unified Pipeline Control on module 'run_pwconv_Pipeline_VITIS_LOOP_155_874' pipeline 'VITIS_LOOP_155_8' pipeline type 'loop pipeline'
INFO: [RTGEN 206-100] Generating core module 'mac_muladd_8s_8s_32s_32_4_1': 1 instance(s).
INFO: [RTGEN 206-100] Generating core module 'sparsemux_65_5_8_1_1': 5 instance(s).
INFO: [RTGEN 206-100] Generating core module 'sparsemux_9_3_8_1_1': 1 instance(s).
INFO: [RTGEN 206-100] Finished creating RTL model for 'run_pwconv_Pipeline_VITIS_LOOP_155_874'.
INFO: [HLS 200-111] Finished Creating RTL model: CPU user time: 0 seconds. CPU system time: 0 seconds. Elapsed time: 0.449 seconds; current allocated memory: 8.308 GB.
INFO: [HLS 200-10] ----------------------------------------------------------------
INFO: [HLS 200-10] -- Generating RTL for module 'run_pwconv_Pipeline_VITIS_LOOP_155_875' 
INFO: [HLS 200-10] ----------------------------------------------------------------
INFO: [HLS 200-1030] Apply Unified Pipeline Control on module 'run_pwconv_Pipeline_VITIS_LOOP_155_875' pipeline 'VITIS_LOOP_155_8' pipeline type 'loop pipeline'
INFO: [RTGEN 206-100] Generating core module 'mac_muladd_8s_8s_32s_32_4_1': 1 instance(s).
INFO: [RTGEN 206-100] Generating core module 'sparsemux_65_5_8_1_1': 5 instance(s).
INFO: [RTGEN 206-100] Generating core module 'sparsemux_9_3_8_1_1': 1 instance(s).
INFO: [RTGEN 206-100] Finished creating RTL model for 'run_pwconv_Pipeline_VITIS_LOOP_155_875'.
INFO: [HLS 200-111] Finished Creating RTL model: CPU user time: 1 seconds. CPU system time: 0 seconds. Elapsed time: 0.445 seconds; current allocated memory: 8.313 GB.
INFO: [HLS 200-10] ----------------------------------------------------------------
INFO: [HLS 200-10] -- Generating RTL for module 'run_pwconv_Pipeline_VITIS_LOOP_155_876' 
INFO: [HLS 200-10] ----------------------------------------------------------------
INFO: [HLS 200-1030] Apply Unified Pipeline Control on module 'run_pwconv_Pipeline_VITIS_LOOP_155_876' pipeline 'VITIS_LOOP_155_8' pipeline type 'loop pipeline'
INFO: [RTGEN 206-100] Generating core module 'mac_muladd_8s_8s_32s_32_4_1': 1 instance(s).
INFO: [RTGEN 206-100] Generating core module 'sparsemux_65_5_8_1_1': 5 instance(s).
INFO: [RTGEN 206-100] Generating core module 'sparsemux_9_3_8_1_1': 1 instance(s).
INFO: [RTGEN 206-100] Finished creating RTL model for 'run_pwconv_Pipeline_VITIS_LOOP_155_876'.
INFO: [HLS 200-111] Finished Creating RTL model: CPU user time: 0 seconds. CPU system time: 0 seconds. Elapsed time: 0.448 seconds; current allocated memory: 8.320 GB.
INFO: [HLS 200-10] ----------------------------------------------------------------
INFO: [HLS 200-10] -- Generating RTL for module 'run_pwconv_Pipeline_VITIS_LOOP_155_877' 
INFO: [HLS 200-10] ----------------------------------------------------------------
INFO: [HLS 200-1030] Apply Unified Pipeline Control on module 'run_pwconv_Pipeline_VITIS_LOOP_155_877' pipeline 'VITIS_LOOP_155_8' pipeline type 'loop pipeline'
INFO: [RTGEN 206-100] Generating core module 'mac_muladd_8s_8s_32s_32_4_1': 1 instance(s).
INFO: [RTGEN 206-100] Generating core module 'sparsemux_65_5_8_1_1': 5 instance(s).
INFO: [RTGEN 206-100] Generating core module 'sparsemux_9_3_8_1_1': 1 instance(s).
INFO: [RTGEN 206-100] Finished creating RTL model for 'run_pwconv_Pipeline_VITIS_LOOP_155_877'.
INFO: [HLS 200-111] Finished Creating RTL model: CPU user time: 0 seconds. CPU system time: 0 seconds. Elapsed time: 0.447 seconds; current allocated memory: 8.325 GB.
INFO: [HLS 200-10] ----------------------------------------------------------------
INFO: [HLS 200-10] -- Generating RTL for module 'run_pwconv_Pipeline_VITIS_LOOP_155_878' 
INFO: [HLS 200-10] ----------------------------------------------------------------
INFO: [HLS 200-1030] Apply Unified Pipeline Control on module 'run_pwconv_Pipeline_VITIS_LOOP_155_878' pipeline 'VITIS_LOOP_155_8' pipeline type 'loop pipeline'
INFO: [RTGEN 206-100] Generating core module 'mac_muladd_8s_8s_32s_32_4_1': 1 instance(s).
INFO: [RTGEN 206-100] Generating core module 'sparsemux_65_5_8_1_1': 5 instance(s).
INFO: [RTGEN 206-100] Generating core module 'sparsemux_9_3_8_1_1': 1 instance(s).
INFO: [RTGEN 206-100] Finished creating RTL model for 'run_pwconv_Pipeline_VITIS_LOOP_155_878'.
INFO: [HLS 200-111] Finished Creating RTL model: CPU user time: 1 seconds. CPU system time: 1 seconds. Elapsed time: 0.45 seconds; current allocated memory: 8.331 GB.
INFO: [HLS 200-10] ----------------------------------------------------------------
INFO: [HLS 200-10] -- Generating RTL for module 'run_pwconv_Pipeline_VITIS_LOOP_155_879' 
INFO: [HLS 200-10] ----------------------------------------------------------------
INFO: [HLS 200-1030] Apply Unified Pipeline Control on module 'run_pwconv_Pipeline_VITIS_LOOP_155_879' pipeline 'VITIS_LOOP_155_8' pipeline type 'loop pipeline'
INFO: [RTGEN 206-100] Generating core module 'mac_muladd_8s_8s_32s_32_4_1': 1 instance(s).
INFO: [RTGEN 206-100] Generating core module 'sparsemux_65_5_8_1_1': 5 instance(s).
INFO: [RTGEN 206-100] Generating core module 'sparsemux_9_3_8_1_1': 1 instance(s).
INFO: [RTGEN 206-100] Finished creating RTL model for 'run_pwconv_Pipeline_VITIS_LOOP_155_879'.
INFO: [HLS 200-111] Finished Creating RTL model: CPU user time: 0 seconds. CPU system time: 0 seconds. Elapsed time: 0.455 seconds; current allocated memory: 8.337 GB.
INFO: [HLS 200-10] ----------------------------------------------------------------
INFO: [HLS 200-10] -- Generating RTL for module 'run_pwconv_Pipeline_VITIS_LOOP_155_880' 
INFO: [HLS 200-10] ----------------------------------------------------------------
INFO: [HLS 200-1030] Apply Unified Pipeline Control on module 'run_pwconv_Pipeline_VITIS_LOOP_155_880' pipeline 'VITIS_LOOP_155_8' pipeline type 'loop pipeline'
INFO: [RTGEN 206-100] Generating core module 'mac_muladd_8s_8s_32s_32_4_1': 1 instance(s).
INFO: [RTGEN 206-100] Generating core module 'sparsemux_65_5_8_1_1': 5 instance(s).
INFO: [RTGEN 206-100] Generating core module 'sparsemux_9_3_8_1_1': 1 instance(s).
INFO: [RTGEN 206-100] Finished creating RTL model for 'run_pwconv_Pipeline_VITIS_LOOP_155_880'.
INFO: [HLS 200-111] Finished Creating RTL model: CPU user time: 0 seconds. CPU system time: 0 seconds. Elapsed time: 0.443 seconds; current allocated memory: 8.342 GB.
INFO: [HLS 200-10] ----------------------------------------------------------------
INFO: [HLS 200-10] -- Generating RTL for module 'run_pwconv_Pipeline_VITIS_LOOP_155_881' 
INFO: [HLS 200-10] ----------------------------------------------------------------
INFO: [HLS 200-1030] Apply Unified Pipeline Control on module 'run_pwconv_Pipeline_VITIS_LOOP_155_881' pipeline 'VITIS_LOOP_155_8' pipeline type 'loop pipeline'
INFO: [RTGEN 206-100] Generating core module 'mac_muladd_8s_8s_32s_32_4_1': 1 instance(s).
INFO: [RTGEN 206-100] Generating core module 'sparsemux_65_5_8_1_1': 5 instance(s).
INFO: [RTGEN 206-100] Generating core module 'sparsemux_9_3_8_1_1': 1 instance(s).
INFO: [RTGEN 206-100] Finished creating RTL model for 'run_pwconv_Pipeline_VITIS_LOOP_155_881'.
INFO: [HLS 200-111] Finished Creating RTL model: CPU user time: 1 seconds. CPU system time: 0 seconds. Elapsed time: 0.447 seconds; current allocated memory: 8.348 GB.
INFO: [HLS 200-10] ----------------------------------------------------------------
INFO: [HLS 200-10] -- Generating RTL for module 'run_pwconv_Pipeline_VITIS_LOOP_155_882' 
INFO: [HLS 200-10] ----------------------------------------------------------------
INFO: [HLS 200-1030] Apply Unified Pipeline Control on module 'run_pwconv_Pipeline_VITIS_LOOP_155_882' pipeline 'VITIS_LOOP_155_8' pipeline type 'loop pipeline'
INFO: [RTGEN 206-100] Generating core module 'mac_muladd_8s_8s_32s_32_4_1': 1 instance(s).
INFO: [RTGEN 206-100] Generating core module 'sparsemux_65_5_8_1_1': 5 instance(s).
INFO: [RTGEN 206-100] Generating core module 'sparsemux_9_3_8_1_1': 1 instance(s).
INFO: [RTGEN 206-100] Finished creating RTL model for 'run_pwconv_Pipeline_VITIS_LOOP_155_882'.
INFO: [HLS 200-111] Finished Creating RTL model: CPU user time: 0 seconds. CPU system time: 0 seconds. Elapsed time: 0.452 seconds; current allocated memory: 8.354 GB.
INFO: [HLS 200-10] ----------------------------------------------------------------
INFO: [HLS 200-10] -- Generating RTL for module 'run_pwconv_Pipeline_VITIS_LOOP_155_883' 
INFO: [HLS 200-10] ----------------------------------------------------------------
INFO: [HLS 200-1030] Apply Unified Pipeline Control on module 'run_pwconv_Pipeline_VITIS_LOOP_155_883' pipeline 'VITIS_LOOP_155_8' pipeline type 'loop pipeline'
INFO: [RTGEN 206-100] Generating core module 'mac_muladd_8s_8s_32s_32_4_1': 1 instance(s).
INFO: [RTGEN 206-100] Generating core module 'sparsemux_65_5_8_1_1': 5 instance(s).
INFO: [RTGEN 206-100] Generating core module 'sparsemux_9_3_8_1_1': 1 instance(s).
INFO: [RTGEN 206-100] Finished creating RTL model for 'run_pwconv_Pipeline_VITIS_LOOP_155_883'.
INFO: [HLS 200-111] Finished Creating RTL model: CPU user time: 1 seconds. CPU system time: 0 seconds. Elapsed time: 0.451 seconds; current allocated memory: 8.360 GB.
INFO: [HLS 200-10] ----------------------------------------------------------------
INFO: [HLS 200-10] -- Generating RTL for module 'run_pwconv_Pipeline_VITIS_LOOP_155_884' 
INFO: [HLS 200-10] ----------------------------------------------------------------
INFO: [HLS 200-1030] Apply Unified Pipeline Control on module 'run_pwconv_Pipeline_VITIS_LOOP_155_884' pipeline 'VITIS_LOOP_155_8' pipeline type 'loop pipeline'
INFO: [RTGEN 206-100] Generating core module 'mac_muladd_8s_8s_32s_32_4_1': 1 instance(s).
INFO: [RTGEN 206-100] Generating core module 'sparsemux_65_5_8_1_1': 5 instance(s).
INFO: [RTGEN 206-100] Generating core module 'sparsemux_9_3_8_1_1': 1 instance(s).
INFO: [RTGEN 206-100] Finished creating RTL model for 'run_pwconv_Pipeline_VITIS_LOOP_155_884'.
INFO: [HLS 200-111] Finished Creating RTL model: CPU user time: 0 seconds. CPU system time: 0 seconds. Elapsed time: 0.456 seconds; current allocated memory: 8.365 GB.
INFO: [HLS 200-10] ----------------------------------------------------------------
INFO: [HLS 200-10] -- Generating RTL for module 'run_pwconv_Pipeline_VITIS_LOOP_155_885' 
INFO: [HLS 200-10] ----------------------------------------------------------------
INFO: [HLS 200-1030] Apply Unified Pipeline Control on module 'run_pwconv_Pipeline_VITIS_LOOP_155_885' pipeline 'VITIS_LOOP_155_8' pipeline type 'loop pipeline'
INFO: [RTGEN 206-100] Generating core module 'mac_muladd_8s_8s_32s_32_4_1': 1 instance(s).
INFO: [RTGEN 206-100] Generating core module 'sparsemux_65_5_8_1_1': 5 instance(s).
INFO: [RTGEN 206-100] Generating core module 'sparsemux_9_3_8_1_1': 1 instance(s).
INFO: [RTGEN 206-100] Finished creating RTL model for 'run_pwconv_Pipeline_VITIS_LOOP_155_885'.
INFO: [HLS 200-111] Finished Creating RTL model: CPU user time: 0 seconds. CPU system time: 0 seconds. Elapsed time: 0.453 seconds; current allocated memory: 8.371 GB.
INFO: [HLS 200-10] ----------------------------------------------------------------
INFO: [HLS 200-10] -- Generating RTL for module 'run_pwconv_Pipeline_VITIS_LOOP_155_886' 
INFO: [HLS 200-10] ----------------------------------------------------------------
INFO: [HLS 200-1030] Apply Unified Pipeline Control on module 'run_pwconv_Pipeline_VITIS_LOOP_155_886' pipeline 'VITIS_LOOP_155_8' pipeline type 'loop pipeline'
INFO: [RTGEN 206-100] Generating core module 'mac_muladd_8s_8s_32s_32_4_1': 1 instance(s).
INFO: [RTGEN 206-100] Generating core module 'sparsemux_65_5_8_1_1': 5 instance(s).
INFO: [RTGEN 206-100] Generating core module 'sparsemux_9_3_8_1_1': 1 instance(s).
INFO: [RTGEN 206-100] Finished creating RTL model for 'run_pwconv_Pipeline_VITIS_LOOP_155_886'.
INFO: [HLS 200-111] Finished Creating RTL model: CPU user time: 1 seconds. CPU system time: 0 seconds. Elapsed time: 0.492 seconds; current allocated memory: 8.377 GB.
INFO: [HLS 200-10] ----------------------------------------------------------------
INFO: [HLS 200-10] -- Generating RTL for module 'run_pwconv_Pipeline_VITIS_LOOP_155_887' 
INFO: [HLS 200-10] ----------------------------------------------------------------
INFO: [HLS 200-1030] Apply Unified Pipeline Control on module 'run_pwconv_Pipeline_VITIS_LOOP_155_887' pipeline 'VITIS_LOOP_155_8' pipeline type 'loop pipeline'
INFO: [RTGEN 206-100] Generating core module 'mac_muladd_8s_8s_32s_32_4_1': 1 instance(s).
INFO: [RTGEN 206-100] Generating core module 'sparsemux_65_5_8_1_1': 5 instance(s).
INFO: [RTGEN 206-100] Generating core module 'sparsemux_9_3_8_1_1': 1 instance(s).
INFO: [RTGEN 206-100] Finished creating RTL model for 'run_pwconv_Pipeline_VITIS_LOOP_155_887'.
INFO: [HLS 200-111] Finished Creating RTL model: CPU user time: 0 seconds. CPU system time: 0 seconds. Elapsed time: 0.501 seconds; current allocated memory: 8.383 GB.
INFO: [HLS 200-10] ----------------------------------------------------------------
INFO: [HLS 200-10] -- Generating RTL for module 'run_pwconv_Pipeline_VITIS_LOOP_155_888' 
INFO: [HLS 200-10] ----------------------------------------------------------------
INFO: [HLS 200-1030] Apply Unified Pipeline Control on module 'run_pwconv_Pipeline_VITIS_LOOP_155_888' pipeline 'VITIS_LOOP_155_8' pipeline type 'loop pipeline'
INFO: [RTGEN 206-100] Generating core module 'mac_muladd_8s_8s_32s_32_4_1': 1 instance(s).
INFO: [RTGEN 206-100] Generating core module 'sparsemux_65_5_8_1_1': 5 instance(s).
INFO: [RTGEN 206-100] Generating core module 'sparsemux_9_3_8_1_1': 1 instance(s).
INFO: [RTGEN 206-100] Finished creating RTL model for 'run_pwconv_Pipeline_VITIS_LOOP_155_888'.
INFO: [HLS 200-111] Finished Creating RTL model: CPU user time: 1 seconds. CPU system time: 0 seconds. Elapsed time: 0.458 seconds; current allocated memory: 8.388 GB.
INFO: [HLS 200-10] ----------------------------------------------------------------
INFO: [HLS 200-10] -- Generating RTL for module 'run_pwconv_Pipeline_VITIS_LOOP_155_889' 
INFO: [HLS 200-10] ----------------------------------------------------------------
INFO: [HLS 200-1030] Apply Unified Pipeline Control on module 'run_pwconv_Pipeline_VITIS_LOOP_155_889' pipeline 'VITIS_LOOP_155_8' pipeline type 'loop pipeline'
INFO: [RTGEN 206-100] Generating core module 'mac_muladd_8s_8s_32s_32_4_1': 1 instance(s).
INFO: [RTGEN 206-100] Generating core module 'sparsemux_65_5_8_1_1': 5 instance(s).
INFO: [RTGEN 206-100] Generating core module 'sparsemux_9_3_8_1_1': 1 instance(s).
INFO: [RTGEN 206-100] Finished creating RTL model for 'run_pwconv_Pipeline_VITIS_LOOP_155_889'.
INFO: [HLS 200-111] Finished Creating RTL model: CPU user time: 0 seconds. CPU system time: 0 seconds. Elapsed time: 0.456 seconds; current allocated memory: 8.393 GB.
INFO: [HLS 200-10] ----------------------------------------------------------------
INFO: [HLS 200-10] -- Generating RTL for module 'run_pwconv_Pipeline_VITIS_LOOP_155_890' 
INFO: [HLS 200-10] ----------------------------------------------------------------
INFO: [HLS 200-1030] Apply Unified Pipeline Control on module 'run_pwconv_Pipeline_VITIS_LOOP_155_890' pipeline 'VITIS_LOOP_155_8' pipeline type 'loop pipeline'
INFO: [RTGEN 206-100] Generating core module 'mac_muladd_8s_8s_32s_32_4_1': 1 instance(s).
INFO: [RTGEN 206-100] Generating core module 'sparsemux_65_5_8_1_1': 5 instance(s).
INFO: [RTGEN 206-100] Generating core module 'sparsemux_9_3_8_1_1': 1 instance(s).
INFO: [RTGEN 206-100] Finished creating RTL model for 'run_pwconv_Pipeline_VITIS_LOOP_155_890'.
INFO: [HLS 200-111] Finished Creating RTL model: CPU user time: 0 seconds. CPU system time: 0 seconds. Elapsed time: 0.459 seconds; current allocated memory: 8.399 GB.
INFO: [HLS 200-10] ----------------------------------------------------------------
INFO: [HLS 200-10] -- Generating RTL for module 'run_pwconv_Pipeline_VITIS_LOOP_155_891' 
INFO: [HLS 200-10] ----------------------------------------------------------------
INFO: [HLS 200-1030] Apply Unified Pipeline Control on module 'run_pwconv_Pipeline_VITIS_LOOP_155_891' pipeline 'VITIS_LOOP_155_8' pipeline type 'loop pipeline'
INFO: [RTGEN 206-100] Generating core module 'mac_muladd_8s_8s_32s_32_4_1': 1 instance(s).
INFO: [RTGEN 206-100] Generating core module 'sparsemux_65_5_8_1_1': 5 instance(s).
INFO: [RTGEN 206-100] Generating core module 'sparsemux_9_3_8_1_1': 1 instance(s).
INFO: [RTGEN 206-100] Finished creating RTL model for 'run_pwconv_Pipeline_VITIS_LOOP_155_891'.
INFO: [HLS 200-111] Finished Creating RTL model: CPU user time: 1 seconds. CPU system time: 0 seconds. Elapsed time: 0.465 seconds; current allocated memory: 8.405 GB.
INFO: [HLS 200-10] ----------------------------------------------------------------
INFO: [HLS 200-10] -- Generating RTL for module 'run_pwconv_Pipeline_VITIS_LOOP_155_892' 
INFO: [HLS 200-10] ----------------------------------------------------------------
INFO: [HLS 200-1030] Apply Unified Pipeline Control on module 'run_pwconv_Pipeline_VITIS_LOOP_155_892' pipeline 'VITIS_LOOP_155_8' pipeline type 'loop pipeline'
INFO: [RTGEN 206-100] Generating core module 'mac_muladd_8s_8s_32s_32_4_1': 1 instance(s).
INFO: [RTGEN 206-100] Generating core module 'sparsemux_65_5_8_1_1': 5 instance(s).
INFO: [RTGEN 206-100] Generating core module 'sparsemux_9_3_8_1_1': 1 instance(s).
INFO: [RTGEN 206-100] Finished creating RTL model for 'run_pwconv_Pipeline_VITIS_LOOP_155_892'.
INFO: [HLS 200-111] Finished Creating RTL model: CPU user time: 0 seconds. CPU system time: 0 seconds. Elapsed time: 0.46 seconds; current allocated memory: 8.410 GB.
INFO: [HLS 200-10] ----------------------------------------------------------------
INFO: [HLS 200-10] -- Generating RTL for module 'run_pwconv_Pipeline_VITIS_LOOP_155_893' 
INFO: [HLS 200-10] ----------------------------------------------------------------
INFO: [HLS 200-1030] Apply Unified Pipeline Control on module 'run_pwconv_Pipeline_VITIS_LOOP_155_893' pipeline 'VITIS_LOOP_155_8' pipeline type 'loop pipeline'
INFO: [RTGEN 206-100] Generating core module 'mac_muladd_8s_8s_32s_32_4_1': 1 instance(s).
INFO: [RTGEN 206-100] Generating core module 'sparsemux_65_5_8_1_1': 5 instance(s).
INFO: [RTGEN 206-100] Generating core module 'sparsemux_9_3_8_1_1': 1 instance(s).
INFO: [RTGEN 206-100] Finished creating RTL model for 'run_pwconv_Pipeline_VITIS_LOOP_155_893'.
INFO: [HLS 200-111] Finished Creating RTL model: CPU user time: 1 seconds. CPU system time: 0 seconds. Elapsed time: 0.458 seconds; current allocated memory: 8.416 GB.
INFO: [HLS 200-10] ----------------------------------------------------------------
INFO: [HLS 200-10] -- Generating RTL for module 'run_pwconv_Pipeline_VITIS_LOOP_155_894' 
INFO: [HLS 200-10] ----------------------------------------------------------------
INFO: [HLS 200-1030] Apply Unified Pipeline Control on module 'run_pwconv_Pipeline_VITIS_LOOP_155_894' pipeline 'VITIS_LOOP_155_8' pipeline type 'loop pipeline'
INFO: [RTGEN 206-100] Generating core module 'mac_muladd_8s_8s_32s_32_4_1': 1 instance(s).
INFO: [RTGEN 206-100] Generating core module 'sparsemux_65_5_8_1_1': 5 instance(s).
INFO: [RTGEN 206-100] Generating core module 'sparsemux_9_3_8_1_1': 1 instance(s).
INFO: [RTGEN 206-100] Finished creating RTL model for 'run_pwconv_Pipeline_VITIS_LOOP_155_894'.
INFO: [HLS 200-111] Finished Creating RTL model: CPU user time: 0 seconds. CPU system time: 0 seconds. Elapsed time: 0.456 seconds; current allocated memory: 8.421 GB.
INFO: [HLS 200-10] ----------------------------------------------------------------
INFO: [HLS 200-10] -- Generating RTL for module 'run_pwconv_Pipeline_VITIS_LOOP_155_895' 
INFO: [HLS 200-10] ----------------------------------------------------------------
INFO: [HLS 200-1030] Apply Unified Pipeline Control on module 'run_pwconv_Pipeline_VITIS_LOOP_155_895' pipeline 'VITIS_LOOP_155_8' pipeline type 'loop pipeline'
INFO: [RTGEN 206-100] Generating core module 'mac_muladd_8s_8s_32s_32_4_1': 1 instance(s).
INFO: [RTGEN 206-100] Generating core module 'sparsemux_65_5_8_1_1': 5 instance(s).
INFO: [RTGEN 206-100] Generating core module 'sparsemux_9_3_8_1_1': 1 instance(s).
INFO: [RTGEN 206-100] Finished creating RTL model for 'run_pwconv_Pipeline_VITIS_LOOP_155_895'.
INFO: [HLS 200-111] Finished Creating RTL model: CPU user time: 0 seconds. CPU system time: 0 seconds. Elapsed time: 0.461 seconds; current allocated memory: 8.428 GB.
INFO: [HLS 200-10] ----------------------------------------------------------------
INFO: [HLS 200-10] -- Generating RTL for module 'run_pwconv_Pipeline_VITIS_LOOP_155_896' 
INFO: [HLS 200-10] ----------------------------------------------------------------
INFO: [HLS 200-1030] Apply Unified Pipeline Control on module 'run_pwconv_Pipeline_VITIS_LOOP_155_896' pipeline 'VITIS_LOOP_155_8' pipeline type 'loop pipeline'
INFO: [RTGEN 206-100] Generating core module 'mac_muladd_8s_8s_32s_32_4_1': 1 instance(s).
INFO: [RTGEN 206-100] Generating core module 'sparsemux_65_5_8_1_1': 5 instance(s).
INFO: [RTGEN 206-100] Generating core module 'sparsemux_9_3_8_1_1': 1 instance(s).
INFO: [RTGEN 206-100] Finished creating RTL model for 'run_pwconv_Pipeline_VITIS_LOOP_155_896'.
INFO: [HLS 200-111] Finished Creating RTL model: CPU user time: 1 seconds. CPU system time: 0 seconds. Elapsed time: 0.472 seconds; current allocated memory: 8.433 GB.
INFO: [HLS 200-10] ----------------------------------------------------------------
INFO: [HLS 200-10] -- Generating RTL for module 'run_pwconv_Pipeline_VITIS_LOOP_155_897' 
INFO: [HLS 200-10] ----------------------------------------------------------------
INFO: [HLS 200-1030] Apply Unified Pipeline Control on module 'run_pwconv_Pipeline_VITIS_LOOP_155_897' pipeline 'VITIS_LOOP_155_8' pipeline type 'loop pipeline'
INFO: [RTGEN 206-100] Generating core module 'mac_muladd_8s_8s_32s_32_4_1': 1 instance(s).
INFO: [RTGEN 206-100] Generating core module 'sparsemux_65_5_8_1_1': 5 instance(s).
INFO: [RTGEN 206-100] Generating core module 'sparsemux_9_3_8_1_1': 1 instance(s).
INFO: [RTGEN 206-100] Finished creating RTL model for 'run_pwconv_Pipeline_VITIS_LOOP_155_897'.
INFO: [HLS 200-111] Finished Creating RTL model: CPU user time: 0 seconds. CPU system time: 0 seconds. Elapsed time: 0.473 seconds; current allocated memory: 8.439 GB.
INFO: [HLS 200-10] ----------------------------------------------------------------
INFO: [HLS 200-10] -- Generating RTL for module 'run_pwconv_Pipeline_VITIS_LOOP_155_898' 
INFO: [HLS 200-10] ----------------------------------------------------------------
INFO: [HLS 200-1030] Apply Unified Pipeline Control on module 'run_pwconv_Pipeline_VITIS_LOOP_155_898' pipeline 'VITIS_LOOP_155_8' pipeline type 'loop pipeline'
INFO: [RTGEN 206-100] Generating core module 'mac_muladd_8s_8s_32s_32_4_1': 1 instance(s).
INFO: [RTGEN 206-100] Generating core module 'sparsemux_65_5_8_1_1': 5 instance(s).
INFO: [RTGEN 206-100] Generating core module 'sparsemux_9_3_8_1_1': 1 instance(s).
INFO: [RTGEN 206-100] Finished creating RTL model for 'run_pwconv_Pipeline_VITIS_LOOP_155_898'.
INFO: [HLS 200-111] Finished Creating RTL model: CPU user time: 0 seconds. CPU system time: 0 seconds. Elapsed time: 0.469 seconds; current allocated memory: 8.445 GB.
INFO: [HLS 200-10] ----------------------------------------------------------------
INFO: [HLS 200-10] -- Generating RTL for module 'run_pwconv_Pipeline_VITIS_LOOP_155_899' 
INFO: [HLS 200-10] ----------------------------------------------------------------
INFO: [HLS 200-1030] Apply Unified Pipeline Control on module 'run_pwconv_Pipeline_VITIS_LOOP_155_899' pipeline 'VITIS_LOOP_155_8' pipeline type 'loop pipeline'
INFO: [RTGEN 206-100] Generating core module 'mac_muladd_8s_8s_32s_32_4_1': 1 instance(s).
INFO: [RTGEN 206-100] Generating core module 'sparsemux_65_5_8_1_1': 5 instance(s).
INFO: [RTGEN 206-100] Generating core module 'sparsemux_9_3_8_1_1': 1 instance(s).
INFO: [RTGEN 206-100] Finished creating RTL model for 'run_pwconv_Pipeline_VITIS_LOOP_155_899'.
INFO: [HLS 200-111] Finished Creating RTL model: CPU user time: 1 seconds. CPU system time: 1 seconds. Elapsed time: 0.469 seconds; current allocated memory: 8.450 GB.
INFO: [HLS 200-10] ----------------------------------------------------------------
INFO: [HLS 200-10] -- Generating RTL for module 'run_pwconv_Pipeline_VITIS_LOOP_155_8100' 
INFO: [HLS 200-10] ----------------------------------------------------------------
INFO: [HLS 200-1030] Apply Unified Pipeline Control on module 'run_pwconv_Pipeline_VITIS_LOOP_155_8100' pipeline 'VITIS_LOOP_155_8' pipeline type 'loop pipeline'
INFO: [RTGEN 206-100] Generating core module 'mac_muladd_8s_8s_32s_32_4_1': 1 instance(s).
INFO: [RTGEN 206-100] Generating core module 'sparsemux_65_5_8_1_1': 5 instance(s).
INFO: [RTGEN 206-100] Generating core module 'sparsemux_9_3_8_1_1': 1 instance(s).
INFO: [RTGEN 206-100] Finished creating RTL model for 'run_pwconv_Pipeline_VITIS_LOOP_155_8100'.
INFO: [HLS 200-111] Finished Creating RTL model: CPU user time: 0 seconds. CPU system time: 0 seconds. Elapsed time: 0.468 seconds; current allocated memory: 8.456 GB.
INFO: [HLS 200-10] ----------------------------------------------------------------
INFO: [HLS 200-10] -- Generating RTL for module 'run_pwconv_Pipeline_VITIS_LOOP_155_8101' 
INFO: [HLS 200-10] ----------------------------------------------------------------
INFO: [HLS 200-1030] Apply Unified Pipeline Control on module 'run_pwconv_Pipeline_VITIS_LOOP_155_8101' pipeline 'VITIS_LOOP_155_8' pipeline type 'loop pipeline'
INFO: [RTGEN 206-100] Generating core module 'mac_muladd_8s_8s_32s_32_4_1': 1 instance(s).
INFO: [RTGEN 206-100] Generating core module 'sparsemux_65_5_8_1_1': 5 instance(s).
INFO: [RTGEN 206-100] Generating core module 'sparsemux_9_3_8_1_1': 1 instance(s).
INFO: [RTGEN 206-100] Finished creating RTL model for 'run_pwconv_Pipeline_VITIS_LOOP_155_8101'.
INFO: [HLS 200-111] Finished Creating RTL model: CPU user time: 0 seconds. CPU system time: 0 seconds. Elapsed time: 0.468 seconds; current allocated memory: 8.462 GB.
INFO: [HLS 200-10] ----------------------------------------------------------------
INFO: [HLS 200-10] -- Generating RTL for module 'run_pwconv_Pipeline_VITIS_LOOP_155_8102' 
INFO: [HLS 200-10] ----------------------------------------------------------------
INFO: [HLS 200-1030] Apply Unified Pipeline Control on module 'run_pwconv_Pipeline_VITIS_LOOP_155_8102' pipeline 'VITIS_LOOP_155_8' pipeline type 'loop pipeline'
INFO: [RTGEN 206-100] Generating core module 'mac_muladd_8s_8s_32s_32_4_1': 1 instance(s).
INFO: [RTGEN 206-100] Generating core module 'sparsemux_65_5_8_1_1': 5 instance(s).
INFO: [RTGEN 206-100] Generating core module 'sparsemux_9_3_8_1_1': 1 instance(s).
INFO: [RTGEN 206-100] Finished creating RTL model for 'run_pwconv_Pipeline_VITIS_LOOP_155_8102'.
INFO: [HLS 200-111] Finished Creating RTL model: CPU user time: 1 seconds. CPU system time: 0 seconds. Elapsed time: 0.455 seconds; current allocated memory: 8.468 GB.
INFO: [HLS 200-10] ----------------------------------------------------------------
INFO: [HLS 200-10] -- Generating RTL for module 'run_pwconv_Pipeline_VITIS_LOOP_155_8103' 
INFO: [HLS 200-10] ----------------------------------------------------------------
INFO: [HLS 200-1030] Apply Unified Pipeline Control on module 'run_pwconv_Pipeline_VITIS_LOOP_155_8103' pipeline 'VITIS_LOOP_155_8' pipeline type 'loop pipeline'
INFO: [RTGEN 206-100] Generating core module 'mac_muladd_8s_8s_32s_32_4_1': 1 instance(s).
INFO: [RTGEN 206-100] Generating core module 'sparsemux_65_5_8_1_1': 5 instance(s).
INFO: [RTGEN 206-100] Generating core module 'sparsemux_9_3_8_1_1': 1 instance(s).
INFO: [RTGEN 206-100] Finished creating RTL model for 'run_pwconv_Pipeline_VITIS_LOOP_155_8103'.
INFO: [HLS 200-111] Finished Creating RTL model: CPU user time: 0 seconds. CPU system time: 0 seconds. Elapsed time: 0.463 seconds; current allocated memory: 8.474 GB.
INFO: [HLS 200-10] ----------------------------------------------------------------
INFO: [HLS 200-10] -- Generating RTL for module 'run_pwconv_Pipeline_VITIS_LOOP_155_8104' 
INFO: [HLS 200-10] ----------------------------------------------------------------
INFO: [HLS 200-1030] Apply Unified Pipeline Control on module 'run_pwconv_Pipeline_VITIS_LOOP_155_8104' pipeline 'VITIS_LOOP_155_8' pipeline type 'loop pipeline'
INFO: [RTGEN 206-100] Generating core module 'mac_muladd_8s_8s_32s_32_4_1': 1 instance(s).
INFO: [RTGEN 206-100] Generating core module 'sparsemux_65_5_8_1_1': 5 instance(s).
INFO: [RTGEN 206-100] Generating core module 'sparsemux_9_3_8_1_1': 1 instance(s).
INFO: [RTGEN 206-100] Finished creating RTL model for 'run_pwconv_Pipeline_VITIS_LOOP_155_8104'.
INFO: [HLS 200-111] Finished Creating RTL model: CPU user time: 1 seconds. CPU system time: 0 seconds. Elapsed time: 0.485 seconds; current allocated memory: 8.479 GB.
INFO: [HLS 200-10] ----------------------------------------------------------------
INFO: [HLS 200-10] -- Generating RTL for module 'run_pwconv_Pipeline_VITIS_LOOP_155_8105' 
INFO: [HLS 200-10] ----------------------------------------------------------------
INFO: [HLS 200-1030] Apply Unified Pipeline Control on module 'run_pwconv_Pipeline_VITIS_LOOP_155_8105' pipeline 'VITIS_LOOP_155_8' pipeline type 'loop pipeline'
INFO: [RTGEN 206-100] Generating core module 'mac_muladd_8s_8s_32s_32_4_1': 1 instance(s).
INFO: [RTGEN 206-100] Generating core module 'sparsemux_65_5_8_1_1': 5 instance(s).
INFO: [RTGEN 206-100] Generating core module 'sparsemux_9_3_8_1_1': 1 instance(s).
INFO: [RTGEN 206-100] Finished creating RTL model for 'run_pwconv_Pipeline_VITIS_LOOP_155_8105'.
INFO: [HLS 200-111] Finished Creating RTL model: CPU user time: 0 seconds. CPU system time: 0 seconds. Elapsed time: 0.469 seconds; current allocated memory: 8.485 GB.
INFO: [HLS 200-10] ----------------------------------------------------------------
INFO: [HLS 200-10] -- Generating RTL for module 'run_pwconv_Pipeline_VITIS_LOOP_155_8106' 
INFO: [HLS 200-10] ----------------------------------------------------------------
INFO: [HLS 200-1030] Apply Unified Pipeline Control on module 'run_pwconv_Pipeline_VITIS_LOOP_155_8106' pipeline 'VITIS_LOOP_155_8' pipeline type 'loop pipeline'
INFO: [RTGEN 206-100] Generating core module 'mac_muladd_8s_8s_32s_32_4_1': 1 instance(s).
INFO: [RTGEN 206-100] Generating core module 'sparsemux_65_5_8_1_1': 5 instance(s).
INFO: [RTGEN 206-100] Generating core module 'sparsemux_9_3_8_1_1': 1 instance(s).
INFO: [RTGEN 206-100] Finished creating RTL model for 'run_pwconv_Pipeline_VITIS_LOOP_155_8106'.
INFO: [HLS 200-111] Finished Creating RTL model: CPU user time: 0 seconds. CPU system time: 0 seconds. Elapsed time: 0.471 seconds; current allocated memory: 8.490 GB.
INFO: [HLS 200-10] ----------------------------------------------------------------
INFO: [HLS 200-10] -- Generating RTL for module 'run_pwconv_Pipeline_VITIS_LOOP_155_8107' 
INFO: [HLS 200-10] ----------------------------------------------------------------
INFO: [HLS 200-1030] Apply Unified Pipeline Control on module 'run_pwconv_Pipeline_VITIS_LOOP_155_8107' pipeline 'VITIS_LOOP_155_8' pipeline type 'loop pipeline'
INFO: [RTGEN 206-100] Generating core module 'mac_muladd_8s_8s_32s_32_4_1': 1 instance(s).
INFO: [RTGEN 206-100] Generating core module 'sparsemux_65_5_8_1_1': 5 instance(s).
INFO: [RTGEN 206-100] Generating core module 'sparsemux_9_3_8_1_1': 1 instance(s).
INFO: [RTGEN 206-100] Finished creating RTL model for 'run_pwconv_Pipeline_VITIS_LOOP_155_8107'.
INFO: [HLS 200-111] Finished Creating RTL model: CPU user time: 1 seconds. CPU system time: 0 seconds. Elapsed time: 0.473 seconds; current allocated memory: 8.496 GB.
INFO: [HLS 200-10] ----------------------------------------------------------------
INFO: [HLS 200-10] -- Generating RTL for module 'run_pwconv_Pipeline_VITIS_LOOP_155_8108' 
INFO: [HLS 200-10] ----------------------------------------------------------------
INFO: [HLS 200-1030] Apply Unified Pipeline Control on module 'run_pwconv_Pipeline_VITIS_LOOP_155_8108' pipeline 'VITIS_LOOP_155_8' pipeline type 'loop pipeline'
INFO: [RTGEN 206-100] Generating core module 'mac_muladd_8s_8s_32s_32_4_1': 1 instance(s).
INFO: [RTGEN 206-100] Generating core module 'sparsemux_65_5_8_1_1': 5 instance(s).
INFO: [RTGEN 206-100] Generating core module 'sparsemux_9_3_8_1_1': 1 instance(s).
INFO: [RTGEN 206-100] Finished creating RTL model for 'run_pwconv_Pipeline_VITIS_LOOP_155_8108'.
INFO: [HLS 200-111] Finished Creating RTL model: CPU user time: 0 seconds. CPU system time: 0 seconds. Elapsed time: 0.471 seconds; current allocated memory: 8.502 GB.
INFO: [HLS 200-10] ----------------------------------------------------------------
INFO: [HLS 200-10] -- Generating RTL for module 'run_pwconv_Pipeline_VITIS_LOOP_155_8109' 
INFO: [HLS 200-10] ----------------------------------------------------------------
INFO: [HLS 200-1030] Apply Unified Pipeline Control on module 'run_pwconv_Pipeline_VITIS_LOOP_155_8109' pipeline 'VITIS_LOOP_155_8' pipeline type 'loop pipeline'
INFO: [RTGEN 206-100] Generating core module 'mac_muladd_8s_8s_32s_32_4_1': 1 instance(s).
INFO: [RTGEN 206-100] Generating core module 'sparsemux_65_5_8_1_1': 5 instance(s).
INFO: [RTGEN 206-100] Generating core module 'sparsemux_9_3_8_1_1': 1 instance(s).
INFO: [RTGEN 206-100] Finished creating RTL model for 'run_pwconv_Pipeline_VITIS_LOOP_155_8109'.
INFO: [HLS 200-111] Finished Creating RTL model: CPU user time: 1 seconds. CPU system time: 0 seconds. Elapsed time: 0.474 seconds; current allocated memory: 8.508 GB.
INFO: [HLS 200-10] ----------------------------------------------------------------
INFO: [HLS 200-10] -- Generating RTL for module 'run_pwconv_Pipeline_VITIS_LOOP_155_8110' 
INFO: [HLS 200-10] ----------------------------------------------------------------
INFO: [HLS 200-1030] Apply Unified Pipeline Control on module 'run_pwconv_Pipeline_VITIS_LOOP_155_8110' pipeline 'VITIS_LOOP_155_8' pipeline type 'loop pipeline'
INFO: [RTGEN 206-100] Generating core module 'mac_muladd_8s_8s_32s_32_4_1': 1 instance(s).
INFO: [RTGEN 206-100] Generating core module 'sparsemux_65_5_8_1_1': 5 instance(s).
INFO: [RTGEN 206-100] Generating core module 'sparsemux_9_3_8_1_1': 1 instance(s).
INFO: [RTGEN 206-100] Finished creating RTL model for 'run_pwconv_Pipeline_VITIS_LOOP_155_8110'.
INFO: [HLS 200-111] Finished Creating RTL model: CPU user time: 0 seconds. CPU system time: 0 seconds. Elapsed time: 0.48 seconds; current allocated memory: 8.513 GB.
INFO: [HLS 200-10] ----------------------------------------------------------------
INFO: [HLS 200-10] -- Generating RTL for module 'run_pwconv_Pipeline_VITIS_LOOP_155_8111' 
INFO: [HLS 200-10] ----------------------------------------------------------------
INFO: [HLS 200-1030] Apply Unified Pipeline Control on module 'run_pwconv_Pipeline_VITIS_LOOP_155_8111' pipeline 'VITIS_LOOP_155_8' pipeline type 'loop pipeline'
INFO: [RTGEN 206-100] Generating core module 'mac_muladd_8s_8s_32s_32_4_1': 1 instance(s).
INFO: [RTGEN 206-100] Generating core module 'sparsemux_65_5_8_1_1': 5 instance(s).
INFO: [RTGEN 206-100] Generating core module 'sparsemux_9_3_8_1_1': 1 instance(s).
INFO: [RTGEN 206-100] Finished creating RTL model for 'run_pwconv_Pipeline_VITIS_LOOP_155_8111'.
INFO: [HLS 200-111] Finished Creating RTL model: CPU user time: 0 seconds. CPU system time: 0 seconds. Elapsed time: 0.483 seconds; current allocated memory: 8.519 GB.
INFO: [HLS 200-10] ----------------------------------------------------------------
INFO: [HLS 200-10] -- Generating RTL for module 'run_pwconv_Pipeline_VITIS_LOOP_155_8112' 
INFO: [HLS 200-10] ----------------------------------------------------------------
INFO: [HLS 200-1030] Apply Unified Pipeline Control on module 'run_pwconv_Pipeline_VITIS_LOOP_155_8112' pipeline 'VITIS_LOOP_155_8' pipeline type 'loop pipeline'
INFO: [RTGEN 206-100] Generating core module 'mac_muladd_8s_8s_32s_32_4_1': 1 instance(s).
INFO: [RTGEN 206-100] Generating core module 'sparsemux_65_5_8_1_1': 5 instance(s).
INFO: [RTGEN 206-100] Generating core module 'sparsemux_9_3_8_1_1': 1 instance(s).
INFO: [RTGEN 206-100] Finished creating RTL model for 'run_pwconv_Pipeline_VITIS_LOOP_155_8112'.
INFO: [HLS 200-111] Finished Creating RTL model: CPU user time: 1 seconds. CPU system time: 0 seconds. Elapsed time: 0.575 seconds; current allocated memory: 8.525 GB.
INFO: [HLS 200-10] ----------------------------------------------------------------
INFO: [HLS 200-10] -- Generating RTL for module 'run_pwconv_Pipeline_VITIS_LOOP_155_8113' 
INFO: [HLS 200-10] ----------------------------------------------------------------
INFO: [HLS 200-1030] Apply Unified Pipeline Control on module 'run_pwconv_Pipeline_VITIS_LOOP_155_8113' pipeline 'VITIS_LOOP_155_8' pipeline type 'loop pipeline'
INFO: [RTGEN 206-100] Generating core module 'mac_muladd_8s_8s_32s_32_4_1': 1 instance(s).
INFO: [RTGEN 206-100] Generating core module 'sparsemux_65_5_8_1_1': 5 instance(s).
INFO: [RTGEN 206-100] Generating core module 'sparsemux_9_3_8_1_1': 1 instance(s).
INFO: [RTGEN 206-100] Finished creating RTL model for 'run_pwconv_Pipeline_VITIS_LOOP_155_8113'.
INFO: [HLS 200-111] Finished Creating RTL model: CPU user time: 0 seconds. CPU system time: 0 seconds. Elapsed time: 0.475 seconds; current allocated memory: 8.530 GB.
INFO: [HLS 200-10] ----------------------------------------------------------------
INFO: [HLS 200-10] -- Generating RTL for module 'run_pwconv_Pipeline_VITIS_LOOP_155_8114' 
INFO: [HLS 200-10] ----------------------------------------------------------------
INFO: [HLS 200-1030] Apply Unified Pipeline Control on module 'run_pwconv_Pipeline_VITIS_LOOP_155_8114' pipeline 'VITIS_LOOP_155_8' pipeline type 'loop pipeline'
INFO: [RTGEN 206-100] Generating core module 'mac_muladd_8s_8s_32s_32_4_1': 1 instance(s).
INFO: [RTGEN 206-100] Generating core module 'sparsemux_65_5_8_1_1': 5 instance(s).
INFO: [RTGEN 206-100] Generating core module 'sparsemux_9_3_8_1_1': 1 instance(s).
INFO: [RTGEN 206-100] Finished creating RTL model for 'run_pwconv_Pipeline_VITIS_LOOP_155_8114'.
INFO: [HLS 200-111] Finished Creating RTL model: CPU user time: 1 seconds. CPU system time: 0 seconds. Elapsed time: 0.48 seconds; current allocated memory: 8.536 GB.
INFO: [HLS 200-10] ----------------------------------------------------------------
INFO: [HLS 200-10] -- Generating RTL for module 'run_pwconv_Pipeline_VITIS_LOOP_155_8115' 
INFO: [HLS 200-10] ----------------------------------------------------------------
INFO: [HLS 200-1030] Apply Unified Pipeline Control on module 'run_pwconv_Pipeline_VITIS_LOOP_155_8115' pipeline 'VITIS_LOOP_155_8' pipeline type 'loop pipeline'
INFO: [RTGEN 206-100] Generating core module 'mac_muladd_8s_8s_32s_32_4_1': 1 instance(s).
INFO: [RTGEN 206-100] Generating core module 'sparsemux_65_5_8_1_1': 5 instance(s).
INFO: [RTGEN 206-100] Generating core module 'sparsemux_9_3_8_1_1': 1 instance(s).
INFO: [RTGEN 206-100] Finished creating RTL model for 'run_pwconv_Pipeline_VITIS_LOOP_155_8115'.
INFO: [HLS 200-111] Finished Creating RTL model: CPU user time: 0 seconds. CPU system time: 0 seconds. Elapsed time: 0.474 seconds; current allocated memory: 8.542 GB.
INFO: [HLS 200-10] ----------------------------------------------------------------
INFO: [HLS 200-10] -- Generating RTL for module 'run_pwconv_Pipeline_VITIS_LOOP_155_8116' 
INFO: [HLS 200-10] ----------------------------------------------------------------
INFO: [HLS 200-1030] Apply Unified Pipeline Control on module 'run_pwconv_Pipeline_VITIS_LOOP_155_8116' pipeline 'VITIS_LOOP_155_8' pipeline type 'loop pipeline'
INFO: [RTGEN 206-100] Generating core module 'mac_muladd_8s_8s_32s_32_4_1': 1 instance(s).
INFO: [RTGEN 206-100] Generating core module 'sparsemux_65_5_8_1_1': 5 instance(s).
INFO: [RTGEN 206-100] Generating core module 'sparsemux_9_3_8_1_1': 1 instance(s).
INFO: [RTGEN 206-100] Finished creating RTL model for 'run_pwconv_Pipeline_VITIS_LOOP_155_8116'.
INFO: [HLS 200-111] Finished Creating RTL model: CPU user time: 0 seconds. CPU system time: 0 seconds. Elapsed time: 0.484 seconds; current allocated memory: 8.548 GB.
INFO: [HLS 200-10] ----------------------------------------------------------------
INFO: [HLS 200-10] -- Generating RTL for module 'run_pwconv_Pipeline_VITIS_LOOP_155_8117' 
INFO: [HLS 200-10] ----------------------------------------------------------------
INFO: [HLS 200-1030] Apply Unified Pipeline Control on module 'run_pwconv_Pipeline_VITIS_LOOP_155_8117' pipeline 'VITIS_LOOP_155_8' pipeline type 'loop pipeline'
INFO: [RTGEN 206-100] Generating core module 'mac_muladd_8s_8s_32s_32_4_1': 1 instance(s).
INFO: [RTGEN 206-100] Generating core module 'sparsemux_65_5_8_1_1': 5 instance(s).
INFO: [RTGEN 206-100] Generating core module 'sparsemux_9_3_8_1_1': 1 instance(s).
INFO: [RTGEN 206-100] Finished creating RTL model for 'run_pwconv_Pipeline_VITIS_LOOP_155_8117'.
INFO: [HLS 200-111] Finished Creating RTL model: CPU user time: 1 seconds. CPU system time: 0 seconds. Elapsed time: 0.491 seconds; current allocated memory: 8.554 GB.
INFO: [HLS 200-10] ----------------------------------------------------------------
INFO: [HLS 200-10] -- Generating RTL for module 'run_pwconv_Pipeline_VITIS_LOOP_155_8118' 
INFO: [HLS 200-10] ----------------------------------------------------------------
INFO: [HLS 200-1030] Apply Unified Pipeline Control on module 'run_pwconv_Pipeline_VITIS_LOOP_155_8118' pipeline 'VITIS_LOOP_155_8' pipeline type 'loop pipeline'
INFO: [RTGEN 206-100] Generating core module 'mac_muladd_8s_8s_32s_32_4_1': 1 instance(s).
INFO: [RTGEN 206-100] Generating core module 'sparsemux_65_5_8_1_1': 5 instance(s).
INFO: [RTGEN 206-100] Generating core module 'sparsemux_9_3_8_1_1': 1 instance(s).
INFO: [RTGEN 206-100] Finished creating RTL model for 'run_pwconv_Pipeline_VITIS_LOOP_155_8118'.
INFO: [HLS 200-111] Finished Creating RTL model: CPU user time: 0 seconds. CPU system time: 1 seconds. Elapsed time: 0.488 seconds; current allocated memory: 8.560 GB.
INFO: [HLS 200-10] ----------------------------------------------------------------
INFO: [HLS 200-10] -- Generating RTL for module 'run_pwconv_Pipeline_VITIS_LOOP_155_8119' 
INFO: [HLS 200-10] ----------------------------------------------------------------
INFO: [HLS 200-1030] Apply Unified Pipeline Control on module 'run_pwconv_Pipeline_VITIS_LOOP_155_8119' pipeline 'VITIS_LOOP_155_8' pipeline type 'loop pipeline'
INFO: [RTGEN 206-100] Generating core module 'mac_muladd_8s_8s_32s_32_4_1': 1 instance(s).
INFO: [RTGEN 206-100] Generating core module 'sparsemux_65_5_8_1_1': 5 instance(s).
INFO: [RTGEN 206-100] Generating core module 'sparsemux_9_3_8_1_1': 1 instance(s).
INFO: [RTGEN 206-100] Finished creating RTL model for 'run_pwconv_Pipeline_VITIS_LOOP_155_8119'.
INFO: [HLS 200-111] Finished Creating RTL model: CPU user time: 0 seconds. CPU system time: 0 seconds. Elapsed time: 0.515 seconds; current allocated memory: 8.565 GB.
INFO: [HLS 200-10] ----------------------------------------------------------------
INFO: [HLS 200-10] -- Generating RTL for module 'run_pwconv_Pipeline_VITIS_LOOP_155_8120' 
INFO: [HLS 200-10] ----------------------------------------------------------------
INFO: [HLS 200-1030] Apply Unified Pipeline Control on module 'run_pwconv_Pipeline_VITIS_LOOP_155_8120' pipeline 'VITIS_LOOP_155_8' pipeline type 'loop pipeline'
INFO: [RTGEN 206-100] Generating core module 'mac_muladd_8s_8s_32s_32_4_1': 1 instance(s).
INFO: [RTGEN 206-100] Generating core module 'sparsemux_65_5_8_1_1': 5 instance(s).
INFO: [RTGEN 206-100] Generating core module 'sparsemux_9_3_8_1_1': 1 instance(s).
INFO: [RTGEN 206-100] Finished creating RTL model for 'run_pwconv_Pipeline_VITIS_LOOP_155_8120'.
INFO: [HLS 200-111] Finished Creating RTL model: CPU user time: 1 seconds. CPU system time: 0 seconds. Elapsed time: 0.481 seconds; current allocated memory: 8.572 GB.
INFO: [HLS 200-10] ----------------------------------------------------------------
INFO: [HLS 200-10] -- Generating RTL for module 'run_pwconv_Pipeline_VITIS_LOOP_155_8121' 
INFO: [HLS 200-10] ----------------------------------------------------------------
INFO: [HLS 200-1030] Apply Unified Pipeline Control on module 'run_pwconv_Pipeline_VITIS_LOOP_155_8121' pipeline 'VITIS_LOOP_155_8' pipeline type 'loop pipeline'
INFO: [RTGEN 206-100] Generating core module 'mac_muladd_8s_8s_32s_32_4_1': 1 instance(s).
INFO: [RTGEN 206-100] Generating core module 'sparsemux_65_5_8_1_1': 5 instance(s).
INFO: [RTGEN 206-100] Generating core module 'sparsemux_9_3_8_1_1': 1 instance(s).
INFO: [RTGEN 206-100] Finished creating RTL model for 'run_pwconv_Pipeline_VITIS_LOOP_155_8121'.
INFO: [HLS 200-111] Finished Creating RTL model: CPU user time: 0 seconds. CPU system time: 0 seconds. Elapsed time: 0.487 seconds; current allocated memory: 8.577 GB.
INFO: [HLS 200-10] ----------------------------------------------------------------
INFO: [HLS 200-10] -- Generating RTL for module 'run_pwconv_Pipeline_VITIS_LOOP_155_8122' 
INFO: [HLS 200-10] ----------------------------------------------------------------
INFO: [HLS 200-1030] Apply Unified Pipeline Control on module 'run_pwconv_Pipeline_VITIS_LOOP_155_8122' pipeline 'VITIS_LOOP_155_8' pipeline type 'loop pipeline'
INFO: [RTGEN 206-100] Generating core module 'mac_muladd_8s_8s_32s_32_4_1': 1 instance(s).
INFO: [RTGEN 206-100] Generating core module 'sparsemux_65_5_8_1_1': 5 instance(s).
INFO: [RTGEN 206-100] Generating core module 'sparsemux_9_3_8_1_1': 1 instance(s).
INFO: [RTGEN 206-100] Finished creating RTL model for 'run_pwconv_Pipeline_VITIS_LOOP_155_8122'.
INFO: [HLS 200-111] Finished Creating RTL model: CPU user time: 0 seconds. CPU system time: 0 seconds. Elapsed time: 0.488 seconds; current allocated memory: 8.582 GB.
INFO: [HLS 200-10] ----------------------------------------------------------------
INFO: [HLS 200-10] -- Generating RTL for module 'run_pwconv_Pipeline_VITIS_LOOP_155_8123' 
INFO: [HLS 200-10] ----------------------------------------------------------------
INFO: [HLS 200-1030] Apply Unified Pipeline Control on module 'run_pwconv_Pipeline_VITIS_LOOP_155_8123' pipeline 'VITIS_LOOP_155_8' pipeline type 'loop pipeline'
INFO: [RTGEN 206-100] Generating core module 'mac_muladd_8s_8s_32s_32_4_1': 1 instance(s).
INFO: [RTGEN 206-100] Generating core module 'sparsemux_65_5_8_1_1': 5 instance(s).
INFO: [RTGEN 206-100] Generating core module 'sparsemux_9_3_8_1_1': 1 instance(s).
INFO: [RTGEN 206-100] Finished creating RTL model for 'run_pwconv_Pipeline_VITIS_LOOP_155_8123'.
INFO: [HLS 200-111] Finished Creating RTL model: CPU user time: 1 seconds. CPU system time: 0 seconds. Elapsed time: 0.483 seconds; current allocated memory: 8.588 GB.
INFO: [HLS 200-10] ----------------------------------------------------------------
INFO: [HLS 200-10] -- Generating RTL for module 'run_pwconv_Pipeline_VITIS_LOOP_155_8124' 
INFO: [HLS 200-10] ----------------------------------------------------------------
INFO: [HLS 200-1030] Apply Unified Pipeline Control on module 'run_pwconv_Pipeline_VITIS_LOOP_155_8124' pipeline 'VITIS_LOOP_155_8' pipeline type 'loop pipeline'
INFO: [RTGEN 206-100] Generating core module 'mac_muladd_8s_8s_32s_32_4_1': 1 instance(s).
INFO: [RTGEN 206-100] Generating core module 'sparsemux_65_5_8_1_1': 5 instance(s).
INFO: [RTGEN 206-100] Generating core module 'sparsemux_9_3_8_1_1': 1 instance(s).
INFO: [RTGEN 206-100] Finished creating RTL model for 'run_pwconv_Pipeline_VITIS_LOOP_155_8124'.
INFO: [HLS 200-111] Finished Creating RTL model: CPU user time: 0 seconds. CPU system time: 0 seconds. Elapsed time: 0.488 seconds; current allocated memory: 8.594 GB.
INFO: [HLS 200-10] ----------------------------------------------------------------
INFO: [HLS 200-10] -- Generating RTL for module 'run_pwconv_Pipeline_VITIS_LOOP_155_8125' 
INFO: [HLS 200-10] ----------------------------------------------------------------
INFO: [HLS 200-1030] Apply Unified Pipeline Control on module 'run_pwconv_Pipeline_VITIS_LOOP_155_8125' pipeline 'VITIS_LOOP_155_8' pipeline type 'loop pipeline'
INFO: [RTGEN 206-100] Generating core module 'mac_muladd_8s_8s_32s_32_4_1': 1 instance(s).
INFO: [RTGEN 206-100] Generating core module 'sparsemux_65_5_8_1_1': 5 instance(s).
INFO: [RTGEN 206-100] Generating core module 'sparsemux_9_3_8_1_1': 1 instance(s).
INFO: [RTGEN 206-100] Finished creating RTL model for 'run_pwconv_Pipeline_VITIS_LOOP_155_8125'.
INFO: [HLS 200-111] Finished Creating RTL model: CPU user time: 1 seconds. CPU system time: 0 seconds. Elapsed time: 1.093 seconds; current allocated memory: 8.599 GB.
INFO: [HLS 200-10] ----------------------------------------------------------------
INFO: [HLS 200-10] -- Generating RTL for module 'run_pwconv_Pipeline_VITIS_LOOP_155_8126' 
INFO: [HLS 200-10] ----------------------------------------------------------------
INFO: [HLS 200-1030] Apply Unified Pipeline Control on module 'run_pwconv_Pipeline_VITIS_LOOP_155_8126' pipeline 'VITIS_LOOP_155_8' pipeline type 'loop pipeline'
INFO: [RTGEN 206-100] Generating core module 'mac_muladd_8s_8s_32s_32_4_1': 1 instance(s).
INFO: [RTGEN 206-100] Generating core module 'sparsemux_65_5_8_1_1': 5 instance(s).
INFO: [RTGEN 206-100] Generating core module 'sparsemux_9_3_8_1_1': 1 instance(s).
INFO: [RTGEN 206-100] Finished creating RTL model for 'run_pwconv_Pipeline_VITIS_LOOP_155_8126'.
INFO: [HLS 200-111] Finished Creating RTL model: CPU user time: 0 seconds. CPU system time: 0 seconds. Elapsed time: 0.476 seconds; current allocated memory: 8.605 GB.
INFO: [HLS 200-10] ----------------------------------------------------------------
INFO: [HLS 200-10] -- Generating RTL for module 'run_pwconv_Pipeline_VITIS_LOOP_155_8127' 
INFO: [HLS 200-10] ----------------------------------------------------------------
INFO: [HLS 200-1030] Apply Unified Pipeline Control on module 'run_pwconv_Pipeline_VITIS_LOOP_155_8127' pipeline 'VITIS_LOOP_155_8' pipeline type 'loop pipeline'
INFO: [RTGEN 206-100] Generating core module 'mac_muladd_8s_8s_32s_32_4_1': 1 instance(s).
INFO: [RTGEN 206-100] Generating core module 'sparsemux_65_5_8_1_1': 5 instance(s).
INFO: [RTGEN 206-100] Generating core module 'sparsemux_9_3_8_1_1': 1 instance(s).
INFO: [RTGEN 206-100] Finished creating RTL model for 'run_pwconv_Pipeline_VITIS_LOOP_155_8127'.
INFO: [HLS 200-111] Finished Creating RTL model: CPU user time: 1 seconds. CPU system time: 0 seconds. Elapsed time: 0.485 seconds; current allocated memory: 8.611 GB.
INFO: [HLS 200-10] ----------------------------------------------------------------
INFO: [HLS 200-10] -- Generating RTL for module 'run_pwconv' 
INFO: [HLS 200-10] ----------------------------------------------------------------
INFO: [RTGEN 206-100] Generating core module 'mul_31ns_31ns_62_2_1': 1 instance(s).
INFO: [RTGEN 206-100] Generating core module 'mul_31ns_62ns_93_5_1': 1 instance(s).
INFO: [RTGEN 206-100] Generating core module 'sparsemux_9_3_32_1_1': 2 instance(s).
INFO: [RTGEN 206-100] Finished creating RTL model for 'run_pwconv'.
INFO: [HLS 200-111] Finished Creating RTL model: CPU user time: 2 seconds. CPU system time: 0 seconds. Elapsed time: 2.562 seconds; current allocated memory: 8.761 GB.
INFO: [HLS 200-10] ----------------------------------------------------------------
INFO: [HLS 200-10] -- Generating RTL for module 'run_dwconv_Pipeline_VITIS_LOOP_62_4_VITIS_LOOP_63_5' 
INFO: [HLS 200-10] ----------------------------------------------------------------
INFO: [HLS 200-1030] Apply Unified Pipeline Control on module 'run_dwconv_Pipeline_VITIS_LOOP_62_4_VITIS_LOOP_63_5' pipeline 'VITIS_LOOP_62_4_VITIS_LOOP_63_5' pipeline type 'loop pipeline'
INFO: [RTGEN 206-100] Finished creating RTL model for 'run_dwconv_Pipeline_VITIS_LOOP_62_4_VITIS_LOOP_63_5'.
INFO: [HLS 200-111] Finished Creating RTL model: CPU user time: 1 seconds. CPU system time: 1 seconds. Elapsed time: 2.49 seconds; current allocated memory: 8.868 GB.
INFO: [HLS 200-10] ----------------------------------------------------------------
INFO: [HLS 200-10] -- Generating RTL for module 'run_dwconv_Pipeline_VITIS_LOOP_65_6_VITIS_LOOP_67_7' 
INFO: [HLS 200-10] ----------------------------------------------------------------
INFO: [HLS 200-1030] Apply Unified Pipeline Control on module 'run_dwconv_Pipeline_VITIS_LOOP_65_6_VITIS_LOOP_67_7' pipeline 'VITIS_LOOP_65_6_VITIS_LOOP_67_7' pipeline type 'loop pipeline'
INFO: [RTGEN 206-104] Estimated max fanout for 'run_dwconv_Pipeline_VITIS_LOOP_65_6_VITIS_LOOP_67_7' is 6509 from HDL expression: (1'b0 == ap_block_pp0_stage0_11001)
INFO: [RTGEN 206-100] Finished creating RTL model for 'run_dwconv_Pipeline_VITIS_LOOP_65_6_VITIS_LOOP_67_7'.
INFO: [HLS 200-111] Finished Creating RTL model: CPU user time: 4 seconds. CPU system time: 1 seconds. Elapsed time: 4.808 seconds; current allocated memory: 8.881 GB.
INFO: [HLS 200-10] ----------------------------------------------------------------
INFO: [HLS 200-10] -- Generating RTL for module 'run_dwconv_Pipeline_VITIS_LOOP_89_8_VITIS_LOOP_90_9' 
INFO: [HLS 200-10] ----------------------------------------------------------------
INFO: [HLS 200-1030] Apply Unified Pipeline Control on module 'run_dwconv_Pipeline_VITIS_LOOP_89_8_VITIS_LOOP_90_9' pipeline 'VITIS_LOOP_89_8_VITIS_LOOP_90_9' pipeline type 'loop pipeline'
INFO: [RTGEN 206-100] Generating core module 'mac_muladd_8s_8s_32s_32_4_1': 1 instance(s).
INFO: [RTGEN 206-100] Generating core module 'sparsemux_21_4_8_1_1': 44 instance(s).
INFO: [RTGEN 206-100] Generating core module 'sparsemux_7_2_8_1_1': 16 instance(s).
INFO: [RTGEN 206-100] Generating core module 'sparsemux_9_3_8_1_1': 2 instance(s).
INFO: [RTGEN 206-100] Finished creating RTL model for 'run_dwconv_Pipeline_VITIS_LOOP_89_8_VITIS_LOOP_90_9'.
INFO: [HLS 200-111] Finished Creating RTL model: CPU user time: 2 seconds. CPU system time: 1 seconds. Elapsed time: 3.373 seconds; current allocated memory: 8.978 GB.
INFO: [HLS 200-10] ----------------------------------------------------------------
INFO: [HLS 200-10] -- Generating RTL for module 'run_dwconv_Pipeline_VITIS_LOOP_89_8_VITIS_LOOP_90_9128' 
INFO: [HLS 200-10] ----------------------------------------------------------------
INFO: [HLS 200-1030] Apply Unified Pipeline Control on module 'run_dwconv_Pipeline_VITIS_LOOP_89_8_VITIS_LOOP_90_9128' pipeline 'VITIS_LOOP_89_8_VITIS_LOOP_90_9' pipeline type 'loop pipeline'
INFO: [RTGEN 206-100] Generating core module 'mac_muladd_8s_8s_32s_32_4_1': 1 instance(s).
INFO: [RTGEN 206-100] Generating core module 'sparsemux_21_4_8_1_1': 44 instance(s).
INFO: [RTGEN 206-100] Generating core module 'sparsemux_7_2_8_1_1': 16 instance(s).
INFO: [RTGEN 206-100] Generating core module 'sparsemux_9_3_8_1_1': 2 instance(s).
INFO: [RTGEN 206-100] Finished creating RTL model for 'run_dwconv_Pipeline_VITIS_LOOP_89_8_VITIS_LOOP_90_9128'.
INFO: [HLS 200-111] Finished Creating RTL model: CPU user time: 0 seconds. CPU system time: 0 seconds. Elapsed time: 0.977 seconds; current allocated memory: 8.982 GB.
INFO: [HLS 200-10] ----------------------------------------------------------------
INFO: [HLS 200-10] -- Generating RTL for module 'run_dwconv_Pipeline_VITIS_LOOP_89_8_VITIS_LOOP_90_9129' 
INFO: [HLS 200-10] ----------------------------------------------------------------
INFO: [HLS 200-1030] Apply Unified Pipeline Control on module 'run_dwconv_Pipeline_VITIS_LOOP_89_8_VITIS_LOOP_90_9129' pipeline 'VITIS_LOOP_89_8_VITIS_LOOP_90_9' pipeline type 'loop pipeline'
INFO: [RTGEN 206-100] Generating core module 'mac_muladd_8s_8s_32s_32_4_1': 1 instance(s).
INFO: [RTGEN 206-100] Generating core module 'sparsemux_21_4_8_1_1': 44 instance(s).
INFO: [RTGEN 206-100] Generating core module 'sparsemux_7_2_8_1_1': 16 instance(s).
INFO: [RTGEN 206-100] Generating core module 'sparsemux_9_3_8_1_1': 2 instance(s).
INFO: [RTGEN 206-100] Finished creating RTL model for 'run_dwconv_Pipeline_VITIS_LOOP_89_8_VITIS_LOOP_90_9129'.
INFO: [HLS 200-111] Finished Creating RTL model: CPU user time: 0 seconds. CPU system time: 0 seconds. Elapsed time: 0.984 seconds; current allocated memory: 9.002 GB.
INFO: [HLS 200-10] ----------------------------------------------------------------
INFO: [HLS 200-10] -- Generating RTL for module 'run_dwconv_Pipeline_VITIS_LOOP_89_8_VITIS_LOOP_90_9130' 
INFO: [HLS 200-10] ----------------------------------------------------------------
INFO: [HLS 200-1030] Apply Unified Pipeline Control on module 'run_dwconv_Pipeline_VITIS_LOOP_89_8_VITIS_LOOP_90_9130' pipeline 'VITIS_LOOP_89_8_VITIS_LOOP_90_9' pipeline type 'loop pipeline'
INFO: [RTGEN 206-100] Generating core module 'mac_muladd_8s_8s_32s_32_4_1': 1 instance(s).
INFO: [RTGEN 206-100] Generating core module 'sparsemux_21_4_8_1_1': 44 instance(s).
INFO: [RTGEN 206-100] Generating core module 'sparsemux_7_2_8_1_1': 16 instance(s).
INFO: [RTGEN 206-100] Generating core module 'sparsemux_9_3_8_1_1': 2 instance(s).
INFO: [RTGEN 206-100] Finished creating RTL model for 'run_dwconv_Pipeline_VITIS_LOOP_89_8_VITIS_LOOP_90_9130'.
INFO: [HLS 200-111] Finished Creating RTL model: CPU user time: 2 seconds. CPU system time: 0 seconds. Elapsed time: 1.665 seconds; current allocated memory: 9.020 GB.
INFO: [HLS 200-10] ----------------------------------------------------------------
INFO: [HLS 200-10] -- Generating RTL for module 'run_dwconv_Pipeline_VITIS_LOOP_89_8_VITIS_LOOP_90_9131' 
INFO: [HLS 200-10] ----------------------------------------------------------------
INFO: [HLS 200-1030] Apply Unified Pipeline Control on module 'run_dwconv_Pipeline_VITIS_LOOP_89_8_VITIS_LOOP_90_9131' pipeline 'VITIS_LOOP_89_8_VITIS_LOOP_90_9' pipeline type 'loop pipeline'
INFO: [RTGEN 206-100] Generating core module 'mac_muladd_8s_8s_32s_32_4_1': 1 instance(s).
INFO: [RTGEN 206-100] Generating core module 'sparsemux_21_4_8_1_1': 44 instance(s).
INFO: [RTGEN 206-100] Generating core module 'sparsemux_7_2_8_1_1': 16 instance(s).
INFO: [RTGEN 206-100] Generating core module 'sparsemux_9_3_8_1_1': 2 instance(s).
INFO: [RTGEN 206-100] Finished creating RTL model for 'run_dwconv_Pipeline_VITIS_LOOP_89_8_VITIS_LOOP_90_9131'.
INFO: [HLS 200-111] Finished Creating RTL model: CPU user time: 1 seconds. CPU system time: 0 seconds. Elapsed time: 0.965 seconds; current allocated memory: 9.039 GB.
INFO: [HLS 200-10] ----------------------------------------------------------------
INFO: [HLS 200-10] -- Generating RTL for module 'run_dwconv_Pipeline_VITIS_LOOP_89_8_VITIS_LOOP_90_9132' 
INFO: [HLS 200-10] ----------------------------------------------------------------
INFO: [HLS 200-1030] Apply Unified Pipeline Control on module 'run_dwconv_Pipeline_VITIS_LOOP_89_8_VITIS_LOOP_90_9132' pipeline 'VITIS_LOOP_89_8_VITIS_LOOP_90_9' pipeline type 'loop pipeline'
INFO: [RTGEN 206-100] Generating core module 'mac_muladd_8s_8s_32s_32_4_1': 1 instance(s).
INFO: [RTGEN 206-100] Generating core module 'sparsemux_21_4_8_1_1': 44 instance(s).
INFO: [RTGEN 206-100] Generating core module 'sparsemux_7_2_8_1_1': 16 instance(s).
INFO: [RTGEN 206-100] Generating core module 'sparsemux_9_3_8_1_1': 2 instance(s).
INFO: [RTGEN 206-100] Finished creating RTL model for 'run_dwconv_Pipeline_VITIS_LOOP_89_8_VITIS_LOOP_90_9132'.
INFO: [HLS 200-111] Finished Creating RTL model: CPU user time: 1 seconds. CPU system time: 1 seconds. Elapsed time: 1.001 seconds; current allocated memory: 9.058 GB.
INFO: [HLS 200-10] ----------------------------------------------------------------
INFO: [HLS 200-10] -- Generating RTL for module 'run_dwconv_Pipeline_VITIS_LOOP_89_8_VITIS_LOOP_90_9133' 
INFO: [HLS 200-10] ----------------------------------------------------------------
INFO: [HLS 200-1030] Apply Unified Pipeline Control on module 'run_dwconv_Pipeline_VITIS_LOOP_89_8_VITIS_LOOP_90_9133' pipeline 'VITIS_LOOP_89_8_VITIS_LOOP_90_9' pipeline type 'loop pipeline'
INFO: [RTGEN 206-100] Generating core module 'mac_muladd_8s_8s_32s_32_4_1': 1 instance(s).
INFO: [RTGEN 206-100] Generating core module 'sparsemux_21_4_8_1_1': 44 instance(s).
INFO: [RTGEN 206-100] Generating core module 'sparsemux_7_2_8_1_1': 16 instance(s).
INFO: [RTGEN 206-100] Generating core module 'sparsemux_9_3_8_1_1': 2 instance(s).
INFO: [RTGEN 206-100] Finished creating RTL model for 'run_dwconv_Pipeline_VITIS_LOOP_89_8_VITIS_LOOP_90_9133'.
INFO: [HLS 200-111] Finished Creating RTL model: CPU user time: 0 seconds. CPU system time: 0 seconds. Elapsed time: 0.985 seconds; current allocated memory: 9.077 GB.
INFO: [HLS 200-10] ----------------------------------------------------------------
INFO: [HLS 200-10] -- Generating RTL for module 'run_dwconv_Pipeline_VITIS_LOOP_89_8_VITIS_LOOP_90_9134' 
INFO: [HLS 200-10] ----------------------------------------------------------------
INFO: [HLS 200-1030] Apply Unified Pipeline Control on module 'run_dwconv_Pipeline_VITIS_LOOP_89_8_VITIS_LOOP_90_9134' pipeline 'VITIS_LOOP_89_8_VITIS_LOOP_90_9' pipeline type 'loop pipeline'
INFO: [RTGEN 206-100] Generating core module 'mac_muladd_8s_8s_32s_32_4_1': 1 instance(s).
INFO: [RTGEN 206-100] Generating core module 'sparsemux_21_4_8_1_1': 44 instance(s).
INFO: [RTGEN 206-100] Generating core module 'sparsemux_7_2_8_1_1': 16 instance(s).
INFO: [RTGEN 206-100] Generating core module 'sparsemux_9_3_8_1_1': 2 instance(s).
INFO: [RTGEN 206-100] Finished creating RTL model for 'run_dwconv_Pipeline_VITIS_LOOP_89_8_VITIS_LOOP_90_9134'.
INFO: [HLS 200-111] Finished Creating RTL model: CPU user time: 1 seconds. CPU system time: 0 seconds. Elapsed time: 1.012 seconds; current allocated memory: 9.095 GB.
INFO: [HLS 200-10] ----------------------------------------------------------------
INFO: [HLS 200-10] -- Generating RTL for module 'run_dwconv_Pipeline_VITIS_LOOP_89_8_VITIS_LOOP_90_9135' 
INFO: [HLS 200-10] ----------------------------------------------------------------
INFO: [HLS 200-1030] Apply Unified Pipeline Control on module 'run_dwconv_Pipeline_VITIS_LOOP_89_8_VITIS_LOOP_90_9135' pipeline 'VITIS_LOOP_89_8_VITIS_LOOP_90_9' pipeline type 'loop pipeline'
INFO: [RTGEN 206-100] Generating core module 'mac_muladd_8s_8s_32s_32_4_1': 1 instance(s).
INFO: [RTGEN 206-100] Generating core module 'sparsemux_21_4_8_1_1': 44 instance(s).
INFO: [RTGEN 206-100] Generating core module 'sparsemux_7_2_8_1_1': 16 instance(s).
INFO: [RTGEN 206-100] Generating core module 'sparsemux_9_3_8_1_1': 2 instance(s).
INFO: [RTGEN 206-100] Finished creating RTL model for 'run_dwconv_Pipeline_VITIS_LOOP_89_8_VITIS_LOOP_90_9135'.
INFO: [HLS 200-111] Finished Creating RTL model: CPU user time: 1 seconds. CPU system time: 0 seconds. Elapsed time: 0.981 seconds; current allocated memory: 9.113 GB.
INFO: [HLS 200-10] ----------------------------------------------------------------
INFO: [HLS 200-10] -- Generating RTL for module 'run_dwconv_Pipeline_VITIS_LOOP_89_8_VITIS_LOOP_90_9136' 
INFO: [HLS 200-10] ----------------------------------------------------------------
INFO: [HLS 200-1030] Apply Unified Pipeline Control on module 'run_dwconv_Pipeline_VITIS_LOOP_89_8_VITIS_LOOP_90_9136' pipeline 'VITIS_LOOP_89_8_VITIS_LOOP_90_9' pipeline type 'loop pipeline'
INFO: [RTGEN 206-100] Generating core module 'mac_muladd_8s_8s_32s_32_4_1': 1 instance(s).
INFO: [RTGEN 206-100] Generating core module 'sparsemux_21_4_8_1_1': 44 instance(s).
INFO: [RTGEN 206-100] Generating core module 'sparsemux_7_2_8_1_1': 16 instance(s).
INFO: [RTGEN 206-100] Generating core module 'sparsemux_9_3_8_1_1': 2 instance(s).
INFO: [RTGEN 206-100] Finished creating RTL model for 'run_dwconv_Pipeline_VITIS_LOOP_89_8_VITIS_LOOP_90_9136'.
INFO: [HLS 200-111] Finished Creating RTL model: CPU user time: 1 seconds. CPU system time: 0 seconds. Elapsed time: 0.997 seconds; current allocated memory: 9.132 GB.
INFO: [HLS 200-10] ----------------------------------------------------------------
INFO: [HLS 200-10] -- Generating RTL for module 'run_dwconv_Pipeline_VITIS_LOOP_89_8_VITIS_LOOP_90_9137' 
INFO: [HLS 200-10] ----------------------------------------------------------------
INFO: [HLS 200-1030] Apply Unified Pipeline Control on module 'run_dwconv_Pipeline_VITIS_LOOP_89_8_VITIS_LOOP_90_9137' pipeline 'VITIS_LOOP_89_8_VITIS_LOOP_90_9' pipeline type 'loop pipeline'
INFO: [RTGEN 206-100] Generating core module 'mac_muladd_8s_8s_32s_32_4_1': 1 instance(s).
INFO: [RTGEN 206-100] Generating core module 'sparsemux_21_4_8_1_1': 44 instance(s).
INFO: [RTGEN 206-100] Generating core module 'sparsemux_7_2_8_1_1': 16 instance(s).
INFO: [RTGEN 206-100] Generating core module 'sparsemux_9_3_8_1_1': 2 instance(s).
INFO: [RTGEN 206-100] Finished creating RTL model for 'run_dwconv_Pipeline_VITIS_LOOP_89_8_VITIS_LOOP_90_9137'.
INFO: [HLS 200-111] Finished Creating RTL model: CPU user time: 2 seconds. CPU system time: 0 seconds. Elapsed time: 1.701 seconds; current allocated memory: 9.151 GB.
INFO: [HLS 200-10] ----------------------------------------------------------------
INFO: [HLS 200-10] -- Generating RTL for module 'run_dwconv_Pipeline_VITIS_LOOP_89_8_VITIS_LOOP_90_9138' 
INFO: [HLS 200-10] ----------------------------------------------------------------
INFO: [HLS 200-1030] Apply Unified Pipeline Control on module 'run_dwconv_Pipeline_VITIS_LOOP_89_8_VITIS_LOOP_90_9138' pipeline 'VITIS_LOOP_89_8_VITIS_LOOP_90_9' pipeline type 'loop pipeline'
INFO: [RTGEN 206-100] Generating core module 'mac_muladd_8s_8s_32s_32_4_1': 1 instance(s).
INFO: [RTGEN 206-100] Generating core module 'sparsemux_21_4_8_1_1': 44 instance(s).
INFO: [RTGEN 206-100] Generating core module 'sparsemux_7_2_8_1_1': 16 instance(s).
INFO: [RTGEN 206-100] Generating core module 'sparsemux_9_3_8_1_1': 2 instance(s).
INFO: [RTGEN 206-100] Finished creating RTL model for 'run_dwconv_Pipeline_VITIS_LOOP_89_8_VITIS_LOOP_90_9138'.
INFO: [HLS 200-111] Finished Creating RTL model: CPU user time: 0 seconds. CPU system time: 0 seconds. Elapsed time: 1.012 seconds; current allocated memory: 9.170 GB.
INFO: [HLS 200-10] ----------------------------------------------------------------
INFO: [HLS 200-10] -- Generating RTL for module 'run_dwconv_Pipeline_VITIS_LOOP_89_8_VITIS_LOOP_90_9139' 
INFO: [HLS 200-10] ----------------------------------------------------------------
INFO: [HLS 200-1030] Apply Unified Pipeline Control on module 'run_dwconv_Pipeline_VITIS_LOOP_89_8_VITIS_LOOP_90_9139' pipeline 'VITIS_LOOP_89_8_VITIS_LOOP_90_9' pipeline type 'loop pipeline'
INFO: [RTGEN 206-100] Generating core module 'mac_muladd_8s_8s_32s_32_4_1': 1 instance(s).
INFO: [RTGEN 206-100] Generating core module 'sparsemux_21_4_8_1_1': 44 instance(s).
INFO: [RTGEN 206-100] Generating core module 'sparsemux_7_2_8_1_1': 16 instance(s).
INFO: [RTGEN 206-100] Generating core module 'sparsemux_9_3_8_1_1': 2 instance(s).
INFO: [RTGEN 206-100] Finished creating RTL model for 'run_dwconv_Pipeline_VITIS_LOOP_89_8_VITIS_LOOP_90_9139'.
INFO: [HLS 200-111] Finished Creating RTL model: CPU user time: 1 seconds. CPU system time: 0 seconds. Elapsed time: 1.004 seconds; current allocated memory: 9.188 GB.
INFO: [HLS 200-10] ----------------------------------------------------------------
INFO: [HLS 200-10] -- Generating RTL for module 'run_dwconv_Pipeline_VITIS_LOOP_89_8_VITIS_LOOP_90_9140' 
INFO: [HLS 200-10] ----------------------------------------------------------------
INFO: [HLS 200-1030] Apply Unified Pipeline Control on module 'run_dwconv_Pipeline_VITIS_LOOP_89_8_VITIS_LOOP_90_9140' pipeline 'VITIS_LOOP_89_8_VITIS_LOOP_90_9' pipeline type 'loop pipeline'
INFO: [RTGEN 206-100] Generating core module 'mac_muladd_8s_8s_32s_32_4_1': 1 instance(s).
INFO: [RTGEN 206-100] Generating core module 'sparsemux_21_4_8_1_1': 44 instance(s).
INFO: [RTGEN 206-100] Generating core module 'sparsemux_7_2_8_1_1': 16 instance(s).
INFO: [RTGEN 206-100] Generating core module 'sparsemux_9_3_8_1_1': 2 instance(s).
INFO: [RTGEN 206-100] Finished creating RTL model for 'run_dwconv_Pipeline_VITIS_LOOP_89_8_VITIS_LOOP_90_9140'.
INFO: [HLS 200-111] Finished Creating RTL model: CPU user time: 1 seconds. CPU system time: 0 seconds. Elapsed time: 1.009 seconds; current allocated memory: 9.207 GB.
INFO: [HLS 200-10] ----------------------------------------------------------------
INFO: [HLS 200-10] -- Generating RTL for module 'run_dwconv_Pipeline_VITIS_LOOP_89_8_VITIS_LOOP_90_9141' 
INFO: [HLS 200-10] ----------------------------------------------------------------
INFO: [HLS 200-1030] Apply Unified Pipeline Control on module 'run_dwconv_Pipeline_VITIS_LOOP_89_8_VITIS_LOOP_90_9141' pipeline 'VITIS_LOOP_89_8_VITIS_LOOP_90_9' pipeline type 'loop pipeline'
INFO: [RTGEN 206-100] Generating core module 'mac_muladd_8s_8s_32s_32_4_1': 1 instance(s).
INFO: [RTGEN 206-100] Generating core module 'sparsemux_21_4_8_1_1': 44 instance(s).
INFO: [RTGEN 206-100] Generating core module 'sparsemux_7_2_8_1_1': 16 instance(s).
INFO: [RTGEN 206-100] Generating core module 'sparsemux_9_3_8_1_1': 2 instance(s).
INFO: [RTGEN 206-100] Finished creating RTL model for 'run_dwconv_Pipeline_VITIS_LOOP_89_8_VITIS_LOOP_90_9141'.
INFO: [HLS 200-111] Finished Creating RTL model: CPU user time: 1 seconds. CPU system time: 1 seconds. Elapsed time: 1.013 seconds; current allocated memory: 9.226 GB.
INFO: [HLS 200-10] ----------------------------------------------------------------
INFO: [HLS 200-10] -- Generating RTL for module 'run_dwconv_Pipeline_VITIS_LOOP_89_8_VITIS_LOOP_90_9142' 
INFO: [HLS 200-10] ----------------------------------------------------------------
INFO: [HLS 200-1030] Apply Unified Pipeline Control on module 'run_dwconv_Pipeline_VITIS_LOOP_89_8_VITIS_LOOP_90_9142' pipeline 'VITIS_LOOP_89_8_VITIS_LOOP_90_9' pipeline type 'loop pipeline'
INFO: [RTGEN 206-100] Generating core module 'mac_muladd_8s_8s_32s_32_4_1': 1 instance(s).
INFO: [RTGEN 206-100] Generating core module 'sparsemux_21_4_8_1_1': 44 instance(s).
INFO: [RTGEN 206-100] Generating core module 'sparsemux_7_2_8_1_1': 16 instance(s).
INFO: [RTGEN 206-100] Generating core module 'sparsemux_9_3_8_1_1': 2 instance(s).
INFO: [RTGEN 206-100] Finished creating RTL model for 'run_dwconv_Pipeline_VITIS_LOOP_89_8_VITIS_LOOP_90_9142'.
INFO: [HLS 200-111] Finished Creating RTL model: CPU user time: 1 seconds. CPU system time: 0 seconds. Elapsed time: 1.7 seconds; current allocated memory: 9.245 GB.
INFO: [HLS 200-10] ----------------------------------------------------------------
INFO: [HLS 200-10] -- Generating RTL for module 'run_dwconv_Pipeline_VITIS_LOOP_89_8_VITIS_LOOP_90_9143' 
INFO: [HLS 200-10] ----------------------------------------------------------------
INFO: [HLS 200-1030] Apply Unified Pipeline Control on module 'run_dwconv_Pipeline_VITIS_LOOP_89_8_VITIS_LOOP_90_9143' pipeline 'VITIS_LOOP_89_8_VITIS_LOOP_90_9' pipeline type 'loop pipeline'
INFO: [RTGEN 206-100] Generating core module 'mac_muladd_8s_8s_32s_32_4_1': 1 instance(s).
INFO: [RTGEN 206-100] Generating core module 'sparsemux_21_4_8_1_1': 44 instance(s).
INFO: [RTGEN 206-100] Generating core module 'sparsemux_7_2_8_1_1': 16 instance(s).
INFO: [RTGEN 206-100] Generating core module 'sparsemux_9_3_8_1_1': 2 instance(s).
INFO: [RTGEN 206-100] Finished creating RTL model for 'run_dwconv_Pipeline_VITIS_LOOP_89_8_VITIS_LOOP_90_9143'.
INFO: [HLS 200-111] Finished Creating RTL model: CPU user time: 1 seconds. CPU system time: 0 seconds. Elapsed time: 1.036 seconds; current allocated memory: 9.264 GB.
INFO: [HLS 200-10] ----------------------------------------------------------------
INFO: [HLS 200-10] -- Generating RTL for module 'run_dwconv_Pipeline_VITIS_LOOP_89_8_VITIS_LOOP_90_9144' 
INFO: [HLS 200-10] ----------------------------------------------------------------
INFO: [HLS 200-1030] Apply Unified Pipeline Control on module 'run_dwconv_Pipeline_VITIS_LOOP_89_8_VITIS_LOOP_90_9144' pipeline 'VITIS_LOOP_89_8_VITIS_LOOP_90_9' pipeline type 'loop pipeline'
INFO: [RTGEN 206-100] Generating core module 'mac_muladd_8s_8s_32s_32_4_1': 1 instance(s).
INFO: [RTGEN 206-100] Generating core module 'sparsemux_21_4_8_1_1': 44 instance(s).
INFO: [RTGEN 206-100] Generating core module 'sparsemux_7_2_8_1_1': 16 instance(s).
INFO: [RTGEN 206-100] Generating core module 'sparsemux_9_3_8_1_1': 2 instance(s).
INFO: [RTGEN 206-100] Finished creating RTL model for 'run_dwconv_Pipeline_VITIS_LOOP_89_8_VITIS_LOOP_90_9144'.
INFO: [HLS 200-111] Finished Creating RTL model: CPU user time: 1 seconds. CPU system time: 0 seconds. Elapsed time: 1.002 seconds; current allocated memory: 9.283 GB.
INFO: [HLS 200-10] ----------------------------------------------------------------
INFO: [HLS 200-10] -- Generating RTL for module 'run_dwconv_Pipeline_VITIS_LOOP_89_8_VITIS_LOOP_90_9145' 
INFO: [HLS 200-10] ----------------------------------------------------------------
INFO: [HLS 200-1030] Apply Unified Pipeline Control on module 'run_dwconv_Pipeline_VITIS_LOOP_89_8_VITIS_LOOP_90_9145' pipeline 'VITIS_LOOP_89_8_VITIS_LOOP_90_9' pipeline type 'loop pipeline'
INFO: [RTGEN 206-100] Generating core module 'mac_muladd_8s_8s_32s_32_4_1': 1 instance(s).
INFO: [RTGEN 206-100] Generating core module 'sparsemux_21_4_8_1_1': 44 instance(s).
INFO: [RTGEN 206-100] Generating core module 'sparsemux_7_2_8_1_1': 16 instance(s).
INFO: [RTGEN 206-100] Generating core module 'sparsemux_9_3_8_1_1': 2 instance(s).
INFO: [RTGEN 206-100] Finished creating RTL model for 'run_dwconv_Pipeline_VITIS_LOOP_89_8_VITIS_LOOP_90_9145'.
INFO: [HLS 200-111] Finished Creating RTL model: CPU user time: 1 seconds. CPU system time: 0 seconds. Elapsed time: 1.008 seconds; current allocated memory: 9.301 GB.
INFO: [HLS 200-10] ----------------------------------------------------------------
INFO: [HLS 200-10] -- Generating RTL for module 'run_dwconv_Pipeline_VITIS_LOOP_89_8_VITIS_LOOP_90_9146' 
INFO: [HLS 200-10] ----------------------------------------------------------------
INFO: [HLS 200-1030] Apply Unified Pipeline Control on module 'run_dwconv_Pipeline_VITIS_LOOP_89_8_VITIS_LOOP_90_9146' pipeline 'VITIS_LOOP_89_8_VITIS_LOOP_90_9' pipeline type 'loop pipeline'
INFO: [RTGEN 206-100] Generating core module 'mac_muladd_8s_8s_32s_32_4_1': 1 instance(s).
INFO: [RTGEN 206-100] Generating core module 'sparsemux_21_4_8_1_1': 44 instance(s).
INFO: [RTGEN 206-100] Generating core module 'sparsemux_7_2_8_1_1': 16 instance(s).
INFO: [RTGEN 206-100] Generating core module 'sparsemux_9_3_8_1_1': 2 instance(s).
INFO: [RTGEN 206-100] Finished creating RTL model for 'run_dwconv_Pipeline_VITIS_LOOP_89_8_VITIS_LOOP_90_9146'.
INFO: [HLS 200-111] Finished Creating RTL model: CPU user time: 1 seconds. CPU system time: 0 seconds. Elapsed time: 1.022 seconds; current allocated memory: 9.321 GB.
INFO: [HLS 200-10] ----------------------------------------------------------------
INFO: [HLS 200-10] -- Generating RTL for module 'run_dwconv_Pipeline_VITIS_LOOP_89_8_VITIS_LOOP_90_9147' 
INFO: [HLS 200-10] ----------------------------------------------------------------
INFO: [HLS 200-1030] Apply Unified Pipeline Control on module 'run_dwconv_Pipeline_VITIS_LOOP_89_8_VITIS_LOOP_90_9147' pipeline 'VITIS_LOOP_89_8_VITIS_LOOP_90_9' pipeline type 'loop pipeline'
INFO: [RTGEN 206-100] Generating core module 'mac_muladd_8s_8s_32s_32_4_1': 1 instance(s).
INFO: [RTGEN 206-100] Generating core module 'sparsemux_21_4_8_1_1': 44 instance(s).
INFO: [RTGEN 206-100] Generating core module 'sparsemux_7_2_8_1_1': 16 instance(s).
INFO: [RTGEN 206-100] Generating core module 'sparsemux_9_3_8_1_1': 2 instance(s).
INFO: [RTGEN 206-100] Finished creating RTL model for 'run_dwconv_Pipeline_VITIS_LOOP_89_8_VITIS_LOOP_90_9147'.
INFO: [HLS 200-111] Finished Creating RTL model: CPU user time: 1 seconds. CPU system time: 0 seconds. Elapsed time: 1.722 seconds; current allocated memory: 9.340 GB.
INFO: [HLS 200-10] ----------------------------------------------------------------
INFO: [HLS 200-10] -- Generating RTL for module 'run_dwconv_Pipeline_VITIS_LOOP_89_8_VITIS_LOOP_90_9148' 
INFO: [HLS 200-10] ----------------------------------------------------------------
INFO: [HLS 200-1030] Apply Unified Pipeline Control on module 'run_dwconv_Pipeline_VITIS_LOOP_89_8_VITIS_LOOP_90_9148' pipeline 'VITIS_LOOP_89_8_VITIS_LOOP_90_9' pipeline type 'loop pipeline'
INFO: [RTGEN 206-100] Generating core module 'mac_muladd_8s_8s_32s_32_4_1': 1 instance(s).
INFO: [RTGEN 206-100] Generating core module 'sparsemux_21_4_8_1_1': 44 instance(s).
INFO: [RTGEN 206-100] Generating core module 'sparsemux_7_2_8_1_1': 16 instance(s).
INFO: [RTGEN 206-100] Generating core module 'sparsemux_9_3_8_1_1': 2 instance(s).
INFO: [RTGEN 206-100] Finished creating RTL model for 'run_dwconv_Pipeline_VITIS_LOOP_89_8_VITIS_LOOP_90_9148'.
INFO: [HLS 200-111] Finished Creating RTL model: CPU user time: 1 seconds. CPU system time: 1 seconds. Elapsed time: 1.027 seconds; current allocated memory: 9.359 GB.
INFO: [HLS 200-10] ----------------------------------------------------------------
INFO: [HLS 200-10] -- Generating RTL for module 'run_dwconv_Pipeline_VITIS_LOOP_89_8_VITIS_LOOP_90_9149' 
INFO: [HLS 200-10] ----------------------------------------------------------------
INFO: [HLS 200-1030] Apply Unified Pipeline Control on module 'run_dwconv_Pipeline_VITIS_LOOP_89_8_VITIS_LOOP_90_9149' pipeline 'VITIS_LOOP_89_8_VITIS_LOOP_90_9' pipeline type 'loop pipeline'
INFO: [RTGEN 206-100] Generating core module 'mac_muladd_8s_8s_32s_32_4_1': 1 instance(s).
INFO: [RTGEN 206-100] Generating core module 'sparsemux_21_4_8_1_1': 44 instance(s).
INFO: [RTGEN 206-100] Generating core module 'sparsemux_7_2_8_1_1': 16 instance(s).
INFO: [RTGEN 206-100] Generating core module 'sparsemux_9_3_8_1_1': 2 instance(s).
INFO: [RTGEN 206-100] Finished creating RTL model for 'run_dwconv_Pipeline_VITIS_LOOP_89_8_VITIS_LOOP_90_9149'.
INFO: [HLS 200-111] Finished Creating RTL model: CPU user time: 1 seconds. CPU system time: 0 seconds. Elapsed time: 1.032 seconds; current allocated memory: 9.379 GB.
INFO: [HLS 200-10] ----------------------------------------------------------------
INFO: [HLS 200-10] -- Generating RTL for module 'run_dwconv_Pipeline_VITIS_LOOP_89_8_VITIS_LOOP_90_9150' 
INFO: [HLS 200-10] ----------------------------------------------------------------
INFO: [HLS 200-1030] Apply Unified Pipeline Control on module 'run_dwconv_Pipeline_VITIS_LOOP_89_8_VITIS_LOOP_90_9150' pipeline 'VITIS_LOOP_89_8_VITIS_LOOP_90_9' pipeline type 'loop pipeline'
INFO: [RTGEN 206-100] Generating core module 'mac_muladd_8s_8s_32s_32_4_1': 1 instance(s).
INFO: [RTGEN 206-100] Generating core module 'sparsemux_21_4_8_1_1': 44 instance(s).
INFO: [RTGEN 206-100] Generating core module 'sparsemux_7_2_8_1_1': 16 instance(s).
INFO: [RTGEN 206-100] Generating core module 'sparsemux_9_3_8_1_1': 2 instance(s).
INFO: [RTGEN 206-100] Finished creating RTL model for 'run_dwconv_Pipeline_VITIS_LOOP_89_8_VITIS_LOOP_90_9150'.
INFO: [HLS 200-111] Finished Creating RTL model: CPU user time: 1 seconds. CPU system time: 0 seconds. Elapsed time: 1.023 seconds; current allocated memory: 9.398 GB.
INFO: [HLS 200-10] ----------------------------------------------------------------
INFO: [HLS 200-10] -- Generating RTL for module 'run_dwconv_Pipeline_VITIS_LOOP_89_8_VITIS_LOOP_90_9151' 
INFO: [HLS 200-10] ----------------------------------------------------------------
INFO: [HLS 200-1030] Apply Unified Pipeline Control on module 'run_dwconv_Pipeline_VITIS_LOOP_89_8_VITIS_LOOP_90_9151' pipeline 'VITIS_LOOP_89_8_VITIS_LOOP_90_9' pipeline type 'loop pipeline'
INFO: [RTGEN 206-100] Generating core module 'mac_muladd_8s_8s_32s_32_4_1': 1 instance(s).
INFO: [RTGEN 206-100] Generating core module 'sparsemux_21_4_8_1_1': 44 instance(s).
INFO: [RTGEN 206-100] Generating core module 'sparsemux_7_2_8_1_1': 16 instance(s).
INFO: [RTGEN 206-100] Generating core module 'sparsemux_9_3_8_1_1': 2 instance(s).
INFO: [RTGEN 206-100] Finished creating RTL model for 'run_dwconv_Pipeline_VITIS_LOOP_89_8_VITIS_LOOP_90_9151'.
INFO: [HLS 200-111] Finished Creating RTL model: CPU user time: 1 seconds. CPU system time: 0 seconds. Elapsed time: 1.002 seconds; current allocated memory: 9.417 GB.
INFO: [HLS 200-10] ----------------------------------------------------------------
INFO: [HLS 200-10] -- Generating RTL for module 'run_dwconv_Pipeline_VITIS_LOOP_89_8_VITIS_LOOP_90_9152' 
INFO: [HLS 200-10] ----------------------------------------------------------------
INFO: [HLS 200-1030] Apply Unified Pipeline Control on module 'run_dwconv_Pipeline_VITIS_LOOP_89_8_VITIS_LOOP_90_9152' pipeline 'VITIS_LOOP_89_8_VITIS_LOOP_90_9' pipeline type 'loop pipeline'
INFO: [RTGEN 206-100] Generating core module 'mac_muladd_8s_8s_32s_32_4_1': 1 instance(s).
INFO: [RTGEN 206-100] Generating core module 'sparsemux_21_4_8_1_1': 44 instance(s).
INFO: [RTGEN 206-100] Generating core module 'sparsemux_7_2_8_1_1': 16 instance(s).
INFO: [RTGEN 206-100] Generating core module 'sparsemux_9_3_8_1_1': 2 instance(s).
INFO: [RTGEN 206-100] Finished creating RTL model for 'run_dwconv_Pipeline_VITIS_LOOP_89_8_VITIS_LOOP_90_9152'.
INFO: [HLS 200-111] Finished Creating RTL model: CPU user time: 1 seconds. CPU system time: 0 seconds. Elapsed time: 1.718 seconds; current allocated memory: 9.436 GB.
INFO: [HLS 200-10] ----------------------------------------------------------------
INFO: [HLS 200-10] -- Generating RTL for module 'run_dwconv_Pipeline_VITIS_LOOP_89_8_VITIS_LOOP_90_9153' 
INFO: [HLS 200-10] ----------------------------------------------------------------
INFO: [HLS 200-1030] Apply Unified Pipeline Control on module 'run_dwconv_Pipeline_VITIS_LOOP_89_8_VITIS_LOOP_90_9153' pipeline 'VITIS_LOOP_89_8_VITIS_LOOP_90_9' pipeline type 'loop pipeline'
INFO: [RTGEN 206-100] Generating core module 'mac_muladd_8s_8s_32s_32_4_1': 1 instance(s).
INFO: [RTGEN 206-100] Generating core module 'sparsemux_21_4_8_1_1': 44 instance(s).
INFO: [RTGEN 206-100] Generating core module 'sparsemux_7_2_8_1_1': 16 instance(s).
INFO: [RTGEN 206-100] Generating core module 'sparsemux_9_3_8_1_1': 2 instance(s).
INFO: [RTGEN 206-100] Finished creating RTL model for 'run_dwconv_Pipeline_VITIS_LOOP_89_8_VITIS_LOOP_90_9153'.
INFO: [HLS 200-111] Finished Creating RTL model: CPU user time: 1 seconds. CPU system time: 0 seconds. Elapsed time: 1.025 seconds; current allocated memory: 9.455 GB.
INFO: [HLS 200-10] ----------------------------------------------------------------
INFO: [HLS 200-10] -- Generating RTL for module 'run_dwconv_Pipeline_VITIS_LOOP_89_8_VITIS_LOOP_90_9154' 
INFO: [HLS 200-10] ----------------------------------------------------------------
INFO: [HLS 200-1030] Apply Unified Pipeline Control on module 'run_dwconv_Pipeline_VITIS_LOOP_89_8_VITIS_LOOP_90_9154' pipeline 'VITIS_LOOP_89_8_VITIS_LOOP_90_9' pipeline type 'loop pipeline'
INFO: [RTGEN 206-100] Generating core module 'mac_muladd_8s_8s_32s_32_4_1': 1 instance(s).
INFO: [RTGEN 206-100] Generating core module 'sparsemux_21_4_8_1_1': 44 instance(s).
INFO: [RTGEN 206-100] Generating core module 'sparsemux_7_2_8_1_1': 16 instance(s).
INFO: [RTGEN 206-100] Generating core module 'sparsemux_9_3_8_1_1': 2 instance(s).
INFO: [RTGEN 206-100] Finished creating RTL model for 'run_dwconv_Pipeline_VITIS_LOOP_89_8_VITIS_LOOP_90_9154'.
INFO: [HLS 200-111] Finished Creating RTL model: CPU user time: 1 seconds. CPU system time: 0 seconds. Elapsed time: 1.041 seconds; current allocated memory: 9.475 GB.
INFO: [HLS 200-10] ----------------------------------------------------------------
INFO: [HLS 200-10] -- Generating RTL for module 'run_dwconv_Pipeline_VITIS_LOOP_89_8_VITIS_LOOP_90_9155' 
INFO: [HLS 200-10] ----------------------------------------------------------------
INFO: [HLS 200-1030] Apply Unified Pipeline Control on module 'run_dwconv_Pipeline_VITIS_LOOP_89_8_VITIS_LOOP_90_9155' pipeline 'VITIS_LOOP_89_8_VITIS_LOOP_90_9' pipeline type 'loop pipeline'
INFO: [RTGEN 206-100] Generating core module 'mac_muladd_8s_8s_32s_32_4_1': 1 instance(s).
INFO: [RTGEN 206-100] Generating core module 'sparsemux_21_4_8_1_1': 44 instance(s).
INFO: [RTGEN 206-100] Generating core module 'sparsemux_7_2_8_1_1': 16 instance(s).
INFO: [RTGEN 206-100] Generating core module 'sparsemux_9_3_8_1_1': 2 instance(s).
INFO: [RTGEN 206-100] Finished creating RTL model for 'run_dwconv_Pipeline_VITIS_LOOP_89_8_VITIS_LOOP_90_9155'.
INFO: [HLS 200-111] Finished Creating RTL model: CPU user time: 1 seconds. CPU system time: 0 seconds. Elapsed time: 1.032 seconds; current allocated memory: 9.494 GB.
INFO: [HLS 200-10] ----------------------------------------------------------------
INFO: [HLS 200-10] -- Generating RTL for module 'run_dwconv_Pipeline_VITIS_LOOP_89_8_VITIS_LOOP_90_9156' 
INFO: [HLS 200-10] ----------------------------------------------------------------
INFO: [HLS 200-1030] Apply Unified Pipeline Control on module 'run_dwconv_Pipeline_VITIS_LOOP_89_8_VITIS_LOOP_90_9156' pipeline 'VITIS_LOOP_89_8_VITIS_LOOP_90_9' pipeline type 'loop pipeline'
INFO: [RTGEN 206-100] Generating core module 'mac_muladd_8s_8s_32s_32_4_1': 1 instance(s).
INFO: [RTGEN 206-100] Generating core module 'sparsemux_21_4_8_1_1': 44 instance(s).
INFO: [RTGEN 206-100] Generating core module 'sparsemux_7_2_8_1_1': 16 instance(s).
INFO: [RTGEN 206-100] Generating core module 'sparsemux_9_3_8_1_1': 2 instance(s).
INFO: [RTGEN 206-100] Finished creating RTL model for 'run_dwconv_Pipeline_VITIS_LOOP_89_8_VITIS_LOOP_90_9156'.
INFO: [HLS 200-111] Finished Creating RTL model: CPU user time: 1 seconds. CPU system time: 0 seconds. Elapsed time: 1.061 seconds; current allocated memory: 9.514 GB.
INFO: [HLS 200-10] ----------------------------------------------------------------
INFO: [HLS 200-10] -- Generating RTL for module 'run_dwconv_Pipeline_VITIS_LOOP_89_8_VITIS_LOOP_90_9157' 
INFO: [HLS 200-10] ----------------------------------------------------------------
INFO: [HLS 200-1030] Apply Unified Pipeline Control on module 'run_dwconv_Pipeline_VITIS_LOOP_89_8_VITIS_LOOP_90_9157' pipeline 'VITIS_LOOP_89_8_VITIS_LOOP_90_9' pipeline type 'loop pipeline'
INFO: [RTGEN 206-100] Generating core module 'mac_muladd_8s_8s_32s_32_4_1': 1 instance(s).
INFO: [RTGEN 206-100] Generating core module 'sparsemux_21_4_8_1_1': 44 instance(s).
INFO: [RTGEN 206-100] Generating core module 'sparsemux_7_2_8_1_1': 16 instance(s).
INFO: [RTGEN 206-100] Generating core module 'sparsemux_9_3_8_1_1': 2 instance(s).
INFO: [RTGEN 206-100] Finished creating RTL model for 'run_dwconv_Pipeline_VITIS_LOOP_89_8_VITIS_LOOP_90_9157'.
INFO: [HLS 200-111] Finished Creating RTL model: CPU user time: 1 seconds. CPU system time: 0 seconds. Elapsed time: 1.738 seconds; current allocated memory: 9.532 GB.
INFO: [HLS 200-10] ----------------------------------------------------------------
INFO: [HLS 200-10] -- Generating RTL for module 'run_dwconv_Pipeline_VITIS_LOOP_89_8_VITIS_LOOP_90_9158' 
INFO: [HLS 200-10] ----------------------------------------------------------------
INFO: [HLS 200-1030] Apply Unified Pipeline Control on module 'run_dwconv_Pipeline_VITIS_LOOP_89_8_VITIS_LOOP_90_9158' pipeline 'VITIS_LOOP_89_8_VITIS_LOOP_90_9' pipeline type 'loop pipeline'
INFO: [RTGEN 206-100] Generating core module 'mac_muladd_8s_8s_32s_32_4_1': 1 instance(s).
INFO: [RTGEN 206-100] Generating core module 'sparsemux_21_4_8_1_1': 44 instance(s).
INFO: [RTGEN 206-100] Generating core module 'sparsemux_7_2_8_1_1': 16 instance(s).
INFO: [RTGEN 206-100] Generating core module 'sparsemux_9_3_8_1_1': 2 instance(s).
INFO: [RTGEN 206-100] Finished creating RTL model for 'run_dwconv_Pipeline_VITIS_LOOP_89_8_VITIS_LOOP_90_9158'.
INFO: [HLS 200-111] Finished Creating RTL model: CPU user time: 1 seconds. CPU system time: 1 seconds. Elapsed time: 1.055 seconds; current allocated memory: 9.551 GB.
INFO: [HLS 200-10] ----------------------------------------------------------------
INFO: [HLS 200-10] -- Generating RTL for module 'run_dwconv_Pipeline_VITIS_LOOP_89_8_VITIS_LOOP_90_9159' 
INFO: [HLS 200-10] ----------------------------------------------------------------
INFO: [HLS 200-1030] Apply Unified Pipeline Control on module 'run_dwconv_Pipeline_VITIS_LOOP_89_8_VITIS_LOOP_90_9159' pipeline 'VITIS_LOOP_89_8_VITIS_LOOP_90_9' pipeline type 'loop pipeline'
INFO: [RTGEN 206-100] Generating core module 'mac_muladd_8s_8s_32s_32_4_1': 1 instance(s).
INFO: [RTGEN 206-100] Generating core module 'sparsemux_21_4_8_1_1': 44 instance(s).
INFO: [RTGEN 206-100] Generating core module 'sparsemux_7_2_8_1_1': 16 instance(s).
INFO: [RTGEN 206-100] Generating core module 'sparsemux_9_3_8_1_1': 2 instance(s).
INFO: [RTGEN 206-100] Finished creating RTL model for 'run_dwconv_Pipeline_VITIS_LOOP_89_8_VITIS_LOOP_90_9159'.
INFO: [HLS 200-111] Finished Creating RTL model: CPU user time: 1 seconds. CPU system time: 0 seconds. Elapsed time: 1.062 seconds; current allocated memory: 9.571 GB.
INFO: [HLS 200-10] ----------------------------------------------------------------
INFO: [HLS 200-10] -- Generating RTL for module 'run_dwconv_Pipeline_VITIS_LOOP_89_8_VITIS_LOOP_90_9160' 
INFO: [HLS 200-10] ----------------------------------------------------------------
INFO: [HLS 200-1030] Apply Unified Pipeline Control on module 'run_dwconv_Pipeline_VITIS_LOOP_89_8_VITIS_LOOP_90_9160' pipeline 'VITIS_LOOP_89_8_VITIS_LOOP_90_9' pipeline type 'loop pipeline'
INFO: [RTGEN 206-100] Generating core module 'mac_muladd_8s_8s_32s_32_4_1': 1 instance(s).
INFO: [RTGEN 206-100] Generating core module 'sparsemux_21_4_8_1_1': 44 instance(s).
INFO: [RTGEN 206-100] Generating core module 'sparsemux_7_2_8_1_1': 16 instance(s).
INFO: [RTGEN 206-100] Generating core module 'sparsemux_9_3_8_1_1': 2 instance(s).
INFO: [RTGEN 206-100] Finished creating RTL model for 'run_dwconv_Pipeline_VITIS_LOOP_89_8_VITIS_LOOP_90_9160'.
INFO: [HLS 200-111] Finished Creating RTL model: CPU user time: 1 seconds. CPU system time: 0 seconds. Elapsed time: 1.069 seconds; current allocated memory: 9.590 GB.
INFO: [HLS 200-10] ----------------------------------------------------------------
INFO: [HLS 200-10] -- Generating RTL for module 'run_dwconv_Pipeline_VITIS_LOOP_89_8_VITIS_LOOP_90_9161' 
INFO: [HLS 200-10] ----------------------------------------------------------------
INFO: [HLS 200-1030] Apply Unified Pipeline Control on module 'run_dwconv_Pipeline_VITIS_LOOP_89_8_VITIS_LOOP_90_9161' pipeline 'VITIS_LOOP_89_8_VITIS_LOOP_90_9' pipeline type 'loop pipeline'
INFO: [RTGEN 206-100] Generating core module 'mac_muladd_8s_8s_32s_32_4_1': 1 instance(s).
INFO: [RTGEN 206-100] Generating core module 'sparsemux_21_4_8_1_1': 44 instance(s).
INFO: [RTGEN 206-100] Generating core module 'sparsemux_7_2_8_1_1': 16 instance(s).
INFO: [RTGEN 206-100] Generating core module 'sparsemux_9_3_8_1_1': 2 instance(s).
INFO: [RTGEN 206-100] Finished creating RTL model for 'run_dwconv_Pipeline_VITIS_LOOP_89_8_VITIS_LOOP_90_9161'.
INFO: [HLS 200-111] Finished Creating RTL model: CPU user time: 1 seconds. CPU system time: 0 seconds. Elapsed time: 1.057 seconds; current allocated memory: 9.610 GB.
INFO: [HLS 200-10] ----------------------------------------------------------------
INFO: [HLS 200-10] -- Generating RTL for module 'run_dwconv_Pipeline_VITIS_LOOP_89_8_VITIS_LOOP_90_9162' 
INFO: [HLS 200-10] ----------------------------------------------------------------
INFO: [HLS 200-1030] Apply Unified Pipeline Control on module 'run_dwconv_Pipeline_VITIS_LOOP_89_8_VITIS_LOOP_90_9162' pipeline 'VITIS_LOOP_89_8_VITIS_LOOP_90_9' pipeline type 'loop pipeline'
INFO: [RTGEN 206-100] Generating core module 'mac_muladd_8s_8s_32s_32_4_1': 1 instance(s).
INFO: [RTGEN 206-100] Generating core module 'sparsemux_21_4_8_1_1': 44 instance(s).
INFO: [RTGEN 206-100] Generating core module 'sparsemux_7_2_8_1_1': 16 instance(s).
INFO: [RTGEN 206-100] Generating core module 'sparsemux_9_3_8_1_1': 2 instance(s).
INFO: [RTGEN 206-100] Finished creating RTL model for 'run_dwconv_Pipeline_VITIS_LOOP_89_8_VITIS_LOOP_90_9162'.
INFO: [HLS 200-111] Finished Creating RTL model: CPU user time: 2 seconds. CPU system time: 0 seconds. Elapsed time: 1.754 seconds; current allocated memory: 9.630 GB.
INFO: [HLS 200-10] ----------------------------------------------------------------
INFO: [HLS 200-10] -- Generating RTL for module 'run_dwconv_Pipeline_VITIS_LOOP_89_8_VITIS_LOOP_90_9163' 
INFO: [HLS 200-10] ----------------------------------------------------------------
INFO: [HLS 200-1030] Apply Unified Pipeline Control on module 'run_dwconv_Pipeline_VITIS_LOOP_89_8_VITIS_LOOP_90_9163' pipeline 'VITIS_LOOP_89_8_VITIS_LOOP_90_9' pipeline type 'loop pipeline'
INFO: [RTGEN 206-100] Generating core module 'mac_muladd_8s_8s_32s_32_4_1': 1 instance(s).
INFO: [RTGEN 206-100] Generating core module 'sparsemux_21_4_8_1_1': 44 instance(s).
INFO: [RTGEN 206-100] Generating core module 'sparsemux_7_2_8_1_1': 16 instance(s).
INFO: [RTGEN 206-100] Generating core module 'sparsemux_9_3_8_1_1': 2 instance(s).
INFO: [RTGEN 206-100] Finished creating RTL model for 'run_dwconv_Pipeline_VITIS_LOOP_89_8_VITIS_LOOP_90_9163'.
INFO: [HLS 200-111] Finished Creating RTL model: CPU user time: 1 seconds. CPU system time: 0 seconds. Elapsed time: 1.065 seconds; current allocated memory: 9.648 GB.
INFO: [HLS 200-10] ----------------------------------------------------------------
INFO: [HLS 200-10] -- Generating RTL for module 'run_dwconv_Pipeline_VITIS_LOOP_89_8_VITIS_LOOP_90_9164' 
INFO: [HLS 200-10] ----------------------------------------------------------------
INFO: [HLS 200-1030] Apply Unified Pipeline Control on module 'run_dwconv_Pipeline_VITIS_LOOP_89_8_VITIS_LOOP_90_9164' pipeline 'VITIS_LOOP_89_8_VITIS_LOOP_90_9' pipeline type 'loop pipeline'
INFO: [RTGEN 206-100] Generating core module 'mac_muladd_8s_8s_32s_32_4_1': 1 instance(s).
INFO: [RTGEN 206-100] Generating core module 'sparsemux_21_4_8_1_1': 44 instance(s).
INFO: [RTGEN 206-100] Generating core module 'sparsemux_7_2_8_1_1': 16 instance(s).
INFO: [RTGEN 206-100] Generating core module 'sparsemux_9_3_8_1_1': 2 instance(s).
INFO: [RTGEN 206-100] Finished creating RTL model for 'run_dwconv_Pipeline_VITIS_LOOP_89_8_VITIS_LOOP_90_9164'.
INFO: [HLS 200-111] Finished Creating RTL model: CPU user time: 0 seconds. CPU system time: 0 seconds. Elapsed time: 1.057 seconds; current allocated memory: 9.668 GB.
INFO: [HLS 200-10] ----------------------------------------------------------------
INFO: [HLS 200-10] -- Generating RTL for module 'run_dwconv_Pipeline_VITIS_LOOP_89_8_VITIS_LOOP_90_9165' 
INFO: [HLS 200-10] ----------------------------------------------------------------
INFO: [HLS 200-1030] Apply Unified Pipeline Control on module 'run_dwconv_Pipeline_VITIS_LOOP_89_8_VITIS_LOOP_90_9165' pipeline 'VITIS_LOOP_89_8_VITIS_LOOP_90_9' pipeline type 'loop pipeline'
INFO: [RTGEN 206-100] Generating core module 'mac_muladd_8s_8s_32s_32_4_1': 1 instance(s).
INFO: [RTGEN 206-100] Generating core module 'sparsemux_21_4_8_1_1': 44 instance(s).
INFO: [RTGEN 206-100] Generating core module 'sparsemux_7_2_8_1_1': 16 instance(s).
INFO: [RTGEN 206-100] Generating core module 'sparsemux_9_3_8_1_1': 2 instance(s).
INFO: [RTGEN 206-100] Finished creating RTL model for 'run_dwconv_Pipeline_VITIS_LOOP_89_8_VITIS_LOOP_90_9165'.
INFO: [HLS 200-111] Finished Creating RTL model: CPU user time: 1 seconds. CPU system time: 1 seconds. Elapsed time: 1.072 seconds; current allocated memory: 9.687 GB.
INFO: [HLS 200-10] ----------------------------------------------------------------
INFO: [HLS 200-10] -- Generating RTL for module 'run_dwconv_Pipeline_VITIS_LOOP_89_8_VITIS_LOOP_90_9166' 
INFO: [HLS 200-10] ----------------------------------------------------------------
INFO: [HLS 200-1030] Apply Unified Pipeline Control on module 'run_dwconv_Pipeline_VITIS_LOOP_89_8_VITIS_LOOP_90_9166' pipeline 'VITIS_LOOP_89_8_VITIS_LOOP_90_9' pipeline type 'loop pipeline'
INFO: [RTGEN 206-100] Generating core module 'mac_muladd_8s_8s_32s_32_4_1': 1 instance(s).
INFO: [RTGEN 206-100] Generating core module 'sparsemux_21_4_8_1_1': 44 instance(s).
INFO: [RTGEN 206-100] Generating core module 'sparsemux_7_2_8_1_1': 16 instance(s).
INFO: [RTGEN 206-100] Generating core module 'sparsemux_9_3_8_1_1': 2 instance(s).
INFO: [RTGEN 206-100] Finished creating RTL model for 'run_dwconv_Pipeline_VITIS_LOOP_89_8_VITIS_LOOP_90_9166'.
INFO: [HLS 200-111] Finished Creating RTL model: CPU user time: 1 seconds. CPU system time: 0 seconds. Elapsed time: 1.066 seconds; current allocated memory: 9.707 GB.
INFO: [HLS 200-10] ----------------------------------------------------------------
INFO: [HLS 200-10] -- Generating RTL for module 'run_dwconv_Pipeline_VITIS_LOOP_89_8_VITIS_LOOP_90_9167' 
INFO: [HLS 200-10] ----------------------------------------------------------------
INFO: [HLS 200-1030] Apply Unified Pipeline Control on module 'run_dwconv_Pipeline_VITIS_LOOP_89_8_VITIS_LOOP_90_9167' pipeline 'VITIS_LOOP_89_8_VITIS_LOOP_90_9' pipeline type 'loop pipeline'
INFO: [RTGEN 206-100] Generating core module 'mac_muladd_8s_8s_32s_32_4_1': 1 instance(s).
INFO: [RTGEN 206-100] Generating core module 'sparsemux_21_4_8_1_1': 44 instance(s).
INFO: [RTGEN 206-100] Generating core module 'sparsemux_7_2_8_1_1': 16 instance(s).
INFO: [RTGEN 206-100] Generating core module 'sparsemux_9_3_8_1_1': 2 instance(s).
INFO: [RTGEN 206-100] Finished creating RTL model for 'run_dwconv_Pipeline_VITIS_LOOP_89_8_VITIS_LOOP_90_9167'.
INFO: [HLS 200-111] Finished Creating RTL model: CPU user time: 1 seconds. CPU system time: 0 seconds. Elapsed time: 1.748 seconds; current allocated memory: 9.726 GB.
INFO: [HLS 200-10] ----------------------------------------------------------------
INFO: [HLS 200-10] -- Generating RTL for module 'run_dwconv_Pipeline_VITIS_LOOP_89_8_VITIS_LOOP_90_9168' 
INFO: [HLS 200-10] ----------------------------------------------------------------
INFO: [HLS 200-1030] Apply Unified Pipeline Control on module 'run_dwconv_Pipeline_VITIS_LOOP_89_8_VITIS_LOOP_90_9168' pipeline 'VITIS_LOOP_89_8_VITIS_LOOP_90_9' pipeline type 'loop pipeline'
INFO: [RTGEN 206-100] Generating core module 'mac_muladd_8s_8s_32s_32_4_1': 1 instance(s).
INFO: [RTGEN 206-100] Generating core module 'sparsemux_21_4_8_1_1': 44 instance(s).
INFO: [RTGEN 206-100] Generating core module 'sparsemux_7_2_8_1_1': 16 instance(s).
INFO: [RTGEN 206-100] Generating core module 'sparsemux_9_3_8_1_1': 2 instance(s).
INFO: [RTGEN 206-100] Finished creating RTL model for 'run_dwconv_Pipeline_VITIS_LOOP_89_8_VITIS_LOOP_90_9168'.
INFO: [HLS 200-111] Finished Creating RTL model: CPU user time: 0 seconds. CPU system time: 0 seconds. Elapsed time: 1.062 seconds; current allocated memory: 9.745 GB.
INFO: [HLS 200-10] ----------------------------------------------------------------
INFO: [HLS 200-10] -- Generating RTL for module 'run_dwconv_Pipeline_VITIS_LOOP_89_8_VITIS_LOOP_90_9169' 
INFO: [HLS 200-10] ----------------------------------------------------------------
INFO: [HLS 200-1030] Apply Unified Pipeline Control on module 'run_dwconv_Pipeline_VITIS_LOOP_89_8_VITIS_LOOP_90_9169' pipeline 'VITIS_LOOP_89_8_VITIS_LOOP_90_9' pipeline type 'loop pipeline'
INFO: [RTGEN 206-100] Generating core module 'mac_muladd_8s_8s_32s_32_4_1': 1 instance(s).
INFO: [RTGEN 206-100] Generating core module 'sparsemux_21_4_8_1_1': 44 instance(s).
INFO: [RTGEN 206-100] Generating core module 'sparsemux_7_2_8_1_1': 16 instance(s).
INFO: [RTGEN 206-100] Generating core module 'sparsemux_9_3_8_1_1': 2 instance(s).
INFO: [RTGEN 206-100] Finished creating RTL model for 'run_dwconv_Pipeline_VITIS_LOOP_89_8_VITIS_LOOP_90_9169'.
INFO: [HLS 200-111] Finished Creating RTL model: CPU user time: 1 seconds. CPU system time: 0 seconds. Elapsed time: 1.077 seconds; current allocated memory: 9.764 GB.
INFO: [HLS 200-10] ----------------------------------------------------------------
INFO: [HLS 200-10] -- Generating RTL for module 'run_dwconv_Pipeline_VITIS_LOOP_89_8_VITIS_LOOP_90_9170' 
INFO: [HLS 200-10] ----------------------------------------------------------------
INFO: [HLS 200-1030] Apply Unified Pipeline Control on module 'run_dwconv_Pipeline_VITIS_LOOP_89_8_VITIS_LOOP_90_9170' pipeline 'VITIS_LOOP_89_8_VITIS_LOOP_90_9' pipeline type 'loop pipeline'
INFO: [RTGEN 206-100] Generating core module 'mac_muladd_8s_8s_32s_32_4_1': 1 instance(s).
INFO: [RTGEN 206-100] Generating core module 'sparsemux_21_4_8_1_1': 44 instance(s).
INFO: [RTGEN 206-100] Generating core module 'sparsemux_7_2_8_1_1': 16 instance(s).
INFO: [RTGEN 206-100] Generating core module 'sparsemux_9_3_8_1_1': 2 instance(s).
INFO: [RTGEN 206-100] Finished creating RTL model for 'run_dwconv_Pipeline_VITIS_LOOP_89_8_VITIS_LOOP_90_9170'.
INFO: [HLS 200-111] Finished Creating RTL model: CPU user time: 1 seconds. CPU system time: 0 seconds. Elapsed time: 1.08 seconds; current allocated memory: 9.784 GB.
INFO: [HLS 200-10] ----------------------------------------------------------------
INFO: [HLS 200-10] -- Generating RTL for module 'run_dwconv_Pipeline_VITIS_LOOP_89_8_VITIS_LOOP_90_9171' 
INFO: [HLS 200-10] ----------------------------------------------------------------
INFO: [HLS 200-1030] Apply Unified Pipeline Control on module 'run_dwconv_Pipeline_VITIS_LOOP_89_8_VITIS_LOOP_90_9171' pipeline 'VITIS_LOOP_89_8_VITIS_LOOP_90_9' pipeline type 'loop pipeline'
INFO: [RTGEN 206-100] Generating core module 'mac_muladd_8s_8s_32s_32_4_1': 1 instance(s).
INFO: [RTGEN 206-100] Generating core module 'sparsemux_21_4_8_1_1': 44 instance(s).
INFO: [RTGEN 206-100] Generating core module 'sparsemux_7_2_8_1_1': 16 instance(s).
INFO: [RTGEN 206-100] Generating core module 'sparsemux_9_3_8_1_1': 2 instance(s).
INFO: [RTGEN 206-100] Finished creating RTL model for 'run_dwconv_Pipeline_VITIS_LOOP_89_8_VITIS_LOOP_90_9171'.
INFO: [HLS 200-111] Finished Creating RTL model: CPU user time: 1 seconds. CPU system time: 0 seconds. Elapsed time: 1.075 seconds; current allocated memory: 9.803 GB.
INFO: [HLS 200-10] ----------------------------------------------------------------
INFO: [HLS 200-10] -- Generating RTL for module 'run_dwconv_Pipeline_VITIS_LOOP_89_8_VITIS_LOOP_90_9172' 
INFO: [HLS 200-10] ----------------------------------------------------------------
INFO: [HLS 200-1030] Apply Unified Pipeline Control on module 'run_dwconv_Pipeline_VITIS_LOOP_89_8_VITIS_LOOP_90_9172' pipeline 'VITIS_LOOP_89_8_VITIS_LOOP_90_9' pipeline type 'loop pipeline'
INFO: [RTGEN 206-100] Generating core module 'mac_muladd_8s_8s_32s_32_4_1': 1 instance(s).
INFO: [RTGEN 206-100] Generating core module 'sparsemux_21_4_8_1_1': 44 instance(s).
INFO: [RTGEN 206-100] Generating core module 'sparsemux_7_2_8_1_1': 16 instance(s).
INFO: [RTGEN 206-100] Generating core module 'sparsemux_9_3_8_1_1': 2 instance(s).
INFO: [RTGEN 206-100] Finished creating RTL model for 'run_dwconv_Pipeline_VITIS_LOOP_89_8_VITIS_LOOP_90_9172'.
INFO: [HLS 200-111] Finished Creating RTL model: CPU user time: 2 seconds. CPU system time: 1 seconds. Elapsed time: 1.761 seconds; current allocated memory: 9.822 GB.
INFO: [HLS 200-10] ----------------------------------------------------------------
INFO: [HLS 200-10] -- Generating RTL for module 'run_dwconv_Pipeline_VITIS_LOOP_89_8_VITIS_LOOP_90_9173' 
INFO: [HLS 200-10] ----------------------------------------------------------------
INFO: [HLS 200-1030] Apply Unified Pipeline Control on module 'run_dwconv_Pipeline_VITIS_LOOP_89_8_VITIS_LOOP_90_9173' pipeline 'VITIS_LOOP_89_8_VITIS_LOOP_90_9' pipeline type 'loop pipeline'
INFO: [RTGEN 206-100] Generating core module 'mac_muladd_8s_8s_32s_32_4_1': 1 instance(s).
INFO: [RTGEN 206-100] Generating core module 'sparsemux_21_4_8_1_1': 44 instance(s).
INFO: [RTGEN 206-100] Generating core module 'sparsemux_7_2_8_1_1': 16 instance(s).
INFO: [RTGEN 206-100] Generating core module 'sparsemux_9_3_8_1_1': 2 instance(s).
INFO: [RTGEN 206-100] Finished creating RTL model for 'run_dwconv_Pipeline_VITIS_LOOP_89_8_VITIS_LOOP_90_9173'.
INFO: [HLS 200-111] Finished Creating RTL model: CPU user time: 0 seconds. CPU system time: 0 seconds. Elapsed time: 1.081 seconds; current allocated memory: 9.842 GB.
INFO: [HLS 200-10] ----------------------------------------------------------------
INFO: [HLS 200-10] -- Generating RTL for module 'run_dwconv_Pipeline_VITIS_LOOP_89_8_VITIS_LOOP_90_9174' 
INFO: [HLS 200-10] ----------------------------------------------------------------
INFO: [HLS 200-1030] Apply Unified Pipeline Control on module 'run_dwconv_Pipeline_VITIS_LOOP_89_8_VITIS_LOOP_90_9174' pipeline 'VITIS_LOOP_89_8_VITIS_LOOP_90_9' pipeline type 'loop pipeline'
INFO: [RTGEN 206-100] Generating core module 'mac_muladd_8s_8s_32s_32_4_1': 1 instance(s).
INFO: [RTGEN 206-100] Generating core module 'sparsemux_21_4_8_1_1': 44 instance(s).
INFO: [RTGEN 206-100] Generating core module 'sparsemux_7_2_8_1_1': 16 instance(s).
INFO: [RTGEN 206-100] Generating core module 'sparsemux_9_3_8_1_1': 2 instance(s).
INFO: [RTGEN 206-100] Finished creating RTL model for 'run_dwconv_Pipeline_VITIS_LOOP_89_8_VITIS_LOOP_90_9174'.
INFO: [HLS 200-111] Finished Creating RTL model: CPU user time: 0 seconds. CPU system time: 0 seconds. Elapsed time: 1.083 seconds; current allocated memory: 9.861 GB.
INFO: [HLS 200-10] ----------------------------------------------------------------
INFO: [HLS 200-10] -- Generating RTL for module 'run_dwconv_Pipeline_VITIS_LOOP_89_8_VITIS_LOOP_90_9175' 
INFO: [HLS 200-10] ----------------------------------------------------------------
INFO: [HLS 200-1030] Apply Unified Pipeline Control on module 'run_dwconv_Pipeline_VITIS_LOOP_89_8_VITIS_LOOP_90_9175' pipeline 'VITIS_LOOP_89_8_VITIS_LOOP_90_9' pipeline type 'loop pipeline'
INFO: [RTGEN 206-100] Generating core module 'mac_muladd_8s_8s_32s_32_4_1': 1 instance(s).
INFO: [RTGEN 206-100] Generating core module 'sparsemux_21_4_8_1_1': 44 instance(s).
INFO: [RTGEN 206-100] Generating core module 'sparsemux_7_2_8_1_1': 16 instance(s).
INFO: [RTGEN 206-100] Generating core module 'sparsemux_9_3_8_1_1': 2 instance(s).
INFO: [RTGEN 206-100] Finished creating RTL model for 'run_dwconv_Pipeline_VITIS_LOOP_89_8_VITIS_LOOP_90_9175'.
INFO: [HLS 200-111] Finished Creating RTL model: CPU user time: 0 seconds. CPU system time: 0 seconds. Elapsed time: 1.059 seconds; current allocated memory: 9.880 GB.
INFO: [HLS 200-10] ----------------------------------------------------------------
INFO: [HLS 200-10] -- Generating RTL for module 'run_dwconv_Pipeline_VITIS_LOOP_89_8_VITIS_LOOP_90_9176' 
INFO: [HLS 200-10] ----------------------------------------------------------------
INFO: [HLS 200-1030] Apply Unified Pipeline Control on module 'run_dwconv_Pipeline_VITIS_LOOP_89_8_VITIS_LOOP_90_9176' pipeline 'VITIS_LOOP_89_8_VITIS_LOOP_90_9' pipeline type 'loop pipeline'
INFO: [RTGEN 206-100] Generating core module 'mac_muladd_8s_8s_32s_32_4_1': 1 instance(s).
INFO: [RTGEN 206-100] Generating core module 'sparsemux_21_4_8_1_1': 44 instance(s).
INFO: [RTGEN 206-100] Generating core module 'sparsemux_7_2_8_1_1': 16 instance(s).
INFO: [RTGEN 206-100] Generating core module 'sparsemux_9_3_8_1_1': 2 instance(s).
INFO: [RTGEN 206-100] Finished creating RTL model for 'run_dwconv_Pipeline_VITIS_LOOP_89_8_VITIS_LOOP_90_9176'.
INFO: [HLS 200-111] Finished Creating RTL model: CPU user time: 1 seconds. CPU system time: 0 seconds. Elapsed time: 1.089 seconds; current allocated memory: 9.899 GB.
INFO: [HLS 200-10] ----------------------------------------------------------------
INFO: [HLS 200-10] -- Generating RTL for module 'run_dwconv_Pipeline_VITIS_LOOP_89_8_VITIS_LOOP_90_9177' 
INFO: [HLS 200-10] ----------------------------------------------------------------
INFO: [HLS 200-1030] Apply Unified Pipeline Control on module 'run_dwconv_Pipeline_VITIS_LOOP_89_8_VITIS_LOOP_90_9177' pipeline 'VITIS_LOOP_89_8_VITIS_LOOP_90_9' pipeline type 'loop pipeline'
INFO: [RTGEN 206-100] Generating core module 'mac_muladd_8s_8s_32s_32_4_1': 1 instance(s).
INFO: [RTGEN 206-100] Generating core module 'sparsemux_21_4_8_1_1': 44 instance(s).
INFO: [RTGEN 206-100] Generating core module 'sparsemux_7_2_8_1_1': 16 instance(s).
INFO: [RTGEN 206-100] Generating core module 'sparsemux_9_3_8_1_1': 2 instance(s).
INFO: [RTGEN 206-100] Finished creating RTL model for 'run_dwconv_Pipeline_VITIS_LOOP_89_8_VITIS_LOOP_90_9177'.
INFO: [HLS 200-111] Finished Creating RTL model: CPU user time: 2 seconds. CPU system time: 0 seconds. Elapsed time: 1.767 seconds; current allocated memory: 9.919 GB.
INFO: [HLS 200-10] ----------------------------------------------------------------
INFO: [HLS 200-10] -- Generating RTL for module 'run_dwconv_Pipeline_VITIS_LOOP_89_8_VITIS_LOOP_90_9178' 
INFO: [HLS 200-10] ----------------------------------------------------------------
INFO: [HLS 200-1030] Apply Unified Pipeline Control on module 'run_dwconv_Pipeline_VITIS_LOOP_89_8_VITIS_LOOP_90_9178' pipeline 'VITIS_LOOP_89_8_VITIS_LOOP_90_9' pipeline type 'loop pipeline'
INFO: [RTGEN 206-100] Generating core module 'mac_muladd_8s_8s_32s_32_4_1': 1 instance(s).
INFO: [RTGEN 206-100] Generating core module 'sparsemux_21_4_8_1_1': 44 instance(s).
INFO: [RTGEN 206-100] Generating core module 'sparsemux_7_2_8_1_1': 16 instance(s).
INFO: [RTGEN 206-100] Generating core module 'sparsemux_9_3_8_1_1': 2 instance(s).
INFO: [RTGEN 206-100] Finished creating RTL model for 'run_dwconv_Pipeline_VITIS_LOOP_89_8_VITIS_LOOP_90_9178'.
INFO: [HLS 200-111] Finished Creating RTL model: CPU user time: 1 seconds. CPU system time: 0 seconds. Elapsed time: 1.091 seconds; current allocated memory: 9.938 GB.
INFO: [HLS 200-10] ----------------------------------------------------------------
INFO: [HLS 200-10] -- Generating RTL for module 'run_dwconv_Pipeline_VITIS_LOOP_89_8_VITIS_LOOP_90_9179' 
INFO: [HLS 200-10] ----------------------------------------------------------------
INFO: [HLS 200-1030] Apply Unified Pipeline Control on module 'run_dwconv_Pipeline_VITIS_LOOP_89_8_VITIS_LOOP_90_9179' pipeline 'VITIS_LOOP_89_8_VITIS_LOOP_90_9' pipeline type 'loop pipeline'
INFO: [RTGEN 206-100] Generating core module 'mac_muladd_8s_8s_32s_32_4_1': 1 instance(s).
INFO: [RTGEN 206-100] Generating core module 'sparsemux_21_4_8_1_1': 44 instance(s).
INFO: [RTGEN 206-100] Generating core module 'sparsemux_7_2_8_1_1': 16 instance(s).
INFO: [RTGEN 206-100] Generating core module 'sparsemux_9_3_8_1_1': 2 instance(s).
INFO: [RTGEN 206-100] Finished creating RTL model for 'run_dwconv_Pipeline_VITIS_LOOP_89_8_VITIS_LOOP_90_9179'.
INFO: [HLS 200-111] Finished Creating RTL model: CPU user time: 1 seconds. CPU system time: 0 seconds. Elapsed time: 1.088 seconds; current allocated memory: 9.958 GB.
INFO: [HLS 200-10] ----------------------------------------------------------------
INFO: [HLS 200-10] -- Generating RTL for module 'run_dwconv_Pipeline_VITIS_LOOP_89_8_VITIS_LOOP_90_9180' 
INFO: [HLS 200-10] ----------------------------------------------------------------
INFO: [HLS 200-1030] Apply Unified Pipeline Control on module 'run_dwconv_Pipeline_VITIS_LOOP_89_8_VITIS_LOOP_90_9180' pipeline 'VITIS_LOOP_89_8_VITIS_LOOP_90_9' pipeline type 'loop pipeline'
INFO: [RTGEN 206-100] Generating core module 'mac_muladd_8s_8s_32s_32_4_1': 1 instance(s).
INFO: [RTGEN 206-100] Generating core module 'sparsemux_21_4_8_1_1': 44 instance(s).
INFO: [RTGEN 206-100] Generating core module 'sparsemux_7_2_8_1_1': 16 instance(s).
INFO: [RTGEN 206-100] Generating core module 'sparsemux_9_3_8_1_1': 2 instance(s).
INFO: [RTGEN 206-100] Finished creating RTL model for 'run_dwconv_Pipeline_VITIS_LOOP_89_8_VITIS_LOOP_90_9180'.
INFO: [HLS 200-111] Finished Creating RTL model: CPU user time: 1 seconds. CPU system time: 0 seconds. Elapsed time: 1.11 seconds; current allocated memory: 9.977 GB.
INFO: [HLS 200-10] ----------------------------------------------------------------
INFO: [HLS 200-10] -- Generating RTL for module 'run_dwconv_Pipeline_VITIS_LOOP_89_8_VITIS_LOOP_90_9181' 
INFO: [HLS 200-10] ----------------------------------------------------------------
INFO: [HLS 200-1030] Apply Unified Pipeline Control on module 'run_dwconv_Pipeline_VITIS_LOOP_89_8_VITIS_LOOP_90_9181' pipeline 'VITIS_LOOP_89_8_VITIS_LOOP_90_9' pipeline type 'loop pipeline'
INFO: [RTGEN 206-100] Generating core module 'mac_muladd_8s_8s_32s_32_4_1': 1 instance(s).
INFO: [RTGEN 206-100] Generating core module 'sparsemux_21_4_8_1_1': 44 instance(s).
INFO: [RTGEN 206-100] Generating core module 'sparsemux_7_2_8_1_1': 16 instance(s).
INFO: [RTGEN 206-100] Generating core module 'sparsemux_9_3_8_1_1': 2 instance(s).
INFO: [RTGEN 206-100] Finished creating RTL model for 'run_dwconv_Pipeline_VITIS_LOOP_89_8_VITIS_LOOP_90_9181'.
INFO: [HLS 200-111] Finished Creating RTL model: CPU user time: 1 seconds. CPU system time: 1 seconds. Elapsed time: 1.115 seconds; current allocated memory: 9.996 GB.
INFO: [HLS 200-10] ----------------------------------------------------------------
INFO: [HLS 200-10] -- Generating RTL for module 'run_dwconv_Pipeline_VITIS_LOOP_89_8_VITIS_LOOP_90_9182' 
INFO: [HLS 200-10] ----------------------------------------------------------------
INFO: [HLS 200-1030] Apply Unified Pipeline Control on module 'run_dwconv_Pipeline_VITIS_LOOP_89_8_VITIS_LOOP_90_9182' pipeline 'VITIS_LOOP_89_8_VITIS_LOOP_90_9' pipeline type 'loop pipeline'
INFO: [RTGEN 206-100] Generating core module 'mac_muladd_8s_8s_32s_32_4_1': 1 instance(s).
INFO: [RTGEN 206-100] Generating core module 'sparsemux_21_4_8_1_1': 44 instance(s).
INFO: [RTGEN 206-100] Generating core module 'sparsemux_7_2_8_1_1': 16 instance(s).
INFO: [RTGEN 206-100] Generating core module 'sparsemux_9_3_8_1_1': 2 instance(s).
INFO: [RTGEN 206-100] Finished creating RTL model for 'run_dwconv_Pipeline_VITIS_LOOP_89_8_VITIS_LOOP_90_9182'.
INFO: [HLS 200-111] Finished Creating RTL model: CPU user time: 1 seconds. CPU system time: 0 seconds. Elapsed time: 1.795 seconds; current allocated memory: 10.016 GB.
INFO: [HLS 200-10] ----------------------------------------------------------------
INFO: [HLS 200-10] -- Generating RTL for module 'run_dwconv_Pipeline_VITIS_LOOP_89_8_VITIS_LOOP_90_9183' 
INFO: [HLS 200-10] ----------------------------------------------------------------
INFO: [HLS 200-1030] Apply Unified Pipeline Control on module 'run_dwconv_Pipeline_VITIS_LOOP_89_8_VITIS_LOOP_90_9183' pipeline 'VITIS_LOOP_89_8_VITIS_LOOP_90_9' pipeline type 'loop pipeline'
INFO: [RTGEN 206-100] Generating core module 'mac_muladd_8s_8s_32s_32_4_1': 1 instance(s).
INFO: [RTGEN 206-100] Generating core module 'sparsemux_21_4_8_1_1': 44 instance(s).
INFO: [RTGEN 206-100] Generating core module 'sparsemux_7_2_8_1_1': 16 instance(s).
INFO: [RTGEN 206-100] Generating core module 'sparsemux_9_3_8_1_1': 2 instance(s).
INFO: [RTGEN 206-100] Finished creating RTL model for 'run_dwconv_Pipeline_VITIS_LOOP_89_8_VITIS_LOOP_90_9183'.
INFO: [HLS 200-111] Finished Creating RTL model: CPU user time: 1 seconds. CPU system time: 0 seconds. Elapsed time: 1.081 seconds; current allocated memory: 10.035 GB.
INFO: [HLS 200-10] ----------------------------------------------------------------
INFO: [HLS 200-10] -- Generating RTL for module 'run_dwconv_Pipeline_VITIS_LOOP_89_8_VITIS_LOOP_90_9184' 
INFO: [HLS 200-10] ----------------------------------------------------------------
INFO: [HLS 200-1030] Apply Unified Pipeline Control on module 'run_dwconv_Pipeline_VITIS_LOOP_89_8_VITIS_LOOP_90_9184' pipeline 'VITIS_LOOP_89_8_VITIS_LOOP_90_9' pipeline type 'loop pipeline'
INFO: [RTGEN 206-100] Generating core module 'mac_muladd_8s_8s_32s_32_4_1': 1 instance(s).
INFO: [RTGEN 206-100] Generating core module 'sparsemux_21_4_8_1_1': 44 instance(s).
INFO: [RTGEN 206-100] Generating core module 'sparsemux_7_2_8_1_1': 16 instance(s).
INFO: [RTGEN 206-100] Generating core module 'sparsemux_9_3_8_1_1': 2 instance(s).
INFO: [RTGEN 206-100] Finished creating RTL model for 'run_dwconv_Pipeline_VITIS_LOOP_89_8_VITIS_LOOP_90_9184'.
INFO: [HLS 200-111] Finished Creating RTL model: CPU user time: 1 seconds. CPU system time: 0 seconds. Elapsed time: 1.107 seconds; current allocated memory: 10.054 GB.
INFO: [HLS 200-10] ----------------------------------------------------------------
INFO: [HLS 200-10] -- Generating RTL for module 'run_dwconv_Pipeline_VITIS_LOOP_89_8_VITIS_LOOP_90_9185' 
INFO: [HLS 200-10] ----------------------------------------------------------------
INFO: [HLS 200-1030] Apply Unified Pipeline Control on module 'run_dwconv_Pipeline_VITIS_LOOP_89_8_VITIS_LOOP_90_9185' pipeline 'VITIS_LOOP_89_8_VITIS_LOOP_90_9' pipeline type 'loop pipeline'
INFO: [RTGEN 206-100] Generating core module 'mac_muladd_8s_8s_32s_32_4_1': 1 instance(s).
INFO: [RTGEN 206-100] Generating core module 'sparsemux_21_4_8_1_1': 44 instance(s).
INFO: [RTGEN 206-100] Generating core module 'sparsemux_7_2_8_1_1': 16 instance(s).
INFO: [RTGEN 206-100] Generating core module 'sparsemux_9_3_8_1_1': 2 instance(s).
INFO: [RTGEN 206-100] Finished creating RTL model for 'run_dwconv_Pipeline_VITIS_LOOP_89_8_VITIS_LOOP_90_9185'.
INFO: [HLS 200-111] Finished Creating RTL model: CPU user time: 1 seconds. CPU system time: 0 seconds. Elapsed time: 1.1 seconds; current allocated memory: 10.074 GB.
INFO: [HLS 200-10] ----------------------------------------------------------------
INFO: [HLS 200-10] -- Generating RTL for module 'run_dwconv_Pipeline_VITIS_LOOP_89_8_VITIS_LOOP_90_9186' 
INFO: [HLS 200-10] ----------------------------------------------------------------
INFO: [HLS 200-1030] Apply Unified Pipeline Control on module 'run_dwconv_Pipeline_VITIS_LOOP_89_8_VITIS_LOOP_90_9186' pipeline 'VITIS_LOOP_89_8_VITIS_LOOP_90_9' pipeline type 'loop pipeline'
INFO: [RTGEN 206-100] Generating core module 'mac_muladd_8s_8s_32s_32_4_1': 1 instance(s).
INFO: [RTGEN 206-100] Generating core module 'sparsemux_21_4_8_1_1': 44 instance(s).
INFO: [RTGEN 206-100] Generating core module 'sparsemux_7_2_8_1_1': 16 instance(s).
INFO: [RTGEN 206-100] Generating core module 'sparsemux_9_3_8_1_1': 2 instance(s).
INFO: [RTGEN 206-100] Finished creating RTL model for 'run_dwconv_Pipeline_VITIS_LOOP_89_8_VITIS_LOOP_90_9186'.
INFO: [HLS 200-111] Finished Creating RTL model: CPU user time: 1 seconds. CPU system time: 0 seconds. Elapsed time: 1.107 seconds; current allocated memory: 10.093 GB.
INFO: [HLS 200-10] ----------------------------------------------------------------
INFO: [HLS 200-10] -- Generating RTL for module 'run_dwconv_Pipeline_VITIS_LOOP_89_8_VITIS_LOOP_90_9187' 
INFO: [HLS 200-10] ----------------------------------------------------------------
INFO: [HLS 200-1030] Apply Unified Pipeline Control on module 'run_dwconv_Pipeline_VITIS_LOOP_89_8_VITIS_LOOP_90_9187' pipeline 'VITIS_LOOP_89_8_VITIS_LOOP_90_9' pipeline type 'loop pipeline'
INFO: [RTGEN 206-100] Generating core module 'mac_muladd_8s_8s_32s_32_4_1': 1 instance(s).
INFO: [RTGEN 206-100] Generating core module 'sparsemux_21_4_8_1_1': 44 instance(s).
INFO: [RTGEN 206-100] Generating core module 'sparsemux_7_2_8_1_1': 16 instance(s).
INFO: [RTGEN 206-100] Generating core module 'sparsemux_9_3_8_1_1': 2 instance(s).
INFO: [RTGEN 206-100] Finished creating RTL model for 'run_dwconv_Pipeline_VITIS_LOOP_89_8_VITIS_LOOP_90_9187'.
INFO: [HLS 200-111] Finished Creating RTL model: CPU user time: 1 seconds. CPU system time: 0 seconds. Elapsed time: 1.779 seconds; current allocated memory: 10.113 GB.
INFO: [HLS 200-10] ----------------------------------------------------------------
INFO: [HLS 200-10] -- Generating RTL for module 'run_dwconv_Pipeline_VITIS_LOOP_89_8_VITIS_LOOP_90_9188' 
INFO: [HLS 200-10] ----------------------------------------------------------------
INFO: [HLS 200-1030] Apply Unified Pipeline Control on module 'run_dwconv_Pipeline_VITIS_LOOP_89_8_VITIS_LOOP_90_9188' pipeline 'VITIS_LOOP_89_8_VITIS_LOOP_90_9' pipeline type 'loop pipeline'
INFO: [RTGEN 206-100] Generating core module 'mac_muladd_8s_8s_32s_32_4_1': 1 instance(s).
INFO: [RTGEN 206-100] Generating core module 'sparsemux_21_4_8_1_1': 44 instance(s).
INFO: [RTGEN 206-100] Generating core module 'sparsemux_7_2_8_1_1': 16 instance(s).
INFO: [RTGEN 206-100] Generating core module 'sparsemux_9_3_8_1_1': 2 instance(s).
INFO: [RTGEN 206-100] Finished creating RTL model for 'run_dwconv_Pipeline_VITIS_LOOP_89_8_VITIS_LOOP_90_9188'.
INFO: [HLS 200-111] Finished Creating RTL model: CPU user time: 1 seconds. CPU system time: 1 seconds. Elapsed time: 1.114 seconds; current allocated memory: 10.133 GB.
INFO: [HLS 200-10] ----------------------------------------------------------------
INFO: [HLS 200-10] -- Generating RTL for module 'run_dwconv_Pipeline_VITIS_LOOP_89_8_VITIS_LOOP_90_9189' 
INFO: [HLS 200-10] ----------------------------------------------------------------
INFO: [HLS 200-1030] Apply Unified Pipeline Control on module 'run_dwconv_Pipeline_VITIS_LOOP_89_8_VITIS_LOOP_90_9189' pipeline 'VITIS_LOOP_89_8_VITIS_LOOP_90_9' pipeline type 'loop pipeline'
INFO: [RTGEN 206-100] Generating core module 'mac_muladd_8s_8s_32s_32_4_1': 1 instance(s).
INFO: [RTGEN 206-100] Generating core module 'sparsemux_21_4_8_1_1': 44 instance(s).
INFO: [RTGEN 206-100] Generating core module 'sparsemux_7_2_8_1_1': 16 instance(s).
INFO: [RTGEN 206-100] Generating core module 'sparsemux_9_3_8_1_1': 2 instance(s).
INFO: [RTGEN 206-100] Finished creating RTL model for 'run_dwconv_Pipeline_VITIS_LOOP_89_8_VITIS_LOOP_90_9189'.
INFO: [HLS 200-111] Finished Creating RTL model: CPU user time: 1 seconds. CPU system time: 0 seconds. Elapsed time: 1.104 seconds; current allocated memory: 10.152 GB.
INFO: [HLS 200-10] ----------------------------------------------------------------
INFO: [HLS 200-10] -- Generating RTL for module 'run_dwconv_Pipeline_VITIS_LOOP_89_8_VITIS_LOOP_90_9190' 
INFO: [HLS 200-10] ----------------------------------------------------------------
INFO: [HLS 200-1030] Apply Unified Pipeline Control on module 'run_dwconv_Pipeline_VITIS_LOOP_89_8_VITIS_LOOP_90_9190' pipeline 'VITIS_LOOP_89_8_VITIS_LOOP_90_9' pipeline type 'loop pipeline'
INFO: [RTGEN 206-100] Generating core module 'mac_muladd_8s_8s_32s_32_4_1': 1 instance(s).
INFO: [RTGEN 206-100] Generating core module 'sparsemux_21_4_8_1_1': 44 instance(s).
INFO: [RTGEN 206-100] Generating core module 'sparsemux_7_2_8_1_1': 16 instance(s).
INFO: [RTGEN 206-100] Generating core module 'sparsemux_9_3_8_1_1': 2 instance(s).
INFO: [RTGEN 206-100] Finished creating RTL model for 'run_dwconv_Pipeline_VITIS_LOOP_89_8_VITIS_LOOP_90_9190'.
INFO: [HLS 200-111] Finished Creating RTL model: CPU user time: 1 seconds. CPU system time: 0 seconds. Elapsed time: 1.114 seconds; current allocated memory: 10.172 GB.
INFO: [HLS 200-10] ----------------------------------------------------------------
INFO: [HLS 200-10] -- Generating RTL for module 'run_dwconv_Pipeline_VITIS_LOOP_89_8_VITIS_LOOP_90_9191' 
INFO: [HLS 200-10] ----------------------------------------------------------------
INFO: [HLS 200-1030] Apply Unified Pipeline Control on module 'run_dwconv_Pipeline_VITIS_LOOP_89_8_VITIS_LOOP_90_9191' pipeline 'VITIS_LOOP_89_8_VITIS_LOOP_90_9' pipeline type 'loop pipeline'
INFO: [RTGEN 206-100] Generating core module 'mac_muladd_8s_8s_32s_32_4_1': 1 instance(s).
INFO: [RTGEN 206-100] Generating core module 'sparsemux_21_4_8_1_1': 44 instance(s).
INFO: [RTGEN 206-100] Generating core module 'sparsemux_7_2_8_1_1': 16 instance(s).
INFO: [RTGEN 206-100] Generating core module 'sparsemux_9_3_8_1_1': 2 instance(s).
INFO: [RTGEN 206-100] Finished creating RTL model for 'run_dwconv_Pipeline_VITIS_LOOP_89_8_VITIS_LOOP_90_9191'.
INFO: [HLS 200-111] Finished Creating RTL model: CPU user time: 1 seconds. CPU system time: 0 seconds. Elapsed time: 1.154 seconds; current allocated memory: 10.191 GB.
INFO: [HLS 200-10] ----------------------------------------------------------------
INFO: [HLS 200-10] -- Generating RTL for module 'run_dwconv_Pipeline_VITIS_LOOP_89_8_VITIS_LOOP_90_9192' 
INFO: [HLS 200-10] ----------------------------------------------------------------
INFO: [HLS 200-1030] Apply Unified Pipeline Control on module 'run_dwconv_Pipeline_VITIS_LOOP_89_8_VITIS_LOOP_90_9192' pipeline 'VITIS_LOOP_89_8_VITIS_LOOP_90_9' pipeline type 'loop pipeline'
INFO: [RTGEN 206-100] Generating core module 'mac_muladd_8s_8s_32s_32_4_1': 1 instance(s).
INFO: [RTGEN 206-100] Generating core module 'sparsemux_21_4_8_1_1': 44 instance(s).
INFO: [RTGEN 206-100] Generating core module 'sparsemux_7_2_8_1_1': 16 instance(s).
INFO: [RTGEN 206-100] Generating core module 'sparsemux_9_3_8_1_1': 2 instance(s).
INFO: [RTGEN 206-100] Finished creating RTL model for 'run_dwconv_Pipeline_VITIS_LOOP_89_8_VITIS_LOOP_90_9192'.
INFO: [HLS 200-111] Finished Creating RTL model: CPU user time: 2 seconds. CPU system time: 0 seconds. Elapsed time: 1.814 seconds; current allocated memory: 10.210 GB.
INFO: [HLS 200-10] ----------------------------------------------------------------
INFO: [HLS 200-10] -- Generating RTL for module 'run_dwconv_Pipeline_VITIS_LOOP_89_8_VITIS_LOOP_90_9193' 
INFO: [HLS 200-10] ----------------------------------------------------------------
INFO: [HLS 200-1030] Apply Unified Pipeline Control on module 'run_dwconv_Pipeline_VITIS_LOOP_89_8_VITIS_LOOP_90_9193' pipeline 'VITIS_LOOP_89_8_VITIS_LOOP_90_9' pipeline type 'loop pipeline'
INFO: [RTGEN 206-100] Generating core module 'mac_muladd_8s_8s_32s_32_4_1': 1 instance(s).
INFO: [RTGEN 206-100] Generating core module 'sparsemux_21_4_8_1_1': 44 instance(s).
INFO: [RTGEN 206-100] Generating core module 'sparsemux_7_2_8_1_1': 16 instance(s).
INFO: [RTGEN 206-100] Generating core module 'sparsemux_9_3_8_1_1': 2 instance(s).
INFO: [RTGEN 206-100] Finished creating RTL model for 'run_dwconv_Pipeline_VITIS_LOOP_89_8_VITIS_LOOP_90_9193'.
INFO: [HLS 200-111] Finished Creating RTL model: CPU user time: 1 seconds. CPU system time: 0 seconds. Elapsed time: 1.117 seconds; current allocated memory: 10.229 GB.
INFO: [HLS 200-10] ----------------------------------------------------------------
INFO: [HLS 200-10] -- Generating RTL for module 'run_dwconv_Pipeline_VITIS_LOOP_89_8_VITIS_LOOP_90_9194' 
INFO: [HLS 200-10] ----------------------------------------------------------------
INFO: [HLS 200-1030] Apply Unified Pipeline Control on module 'run_dwconv_Pipeline_VITIS_LOOP_89_8_VITIS_LOOP_90_9194' pipeline 'VITIS_LOOP_89_8_VITIS_LOOP_90_9' pipeline type 'loop pipeline'
INFO: [RTGEN 206-100] Generating core module 'mac_muladd_8s_8s_32s_32_4_1': 1 instance(s).
INFO: [RTGEN 206-100] Generating core module 'sparsemux_21_4_8_1_1': 44 instance(s).
INFO: [RTGEN 206-100] Generating core module 'sparsemux_7_2_8_1_1': 16 instance(s).
INFO: [RTGEN 206-100] Generating core module 'sparsemux_9_3_8_1_1': 2 instance(s).
INFO: [RTGEN 206-100] Finished creating RTL model for 'run_dwconv_Pipeline_VITIS_LOOP_89_8_VITIS_LOOP_90_9194'.
INFO: [HLS 200-111] Finished Creating RTL model: CPU user time: 1 seconds. CPU system time: 0 seconds. Elapsed time: 1.128 seconds; current allocated memory: 10.249 GB.
INFO: [HLS 200-10] ----------------------------------------------------------------
INFO: [HLS 200-10] -- Generating RTL for module 'run_dwconv_Pipeline_VITIS_LOOP_89_8_VITIS_LOOP_90_9195' 
INFO: [HLS 200-10] ----------------------------------------------------------------
INFO: [HLS 200-1030] Apply Unified Pipeline Control on module 'run_dwconv_Pipeline_VITIS_LOOP_89_8_VITIS_LOOP_90_9195' pipeline 'VITIS_LOOP_89_8_VITIS_LOOP_90_9' pipeline type 'loop pipeline'
INFO: [RTGEN 206-100] Generating core module 'mac_muladd_8s_8s_32s_32_4_1': 1 instance(s).
INFO: [RTGEN 206-100] Generating core module 'sparsemux_21_4_8_1_1': 44 instance(s).
INFO: [RTGEN 206-100] Generating core module 'sparsemux_7_2_8_1_1': 16 instance(s).
INFO: [RTGEN 206-100] Generating core module 'sparsemux_9_3_8_1_1': 2 instance(s).
INFO: [RTGEN 206-100] Finished creating RTL model for 'run_dwconv_Pipeline_VITIS_LOOP_89_8_VITIS_LOOP_90_9195'.
INFO: [HLS 200-111] Finished Creating RTL model: CPU user time: 1 seconds. CPU system time: 0 seconds. Elapsed time: 1.112 seconds; current allocated memory: 10.269 GB.
INFO: [HLS 200-10] ----------------------------------------------------------------
INFO: [HLS 200-10] -- Generating RTL for module 'run_dwconv_Pipeline_VITIS_LOOP_89_8_VITIS_LOOP_90_9196' 
INFO: [HLS 200-10] ----------------------------------------------------------------
INFO: [HLS 200-1030] Apply Unified Pipeline Control on module 'run_dwconv_Pipeline_VITIS_LOOP_89_8_VITIS_LOOP_90_9196' pipeline 'VITIS_LOOP_89_8_VITIS_LOOP_90_9' pipeline type 'loop pipeline'
INFO: [RTGEN 206-100] Generating core module 'mac_muladd_8s_8s_32s_32_4_1': 1 instance(s).
INFO: [RTGEN 206-100] Generating core module 'sparsemux_21_4_8_1_1': 44 instance(s).
INFO: [RTGEN 206-100] Generating core module 'sparsemux_7_2_8_1_1': 16 instance(s).
INFO: [RTGEN 206-100] Generating core module 'sparsemux_9_3_8_1_1': 2 instance(s).
INFO: [RTGEN 206-100] Finished creating RTL model for 'run_dwconv_Pipeline_VITIS_LOOP_89_8_VITIS_LOOP_90_9196'.
INFO: [HLS 200-111] Finished Creating RTL model: CPU user time: 1 seconds. CPU system time: 0 seconds. Elapsed time: 1.125 seconds; current allocated memory: 10.288 GB.
INFO: [HLS 200-10] ----------------------------------------------------------------
INFO: [HLS 200-10] -- Generating RTL for module 'run_dwconv_Pipeline_VITIS_LOOP_89_8_VITIS_LOOP_90_9197' 
INFO: [HLS 200-10] ----------------------------------------------------------------
INFO: [HLS 200-1030] Apply Unified Pipeline Control on module 'run_dwconv_Pipeline_VITIS_LOOP_89_8_VITIS_LOOP_90_9197' pipeline 'VITIS_LOOP_89_8_VITIS_LOOP_90_9' pipeline type 'loop pipeline'
INFO: [RTGEN 206-100] Generating core module 'mac_muladd_8s_8s_32s_32_4_1': 1 instance(s).
INFO: [RTGEN 206-100] Generating core module 'sparsemux_21_4_8_1_1': 44 instance(s).
INFO: [RTGEN 206-100] Generating core module 'sparsemux_7_2_8_1_1': 16 instance(s).
INFO: [RTGEN 206-100] Generating core module 'sparsemux_9_3_8_1_1': 2 instance(s).
INFO: [RTGEN 206-100] Finished creating RTL model for 'run_dwconv_Pipeline_VITIS_LOOP_89_8_VITIS_LOOP_90_9197'.
INFO: [HLS 200-111] Finished Creating RTL model: CPU user time: 1 seconds. CPU system time: 1 seconds. Elapsed time: 1.828 seconds; current allocated memory: 10.307 GB.
INFO: [HLS 200-10] ----------------------------------------------------------------
INFO: [HLS 200-10] -- Generating RTL for module 'run_dwconv_Pipeline_VITIS_LOOP_89_8_VITIS_LOOP_90_9198' 
INFO: [HLS 200-10] ----------------------------------------------------------------
INFO: [HLS 200-1030] Apply Unified Pipeline Control on module 'run_dwconv_Pipeline_VITIS_LOOP_89_8_VITIS_LOOP_90_9198' pipeline 'VITIS_LOOP_89_8_VITIS_LOOP_90_9' pipeline type 'loop pipeline'
INFO: [RTGEN 206-100] Generating core module 'mac_muladd_8s_8s_32s_32_4_1': 1 instance(s).
INFO: [RTGEN 206-100] Generating core module 'sparsemux_21_4_8_1_1': 44 instance(s).
INFO: [RTGEN 206-100] Generating core module 'sparsemux_7_2_8_1_1': 16 instance(s).
INFO: [RTGEN 206-100] Generating core module 'sparsemux_9_3_8_1_1': 2 instance(s).
INFO: [RTGEN 206-100] Finished creating RTL model for 'run_dwconv_Pipeline_VITIS_LOOP_89_8_VITIS_LOOP_90_9198'.
INFO: [HLS 200-111] Finished Creating RTL model: CPU user time: 0 seconds. CPU system time: 0 seconds. Elapsed time: 1.113 seconds; current allocated memory: 10.326 GB.
INFO: [HLS 200-10] ----------------------------------------------------------------
INFO: [HLS 200-10] -- Generating RTL for module 'run_dwconv_Pipeline_VITIS_LOOP_89_8_VITIS_LOOP_90_9199' 
INFO: [HLS 200-10] ----------------------------------------------------------------
INFO: [HLS 200-1030] Apply Unified Pipeline Control on module 'run_dwconv_Pipeline_VITIS_LOOP_89_8_VITIS_LOOP_90_9199' pipeline 'VITIS_LOOP_89_8_VITIS_LOOP_90_9' pipeline type 'loop pipeline'
INFO: [RTGEN 206-100] Generating core module 'mac_muladd_8s_8s_32s_32_4_1': 1 instance(s).
INFO: [RTGEN 206-100] Generating core module 'sparsemux_21_4_8_1_1': 44 instance(s).
INFO: [RTGEN 206-100] Generating core module 'sparsemux_7_2_8_1_1': 16 instance(s).
INFO: [RTGEN 206-100] Generating core module 'sparsemux_9_3_8_1_1': 2 instance(s).
INFO: [RTGEN 206-100] Finished creating RTL model for 'run_dwconv_Pipeline_VITIS_LOOP_89_8_VITIS_LOOP_90_9199'.
INFO: [HLS 200-111] Finished Creating RTL model: CPU user time: 0 seconds. CPU system time: 0 seconds. Elapsed time: 1.107 seconds; current allocated memory: 10.346 GB.
INFO: [HLS 200-10] ----------------------------------------------------------------
INFO: [HLS 200-10] -- Generating RTL for module 'run_dwconv_Pipeline_VITIS_LOOP_89_8_VITIS_LOOP_90_9200' 
INFO: [HLS 200-10] ----------------------------------------------------------------
INFO: [HLS 200-1030] Apply Unified Pipeline Control on module 'run_dwconv_Pipeline_VITIS_LOOP_89_8_VITIS_LOOP_90_9200' pipeline 'VITIS_LOOP_89_8_VITIS_LOOP_90_9' pipeline type 'loop pipeline'
INFO: [RTGEN 206-100] Generating core module 'mac_muladd_8s_8s_32s_32_4_1': 1 instance(s).
INFO: [RTGEN 206-100] Generating core module 'sparsemux_21_4_8_1_1': 44 instance(s).
INFO: [RTGEN 206-100] Generating core module 'sparsemux_7_2_8_1_1': 16 instance(s).
INFO: [RTGEN 206-100] Generating core module 'sparsemux_9_3_8_1_1': 2 instance(s).
INFO: [RTGEN 206-100] Finished creating RTL model for 'run_dwconv_Pipeline_VITIS_LOOP_89_8_VITIS_LOOP_90_9200'.
INFO: [HLS 200-111] Finished Creating RTL model: CPU user time: 2 seconds. CPU system time: 0 seconds. Elapsed time: 1.128 seconds; current allocated memory: 10.366 GB.
INFO: [HLS 200-10] ----------------------------------------------------------------
INFO: [HLS 200-10] -- Generating RTL for module 'run_dwconv_Pipeline_VITIS_LOOP_89_8_VITIS_LOOP_90_9201' 
INFO: [HLS 200-10] ----------------------------------------------------------------
INFO: [HLS 200-1030] Apply Unified Pipeline Control on module 'run_dwconv_Pipeline_VITIS_LOOP_89_8_VITIS_LOOP_90_9201' pipeline 'VITIS_LOOP_89_8_VITIS_LOOP_90_9' pipeline type 'loop pipeline'
INFO: [RTGEN 206-100] Generating core module 'mac_muladd_8s_8s_32s_32_4_1': 1 instance(s).
INFO: [RTGEN 206-100] Generating core module 'sparsemux_21_4_8_1_1': 44 instance(s).
INFO: [RTGEN 206-100] Generating core module 'sparsemux_7_2_8_1_1': 16 instance(s).
INFO: [RTGEN 206-100] Generating core module 'sparsemux_9_3_8_1_1': 2 instance(s).
INFO: [RTGEN 206-100] Finished creating RTL model for 'run_dwconv_Pipeline_VITIS_LOOP_89_8_VITIS_LOOP_90_9201'.
INFO: [HLS 200-111] Finished Creating RTL model: CPU user time: 1 seconds. CPU system time: 0 seconds. Elapsed time: 1.139 seconds; current allocated memory: 10.385 GB.
INFO: [HLS 200-10] ----------------------------------------------------------------
INFO: [HLS 200-10] -- Generating RTL for module 'run_dwconv_Pipeline_VITIS_LOOP_89_8_VITIS_LOOP_90_9202' 
INFO: [HLS 200-10] ----------------------------------------------------------------
INFO: [HLS 200-1030] Apply Unified Pipeline Control on module 'run_dwconv_Pipeline_VITIS_LOOP_89_8_VITIS_LOOP_90_9202' pipeline 'VITIS_LOOP_89_8_VITIS_LOOP_90_9' pipeline type 'loop pipeline'
INFO: [RTGEN 206-100] Generating core module 'mac_muladd_8s_8s_32s_32_4_1': 1 instance(s).
INFO: [RTGEN 206-100] Generating core module 'sparsemux_21_4_8_1_1': 44 instance(s).
INFO: [RTGEN 206-100] Generating core module 'sparsemux_7_2_8_1_1': 16 instance(s).
INFO: [RTGEN 206-100] Generating core module 'sparsemux_9_3_8_1_1': 2 instance(s).
INFO: [RTGEN 206-100] Finished creating RTL model for 'run_dwconv_Pipeline_VITIS_LOOP_89_8_VITIS_LOOP_90_9202'.
INFO: [HLS 200-111] Finished Creating RTL model: CPU user time: 1 seconds. CPU system time: 0 seconds. Elapsed time: 1.84 seconds; current allocated memory: 10.404 GB.
INFO: [HLS 200-10] ----------------------------------------------------------------
INFO: [HLS 200-10] -- Generating RTL for module 'run_dwconv_Pipeline_VITIS_LOOP_89_8_VITIS_LOOP_90_9203' 
INFO: [HLS 200-10] ----------------------------------------------------------------
INFO: [HLS 200-1030] Apply Unified Pipeline Control on module 'run_dwconv_Pipeline_VITIS_LOOP_89_8_VITIS_LOOP_90_9203' pipeline 'VITIS_LOOP_89_8_VITIS_LOOP_90_9' pipeline type 'loop pipeline'
INFO: [RTGEN 206-100] Generating core module 'mac_muladd_8s_8s_32s_32_4_1': 1 instance(s).
INFO: [RTGEN 206-100] Generating core module 'sparsemux_21_4_8_1_1': 44 instance(s).
INFO: [RTGEN 206-100] Generating core module 'sparsemux_7_2_8_1_1': 16 instance(s).
INFO: [RTGEN 206-100] Generating core module 'sparsemux_9_3_8_1_1': 2 instance(s).
INFO: [RTGEN 206-100] Finished creating RTL model for 'run_dwconv_Pipeline_VITIS_LOOP_89_8_VITIS_LOOP_90_9203'.
INFO: [HLS 200-111] Finished Creating RTL model: CPU user time: 1 seconds. CPU system time: 0 seconds. Elapsed time: 1.137 seconds; current allocated memory: 10.425 GB.
INFO: [HLS 200-10] ----------------------------------------------------------------
INFO: [HLS 200-10] -- Generating RTL for module 'run_dwconv_Pipeline_VITIS_LOOP_89_8_VITIS_LOOP_90_9204' 
INFO: [HLS 200-10] ----------------------------------------------------------------
INFO: [HLS 200-1030] Apply Unified Pipeline Control on module 'run_dwconv_Pipeline_VITIS_LOOP_89_8_VITIS_LOOP_90_9204' pipeline 'VITIS_LOOP_89_8_VITIS_LOOP_90_9' pipeline type 'loop pipeline'
INFO: [RTGEN 206-100] Generating core module 'mac_muladd_8s_8s_32s_32_4_1': 1 instance(s).
INFO: [RTGEN 206-100] Generating core module 'sparsemux_21_4_8_1_1': 44 instance(s).
INFO: [RTGEN 206-100] Generating core module 'sparsemux_7_2_8_1_1': 16 instance(s).
INFO: [RTGEN 206-100] Generating core module 'sparsemux_9_3_8_1_1': 2 instance(s).
INFO: [RTGEN 206-100] Finished creating RTL model for 'run_dwconv_Pipeline_VITIS_LOOP_89_8_VITIS_LOOP_90_9204'.
INFO: [HLS 200-111] Finished Creating RTL model: CPU user time: 1 seconds. CPU system time: 0 seconds. Elapsed time: 1.149 seconds; current allocated memory: 10.443 GB.
INFO: [HLS 200-10] ----------------------------------------------------------------
INFO: [HLS 200-10] -- Generating RTL for module 'run_dwconv_Pipeline_VITIS_LOOP_89_8_VITIS_LOOP_90_9205' 
INFO: [HLS 200-10] ----------------------------------------------------------------
INFO: [HLS 200-1030] Apply Unified Pipeline Control on module 'run_dwconv_Pipeline_VITIS_LOOP_89_8_VITIS_LOOP_90_9205' pipeline 'VITIS_LOOP_89_8_VITIS_LOOP_90_9' pipeline type 'loop pipeline'
INFO: [RTGEN 206-100] Generating core module 'mac_muladd_8s_8s_32s_32_4_1': 1 instance(s).
INFO: [RTGEN 206-100] Generating core module 'sparsemux_21_4_8_1_1': 44 instance(s).
INFO: [RTGEN 206-100] Generating core module 'sparsemux_7_2_8_1_1': 16 instance(s).
INFO: [RTGEN 206-100] Generating core module 'sparsemux_9_3_8_1_1': 2 instance(s).
INFO: [RTGEN 206-100] Finished creating RTL model for 'run_dwconv_Pipeline_VITIS_LOOP_89_8_VITIS_LOOP_90_9205'.
INFO: [HLS 200-111] Finished Creating RTL model: CPU user time: 1 seconds. CPU system time: 0 seconds. Elapsed time: 1.15 seconds; current allocated memory: 10.463 GB.
INFO: [HLS 200-10] ----------------------------------------------------------------
INFO: [HLS 200-10] -- Generating RTL for module 'run_dwconv_Pipeline_VITIS_LOOP_89_8_VITIS_LOOP_90_9206' 
INFO: [HLS 200-10] ----------------------------------------------------------------
INFO: [HLS 200-1030] Apply Unified Pipeline Control on module 'run_dwconv_Pipeline_VITIS_LOOP_89_8_VITIS_LOOP_90_9206' pipeline 'VITIS_LOOP_89_8_VITIS_LOOP_90_9' pipeline type 'loop pipeline'
INFO: [RTGEN 206-100] Generating core module 'mac_muladd_8s_8s_32s_32_4_1': 1 instance(s).
INFO: [RTGEN 206-100] Generating core module 'sparsemux_21_4_8_1_1': 44 instance(s).
INFO: [RTGEN 206-100] Generating core module 'sparsemux_7_2_8_1_1': 16 instance(s).
INFO: [RTGEN 206-100] Generating core module 'sparsemux_9_3_8_1_1': 2 instance(s).
INFO: [RTGEN 206-100] Finished creating RTL model for 'run_dwconv_Pipeline_VITIS_LOOP_89_8_VITIS_LOOP_90_9206'.
INFO: [HLS 200-111] Finished Creating RTL model: CPU user time: 1 seconds. CPU system time: 0 seconds. Elapsed time: 1.148 seconds; current allocated memory: 10.482 GB.
INFO: [HLS 200-10] ----------------------------------------------------------------
INFO: [HLS 200-10] -- Generating RTL for module 'run_dwconv_Pipeline_VITIS_LOOP_89_8_VITIS_LOOP_90_9207' 
INFO: [HLS 200-10] ----------------------------------------------------------------
INFO: [HLS 200-1030] Apply Unified Pipeline Control on module 'run_dwconv_Pipeline_VITIS_LOOP_89_8_VITIS_LOOP_90_9207' pipeline 'VITIS_LOOP_89_8_VITIS_LOOP_90_9' pipeline type 'loop pipeline'
INFO: [RTGEN 206-100] Generating core module 'mac_muladd_8s_8s_32s_32_4_1': 1 instance(s).
INFO: [RTGEN 206-100] Generating core module 'sparsemux_21_4_8_1_1': 44 instance(s).
INFO: [RTGEN 206-100] Generating core module 'sparsemux_7_2_8_1_1': 16 instance(s).
INFO: [RTGEN 206-100] Generating core module 'sparsemux_9_3_8_1_1': 2 instance(s).
INFO: [RTGEN 206-100] Finished creating RTL model for 'run_dwconv_Pipeline_VITIS_LOOP_89_8_VITIS_LOOP_90_9207'.
INFO: [HLS 200-111] Finished Creating RTL model: CPU user time: 2 seconds. CPU system time: 1 seconds. Elapsed time: 1.821 seconds; current allocated memory: 10.501 GB.
INFO: [HLS 200-10] ----------------------------------------------------------------
INFO: [HLS 200-10] -- Generating RTL for module 'run_dwconv_Pipeline_VITIS_LOOP_89_8_VITIS_LOOP_90_9208' 
INFO: [HLS 200-10] ----------------------------------------------------------------
INFO: [HLS 200-1030] Apply Unified Pipeline Control on module 'run_dwconv_Pipeline_VITIS_LOOP_89_8_VITIS_LOOP_90_9208' pipeline 'VITIS_LOOP_89_8_VITIS_LOOP_90_9' pipeline type 'loop pipeline'
INFO: [RTGEN 206-100] Generating core module 'mac_muladd_8s_8s_32s_32_4_1': 1 instance(s).
INFO: [RTGEN 206-100] Generating core module 'sparsemux_21_4_8_1_1': 44 instance(s).
INFO: [RTGEN 206-100] Generating core module 'sparsemux_7_2_8_1_1': 16 instance(s).
INFO: [RTGEN 206-100] Generating core module 'sparsemux_9_3_8_1_1': 2 instance(s).
INFO: [RTGEN 206-100] Finished creating RTL model for 'run_dwconv_Pipeline_VITIS_LOOP_89_8_VITIS_LOOP_90_9208'.
INFO: [HLS 200-111] Finished Creating RTL model: CPU user time: 1 seconds. CPU system time: 0 seconds. Elapsed time: 1.145 seconds; current allocated memory: 10.521 GB.
INFO: [HLS 200-10] ----------------------------------------------------------------
INFO: [HLS 200-10] -- Generating RTL for module 'run_dwconv_Pipeline_VITIS_LOOP_89_8_VITIS_LOOP_90_9209' 
INFO: [HLS 200-10] ----------------------------------------------------------------
INFO: [HLS 200-1030] Apply Unified Pipeline Control on module 'run_dwconv_Pipeline_VITIS_LOOP_89_8_VITIS_LOOP_90_9209' pipeline 'VITIS_LOOP_89_8_VITIS_LOOP_90_9' pipeline type 'loop pipeline'
INFO: [RTGEN 206-100] Generating core module 'mac_muladd_8s_8s_32s_32_4_1': 1 instance(s).
INFO: [RTGEN 206-100] Generating core module 'sparsemux_21_4_8_1_1': 44 instance(s).
INFO: [RTGEN 206-100] Generating core module 'sparsemux_7_2_8_1_1': 16 instance(s).
INFO: [RTGEN 206-100] Generating core module 'sparsemux_9_3_8_1_1': 2 instance(s).
INFO: [RTGEN 206-100] Finished creating RTL model for 'run_dwconv_Pipeline_VITIS_LOOP_89_8_VITIS_LOOP_90_9209'.
INFO: [HLS 200-111] Finished Creating RTL model: CPU user time: 1 seconds. CPU system time: 0 seconds. Elapsed time: 1.143 seconds; current allocated memory: 10.541 GB.
INFO: [HLS 200-10] ----------------------------------------------------------------
INFO: [HLS 200-10] -- Generating RTL for module 'run_dwconv_Pipeline_VITIS_LOOP_89_8_VITIS_LOOP_90_9210' 
INFO: [HLS 200-10] ----------------------------------------------------------------
INFO: [HLS 200-1030] Apply Unified Pipeline Control on module 'run_dwconv_Pipeline_VITIS_LOOP_89_8_VITIS_LOOP_90_9210' pipeline 'VITIS_LOOP_89_8_VITIS_LOOP_90_9' pipeline type 'loop pipeline'
INFO: [RTGEN 206-100] Generating core module 'mac_muladd_8s_8s_32s_32_4_1': 1 instance(s).
INFO: [RTGEN 206-100] Generating core module 'sparsemux_21_4_8_1_1': 44 instance(s).
INFO: [RTGEN 206-100] Generating core module 'sparsemux_7_2_8_1_1': 16 instance(s).
INFO: [RTGEN 206-100] Generating core module 'sparsemux_9_3_8_1_1': 2 instance(s).
INFO: [RTGEN 206-100] Finished creating RTL model for 'run_dwconv_Pipeline_VITIS_LOOP_89_8_VITIS_LOOP_90_9210'.
INFO: [HLS 200-111] Finished Creating RTL model: CPU user time: 1 seconds. CPU system time: 0 seconds. Elapsed time: 1.147 seconds; current allocated memory: 10.561 GB.
INFO: [HLS 200-10] ----------------------------------------------------------------
INFO: [HLS 200-10] -- Generating RTL for module 'run_dwconv_Pipeline_VITIS_LOOP_89_8_VITIS_LOOP_90_9211' 
INFO: [HLS 200-10] ----------------------------------------------------------------
INFO: [HLS 200-1030] Apply Unified Pipeline Control on module 'run_dwconv_Pipeline_VITIS_LOOP_89_8_VITIS_LOOP_90_9211' pipeline 'VITIS_LOOP_89_8_VITIS_LOOP_90_9' pipeline type 'loop pipeline'
INFO: [RTGEN 206-100] Generating core module 'mac_muladd_8s_8s_32s_32_4_1': 1 instance(s).
INFO: [RTGEN 206-100] Generating core module 'sparsemux_21_4_8_1_1': 44 instance(s).
INFO: [RTGEN 206-100] Generating core module 'sparsemux_7_2_8_1_1': 16 instance(s).
INFO: [RTGEN 206-100] Generating core module 'sparsemux_9_3_8_1_1': 2 instance(s).
INFO: [RTGEN 206-100] Finished creating RTL model for 'run_dwconv_Pipeline_VITIS_LOOP_89_8_VITIS_LOOP_90_9211'.
INFO: [HLS 200-111] Finished Creating RTL model: CPU user time: 1 seconds. CPU system time: 0 seconds. Elapsed time: 1.148 seconds; current allocated memory: 10.580 GB.
INFO: [HLS 200-10] ----------------------------------------------------------------
INFO: [HLS 200-10] -- Generating RTL for module 'run_dwconv_Pipeline_VITIS_LOOP_89_8_VITIS_LOOP_90_9212' 
INFO: [HLS 200-10] ----------------------------------------------------------------
INFO: [HLS 200-1030] Apply Unified Pipeline Control on module 'run_dwconv_Pipeline_VITIS_LOOP_89_8_VITIS_LOOP_90_9212' pipeline 'VITIS_LOOP_89_8_VITIS_LOOP_90_9' pipeline type 'loop pipeline'
INFO: [RTGEN 206-100] Generating core module 'mac_muladd_8s_8s_32s_32_4_1': 1 instance(s).
INFO: [RTGEN 206-100] Generating core module 'sparsemux_21_4_8_1_1': 44 instance(s).
INFO: [RTGEN 206-100] Generating core module 'sparsemux_7_2_8_1_1': 16 instance(s).
INFO: [RTGEN 206-100] Generating core module 'sparsemux_9_3_8_1_1': 2 instance(s).
INFO: [RTGEN 206-100] Finished creating RTL model for 'run_dwconv_Pipeline_VITIS_LOOP_89_8_VITIS_LOOP_90_9212'.
INFO: [HLS 200-111] Finished Creating RTL model: CPU user time: 1 seconds. CPU system time: 0 seconds. Elapsed time: 1.846 seconds; current allocated memory: 10.601 GB.
INFO: [HLS 200-10] ----------------------------------------------------------------
INFO: [HLS 200-10] -- Generating RTL for module 'run_dwconv_Pipeline_VITIS_LOOP_89_8_VITIS_LOOP_90_9213' 
INFO: [HLS 200-10] ----------------------------------------------------------------
INFO: [HLS 200-1030] Apply Unified Pipeline Control on module 'run_dwconv_Pipeline_VITIS_LOOP_89_8_VITIS_LOOP_90_9213' pipeline 'VITIS_LOOP_89_8_VITIS_LOOP_90_9' pipeline type 'loop pipeline'
INFO: [RTGEN 206-100] Generating core module 'mac_muladd_8s_8s_32s_32_4_1': 1 instance(s).
INFO: [RTGEN 206-100] Generating core module 'sparsemux_21_4_8_1_1': 44 instance(s).
INFO: [RTGEN 206-100] Generating core module 'sparsemux_7_2_8_1_1': 16 instance(s).
INFO: [RTGEN 206-100] Generating core module 'sparsemux_9_3_8_1_1': 2 instance(s).
INFO: [RTGEN 206-100] Finished creating RTL model for 'run_dwconv_Pipeline_VITIS_LOOP_89_8_VITIS_LOOP_90_9213'.
INFO: [HLS 200-111] Finished Creating RTL model: CPU user time: 0 seconds. CPU system time: 0 seconds. Elapsed time: 1.161 seconds; current allocated memory: 10.620 GB.
INFO: [HLS 200-10] ----------------------------------------------------------------
INFO: [HLS 200-10] -- Generating RTL for module 'run_dwconv_Pipeline_VITIS_LOOP_89_8_VITIS_LOOP_90_9214' 
INFO: [HLS 200-10] ----------------------------------------------------------------
INFO: [HLS 200-1030] Apply Unified Pipeline Control on module 'run_dwconv_Pipeline_VITIS_LOOP_89_8_VITIS_LOOP_90_9214' pipeline 'VITIS_LOOP_89_8_VITIS_LOOP_90_9' pipeline type 'loop pipeline'
INFO: [RTGEN 206-100] Generating core module 'mac_muladd_8s_8s_32s_32_4_1': 1 instance(s).
INFO: [RTGEN 206-100] Generating core module 'sparsemux_21_4_8_1_1': 44 instance(s).
INFO: [RTGEN 206-100] Generating core module 'sparsemux_7_2_8_1_1': 16 instance(s).
INFO: [RTGEN 206-100] Generating core module 'sparsemux_9_3_8_1_1': 2 instance(s).
INFO: [RTGEN 206-100] Finished creating RTL model for 'run_dwconv_Pipeline_VITIS_LOOP_89_8_VITIS_LOOP_90_9214'.
INFO: [HLS 200-111] Finished Creating RTL model: CPU user time: 1 seconds. CPU system time: 0 seconds. Elapsed time: 1.178 seconds; current allocated memory: 10.639 GB.
INFO: [HLS 200-10] ----------------------------------------------------------------
INFO: [HLS 200-10] -- Generating RTL for module 'run_dwconv_Pipeline_VITIS_LOOP_89_8_VITIS_LOOP_90_9215' 
INFO: [HLS 200-10] ----------------------------------------------------------------
INFO: [HLS 200-1030] Apply Unified Pipeline Control on module 'run_dwconv_Pipeline_VITIS_LOOP_89_8_VITIS_LOOP_90_9215' pipeline 'VITIS_LOOP_89_8_VITIS_LOOP_90_9' pipeline type 'loop pipeline'
INFO: [RTGEN 206-100] Generating core module 'mac_muladd_8s_8s_32s_32_4_1': 1 instance(s).
INFO: [RTGEN 206-100] Generating core module 'sparsemux_21_4_8_1_1': 44 instance(s).
INFO: [RTGEN 206-100] Generating core module 'sparsemux_7_2_8_1_1': 16 instance(s).
INFO: [RTGEN 206-100] Generating core module 'sparsemux_9_3_8_1_1': 2 instance(s).
INFO: [RTGEN 206-100] Finished creating RTL model for 'run_dwconv_Pipeline_VITIS_LOOP_89_8_VITIS_LOOP_90_9215'.
INFO: [HLS 200-111] Finished Creating RTL model: CPU user time: 1 seconds. CPU system time: 0 seconds. Elapsed time: 1.166 seconds; current allocated memory: 10.659 GB.
INFO: [HLS 200-10] ----------------------------------------------------------------
INFO: [HLS 200-10] -- Generating RTL for module 'run_dwconv_Pipeline_VITIS_LOOP_89_8_VITIS_LOOP_90_9216' 
INFO: [HLS 200-10] ----------------------------------------------------------------
INFO: [HLS 200-1030] Apply Unified Pipeline Control on module 'run_dwconv_Pipeline_VITIS_LOOP_89_8_VITIS_LOOP_90_9216' pipeline 'VITIS_LOOP_89_8_VITIS_LOOP_90_9' pipeline type 'loop pipeline'
INFO: [RTGEN 206-100] Generating core module 'mac_muladd_8s_8s_32s_32_4_1': 1 instance(s).
INFO: [RTGEN 206-100] Generating core module 'sparsemux_21_4_8_1_1': 44 instance(s).
INFO: [RTGEN 206-100] Generating core module 'sparsemux_7_2_8_1_1': 16 instance(s).
INFO: [RTGEN 206-100] Generating core module 'sparsemux_9_3_8_1_1': 2 instance(s).
INFO: [RTGEN 206-100] Finished creating RTL model for 'run_dwconv_Pipeline_VITIS_LOOP_89_8_VITIS_LOOP_90_9216'.
INFO: [HLS 200-111] Finished Creating RTL model: CPU user time: 2 seconds. CPU system time: 1 seconds. Elapsed time: 1.178 seconds; current allocated memory: 10.678 GB.
INFO: [HLS 200-10] ----------------------------------------------------------------
INFO: [HLS 200-10] -- Generating RTL for module 'run_dwconv_Pipeline_VITIS_LOOP_89_8_VITIS_LOOP_90_9217' 
INFO: [HLS 200-10] ----------------------------------------------------------------
INFO: [HLS 200-1030] Apply Unified Pipeline Control on module 'run_dwconv_Pipeline_VITIS_LOOP_89_8_VITIS_LOOP_90_9217' pipeline 'VITIS_LOOP_89_8_VITIS_LOOP_90_9' pipeline type 'loop pipeline'
INFO: [RTGEN 206-100] Generating core module 'mac_muladd_8s_8s_32s_32_4_1': 1 instance(s).
INFO: [RTGEN 206-100] Generating core module 'sparsemux_21_4_8_1_1': 44 instance(s).
INFO: [RTGEN 206-100] Generating core module 'sparsemux_7_2_8_1_1': 16 instance(s).
INFO: [RTGEN 206-100] Generating core module 'sparsemux_9_3_8_1_1': 2 instance(s).
INFO: [RTGEN 206-100] Finished creating RTL model for 'run_dwconv_Pipeline_VITIS_LOOP_89_8_VITIS_LOOP_90_9217'.
INFO: [HLS 200-111] Finished Creating RTL model: CPU user time: 1 seconds. CPU system time: 0 seconds. Elapsed time: 1.854 seconds; current allocated memory: 10.698 GB.
INFO: [HLS 200-10] ----------------------------------------------------------------
INFO: [HLS 200-10] -- Generating RTL for module 'run_dwconv_Pipeline_VITIS_LOOP_89_8_VITIS_LOOP_90_9218' 
INFO: [HLS 200-10] ----------------------------------------------------------------
INFO: [HLS 200-1030] Apply Unified Pipeline Control on module 'run_dwconv_Pipeline_VITIS_LOOP_89_8_VITIS_LOOP_90_9218' pipeline 'VITIS_LOOP_89_8_VITIS_LOOP_90_9' pipeline type 'loop pipeline'
INFO: [RTGEN 206-100] Generating core module 'mac_muladd_8s_8s_32s_32_4_1': 1 instance(s).
INFO: [RTGEN 206-100] Generating core module 'sparsemux_21_4_8_1_1': 44 instance(s).
INFO: [RTGEN 206-100] Generating core module 'sparsemux_7_2_8_1_1': 16 instance(s).
INFO: [RTGEN 206-100] Generating core module 'sparsemux_9_3_8_1_1': 2 instance(s).
INFO: [RTGEN 206-100] Finished creating RTL model for 'run_dwconv_Pipeline_VITIS_LOOP_89_8_VITIS_LOOP_90_9218'.
INFO: [HLS 200-111] Finished Creating RTL model: CPU user time: 1 seconds. CPU system time: 0 seconds. Elapsed time: 1.178 seconds; current allocated memory: 10.718 GB.
INFO: [HLS 200-10] ----------------------------------------------------------------
INFO: [HLS 200-10] -- Generating RTL for module 'run_dwconv_Pipeline_VITIS_LOOP_89_8_VITIS_LOOP_90_9219' 
INFO: [HLS 200-10] ----------------------------------------------------------------
INFO: [HLS 200-1030] Apply Unified Pipeline Control on module 'run_dwconv_Pipeline_VITIS_LOOP_89_8_VITIS_LOOP_90_9219' pipeline 'VITIS_LOOP_89_8_VITIS_LOOP_90_9' pipeline type 'loop pipeline'
INFO: [RTGEN 206-100] Generating core module 'mac_muladd_8s_8s_32s_32_4_1': 1 instance(s).
INFO: [RTGEN 206-100] Generating core module 'sparsemux_21_4_8_1_1': 44 instance(s).
INFO: [RTGEN 206-100] Generating core module 'sparsemux_7_2_8_1_1': 16 instance(s).
INFO: [RTGEN 206-100] Generating core module 'sparsemux_9_3_8_1_1': 2 instance(s).
INFO: [RTGEN 206-100] Finished creating RTL model for 'run_dwconv_Pipeline_VITIS_LOOP_89_8_VITIS_LOOP_90_9219'.
INFO: [HLS 200-111] Finished Creating RTL model: CPU user time: 1 seconds. CPU system time: 0 seconds. Elapsed time: 1.182 seconds; current allocated memory: 10.737 GB.
INFO: [HLS 200-10] ----------------------------------------------------------------
INFO: [HLS 200-10] -- Generating RTL for module 'run_dwconv_Pipeline_VITIS_LOOP_89_8_VITIS_LOOP_90_9220' 
INFO: [HLS 200-10] ----------------------------------------------------------------
INFO: [HLS 200-1030] Apply Unified Pipeline Control on module 'run_dwconv_Pipeline_VITIS_LOOP_89_8_VITIS_LOOP_90_9220' pipeline 'VITIS_LOOP_89_8_VITIS_LOOP_90_9' pipeline type 'loop pipeline'
INFO: [RTGEN 206-100] Generating core module 'mac_muladd_8s_8s_32s_32_4_1': 1 instance(s).
INFO: [RTGEN 206-100] Generating core module 'sparsemux_21_4_8_1_1': 44 instance(s).
INFO: [RTGEN 206-100] Generating core module 'sparsemux_7_2_8_1_1': 16 instance(s).
INFO: [RTGEN 206-100] Generating core module 'sparsemux_9_3_8_1_1': 2 instance(s).
INFO: [RTGEN 206-100] Finished creating RTL model for 'run_dwconv_Pipeline_VITIS_LOOP_89_8_VITIS_LOOP_90_9220'.
INFO: [HLS 200-111] Finished Creating RTL model: CPU user time: 1 seconds. CPU system time: 0 seconds. Elapsed time: 1.188 seconds; current allocated memory: 10.758 GB.
INFO: [HLS 200-10] ----------------------------------------------------------------
INFO: [HLS 200-10] -- Generating RTL for module 'run_dwconv_Pipeline_VITIS_LOOP_89_8_VITIS_LOOP_90_9221' 
INFO: [HLS 200-10] ----------------------------------------------------------------
INFO: [HLS 200-1030] Apply Unified Pipeline Control on module 'run_dwconv_Pipeline_VITIS_LOOP_89_8_VITIS_LOOP_90_9221' pipeline 'VITIS_LOOP_89_8_VITIS_LOOP_90_9' pipeline type 'loop pipeline'
INFO: [RTGEN 206-100] Generating core module 'mac_muladd_8s_8s_32s_32_4_1': 1 instance(s).
INFO: [RTGEN 206-100] Generating core module 'sparsemux_21_4_8_1_1': 44 instance(s).
INFO: [RTGEN 206-100] Generating core module 'sparsemux_7_2_8_1_1': 16 instance(s).
INFO: [RTGEN 206-100] Generating core module 'sparsemux_9_3_8_1_1': 2 instance(s).
INFO: [RTGEN 206-100] Finished creating RTL model for 'run_dwconv_Pipeline_VITIS_LOOP_89_8_VITIS_LOOP_90_9221'.
INFO: [HLS 200-111] Finished Creating RTL model: CPU user time: 1 seconds. CPU system time: 0 seconds. Elapsed time: 1.178 seconds; current allocated memory: 10.776 GB.
INFO: [HLS 200-10] ----------------------------------------------------------------
INFO: [HLS 200-10] -- Generating RTL for module 'run_dwconv_Pipeline_VITIS_LOOP_89_8_VITIS_LOOP_90_9222' 
INFO: [HLS 200-10] ----------------------------------------------------------------
INFO: [HLS 200-1030] Apply Unified Pipeline Control on module 'run_dwconv_Pipeline_VITIS_LOOP_89_8_VITIS_LOOP_90_9222' pipeline 'VITIS_LOOP_89_8_VITIS_LOOP_90_9' pipeline type 'loop pipeline'
INFO: [RTGEN 206-100] Generating core module 'mac_muladd_8s_8s_32s_32_4_1': 1 instance(s).
INFO: [RTGEN 206-100] Generating core module 'sparsemux_21_4_8_1_1': 44 instance(s).
INFO: [RTGEN 206-100] Generating core module 'sparsemux_7_2_8_1_1': 16 instance(s).
INFO: [RTGEN 206-100] Generating core module 'sparsemux_9_3_8_1_1': 2 instance(s).
INFO: [RTGEN 206-100] Finished creating RTL model for 'run_dwconv_Pipeline_VITIS_LOOP_89_8_VITIS_LOOP_90_9222'.
INFO: [HLS 200-111] Finished Creating RTL model: CPU user time: 2 seconds. CPU system time: 0 seconds. Elapsed time: 1.884 seconds; current allocated memory: 10.797 GB.
INFO: [HLS 200-10] ----------------------------------------------------------------
INFO: [HLS 200-10] -- Generating RTL for module 'run_dwconv_Pipeline_VITIS_LOOP_89_8_VITIS_LOOP_90_9223' 
INFO: [HLS 200-10] ----------------------------------------------------------------
INFO: [HLS 200-1030] Apply Unified Pipeline Control on module 'run_dwconv_Pipeline_VITIS_LOOP_89_8_VITIS_LOOP_90_9223' pipeline 'VITIS_LOOP_89_8_VITIS_LOOP_90_9' pipeline type 'loop pipeline'
INFO: [RTGEN 206-100] Generating core module 'mac_muladd_8s_8s_32s_32_4_1': 1 instance(s).
INFO: [RTGEN 206-100] Generating core module 'sparsemux_21_4_8_1_1': 44 instance(s).
INFO: [RTGEN 206-100] Generating core module 'sparsemux_7_2_8_1_1': 16 instance(s).
INFO: [RTGEN 206-100] Generating core module 'sparsemux_9_3_8_1_1': 2 instance(s).
INFO: [RTGEN 206-100] Finished creating RTL model for 'run_dwconv_Pipeline_VITIS_LOOP_89_8_VITIS_LOOP_90_9223'.
INFO: [HLS 200-111] Finished Creating RTL model: CPU user time: 1 seconds. CPU system time: 1 seconds. Elapsed time: 1.2 seconds; current allocated memory: 10.816 GB.
INFO: [HLS 200-10] ----------------------------------------------------------------
INFO: [HLS 200-10] -- Generating RTL for module 'run_dwconv_Pipeline_VITIS_LOOP_89_8_VITIS_LOOP_90_9224' 
INFO: [HLS 200-10] ----------------------------------------------------------------
INFO: [HLS 200-1030] Apply Unified Pipeline Control on module 'run_dwconv_Pipeline_VITIS_LOOP_89_8_VITIS_LOOP_90_9224' pipeline 'VITIS_LOOP_89_8_VITIS_LOOP_90_9' pipeline type 'loop pipeline'
INFO: [RTGEN 206-100] Generating core module 'mac_muladd_8s_8s_32s_32_4_1': 1 instance(s).
INFO: [RTGEN 206-100] Generating core module 'sparsemux_21_4_8_1_1': 44 instance(s).
INFO: [RTGEN 206-100] Generating core module 'sparsemux_7_2_8_1_1': 16 instance(s).
INFO: [RTGEN 206-100] Generating core module 'sparsemux_9_3_8_1_1': 2 instance(s).
INFO: [RTGEN 206-100] Finished creating RTL model for 'run_dwconv_Pipeline_VITIS_LOOP_89_8_VITIS_LOOP_90_9224'.
INFO: [HLS 200-111] Finished Creating RTL model: CPU user time: 1 seconds. CPU system time: 0 seconds. Elapsed time: 1.211 seconds; current allocated memory: 10.835 GB.
INFO: [HLS 200-10] ----------------------------------------------------------------
INFO: [HLS 200-10] -- Generating RTL for module 'run_dwconv_Pipeline_VITIS_LOOP_89_8_VITIS_LOOP_90_9225' 
INFO: [HLS 200-10] ----------------------------------------------------------------
INFO: [HLS 200-1030] Apply Unified Pipeline Control on module 'run_dwconv_Pipeline_VITIS_LOOP_89_8_VITIS_LOOP_90_9225' pipeline 'VITIS_LOOP_89_8_VITIS_LOOP_90_9' pipeline type 'loop pipeline'
INFO: [RTGEN 206-100] Generating core module 'mac_muladd_8s_8s_32s_32_4_1': 1 instance(s).
INFO: [RTGEN 206-100] Generating core module 'sparsemux_21_4_8_1_1': 44 instance(s).
INFO: [RTGEN 206-100] Generating core module 'sparsemux_7_2_8_1_1': 16 instance(s).
INFO: [RTGEN 206-100] Generating core module 'sparsemux_9_3_8_1_1': 2 instance(s).
INFO: [RTGEN 206-100] Finished creating RTL model for 'run_dwconv_Pipeline_VITIS_LOOP_89_8_VITIS_LOOP_90_9225'.
INFO: [HLS 200-111] Finished Creating RTL model: CPU user time: 1 seconds. CPU system time: 0 seconds. Elapsed time: 1.2 seconds; current allocated memory: 10.855 GB.
INFO: [HLS 200-10] ----------------------------------------------------------------
INFO: [HLS 200-10] -- Generating RTL for module 'run_dwconv_Pipeline_VITIS_LOOP_89_8_VITIS_LOOP_90_9226' 
INFO: [HLS 200-10] ----------------------------------------------------------------
INFO: [HLS 200-1030] Apply Unified Pipeline Control on module 'run_dwconv_Pipeline_VITIS_LOOP_89_8_VITIS_LOOP_90_9226' pipeline 'VITIS_LOOP_89_8_VITIS_LOOP_90_9' pipeline type 'loop pipeline'
INFO: [RTGEN 206-100] Generating core module 'mac_muladd_8s_8s_32s_32_4_1': 1 instance(s).
INFO: [RTGEN 206-100] Generating core module 'sparsemux_21_4_8_1_1': 44 instance(s).
INFO: [RTGEN 206-100] Generating core module 'sparsemux_7_2_8_1_1': 16 instance(s).
INFO: [RTGEN 206-100] Generating core module 'sparsemux_9_3_8_1_1': 2 instance(s).
INFO: [RTGEN 206-100] Finished creating RTL model for 'run_dwconv_Pipeline_VITIS_LOOP_89_8_VITIS_LOOP_90_9226'.
INFO: [HLS 200-111] Finished Creating RTL model: CPU user time: 1 seconds. CPU system time: 0 seconds. Elapsed time: 1.209 seconds; current allocated memory: 10.875 GB.
INFO: [HLS 200-10] ----------------------------------------------------------------
INFO: [HLS 200-10] -- Generating RTL for module 'run_dwconv_Pipeline_VITIS_LOOP_89_8_VITIS_LOOP_90_9227' 
INFO: [HLS 200-10] ----------------------------------------------------------------
INFO: [HLS 200-1030] Apply Unified Pipeline Control on module 'run_dwconv_Pipeline_VITIS_LOOP_89_8_VITIS_LOOP_90_9227' pipeline 'VITIS_LOOP_89_8_VITIS_LOOP_90_9' pipeline type 'loop pipeline'
INFO: [RTGEN 206-100] Generating core module 'mac_muladd_8s_8s_32s_32_4_1': 1 instance(s).
INFO: [RTGEN 206-100] Generating core module 'sparsemux_21_4_8_1_1': 44 instance(s).
INFO: [RTGEN 206-100] Generating core module 'sparsemux_7_2_8_1_1': 16 instance(s).
INFO: [RTGEN 206-100] Generating core module 'sparsemux_9_3_8_1_1': 2 instance(s).
INFO: [RTGEN 206-100] Finished creating RTL model for 'run_dwconv_Pipeline_VITIS_LOOP_89_8_VITIS_LOOP_90_9227'.
INFO: [HLS 200-111] Finished Creating RTL model: CPU user time: 2 seconds. CPU system time: 0 seconds. Elapsed time: 1.89 seconds; current allocated memory: 10.895 GB.
INFO: [HLS 200-10] ----------------------------------------------------------------
INFO: [HLS 200-10] -- Generating RTL for module 'run_dwconv_Pipeline_VITIS_LOOP_89_8_VITIS_LOOP_90_9228' 
INFO: [HLS 200-10] ----------------------------------------------------------------
INFO: [HLS 200-1030] Apply Unified Pipeline Control on module 'run_dwconv_Pipeline_VITIS_LOOP_89_8_VITIS_LOOP_90_9228' pipeline 'VITIS_LOOP_89_8_VITIS_LOOP_90_9' pipeline type 'loop pipeline'
INFO: [RTGEN 206-100] Generating core module 'mac_muladd_8s_8s_32s_32_4_1': 1 instance(s).
INFO: [RTGEN 206-100] Generating core module 'sparsemux_21_4_8_1_1': 44 instance(s).
INFO: [RTGEN 206-100] Generating core module 'sparsemux_7_2_8_1_1': 16 instance(s).
INFO: [RTGEN 206-100] Generating core module 'sparsemux_9_3_8_1_1': 2 instance(s).
INFO: [RTGEN 206-100] Finished creating RTL model for 'run_dwconv_Pipeline_VITIS_LOOP_89_8_VITIS_LOOP_90_9228'.
INFO: [HLS 200-111] Finished Creating RTL model: CPU user time: 1 seconds. CPU system time: 0 seconds. Elapsed time: 1.208 seconds; current allocated memory: 10.914 GB.
INFO: [HLS 200-10] ----------------------------------------------------------------
INFO: [HLS 200-10] -- Generating RTL for module 'run_dwconv_Pipeline_VITIS_LOOP_89_8_VITIS_LOOP_90_9229' 
INFO: [HLS 200-10] ----------------------------------------------------------------
INFO: [HLS 200-1030] Apply Unified Pipeline Control on module 'run_dwconv_Pipeline_VITIS_LOOP_89_8_VITIS_LOOP_90_9229' pipeline 'VITIS_LOOP_89_8_VITIS_LOOP_90_9' pipeline type 'loop pipeline'
INFO: [RTGEN 206-100] Generating core module 'mac_muladd_8s_8s_32s_32_4_1': 1 instance(s).
INFO: [RTGEN 206-100] Generating core module 'sparsemux_21_4_8_1_1': 44 instance(s).
INFO: [RTGEN 206-100] Generating core module 'sparsemux_7_2_8_1_1': 16 instance(s).
INFO: [RTGEN 206-100] Generating core module 'sparsemux_9_3_8_1_1': 2 instance(s).
INFO: [RTGEN 206-100] Finished creating RTL model for 'run_dwconv_Pipeline_VITIS_LOOP_89_8_VITIS_LOOP_90_9229'.
INFO: [HLS 200-111] Finished Creating RTL model: CPU user time: 1 seconds. CPU system time: 0 seconds. Elapsed time: 1.193 seconds; current allocated memory: 10.934 GB.
INFO: [HLS 200-10] ----------------------------------------------------------------
INFO: [HLS 200-10] -- Generating RTL for module 'run_dwconv_Pipeline_VITIS_LOOP_89_8_VITIS_LOOP_90_9230' 
INFO: [HLS 200-10] ----------------------------------------------------------------
INFO: [HLS 200-1030] Apply Unified Pipeline Control on module 'run_dwconv_Pipeline_VITIS_LOOP_89_8_VITIS_LOOP_90_9230' pipeline 'VITIS_LOOP_89_8_VITIS_LOOP_90_9' pipeline type 'loop pipeline'
INFO: [RTGEN 206-100] Generating core module 'mac_muladd_8s_8s_32s_32_4_1': 1 instance(s).
INFO: [RTGEN 206-100] Generating core module 'sparsemux_21_4_8_1_1': 44 instance(s).
INFO: [RTGEN 206-100] Generating core module 'sparsemux_7_2_8_1_1': 16 instance(s).
INFO: [RTGEN 206-100] Generating core module 'sparsemux_9_3_8_1_1': 2 instance(s).
INFO: [RTGEN 206-100] Finished creating RTL model for 'run_dwconv_Pipeline_VITIS_LOOP_89_8_VITIS_LOOP_90_9230'.
INFO: [HLS 200-111] Finished Creating RTL model: CPU user time: 1 seconds. CPU system time: 0 seconds. Elapsed time: 1.215 seconds; current allocated memory: 10.954 GB.
INFO: [HLS 200-10] ----------------------------------------------------------------
INFO: [HLS 200-10] -- Generating RTL for module 'run_dwconv_Pipeline_VITIS_LOOP_89_8_VITIS_LOOP_90_9231' 
INFO: [HLS 200-10] ----------------------------------------------------------------
INFO: [HLS 200-1030] Apply Unified Pipeline Control on module 'run_dwconv_Pipeline_VITIS_LOOP_89_8_VITIS_LOOP_90_9231' pipeline 'VITIS_LOOP_89_8_VITIS_LOOP_90_9' pipeline type 'loop pipeline'
INFO: [RTGEN 206-100] Generating core module 'mac_muladd_8s_8s_32s_32_4_1': 1 instance(s).
INFO: [RTGEN 206-100] Generating core module 'sparsemux_21_4_8_1_1': 44 instance(s).
INFO: [RTGEN 206-100] Generating core module 'sparsemux_7_2_8_1_1': 16 instance(s).
INFO: [RTGEN 206-100] Generating core module 'sparsemux_9_3_8_1_1': 2 instance(s).
INFO: [RTGEN 206-100] Finished creating RTL model for 'run_dwconv_Pipeline_VITIS_LOOP_89_8_VITIS_LOOP_90_9231'.
INFO: [HLS 200-111] Finished Creating RTL model: CPU user time: 1 seconds. CPU system time: 0 seconds. Elapsed time: 1.19 seconds; current allocated memory: 10.973 GB.
INFO: [HLS 200-10] ----------------------------------------------------------------
INFO: [HLS 200-10] -- Generating RTL for module 'run_dwconv_Pipeline_VITIS_LOOP_89_8_VITIS_LOOP_90_9232' 
INFO: [HLS 200-10] ----------------------------------------------------------------
INFO: [HLS 200-1030] Apply Unified Pipeline Control on module 'run_dwconv_Pipeline_VITIS_LOOP_89_8_VITIS_LOOP_90_9232' pipeline 'VITIS_LOOP_89_8_VITIS_LOOP_90_9' pipeline type 'loop pipeline'
INFO: [RTGEN 206-100] Generating core module 'mac_muladd_8s_8s_32s_32_4_1': 1 instance(s).
INFO: [RTGEN 206-100] Generating core module 'sparsemux_21_4_8_1_1': 44 instance(s).
INFO: [RTGEN 206-100] Generating core module 'sparsemux_7_2_8_1_1': 16 instance(s).
INFO: [RTGEN 206-100] Generating core module 'sparsemux_9_3_8_1_1': 2 instance(s).
INFO: [RTGEN 206-100] Finished creating RTL model for 'run_dwconv_Pipeline_VITIS_LOOP_89_8_VITIS_LOOP_90_9232'.
INFO: [HLS 200-111] Finished Creating RTL model: CPU user time: 2 seconds. CPU system time: 0 seconds. Elapsed time: 1.909 seconds; current allocated memory: 10.992 GB.
INFO: [HLS 200-10] ----------------------------------------------------------------
INFO: [HLS 200-10] -- Generating RTL for module 'run_dwconv_Pipeline_VITIS_LOOP_89_8_VITIS_LOOP_90_9233' 
INFO: [HLS 200-10] ----------------------------------------------------------------
INFO: [HLS 200-1030] Apply Unified Pipeline Control on module 'run_dwconv_Pipeline_VITIS_LOOP_89_8_VITIS_LOOP_90_9233' pipeline 'VITIS_LOOP_89_8_VITIS_LOOP_90_9' pipeline type 'loop pipeline'
INFO: [RTGEN 206-100] Generating core module 'mac_muladd_8s_8s_32s_32_4_1': 1 instance(s).
INFO: [RTGEN 206-100] Generating core module 'sparsemux_21_4_8_1_1': 44 instance(s).
INFO: [RTGEN 206-100] Generating core module 'sparsemux_7_2_8_1_1': 16 instance(s).
INFO: [RTGEN 206-100] Generating core module 'sparsemux_9_3_8_1_1': 2 instance(s).
INFO: [RTGEN 206-100] Finished creating RTL model for 'run_dwconv_Pipeline_VITIS_LOOP_89_8_VITIS_LOOP_90_9233'.
INFO: [HLS 200-111] Finished Creating RTL model: CPU user time: 1 seconds. CPU system time: 1 seconds. Elapsed time: 1.207 seconds; current allocated memory: 11.012 GB.
INFO: [HLS 200-10] ----------------------------------------------------------------
INFO: [HLS 200-10] -- Generating RTL for module 'run_dwconv_Pipeline_VITIS_LOOP_89_8_VITIS_LOOP_90_9234' 
INFO: [HLS 200-10] ----------------------------------------------------------------
INFO: [HLS 200-1030] Apply Unified Pipeline Control on module 'run_dwconv_Pipeline_VITIS_LOOP_89_8_VITIS_LOOP_90_9234' pipeline 'VITIS_LOOP_89_8_VITIS_LOOP_90_9' pipeline type 'loop pipeline'
INFO: [RTGEN 206-100] Generating core module 'mac_muladd_8s_8s_32s_32_4_1': 1 instance(s).
INFO: [RTGEN 206-100] Generating core module 'sparsemux_21_4_8_1_1': 44 instance(s).
INFO: [RTGEN 206-100] Generating core module 'sparsemux_7_2_8_1_1': 16 instance(s).
INFO: [RTGEN 206-100] Generating core module 'sparsemux_9_3_8_1_1': 2 instance(s).
INFO: [RTGEN 206-100] Finished creating RTL model for 'run_dwconv_Pipeline_VITIS_LOOP_89_8_VITIS_LOOP_90_9234'.
INFO: [HLS 200-111] Finished Creating RTL model: CPU user time: 1 seconds. CPU system time: 0 seconds. Elapsed time: 1.237 seconds; current allocated memory: 11.032 GB.
INFO: [HLS 200-10] ----------------------------------------------------------------
INFO: [HLS 200-10] -- Generating RTL for module 'run_dwconv_Pipeline_VITIS_LOOP_89_8_VITIS_LOOP_90_9235' 
INFO: [HLS 200-10] ----------------------------------------------------------------
INFO: [HLS 200-1030] Apply Unified Pipeline Control on module 'run_dwconv_Pipeline_VITIS_LOOP_89_8_VITIS_LOOP_90_9235' pipeline 'VITIS_LOOP_89_8_VITIS_LOOP_90_9' pipeline type 'loop pipeline'
INFO: [RTGEN 206-100] Generating core module 'mac_muladd_8s_8s_32s_32_4_1': 1 instance(s).
INFO: [RTGEN 206-100] Generating core module 'sparsemux_21_4_8_1_1': 44 instance(s).
INFO: [RTGEN 206-100] Generating core module 'sparsemux_7_2_8_1_1': 16 instance(s).
INFO: [RTGEN 206-100] Generating core module 'sparsemux_9_3_8_1_1': 2 instance(s).
INFO: [RTGEN 206-100] Finished creating RTL model for 'run_dwconv_Pipeline_VITIS_LOOP_89_8_VITIS_LOOP_90_9235'.
INFO: [HLS 200-111] Finished Creating RTL model: CPU user time: 1 seconds. CPU system time: 0 seconds. Elapsed time: 1.239 seconds; current allocated memory: 11.052 GB.
INFO: [HLS 200-10] ----------------------------------------------------------------
INFO: [HLS 200-10] -- Generating RTL for module 'run_dwconv_Pipeline_VITIS_LOOP_89_8_VITIS_LOOP_90_9236' 
INFO: [HLS 200-10] ----------------------------------------------------------------
INFO: [HLS 200-1030] Apply Unified Pipeline Control on module 'run_dwconv_Pipeline_VITIS_LOOP_89_8_VITIS_LOOP_90_9236' pipeline 'VITIS_LOOP_89_8_VITIS_LOOP_90_9' pipeline type 'loop pipeline'
INFO: [RTGEN 206-100] Generating core module 'mac_muladd_8s_8s_32s_32_4_1': 1 instance(s).
INFO: [RTGEN 206-100] Generating core module 'sparsemux_21_4_8_1_1': 44 instance(s).
INFO: [RTGEN 206-100] Generating core module 'sparsemux_7_2_8_1_1': 16 instance(s).
INFO: [RTGEN 206-100] Generating core module 'sparsemux_9_3_8_1_1': 2 instance(s).
INFO: [RTGEN 206-100] Finished creating RTL model for 'run_dwconv_Pipeline_VITIS_LOOP_89_8_VITIS_LOOP_90_9236'.
INFO: [HLS 200-111] Finished Creating RTL model: CPU user time: 1 seconds. CPU system time: 0 seconds. Elapsed time: 1.289 seconds; current allocated memory: 11.072 GB.
INFO: [HLS 200-10] ----------------------------------------------------------------
INFO: [HLS 200-10] -- Generating RTL for module 'run_dwconv_Pipeline_VITIS_LOOP_89_8_VITIS_LOOP_90_9237' 
INFO: [HLS 200-10] ----------------------------------------------------------------
INFO: [HLS 200-1030] Apply Unified Pipeline Control on module 'run_dwconv_Pipeline_VITIS_LOOP_89_8_VITIS_LOOP_90_9237' pipeline 'VITIS_LOOP_89_8_VITIS_LOOP_90_9' pipeline type 'loop pipeline'
INFO: [RTGEN 206-100] Generating core module 'mac_muladd_8s_8s_32s_32_4_1': 1 instance(s).
INFO: [RTGEN 206-100] Generating core module 'sparsemux_21_4_8_1_1': 44 instance(s).
INFO: [RTGEN 206-100] Generating core module 'sparsemux_7_2_8_1_1': 16 instance(s).
INFO: [RTGEN 206-100] Generating core module 'sparsemux_9_3_8_1_1': 2 instance(s).
INFO: [RTGEN 206-100] Finished creating RTL model for 'run_dwconv_Pipeline_VITIS_LOOP_89_8_VITIS_LOOP_90_9237'.
INFO: [HLS 200-111] Finished Creating RTL model: CPU user time: 2 seconds. CPU system time: 0 seconds. Elapsed time: 1.901 seconds; current allocated memory: 11.091 GB.
INFO: [HLS 200-10] ----------------------------------------------------------------
INFO: [HLS 200-10] -- Generating RTL for module 'run_dwconv_Pipeline_VITIS_LOOP_89_8_VITIS_LOOP_90_9238' 
INFO: [HLS 200-10] ----------------------------------------------------------------
INFO: [HLS 200-1030] Apply Unified Pipeline Control on module 'run_dwconv_Pipeline_VITIS_LOOP_89_8_VITIS_LOOP_90_9238' pipeline 'VITIS_LOOP_89_8_VITIS_LOOP_90_9' pipeline type 'loop pipeline'
INFO: [RTGEN 206-100] Generating core module 'mac_muladd_8s_8s_32s_32_4_1': 1 instance(s).
INFO: [RTGEN 206-100] Generating core module 'sparsemux_21_4_8_1_1': 44 instance(s).
INFO: [RTGEN 206-100] Generating core module 'sparsemux_7_2_8_1_1': 16 instance(s).
INFO: [RTGEN 206-100] Generating core module 'sparsemux_9_3_8_1_1': 2 instance(s).
INFO: [RTGEN 206-100] Finished creating RTL model for 'run_dwconv_Pipeline_VITIS_LOOP_89_8_VITIS_LOOP_90_9238'.
INFO: [HLS 200-111] Finished Creating RTL model: CPU user time: 1 seconds. CPU system time: 0 seconds. Elapsed time: 1.219 seconds; current allocated memory: 11.110 GB.
INFO: [HLS 200-10] ----------------------------------------------------------------
INFO: [HLS 200-10] -- Generating RTL for module 'run_dwconv_Pipeline_VITIS_LOOP_89_8_VITIS_LOOP_90_9239' 
INFO: [HLS 200-10] ----------------------------------------------------------------
INFO: [HLS 200-1030] Apply Unified Pipeline Control on module 'run_dwconv_Pipeline_VITIS_LOOP_89_8_VITIS_LOOP_90_9239' pipeline 'VITIS_LOOP_89_8_VITIS_LOOP_90_9' pipeline type 'loop pipeline'
INFO: [RTGEN 206-100] Generating core module 'mac_muladd_8s_8s_32s_32_4_1': 1 instance(s).
INFO: [RTGEN 206-100] Generating core module 'sparsemux_21_4_8_1_1': 44 instance(s).
INFO: [RTGEN 206-100] Generating core module 'sparsemux_7_2_8_1_1': 16 instance(s).
INFO: [RTGEN 206-100] Generating core module 'sparsemux_9_3_8_1_1': 2 instance(s).
INFO: [RTGEN 206-100] Finished creating RTL model for 'run_dwconv_Pipeline_VITIS_LOOP_89_8_VITIS_LOOP_90_9239'.
INFO: [HLS 200-111] Finished Creating RTL model: CPU user time: 1 seconds. CPU system time: 0 seconds. Elapsed time: 1.215 seconds; current allocated memory: 11.130 GB.
INFO: [HLS 200-10] ----------------------------------------------------------------
INFO: [HLS 200-10] -- Generating RTL for module 'run_dwconv_Pipeline_VITIS_LOOP_89_8_VITIS_LOOP_90_9240' 
INFO: [HLS 200-10] ----------------------------------------------------------------
INFO: [HLS 200-1030] Apply Unified Pipeline Control on module 'run_dwconv_Pipeline_VITIS_LOOP_89_8_VITIS_LOOP_90_9240' pipeline 'VITIS_LOOP_89_8_VITIS_LOOP_90_9' pipeline type 'loop pipeline'
INFO: [RTGEN 206-100] Generating core module 'mac_muladd_8s_8s_32s_32_4_1': 1 instance(s).
INFO: [RTGEN 206-100] Generating core module 'sparsemux_21_4_8_1_1': 44 instance(s).
INFO: [RTGEN 206-100] Generating core module 'sparsemux_7_2_8_1_1': 16 instance(s).
INFO: [RTGEN 206-100] Generating core module 'sparsemux_9_3_8_1_1': 2 instance(s).
INFO: [RTGEN 206-100] Finished creating RTL model for 'run_dwconv_Pipeline_VITIS_LOOP_89_8_VITIS_LOOP_90_9240'.
INFO: [HLS 200-111] Finished Creating RTL model: CPU user time: 1 seconds. CPU system time: 0 seconds. Elapsed time: 1.26 seconds; current allocated memory: 11.150 GB.
INFO: [HLS 200-10] ----------------------------------------------------------------
INFO: [HLS 200-10] -- Generating RTL for module 'run_dwconv_Pipeline_VITIS_LOOP_89_8_VITIS_LOOP_90_9241' 
INFO: [HLS 200-10] ----------------------------------------------------------------
INFO: [HLS 200-1030] Apply Unified Pipeline Control on module 'run_dwconv_Pipeline_VITIS_LOOP_89_8_VITIS_LOOP_90_9241' pipeline 'VITIS_LOOP_89_8_VITIS_LOOP_90_9' pipeline type 'loop pipeline'
INFO: [RTGEN 206-100] Generating core module 'mac_muladd_8s_8s_32s_32_4_1': 1 instance(s).
INFO: [RTGEN 206-100] Generating core module 'sparsemux_21_4_8_1_1': 44 instance(s).
INFO: [RTGEN 206-100] Generating core module 'sparsemux_7_2_8_1_1': 16 instance(s).
INFO: [RTGEN 206-100] Generating core module 'sparsemux_9_3_8_1_1': 2 instance(s).
INFO: [RTGEN 206-100] Finished creating RTL model for 'run_dwconv_Pipeline_VITIS_LOOP_89_8_VITIS_LOOP_90_9241'.
INFO: [HLS 200-111] Finished Creating RTL model: CPU user time: 1 seconds. CPU system time: 0 seconds. Elapsed time: 1.229 seconds; current allocated memory: 11.170 GB.
INFO: [HLS 200-10] ----------------------------------------------------------------
INFO: [HLS 200-10] -- Generating RTL for module 'run_dwconv_Pipeline_VITIS_LOOP_89_8_VITIS_LOOP_90_9242' 
INFO: [HLS 200-10] ----------------------------------------------------------------
INFO: [HLS 200-1030] Apply Unified Pipeline Control on module 'run_dwconv_Pipeline_VITIS_LOOP_89_8_VITIS_LOOP_90_9242' pipeline 'VITIS_LOOP_89_8_VITIS_LOOP_90_9' pipeline type 'loop pipeline'
INFO: [RTGEN 206-100] Generating core module 'mac_muladd_8s_8s_32s_32_4_1': 1 instance(s).
INFO: [RTGEN 206-100] Generating core module 'sparsemux_21_4_8_1_1': 44 instance(s).
INFO: [RTGEN 206-100] Generating core module 'sparsemux_7_2_8_1_1': 16 instance(s).
INFO: [RTGEN 206-100] Generating core module 'sparsemux_9_3_8_1_1': 2 instance(s).
INFO: [RTGEN 206-100] Finished creating RTL model for 'run_dwconv_Pipeline_VITIS_LOOP_89_8_VITIS_LOOP_90_9242'.
INFO: [HLS 200-111] Finished Creating RTL model: CPU user time: 2 seconds. CPU system time: 0 seconds. Elapsed time: 1.925 seconds; current allocated memory: 11.189 GB.
INFO: [HLS 200-10] ----------------------------------------------------------------
INFO: [HLS 200-10] -- Generating RTL for module 'run_dwconv_Pipeline_VITIS_LOOP_89_8_VITIS_LOOP_90_9243' 
INFO: [HLS 200-10] ----------------------------------------------------------------
INFO: [HLS 200-1030] Apply Unified Pipeline Control on module 'run_dwconv_Pipeline_VITIS_LOOP_89_8_VITIS_LOOP_90_9243' pipeline 'VITIS_LOOP_89_8_VITIS_LOOP_90_9' pipeline type 'loop pipeline'
INFO: [RTGEN 206-100] Generating core module 'mac_muladd_8s_8s_32s_32_4_1': 1 instance(s).
INFO: [RTGEN 206-100] Generating core module 'sparsemux_21_4_8_1_1': 44 instance(s).
INFO: [RTGEN 206-100] Generating core module 'sparsemux_7_2_8_1_1': 16 instance(s).
INFO: [RTGEN 206-100] Generating core module 'sparsemux_9_3_8_1_1': 2 instance(s).
INFO: [RTGEN 206-100] Finished creating RTL model for 'run_dwconv_Pipeline_VITIS_LOOP_89_8_VITIS_LOOP_90_9243'.
INFO: [HLS 200-111] Finished Creating RTL model: CPU user time: 1 seconds. CPU system time: 1 seconds. Elapsed time: 1.241 seconds; current allocated memory: 11.209 GB.
INFO: [HLS 200-10] ----------------------------------------------------------------
INFO: [HLS 200-10] -- Generating RTL for module 'run_dwconv_Pipeline_VITIS_LOOP_89_8_VITIS_LOOP_90_9244' 
INFO: [HLS 200-10] ----------------------------------------------------------------
INFO: [HLS 200-1030] Apply Unified Pipeline Control on module 'run_dwconv_Pipeline_VITIS_LOOP_89_8_VITIS_LOOP_90_9244' pipeline 'VITIS_LOOP_89_8_VITIS_LOOP_90_9' pipeline type 'loop pipeline'
INFO: [RTGEN 206-100] Generating core module 'mac_muladd_8s_8s_32s_32_4_1': 1 instance(s).
INFO: [RTGEN 206-100] Generating core module 'sparsemux_21_4_8_1_1': 44 instance(s).
INFO: [RTGEN 206-100] Generating core module 'sparsemux_7_2_8_1_1': 16 instance(s).
INFO: [RTGEN 206-100] Generating core module 'sparsemux_9_3_8_1_1': 2 instance(s).
INFO: [RTGEN 206-100] Finished creating RTL model for 'run_dwconv_Pipeline_VITIS_LOOP_89_8_VITIS_LOOP_90_9244'.
INFO: [HLS 200-111] Finished Creating RTL model: CPU user time: 1 seconds. CPU system time: 0 seconds. Elapsed time: 1.246 seconds; current allocated memory: 11.229 GB.
INFO: [HLS 200-10] ----------------------------------------------------------------
INFO: [HLS 200-10] -- Generating RTL for module 'run_dwconv_Pipeline_VITIS_LOOP_89_8_VITIS_LOOP_90_9245' 
INFO: [HLS 200-10] ----------------------------------------------------------------
INFO: [HLS 200-1030] Apply Unified Pipeline Control on module 'run_dwconv_Pipeline_VITIS_LOOP_89_8_VITIS_LOOP_90_9245' pipeline 'VITIS_LOOP_89_8_VITIS_LOOP_90_9' pipeline type 'loop pipeline'
INFO: [RTGEN 206-100] Generating core module 'mac_muladd_8s_8s_32s_32_4_1': 1 instance(s).
INFO: [RTGEN 206-100] Generating core module 'sparsemux_21_4_8_1_1': 44 instance(s).
INFO: [RTGEN 206-100] Generating core module 'sparsemux_7_2_8_1_1': 16 instance(s).
INFO: [RTGEN 206-100] Generating core module 'sparsemux_9_3_8_1_1': 2 instance(s).
INFO: [RTGEN 206-100] Finished creating RTL model for 'run_dwconv_Pipeline_VITIS_LOOP_89_8_VITIS_LOOP_90_9245'.
INFO: [HLS 200-111] Finished Creating RTL model: CPU user time: 1 seconds. CPU system time: 0 seconds. Elapsed time: 1.255 seconds; current allocated memory: 11.249 GB.
INFO: [HLS 200-10] ----------------------------------------------------------------
INFO: [HLS 200-10] -- Generating RTL for module 'run_dwconv_Pipeline_VITIS_LOOP_89_8_VITIS_LOOP_90_9246' 
INFO: [HLS 200-10] ----------------------------------------------------------------
INFO: [HLS 200-1030] Apply Unified Pipeline Control on module 'run_dwconv_Pipeline_VITIS_LOOP_89_8_VITIS_LOOP_90_9246' pipeline 'VITIS_LOOP_89_8_VITIS_LOOP_90_9' pipeline type 'loop pipeline'
INFO: [RTGEN 206-100] Generating core module 'mac_muladd_8s_8s_32s_32_4_1': 1 instance(s).
INFO: [RTGEN 206-100] Generating core module 'sparsemux_21_4_8_1_1': 44 instance(s).
INFO: [RTGEN 206-100] Generating core module 'sparsemux_7_2_8_1_1': 16 instance(s).
INFO: [RTGEN 206-100] Generating core module 'sparsemux_9_3_8_1_1': 2 instance(s).
INFO: [RTGEN 206-100] Finished creating RTL model for 'run_dwconv_Pipeline_VITIS_LOOP_89_8_VITIS_LOOP_90_9246'.
INFO: [HLS 200-111] Finished Creating RTL model: CPU user time: 1 seconds. CPU system time: 0 seconds. Elapsed time: 1.242 seconds; current allocated memory: 11.269 GB.
INFO: [HLS 200-10] ----------------------------------------------------------------
INFO: [HLS 200-10] -- Generating RTL for module 'run_dwconv_Pipeline_VITIS_LOOP_89_8_VITIS_LOOP_90_9247' 
INFO: [HLS 200-10] ----------------------------------------------------------------
INFO: [HLS 200-1030] Apply Unified Pipeline Control on module 'run_dwconv_Pipeline_VITIS_LOOP_89_8_VITIS_LOOP_90_9247' pipeline 'VITIS_LOOP_89_8_VITIS_LOOP_90_9' pipeline type 'loop pipeline'
INFO: [RTGEN 206-100] Generating core module 'mac_muladd_8s_8s_32s_32_4_1': 1 instance(s).
INFO: [RTGEN 206-100] Generating core module 'sparsemux_21_4_8_1_1': 44 instance(s).
INFO: [RTGEN 206-100] Generating core module 'sparsemux_7_2_8_1_1': 16 instance(s).
INFO: [RTGEN 206-100] Generating core module 'sparsemux_9_3_8_1_1': 2 instance(s).
INFO: [RTGEN 206-100] Finished creating RTL model for 'run_dwconv_Pipeline_VITIS_LOOP_89_8_VITIS_LOOP_90_9247'.
INFO: [HLS 200-111] Finished Creating RTL model: CPU user time: 2 seconds. CPU system time: 0 seconds. Elapsed time: 1.909 seconds; current allocated memory: 11.288 GB.
INFO: [HLS 200-10] ----------------------------------------------------------------
INFO: [HLS 200-10] -- Generating RTL for module 'run_dwconv_Pipeline_VITIS_LOOP_89_8_VITIS_LOOP_90_9248' 
INFO: [HLS 200-10] ----------------------------------------------------------------
INFO: [HLS 200-1030] Apply Unified Pipeline Control on module 'run_dwconv_Pipeline_VITIS_LOOP_89_8_VITIS_LOOP_90_9248' pipeline 'VITIS_LOOP_89_8_VITIS_LOOP_90_9' pipeline type 'loop pipeline'
INFO: [RTGEN 206-100] Generating core module 'mac_muladd_8s_8s_32s_32_4_1': 1 instance(s).
INFO: [RTGEN 206-100] Generating core module 'sparsemux_21_4_8_1_1': 44 instance(s).
INFO: [RTGEN 206-100] Generating core module 'sparsemux_7_2_8_1_1': 16 instance(s).
INFO: [RTGEN 206-100] Generating core module 'sparsemux_9_3_8_1_1': 2 instance(s).
INFO: [RTGEN 206-100] Finished creating RTL model for 'run_dwconv_Pipeline_VITIS_LOOP_89_8_VITIS_LOOP_90_9248'.
INFO: [HLS 200-111] Finished Creating RTL model: CPU user time: 1 seconds. CPU system time: 0 seconds. Elapsed time: 1.236 seconds; current allocated memory: 11.308 GB.
INFO: [HLS 200-10] ----------------------------------------------------------------
INFO: [HLS 200-10] -- Generating RTL for module 'run_dwconv_Pipeline_VITIS_LOOP_89_8_VITIS_LOOP_90_9249' 
INFO: [HLS 200-10] ----------------------------------------------------------------
INFO: [HLS 200-1030] Apply Unified Pipeline Control on module 'run_dwconv_Pipeline_VITIS_LOOP_89_8_VITIS_LOOP_90_9249' pipeline 'VITIS_LOOP_89_8_VITIS_LOOP_90_9' pipeline type 'loop pipeline'
INFO: [RTGEN 206-100] Generating core module 'mac_muladd_8s_8s_32s_32_4_1': 1 instance(s).
INFO: [RTGEN 206-100] Generating core module 'sparsemux_21_4_8_1_1': 44 instance(s).
INFO: [RTGEN 206-100] Generating core module 'sparsemux_7_2_8_1_1': 16 instance(s).
INFO: [RTGEN 206-100] Generating core module 'sparsemux_9_3_8_1_1': 2 instance(s).
INFO: [RTGEN 206-100] Finished creating RTL model for 'run_dwconv_Pipeline_VITIS_LOOP_89_8_VITIS_LOOP_90_9249'.
INFO: [HLS 200-111] Finished Creating RTL model: CPU user time: 1 seconds. CPU system time: 0 seconds. Elapsed time: 1.263 seconds; current allocated memory: 11.328 GB.
INFO: [HLS 200-10] ----------------------------------------------------------------
INFO: [HLS 200-10] -- Generating RTL for module 'run_dwconv_Pipeline_VITIS_LOOP_89_8_VITIS_LOOP_90_9250' 
INFO: [HLS 200-10] ----------------------------------------------------------------
INFO: [HLS 200-1030] Apply Unified Pipeline Control on module 'run_dwconv_Pipeline_VITIS_LOOP_89_8_VITIS_LOOP_90_9250' pipeline 'VITIS_LOOP_89_8_VITIS_LOOP_90_9' pipeline type 'loop pipeline'
INFO: [RTGEN 206-100] Generating core module 'mac_muladd_8s_8s_32s_32_4_1': 1 instance(s).
INFO: [RTGEN 206-100] Generating core module 'sparsemux_21_4_8_1_1': 44 instance(s).
INFO: [RTGEN 206-100] Generating core module 'sparsemux_7_2_8_1_1': 16 instance(s).
INFO: [RTGEN 206-100] Generating core module 'sparsemux_9_3_8_1_1': 2 instance(s).
INFO: [RTGEN 206-100] Finished creating RTL model for 'run_dwconv_Pipeline_VITIS_LOOP_89_8_VITIS_LOOP_90_9250'.
INFO: [HLS 200-111] Finished Creating RTL model: CPU user time: 1 seconds. CPU system time: 0 seconds. Elapsed time: 1.246 seconds; current allocated memory: 11.347 GB.
INFO: [HLS 200-10] ----------------------------------------------------------------
INFO: [HLS 200-10] -- Generating RTL for module 'run_dwconv_Pipeline_VITIS_LOOP_89_8_VITIS_LOOP_90_9251' 
INFO: [HLS 200-10] ----------------------------------------------------------------
INFO: [HLS 200-1030] Apply Unified Pipeline Control on module 'run_dwconv_Pipeline_VITIS_LOOP_89_8_VITIS_LOOP_90_9251' pipeline 'VITIS_LOOP_89_8_VITIS_LOOP_90_9' pipeline type 'loop pipeline'
INFO: [RTGEN 206-100] Generating core module 'mac_muladd_8s_8s_32s_32_4_1': 1 instance(s).
INFO: [RTGEN 206-100] Generating core module 'sparsemux_21_4_8_1_1': 44 instance(s).
INFO: [RTGEN 206-100] Generating core module 'sparsemux_7_2_8_1_1': 16 instance(s).
INFO: [RTGEN 206-100] Generating core module 'sparsemux_9_3_8_1_1': 2 instance(s).
INFO: [RTGEN 206-100] Finished creating RTL model for 'run_dwconv_Pipeline_VITIS_LOOP_89_8_VITIS_LOOP_90_9251'.
INFO: [HLS 200-111] Finished Creating RTL model: CPU user time: 2 seconds. CPU system time: 0 seconds. Elapsed time: 1.241 seconds; current allocated memory: 11.368 GB.
INFO: [HLS 200-10] ----------------------------------------------------------------
INFO: [HLS 200-10] -- Generating RTL for module 'run_dwconv_Pipeline_VITIS_LOOP_89_8_VITIS_LOOP_90_9252' 
INFO: [HLS 200-10] ----------------------------------------------------------------
INFO: [HLS 200-1030] Apply Unified Pipeline Control on module 'run_dwconv_Pipeline_VITIS_LOOP_89_8_VITIS_LOOP_90_9252' pipeline 'VITIS_LOOP_89_8_VITIS_LOOP_90_9' pipeline type 'loop pipeline'
INFO: [RTGEN 206-100] Generating core module 'mac_muladd_8s_8s_32s_32_4_1': 1 instance(s).
INFO: [RTGEN 206-100] Generating core module 'sparsemux_21_4_8_1_1': 44 instance(s).
INFO: [RTGEN 206-100] Generating core module 'sparsemux_7_2_8_1_1': 16 instance(s).
INFO: [RTGEN 206-100] Generating core module 'sparsemux_9_3_8_1_1': 2 instance(s).
INFO: [RTGEN 206-100] Finished creating RTL model for 'run_dwconv_Pipeline_VITIS_LOOP_89_8_VITIS_LOOP_90_9252'.
INFO: [HLS 200-111] Finished Creating RTL model: CPU user time: 1 seconds. CPU system time: 0 seconds. Elapsed time: 1.937 seconds; current allocated memory: 11.387 GB.
INFO: [HLS 200-10] ----------------------------------------------------------------
INFO: [HLS 200-10] -- Generating RTL for module 'run_dwconv_Pipeline_VITIS_LOOP_89_8_VITIS_LOOP_90_9253' 
INFO: [HLS 200-10] ----------------------------------------------------------------
INFO: [HLS 200-1030] Apply Unified Pipeline Control on module 'run_dwconv_Pipeline_VITIS_LOOP_89_8_VITIS_LOOP_90_9253' pipeline 'VITIS_LOOP_89_8_VITIS_LOOP_90_9' pipeline type 'loop pipeline'
INFO: [RTGEN 206-100] Generating core module 'mac_muladd_8s_8s_32s_32_4_1': 1 instance(s).
INFO: [RTGEN 206-100] Generating core module 'sparsemux_21_4_8_1_1': 44 instance(s).
INFO: [RTGEN 206-100] Generating core module 'sparsemux_7_2_8_1_1': 16 instance(s).
INFO: [RTGEN 206-100] Generating core module 'sparsemux_9_3_8_1_1': 2 instance(s).
INFO: [RTGEN 206-100] Finished creating RTL model for 'run_dwconv_Pipeline_VITIS_LOOP_89_8_VITIS_LOOP_90_9253'.
INFO: [HLS 200-111] Finished Creating RTL model: CPU user time: 1 seconds. CPU system time: 1 seconds. Elapsed time: 1.255 seconds; current allocated memory: 11.408 GB.
INFO: [HLS 200-10] ----------------------------------------------------------------
INFO: [HLS 200-10] -- Generating RTL for module 'run_dwconv_Pipeline_VITIS_LOOP_89_8_VITIS_LOOP_90_9254' 
INFO: [HLS 200-10] ----------------------------------------------------------------
INFO: [HLS 200-1030] Apply Unified Pipeline Control on module 'run_dwconv_Pipeline_VITIS_LOOP_89_8_VITIS_LOOP_90_9254' pipeline 'VITIS_LOOP_89_8_VITIS_LOOP_90_9' pipeline type 'loop pipeline'
INFO: [RTGEN 206-100] Generating core module 'mac_muladd_8s_8s_32s_32_4_1': 1 instance(s).
INFO: [RTGEN 206-100] Generating core module 'sparsemux_21_4_8_1_1': 44 instance(s).
INFO: [RTGEN 206-100] Generating core module 'sparsemux_7_2_8_1_1': 16 instance(s).
INFO: [RTGEN 206-100] Generating core module 'sparsemux_9_3_8_1_1': 2 instance(s).
INFO: [RTGEN 206-100] Finished creating RTL model for 'run_dwconv_Pipeline_VITIS_LOOP_89_8_VITIS_LOOP_90_9254'.
INFO: [HLS 200-111] Finished Creating RTL model: CPU user time: 1 seconds. CPU system time: 0 seconds. Elapsed time: 1.264 seconds; current allocated memory: 11.427 GB.
INFO: [HLS 200-10] ----------------------------------------------------------------
INFO: [HLS 200-10] -- Generating RTL for module 'run_dwconv' 
INFO: [HLS 200-10] ----------------------------------------------------------------
INFO: [RTGEN 206-104] Estimated max fanout for 'run_dwconv' is 7236 from HDL expression: (1'b1 == ap_CS_fsm_state15)
INFO: [RTGEN 206-100] Generating core module 'mul_31ns_32ns_63_2_1': 2 instance(s).
INFO: [RTGEN 206-100] Generating core module 'mul_31ns_32s_32_2_1': 1 instance(s).
INFO: [RTGEN 206-100] Generating core module 'sparsemux_9_3_32_1_1': 3 instance(s).
INFO: [RTGEN 206-100] Finished creating RTL model for 'run_dwconv'.
INFO: [HLS 200-111] Finished Creating RTL model: CPU user time: 6 seconds. CPU system time: 0 seconds. Elapsed time: 5.412 seconds; current allocated memory: 11.673 GB.
INFO: [HLS 200-10] ----------------------------------------------------------------
INFO: [HLS 200-10] -- Generating RTL for module 'mac_array_top' 
INFO: [HLS 200-10] ----------------------------------------------------------------
INFO: [RTGEN 206-500] Setting interface mode on port 'mac_array_top/desc' to 'ap_none'.
INFO: [RTGEN 206-500] Setting interface mode on port 'mac_array_top/n_layers' to 'ap_none'.
INFO: [RTGEN 206-500] Setting interface mode on port 'mac_array_top/in_base' to 'ap_none'.
INFO: [RTGEN 206-500] Setting interface mode on port 'mac_array_top/w_base' to 'ap_none'.
INFO: [RTGEN 206-500] Setting interface mode on port 'mac_array_top/b_base' to 'ap_none'.
INFO: [RTGEN 206-500] Setting interface mode on port 'mac_array_top/out_base' to 'ap_vld'.
INFO: [RTGEN 206-500] Setting interface mode on port 'mac_array_top/out_written' to 'ap_vld'.
INFO: [RTGEN 206-500] Setting interface mode on function 'mac_array_top' to 'ap_ctrl_hs'.
INFO: [RTGEN 206-100] Finished creating RTL model for 'mac_array_top'.
INFO: [HLS 200-111] Finished Creating RTL model: CPU user time: 4 seconds. CPU system time: 0 seconds. Elapsed time: 5.161 seconds; current allocated memory: 11.853 GB.
INFO: [HLS 200-111] Finished Generating all RTL models: CPU user time: 4 seconds. CPU system time: 2 seconds. Elapsed time: 5.854 seconds; current allocated memory: 11.971 GB.
INFO: [HLS 200-111] Finished Updating report files: CPU user time: 118 seconds. CPU system time: 8 seconds. Elapsed time: 129.265 seconds; current allocated memory: 12.208 GB.
INFO: [VHDL 208-304] Generating VHDL RTL for mac_array_top.
INFO: [VLOG 209-307] Generating Verilog RTL for mac_array_top.
INFO: [HLS 200-790] **** Loop Constraint Status: All loop constraints were satisfied.
INFO: [HLS 200-789] **** Estimated Fmax: 121.80 MHz
INFO: [HLS 200-2161] Finished Command csynth_design Elapsed time: 00:12:35; Allocated memory: 4.090 GB.
INFO: [HLS 200-1510] Running: open_project -reset mac_array_poc_u512 
