

================================================================
== Vitis HLS Report for 'run_dwconv'
================================================================
* Date:           Sun Aug 16 10:08:19 2026

* Version:        2024.2 (Build 5238294 on Nov  8 2024)
* Project:        mac_array_poc_r5
* Solution:       solution1 (Vivado IP Flow Target)
* Product family: zynq
* Target device:  xc7z020-clg400-1


================================================================
== Performance Estimates
================================================================
+ Timing: 
    * Summary: 
    +--------+----------+----------+------------+
    |  Clock |  Target  | Estimated| Uncertainty|
    +--------+----------+----------+------------+
    |ap_clk  |  10.00 ns|  7.299 ns|     2.70 ns|
    +--------+----------+----------+------------+

+ Latency: 
    * Summary: 
    +---------+---------+----------+----------+-----+-----+---------+
    |  Latency (cycles) |  Latency (absolute) |  Interval | Pipeline|
    |   min   |   max   |    min   |    max   | min | max |   Type  |
    +---------+---------+----------+----------+-----+-----+---------+
    |        ?|        ?|         ?|         ?|    ?|    ?|       no|
    +---------+---------+----------+----------+-----+-----+---------+

    + Detail: 
        * Instance: 
        +------------------------------------------------------------------+-----------------------------------------------------+---------+---------+----------+----------+-----+-----+------------------------------------------------+
        |                                                                  |                                                     |  Latency (cycles) |  Latency (absolute) |  Interval |                    Pipeline                    |
        |                             Instance                             |                        Module                       |   min   |   max   |    min   |    max   | min | max |                      Type                      |
        +------------------------------------------------------------------+-----------------------------------------------------+---------+---------+----------+----------+-----+-----+------------------------------------------------+
        |grp_run_dwconv_Pipeline_TAP_KH_TAP_KW_fu_12137                    |run_dwconv_Pipeline_TAP_KH_TAP_KW                    |       14|       14|  0.140 us|  0.140 us|   10|   10|  loop auto-rewind stp (delay=0 clock cycles(s))|
        |grp_run_dwconv_Pipeline_VITIS_LOOP_79_4_VITIS_LOOP_80_5_fu_15045  |run_dwconv_Pipeline_VITIS_LOOP_79_4_VITIS_LOOP_80_5  |        ?|        ?|         ?|         ?|    0|    0|  loop auto-rewind stp (delay=0 clock cycles(s))|
        |grp_run_dwconv_Pipeline_VITIS_LOOP_82_6_VITIS_LOOP_84_7_fu_15125  |run_dwconv_Pipeline_VITIS_LOOP_82_6_VITIS_LOOP_84_7  |        ?|        ?|         ?|         ?|    0|    0|  loop auto-rewind stp (delay=0 clock cycles(s))|
        |grp_run_dwconv_Pipeline_WRITEOUT_fu_17449                         |run_dwconv_Pipeline_WRITEOUT                         |      516|      516|  5.160 us|  5.160 us|  513|  513|  loop auto-rewind stp (delay=0 clock cycles(s))|
        +------------------------------------------------------------------+-----------------------------------------------------+---------+---------+----------+----------+-----+-----+------------------------------------------------+

        * Loop: 
        +----------------------+---------+---------+----------+-----------+-----------+------+----------+
        |                      |  Latency (cycles) | Iteration|  Initiation Interval  | Trip |          |
        |       Loop Name      |   min   |   max   |  Latency |  achieved |   target  | Count| Pipelined|
        +----------------------+---------+---------+----------+-----------+-----------+------+----------+
        |- VITIS_LOOP_51_1     |        ?|        ?|         ?|          -|          -|     ?|        no|
        | + VITIS_LOOP_53_2    |        ?|        ?|         ?|          -|          -|     ?|        no|
        |  ++ VITIS_LOOP_55_3  |        ?|        ?|         ?|          -|          -|     ?|        no|
        |   +++ STAGE          |        ?|        ?|         ?|          -|          -|     ?|        no|
        +----------------------+---------+---------+----------+-----------+-----------+------+----------+



================================================================
== Utilization Estimates
================================================================
* Summary: 
+-----------------+---------+-----+--------+--------+-----+
|       Name      | BRAM_18K| DSP |   FF   |   LUT  | URAM|
+-----------------+---------+-----+--------+--------+-----+
|DSP              |        -|    -|       -|       -|    -|
|Expression       |        -|    -|       0|     950|    -|
|FIFO             |        -|    -|       -|       -|    -|
|Instance         |        -|  523|   34189|  146279|    -|
|Memory           |        -|    -|       -|       -|    -|
|Multiplexer      |        -|    -|       0|     218|    -|
|Register         |        -|    -|   20832|       -|    -|
+-----------------+---------+-----+--------+--------+-----+
|Total            |        0|  523|   55021|  147447|    0|
+-----------------+---------+-----+--------+--------+-----+
|Available        |      280|  220|  106400|   53200|    0|
+-----------------+---------+-----+--------+--------+-----+
|Utilization (%)  |        0|  237|      51|     277|    0|
+-----------------+---------+-----+--------+--------+-----+

+ Detail: 
    * Instance: 
    +------------------------------------------------------------------+-----------------------------------------------------+---------+-----+-------+--------+-----+
    |                             Instance                             |                        Module                       | BRAM_18K| DSP |   FF  |   LUT  | URAM|
    +------------------------------------------------------------------+-----------------------------------------------------+---------+-----+-------+--------+-----+
    |mul_31ns_32ns_63_2_1_U9766                                        |mul_31ns_32ns_63_2_1                                 |        0|    4|    165|      50|    0|
    |mul_31ns_32ns_63_2_1_U9767                                        |mul_31ns_32ns_63_2_1                                 |        0|    4|    165|      50|    0|
    |mul_31ns_32s_32_2_1_U9768                                         |mul_31ns_32s_32_2_1                                  |        0|    3|    165|      50|    0|
    |grp_run_dwconv_Pipeline_TAP_KH_TAP_KW_fu_12137                    |run_dwconv_Pipeline_TAP_KH_TAP_KW                    |        0|  512|  32951|  141526|    0|
    |grp_run_dwconv_Pipeline_VITIS_LOOP_79_4_VITIS_LOOP_80_5_fu_15045  |run_dwconv_Pipeline_VITIS_LOOP_79_4_VITIS_LOOP_80_5  |        0|    0|    102|     316|    0|
    |grp_run_dwconv_Pipeline_VITIS_LOOP_82_6_VITIS_LOOP_84_7_fu_15125  |run_dwconv_Pipeline_VITIS_LOOP_82_6_VITIS_LOOP_84_7  |        0|    0|    179|     574|    0|
    |grp_run_dwconv_Pipeline_WRITEOUT_fu_17449                         |run_dwconv_Pipeline_WRITEOUT                         |        0|    0|    462|    3713|    0|
    +------------------------------------------------------------------+-----------------------------------------------------+---------+-----+-------+--------+-----+
    |Total                                                             |                                                     |        0|  523|  34189|  146279|    0|
    +------------------------------------------------------------------+-----------------------------------------------------+---------+-----+-------+--------+-----+

    * DSP: 
    N/A

    * Memory: 
    N/A

    * FIFO: 
    N/A

    * Expression: 
    +----------------------------------+----------+----+---+----+------------+------------+
    |           Variable Name          | Operation| DSP| FF| LUT| Bitwidth P0| Bitwidth P1|
    +----------------------------------+----------+----+---+----+------------+------------+
    |add_ln51_1_fu_18305_p2            |         +|   0|  0|  13|           5|           5|
    |add_ln51_fu_18340_p2              |         +|   0|  0|  38|          31|           1|
    |add_ln76_fu_18427_p2              |         +|   0|  0|  13|           4|           1|
    |colt_1_fu_18400_p2                |         +|   0|  0|  38|          31|           1|
    |patch_r_fu_18221_p2               |         +|   0|  0|  39|          32|          32|
    |rt_2_fu_18368_p2                  |         +|   0|  0|  38|          31|           1|
    |sub10_fu_18276_p2                 |         +|   0|  0|  39|          32|           2|
    |sub21_fu_18281_p2                 |         +|   0|  0|  39|          32|           2|
    |sub_fu_18271_p2                   |         +|   0|  0|  39|          32|           2|
    |grp_fu_18005_p2                   |         -|   0|  0|  39|          32|          32|
    |sub_i_i_fu_18323_p2               |         -|   0|  0|  39|           1|          32|
    |sub_ln48_fu_18098_p2              |         -|   0|  0|  39|          32|          32|
    |sub_ln51_1_fu_18317_p2            |         -|   0|  0|  13|           5|           5|
    |sub_ln51_fu_18300_p2              |         -|   0|  0|  13|           5|           5|
    |empty_36_fu_18241_p2              |      icmp|   0|  0|  39|          32|           1|
    |empty_fu_18229_p2                 |      icmp|   0|  0|  39|          32|           1|
    |icmp_ln51_fu_18335_p2             |      icmp|   0|  0|  39|          32|          32|
    |icmp_ln52_fu_18346_p2             |      icmp|   0|  0|  39|          32|          32|
    |icmp_ln53_fu_18363_p2             |      icmp|   0|  0|  39|          32|          32|
    |icmp_ln54_fu_18374_p2             |      icmp|   0|  0|  39|          32|          32|
    |icmp_ln55_fu_18395_p2             |      icmp|   0|  0|  39|          32|          32|
    |icmp_ln56_fu_18406_p2             |      icmp|   0|  0|  39|          32|          32|
    |icmp_ln76_fu_18422_p2             |      icmp|   0|  0|  39|          32|          32|
    |ap_block_state14_on_subcall_done  |        or|   0|  0|   2|           1|           1|
    |c_sz_fu_18351_p3                  |    select|   0|  0|  32|           1|          32|
    |col_sz_fu_18411_p3                |    select|   0|  0|  32|           1|          32|
    |r_sz_fu_18379_p3                  |    select|   0|  0|  32|           1|          32|
    |smax2_fu_18247_p3                 |    select|   0|  0|  31|           1|          31|
    |smax_fu_18234_p3                  |    select|   0|  0|  31|           1|          31|
    +----------------------------------+----------+----+---+----+------------+------------+
    |Total                             |          |   0|  0| 950|         599|         538|
    +----------------------------------+----------+----+---+----+------------+------------+

    * Multiplexer: 
    +--------------------+----+-----------+-----+-----------+
    |        Name        | LUT| Input Size| Bits| Total Bits|
    +--------------------+----+-----------+-----+-----------+
    |ap_NS_fsm           |  87|         18|    1|         18|
    |btile_10_reg_12047  |   9|          2|   32|         64|
    |btile_11_reg_12017  |   9|          2|   32|         64|
    |btile_12_reg_11987  |   9|          2|   32|         64|
    |btile_13_reg_11957  |   9|          2|   32|         64|
    |btile_14_reg_11927  |   9|          2|   32|         64|
    |btile_15_reg_11897  |   9|          2|   32|         64|
    |btile_8_reg_12107   |   9|          2|   32|         64|
    |btile_9_reg_12077   |   9|          2|   32|         64|
    |cc_reg_11886        |   9|          2|    4|          8|
    |colt_reg_11779      |   9|          2|   31|         62|
    |ct_fu_156           |   9|          2|   31|         62|
    |grp_fu_17997_p0     |  14|          3|   31|         93|
    |out_base            |   9|          2|    8|         16|
    |rt_reg_11768        |   9|          2|   31|         62|
    +--------------------+----+-----------+-----+-----------+
    |Total               | 218|         47|  393|        833|
    +--------------------+----+-----------+-----+-----------+

    * Register: 
    +-------------------------------------------------------------------------------+-----+----+-----+-----------+
    |                                      Name                                     |  FF | LUT| Bits| Const Bits|
    +-------------------------------------------------------------------------------+-----+----+-----+-----------+
    |Hin_reg_33100                                                                  |   32|   0|   32|          0|
    |K_cast_reg_33119                                                               |   31|   0|   31|          0|
    |K_reg_33110                                                                    |   32|   0|   32|          0|
    |P_reg_33131                                                                    |   32|   0|   32|          0|
    |Win_reg_33105                                                                  |   32|   0|   32|          0|
    |add_ln51_1_reg_33294                                                           |    5|   0|    5|          0|
    |add_ln51_reg_33322                                                             |   31|   0|   31|          0|
    |add_ln76_reg_47686                                                             |    4|   0|    4|          0|
    |ap_CS_fsm                                                                      |   17|   0|   17|          0|
    |btile_10_reg_12047                                                             |   32|   0|   32|          0|
    |btile_11_reg_12017                                                             |   32|   0|   32|          0|
    |btile_12_reg_11987                                                             |   32|   0|   32|          0|
    |btile_13_reg_11957                                                             |   32|   0|   32|          0|
    |btile_14_reg_11927                                                             |   32|   0|   32|          0|
    |btile_15_reg_11897                                                             |   32|   0|   32|          0|
    |btile_1_reg_11802                                                              |   32|   0|   32|          0|
    |btile_2_reg_11814                                                              |   32|   0|   32|          0|
    |btile_3_reg_11826                                                              |   32|   0|   32|          0|
    |btile_4_reg_11838                                                              |   32|   0|   32|          0|
    |btile_5_reg_11850                                                              |   32|   0|   32|          0|
    |btile_6_reg_11862                                                              |   32|   0|   32|          0|
    |btile_7_reg_11874                                                              |   32|   0|   32|          0|
    |btile_8_reg_12107                                                              |   32|   0|   32|          0|
    |btile_9_reg_12077                                                              |   32|   0|   32|          0|
    |btile_reg_11790                                                                |   32|   0|   32|          0|
    |c_sz_reg_33327                                                                 |   32|   0|   32|          0|
    |cc_reg_11886                                                                   |    4|   0|    4|          0|
    |col_sz_reg_47673                                                               |   32|   0|   32|          0|
    |colt_1_reg_33364                                                               |   31|   0|   31|          0|
    |colt_reg_11779                                                                 |   31|   0|   31|          0|
    |ct_fu_156                                                                      |   31|   0|   31|          0|
    |grp_run_dwconv_Pipeline_TAP_KH_TAP_KW_fu_12137_ap_start_reg                    |    1|   0|    1|          0|
    |grp_run_dwconv_Pipeline_VITIS_LOOP_79_4_VITIS_LOOP_80_5_fu_15045_ap_start_reg  |    1|   0|    1|          0|
    |grp_run_dwconv_Pipeline_VITIS_LOOP_82_6_VITIS_LOOP_84_7_fu_15125_ap_start_reg  |    1|   0|    1|          0|
    |grp_run_dwconv_Pipeline_WRITEOUT_fu_17449_ap_start_reg                         |    1|   0|    1|          0|
    |mul165_2_reg_33284                                                             |    4|   0|    5|          1|
    |mul_ln43_1_reg_33314                                                           |   63|   0|   63|          0|
    |mul_ln43_reg_33309                                                             |   63|   0|   63|          0|
    |out_base_reg                                                                   |    8|   0|    8|          0|
    |p_partselect5_reg_33146                                                        |   32|   0|   32|          0|
    |p_partselect6_reg_33152                                                        |   32|   0|   32|          0|
    |p_partselect7_reg_33157                                                        |   32|   0|   32|          0|
    |p_partselect8_reg_33163                                                        |   32|   0|   32|          0|
    |p_partselect9_reg_33168                                                        |   32|   0|   32|          0|
    |p_partselect_reg_33174                                                         |   32|   0|   32|          0|
    |p_shl1_reg_33136                                                               |   29|   0|   32|          3|
    |patch_1000_fu_9496                                                             |    8|   0|    8|          0|
    |patch_1001_fu_9492                                                             |    8|   0|    8|          0|
    |patch_1002_fu_9488                                                             |    8|   0|    8|          0|
    |patch_1003_fu_9484                                                             |    8|   0|    8|          0|
    |patch_1004_fu_9480                                                             |    8|   0|    8|          0|
    |patch_1005_fu_9476                                                             |    8|   0|    8|          0|
    |patch_1006_fu_9472                                                             |    8|   0|    8|          0|
    |patch_1007_fu_9468                                                             |    8|   0|    8|          0|
    |patch_1008_fu_9464                                                             |    8|   0|    8|          0|
    |patch_1009_fu_9460                                                             |    8|   0|    8|          0|
    |patch_1010_fu_9456                                                             |    8|   0|    8|          0|
    |patch_1011_fu_9452                                                             |    8|   0|    8|          0|
    |patch_1012_fu_9448                                                             |    8|   0|    8|          0|
    |patch_1013_fu_9444                                                             |    8|   0|    8|          0|
    |patch_1014_fu_9440                                                             |    8|   0|    8|          0|
    |patch_1015_fu_9436                                                             |    8|   0|    8|          0|
    |patch_1016_fu_9432                                                             |    8|   0|    8|          0|
    |patch_1017_fu_9428                                                             |    8|   0|    8|          0|
    |patch_1018_fu_9424                                                             |    8|   0|    8|          0|
    |patch_1019_fu_9420                                                             |    8|   0|    8|          0|
    |patch_1020_fu_9416                                                             |    8|   0|    8|          0|
    |patch_1021_fu_9412                                                             |    8|   0|    8|          0|
    |patch_1022_fu_9408                                                             |    8|   0|    8|          0|
    |patch_1023_fu_9404                                                             |    8|   0|    8|          0|
    |patch_1024_fu_9400                                                             |    8|   0|    8|          0|
    |patch_1025_fu_9396                                                             |    8|   0|    8|          0|
    |patch_1026_fu_9392                                                             |    8|   0|    8|          0|
    |patch_1027_fu_9388                                                             |    8|   0|    8|          0|
    |patch_1028_fu_9384                                                             |    8|   0|    8|          0|
    |patch_1029_fu_9380                                                             |    8|   0|    8|          0|
    |patch_1030_fu_9376                                                             |    8|   0|    8|          0|
    |patch_1031_fu_9372                                                             |    8|   0|    8|          0|
    |patch_1032_fu_9368                                                             |    8|   0|    8|          0|
    |patch_1033_fu_9364                                                             |    8|   0|    8|          0|
    |patch_1034_fu_9360                                                             |    8|   0|    8|          0|
    |patch_1035_fu_9356                                                             |    8|   0|    8|          0|
    |patch_1036_fu_9352                                                             |    8|   0|    8|          0|
    |patch_1037_fu_9348                                                             |    8|   0|    8|          0|
    |patch_1038_fu_9344                                                             |    8|   0|    8|          0|
    |patch_1039_fu_9340                                                             |    8|   0|    8|          0|
    |patch_1040_fu_9336                                                             |    8|   0|    8|          0|
    |patch_1041_fu_9332                                                             |    8|   0|    8|          0|
    |patch_1042_fu_9328                                                             |    8|   0|    8|          0|
    |patch_1043_fu_9324                                                             |    8|   0|    8|          0|
    |patch_1044_fu_9320                                                             |    8|   0|    8|          0|
    |patch_1045_fu_9316                                                             |    8|   0|    8|          0|
    |patch_1046_fu_9312                                                             |    8|   0|    8|          0|
    |patch_1047_fu_9308                                                             |    8|   0|    8|          0|
    |patch_1048_fu_9304                                                             |    8|   0|    8|          0|
    |patch_1049_fu_9300                                                             |    8|   0|    8|          0|
    |patch_1050_fu_9296                                                             |    8|   0|    8|          0|
    |patch_1051_fu_9292                                                             |    8|   0|    8|          0|
    |patch_1052_fu_9288                                                             |    8|   0|    8|          0|
    |patch_1053_fu_9284                                                             |    8|   0|    8|          0|
    |patch_1054_fu_9280                                                             |    8|   0|    8|          0|
    |patch_1055_fu_9276                                                             |    8|   0|    8|          0|
    |patch_1056_fu_9272                                                             |    8|   0|    8|          0|
    |patch_1057_fu_9268                                                             |    8|   0|    8|          0|
    |patch_1058_fu_9264                                                             |    8|   0|    8|          0|
    |patch_1059_fu_9260                                                             |    8|   0|    8|          0|
    |patch_1060_fu_9256                                                             |    8|   0|    8|          0|
    |patch_1061_fu_9252                                                             |    8|   0|    8|          0|
    |patch_1062_fu_9248                                                             |    8|   0|    8|          0|
    |patch_1063_fu_9244                                                             |    8|   0|    8|          0|
    |patch_1064_fu_9240                                                             |    8|   0|    8|          0|
    |patch_1065_fu_9236                                                             |    8|   0|    8|          0|
    |patch_1066_fu_9232                                                             |    8|   0|    8|          0|
    |patch_1067_fu_9228                                                             |    8|   0|    8|          0|
    |patch_1068_fu_9224                                                             |    8|   0|    8|          0|
    |patch_1069_fu_9220                                                             |    8|   0|    8|          0|
    |patch_1070_fu_9216                                                             |    8|   0|    8|          0|
    |patch_1071_fu_9212                                                             |    8|   0|    8|          0|
    |patch_1072_fu_9208                                                             |    8|   0|    8|          0|
    |patch_1073_fu_9204                                                             |    8|   0|    8|          0|
    |patch_1074_fu_9200                                                             |    8|   0|    8|          0|
    |patch_1075_fu_9196                                                             |    8|   0|    8|          0|
    |patch_1076_fu_9192                                                             |    8|   0|    8|          0|
    |patch_1077_fu_9188                                                             |    8|   0|    8|          0|
    |patch_1078_fu_9184                                                             |    8|   0|    8|          0|
    |patch_1079_fu_9180                                                             |    8|   0|    8|          0|
    |patch_1080_fu_9176                                                             |    8|   0|    8|          0|
    |patch_1081_fu_9172                                                             |    8|   0|    8|          0|
    |patch_1082_fu_9168                                                             |    8|   0|    8|          0|
    |patch_1083_fu_9164                                                             |    8|   0|    8|          0|
    |patch_1084_fu_9160                                                             |    8|   0|    8|          0|
    |patch_1085_fu_9156                                                             |    8|   0|    8|          0|
    |patch_1086_fu_9152                                                             |    8|   0|    8|          0|
    |patch_1087_fu_9148                                                             |    8|   0|    8|          0|
    |patch_1088_fu_9144                                                             |    8|   0|    8|          0|
    |patch_1089_fu_9140                                                             |    8|   0|    8|          0|
    |patch_1090_fu_9136                                                             |    8|   0|    8|          0|
    |patch_1091_fu_9132                                                             |    8|   0|    8|          0|
    |patch_1092_fu_9128                                                             |    8|   0|    8|          0|
    |patch_1093_fu_9124                                                             |    8|   0|    8|          0|
    |patch_1094_fu_9120                                                             |    8|   0|    8|          0|
    |patch_1095_fu_9116                                                             |    8|   0|    8|          0|
    |patch_1096_fu_9112                                                             |    8|   0|    8|          0|
    |patch_1097_fu_9108                                                             |    8|   0|    8|          0|
    |patch_1098_fu_9104                                                             |    8|   0|    8|          0|
    |patch_1099_fu_9100                                                             |    8|   0|    8|          0|
    |patch_1100_fu_9096                                                             |    8|   0|    8|          0|
    |patch_1101_fu_9092                                                             |    8|   0|    8|          0|
    |patch_1102_fu_9088                                                             |    8|   0|    8|          0|
    |patch_1103_fu_9084                                                             |    8|   0|    8|          0|
    |patch_1104_fu_9080                                                             |    8|   0|    8|          0|
    |patch_1105_fu_9076                                                             |    8|   0|    8|          0|
    |patch_1106_fu_9072                                                             |    8|   0|    8|          0|
    |patch_1107_fu_9068                                                             |    8|   0|    8|          0|
    |patch_1108_fu_9064                                                             |    8|   0|    8|          0|
    |patch_1109_fu_9060                                                             |    8|   0|    8|          0|
    |patch_1110_fu_9056                                                             |    8|   0|    8|          0|
    |patch_1111_fu_9052                                                             |    8|   0|    8|          0|
    |patch_1112_fu_9048                                                             |    8|   0|    8|          0|
    |patch_1113_fu_9044                                                             |    8|   0|    8|          0|
    |patch_1114_fu_9040                                                             |    8|   0|    8|          0|
    |patch_1115_fu_9036                                                             |    8|   0|    8|          0|
    |patch_1116_fu_9032                                                             |    8|   0|    8|          0|
    |patch_1117_fu_9028                                                             |    8|   0|    8|          0|
    |patch_1118_fu_9024                                                             |    8|   0|    8|          0|
    |patch_1119_fu_9020                                                             |    8|   0|    8|          0|
    |patch_1120_fu_9016                                                             |    8|   0|    8|          0|
    |patch_1121_fu_9012                                                             |    8|   0|    8|          0|
    |patch_1122_fu_9008                                                             |    8|   0|    8|          0|
    |patch_1123_fu_9004                                                             |    8|   0|    8|          0|
    |patch_1124_fu_9000                                                             |    8|   0|    8|          0|
    |patch_1125_fu_8996                                                             |    8|   0|    8|          0|
    |patch_1126_fu_8992                                                             |    8|   0|    8|          0|
    |patch_1127_fu_8988                                                             |    8|   0|    8|          0|
    |patch_1128_fu_8984                                                             |    8|   0|    8|          0|
    |patch_1129_fu_8980                                                             |    8|   0|    8|          0|
    |patch_1130_fu_8976                                                             |    8|   0|    8|          0|
    |patch_1131_fu_8972                                                             |    8|   0|    8|          0|
    |patch_1132_fu_8968                                                             |    8|   0|    8|          0|
    |patch_1133_fu_8964                                                             |    8|   0|    8|          0|
    |patch_1134_fu_8960                                                             |    8|   0|    8|          0|
    |patch_1135_fu_8956                                                             |    8|   0|    8|          0|
    |patch_1136_fu_8952                                                             |    8|   0|    8|          0|
    |patch_1137_fu_8948                                                             |    8|   0|    8|          0|
    |patch_1138_fu_8944                                                             |    8|   0|    8|          0|
    |patch_1139_fu_8940                                                             |    8|   0|    8|          0|
    |patch_1140_fu_8936                                                             |    8|   0|    8|          0|
    |patch_1141_fu_8932                                                             |    8|   0|    8|          0|
    |patch_1142_fu_8928                                                             |    8|   0|    8|          0|
    |patch_1143_fu_8924                                                             |    8|   0|    8|          0|
    |patch_1144_fu_8920                                                             |    8|   0|    8|          0|
    |patch_1145_fu_8916                                                             |    8|   0|    8|          0|
    |patch_1146_fu_8912                                                             |    8|   0|    8|          0|
    |patch_1147_fu_8908                                                             |    8|   0|    8|          0|
    |patch_1148_fu_8904                                                             |    8|   0|    8|          0|
    |patch_1149_fu_8900                                                             |    8|   0|    8|          0|
    |patch_1150_fu_8896                                                             |    8|   0|    8|          0|
    |patch_1151_fu_8892                                                             |    8|   0|    8|          0|
    |patch_1152_fu_8888                                                             |    8|   0|    8|          0|
    |patch_1153_fu_8884                                                             |    8|   0|    8|          0|
    |patch_1154_fu_8880                                                             |    8|   0|    8|          0|
    |patch_1155_fu_8876                                                             |    8|   0|    8|          0|
    |patch_1156_fu_8872                                                             |    8|   0|    8|          0|
    |patch_1157_fu_8868                                                             |    8|   0|    8|          0|
    |patch_1158_fu_8864                                                             |    8|   0|    8|          0|
    |patch_1159_fu_8860                                                             |    8|   0|    8|          0|
    |patch_1160_fu_8856                                                             |    8|   0|    8|          0|
    |patch_1161_fu_8852                                                             |    8|   0|    8|          0|
    |patch_1162_fu_8848                                                             |    8|   0|    8|          0|
    |patch_1163_fu_8844                                                             |    8|   0|    8|          0|
    |patch_1164_fu_8840                                                             |    8|   0|    8|          0|
    |patch_1165_fu_8836                                                             |    8|   0|    8|          0|
    |patch_1166_fu_8832                                                             |    8|   0|    8|          0|
    |patch_1167_fu_8828                                                             |    8|   0|    8|          0|
    |patch_1168_fu_8824                                                             |    8|   0|    8|          0|
    |patch_1169_fu_8820                                                             |    8|   0|    8|          0|
    |patch_1170_fu_8816                                                             |    8|   0|    8|          0|
    |patch_1171_fu_8812                                                             |    8|   0|    8|          0|
    |patch_1172_fu_8808                                                             |    8|   0|    8|          0|
    |patch_1173_fu_8804                                                             |    8|   0|    8|          0|
    |patch_1174_fu_8800                                                             |    8|   0|    8|          0|
    |patch_1175_fu_8796                                                             |    8|   0|    8|          0|
    |patch_1176_fu_8792                                                             |    8|   0|    8|          0|
    |patch_1177_fu_8788                                                             |    8|   0|    8|          0|
    |patch_1178_fu_8784                                                             |    8|   0|    8|          0|
    |patch_1179_fu_8780                                                             |    8|   0|    8|          0|
    |patch_1180_fu_8776                                                             |    8|   0|    8|          0|
    |patch_1181_fu_8772                                                             |    8|   0|    8|          0|
    |patch_1182_fu_8768                                                             |    8|   0|    8|          0|
    |patch_1183_fu_8764                                                             |    8|   0|    8|          0|
    |patch_1184_fu_8760                                                             |    8|   0|    8|          0|
    |patch_1185_fu_8756                                                             |    8|   0|    8|          0|
    |patch_1186_fu_8752                                                             |    8|   0|    8|          0|
    |patch_1187_fu_8748                                                             |    8|   0|    8|          0|
    |patch_1188_fu_8744                                                             |    8|   0|    8|          0|
    |patch_1189_fu_8740                                                             |    8|   0|    8|          0|
    |patch_1190_fu_8736                                                             |    8|   0|    8|          0|
    |patch_1191_fu_8732                                                             |    8|   0|    8|          0|
    |patch_1192_fu_8728                                                             |    8|   0|    8|          0|
    |patch_1193_fu_8724                                                             |    8|   0|    8|          0|
    |patch_1194_fu_8720                                                             |    8|   0|    8|          0|
    |patch_1195_fu_8716                                                             |    8|   0|    8|          0|
    |patch_1196_fu_8712                                                             |    8|   0|    8|          0|
    |patch_1197_fu_8708                                                             |    8|   0|    8|          0|
    |patch_1198_fu_8704                                                             |    8|   0|    8|          0|
    |patch_1199_fu_8700                                                             |    8|   0|    8|          0|
    |patch_1200_fu_8696                                                             |    8|   0|    8|          0|
    |patch_1201_fu_8692                                                             |    8|   0|    8|          0|
    |patch_1202_fu_8688                                                             |    8|   0|    8|          0|
    |patch_1203_fu_8684                                                             |    8|   0|    8|          0|
    |patch_1204_fu_8680                                                             |    8|   0|    8|          0|
    |patch_1205_fu_8676                                                             |    8|   0|    8|          0|
    |patch_1206_fu_8672                                                             |    8|   0|    8|          0|
    |patch_1207_fu_8668                                                             |    8|   0|    8|          0|
    |patch_1208_fu_8664                                                             |    8|   0|    8|          0|
    |patch_1209_fu_8660                                                             |    8|   0|    8|          0|
    |patch_1210_fu_8656                                                             |    8|   0|    8|          0|
    |patch_1211_fu_8652                                                             |    8|   0|    8|          0|
    |patch_1212_fu_8648                                                             |    8|   0|    8|          0|
    |patch_1213_fu_8644                                                             |    8|   0|    8|          0|
    |patch_1214_fu_8640                                                             |    8|   0|    8|          0|
    |patch_1215_fu_8636                                                             |    8|   0|    8|          0|
    |patch_1216_fu_8632                                                             |    8|   0|    8|          0|
    |patch_1217_fu_8628                                                             |    8|   0|    8|          0|
    |patch_1218_fu_8624                                                             |    8|   0|    8|          0|
    |patch_1219_fu_8620                                                             |    8|   0|    8|          0|
    |patch_1220_fu_8616                                                             |    8|   0|    8|          0|
    |patch_1221_fu_8612                                                             |    8|   0|    8|          0|
    |patch_1222_fu_8608                                                             |    8|   0|    8|          0|
    |patch_1223_fu_8604                                                             |    8|   0|    8|          0|
    |patch_1224_fu_8600                                                             |    8|   0|    8|          0|
    |patch_1225_fu_8596                                                             |    8|   0|    8|          0|
    |patch_1226_fu_8592                                                             |    8|   0|    8|          0|
    |patch_1227_fu_8588                                                             |    8|   0|    8|          0|
    |patch_1228_fu_8584                                                             |    8|   0|    8|          0|
    |patch_1229_fu_8580                                                             |    8|   0|    8|          0|
    |patch_1230_fu_8576                                                             |    8|   0|    8|          0|
    |patch_1231_fu_8572                                                             |    8|   0|    8|          0|
    |patch_1232_fu_8568                                                             |    8|   0|    8|          0|
    |patch_1233_fu_8564                                                             |    8|   0|    8|          0|
    |patch_1234_fu_8560                                                             |    8|   0|    8|          0|
    |patch_1235_fu_8556                                                             |    8|   0|    8|          0|
    |patch_1236_fu_8552                                                             |    8|   0|    8|          0|
    |patch_1237_fu_8548                                                             |    8|   0|    8|          0|
    |patch_1238_fu_8544                                                             |    8|   0|    8|          0|
    |patch_1239_fu_8540                                                             |    8|   0|    8|          0|
    |patch_1240_fu_8536                                                             |    8|   0|    8|          0|
    |patch_1241_fu_8532                                                             |    8|   0|    8|          0|
    |patch_1242_fu_8528                                                             |    8|   0|    8|          0|
    |patch_1243_fu_8524                                                             |    8|   0|    8|          0|
    |patch_1244_fu_8520                                                             |    8|   0|    8|          0|
    |patch_1245_fu_8516                                                             |    8|   0|    8|          0|
    |patch_1246_fu_8512                                                             |    8|   0|    8|          0|
    |patch_1247_fu_8508                                                             |    8|   0|    8|          0|
    |patch_1248_fu_8504                                                             |    8|   0|    8|          0|
    |patch_1249_fu_8500                                                             |    8|   0|    8|          0|
    |patch_1250_fu_8496                                                             |    8|   0|    8|          0|
    |patch_1251_fu_8492                                                             |    8|   0|    8|          0|
    |patch_1252_fu_8488                                                             |    8|   0|    8|          0|
    |patch_1253_fu_8484                                                             |    8|   0|    8|          0|
    |patch_1254_fu_8480                                                             |    8|   0|    8|          0|
    |patch_1255_fu_8476                                                             |    8|   0|    8|          0|
    |patch_1256_fu_8472                                                             |    8|   0|    8|          0|
    |patch_1257_fu_8468                                                             |    8|   0|    8|          0|
    |patch_1258_fu_8464                                                             |    8|   0|    8|          0|
    |patch_1259_fu_8460                                                             |    8|   0|    8|          0|
    |patch_1260_fu_8456                                                             |    8|   0|    8|          0|
    |patch_1261_fu_8452                                                             |    8|   0|    8|          0|
    |patch_1262_fu_8448                                                             |    8|   0|    8|          0|
    |patch_1263_fu_8444                                                             |    8|   0|    8|          0|
    |patch_1264_fu_8440                                                             |    8|   0|    8|          0|
    |patch_1265_fu_8436                                                             |    8|   0|    8|          0|
    |patch_1266_fu_8432                                                             |    8|   0|    8|          0|
    |patch_1267_fu_8428                                                             |    8|   0|    8|          0|
    |patch_1268_fu_8424                                                             |    8|   0|    8|          0|
    |patch_1269_fu_8420                                                             |    8|   0|    8|          0|
    |patch_1270_fu_8416                                                             |    8|   0|    8|          0|
    |patch_1271_fu_8412                                                             |    8|   0|    8|          0|
    |patch_1272_fu_8408                                                             |    8|   0|    8|          0|
    |patch_1273_fu_8404                                                             |    8|   0|    8|          0|
    |patch_1274_fu_8400                                                             |    8|   0|    8|          0|
    |patch_1275_fu_8396                                                             |    8|   0|    8|          0|
    |patch_1276_fu_8392                                                             |    8|   0|    8|          0|
    |patch_1277_fu_8388                                                             |    8|   0|    8|          0|
    |patch_1278_fu_8384                                                             |    8|   0|    8|          0|
    |patch_1279_fu_8380                                                             |    8|   0|    8|          0|
    |patch_1280_fu_8376                                                             |    8|   0|    8|          0|
    |patch_1281_fu_8372                                                             |    8|   0|    8|          0|
    |patch_1282_fu_8368                                                             |    8|   0|    8|          0|
    |patch_1283_fu_8364                                                             |    8|   0|    8|          0|
    |patch_1284_fu_8360                                                             |    8|   0|    8|          0|
    |patch_1285_fu_8356                                                             |    8|   0|    8|          0|
    |patch_1286_fu_8352                                                             |    8|   0|    8|          0|
    |patch_1287_fu_8348                                                             |    8|   0|    8|          0|
    |patch_1288_fu_8344                                                             |    8|   0|    8|          0|
    |patch_1289_fu_8340                                                             |    8|   0|    8|          0|
    |patch_1290_fu_8336                                                             |    8|   0|    8|          0|
    |patch_1291_fu_8332                                                             |    8|   0|    8|          0|
    |patch_1292_fu_8328                                                             |    8|   0|    8|          0|
    |patch_1293_fu_8324                                                             |    8|   0|    8|          0|
    |patch_1294_fu_8320                                                             |    8|   0|    8|          0|
    |patch_1295_fu_8316                                                             |    8|   0|    8|          0|
    |patch_1296_fu_8312                                                             |    8|   0|    8|          0|
    |patch_1297_fu_8308                                                             |    8|   0|    8|          0|
    |patch_1298_fu_8304                                                             |    8|   0|    8|          0|
    |patch_1299_fu_8300                                                             |    8|   0|    8|          0|
    |patch_1300_fu_8296                                                             |    8|   0|    8|          0|
    |patch_1301_fu_8292                                                             |    8|   0|    8|          0|
    |patch_1302_fu_8288                                                             |    8|   0|    8|          0|
    |patch_1303_fu_8284                                                             |    8|   0|    8|          0|
    |patch_1304_fu_8280                                                             |    8|   0|    8|          0|
    |patch_1305_fu_8276                                                             |    8|   0|    8|          0|
    |patch_1306_fu_8272                                                             |    8|   0|    8|          0|
    |patch_1307_fu_8268                                                             |    8|   0|    8|          0|
    |patch_1308_fu_8264                                                             |    8|   0|    8|          0|
    |patch_1309_fu_8260                                                             |    8|   0|    8|          0|
    |patch_1310_fu_8256                                                             |    8|   0|    8|          0|
    |patch_1311_fu_8252                                                             |    8|   0|    8|          0|
    |patch_1312_fu_8248                                                             |    8|   0|    8|          0|
    |patch_1313_fu_8244                                                             |    8|   0|    8|          0|
    |patch_1314_fu_8240                                                             |    8|   0|    8|          0|
    |patch_1315_fu_8236                                                             |    8|   0|    8|          0|
    |patch_1316_fu_8232                                                             |    8|   0|    8|          0|
    |patch_1317_fu_8228                                                             |    8|   0|    8|          0|
    |patch_1318_fu_8224                                                             |    8|   0|    8|          0|
    |patch_1319_fu_8220                                                             |    8|   0|    8|          0|
    |patch_1320_fu_8216                                                             |    8|   0|    8|          0|
    |patch_1321_fu_8212                                                             |    8|   0|    8|          0|
    |patch_1322_fu_8208                                                             |    8|   0|    8|          0|
    |patch_1323_fu_8204                                                             |    8|   0|    8|          0|
    |patch_1324_fu_8200                                                             |    8|   0|    8|          0|
    |patch_1325_fu_8196                                                             |    8|   0|    8|          0|
    |patch_1326_fu_8192                                                             |    8|   0|    8|          0|
    |patch_1327_fu_8188                                                             |    8|   0|    8|          0|
    |patch_1328_fu_8184                                                             |    8|   0|    8|          0|
    |patch_1329_fu_8180                                                             |    8|   0|    8|          0|
    |patch_1330_fu_8176                                                             |    8|   0|    8|          0|
    |patch_1331_fu_8172                                                             |    8|   0|    8|          0|
    |patch_1332_fu_8168                                                             |    8|   0|    8|          0|
    |patch_1333_fu_8164                                                             |    8|   0|    8|          0|
    |patch_1334_fu_8160                                                             |    8|   0|    8|          0|
    |patch_1335_fu_8156                                                             |    8|   0|    8|          0|
    |patch_1336_fu_8152                                                             |    8|   0|    8|          0|
    |patch_1337_fu_8148                                                             |    8|   0|    8|          0|
    |patch_1338_fu_8144                                                             |    8|   0|    8|          0|
    |patch_1339_fu_8140                                                             |    8|   0|    8|          0|
    |patch_1340_fu_8136                                                             |    8|   0|    8|          0|
    |patch_1341_fu_8132                                                             |    8|   0|    8|          0|
    |patch_1342_fu_8128                                                             |    8|   0|    8|          0|
    |patch_1343_fu_8124                                                             |    8|   0|    8|          0|
    |patch_1344_fu_8120                                                             |    8|   0|    8|          0|
    |patch_1345_fu_8116                                                             |    8|   0|    8|          0|
    |patch_1346_fu_8112                                                             |    8|   0|    8|          0|
    |patch_1347_fu_8108                                                             |    8|   0|    8|          0|
    |patch_1348_fu_8104                                                             |    8|   0|    8|          0|
    |patch_1349_fu_8100                                                             |    8|   0|    8|          0|
    |patch_1350_fu_8096                                                             |    8|   0|    8|          0|
    |patch_1351_fu_8092                                                             |    8|   0|    8|          0|
    |patch_1352_fu_8088                                                             |    8|   0|    8|          0|
    |patch_1353_fu_8084                                                             |    8|   0|    8|          0|
    |patch_1354_fu_8080                                                             |    8|   0|    8|          0|
    |patch_1355_fu_8076                                                             |    8|   0|    8|          0|
    |patch_1356_fu_8072                                                             |    8|   0|    8|          0|
    |patch_1357_fu_8068                                                             |    8|   0|    8|          0|
    |patch_1358_fu_8064                                                             |    8|   0|    8|          0|
    |patch_1359_fu_8060                                                             |    8|   0|    8|          0|
    |patch_1360_fu_8056                                                             |    8|   0|    8|          0|
    |patch_1361_fu_8052                                                             |    8|   0|    8|          0|
    |patch_1362_fu_8048                                                             |    8|   0|    8|          0|
    |patch_1363_fu_8044                                                             |    8|   0|    8|          0|
    |patch_1364_fu_8040                                                             |    8|   0|    8|          0|
    |patch_1365_fu_8036                                                             |    8|   0|    8|          0|
    |patch_1366_fu_8032                                                             |    8|   0|    8|          0|
    |patch_1367_fu_8028                                                             |    8|   0|    8|          0|
    |patch_1368_fu_8024                                                             |    8|   0|    8|          0|
    |patch_1369_fu_8020                                                             |    8|   0|    8|          0|
    |patch_1370_fu_8016                                                             |    8|   0|    8|          0|
    |patch_1371_fu_8012                                                             |    8|   0|    8|          0|
    |patch_1372_fu_8008                                                             |    8|   0|    8|          0|
    |patch_1373_fu_8004                                                             |    8|   0|    8|          0|
    |patch_1374_fu_8000                                                             |    8|   0|    8|          0|
    |patch_1375_fu_7996                                                             |    8|   0|    8|          0|
    |patch_1376_fu_7992                                                             |    8|   0|    8|          0|
    |patch_1377_fu_7988                                                             |    8|   0|    8|          0|
    |patch_1378_fu_7984                                                             |    8|   0|    8|          0|
    |patch_1379_fu_7980                                                             |    8|   0|    8|          0|
    |patch_1380_fu_7976                                                             |    8|   0|    8|          0|
    |patch_1381_fu_7972                                                             |    8|   0|    8|          0|
    |patch_1382_fu_7968                                                             |    8|   0|    8|          0|
    |patch_1383_fu_7964                                                             |    8|   0|    8|          0|
    |patch_1384_fu_7960                                                             |    8|   0|    8|          0|
    |patch_1385_fu_7956                                                             |    8|   0|    8|          0|
    |patch_1386_fu_7952                                                             |    8|   0|    8|          0|
    |patch_1387_fu_7948                                                             |    8|   0|    8|          0|
    |patch_1388_fu_7944                                                             |    8|   0|    8|          0|
    |patch_1389_fu_7940                                                             |    8|   0|    8|          0|
    |patch_1390_fu_7936                                                             |    8|   0|    8|          0|
    |patch_1391_fu_7932                                                             |    8|   0|    8|          0|
    |patch_1392_fu_7928                                                             |    8|   0|    8|          0|
    |patch_1393_fu_7924                                                             |    8|   0|    8|          0|
    |patch_1394_fu_7920                                                             |    8|   0|    8|          0|
    |patch_1395_fu_7916                                                             |    8|   0|    8|          0|
    |patch_1396_fu_7912                                                             |    8|   0|    8|          0|
    |patch_1397_fu_7908                                                             |    8|   0|    8|          0|
    |patch_1398_fu_7904                                                             |    8|   0|    8|          0|
    |patch_1399_fu_7900                                                             |    8|   0|    8|          0|
    |patch_1400_fu_7896                                                             |    8|   0|    8|          0|
    |patch_1401_fu_7892                                                             |    8|   0|    8|          0|
    |patch_1402_fu_7888                                                             |    8|   0|    8|          0|
    |patch_1403_fu_7884                                                             |    8|   0|    8|          0|
    |patch_1404_fu_7880                                                             |    8|   0|    8|          0|
    |patch_1405_fu_7876                                                             |    8|   0|    8|          0|
    |patch_1406_fu_7872                                                             |    8|   0|    8|          0|
    |patch_1407_fu_7868                                                             |    8|   0|    8|          0|
    |patch_1408_fu_7864                                                             |    8|   0|    8|          0|
    |patch_1409_fu_7860                                                             |    8|   0|    8|          0|
    |patch_1410_fu_7856                                                             |    8|   0|    8|          0|
    |patch_1411_fu_7852                                                             |    8|   0|    8|          0|
    |patch_1412_fu_7848                                                             |    8|   0|    8|          0|
    |patch_1413_fu_7844                                                             |    8|   0|    8|          0|
    |patch_1414_fu_7840                                                             |    8|   0|    8|          0|
    |patch_1415_fu_7836                                                             |    8|   0|    8|          0|
    |patch_1416_fu_7832                                                             |    8|   0|    8|          0|
    |patch_1417_fu_7828                                                             |    8|   0|    8|          0|
    |patch_1418_fu_7824                                                             |    8|   0|    8|          0|
    |patch_1419_fu_7820                                                             |    8|   0|    8|          0|
    |patch_1420_fu_7816                                                             |    8|   0|    8|          0|
    |patch_1421_fu_7812                                                             |    8|   0|    8|          0|
    |patch_1422_fu_7808                                                             |    8|   0|    8|          0|
    |patch_1423_fu_7804                                                             |    8|   0|    8|          0|
    |patch_1424_fu_7800                                                             |    8|   0|    8|          0|
    |patch_1425_fu_7796                                                             |    8|   0|    8|          0|
    |patch_1426_fu_7792                                                             |    8|   0|    8|          0|
    |patch_1427_fu_7788                                                             |    8|   0|    8|          0|
    |patch_1428_fu_7784                                                             |    8|   0|    8|          0|
    |patch_1429_fu_7780                                                             |    8|   0|    8|          0|
    |patch_1430_fu_7776                                                             |    8|   0|    8|          0|
    |patch_1431_fu_7772                                                             |    8|   0|    8|          0|
    |patch_1432_fu_7768                                                             |    8|   0|    8|          0|
    |patch_1433_fu_7764                                                             |    8|   0|    8|          0|
    |patch_1434_fu_7760                                                             |    8|   0|    8|          0|
    |patch_1435_fu_7756                                                             |    8|   0|    8|          0|
    |patch_1436_fu_7752                                                             |    8|   0|    8|          0|
    |patch_1437_fu_7748                                                             |    8|   0|    8|          0|
    |patch_1438_fu_7744                                                             |    8|   0|    8|          0|
    |patch_1439_fu_7740                                                             |    8|   0|    8|          0|
    |patch_1440_fu_7736                                                             |    8|   0|    8|          0|
    |patch_1441_fu_7732                                                             |    8|   0|    8|          0|
    |patch_1442_fu_7728                                                             |    8|   0|    8|          0|
    |patch_1443_fu_7724                                                             |    8|   0|    8|          0|
    |patch_1444_fu_7720                                                             |    8|   0|    8|          0|
    |patch_1445_fu_7716                                                             |    8|   0|    8|          0|
    |patch_1446_fu_7712                                                             |    8|   0|    8|          0|
    |patch_1447_fu_7708                                                             |    8|   0|    8|          0|
    |patch_1448_fu_7704                                                             |    8|   0|    8|          0|
    |patch_1449_fu_7700                                                             |    8|   0|    8|          0|
    |patch_1450_fu_7696                                                             |    8|   0|    8|          0|
    |patch_1451_fu_7692                                                             |    8|   0|    8|          0|
    |patch_1452_fu_7688                                                             |    8|   0|    8|          0|
    |patch_1453_fu_7684                                                             |    8|   0|    8|          0|
    |patch_1454_fu_7680                                                             |    8|   0|    8|          0|
    |patch_1455_fu_7676                                                             |    8|   0|    8|          0|
    |patch_1456_fu_7672                                                             |    8|   0|    8|          0|
    |patch_1457_fu_7668                                                             |    8|   0|    8|          0|
    |patch_1458_fu_7664                                                             |    8|   0|    8|          0|
    |patch_1459_fu_7660                                                             |    8|   0|    8|          0|
    |patch_1460_fu_7656                                                             |    8|   0|    8|          0|
    |patch_1461_fu_7652                                                             |    8|   0|    8|          0|
    |patch_1462_fu_7648                                                             |    8|   0|    8|          0|
    |patch_1463_fu_7644                                                             |    8|   0|    8|          0|
    |patch_1464_fu_7640                                                             |    8|   0|    8|          0|
    |patch_1465_fu_7636                                                             |    8|   0|    8|          0|
    |patch_1466_fu_7632                                                             |    8|   0|    8|          0|
    |patch_1467_fu_7628                                                             |    8|   0|    8|          0|
    |patch_1468_fu_7624                                                             |    8|   0|    8|          0|
    |patch_1469_fu_7620                                                             |    8|   0|    8|          0|
    |patch_1470_fu_7616                                                             |    8|   0|    8|          0|
    |patch_1471_fu_7612                                                             |    8|   0|    8|          0|
    |patch_1472_fu_7608                                                             |    8|   0|    8|          0|
    |patch_1473_fu_7604                                                             |    8|   0|    8|          0|
    |patch_1474_fu_7600                                                             |    8|   0|    8|          0|
    |patch_1475_fu_7596                                                             |    8|   0|    8|          0|
    |patch_1476_fu_7592                                                             |    8|   0|    8|          0|
    |patch_1477_fu_7588                                                             |    8|   0|    8|          0|
    |patch_1478_fu_7584                                                             |    8|   0|    8|          0|
    |patch_1479_fu_7580                                                             |    8|   0|    8|          0|
    |patch_1480_fu_7576                                                             |    8|   0|    8|          0|
    |patch_1481_fu_7572                                                             |    8|   0|    8|          0|
    |patch_1482_fu_7568                                                             |    8|   0|    8|          0|
    |patch_1483_fu_7564                                                             |    8|   0|    8|          0|
    |patch_1484_fu_7560                                                             |    8|   0|    8|          0|
    |patch_1485_fu_7556                                                             |    8|   0|    8|          0|
    |patch_1486_fu_7552                                                             |    8|   0|    8|          0|
    |patch_1487_fu_7548                                                             |    8|   0|    8|          0|
    |patch_1488_fu_7544                                                             |    8|   0|    8|          0|
    |patch_1489_fu_7540                                                             |    8|   0|    8|          0|
    |patch_1490_fu_7536                                                             |    8|   0|    8|          0|
    |patch_1491_fu_7532                                                             |    8|   0|    8|          0|
    |patch_1492_fu_7528                                                             |    8|   0|    8|          0|
    |patch_1493_fu_7524                                                             |    8|   0|    8|          0|
    |patch_1494_fu_7520                                                             |    8|   0|    8|          0|
    |patch_1495_fu_7516                                                             |    8|   0|    8|          0|
    |patch_1496_fu_7512                                                             |    8|   0|    8|          0|
    |patch_1497_fu_7508                                                             |    8|   0|    8|          0|
    |patch_1498_fu_7504                                                             |    8|   0|    8|          0|
    |patch_1499_fu_7500                                                             |    8|   0|    8|          0|
    |patch_1500_fu_7496                                                             |    8|   0|    8|          0|
    |patch_1501_fu_7492                                                             |    8|   0|    8|          0|
    |patch_1502_fu_7488                                                             |    8|   0|    8|          0|
    |patch_1503_fu_7484                                                             |    8|   0|    8|          0|
    |patch_1504_fu_7480                                                             |    8|   0|    8|          0|
    |patch_1505_fu_7476                                                             |    8|   0|    8|          0|
    |patch_1506_fu_7472                                                             |    8|   0|    8|          0|
    |patch_1507_fu_7468                                                             |    8|   0|    8|          0|
    |patch_1508_fu_7464                                                             |    8|   0|    8|          0|
    |patch_1509_fu_7460                                                             |    8|   0|    8|          0|
    |patch_1510_fu_7456                                                             |    8|   0|    8|          0|
    |patch_1511_fu_7452                                                             |    8|   0|    8|          0|
    |patch_1512_fu_7448                                                             |    8|   0|    8|          0|
    |patch_1513_fu_7444                                                             |    8|   0|    8|          0|
    |patch_1514_fu_7440                                                             |    8|   0|    8|          0|
    |patch_1515_fu_7436                                                             |    8|   0|    8|          0|
    |patch_1516_fu_7432                                                             |    8|   0|    8|          0|
    |patch_1517_fu_7428                                                             |    8|   0|    8|          0|
    |patch_1518_fu_7424                                                             |    8|   0|    8|          0|
    |patch_1519_fu_7420                                                             |    8|   0|    8|          0|
    |patch_1520_fu_7416                                                             |    8|   0|    8|          0|
    |patch_1521_fu_7412                                                             |    8|   0|    8|          0|
    |patch_1522_fu_7408                                                             |    8|   0|    8|          0|
    |patch_1523_fu_7404                                                             |    8|   0|    8|          0|
    |patch_1524_fu_7400                                                             |    8|   0|    8|          0|
    |patch_1525_fu_7396                                                             |    8|   0|    8|          0|
    |patch_1526_fu_7392                                                             |    8|   0|    8|          0|
    |patch_1527_fu_7388                                                             |    8|   0|    8|          0|
    |patch_1528_fu_7384                                                             |    8|   0|    8|          0|
    |patch_1529_fu_7380                                                             |    8|   0|    8|          0|
    |patch_1530_fu_7376                                                             |    8|   0|    8|          0|
    |patch_1531_fu_7372                                                             |    8|   0|    8|          0|
    |patch_1532_fu_7368                                                             |    8|   0|    8|          0|
    |patch_1533_fu_7364                                                             |    8|   0|    8|          0|
    |patch_1534_fu_7360                                                             |    8|   0|    8|          0|
    |patch_1535_fu_7356                                                             |    8|   0|    8|          0|
    |patch_1536_fu_7352                                                             |    8|   0|    8|          0|
    |patch_1537_fu_7348                                                             |    8|   0|    8|          0|
    |patch_1538_fu_7344                                                             |    8|   0|    8|          0|
    |patch_1539_fu_7340                                                             |    8|   0|    8|          0|
    |patch_1540_fu_7336                                                             |    8|   0|    8|          0|
    |patch_1541_fu_7332                                                             |    8|   0|    8|          0|
    |patch_1542_fu_7328                                                             |    8|   0|    8|          0|
    |patch_1543_fu_7324                                                             |    8|   0|    8|          0|
    |patch_1544_fu_7320                                                             |    8|   0|    8|          0|
    |patch_1545_fu_7316                                                             |    8|   0|    8|          0|
    |patch_1546_fu_7312                                                             |    8|   0|    8|          0|
    |patch_1547_fu_7308                                                             |    8|   0|    8|          0|
    |patch_1548_fu_7304                                                             |    8|   0|    8|          0|
    |patch_1549_fu_7300                                                             |    8|   0|    8|          0|
    |patch_1550_fu_7296                                                             |    8|   0|    8|          0|
    |patch_1551_fu_7292                                                             |    8|   0|    8|          0|
    |patch_1552_fu_7288                                                             |    8|   0|    8|          0|
    |patch_1553_fu_7284                                                             |    8|   0|    8|          0|
    |patch_1554_fu_7280                                                             |    8|   0|    8|          0|
    |patch_1555_fu_7276                                                             |    8|   0|    8|          0|
    |patch_1556_fu_7272                                                             |    8|   0|    8|          0|
    |patch_1557_fu_7268                                                             |    8|   0|    8|          0|
    |patch_1558_fu_7264                                                             |    8|   0|    8|          0|
    |patch_1559_fu_7260                                                             |    8|   0|    8|          0|
    |patch_1560_fu_7256                                                             |    8|   0|    8|          0|
    |patch_1561_fu_7252                                                             |    8|   0|    8|          0|
    |patch_1562_fu_7248                                                             |    8|   0|    8|          0|
    |patch_1563_fu_7244                                                             |    8|   0|    8|          0|
    |patch_1564_fu_7240                                                             |    8|   0|    8|          0|
    |patch_1565_fu_7236                                                             |    8|   0|    8|          0|
    |patch_1566_fu_7232                                                             |    8|   0|    8|          0|
    |patch_1567_fu_7228                                                             |    8|   0|    8|          0|
    |patch_1568_fu_7224                                                             |    8|   0|    8|          0|
    |patch_1569_fu_7220                                                             |    8|   0|    8|          0|
    |patch_1570_fu_7216                                                             |    8|   0|    8|          0|
    |patch_1571_fu_7212                                                             |    8|   0|    8|          0|
    |patch_1572_fu_7208                                                             |    8|   0|    8|          0|
    |patch_1573_fu_7204                                                             |    8|   0|    8|          0|
    |patch_1574_fu_7200                                                             |    8|   0|    8|          0|
    |patch_1575_fu_7196                                                             |    8|   0|    8|          0|
    |patch_1576_fu_7192                                                             |    8|   0|    8|          0|
    |patch_1577_fu_7188                                                             |    8|   0|    8|          0|
    |patch_1578_fu_7184                                                             |    8|   0|    8|          0|
    |patch_1579_fu_7180                                                             |    8|   0|    8|          0|
    |patch_1580_fu_7176                                                             |    8|   0|    8|          0|
    |patch_1581_fu_7172                                                             |    8|   0|    8|          0|
    |patch_1582_fu_7168                                                             |    8|   0|    8|          0|
    |patch_1583_fu_7164                                                             |    8|   0|    8|          0|
    |patch_1584_fu_7160                                                             |    8|   0|    8|          0|
    |patch_1585_fu_7156                                                             |    8|   0|    8|          0|
    |patch_1586_fu_7152                                                             |    8|   0|    8|          0|
    |patch_1587_fu_7148                                                             |    8|   0|    8|          0|
    |patch_1588_fu_7144                                                             |    8|   0|    8|          0|
    |patch_1589_fu_7140                                                             |    8|   0|    8|          0|
    |patch_1590_fu_7136                                                             |    8|   0|    8|          0|
    |patch_1591_fu_7132                                                             |    8|   0|    8|          0|
    |patch_1592_fu_7128                                                             |    8|   0|    8|          0|
    |patch_1593_fu_7124                                                             |    8|   0|    8|          0|
    |patch_1594_fu_7120                                                             |    8|   0|    8|          0|
    |patch_1595_fu_7116                                                             |    8|   0|    8|          0|
    |patch_1596_fu_7112                                                             |    8|   0|    8|          0|
    |patch_1597_fu_7108                                                             |    8|   0|    8|          0|
    |patch_1598_fu_7104                                                             |    8|   0|    8|          0|
    |patch_1599_fu_7100                                                             |    8|   0|    8|          0|
    |patch_1600_fu_7096                                                             |    8|   0|    8|          0|
    |patch_1601_fu_7092                                                             |    8|   0|    8|          0|
    |patch_1602_fu_7088                                                             |    8|   0|    8|          0|
    |patch_1603_fu_7084                                                             |    8|   0|    8|          0|
    |patch_1604_fu_7080                                                             |    8|   0|    8|          0|
    |patch_1605_fu_7076                                                             |    8|   0|    8|          0|
    |patch_1606_fu_7072                                                             |    8|   0|    8|          0|
    |patch_1607_fu_7068                                                             |    8|   0|    8|          0|
    |patch_1608_fu_7064                                                             |    8|   0|    8|          0|
    |patch_1609_fu_7060                                                             |    8|   0|    8|          0|
    |patch_1610_fu_7056                                                             |    8|   0|    8|          0|
    |patch_1611_fu_7052                                                             |    8|   0|    8|          0|
    |patch_1612_fu_7048                                                             |    8|   0|    8|          0|
    |patch_1613_fu_7044                                                             |    8|   0|    8|          0|
    |patch_1614_fu_7040                                                             |    8|   0|    8|          0|
    |patch_1615_fu_7036                                                             |    8|   0|    8|          0|
    |patch_1616_fu_7032                                                             |    8|   0|    8|          0|
    |patch_1617_fu_7028                                                             |    8|   0|    8|          0|
    |patch_1618_fu_7024                                                             |    8|   0|    8|          0|
    |patch_1619_fu_7020                                                             |    8|   0|    8|          0|
    |patch_1620_fu_7016                                                             |    8|   0|    8|          0|
    |patch_1621_fu_7012                                                             |    8|   0|    8|          0|
    |patch_1622_fu_7008                                                             |    8|   0|    8|          0|
    |patch_1623_fu_7004                                                             |    8|   0|    8|          0|
    |patch_1624_fu_7000                                                             |    8|   0|    8|          0|
    |patch_1625_fu_6996                                                             |    8|   0|    8|          0|
    |patch_1626_fu_6992                                                             |    8|   0|    8|          0|
    |patch_1627_fu_6988                                                             |    8|   0|    8|          0|
    |patch_1628_fu_6984                                                             |    8|   0|    8|          0|
    |patch_1629_fu_6980                                                             |    8|   0|    8|          0|
    |patch_1630_fu_6976                                                             |    8|   0|    8|          0|
    |patch_1631_fu_6972                                                             |    8|   0|    8|          0|
    |patch_1632_fu_6968                                                             |    8|   0|    8|          0|
    |patch_1633_fu_6964                                                             |    8|   0|    8|          0|
    |patch_1634_fu_6960                                                             |    8|   0|    8|          0|
    |patch_1635_fu_6956                                                             |    8|   0|    8|          0|
    |patch_1636_fu_6952                                                             |    8|   0|    8|          0|
    |patch_1637_fu_6948                                                             |    8|   0|    8|          0|
    |patch_1638_fu_6944                                                             |    8|   0|    8|          0|
    |patch_1639_fu_6940                                                             |    8|   0|    8|          0|
    |patch_1640_fu_6936                                                             |    8|   0|    8|          0|
    |patch_1641_fu_6932                                                             |    8|   0|    8|          0|
    |patch_1642_fu_6928                                                             |    8|   0|    8|          0|
    |patch_1643_fu_6924                                                             |    8|   0|    8|          0|
    |patch_1644_fu_6920                                                             |    8|   0|    8|          0|
    |patch_1645_fu_6916                                                             |    8|   0|    8|          0|
    |patch_1646_fu_6912                                                             |    8|   0|    8|          0|
    |patch_1647_fu_6908                                                             |    8|   0|    8|          0|
    |patch_1648_fu_6904                                                             |    8|   0|    8|          0|
    |patch_1649_fu_6900                                                             |    8|   0|    8|          0|
    |patch_1650_fu_6896                                                             |    8|   0|    8|          0|
    |patch_1651_fu_6892                                                             |    8|   0|    8|          0|
    |patch_1652_fu_6888                                                             |    8|   0|    8|          0|
    |patch_1653_fu_6884                                                             |    8|   0|    8|          0|
    |patch_1654_fu_6880                                                             |    8|   0|    8|          0|
    |patch_1655_fu_6876                                                             |    8|   0|    8|          0|
    |patch_1656_fu_6872                                                             |    8|   0|    8|          0|
    |patch_1657_fu_6868                                                             |    8|   0|    8|          0|
    |patch_1658_fu_6864                                                             |    8|   0|    8|          0|
    |patch_1659_fu_6860                                                             |    8|   0|    8|          0|
    |patch_1660_fu_6856                                                             |    8|   0|    8|          0|
    |patch_1661_fu_6852                                                             |    8|   0|    8|          0|
    |patch_1662_fu_6848                                                             |    8|   0|    8|          0|
    |patch_1663_fu_6844                                                             |    8|   0|    8|          0|
    |patch_1664_fu_6840                                                             |    8|   0|    8|          0|
    |patch_1665_fu_6836                                                             |    8|   0|    8|          0|
    |patch_1666_fu_6832                                                             |    8|   0|    8|          0|
    |patch_1667_fu_6828                                                             |    8|   0|    8|          0|
    |patch_1668_fu_6824                                                             |    8|   0|    8|          0|
    |patch_1669_fu_6820                                                             |    8|   0|    8|          0|
    |patch_1670_fu_6816                                                             |    8|   0|    8|          0|
    |patch_1671_fu_6812                                                             |    8|   0|    8|          0|
    |patch_1672_fu_6808                                                             |    8|   0|    8|          0|
    |patch_1673_fu_6804                                                             |    8|   0|    8|          0|
    |patch_1674_fu_6800                                                             |    8|   0|    8|          0|
    |patch_1675_fu_6796                                                             |    8|   0|    8|          0|
    |patch_1676_fu_6792                                                             |    8|   0|    8|          0|
    |patch_1677_fu_6788                                                             |    8|   0|    8|          0|
    |patch_1678_fu_6784                                                             |    8|   0|    8|          0|
    |patch_1679_fu_6780                                                             |    8|   0|    8|          0|
    |patch_1680_fu_6776                                                             |    8|   0|    8|          0|
    |patch_1681_fu_6772                                                             |    8|   0|    8|          0|
    |patch_1682_fu_6768                                                             |    8|   0|    8|          0|
    |patch_1683_fu_6764                                                             |    8|   0|    8|          0|
    |patch_1684_fu_6760                                                             |    8|   0|    8|          0|
    |patch_1685_fu_6756                                                             |    8|   0|    8|          0|
    |patch_1686_fu_6752                                                             |    8|   0|    8|          0|
    |patch_1687_fu_6748                                                             |    8|   0|    8|          0|
    |patch_1688_fu_6744                                                             |    8|   0|    8|          0|
    |patch_1689_fu_6740                                                             |    8|   0|    8|          0|
    |patch_1690_fu_6736                                                             |    8|   0|    8|          0|
    |patch_1691_fu_6732                                                             |    8|   0|    8|          0|
    |patch_1692_fu_6728                                                             |    8|   0|    8|          0|
    |patch_1693_fu_6724                                                             |    8|   0|    8|          0|
    |patch_1694_fu_6720                                                             |    8|   0|    8|          0|
    |patch_1695_fu_6716                                                             |    8|   0|    8|          0|
    |patch_1696_fu_6712                                                             |    8|   0|    8|          0|
    |patch_1697_fu_6708                                                             |    8|   0|    8|          0|
    |patch_1698_fu_6704                                                             |    8|   0|    8|          0|
    |patch_1699_fu_6700                                                             |    8|   0|    8|          0|
    |patch_1700_fu_6696                                                             |    8|   0|    8|          0|
    |patch_1701_fu_6692                                                             |    8|   0|    8|          0|
    |patch_1702_fu_6688                                                             |    8|   0|    8|          0|
    |patch_1703_fu_6684                                                             |    8|   0|    8|          0|
    |patch_1704_fu_6680                                                             |    8|   0|    8|          0|
    |patch_1705_fu_6676                                                             |    8|   0|    8|          0|
    |patch_1706_fu_6672                                                             |    8|   0|    8|          0|
    |patch_1707_fu_6668                                                             |    8|   0|    8|          0|
    |patch_1708_fu_6664                                                             |    8|   0|    8|          0|
    |patch_1709_fu_6660                                                             |    8|   0|    8|          0|
    |patch_1710_fu_6656                                                             |    8|   0|    8|          0|
    |patch_1711_fu_6652                                                             |    8|   0|    8|          0|
    |patch_1712_fu_6648                                                             |    8|   0|    8|          0|
    |patch_1713_fu_6644                                                             |    8|   0|    8|          0|
    |patch_1714_fu_6640                                                             |    8|   0|    8|          0|
    |patch_1715_fu_6636                                                             |    8|   0|    8|          0|
    |patch_1716_fu_6632                                                             |    8|   0|    8|          0|
    |patch_1717_fu_6628                                                             |    8|   0|    8|          0|
    |patch_1718_fu_6624                                                             |    8|   0|    8|          0|
    |patch_1719_fu_6620                                                             |    8|   0|    8|          0|
    |patch_1720_fu_6616                                                             |    8|   0|    8|          0|
    |patch_1721_fu_6612                                                             |    8|   0|    8|          0|
    |patch_1722_fu_6608                                                             |    8|   0|    8|          0|
    |patch_1723_fu_6604                                                             |    8|   0|    8|          0|
    |patch_1724_fu_6600                                                             |    8|   0|    8|          0|
    |patch_1725_fu_6596                                                             |    8|   0|    8|          0|
    |patch_1726_fu_6592                                                             |    8|   0|    8|          0|
    |patch_1727_fu_6588                                                             |    8|   0|    8|          0|
    |patch_1728_fu_6584                                                             |    8|   0|    8|          0|
    |patch_1729_fu_6580                                                             |    8|   0|    8|          0|
    |patch_1730_fu_6576                                                             |    8|   0|    8|          0|
    |patch_1731_fu_6572                                                             |    8|   0|    8|          0|
    |patch_1732_fu_6568                                                             |    8|   0|    8|          0|
    |patch_1733_fu_6564                                                             |    8|   0|    8|          0|
    |patch_1734_fu_6560                                                             |    8|   0|    8|          0|
    |patch_1735_fu_6556                                                             |    8|   0|    8|          0|
    |patch_1736_fu_6552                                                             |    8|   0|    8|          0|
    |patch_1737_fu_6548                                                             |    8|   0|    8|          0|
    |patch_1738_fu_6544                                                             |    8|   0|    8|          0|
    |patch_1739_fu_6540                                                             |    8|   0|    8|          0|
    |patch_1740_fu_6536                                                             |    8|   0|    8|          0|
    |patch_1741_fu_6532                                                             |    8|   0|    8|          0|
    |patch_1742_fu_6528                                                             |    8|   0|    8|          0|
    |patch_1743_fu_6524                                                             |    8|   0|    8|          0|
    |patch_1744_fu_6520                                                             |    8|   0|    8|          0|
    |patch_1745_fu_6516                                                             |    8|   0|    8|          0|
    |patch_1746_fu_6512                                                             |    8|   0|    8|          0|
    |patch_1747_fu_6508                                                             |    8|   0|    8|          0|
    |patch_1748_fu_6504                                                             |    8|   0|    8|          0|
    |patch_1749_fu_6500                                                             |    8|   0|    8|          0|
    |patch_1750_fu_6496                                                             |    8|   0|    8|          0|
    |patch_1751_fu_6492                                                             |    8|   0|    8|          0|
    |patch_1752_fu_6488                                                             |    8|   0|    8|          0|
    |patch_1753_fu_6484                                                             |    8|   0|    8|          0|
    |patch_1754_fu_6480                                                             |    8|   0|    8|          0|
    |patch_1755_fu_6476                                                             |    8|   0|    8|          0|
    |patch_1756_fu_6472                                                             |    8|   0|    8|          0|
    |patch_1757_fu_6468                                                             |    8|   0|    8|          0|
    |patch_1758_fu_6464                                                             |    8|   0|    8|          0|
    |patch_1759_fu_6460                                                             |    8|   0|    8|          0|
    |patch_1760_fu_6456                                                             |    8|   0|    8|          0|
    |patch_1761_fu_6452                                                             |    8|   0|    8|          0|
    |patch_1762_fu_6448                                                             |    8|   0|    8|          0|
    |patch_1763_fu_6444                                                             |    8|   0|    8|          0|
    |patch_1764_fu_6440                                                             |    8|   0|    8|          0|
    |patch_1765_fu_6436                                                             |    8|   0|    8|          0|
    |patch_1766_fu_6432                                                             |    8|   0|    8|          0|
    |patch_1767_fu_6428                                                             |    8|   0|    8|          0|
    |patch_1768_fu_6424                                                             |    8|   0|    8|          0|
    |patch_1769_fu_6420                                                             |    8|   0|    8|          0|
    |patch_1770_fu_6416                                                             |    8|   0|    8|          0|
    |patch_1771_fu_6412                                                             |    8|   0|    8|          0|
    |patch_1772_fu_6408                                                             |    8|   0|    8|          0|
    |patch_1773_fu_6404                                                             |    8|   0|    8|          0|
    |patch_1774_fu_6400                                                             |    8|   0|    8|          0|
    |patch_1775_fu_6396                                                             |    8|   0|    8|          0|
    |patch_1776_fu_6392                                                             |    8|   0|    8|          0|
    |patch_1777_fu_6388                                                             |    8|   0|    8|          0|
    |patch_1778_fu_6384                                                             |    8|   0|    8|          0|
    |patch_1779_fu_6380                                                             |    8|   0|    8|          0|
    |patch_1780_fu_6376                                                             |    8|   0|    8|          0|
    |patch_1781_fu_6372                                                             |    8|   0|    8|          0|
    |patch_1782_fu_6368                                                             |    8|   0|    8|          0|
    |patch_1783_fu_6364                                                             |    8|   0|    8|          0|
    |patch_1784_fu_6360                                                             |    8|   0|    8|          0|
    |patch_1785_fu_6356                                                             |    8|   0|    8|          0|
    |patch_1786_fu_6352                                                             |    8|   0|    8|          0|
    |patch_1787_fu_6348                                                             |    8|   0|    8|          0|
    |patch_1788_fu_6344                                                             |    8|   0|    8|          0|
    |patch_1789_fu_6340                                                             |    8|   0|    8|          0|
    |patch_1790_fu_6336                                                             |    8|   0|    8|          0|
    |patch_1791_fu_6332                                                             |    8|   0|    8|          0|
    |patch_1792_fu_6328                                                             |    8|   0|    8|          0|
    |patch_1793_fu_6324                                                             |    8|   0|    8|          0|
    |patch_1794_fu_6320                                                             |    8|   0|    8|          0|
    |patch_1795_fu_6316                                                             |    8|   0|    8|          0|
    |patch_1796_fu_6312                                                             |    8|   0|    8|          0|
    |patch_1797_fu_6308                                                             |    8|   0|    8|          0|
    |patch_1798_fu_6304                                                             |    8|   0|    8|          0|
    |patch_1799_fu_6300                                                             |    8|   0|    8|          0|
    |patch_1800_fu_6296                                                             |    8|   0|    8|          0|
    |patch_1801_fu_6292                                                             |    8|   0|    8|          0|
    |patch_1802_fu_6288                                                             |    8|   0|    8|          0|
    |patch_1803_fu_6284                                                             |    8|   0|    8|          0|
    |patch_1804_fu_6280                                                             |    8|   0|    8|          0|
    |patch_1805_fu_6276                                                             |    8|   0|    8|          0|
    |patch_1806_fu_6272                                                             |    8|   0|    8|          0|
    |patch_1807_fu_6268                                                             |    8|   0|    8|          0|
    |patch_1808_fu_6264                                                             |    8|   0|    8|          0|
    |patch_1809_fu_6260                                                             |    8|   0|    8|          0|
    |patch_1810_fu_6256                                                             |    8|   0|    8|          0|
    |patch_1811_fu_6252                                                             |    8|   0|    8|          0|
    |patch_1812_fu_6248                                                             |    8|   0|    8|          0|
    |patch_1813_fu_6244                                                             |    8|   0|    8|          0|
    |patch_1814_fu_6240                                                             |    8|   0|    8|          0|
    |patch_1815_fu_6236                                                             |    8|   0|    8|          0|
    |patch_1816_fu_6232                                                             |    8|   0|    8|          0|
    |patch_1817_fu_6228                                                             |    8|   0|    8|          0|
    |patch_1818_fu_6224                                                             |    8|   0|    8|          0|
    |patch_1819_fu_6220                                                             |    8|   0|    8|          0|
    |patch_1820_fu_6216                                                             |    8|   0|    8|          0|
    |patch_1821_fu_6212                                                             |    8|   0|    8|          0|
    |patch_1822_fu_6208                                                             |    8|   0|    8|          0|
    |patch_1823_fu_6204                                                             |    8|   0|    8|          0|
    |patch_1824_fu_6200                                                             |    8|   0|    8|          0|
    |patch_1825_fu_6196                                                             |    8|   0|    8|          0|
    |patch_1826_fu_6192                                                             |    8|   0|    8|          0|
    |patch_1827_fu_6188                                                             |    8|   0|    8|          0|
    |patch_1828_fu_6184                                                             |    8|   0|    8|          0|
    |patch_1829_fu_6180                                                             |    8|   0|    8|          0|
    |patch_1830_fu_6176                                                             |    8|   0|    8|          0|
    |patch_1831_fu_6172                                                             |    8|   0|    8|          0|
    |patch_1832_fu_6168                                                             |    8|   0|    8|          0|
    |patch_1833_fu_6164                                                             |    8|   0|    8|          0|
    |patch_1834_fu_6160                                                             |    8|   0|    8|          0|
    |patch_1835_fu_6156                                                             |    8|   0|    8|          0|
    |patch_1836_fu_6152                                                             |    8|   0|    8|          0|
    |patch_1837_fu_6148                                                             |    8|   0|    8|          0|
    |patch_1838_fu_6144                                                             |    8|   0|    8|          0|
    |patch_1839_fu_6140                                                             |    8|   0|    8|          0|
    |patch_1840_fu_6136                                                             |    8|   0|    8|          0|
    |patch_1841_fu_6132                                                             |    8|   0|    8|          0|
    |patch_1842_fu_6128                                                             |    8|   0|    8|          0|
    |patch_1843_fu_6124                                                             |    8|   0|    8|          0|
    |patch_1844_fu_6120                                                             |    8|   0|    8|          0|
    |patch_1845_fu_6116                                                             |    8|   0|    8|          0|
    |patch_1846_fu_6112                                                             |    8|   0|    8|          0|
    |patch_1847_fu_6108                                                             |    8|   0|    8|          0|
    |patch_1848_fu_6104                                                             |    8|   0|    8|          0|
    |patch_1849_fu_6100                                                             |    8|   0|    8|          0|
    |patch_1850_fu_6096                                                             |    8|   0|    8|          0|
    |patch_1851_fu_6092                                                             |    8|   0|    8|          0|
    |patch_1852_fu_6088                                                             |    8|   0|    8|          0|
    |patch_1853_fu_6084                                                             |    8|   0|    8|          0|
    |patch_1854_fu_6080                                                             |    8|   0|    8|          0|
    |patch_1855_fu_6076                                                             |    8|   0|    8|          0|
    |patch_1856_fu_6072                                                             |    8|   0|    8|          0|
    |patch_1857_fu_6068                                                             |    8|   0|    8|          0|
    |patch_1858_fu_6064                                                             |    8|   0|    8|          0|
    |patch_1859_fu_6060                                                             |    8|   0|    8|          0|
    |patch_1860_fu_6056                                                             |    8|   0|    8|          0|
    |patch_1861_fu_6052                                                             |    8|   0|    8|          0|
    |patch_1862_fu_6048                                                             |    8|   0|    8|          0|
    |patch_1863_fu_6044                                                             |    8|   0|    8|          0|
    |patch_1864_fu_6040                                                             |    8|   0|    8|          0|
    |patch_1865_fu_6036                                                             |    8|   0|    8|          0|
    |patch_1866_fu_6032                                                             |    8|   0|    8|          0|
    |patch_1867_fu_6028                                                             |    8|   0|    8|          0|
    |patch_1868_fu_6024                                                             |    8|   0|    8|          0|
    |patch_1869_fu_6020                                                             |    8|   0|    8|          0|
    |patch_1870_fu_6016                                                             |    8|   0|    8|          0|
    |patch_1871_fu_6012                                                             |    8|   0|    8|          0|
    |patch_1872_fu_6008                                                             |    8|   0|    8|          0|
    |patch_1873_fu_6004                                                             |    8|   0|    8|          0|
    |patch_1874_fu_6000                                                             |    8|   0|    8|          0|
    |patch_1875_fu_5996                                                             |    8|   0|    8|          0|
    |patch_1876_fu_5992                                                             |    8|   0|    8|          0|
    |patch_1877_fu_5988                                                             |    8|   0|    8|          0|
    |patch_1878_fu_5984                                                             |    8|   0|    8|          0|
    |patch_1879_fu_5980                                                             |    8|   0|    8|          0|
    |patch_1880_fu_5976                                                             |    8|   0|    8|          0|
    |patch_1881_fu_5972                                                             |    8|   0|    8|          0|
    |patch_1882_fu_5968                                                             |    8|   0|    8|          0|
    |patch_1883_fu_5964                                                             |    8|   0|    8|          0|
    |patch_1884_fu_5960                                                             |    8|   0|    8|          0|
    |patch_1885_fu_5956                                                             |    8|   0|    8|          0|
    |patch_1886_fu_5952                                                             |    8|   0|    8|          0|
    |patch_1887_fu_5948                                                             |    8|   0|    8|          0|
    |patch_1888_fu_5944                                                             |    8|   0|    8|          0|
    |patch_1889_fu_5940                                                             |    8|   0|    8|          0|
    |patch_1890_fu_5936                                                             |    8|   0|    8|          0|
    |patch_1891_fu_5932                                                             |    8|   0|    8|          0|
    |patch_1892_fu_5928                                                             |    8|   0|    8|          0|
    |patch_1893_fu_5924                                                             |    8|   0|    8|          0|
    |patch_1894_fu_5920                                                             |    8|   0|    8|          0|
    |patch_1895_fu_5916                                                             |    8|   0|    8|          0|
    |patch_1896_fu_5912                                                             |    8|   0|    8|          0|
    |patch_1897_fu_5908                                                             |    8|   0|    8|          0|
    |patch_1898_fu_5904                                                             |    8|   0|    8|          0|
    |patch_1899_fu_5900                                                             |    8|   0|    8|          0|
    |patch_1900_fu_5896                                                             |    8|   0|    8|          0|
    |patch_1901_fu_5892                                                             |    8|   0|    8|          0|
    |patch_1902_fu_5888                                                             |    8|   0|    8|          0|
    |patch_1903_fu_5884                                                             |    8|   0|    8|          0|
    |patch_1904_fu_5880                                                             |    8|   0|    8|          0|
    |patch_1905_fu_5876                                                             |    8|   0|    8|          0|
    |patch_1906_fu_5872                                                             |    8|   0|    8|          0|
    |patch_1907_fu_5868                                                             |    8|   0|    8|          0|
    |patch_1908_fu_5864                                                             |    8|   0|    8|          0|
    |patch_1909_fu_5860                                                             |    8|   0|    8|          0|
    |patch_1910_fu_5856                                                             |    8|   0|    8|          0|
    |patch_1911_fu_5852                                                             |    8|   0|    8|          0|
    |patch_1912_fu_5848                                                             |    8|   0|    8|          0|
    |patch_1913_fu_5844                                                             |    8|   0|    8|          0|
    |patch_1914_fu_5840                                                             |    8|   0|    8|          0|
    |patch_1915_fu_5836                                                             |    8|   0|    8|          0|
    |patch_1916_fu_5832                                                             |    8|   0|    8|          0|
    |patch_1917_fu_5828                                                             |    8|   0|    8|          0|
    |patch_1918_fu_5824                                                             |    8|   0|    8|          0|
    |patch_1919_fu_5820                                                             |    8|   0|    8|          0|
    |patch_1920_fu_5816                                                             |    8|   0|    8|          0|
    |patch_1921_fu_5812                                                             |    8|   0|    8|          0|
    |patch_1922_fu_5808                                                             |    8|   0|    8|          0|
    |patch_1923_fu_5804                                                             |    8|   0|    8|          0|
    |patch_1924_fu_5800                                                             |    8|   0|    8|          0|
    |patch_1925_fu_5796                                                             |    8|   0|    8|          0|
    |patch_1926_fu_5792                                                             |    8|   0|    8|          0|
    |patch_1927_fu_5788                                                             |    8|   0|    8|          0|
    |patch_1928_fu_5784                                                             |    8|   0|    8|          0|
    |patch_1929_fu_5780                                                             |    8|   0|    8|          0|
    |patch_1930_fu_5776                                                             |    8|   0|    8|          0|
    |patch_1931_fu_5772                                                             |    8|   0|    8|          0|
    |patch_1932_fu_5768                                                             |    8|   0|    8|          0|
    |patch_1933_fu_5764                                                             |    8|   0|    8|          0|
    |patch_1934_fu_5760                                                             |    8|   0|    8|          0|
    |patch_1935_fu_5756                                                             |    8|   0|    8|          0|
    |patch_1936_fu_5752                                                             |    8|   0|    8|          0|
    |patch_1937_fu_5748                                                             |    8|   0|    8|          0|
    |patch_1938_fu_5744                                                             |    8|   0|    8|          0|
    |patch_1939_fu_5740                                                             |    8|   0|    8|          0|
    |patch_1940_fu_5736                                                             |    8|   0|    8|          0|
    |patch_1941_fu_5732                                                             |    8|   0|    8|          0|
    |patch_1942_fu_5728                                                             |    8|   0|    8|          0|
    |patch_1943_fu_5724                                                             |    8|   0|    8|          0|
    |patch_1944_fu_5720                                                             |    8|   0|    8|          0|
    |patch_1945_fu_5716                                                             |    8|   0|    8|          0|
    |patch_1946_fu_5712                                                             |    8|   0|    8|          0|
    |patch_1947_fu_5708                                                             |    8|   0|    8|          0|
    |patch_1948_fu_5704                                                             |    8|   0|    8|          0|
    |patch_1949_fu_5700                                                             |    8|   0|    8|          0|
    |patch_1950_fu_5696                                                             |    8|   0|    8|          0|
    |patch_1951_fu_5692                                                             |    8|   0|    8|          0|
    |patch_1952_fu_5688                                                             |    8|   0|    8|          0|
    |patch_1953_fu_5684                                                             |    8|   0|    8|          0|
    |patch_1954_fu_5680                                                             |    8|   0|    8|          0|
    |patch_1955_fu_5676                                                             |    8|   0|    8|          0|
    |patch_1956_fu_5672                                                             |    8|   0|    8|          0|
    |patch_1957_fu_5668                                                             |    8|   0|    8|          0|
    |patch_1958_fu_5664                                                             |    8|   0|    8|          0|
    |patch_1959_fu_5660                                                             |    8|   0|    8|          0|
    |patch_1960_fu_5656                                                             |    8|   0|    8|          0|
    |patch_1961_fu_5652                                                             |    8|   0|    8|          0|
    |patch_1962_fu_5648                                                             |    8|   0|    8|          0|
    |patch_1963_fu_5644                                                             |    8|   0|    8|          0|
    |patch_1964_fu_5640                                                             |    8|   0|    8|          0|
    |patch_1965_fu_5636                                                             |    8|   0|    8|          0|
    |patch_1966_fu_5632                                                             |    8|   0|    8|          0|
    |patch_1967_fu_5628                                                             |    8|   0|    8|          0|
    |patch_1968_fu_5624                                                             |    8|   0|    8|          0|
    |patch_1969_fu_5620                                                             |    8|   0|    8|          0|
    |patch_1970_fu_5616                                                             |    8|   0|    8|          0|
    |patch_1971_fu_5612                                                             |    8|   0|    8|          0|
    |patch_1972_fu_5608                                                             |    8|   0|    8|          0|
    |patch_1973_fu_5604                                                             |    8|   0|    8|          0|
    |patch_1974_fu_5600                                                             |    8|   0|    8|          0|
    |patch_1975_fu_5596                                                             |    8|   0|    8|          0|
    |patch_1976_fu_5592                                                             |    8|   0|    8|          0|
    |patch_1977_fu_5588                                                             |    8|   0|    8|          0|
    |patch_1978_fu_5584                                                             |    8|   0|    8|          0|
    |patch_1979_fu_5580                                                             |    8|   0|    8|          0|
    |patch_1980_fu_5576                                                             |    8|   0|    8|          0|
    |patch_1981_fu_5572                                                             |    8|   0|    8|          0|
    |patch_1982_fu_5568                                                             |    8|   0|    8|          0|
    |patch_1983_fu_5564                                                             |    8|   0|    8|          0|
    |patch_1984_fu_5560                                                             |    8|   0|    8|          0|
    |patch_1985_fu_5556                                                             |    8|   0|    8|          0|
    |patch_1986_fu_5552                                                             |    8|   0|    8|          0|
    |patch_1987_fu_5548                                                             |    8|   0|    8|          0|
    |patch_1988_fu_5544                                                             |    8|   0|    8|          0|
    |patch_1989_fu_5540                                                             |    8|   0|    8|          0|
    |patch_1990_fu_5536                                                             |    8|   0|    8|          0|
    |patch_1991_fu_5532                                                             |    8|   0|    8|          0|
    |patch_1992_fu_5528                                                             |    8|   0|    8|          0|
    |patch_1993_fu_5524                                                             |    8|   0|    8|          0|
    |patch_1994_fu_5520                                                             |    8|   0|    8|          0|
    |patch_1995_fu_5516                                                             |    8|   0|    8|          0|
    |patch_1996_fu_5512                                                             |    8|   0|    8|          0|
    |patch_1997_fu_5508                                                             |    8|   0|    8|          0|
    |patch_1998_fu_5504                                                             |    8|   0|    8|          0|
    |patch_1999_fu_5500                                                             |    8|   0|    8|          0|
    |patch_2000_fu_5496                                                             |    8|   0|    8|          0|
    |patch_2001_fu_5492                                                             |    8|   0|    8|          0|
    |patch_2002_fu_5488                                                             |    8|   0|    8|          0|
    |patch_2003_fu_5484                                                             |    8|   0|    8|          0|
    |patch_2004_fu_5480                                                             |    8|   0|    8|          0|
    |patch_2005_fu_5476                                                             |    8|   0|    8|          0|
    |patch_2006_fu_5472                                                             |    8|   0|    8|          0|
    |patch_2007_fu_5468                                                             |    8|   0|    8|          0|
    |patch_2008_fu_5464                                                             |    8|   0|    8|          0|
    |patch_2009_fu_5460                                                             |    8|   0|    8|          0|
    |patch_2010_fu_5456                                                             |    8|   0|    8|          0|
    |patch_2011_fu_5452                                                             |    8|   0|    8|          0|
    |patch_2012_fu_5448                                                             |    8|   0|    8|          0|
    |patch_2013_fu_5444                                                             |    8|   0|    8|          0|
    |patch_2014_fu_5440                                                             |    8|   0|    8|          0|
    |patch_2015_fu_5436                                                             |    8|   0|    8|          0|
    |patch_2016_fu_5432                                                             |    8|   0|    8|          0|
    |patch_2017_fu_5428                                                             |    8|   0|    8|          0|
    |patch_2018_fu_5424                                                             |    8|   0|    8|          0|
    |patch_2019_fu_5420                                                             |    8|   0|    8|          0|
    |patch_2020_fu_5416                                                             |    8|   0|    8|          0|
    |patch_2021_fu_5412                                                             |    8|   0|    8|          0|
    |patch_2022_fu_5408                                                             |    8|   0|    8|          0|
    |patch_2023_fu_5404                                                             |    8|   0|    8|          0|
    |patch_2024_fu_5400                                                             |    8|   0|    8|          0|
    |patch_2025_fu_5396                                                             |    8|   0|    8|          0|
    |patch_2026_fu_5392                                                             |    8|   0|    8|          0|
    |patch_2027_fu_5388                                                             |    8|   0|    8|          0|
    |patch_2028_fu_5384                                                             |    8|   0|    8|          0|
    |patch_2029_fu_5380                                                             |    8|   0|    8|          0|
    |patch_2030_fu_5376                                                             |    8|   0|    8|          0|
    |patch_2031_fu_5372                                                             |    8|   0|    8|          0|
    |patch_2032_fu_5368                                                             |    8|   0|    8|          0|
    |patch_2033_fu_5364                                                             |    8|   0|    8|          0|
    |patch_2034_fu_5360                                                             |    8|   0|    8|          0|
    |patch_2035_fu_5356                                                             |    8|   0|    8|          0|
    |patch_2036_fu_5352                                                             |    8|   0|    8|          0|
    |patch_2037_fu_5348                                                             |    8|   0|    8|          0|
    |patch_2038_fu_5344                                                             |    8|   0|    8|          0|
    |patch_2039_fu_5340                                                             |    8|   0|    8|          0|
    |patch_2040_fu_5336                                                             |    8|   0|    8|          0|
    |patch_2041_fu_5332                                                             |    8|   0|    8|          0|
    |patch_2042_fu_5328                                                             |    8|   0|    8|          0|
    |patch_2043_fu_5324                                                             |    8|   0|    8|          0|
    |patch_2044_fu_5320                                                             |    8|   0|    8|          0|
    |patch_2045_fu_5316                                                             |    8|   0|    8|          0|
    |patch_2046_fu_5312                                                             |    8|   0|    8|          0|
    |patch_2047_fu_5308                                                             |    8|   0|    8|          0|
    |patch_2048_fu_5304                                                             |    8|   0|    8|          0|
    |patch_2049_fu_5300                                                             |    8|   0|    8|          0|
    |patch_2050_fu_5296                                                             |    8|   0|    8|          0|
    |patch_2051_fu_5292                                                             |    8|   0|    8|          0|
    |patch_2052_fu_5288                                                             |    8|   0|    8|          0|
    |patch_2053_fu_5284                                                             |    8|   0|    8|          0|
    |patch_2054_fu_5280                                                             |    8|   0|    8|          0|
    |patch_2055_fu_5276                                                             |    8|   0|    8|          0|
    |patch_2056_fu_5272                                                             |    8|   0|    8|          0|
    |patch_2057_fu_5268                                                             |    8|   0|    8|          0|
    |patch_2058_fu_5264                                                             |    8|   0|    8|          0|
    |patch_2059_fu_5260                                                             |    8|   0|    8|          0|
    |patch_2060_fu_5256                                                             |    8|   0|    8|          0|
    |patch_2061_fu_5252                                                             |    8|   0|    8|          0|
    |patch_2062_fu_5248                                                             |    8|   0|    8|          0|
    |patch_2063_fu_5244                                                             |    8|   0|    8|          0|
    |patch_2064_fu_5240                                                             |    8|   0|    8|          0|
    |patch_2065_fu_5236                                                             |    8|   0|    8|          0|
    |patch_2066_fu_5232                                                             |    8|   0|    8|          0|
    |patch_2067_fu_5228                                                             |    8|   0|    8|          0|
    |patch_2068_fu_5224                                                             |    8|   0|    8|          0|
    |patch_2069_fu_5220                                                             |    8|   0|    8|          0|
    |patch_2070_fu_5216                                                             |    8|   0|    8|          0|
    |patch_2071_fu_5212                                                             |    8|   0|    8|          0|
    |patch_2072_fu_5208                                                             |    8|   0|    8|          0|
    |patch_2073_fu_5204                                                             |    8|   0|    8|          0|
    |patch_2074_fu_5200                                                             |    8|   0|    8|          0|
    |patch_2075_fu_5196                                                             |    8|   0|    8|          0|
    |patch_2076_fu_5192                                                             |    8|   0|    8|          0|
    |patch_2077_fu_5188                                                             |    8|   0|    8|          0|
    |patch_2078_fu_5184                                                             |    8|   0|    8|          0|
    |patch_2079_fu_5180                                                             |    8|   0|    8|          0|
    |patch_2080_fu_5176                                                             |    8|   0|    8|          0|
    |patch_2081_fu_5172                                                             |    8|   0|    8|          0|
    |patch_2082_fu_5168                                                             |    8|   0|    8|          0|
    |patch_2083_fu_5164                                                             |    8|   0|    8|          0|
    |patch_2084_fu_5160                                                             |    8|   0|    8|          0|
    |patch_2085_fu_5156                                                             |    8|   0|    8|          0|
    |patch_2086_fu_5152                                                             |    8|   0|    8|          0|
    |patch_2087_fu_5148                                                             |    8|   0|    8|          0|
    |patch_2088_fu_5144                                                             |    8|   0|    8|          0|
    |patch_2089_fu_5140                                                             |    8|   0|    8|          0|
    |patch_2090_fu_5136                                                             |    8|   0|    8|          0|
    |patch_2091_fu_5132                                                             |    8|   0|    8|          0|
    |patch_2092_fu_5128                                                             |    8|   0|    8|          0|
    |patch_2093_fu_5124                                                             |    8|   0|    8|          0|
    |patch_2094_fu_5120                                                             |    8|   0|    8|          0|
    |patch_2095_fu_5116                                                             |    8|   0|    8|          0|
    |patch_2096_fu_5112                                                             |    8|   0|    8|          0|
    |patch_2097_fu_5108                                                             |    8|   0|    8|          0|
    |patch_2098_fu_5104                                                             |    8|   0|    8|          0|
    |patch_2099_fu_5100                                                             |    8|   0|    8|          0|
    |patch_2100_fu_5096                                                             |    8|   0|    8|          0|
    |patch_2101_fu_5092                                                             |    8|   0|    8|          0|
    |patch_2102_fu_5088                                                             |    8|   0|    8|          0|
    |patch_2103_fu_5084                                                             |    8|   0|    8|          0|
    |patch_2104_fu_5080                                                             |    8|   0|    8|          0|
    |patch_2105_fu_5076                                                             |    8|   0|    8|          0|
    |patch_2106_fu_5072                                                             |    8|   0|    8|          0|
    |patch_2107_fu_5068                                                             |    8|   0|    8|          0|
    |patch_2108_fu_5064                                                             |    8|   0|    8|          0|
    |patch_2109_fu_5060                                                             |    8|   0|    8|          0|
    |patch_2110_fu_5056                                                             |    8|   0|    8|          0|
    |patch_2111_fu_5052                                                             |    8|   0|    8|          0|
    |patch_2112_fu_5048                                                             |    8|   0|    8|          0|
    |patch_2113_fu_5044                                                             |    8|   0|    8|          0|
    |patch_2114_fu_5040                                                             |    8|   0|    8|          0|
    |patch_2115_fu_5036                                                             |    8|   0|    8|          0|
    |patch_2116_fu_5032                                                             |    8|   0|    8|          0|
    |patch_2117_fu_5028                                                             |    8|   0|    8|          0|
    |patch_2118_fu_5024                                                             |    8|   0|    8|          0|
    |patch_2119_fu_5020                                                             |    8|   0|    8|          0|
    |patch_2120_fu_5016                                                             |    8|   0|    8|          0|
    |patch_2121_fu_5012                                                             |    8|   0|    8|          0|
    |patch_2122_fu_5008                                                             |    8|   0|    8|          0|
    |patch_2123_fu_5004                                                             |    8|   0|    8|          0|
    |patch_2124_fu_5000                                                             |    8|   0|    8|          0|
    |patch_2125_fu_4996                                                             |    8|   0|    8|          0|
    |patch_2126_fu_4992                                                             |    8|   0|    8|          0|
    |patch_2127_fu_4988                                                             |    8|   0|    8|          0|
    |patch_2128_fu_4984                                                             |    8|   0|    8|          0|
    |patch_2129_fu_4980                                                             |    8|   0|    8|          0|
    |patch_2130_fu_4976                                                             |    8|   0|    8|          0|
    |patch_2131_fu_4972                                                             |    8|   0|    8|          0|
    |patch_2132_fu_4968                                                             |    8|   0|    8|          0|
    |patch_2133_fu_4964                                                             |    8|   0|    8|          0|
    |patch_2134_fu_4960                                                             |    8|   0|    8|          0|
    |patch_2135_fu_4956                                                             |    8|   0|    8|          0|
    |patch_2136_fu_4952                                                             |    8|   0|    8|          0|
    |patch_2137_fu_4948                                                             |    8|   0|    8|          0|
    |patch_2138_fu_4944                                                             |    8|   0|    8|          0|
    |patch_2139_fu_4940                                                             |    8|   0|    8|          0|
    |patch_2140_fu_4936                                                             |    8|   0|    8|          0|
    |patch_2141_fu_4932                                                             |    8|   0|    8|          0|
    |patch_2142_fu_4928                                                             |    8|   0|    8|          0|
    |patch_2143_fu_4924                                                             |    8|   0|    8|          0|
    |patch_2144_fu_4920                                                             |    8|   0|    8|          0|
    |patch_2145_fu_4916                                                             |    8|   0|    8|          0|
    |patch_2146_fu_4912                                                             |    8|   0|    8|          0|
    |patch_2147_fu_4908                                                             |    8|   0|    8|          0|
    |patch_2148_fu_4904                                                             |    8|   0|    8|          0|
    |patch_2149_fu_4900                                                             |    8|   0|    8|          0|
    |patch_2150_fu_4896                                                             |    8|   0|    8|          0|
    |patch_2151_fu_4892                                                             |    8|   0|    8|          0|
    |patch_2152_fu_4888                                                             |    8|   0|    8|          0|
    |patch_2153_fu_4884                                                             |    8|   0|    8|          0|
    |patch_2154_fu_4880                                                             |    8|   0|    8|          0|
    |patch_2155_fu_4876                                                             |    8|   0|    8|          0|
    |patch_2156_fu_4872                                                             |    8|   0|    8|          0|
    |patch_2157_fu_4868                                                             |    8|   0|    8|          0|
    |patch_2158_fu_4864                                                             |    8|   0|    8|          0|
    |patch_2159_fu_4860                                                             |    8|   0|    8|          0|
    |patch_2160_fu_4856                                                             |    8|   0|    8|          0|
    |patch_2161_fu_4852                                                             |    8|   0|    8|          0|
    |patch_2162_fu_4848                                                             |    8|   0|    8|          0|
    |patch_2163_fu_4844                                                             |    8|   0|    8|          0|
    |patch_2164_fu_4840                                                             |    8|   0|    8|          0|
    |patch_2165_fu_4836                                                             |    8|   0|    8|          0|
    |patch_2166_fu_4832                                                             |    8|   0|    8|          0|
    |patch_2167_fu_4828                                                             |    8|   0|    8|          0|
    |patch_2168_fu_4824                                                             |    8|   0|    8|          0|
    |patch_2169_fu_4820                                                             |    8|   0|    8|          0|
    |patch_2170_fu_4816                                                             |    8|   0|    8|          0|
    |patch_2171_fu_4812                                                             |    8|   0|    8|          0|
    |patch_2172_fu_4808                                                             |    8|   0|    8|          0|
    |patch_2173_fu_4804                                                             |    8|   0|    8|          0|
    |patch_2174_fu_4800                                                             |    8|   0|    8|          0|
    |patch_2175_fu_4796                                                             |    8|   0|    8|          0|
    |patch_2176_fu_4792                                                             |    8|   0|    8|          0|
    |patch_2177_fu_4788                                                             |    8|   0|    8|          0|
    |patch_2178_fu_4784                                                             |    8|   0|    8|          0|
    |patch_2179_fu_4780                                                             |    8|   0|    8|          0|
    |patch_2180_fu_4776                                                             |    8|   0|    8|          0|
    |patch_2181_fu_4772                                                             |    8|   0|    8|          0|
    |patch_2182_fu_4768                                                             |    8|   0|    8|          0|
    |patch_2183_fu_4764                                                             |    8|   0|    8|          0|
    |patch_2184_fu_4760                                                             |    8|   0|    8|          0|
    |patch_2185_fu_4756                                                             |    8|   0|    8|          0|
    |patch_2186_fu_4752                                                             |    8|   0|    8|          0|
    |patch_2187_fu_4748                                                             |    8|   0|    8|          0|
    |patch_2188_fu_4744                                                             |    8|   0|    8|          0|
    |patch_2189_fu_4740                                                             |    8|   0|    8|          0|
    |patch_2190_fu_4736                                                             |    8|   0|    8|          0|
    |patch_2191_fu_4732                                                             |    8|   0|    8|          0|
    |patch_2192_fu_4728                                                             |    8|   0|    8|          0|
    |patch_2193_fu_4724                                                             |    8|   0|    8|          0|
    |patch_2194_fu_4720                                                             |    8|   0|    8|          0|
    |patch_2195_fu_4716                                                             |    8|   0|    8|          0|
    |patch_2196_fu_4712                                                             |    8|   0|    8|          0|
    |patch_2197_fu_4708                                                             |    8|   0|    8|          0|
    |patch_2198_fu_4704                                                             |    8|   0|    8|          0|
    |patch_2199_fu_4700                                                             |    8|   0|    8|          0|
    |patch_2200_fu_4696                                                             |    8|   0|    8|          0|
    |patch_2201_fu_4692                                                             |    8|   0|    8|          0|
    |patch_2202_fu_4688                                                             |    8|   0|    8|          0|
    |patch_2203_fu_4684                                                             |    8|   0|    8|          0|
    |patch_2204_fu_4680                                                             |    8|   0|    8|          0|
    |patch_2205_fu_4676                                                             |    8|   0|    8|          0|
    |patch_2206_fu_4672                                                             |    8|   0|    8|          0|
    |patch_2207_fu_4668                                                             |    8|   0|    8|          0|
    |patch_2208_fu_4664                                                             |    8|   0|    8|          0|
    |patch_2209_fu_4660                                                             |    8|   0|    8|          0|
    |patch_2210_fu_4656                                                             |    8|   0|    8|          0|
    |patch_2211_fu_4652                                                             |    8|   0|    8|          0|
    |patch_2212_fu_4648                                                             |    8|   0|    8|          0|
    |patch_2213_fu_4644                                                             |    8|   0|    8|          0|
    |patch_2214_fu_4640                                                             |    8|   0|    8|          0|
    |patch_2215_fu_4636                                                             |    8|   0|    8|          0|
    |patch_2216_fu_4632                                                             |    8|   0|    8|          0|
    |patch_2217_fu_4628                                                             |    8|   0|    8|          0|
    |patch_2218_fu_4624                                                             |    8|   0|    8|          0|
    |patch_2219_fu_4620                                                             |    8|   0|    8|          0|
    |patch_2220_fu_4616                                                             |    8|   0|    8|          0|
    |patch_2221_fu_4612                                                             |    8|   0|    8|          0|
    |patch_2222_fu_4608                                                             |    8|   0|    8|          0|
    |patch_2223_fu_4604                                                             |    8|   0|    8|          0|
    |patch_2224_fu_4600                                                             |    8|   0|    8|          0|
    |patch_2225_fu_4596                                                             |    8|   0|    8|          0|
    |patch_2226_fu_4592                                                             |    8|   0|    8|          0|
    |patch_2227_fu_4588                                                             |    8|   0|    8|          0|
    |patch_2228_fu_4584                                                             |    8|   0|    8|          0|
    |patch_2229_fu_4580                                                             |    8|   0|    8|          0|
    |patch_2230_fu_4576                                                             |    8|   0|    8|          0|
    |patch_2231_fu_4572                                                             |    8|   0|    8|          0|
    |patch_2232_fu_4568                                                             |    8|   0|    8|          0|
    |patch_2233_fu_4564                                                             |    8|   0|    8|          0|
    |patch_2234_fu_4560                                                             |    8|   0|    8|          0|
    |patch_2235_fu_4556                                                             |    8|   0|    8|          0|
    |patch_2236_fu_4552                                                             |    8|   0|    8|          0|
    |patch_2237_fu_4548                                                             |    8|   0|    8|          0|
    |patch_2238_fu_4544                                                             |    8|   0|    8|          0|
    |patch_2239_fu_4540                                                             |    8|   0|    8|          0|
    |patch_2240_fu_4536                                                             |    8|   0|    8|          0|
    |patch_2241_fu_4532                                                             |    8|   0|    8|          0|
    |patch_2242_fu_4528                                                             |    8|   0|    8|          0|
    |patch_2243_fu_4524                                                             |    8|   0|    8|          0|
    |patch_2244_fu_4520                                                             |    8|   0|    8|          0|
    |patch_2245_fu_4516                                                             |    8|   0|    8|          0|
    |patch_2246_fu_4512                                                             |    8|   0|    8|          0|
    |patch_2247_fu_4508                                                             |    8|   0|    8|          0|
    |patch_2248_fu_4504                                                             |    8|   0|    8|          0|
    |patch_2249_fu_4500                                                             |    8|   0|    8|          0|
    |patch_2250_fu_4496                                                             |    8|   0|    8|          0|
    |patch_2251_fu_4492                                                             |    8|   0|    8|          0|
    |patch_2252_fu_4488                                                             |    8|   0|    8|          0|
    |patch_2253_fu_4484                                                             |    8|   0|    8|          0|
    |patch_2254_fu_4480                                                             |    8|   0|    8|          0|
    |patch_2255_fu_4476                                                             |    8|   0|    8|          0|
    |patch_2256_fu_4472                                                             |    8|   0|    8|          0|
    |patch_2257_fu_4468                                                             |    8|   0|    8|          0|
    |patch_2258_fu_4464                                                             |    8|   0|    8|          0|
    |patch_2259_fu_4460                                                             |    8|   0|    8|          0|
    |patch_2260_fu_4456                                                             |    8|   0|    8|          0|
    |patch_2261_fu_4452                                                             |    8|   0|    8|          0|
    |patch_2262_fu_4448                                                             |    8|   0|    8|          0|
    |patch_2263_fu_4444                                                             |    8|   0|    8|          0|
    |patch_2264_fu_4440                                                             |    8|   0|    8|          0|
    |patch_2265_fu_4436                                                             |    8|   0|    8|          0|
    |patch_2266_fu_4432                                                             |    8|   0|    8|          0|
    |patch_2267_fu_4428                                                             |    8|   0|    8|          0|
    |patch_2268_fu_4424                                                             |    8|   0|    8|          0|
    |patch_2269_fu_4420                                                             |    8|   0|    8|          0|
    |patch_2270_fu_4416                                                             |    8|   0|    8|          0|
    |patch_2271_fu_4412                                                             |    8|   0|    8|          0|
    |patch_2272_fu_4408                                                             |    8|   0|    8|          0|
    |patch_2273_fu_4404                                                             |    8|   0|    8|          0|
    |patch_2274_fu_4400                                                             |    8|   0|    8|          0|
    |patch_2275_fu_4396                                                             |    8|   0|    8|          0|
    |patch_2276_fu_4392                                                             |    8|   0|    8|          0|
    |patch_2277_fu_4388                                                             |    8|   0|    8|          0|
    |patch_2278_fu_4384                                                             |    8|   0|    8|          0|
    |patch_2279_fu_4380                                                             |    8|   0|    8|          0|
    |patch_2280_fu_4376                                                             |    8|   0|    8|          0|
    |patch_2281_fu_4372                                                             |    8|   0|    8|          0|
    |patch_2282_fu_4368                                                             |    8|   0|    8|          0|
    |patch_2283_fu_4364                                                             |    8|   0|    8|          0|
    |patch_2284_fu_4360                                                             |    8|   0|    8|          0|
    |patch_2285_fu_4356                                                             |    8|   0|    8|          0|
    |patch_2286_fu_4352                                                             |    8|   0|    8|          0|
    |patch_2287_fu_4348                                                             |    8|   0|    8|          0|
    |patch_2288_fu_4344                                                             |    8|   0|    8|          0|
    |patch_2289_fu_4340                                                             |    8|   0|    8|          0|
    |patch_2290_fu_4336                                                             |    8|   0|    8|          0|
    |patch_2291_fu_4332                                                             |    8|   0|    8|          0|
    |patch_2292_fu_4328                                                             |    8|   0|    8|          0|
    |patch_2293_fu_4324                                                             |    8|   0|    8|          0|
    |patch_2294_fu_4320                                                             |    8|   0|    8|          0|
    |patch_2295_fu_4316                                                             |    8|   0|    8|          0|
    |patch_2296_fu_4312                                                             |    8|   0|    8|          0|
    |patch_2297_fu_4308                                                             |    8|   0|    8|          0|
    |patch_2298_fu_4304                                                             |    8|   0|    8|          0|
    |patch_2299_fu_4300                                                             |    8|   0|    8|          0|
    |patch_2300_fu_4296                                                             |    8|   0|    8|          0|
    |patch_2301_fu_4292                                                             |    8|   0|    8|          0|
    |patch_2302_fu_4288                                                             |    8|   0|    8|          0|
    |patch_2303_fu_4284                                                             |    8|   0|    8|          0|
    |patch_2304_fu_4280                                                             |    8|   0|    8|          0|
    |patch_2305_fu_4276                                                             |    8|   0|    8|          0|
    |patch_2306_fu_4272                                                             |    8|   0|    8|          0|
    |patch_2307_fu_4268                                                             |    8|   0|    8|          0|
    |patch_2308_fu_4264                                                             |    8|   0|    8|          0|
    |patch_2309_fu_4260                                                             |    8|   0|    8|          0|
    |patch_2310_fu_4256                                                             |    8|   0|    8|          0|
    |patch_2311_fu_4252                                                             |    8|   0|    8|          0|
    |patch_2312_fu_4248                                                             |    8|   0|    8|          0|
    |patch_2313_fu_4244                                                             |    8|   0|    8|          0|
    |patch_2314_fu_4240                                                             |    8|   0|    8|          0|
    |patch_2315_fu_4236                                                             |    8|   0|    8|          0|
    |patch_2316_fu_4232                                                             |    8|   0|    8|          0|
    |patch_2317_fu_4228                                                             |    8|   0|    8|          0|
    |patch_2318_fu_4224                                                             |    8|   0|    8|          0|
    |patch_2319_fu_4220                                                             |    8|   0|    8|          0|
    |patch_2320_fu_4216                                                             |    8|   0|    8|          0|
    |patch_2321_fu_4212                                                             |    8|   0|    8|          0|
    |patch_2322_fu_4208                                                             |    8|   0|    8|          0|
    |patch_2323_fu_4204                                                             |    8|   0|    8|          0|
    |patch_2324_fu_4200                                                             |    8|   0|    8|          0|
    |patch_2325_fu_4196                                                             |    8|   0|    8|          0|
    |patch_2326_fu_4192                                                             |    8|   0|    8|          0|
    |patch_2327_fu_4188                                                             |    8|   0|    8|          0|
    |patch_2328_fu_4184                                                             |    8|   0|    8|          0|
    |patch_2329_fu_4180                                                             |    8|   0|    8|          0|
    |patch_2330_fu_4176                                                             |    8|   0|    8|          0|
    |patch_2331_fu_4172                                                             |    8|   0|    8|          0|
    |patch_2332_fu_4168                                                             |    8|   0|    8|          0|
    |patch_2333_fu_4164                                                             |    8|   0|    8|          0|
    |patch_2334_fu_4160                                                             |    8|   0|    8|          0|
    |patch_2335_fu_4156                                                             |    8|   0|    8|          0|
    |patch_2336_fu_4152                                                             |    8|   0|    8|          0|
    |patch_2337_fu_4148                                                             |    8|   0|    8|          0|
    |patch_2338_fu_4144                                                             |    8|   0|    8|          0|
    |patch_2339_fu_4140                                                             |    8|   0|    8|          0|
    |patch_2340_fu_4136                                                             |    8|   0|    8|          0|
    |patch_2341_fu_4132                                                             |    8|   0|    8|          0|
    |patch_2342_fu_4128                                                             |    8|   0|    8|          0|
    |patch_2343_fu_4124                                                             |    8|   0|    8|          0|
    |patch_2344_fu_4120                                                             |    8|   0|    8|          0|
    |patch_2345_fu_4116                                                             |    8|   0|    8|          0|
    |patch_2346_fu_4112                                                             |    8|   0|    8|          0|
    |patch_2347_fu_4108                                                             |    8|   0|    8|          0|
    |patch_2348_fu_4104                                                             |    8|   0|    8|          0|
    |patch_2349_fu_4100                                                             |    8|   0|    8|          0|
    |patch_2350_fu_4096                                                             |    8|   0|    8|          0|
    |patch_2351_fu_4092                                                             |    8|   0|    8|          0|
    |patch_2352_fu_4088                                                             |    8|   0|    8|          0|
    |patch_2353_fu_4084                                                             |    8|   0|    8|          0|
    |patch_2354_fu_4080                                                             |    8|   0|    8|          0|
    |patch_2355_fu_4076                                                             |    8|   0|    8|          0|
    |patch_2356_fu_4072                                                             |    8|   0|    8|          0|
    |patch_2357_fu_4068                                                             |    8|   0|    8|          0|
    |patch_2358_fu_4064                                                             |    8|   0|    8|          0|
    |patch_2359_fu_4060                                                             |    8|   0|    8|          0|
    |patch_2360_fu_4056                                                             |    8|   0|    8|          0|
    |patch_2361_fu_4052                                                             |    8|   0|    8|          0|
    |patch_2362_fu_4048                                                             |    8|   0|    8|          0|
    |patch_2363_fu_4044                                                             |    8|   0|    8|          0|
    |patch_2364_fu_4040                                                             |    8|   0|    8|          0|
    |patch_2365_fu_4036                                                             |    8|   0|    8|          0|
    |patch_2366_fu_4032                                                             |    8|   0|    8|          0|
    |patch_2367_fu_4028                                                             |    8|   0|    8|          0|
    |patch_2368_fu_4024                                                             |    8|   0|    8|          0|
    |patch_2369_fu_4020                                                             |    8|   0|    8|          0|
    |patch_2370_fu_4016                                                             |    8|   0|    8|          0|
    |patch_2371_fu_4012                                                             |    8|   0|    8|          0|
    |patch_2372_fu_4008                                                             |    8|   0|    8|          0|
    |patch_2373_fu_4004                                                             |    8|   0|    8|          0|
    |patch_2374_fu_4000                                                             |    8|   0|    8|          0|
    |patch_2375_fu_3996                                                             |    8|   0|    8|          0|
    |patch_2376_fu_3992                                                             |    8|   0|    8|          0|
    |patch_2377_fu_3988                                                             |    8|   0|    8|          0|
    |patch_2378_fu_3984                                                             |    8|   0|    8|          0|
    |patch_2379_fu_3980                                                             |    8|   0|    8|          0|
    |patch_2380_fu_3976                                                             |    8|   0|    8|          0|
    |patch_2381_fu_3972                                                             |    8|   0|    8|          0|
    |patch_2382_fu_3968                                                             |    8|   0|    8|          0|
    |patch_2383_fu_3964                                                             |    8|   0|    8|          0|
    |patch_2384_fu_3960                                                             |    8|   0|    8|          0|
    |patch_2385_fu_3956                                                             |    8|   0|    8|          0|
    |patch_2386_fu_3952                                                             |    8|   0|    8|          0|
    |patch_2387_fu_3948                                                             |    8|   0|    8|          0|
    |patch_2388_fu_3944                                                             |    8|   0|    8|          0|
    |patch_2389_fu_3940                                                             |    8|   0|    8|          0|
    |patch_2390_fu_3936                                                             |    8|   0|    8|          0|
    |patch_2391_fu_3932                                                             |    8|   0|    8|          0|
    |patch_2392_fu_3928                                                             |    8|   0|    8|          0|
    |patch_2393_fu_3924                                                             |    8|   0|    8|          0|
    |patch_2394_fu_3920                                                             |    8|   0|    8|          0|
    |patch_2395_fu_3916                                                             |    8|   0|    8|          0|
    |patch_2396_fu_3912                                                             |    8|   0|    8|          0|
    |patch_2397_fu_3908                                                             |    8|   0|    8|          0|
    |patch_2398_fu_3904                                                             |    8|   0|    8|          0|
    |patch_2399_fu_3900                                                             |    8|   0|    8|          0|
    |patch_2400_fu_3896                                                             |    8|   0|    8|          0|
    |patch_2401_fu_3892                                                             |    8|   0|    8|          0|
    |patch_2402_fu_3888                                                             |    8|   0|    8|          0|
    |patch_2403_fu_3884                                                             |    8|   0|    8|          0|
    |patch_2404_fu_3880                                                             |    8|   0|    8|          0|
    |patch_2405_fu_3876                                                             |    8|   0|    8|          0|
    |patch_2406_fu_3872                                                             |    8|   0|    8|          0|
    |patch_2407_fu_3868                                                             |    8|   0|    8|          0|
    |patch_2408_fu_3864                                                             |    8|   0|    8|          0|
    |patch_2409_fu_3860                                                             |    8|   0|    8|          0|
    |patch_2410_fu_3856                                                             |    8|   0|    8|          0|
    |patch_2411_fu_3852                                                             |    8|   0|    8|          0|
    |patch_2412_fu_3848                                                             |    8|   0|    8|          0|
    |patch_2413_fu_3844                                                             |    8|   0|    8|          0|
    |patch_2414_fu_3840                                                             |    8|   0|    8|          0|
    |patch_2415_fu_3836                                                             |    8|   0|    8|          0|
    |patch_2416_fu_3832                                                             |    8|   0|    8|          0|
    |patch_2417_fu_3828                                                             |    8|   0|    8|          0|
    |patch_2418_fu_3824                                                             |    8|   0|    8|          0|
    |patch_2419_fu_3820                                                             |    8|   0|    8|          0|
    |patch_2420_fu_3816                                                             |    8|   0|    8|          0|
    |patch_2421_fu_3812                                                             |    8|   0|    8|          0|
    |patch_2422_fu_3808                                                             |    8|   0|    8|          0|
    |patch_2423_fu_3804                                                             |    8|   0|    8|          0|
    |patch_2424_fu_3800                                                             |    8|   0|    8|          0|
    |patch_2425_fu_3796                                                             |    8|   0|    8|          0|
    |patch_2426_fu_3792                                                             |    8|   0|    8|          0|
    |patch_2427_fu_3788                                                             |    8|   0|    8|          0|
    |patch_2428_fu_3784                                                             |    8|   0|    8|          0|
    |patch_2429_fu_3780                                                             |    8|   0|    8|          0|
    |patch_2430_fu_3776                                                             |    8|   0|    8|          0|
    |patch_2431_fu_3772                                                             |    8|   0|    8|          0|
    |patch_2432_fu_3768                                                             |    8|   0|    8|          0|
    |patch_2433_fu_3764                                                             |    8|   0|    8|          0|
    |patch_2434_fu_3760                                                             |    8|   0|    8|          0|
    |patch_2435_fu_3756                                                             |    8|   0|    8|          0|
    |patch_2436_fu_3752                                                             |    8|   0|    8|          0|
    |patch_2437_fu_3748                                                             |    8|   0|    8|          0|
    |patch_2438_fu_3744                                                             |    8|   0|    8|          0|
    |patch_2439_fu_3740                                                             |    8|   0|    8|          0|
    |patch_2440_fu_3736                                                             |    8|   0|    8|          0|
    |patch_2441_fu_3732                                                             |    8|   0|    8|          0|
    |patch_2442_fu_3728                                                             |    8|   0|    8|          0|
    |patch_2443_fu_3724                                                             |    8|   0|    8|          0|
    |patch_2444_fu_3720                                                             |    8|   0|    8|          0|
    |patch_2445_fu_3716                                                             |    8|   0|    8|          0|
    |patch_2446_fu_3712                                                             |    8|   0|    8|          0|
    |patch_2447_fu_3708                                                             |    8|   0|    8|          0|
    |patch_2448_fu_3704                                                             |    8|   0|    8|          0|
    |patch_2449_fu_3700                                                             |    8|   0|    8|          0|
    |patch_2450_fu_3696                                                             |    8|   0|    8|          0|
    |patch_2451_fu_3692                                                             |    8|   0|    8|          0|
    |patch_2452_fu_3688                                                             |    8|   0|    8|          0|
    |patch_2453_fu_3684                                                             |    8|   0|    8|          0|
    |patch_2454_fu_3680                                                             |    8|   0|    8|          0|
    |patch_2455_fu_3676                                                             |    8|   0|    8|          0|
    |patch_2456_fu_3672                                                             |    8|   0|    8|          0|
    |patch_2457_fu_3668                                                             |    8|   0|    8|          0|
    |patch_2458_fu_3664                                                             |    8|   0|    8|          0|
    |patch_2459_fu_3660                                                             |    8|   0|    8|          0|
    |patch_2460_fu_3656                                                             |    8|   0|    8|          0|
    |patch_2461_fu_3652                                                             |    8|   0|    8|          0|
    |patch_2462_fu_3648                                                             |    8|   0|    8|          0|
    |patch_2463_fu_3644                                                             |    8|   0|    8|          0|
    |patch_2464_fu_3640                                                             |    8|   0|    8|          0|
    |patch_2465_fu_3636                                                             |    8|   0|    8|          0|
    |patch_2466_fu_3632                                                             |    8|   0|    8|          0|
    |patch_2467_fu_3628                                                             |    8|   0|    8|          0|
    |patch_2468_fu_3624                                                             |    8|   0|    8|          0|
    |patch_2469_fu_3620                                                             |    8|   0|    8|          0|
    |patch_2470_fu_3616                                                             |    8|   0|    8|          0|
    |patch_2471_fu_3612                                                             |    8|   0|    8|          0|
    |patch_2472_fu_3608                                                             |    8|   0|    8|          0|
    |patch_2473_fu_3604                                                             |    8|   0|    8|          0|
    |patch_2474_fu_3600                                                             |    8|   0|    8|          0|
    |patch_2475_fu_3596                                                             |    8|   0|    8|          0|
    |patch_2476_fu_3592                                                             |    8|   0|    8|          0|
    |patch_2477_fu_3588                                                             |    8|   0|    8|          0|
    |patch_2478_fu_3584                                                             |    8|   0|    8|          0|
    |patch_2479_fu_3580                                                             |    8|   0|    8|          0|
    |patch_2480_fu_3576                                                             |    8|   0|    8|          0|
    |patch_2481_fu_3572                                                             |    8|   0|    8|          0|
    |patch_2482_fu_3568                                                             |    8|   0|    8|          0|
    |patch_2483_fu_3564                                                             |    8|   0|    8|          0|
    |patch_2484_fu_3560                                                             |    8|   0|    8|          0|
    |patch_2485_fu_3556                                                             |    8|   0|    8|          0|
    |patch_2486_fu_3552                                                             |    8|   0|    8|          0|
    |patch_2487_fu_3548                                                             |    8|   0|    8|          0|
    |patch_2488_fu_3544                                                             |    8|   0|    8|          0|
    |patch_2489_fu_3540                                                             |    8|   0|    8|          0|
    |patch_2490_fu_3536                                                             |    8|   0|    8|          0|
    |patch_2491_fu_3532                                                             |    8|   0|    8|          0|
    |patch_2492_fu_3528                                                             |    8|   0|    8|          0|
    |patch_2493_fu_3524                                                             |    8|   0|    8|          0|
    |patch_2494_fu_3520                                                             |    8|   0|    8|          0|
    |patch_2495_fu_3516                                                             |    8|   0|    8|          0|
    |patch_2496_fu_3512                                                             |    8|   0|    8|          0|
    |patch_2497_fu_3508                                                             |    8|   0|    8|          0|
    |patch_2498_fu_3504                                                             |    8|   0|    8|          0|
    |patch_2499_fu_3500                                                             |    8|   0|    8|          0|
    |patch_2500_fu_3496                                                             |    8|   0|    8|          0|
    |patch_2501_fu_3492                                                             |    8|   0|    8|          0|
    |patch_2502_fu_3488                                                             |    8|   0|    8|          0|
    |patch_2503_fu_3484                                                             |    8|   0|    8|          0|
    |patch_2504_fu_3480                                                             |    8|   0|    8|          0|
    |patch_2505_fu_3476                                                             |    8|   0|    8|          0|
    |patch_2506_fu_3472                                                             |    8|   0|    8|          0|
    |patch_2507_fu_3468                                                             |    8|   0|    8|          0|
    |patch_2508_fu_3464                                                             |    8|   0|    8|          0|
    |patch_2509_fu_3460                                                             |    8|   0|    8|          0|
    |patch_2510_fu_3456                                                             |    8|   0|    8|          0|
    |patch_2511_fu_3452                                                             |    8|   0|    8|          0|
    |patch_2512_fu_3448                                                             |    8|   0|    8|          0|
    |patch_2513_fu_3444                                                             |    8|   0|    8|          0|
    |patch_2514_fu_3440                                                             |    8|   0|    8|          0|
    |patch_2515_fu_3436                                                             |    8|   0|    8|          0|
    |patch_2516_fu_3432                                                             |    8|   0|    8|          0|
    |patch_2517_fu_3428                                                             |    8|   0|    8|          0|
    |patch_2518_fu_3424                                                             |    8|   0|    8|          0|
    |patch_2519_fu_3420                                                             |    8|   0|    8|          0|
    |patch_2520_fu_3416                                                             |    8|   0|    8|          0|
    |patch_2521_fu_3412                                                             |    8|   0|    8|          0|
    |patch_2522_fu_3408                                                             |    8|   0|    8|          0|
    |patch_2523_fu_3404                                                             |    8|   0|    8|          0|
    |patch_2524_fu_3400                                                             |    8|   0|    8|          0|
    |patch_2525_fu_3396                                                             |    8|   0|    8|          0|
    |patch_2526_fu_3392                                                             |    8|   0|    8|          0|
    |patch_2527_fu_3388                                                             |    8|   0|    8|          0|
    |patch_2528_fu_3384                                                             |    8|   0|    8|          0|
    |patch_2529_fu_3380                                                             |    8|   0|    8|          0|
    |patch_2530_fu_3376                                                             |    8|   0|    8|          0|
    |patch_2531_fu_3372                                                             |    8|   0|    8|          0|
    |patch_2532_fu_3368                                                             |    8|   0|    8|          0|
    |patch_2533_fu_3364                                                             |    8|   0|    8|          0|
    |patch_2534_fu_3360                                                             |    8|   0|    8|          0|
    |patch_2535_fu_3356                                                             |    8|   0|    8|          0|
    |patch_2536_fu_3352                                                             |    8|   0|    8|          0|
    |patch_2537_fu_3348                                                             |    8|   0|    8|          0|
    |patch_2538_fu_3344                                                             |    8|   0|    8|          0|
    |patch_2539_fu_3340                                                             |    8|   0|    8|          0|
    |patch_2540_fu_3336                                                             |    8|   0|    8|          0|
    |patch_2541_fu_3332                                                             |    8|   0|    8|          0|
    |patch_2542_fu_3328                                                             |    8|   0|    8|          0|
    |patch_2543_fu_3324                                                             |    8|   0|    8|          0|
    |patch_2544_fu_3320                                                             |    8|   0|    8|          0|
    |patch_2545_fu_3316                                                             |    8|   0|    8|          0|
    |patch_2546_fu_3312                                                             |    8|   0|    8|          0|
    |patch_2547_fu_3308                                                             |    8|   0|    8|          0|
    |patch_2548_fu_3304                                                             |    8|   0|    8|          0|
    |patch_2549_fu_3300                                                             |    8|   0|    8|          0|
    |patch_2550_fu_3296                                                             |    8|   0|    8|          0|
    |patch_2551_fu_3292                                                             |    8|   0|    8|          0|
    |patch_2552_fu_3288                                                             |    8|   0|    8|          0|
    |patch_2553_fu_3284                                                             |    8|   0|    8|          0|
    |patch_2554_fu_3280                                                             |    8|   0|    8|          0|
    |patch_2555_fu_3276                                                             |    8|   0|    8|          0|
    |patch_2556_fu_3272                                                             |    8|   0|    8|          0|
    |patch_2557_fu_3268                                                             |    8|   0|    8|          0|
    |patch_2558_fu_3264                                                             |    8|   0|    8|          0|
    |patch_2559_fu_3260                                                             |    8|   0|    8|          0|
    |patch_2560_fu_3256                                                             |    8|   0|    8|          0|
    |patch_2561_fu_3252                                                             |    8|   0|    8|          0|
    |patch_2562_fu_3248                                                             |    8|   0|    8|          0|
    |patch_2563_fu_3244                                                             |    8|   0|    8|          0|
    |patch_2564_fu_3240                                                             |    8|   0|    8|          0|
    |patch_2565_fu_3236                                                             |    8|   0|    8|          0|
    |patch_2566_fu_3232                                                             |    8|   0|    8|          0|
    |patch_2567_fu_3228                                                             |    8|   0|    8|          0|
    |patch_2568_fu_3224                                                             |    8|   0|    8|          0|
    |patch_2569_fu_3220                                                             |    8|   0|    8|          0|
    |patch_2570_fu_3216                                                             |    8|   0|    8|          0|
    |patch_2571_fu_3212                                                             |    8|   0|    8|          0|
    |patch_2572_fu_3208                                                             |    8|   0|    8|          0|
    |patch_2573_fu_3204                                                             |    8|   0|    8|          0|
    |patch_2574_fu_3200                                                             |    8|   0|    8|          0|
    |patch_2575_fu_3196                                                             |    8|   0|    8|          0|
    |patch_2576_fu_3192                                                             |    8|   0|    8|          0|
    |patch_2577_fu_3188                                                             |    8|   0|    8|          0|
    |patch_2578_fu_3184                                                             |    8|   0|    8|          0|
    |patch_2579_fu_3180                                                             |    8|   0|    8|          0|
    |patch_2580_fu_3176                                                             |    8|   0|    8|          0|
    |patch_2581_fu_3172                                                             |    8|   0|    8|          0|
    |patch_2582_fu_3168                                                             |    8|   0|    8|          0|
    |patch_2583_fu_3164                                                             |    8|   0|    8|          0|
    |patch_2584_fu_3160                                                             |    8|   0|    8|          0|
    |patch_2585_fu_3156                                                             |    8|   0|    8|          0|
    |patch_2586_fu_3152                                                             |    8|   0|    8|          0|
    |patch_2587_fu_3148                                                             |    8|   0|    8|          0|
    |patch_2588_fu_3144                                                             |    8|   0|    8|          0|
    |patch_2589_fu_3140                                                             |    8|   0|    8|          0|
    |patch_2590_fu_3136                                                             |    8|   0|    8|          0|
    |patch_2591_fu_3132                                                             |    8|   0|    8|          0|
    |patch_2592_fu_3128                                                             |    8|   0|    8|          0|
    |patch_2593_fu_3124                                                             |    8|   0|    8|          0|
    |patch_2594_fu_3120                                                             |    8|   0|    8|          0|
    |patch_2595_fu_3116                                                             |    8|   0|    8|          0|
    |patch_2596_fu_3112                                                             |    8|   0|    8|          0|
    |patch_2597_fu_3108                                                             |    8|   0|    8|          0|
    |patch_2598_fu_3104                                                             |    8|   0|    8|          0|
    |patch_2599_fu_3100                                                             |    8|   0|    8|          0|
    |patch_2600_fu_3096                                                             |    8|   0|    8|          0|
    |patch_2601_fu_3092                                                             |    8|   0|    8|          0|
    |patch_2602_fu_3088                                                             |    8|   0|    8|          0|
    |patch_2603_fu_3084                                                             |    8|   0|    8|          0|
    |patch_2604_fu_3080                                                             |    8|   0|    8|          0|
    |patch_2605_fu_3076                                                             |    8|   0|    8|          0|
    |patch_2606_fu_3072                                                             |    8|   0|    8|          0|
    |patch_2607_fu_3068                                                             |    8|   0|    8|          0|
    |patch_2608_fu_3064                                                             |    8|   0|    8|          0|
    |patch_2609_fu_3060                                                             |    8|   0|    8|          0|
    |patch_2610_fu_3056                                                             |    8|   0|    8|          0|
    |patch_2611_fu_3052                                                             |    8|   0|    8|          0|
    |patch_2612_fu_3048                                                             |    8|   0|    8|          0|
    |patch_2613_fu_3044                                                             |    8|   0|    8|          0|
    |patch_2614_fu_3040                                                             |    8|   0|    8|          0|
    |patch_2615_fu_3036                                                             |    8|   0|    8|          0|
    |patch_2616_fu_3032                                                             |    8|   0|    8|          0|
    |patch_2617_fu_3028                                                             |    8|   0|    8|          0|
    |patch_2618_fu_3024                                                             |    8|   0|    8|          0|
    |patch_2619_fu_3020                                                             |    8|   0|    8|          0|
    |patch_2620_fu_3016                                                             |    8|   0|    8|          0|
    |patch_2621_fu_3012                                                             |    8|   0|    8|          0|
    |patch_2622_fu_3008                                                             |    8|   0|    8|          0|
    |patch_2623_fu_3004                                                             |    8|   0|    8|          0|
    |patch_2624_fu_3000                                                             |    8|   0|    8|          0|
    |patch_2625_fu_2996                                                             |    8|   0|    8|          0|
    |patch_2626_fu_2992                                                             |    8|   0|    8|          0|
    |patch_2627_fu_2988                                                             |    8|   0|    8|          0|
    |patch_2628_fu_2984                                                             |    8|   0|    8|          0|
    |patch_2629_fu_2980                                                             |    8|   0|    8|          0|
    |patch_2630_fu_2976                                                             |    8|   0|    8|          0|
    |patch_2631_fu_2972                                                             |    8|   0|    8|          0|
    |patch_2632_fu_2968                                                             |    8|   0|    8|          0|
    |patch_2633_fu_2964                                                             |    8|   0|    8|          0|
    |patch_2634_fu_2960                                                             |    8|   0|    8|          0|
    |patch_2635_fu_2956                                                             |    8|   0|    8|          0|
    |patch_2636_fu_2952                                                             |    8|   0|    8|          0|
    |patch_2637_fu_2948                                                             |    8|   0|    8|          0|
    |patch_2638_fu_2944                                                             |    8|   0|    8|          0|
    |patch_2639_fu_2940                                                             |    8|   0|    8|          0|
    |patch_2640_fu_2936                                                             |    8|   0|    8|          0|
    |patch_2641_fu_2932                                                             |    8|   0|    8|          0|
    |patch_2642_fu_2928                                                             |    8|   0|    8|          0|
    |patch_2643_fu_2924                                                             |    8|   0|    8|          0|
    |patch_2644_fu_2920                                                             |    8|   0|    8|          0|
    |patch_2645_fu_2916                                                             |    8|   0|    8|          0|
    |patch_2646_fu_2912                                                             |    8|   0|    8|          0|
    |patch_2647_fu_2908                                                             |    8|   0|    8|          0|
    |patch_2648_fu_2904                                                             |    8|   0|    8|          0|
    |patch_2649_fu_2900                                                             |    8|   0|    8|          0|
    |patch_2650_fu_2896                                                             |    8|   0|    8|          0|
    |patch_2651_fu_2892                                                             |    8|   0|    8|          0|
    |patch_2652_fu_2888                                                             |    8|   0|    8|          0|
    |patch_2653_fu_2884                                                             |    8|   0|    8|          0|
    |patch_2654_fu_2880                                                             |    8|   0|    8|          0|
    |patch_2655_fu_2876                                                             |    8|   0|    8|          0|
    |patch_2656_fu_2872                                                             |    8|   0|    8|          0|
    |patch_2657_fu_2868                                                             |    8|   0|    8|          0|
    |patch_2658_fu_2864                                                             |    8|   0|    8|          0|
    |patch_2659_fu_2860                                                             |    8|   0|    8|          0|
    |patch_2660_fu_2856                                                             |    8|   0|    8|          0|
    |patch_2661_fu_2852                                                             |    8|   0|    8|          0|
    |patch_2662_fu_2848                                                             |    8|   0|    8|          0|
    |patch_2663_fu_2844                                                             |    8|   0|    8|          0|
    |patch_2664_fu_2840                                                             |    8|   0|    8|          0|
    |patch_2665_fu_2836                                                             |    8|   0|    8|          0|
    |patch_2666_fu_2832                                                             |    8|   0|    8|          0|
    |patch_2667_fu_2828                                                             |    8|   0|    8|          0|
    |patch_2668_fu_2824                                                             |    8|   0|    8|          0|
    |patch_2669_fu_2820                                                             |    8|   0|    8|          0|
    |patch_2670_fu_2816                                                             |    8|   0|    8|          0|
    |patch_2671_fu_2812                                                             |    8|   0|    8|          0|
    |patch_2672_fu_2808                                                             |    8|   0|    8|          0|
    |patch_2673_fu_2804                                                             |    8|   0|    8|          0|
    |patch_2674_fu_2800                                                             |    8|   0|    8|          0|
    |patch_2675_fu_2796                                                             |    8|   0|    8|          0|
    |patch_2676_fu_2792                                                             |    8|   0|    8|          0|
    |patch_2677_fu_2788                                                             |    8|   0|    8|          0|
    |patch_2678_fu_2784                                                             |    8|   0|    8|          0|
    |patch_2679_fu_2780                                                             |    8|   0|    8|          0|
    |patch_2680_fu_2776                                                             |    8|   0|    8|          0|
    |patch_2681_fu_2772                                                             |    8|   0|    8|          0|
    |patch_2682_fu_2768                                                             |    8|   0|    8|          0|
    |patch_2683_fu_2764                                                             |    8|   0|    8|          0|
    |patch_2684_fu_2760                                                             |    8|   0|    8|          0|
    |patch_2685_fu_2756                                                             |    8|   0|    8|          0|
    |patch_2686_fu_2752                                                             |    8|   0|    8|          0|
    |patch_2687_fu_2748                                                             |    8|   0|    8|          0|
    |patch_2688_fu_2744                                                             |    8|   0|    8|          0|
    |patch_2689_fu_2740                                                             |    8|   0|    8|          0|
    |patch_2690_fu_2736                                                             |    8|   0|    8|          0|
    |patch_2691_fu_2732                                                             |    8|   0|    8|          0|
    |patch_2692_fu_2728                                                             |    8|   0|    8|          0|
    |patch_2693_fu_2724                                                             |    8|   0|    8|          0|
    |patch_2694_fu_2720                                                             |    8|   0|    8|          0|
    |patch_2695_fu_2716                                                             |    8|   0|    8|          0|
    |patch_2696_fu_2712                                                             |    8|   0|    8|          0|
    |patch_2697_fu_2708                                                             |    8|   0|    8|          0|
    |patch_2698_fu_2704                                                             |    8|   0|    8|          0|
    |patch_2699_fu_2700                                                             |    8|   0|    8|          0|
    |patch_2700_fu_2696                                                             |    8|   0|    8|          0|
    |patch_2701_fu_2692                                                             |    8|   0|    8|          0|
    |patch_2702_fu_2688                                                             |    8|   0|    8|          0|
    |patch_2703_fu_2684                                                             |    8|   0|    8|          0|
    |patch_2704_fu_2680                                                             |    8|   0|    8|          0|
    |patch_2705_fu_2676                                                             |    8|   0|    8|          0|
    |patch_2706_fu_2672                                                             |    8|   0|    8|          0|
    |patch_2707_fu_2668                                                             |    8|   0|    8|          0|
    |patch_2708_fu_2664                                                             |    8|   0|    8|          0|
    |patch_2709_fu_2660                                                             |    8|   0|    8|          0|
    |patch_2710_fu_2656                                                             |    8|   0|    8|          0|
    |patch_2711_fu_2652                                                             |    8|   0|    8|          0|
    |patch_2712_fu_2648                                                             |    8|   0|    8|          0|
    |patch_2713_fu_2644                                                             |    8|   0|    8|          0|
    |patch_2714_fu_2640                                                             |    8|   0|    8|          0|
    |patch_2715_fu_2636                                                             |    8|   0|    8|          0|
    |patch_2716_fu_2632                                                             |    8|   0|    8|          0|
    |patch_2717_fu_2628                                                             |    8|   0|    8|          0|
    |patch_2718_fu_2624                                                             |    8|   0|    8|          0|
    |patch_2719_fu_2620                                                             |    8|   0|    8|          0|
    |patch_2720_fu_2616                                                             |    8|   0|    8|          0|
    |patch_2721_fu_2612                                                             |    8|   0|    8|          0|
    |patch_2722_fu_2608                                                             |    8|   0|    8|          0|
    |patch_2723_fu_2604                                                             |    8|   0|    8|          0|
    |patch_2724_fu_2600                                                             |    8|   0|    8|          0|
    |patch_2725_fu_2596                                                             |    8|   0|    8|          0|
    |patch_2726_fu_2592                                                             |    8|   0|    8|          0|
    |patch_2727_fu_2588                                                             |    8|   0|    8|          0|
    |patch_2728_fu_2584                                                             |    8|   0|    8|          0|
    |patch_2729_fu_2580                                                             |    8|   0|    8|          0|
    |patch_2730_fu_2576                                                             |    8|   0|    8|          0|
    |patch_2731_fu_2572                                                             |    8|   0|    8|          0|
    |patch_2732_fu_2568                                                             |    8|   0|    8|          0|
    |patch_2733_fu_2564                                                             |    8|   0|    8|          0|
    |patch_2734_fu_2560                                                             |    8|   0|    8|          0|
    |patch_2735_fu_2556                                                             |    8|   0|    8|          0|
    |patch_2736_fu_2552                                                             |    8|   0|    8|          0|
    |patch_2737_fu_2548                                                             |    8|   0|    8|          0|
    |patch_2738_fu_2544                                                             |    8|   0|    8|          0|
    |patch_2739_fu_2540                                                             |    8|   0|    8|          0|
    |patch_2740_fu_2536                                                             |    8|   0|    8|          0|
    |patch_2741_fu_2532                                                             |    8|   0|    8|          0|
    |patch_2742_fu_2528                                                             |    8|   0|    8|          0|
    |patch_2743_fu_2524                                                             |    8|   0|    8|          0|
    |patch_2744_fu_2520                                                             |    8|   0|    8|          0|
    |patch_2745_fu_2516                                                             |    8|   0|    8|          0|
    |patch_2746_fu_2512                                                             |    8|   0|    8|          0|
    |patch_2747_fu_2508                                                             |    8|   0|    8|          0|
    |patch_2748_fu_2504                                                             |    8|   0|    8|          0|
    |patch_2749_fu_2500                                                             |    8|   0|    8|          0|
    |patch_2750_fu_2496                                                             |    8|   0|    8|          0|
    |patch_2751_fu_2492                                                             |    8|   0|    8|          0|
    |patch_2752_fu_2488                                                             |    8|   0|    8|          0|
    |patch_2753_fu_2484                                                             |    8|   0|    8|          0|
    |patch_2754_fu_2480                                                             |    8|   0|    8|          0|
    |patch_2755_fu_2476                                                             |    8|   0|    8|          0|
    |patch_2756_fu_2472                                                             |    8|   0|    8|          0|
    |patch_2757_fu_2468                                                             |    8|   0|    8|          0|
    |patch_2758_fu_2464                                                             |    8|   0|    8|          0|
    |patch_2759_fu_2460                                                             |    8|   0|    8|          0|
    |patch_2760_fu_2456                                                             |    8|   0|    8|          0|
    |patch_2761_fu_2452                                                             |    8|   0|    8|          0|
    |patch_2762_fu_2448                                                             |    8|   0|    8|          0|
    |patch_2763_fu_2444                                                             |    8|   0|    8|          0|
    |patch_2764_fu_2440                                                             |    8|   0|    8|          0|
    |patch_2765_fu_2436                                                             |    8|   0|    8|          0|
    |patch_2766_fu_2432                                                             |    8|   0|    8|          0|
    |patch_2767_fu_2428                                                             |    8|   0|    8|          0|
    |patch_2768_fu_2424                                                             |    8|   0|    8|          0|
    |patch_2769_fu_2420                                                             |    8|   0|    8|          0|
    |patch_2770_fu_2416                                                             |    8|   0|    8|          0|
    |patch_2771_fu_2412                                                             |    8|   0|    8|          0|
    |patch_2772_fu_2408                                                             |    8|   0|    8|          0|
    |patch_2773_fu_2404                                                             |    8|   0|    8|          0|
    |patch_2774_fu_2400                                                             |    8|   0|    8|          0|
    |patch_2775_fu_2396                                                             |    8|   0|    8|          0|
    |patch_2776_fu_2392                                                             |    8|   0|    8|          0|
    |patch_2777_fu_2388                                                             |    8|   0|    8|          0|
    |patch_2778_fu_2384                                                             |    8|   0|    8|          0|
    |patch_2779_fu_2380                                                             |    8|   0|    8|          0|
    |patch_2780_fu_2376                                                             |    8|   0|    8|          0|
    |patch_2781_fu_2372                                                             |    8|   0|    8|          0|
    |patch_2782_fu_2368                                                             |    8|   0|    8|          0|
    |patch_2783_fu_2364                                                             |    8|   0|    8|          0|
    |patch_2784_fu_2360                                                             |    8|   0|    8|          0|
    |patch_2785_fu_2356                                                             |    8|   0|    8|          0|
    |patch_2786_fu_2352                                                             |    8|   0|    8|          0|
    |patch_2787_fu_2348                                                             |    8|   0|    8|          0|
    |patch_2788_fu_2344                                                             |    8|   0|    8|          0|
    |patch_2789_fu_2340                                                             |    8|   0|    8|          0|
    |patch_2790_fu_2336                                                             |    8|   0|    8|          0|
    |patch_2791_fu_2332                                                             |    8|   0|    8|          0|
    |patch_2792_fu_2328                                                             |    8|   0|    8|          0|
    |patch_2793_fu_2324                                                             |    8|   0|    8|          0|
    |patch_2794_fu_2320                                                             |    8|   0|    8|          0|
    |patch_2795_fu_2316                                                             |    8|   0|    8|          0|
    |patch_2796_fu_2312                                                             |    8|   0|    8|          0|
    |patch_2797_fu_2308                                                             |    8|   0|    8|          0|
    |patch_2798_fu_2304                                                             |    8|   0|    8|          0|
    |patch_2799_fu_2300                                                             |    8|   0|    8|          0|
    |patch_2800_fu_2296                                                             |    8|   0|    8|          0|
    |patch_2801_fu_2292                                                             |    8|   0|    8|          0|
    |patch_2802_fu_2288                                                             |    8|   0|    8|          0|
    |patch_2803_fu_2284                                                             |    8|   0|    8|          0|
    |patch_2804_fu_2280                                                             |    8|   0|    8|          0|
    |patch_2805_fu_2276                                                             |    8|   0|    8|          0|
    |patch_2806_fu_2272                                                             |    8|   0|    8|          0|
    |patch_2807_fu_2268                                                             |    8|   0|    8|          0|
    |patch_2808_fu_2264                                                             |    8|   0|    8|          0|
    |patch_2809_fu_2260                                                             |    8|   0|    8|          0|
    |patch_2810_fu_2256                                                             |    8|   0|    8|          0|
    |patch_2811_fu_2252                                                             |    8|   0|    8|          0|
    |patch_2812_fu_2248                                                             |    8|   0|    8|          0|
    |patch_2813_fu_2244                                                             |    8|   0|    8|          0|
    |patch_2814_fu_2240                                                             |    8|   0|    8|          0|
    |patch_2815_fu_2236                                                             |    8|   0|    8|          0|
    |patch_2816_fu_2232                                                             |    8|   0|    8|          0|
    |patch_2817_fu_2228                                                             |    8|   0|    8|          0|
    |patch_2818_fu_2224                                                             |    8|   0|    8|          0|
    |patch_2819_fu_2220                                                             |    8|   0|    8|          0|
    |patch_2820_fu_2216                                                             |    8|   0|    8|          0|
    |patch_2821_fu_2212                                                             |    8|   0|    8|          0|
    |patch_2822_fu_2208                                                             |    8|   0|    8|          0|
    |patch_512_fu_11448                                                             |    8|   0|    8|          0|
    |patch_513_fu_11444                                                             |    8|   0|    8|          0|
    |patch_514_fu_11440                                                             |    8|   0|    8|          0|
    |patch_515_fu_11436                                                             |    8|   0|    8|          0|
    |patch_516_fu_11432                                                             |    8|   0|    8|          0|
    |patch_517_fu_11428                                                             |    8|   0|    8|          0|
    |patch_518_fu_11424                                                             |    8|   0|    8|          0|
    |patch_519_fu_11420                                                             |    8|   0|    8|          0|
    |patch_520_fu_11416                                                             |    8|   0|    8|          0|
    |patch_521_fu_11412                                                             |    8|   0|    8|          0|
    |patch_522_fu_11408                                                             |    8|   0|    8|          0|
    |patch_523_fu_11404                                                             |    8|   0|    8|          0|
    |patch_524_fu_11400                                                             |    8|   0|    8|          0|
    |patch_525_fu_11396                                                             |    8|   0|    8|          0|
    |patch_526_fu_11392                                                             |    8|   0|    8|          0|
    |patch_527_fu_11388                                                             |    8|   0|    8|          0|
    |patch_528_fu_11384                                                             |    8|   0|    8|          0|
    |patch_529_fu_11380                                                             |    8|   0|    8|          0|
    |patch_530_fu_11376                                                             |    8|   0|    8|          0|
    |patch_531_fu_11372                                                             |    8|   0|    8|          0|
    |patch_532_fu_11368                                                             |    8|   0|    8|          0|
    |patch_533_fu_11364                                                             |    8|   0|    8|          0|
    |patch_534_fu_11360                                                             |    8|   0|    8|          0|
    |patch_535_fu_11356                                                             |    8|   0|    8|          0|
    |patch_536_fu_11352                                                             |    8|   0|    8|          0|
    |patch_537_fu_11348                                                             |    8|   0|    8|          0|
    |patch_538_fu_11344                                                             |    8|   0|    8|          0|
    |patch_539_fu_11340                                                             |    8|   0|    8|          0|
    |patch_540_fu_11336                                                             |    8|   0|    8|          0|
    |patch_541_fu_11332                                                             |    8|   0|    8|          0|
    |patch_542_fu_11328                                                             |    8|   0|    8|          0|
    |patch_543_fu_11324                                                             |    8|   0|    8|          0|
    |patch_544_fu_11320                                                             |    8|   0|    8|          0|
    |patch_545_fu_11316                                                             |    8|   0|    8|          0|
    |patch_546_fu_11312                                                             |    8|   0|    8|          0|
    |patch_547_fu_11308                                                             |    8|   0|    8|          0|
    |patch_548_fu_11304                                                             |    8|   0|    8|          0|
    |patch_549_fu_11300                                                             |    8|   0|    8|          0|
    |patch_550_fu_11296                                                             |    8|   0|    8|          0|
    |patch_551_fu_11292                                                             |    8|   0|    8|          0|
    |patch_552_fu_11288                                                             |    8|   0|    8|          0|
    |patch_553_fu_11284                                                             |    8|   0|    8|          0|
    |patch_554_fu_11280                                                             |    8|   0|    8|          0|
    |patch_555_fu_11276                                                             |    8|   0|    8|          0|
    |patch_556_fu_11272                                                             |    8|   0|    8|          0|
    |patch_557_fu_11268                                                             |    8|   0|    8|          0|
    |patch_558_fu_11264                                                             |    8|   0|    8|          0|
    |patch_559_fu_11260                                                             |    8|   0|    8|          0|
    |patch_560_fu_11256                                                             |    8|   0|    8|          0|
    |patch_561_fu_11252                                                             |    8|   0|    8|          0|
    |patch_562_fu_11248                                                             |    8|   0|    8|          0|
    |patch_563_fu_11244                                                             |    8|   0|    8|          0|
    |patch_564_fu_11240                                                             |    8|   0|    8|          0|
    |patch_565_fu_11236                                                             |    8|   0|    8|          0|
    |patch_566_fu_11232                                                             |    8|   0|    8|          0|
    |patch_567_fu_11228                                                             |    8|   0|    8|          0|
    |patch_568_fu_11224                                                             |    8|   0|    8|          0|
    |patch_569_fu_11220                                                             |    8|   0|    8|          0|
    |patch_570_fu_11216                                                             |    8|   0|    8|          0|
    |patch_571_fu_11212                                                             |    8|   0|    8|          0|
    |patch_572_fu_11208                                                             |    8|   0|    8|          0|
    |patch_573_fu_11204                                                             |    8|   0|    8|          0|
    |patch_574_fu_11200                                                             |    8|   0|    8|          0|
    |patch_575_fu_11196                                                             |    8|   0|    8|          0|
    |patch_576_fu_11192                                                             |    8|   0|    8|          0|
    |patch_577_fu_11188                                                             |    8|   0|    8|          0|
    |patch_578_fu_11184                                                             |    8|   0|    8|          0|
    |patch_579_fu_11180                                                             |    8|   0|    8|          0|
    |patch_580_fu_11176                                                             |    8|   0|    8|          0|
    |patch_581_fu_11172                                                             |    8|   0|    8|          0|
    |patch_582_fu_11168                                                             |    8|   0|    8|          0|
    |patch_583_fu_11164                                                             |    8|   0|    8|          0|
    |patch_584_fu_11160                                                             |    8|   0|    8|          0|
    |patch_585_fu_11156                                                             |    8|   0|    8|          0|
    |patch_586_fu_11152                                                             |    8|   0|    8|          0|
    |patch_587_fu_11148                                                             |    8|   0|    8|          0|
    |patch_588_fu_11144                                                             |    8|   0|    8|          0|
    |patch_589_fu_11140                                                             |    8|   0|    8|          0|
    |patch_590_fu_11136                                                             |    8|   0|    8|          0|
    |patch_591_fu_11132                                                             |    8|   0|    8|          0|
    |patch_592_fu_11128                                                             |    8|   0|    8|          0|
    |patch_593_fu_11124                                                             |    8|   0|    8|          0|
    |patch_594_fu_11120                                                             |    8|   0|    8|          0|
    |patch_595_fu_11116                                                             |    8|   0|    8|          0|
    |patch_596_fu_11112                                                             |    8|   0|    8|          0|
    |patch_597_fu_11108                                                             |    8|   0|    8|          0|
    |patch_598_fu_11104                                                             |    8|   0|    8|          0|
    |patch_599_fu_11100                                                             |    8|   0|    8|          0|
    |patch_600_fu_11096                                                             |    8|   0|    8|          0|
    |patch_601_fu_11092                                                             |    8|   0|    8|          0|
    |patch_602_fu_11088                                                             |    8|   0|    8|          0|
    |patch_603_fu_11084                                                             |    8|   0|    8|          0|
    |patch_604_fu_11080                                                             |    8|   0|    8|          0|
    |patch_605_fu_11076                                                             |    8|   0|    8|          0|
    |patch_606_fu_11072                                                             |    8|   0|    8|          0|
    |patch_607_fu_11068                                                             |    8|   0|    8|          0|
    |patch_608_fu_11064                                                             |    8|   0|    8|          0|
    |patch_609_fu_11060                                                             |    8|   0|    8|          0|
    |patch_610_fu_11056                                                             |    8|   0|    8|          0|
    |patch_611_fu_11052                                                             |    8|   0|    8|          0|
    |patch_612_fu_11048                                                             |    8|   0|    8|          0|
    |patch_613_fu_11044                                                             |    8|   0|    8|          0|
    |patch_614_fu_11040                                                             |    8|   0|    8|          0|
    |patch_615_fu_11036                                                             |    8|   0|    8|          0|
    |patch_616_fu_11032                                                             |    8|   0|    8|          0|
    |patch_617_fu_11028                                                             |    8|   0|    8|          0|
    |patch_618_fu_11024                                                             |    8|   0|    8|          0|
    |patch_619_fu_11020                                                             |    8|   0|    8|          0|
    |patch_620_fu_11016                                                             |    8|   0|    8|          0|
    |patch_621_fu_11012                                                             |    8|   0|    8|          0|
    |patch_622_fu_11008                                                             |    8|   0|    8|          0|
    |patch_623_fu_11004                                                             |    8|   0|    8|          0|
    |patch_624_fu_11000                                                             |    8|   0|    8|          0|
    |patch_625_fu_10996                                                             |    8|   0|    8|          0|
    |patch_626_fu_10992                                                             |    8|   0|    8|          0|
    |patch_627_fu_10988                                                             |    8|   0|    8|          0|
    |patch_628_fu_10984                                                             |    8|   0|    8|          0|
    |patch_629_fu_10980                                                             |    8|   0|    8|          0|
    |patch_630_fu_10976                                                             |    8|   0|    8|          0|
    |patch_631_fu_10972                                                             |    8|   0|    8|          0|
    |patch_632_fu_10968                                                             |    8|   0|    8|          0|
    |patch_633_fu_10964                                                             |    8|   0|    8|          0|
    |patch_634_fu_10960                                                             |    8|   0|    8|          0|
    |patch_635_fu_10956                                                             |    8|   0|    8|          0|
    |patch_636_fu_10952                                                             |    8|   0|    8|          0|
    |patch_637_fu_10948                                                             |    8|   0|    8|          0|
    |patch_638_fu_10944                                                             |    8|   0|    8|          0|
    |patch_639_fu_10940                                                             |    8|   0|    8|          0|
    |patch_640_fu_10936                                                             |    8|   0|    8|          0|
    |patch_641_fu_10932                                                             |    8|   0|    8|          0|
    |patch_642_fu_10928                                                             |    8|   0|    8|          0|
    |patch_643_fu_10924                                                             |    8|   0|    8|          0|
    |patch_644_fu_10920                                                             |    8|   0|    8|          0|
    |patch_645_fu_10916                                                             |    8|   0|    8|          0|
    |patch_646_fu_10912                                                             |    8|   0|    8|          0|
    |patch_647_fu_10908                                                             |    8|   0|    8|          0|
    |patch_648_fu_10904                                                             |    8|   0|    8|          0|
    |patch_649_fu_10900                                                             |    8|   0|    8|          0|
    |patch_650_fu_10896                                                             |    8|   0|    8|          0|
    |patch_651_fu_10892                                                             |    8|   0|    8|          0|
    |patch_652_fu_10888                                                             |    8|   0|    8|          0|
    |patch_653_fu_10884                                                             |    8|   0|    8|          0|
    |patch_654_fu_10880                                                             |    8|   0|    8|          0|
    |patch_655_fu_10876                                                             |    8|   0|    8|          0|
    |patch_656_fu_10872                                                             |    8|   0|    8|          0|
    |patch_657_fu_10868                                                             |    8|   0|    8|          0|
    |patch_658_fu_10864                                                             |    8|   0|    8|          0|
    |patch_659_fu_10860                                                             |    8|   0|    8|          0|
    |patch_660_fu_10856                                                             |    8|   0|    8|          0|
    |patch_661_fu_10852                                                             |    8|   0|    8|          0|
    |patch_662_fu_10848                                                             |    8|   0|    8|          0|
    |patch_663_fu_10844                                                             |    8|   0|    8|          0|
    |patch_664_fu_10840                                                             |    8|   0|    8|          0|
    |patch_665_fu_10836                                                             |    8|   0|    8|          0|
    |patch_666_fu_10832                                                             |    8|   0|    8|          0|
    |patch_667_fu_10828                                                             |    8|   0|    8|          0|
    |patch_668_fu_10824                                                             |    8|   0|    8|          0|
    |patch_669_fu_10820                                                             |    8|   0|    8|          0|
    |patch_670_fu_10816                                                             |    8|   0|    8|          0|
    |patch_671_fu_10812                                                             |    8|   0|    8|          0|
    |patch_672_fu_10808                                                             |    8|   0|    8|          0|
    |patch_673_fu_10804                                                             |    8|   0|    8|          0|
    |patch_674_fu_10800                                                             |    8|   0|    8|          0|
    |patch_675_fu_10796                                                             |    8|   0|    8|          0|
    |patch_676_fu_10792                                                             |    8|   0|    8|          0|
    |patch_677_fu_10788                                                             |    8|   0|    8|          0|
    |patch_678_fu_10784                                                             |    8|   0|    8|          0|
    |patch_679_fu_10780                                                             |    8|   0|    8|          0|
    |patch_680_fu_10776                                                             |    8|   0|    8|          0|
    |patch_681_fu_10772                                                             |    8|   0|    8|          0|
    |patch_682_fu_10768                                                             |    8|   0|    8|          0|
    |patch_683_fu_10764                                                             |    8|   0|    8|          0|
    |patch_684_fu_10760                                                             |    8|   0|    8|          0|
    |patch_685_fu_10756                                                             |    8|   0|    8|          0|
    |patch_686_fu_10752                                                             |    8|   0|    8|          0|
    |patch_687_fu_10748                                                             |    8|   0|    8|          0|
    |patch_688_fu_10744                                                             |    8|   0|    8|          0|
    |patch_689_fu_10740                                                             |    8|   0|    8|          0|
    |patch_690_fu_10736                                                             |    8|   0|    8|          0|
    |patch_691_fu_10732                                                             |    8|   0|    8|          0|
    |patch_692_fu_10728                                                             |    8|   0|    8|          0|
    |patch_693_fu_10724                                                             |    8|   0|    8|          0|
    |patch_694_fu_10720                                                             |    8|   0|    8|          0|
    |patch_695_fu_10716                                                             |    8|   0|    8|          0|
    |patch_696_fu_10712                                                             |    8|   0|    8|          0|
    |patch_697_fu_10708                                                             |    8|   0|    8|          0|
    |patch_698_fu_10704                                                             |    8|   0|    8|          0|
    |patch_699_fu_10700                                                             |    8|   0|    8|          0|
    |patch_700_fu_10696                                                             |    8|   0|    8|          0|
    |patch_701_fu_10692                                                             |    8|   0|    8|          0|
    |patch_702_fu_10688                                                             |    8|   0|    8|          0|
    |patch_703_fu_10684                                                             |    8|   0|    8|          0|
    |patch_704_fu_10680                                                             |    8|   0|    8|          0|
    |patch_705_fu_10676                                                             |    8|   0|    8|          0|
    |patch_706_fu_10672                                                             |    8|   0|    8|          0|
    |patch_707_fu_10668                                                             |    8|   0|    8|          0|
    |patch_708_fu_10664                                                             |    8|   0|    8|          0|
    |patch_709_fu_10660                                                             |    8|   0|    8|          0|
    |patch_710_fu_10656                                                             |    8|   0|    8|          0|
    |patch_711_fu_10652                                                             |    8|   0|    8|          0|
    |patch_712_fu_10648                                                             |    8|   0|    8|          0|
    |patch_713_fu_10644                                                             |    8|   0|    8|          0|
    |patch_714_fu_10640                                                             |    8|   0|    8|          0|
    |patch_715_fu_10636                                                             |    8|   0|    8|          0|
    |patch_716_fu_10632                                                             |    8|   0|    8|          0|
    |patch_717_fu_10628                                                             |    8|   0|    8|          0|
    |patch_718_fu_10624                                                             |    8|   0|    8|          0|
    |patch_719_fu_10620                                                             |    8|   0|    8|          0|
    |patch_720_fu_10616                                                             |    8|   0|    8|          0|
    |patch_721_fu_10612                                                             |    8|   0|    8|          0|
    |patch_722_fu_10608                                                             |    8|   0|    8|          0|
    |patch_723_fu_10604                                                             |    8|   0|    8|          0|
    |patch_724_fu_10600                                                             |    8|   0|    8|          0|
    |patch_725_fu_10596                                                             |    8|   0|    8|          0|
    |patch_726_fu_10592                                                             |    8|   0|    8|          0|
    |patch_727_fu_10588                                                             |    8|   0|    8|          0|
    |patch_728_fu_10584                                                             |    8|   0|    8|          0|
    |patch_729_fu_10580                                                             |    8|   0|    8|          0|
    |patch_730_fu_10576                                                             |    8|   0|    8|          0|
    |patch_731_fu_10572                                                             |    8|   0|    8|          0|
    |patch_732_fu_10568                                                             |    8|   0|    8|          0|
    |patch_733_fu_10564                                                             |    8|   0|    8|          0|
    |patch_734_fu_10560                                                             |    8|   0|    8|          0|
    |patch_735_fu_10556                                                             |    8|   0|    8|          0|
    |patch_736_fu_10552                                                             |    8|   0|    8|          0|
    |patch_737_fu_10548                                                             |    8|   0|    8|          0|
    |patch_738_fu_10544                                                             |    8|   0|    8|          0|
    |patch_739_fu_10540                                                             |    8|   0|    8|          0|
    |patch_740_fu_10536                                                             |    8|   0|    8|          0|
    |patch_741_fu_10532                                                             |    8|   0|    8|          0|
    |patch_742_fu_10528                                                             |    8|   0|    8|          0|
    |patch_743_fu_10524                                                             |    8|   0|    8|          0|
    |patch_744_fu_10520                                                             |    8|   0|    8|          0|
    |patch_745_fu_10516                                                             |    8|   0|    8|          0|
    |patch_746_fu_10512                                                             |    8|   0|    8|          0|
    |patch_747_fu_10508                                                             |    8|   0|    8|          0|
    |patch_748_fu_10504                                                             |    8|   0|    8|          0|
    |patch_749_fu_10500                                                             |    8|   0|    8|          0|
    |patch_750_fu_10496                                                             |    8|   0|    8|          0|
    |patch_751_fu_10492                                                             |    8|   0|    8|          0|
    |patch_752_fu_10488                                                             |    8|   0|    8|          0|
    |patch_753_fu_10484                                                             |    8|   0|    8|          0|
    |patch_754_fu_10480                                                             |    8|   0|    8|          0|
    |patch_755_fu_10476                                                             |    8|   0|    8|          0|
    |patch_756_fu_10472                                                             |    8|   0|    8|          0|
    |patch_757_fu_10468                                                             |    8|   0|    8|          0|
    |patch_758_fu_10464                                                             |    8|   0|    8|          0|
    |patch_759_fu_10460                                                             |    8|   0|    8|          0|
    |patch_760_fu_10456                                                             |    8|   0|    8|          0|
    |patch_761_fu_10452                                                             |    8|   0|    8|          0|
    |patch_762_fu_10448                                                             |    8|   0|    8|          0|
    |patch_763_fu_10444                                                             |    8|   0|    8|          0|
    |patch_764_fu_10440                                                             |    8|   0|    8|          0|
    |patch_765_fu_10436                                                             |    8|   0|    8|          0|
    |patch_766_fu_10432                                                             |    8|   0|    8|          0|
    |patch_767_fu_10428                                                             |    8|   0|    8|          0|
    |patch_768_fu_10424                                                             |    8|   0|    8|          0|
    |patch_769_fu_10420                                                             |    8|   0|    8|          0|
    |patch_770_fu_10416                                                             |    8|   0|    8|          0|
    |patch_771_fu_10412                                                             |    8|   0|    8|          0|
    |patch_772_fu_10408                                                             |    8|   0|    8|          0|
    |patch_773_fu_10404                                                             |    8|   0|    8|          0|
    |patch_774_fu_10400                                                             |    8|   0|    8|          0|
    |patch_775_fu_10396                                                             |    8|   0|    8|          0|
    |patch_776_fu_10392                                                             |    8|   0|    8|          0|
    |patch_777_fu_10388                                                             |    8|   0|    8|          0|
    |patch_778_fu_10384                                                             |    8|   0|    8|          0|
    |patch_779_fu_10380                                                             |    8|   0|    8|          0|
    |patch_780_fu_10376                                                             |    8|   0|    8|          0|
    |patch_781_fu_10372                                                             |    8|   0|    8|          0|
    |patch_782_fu_10368                                                             |    8|   0|    8|          0|
    |patch_783_fu_10364                                                             |    8|   0|    8|          0|
    |patch_784_fu_10360                                                             |    8|   0|    8|          0|
    |patch_785_fu_10356                                                             |    8|   0|    8|          0|
    |patch_786_fu_10352                                                             |    8|   0|    8|          0|
    |patch_787_fu_10348                                                             |    8|   0|    8|          0|
    |patch_788_fu_10344                                                             |    8|   0|    8|          0|
    |patch_789_fu_10340                                                             |    8|   0|    8|          0|
    |patch_790_fu_10336                                                             |    8|   0|    8|          0|
    |patch_791_fu_10332                                                             |    8|   0|    8|          0|
    |patch_792_fu_10328                                                             |    8|   0|    8|          0|
    |patch_793_fu_10324                                                             |    8|   0|    8|          0|
    |patch_794_fu_10320                                                             |    8|   0|    8|          0|
    |patch_795_fu_10316                                                             |    8|   0|    8|          0|
    |patch_796_fu_10312                                                             |    8|   0|    8|          0|
    |patch_797_fu_10308                                                             |    8|   0|    8|          0|
    |patch_798_fu_10304                                                             |    8|   0|    8|          0|
    |patch_799_fu_10300                                                             |    8|   0|    8|          0|
    |patch_800_fu_10296                                                             |    8|   0|    8|          0|
    |patch_801_fu_10292                                                             |    8|   0|    8|          0|
    |patch_802_fu_10288                                                             |    8|   0|    8|          0|
    |patch_803_fu_10284                                                             |    8|   0|    8|          0|
    |patch_804_fu_10280                                                             |    8|   0|    8|          0|
    |patch_805_fu_10276                                                             |    8|   0|    8|          0|
    |patch_806_fu_10272                                                             |    8|   0|    8|          0|
    |patch_807_fu_10268                                                             |    8|   0|    8|          0|
    |patch_808_fu_10264                                                             |    8|   0|    8|          0|
    |patch_809_fu_10260                                                             |    8|   0|    8|          0|
    |patch_810_fu_10256                                                             |    8|   0|    8|          0|
    |patch_811_fu_10252                                                             |    8|   0|    8|          0|
    |patch_812_fu_10248                                                             |    8|   0|    8|          0|
    |patch_813_fu_10244                                                             |    8|   0|    8|          0|
    |patch_814_fu_10240                                                             |    8|   0|    8|          0|
    |patch_815_fu_10236                                                             |    8|   0|    8|          0|
    |patch_816_fu_10232                                                             |    8|   0|    8|          0|
    |patch_817_fu_10228                                                             |    8|   0|    8|          0|
    |patch_818_fu_10224                                                             |    8|   0|    8|          0|
    |patch_819_fu_10220                                                             |    8|   0|    8|          0|
    |patch_820_fu_10216                                                             |    8|   0|    8|          0|
    |patch_821_fu_10212                                                             |    8|   0|    8|          0|
    |patch_822_fu_10208                                                             |    8|   0|    8|          0|
    |patch_823_fu_10204                                                             |    8|   0|    8|          0|
    |patch_824_fu_10200                                                             |    8|   0|    8|          0|
    |patch_825_fu_10196                                                             |    8|   0|    8|          0|
    |patch_826_fu_10192                                                             |    8|   0|    8|          0|
    |patch_827_fu_10188                                                             |    8|   0|    8|          0|
    |patch_828_fu_10184                                                             |    8|   0|    8|          0|
    |patch_829_fu_10180                                                             |    8|   0|    8|          0|
    |patch_830_fu_10176                                                             |    8|   0|    8|          0|
    |patch_831_fu_10172                                                             |    8|   0|    8|          0|
    |patch_832_fu_10168                                                             |    8|   0|    8|          0|
    |patch_833_fu_10164                                                             |    8|   0|    8|          0|
    |patch_834_fu_10160                                                             |    8|   0|    8|          0|
    |patch_835_fu_10156                                                             |    8|   0|    8|          0|
    |patch_836_fu_10152                                                             |    8|   0|    8|          0|
    |patch_837_fu_10148                                                             |    8|   0|    8|          0|
    |patch_838_fu_10144                                                             |    8|   0|    8|          0|
    |patch_839_fu_10140                                                             |    8|   0|    8|          0|
    |patch_840_fu_10136                                                             |    8|   0|    8|          0|
    |patch_841_fu_10132                                                             |    8|   0|    8|          0|
    |patch_842_fu_10128                                                             |    8|   0|    8|          0|
    |patch_843_fu_10124                                                             |    8|   0|    8|          0|
    |patch_844_fu_10120                                                             |    8|   0|    8|          0|
    |patch_845_fu_10116                                                             |    8|   0|    8|          0|
    |patch_846_fu_10112                                                             |    8|   0|    8|          0|
    |patch_847_fu_10108                                                             |    8|   0|    8|          0|
    |patch_848_fu_10104                                                             |    8|   0|    8|          0|
    |patch_849_fu_10100                                                             |    8|   0|    8|          0|
    |patch_850_fu_10096                                                             |    8|   0|    8|          0|
    |patch_851_fu_10092                                                             |    8|   0|    8|          0|
    |patch_852_fu_10088                                                             |    8|   0|    8|          0|
    |patch_853_fu_10084                                                             |    8|   0|    8|          0|
    |patch_854_fu_10080                                                             |    8|   0|    8|          0|
    |patch_855_fu_10076                                                             |    8|   0|    8|          0|
    |patch_856_fu_10072                                                             |    8|   0|    8|          0|
    |patch_857_fu_10068                                                             |    8|   0|    8|          0|
    |patch_858_fu_10064                                                             |    8|   0|    8|          0|
    |patch_859_fu_10060                                                             |    8|   0|    8|          0|
    |patch_860_fu_10056                                                             |    8|   0|    8|          0|
    |patch_861_fu_10052                                                             |    8|   0|    8|          0|
    |patch_862_fu_10048                                                             |    8|   0|    8|          0|
    |patch_863_fu_10044                                                             |    8|   0|    8|          0|
    |patch_864_fu_10040                                                             |    8|   0|    8|          0|
    |patch_865_fu_10036                                                             |    8|   0|    8|          0|
    |patch_866_fu_10032                                                             |    8|   0|    8|          0|
    |patch_867_fu_10028                                                             |    8|   0|    8|          0|
    |patch_868_fu_10024                                                             |    8|   0|    8|          0|
    |patch_869_fu_10020                                                             |    8|   0|    8|          0|
    |patch_870_fu_10016                                                             |    8|   0|    8|          0|
    |patch_871_fu_10012                                                             |    8|   0|    8|          0|
    |patch_872_fu_10008                                                             |    8|   0|    8|          0|
    |patch_873_fu_10004                                                             |    8|   0|    8|          0|
    |patch_874_fu_10000                                                             |    8|   0|    8|          0|
    |patch_875_fu_9996                                                              |    8|   0|    8|          0|
    |patch_876_fu_9992                                                              |    8|   0|    8|          0|
    |patch_877_fu_9988                                                              |    8|   0|    8|          0|
    |patch_878_fu_9984                                                              |    8|   0|    8|          0|
    |patch_879_fu_9980                                                              |    8|   0|    8|          0|
    |patch_880_fu_9976                                                              |    8|   0|    8|          0|
    |patch_881_fu_9972                                                              |    8|   0|    8|          0|
    |patch_882_fu_9968                                                              |    8|   0|    8|          0|
    |patch_883_fu_9964                                                              |    8|   0|    8|          0|
    |patch_884_fu_9960                                                              |    8|   0|    8|          0|
    |patch_885_fu_9956                                                              |    8|   0|    8|          0|
    |patch_886_fu_9952                                                              |    8|   0|    8|          0|
    |patch_887_fu_9948                                                              |    8|   0|    8|          0|
    |patch_888_fu_9944                                                              |    8|   0|    8|          0|
    |patch_889_fu_9940                                                              |    8|   0|    8|          0|
    |patch_890_fu_9936                                                              |    8|   0|    8|          0|
    |patch_891_fu_9932                                                              |    8|   0|    8|          0|
    |patch_892_fu_9928                                                              |    8|   0|    8|          0|
    |patch_893_fu_9924                                                              |    8|   0|    8|          0|
    |patch_894_fu_9920                                                              |    8|   0|    8|          0|
    |patch_895_fu_9916                                                              |    8|   0|    8|          0|
    |patch_896_fu_9912                                                              |    8|   0|    8|          0|
    |patch_897_fu_9908                                                              |    8|   0|    8|          0|
    |patch_898_fu_9904                                                              |    8|   0|    8|          0|
    |patch_899_fu_9900                                                              |    8|   0|    8|          0|
    |patch_900_fu_9896                                                              |    8|   0|    8|          0|
    |patch_901_fu_9892                                                              |    8|   0|    8|          0|
    |patch_902_fu_9888                                                              |    8|   0|    8|          0|
    |patch_903_fu_9884                                                              |    8|   0|    8|          0|
    |patch_904_fu_9880                                                              |    8|   0|    8|          0|
    |patch_905_fu_9876                                                              |    8|   0|    8|          0|
    |patch_906_fu_9872                                                              |    8|   0|    8|          0|
    |patch_907_fu_9868                                                              |    8|   0|    8|          0|
    |patch_908_fu_9864                                                              |    8|   0|    8|          0|
    |patch_909_fu_9860                                                              |    8|   0|    8|          0|
    |patch_910_fu_9856                                                              |    8|   0|    8|          0|
    |patch_911_fu_9852                                                              |    8|   0|    8|          0|
    |patch_912_fu_9848                                                              |    8|   0|    8|          0|
    |patch_913_fu_9844                                                              |    8|   0|    8|          0|
    |patch_914_fu_9840                                                              |    8|   0|    8|          0|
    |patch_915_fu_9836                                                              |    8|   0|    8|          0|
    |patch_916_fu_9832                                                              |    8|   0|    8|          0|
    |patch_917_fu_9828                                                              |    8|   0|    8|          0|
    |patch_918_fu_9824                                                              |    8|   0|    8|          0|
    |patch_919_fu_9820                                                              |    8|   0|    8|          0|
    |patch_920_fu_9816                                                              |    8|   0|    8|          0|
    |patch_921_fu_9812                                                              |    8|   0|    8|          0|
    |patch_922_fu_9808                                                              |    8|   0|    8|          0|
    |patch_923_fu_9804                                                              |    8|   0|    8|          0|
    |patch_924_fu_9800                                                              |    8|   0|    8|          0|
    |patch_925_fu_9796                                                              |    8|   0|    8|          0|
    |patch_926_fu_9792                                                              |    8|   0|    8|          0|
    |patch_927_fu_9788                                                              |    8|   0|    8|          0|
    |patch_928_fu_9784                                                              |    8|   0|    8|          0|
    |patch_929_fu_9780                                                              |    8|   0|    8|          0|
    |patch_930_fu_9776                                                              |    8|   0|    8|          0|
    |patch_931_fu_9772                                                              |    8|   0|    8|          0|
    |patch_932_fu_9768                                                              |    8|   0|    8|          0|
    |patch_933_fu_9764                                                              |    8|   0|    8|          0|
    |patch_934_fu_9760                                                              |    8|   0|    8|          0|
    |patch_935_fu_9756                                                              |    8|   0|    8|          0|
    |patch_936_fu_9752                                                              |    8|   0|    8|          0|
    |patch_937_fu_9748                                                              |    8|   0|    8|          0|
    |patch_938_fu_9744                                                              |    8|   0|    8|          0|
    |patch_939_fu_9740                                                              |    8|   0|    8|          0|
    |patch_940_fu_9736                                                              |    8|   0|    8|          0|
    |patch_941_fu_9732                                                              |    8|   0|    8|          0|
    |patch_942_fu_9728                                                              |    8|   0|    8|          0|
    |patch_943_fu_9724                                                              |    8|   0|    8|          0|
    |patch_944_fu_9720                                                              |    8|   0|    8|          0|
    |patch_945_fu_9716                                                              |    8|   0|    8|          0|
    |patch_946_fu_9712                                                              |    8|   0|    8|          0|
    |patch_947_fu_9708                                                              |    8|   0|    8|          0|
    |patch_948_fu_9704                                                              |    8|   0|    8|          0|
    |patch_949_fu_9700                                                              |    8|   0|    8|          0|
    |patch_950_fu_9696                                                              |    8|   0|    8|          0|
    |patch_951_fu_9692                                                              |    8|   0|    8|          0|
    |patch_952_fu_9688                                                              |    8|   0|    8|          0|
    |patch_953_fu_9684                                                              |    8|   0|    8|          0|
    |patch_954_fu_9680                                                              |    8|   0|    8|          0|
    |patch_955_fu_9676                                                              |    8|   0|    8|          0|
    |patch_956_fu_9672                                                              |    8|   0|    8|          0|
    |patch_957_fu_9668                                                              |    8|   0|    8|          0|
    |patch_958_fu_9664                                                              |    8|   0|    8|          0|
    |patch_959_fu_9660                                                              |    8|   0|    8|          0|
    |patch_960_fu_9656                                                              |    8|   0|    8|          0|
    |patch_961_fu_9652                                                              |    8|   0|    8|          0|
    |patch_962_fu_9648                                                              |    8|   0|    8|          0|
    |patch_963_fu_9644                                                              |    8|   0|    8|          0|
    |patch_964_fu_9640                                                              |    8|   0|    8|          0|
    |patch_965_fu_9636                                                              |    8|   0|    8|          0|
    |patch_966_fu_9632                                                              |    8|   0|    8|          0|
    |patch_967_fu_9628                                                              |    8|   0|    8|          0|
    |patch_968_fu_9624                                                              |    8|   0|    8|          0|
    |patch_969_fu_9620                                                              |    8|   0|    8|          0|
    |patch_970_fu_9616                                                              |    8|   0|    8|          0|
    |patch_971_fu_9612                                                              |    8|   0|    8|          0|
    |patch_972_fu_9608                                                              |    8|   0|    8|          0|
    |patch_973_fu_9604                                                              |    8|   0|    8|          0|
    |patch_974_fu_9600                                                              |    8|   0|    8|          0|
    |patch_975_fu_9596                                                              |    8|   0|    8|          0|
    |patch_976_fu_9592                                                              |    8|   0|    8|          0|
    |patch_977_fu_9588                                                              |    8|   0|    8|          0|
    |patch_978_fu_9584                                                              |    8|   0|    8|          0|
    |patch_979_fu_9580                                                              |    8|   0|    8|          0|
    |patch_980_fu_9576                                                              |    8|   0|    8|          0|
    |patch_981_fu_9572                                                              |    8|   0|    8|          0|
    |patch_982_fu_9568                                                              |    8|   0|    8|          0|
    |patch_983_fu_9564                                                              |    8|   0|    8|          0|
    |patch_984_fu_9560                                                              |    8|   0|    8|          0|
    |patch_985_fu_9556                                                              |    8|   0|    8|          0|
    |patch_986_fu_9552                                                              |    8|   0|    8|          0|
    |patch_987_fu_9548                                                              |    8|   0|    8|          0|
    |patch_988_fu_9544                                                              |    8|   0|    8|          0|
    |patch_989_fu_9540                                                              |    8|   0|    8|          0|
    |patch_990_fu_9536                                                              |    8|   0|    8|          0|
    |patch_991_fu_9532                                                              |    8|   0|    8|          0|
    |patch_992_fu_9528                                                              |    8|   0|    8|          0|
    |patch_993_fu_9524                                                              |    8|   0|    8|          0|
    |patch_994_fu_9520                                                              |    8|   0|    8|          0|
    |patch_995_fu_9516                                                              |    8|   0|    8|          0|
    |patch_996_fu_9512                                                              |    8|   0|    8|          0|
    |patch_997_fu_9508                                                              |    8|   0|    8|          0|
    |patch_998_fu_9504                                                              |    8|   0|    8|          0|
    |patch_999_fu_9500                                                              |    8|   0|    8|          0|
    |patch_fu_11452                                                                 |    8|   0|    8|          0|
    |patch_r_reg_33211                                                              |   32|   0|   32|          0|
    |r_sz_reg_33346                                                                 |   32|   0|   32|          0|
    |reg_18001                                                                      |   32|   0|   32|          0|
    |rt_2_reg_33341                                                                 |   31|   0|   31|          0|
    |rt_reg_11768                                                                   |   31|   0|   31|          0|
    |shift_reg_33179                                                                |   32|   0|   32|          0|
    |smax2_reg_33222                                                                |   31|   0|   31|          0|
    |smax_reg_33217                                                                 |   31|   0|   31|          0|
    |sub10_reg_33274                                                                |   32|   0|   32|          0|
    |sub21_reg_33279                                                                |   32|   0|   32|          0|
    |sub66_reg_33351                                                                |   32|   0|   32|          0|
    |sub74_reg_47678                                                                |   32|   0|   32|          0|
    |sub_i_i_reg_33304                                                              |   32|   0|   32|          0|
    |sub_ln48_reg_33141                                                             |   32|   0|   32|          0|
    |sub_ln51_1_reg_33299                                                           |    4|   0|    5|          1|
    |sub_ln51_reg_33289                                                             |    5|   0|    5|          0|
    |sub_reg_33269                                                                  |   32|   0|   32|          0|
    |tmp_76_reg_33190                                                               |    3|   0|    3|          0|
    |tmp_77_reg_33196                                                               |    2|   0|    2|          0|
    |tmp_78_reg_33206                                                               |    1|   0|    1|          0|
    |tmp_s_reg_33185                                                                |    4|   0|    4|          0|
    |trunc_ln47_1_reg_33124                                                         |    5|   0|    5|          0|
    |trunc_ln51_reg_33201                                                           |    5|   0|    5|          0|
    |trunc_ln69_reg_47691                                                           |    3|   0|    3|          0|
    |wtile_10_fu_11728                                                              |    8|   0|    8|          0|
    |wtile_11_fu_11724                                                              |    8|   0|    8|          0|
    |wtile_12_fu_11720                                                              |    8|   0|    8|          0|
    |wtile_13_fu_11716                                                              |    8|   0|    8|          0|
    |wtile_14_fu_11712                                                              |    8|   0|    8|          0|
    |wtile_15_fu_11708                                                              |    8|   0|    8|          0|
    |wtile_16_fu_11704                                                              |    8|   0|    8|          0|
    |wtile_17_fu_11700                                                              |    8|   0|    8|          0|
    |wtile_18_fu_11696                                                              |    8|   0|    8|          0|
    |wtile_19_fu_11692                                                              |    8|   0|    8|          0|
    |wtile_20_fu_11688                                                              |    8|   0|    8|          0|
    |wtile_21_fu_11684                                                              |    8|   0|    8|          0|
    |wtile_22_fu_11680                                                              |    8|   0|    8|          0|
    |wtile_23_fu_11676                                                              |    8|   0|    8|          0|
    |wtile_24_fu_11672                                                              |    8|   0|    8|          0|
    |wtile_25_fu_11668                                                              |    8|   0|    8|          0|
    |wtile_26_fu_11664                                                              |    8|   0|    8|          0|
    |wtile_27_fu_11660                                                              |    8|   0|    8|          0|
    |wtile_28_fu_11656                                                              |    8|   0|    8|          0|
    |wtile_29_fu_11652                                                              |    8|   0|    8|          0|
    |wtile_30_fu_11648                                                              |    8|   0|    8|          0|
    |wtile_31_fu_11644                                                              |    8|   0|    8|          0|
    |wtile_32_fu_11640                                                              |    8|   0|    8|          0|
    |wtile_33_fu_11636                                                              |    8|   0|    8|          0|
    |wtile_34_fu_11632                                                              |    8|   0|    8|          0|
    |wtile_35_fu_11628                                                              |    8|   0|    8|          0|
    |wtile_36_fu_11624                                                              |    8|   0|    8|          0|
    |wtile_37_fu_11620                                                              |    8|   0|    8|          0|
    |wtile_38_fu_11616                                                              |    8|   0|    8|          0|
    |wtile_39_fu_11612                                                              |    8|   0|    8|          0|
    |wtile_40_fu_11608                                                              |    8|   0|    8|          0|
    |wtile_41_fu_11604                                                              |    8|   0|    8|          0|
    |wtile_42_fu_11600                                                              |    8|   0|    8|          0|
    |wtile_43_fu_11596                                                              |    8|   0|    8|          0|
    |wtile_44_fu_11592                                                              |    8|   0|    8|          0|
    |wtile_45_fu_11588                                                              |    8|   0|    8|          0|
    |wtile_46_fu_11584                                                              |    8|   0|    8|          0|
    |wtile_47_fu_11580                                                              |    8|   0|    8|          0|
    |wtile_48_fu_11576                                                              |    8|   0|    8|          0|
    |wtile_49_fu_11572                                                              |    8|   0|    8|          0|
    |wtile_50_fu_11568                                                              |    8|   0|    8|          0|
    |wtile_51_fu_11564                                                              |    8|   0|    8|          0|
    |wtile_52_fu_11560                                                              |    8|   0|    8|          0|
    |wtile_53_fu_11556                                                              |    8|   0|    8|          0|
    |wtile_54_fu_11552                                                              |    8|   0|    8|          0|
    |wtile_55_fu_11548                                                              |    8|   0|    8|          0|
    |wtile_56_fu_11544                                                              |    8|   0|    8|          0|
    |wtile_57_fu_11540                                                              |    8|   0|    8|          0|
    |wtile_58_fu_11536                                                              |    8|   0|    8|          0|
    |wtile_59_fu_11532                                                              |    8|   0|    8|          0|
    |wtile_60_fu_11528                                                              |    8|   0|    8|          0|
    |wtile_61_fu_11524                                                              |    8|   0|    8|          0|
    |wtile_62_fu_11520                                                              |    8|   0|    8|          0|
    |wtile_63_fu_11516                                                              |    8|   0|    8|          0|
    |wtile_64_fu_11512                                                              |    8|   0|    8|          0|
    |wtile_65_fu_11508                                                              |    8|   0|    8|          0|
    |wtile_66_fu_11504                                                              |    8|   0|    8|          0|
    |wtile_67_fu_11500                                                              |    8|   0|    8|          0|
    |wtile_68_fu_11496                                                              |    8|   0|    8|          0|
    |wtile_69_fu_11492                                                              |    8|   0|    8|          0|
    |wtile_70_fu_11488                                                              |    8|   0|    8|          0|
    |wtile_71_fu_11484                                                              |    8|   0|    8|          0|
    |wtile_72_fu_11480                                                              |    8|   0|    8|          0|
    |wtile_73_fu_11476                                                              |    8|   0|    8|          0|
    |wtile_74_fu_11472                                                              |    8|   0|    8|          0|
    |wtile_75_fu_11468                                                              |    8|   0|    8|          0|
    |wtile_76_fu_11464                                                              |    8|   0|    8|          0|
    |wtile_77_fu_11460                                                              |    8|   0|    8|          0|
    |wtile_78_fu_11456                                                              |    8|   0|    8|          0|
    |wtile_8_fu_11736                                                               |    8|   0|    8|          0|
    |wtile_9_fu_11732                                                               |    8|   0|    8|          0|
    |wtile_fu_11740                                                                 |    8|   0|    8|          0|
    +-------------------------------------------------------------------------------+-----+----+-----+-----------+
    |Total                                                                          |20832|   0|20837|          5|
    +-------------------------------------------------------------------------------+-----+----+-----+-----------+



================================================================
== Interface
================================================================
* Summary: 
+-----------------+-----+-----+------------+--------------+--------------+
|    RTL Ports    | Dir | Bits|  Protocol  | Source Object|    C Type    |
+-----------------+-----+-----+------------+--------------+--------------+
|ap_clk           |   in|    1|  ap_ctrl_hs|    run_dwconv|  return value|
|ap_rst           |   in|    1|  ap_ctrl_hs|    run_dwconv|  return value|
|ap_start         |   in|    1|  ap_ctrl_hs|    run_dwconv|  return value|
|ap_done          |  out|    1|  ap_ctrl_hs|    run_dwconv|  return value|
|ap_idle          |  out|    1|  ap_ctrl_hs|    run_dwconv|  return value|
|ap_ready         |  out|    1|  ap_ctrl_hs|    run_dwconv|  return value|
|d_val            |   in|  704|     ap_none|         d_val|        scalar|
|in_base_read     |   in|    8|     ap_none|  in_base_read|        scalar|
|w_base_read      |   in|    8|     ap_none|   w_base_read|        scalar|
|b_base_read      |   in|   32|     ap_none|   b_base_read|        scalar|
|out_base         |  out|    8|      ap_vld|      out_base|       pointer|
|out_base_ap_vld  |  out|    1|      ap_vld|      out_base|       pointer|
+-----------------+-----+-----+------------+--------------+--------------+

