

================================================================
== Synthesis Summary Report of 'mac_array_top'
================================================================
+ General Information: 
    * Date:           Thu Aug 20 23:19:32 2026
    * Version:        2024.2 (Build 5238294 on Nov  8 2024)
    * Project:        mac_array_poc_a2_w32
    * Solution:       solution1 (Vivado IP Flow Target)
    * Product family: zynq
    * Target device:  xc7z020-clg400-1
    

+ Performance & Resource Estimates: 
    
    PS: '+' for module; 'o' for loop; '*' for dataflow
    +-----------------------------------------------------------------------------+------+------+---------+-----------+----------+---------+------+----------+------+----------+-------------+-------------+-----+
    |                                   Modules                                   | Issue|      | Latency |  Latency  | Iteration|         | Trip |          |      |          |             |             |     |
    |                                   & Loops                                   | Type | Slack| (cycles)|    (ns)   |  Latency | Interval| Count| Pipelined| BRAM |    DSP   |      FF     |     LUT     | URAM|
    +-----------------------------------------------------------------------------+------+------+---------+-----------+----------+---------+------+----------+------+----------+-------------+-------------+-----+
    |+ mac_array_top                                                              |     -|  0.33|        -|          -|         -|        -|     -|        no|     -|  79 (35%)|  24200 (22%)|  24593 (46%)|    -|
    | o VITIS_LOOP_544_1                                                          |     -|  7.30|        -|          -|         -|        -|     -|        no|     -|         -|            -|            -|    -|
    |  + run_layer                                                                |     -|  0.33|        -|          -|         -|        -|     -|        no|     -|  71 (32%)|  21669 (20%)|  21960 (41%)|    -|
    |   o VITIS_LOOP_251_1                                                        |     -|  7.30|        -|          -|         -|        -|     -|        no|     -|         -|            -|            -|    -|
    |    o VITIS_LOOP_253_2                                                       |     -|  7.30|        -|          -|         -|        -|     -|        no|     -|         -|            -|            -|    -|
    |     + run_layer_Pipeline_PW_STAGE_VITIS_LOOP_266_3_VITIS_LOOP_268_4         |     -|  0.71|        -|          -|         -|        -|     -|        no|     -|         -|    391 (~0%)|     725 (1%)|    -|
    |      o PW_STAGE_VITIS_LOOP_266_3_VITIS_LOOP_268_4                           |     -|  7.30|        -|          -|         3|        1|     -|       yes|     -|         -|            -|            -|    -|
    |     o VITIS_LOOP_276_5                                                      |     -|  7.30|        -|          -|         -|        -|     -|        no|     -|         -|            -|            -|    -|
    |      + run_layer_Pipeline_PW_WSTAGE                                         |     -|  2.30|       34|    340.000|         -|       34|     -|        no|     -|         -|     15 (~0%)|    113 (~0%)|    -|
    |       o PW_WSTAGE                                                           |     -|  7.30|       32|    320.000|         2|        1|    32|       yes|     -|         -|            -|            -|    -|
    |      + run_layer_Pipeline_DW_PATCH_STAGE_VITIS_LOOP_322_6_VITIS_LOOP_324_7  |     -|  0.52|        -|          -|         -|        -|     -|        no|     -|         -|    3274 (3%)|     984 (1%)|    -|
    |       o DW_PATCH_STAGE_VITIS_LOOP_322_6_VITIS_LOOP_324_7                    |     -|  7.30|        -|          -|         4|        1|     -|       yes|     -|         -|            -|            -|    -|
    |      o VITIS_LOOP_339_8                                                     |     -|  7.30|        -|          -|         -|        -|     -|        no|     -|         -|            -|            -|    -|
    |       + run_layer_Pipeline_DW_WT_STAGE_VITIS_LOOP_345_9_VITIS_LOOP_346_10   |     -|  0.71|        -|          -|         -|        -|     -|        no|     -|         -|    1243 (1%)|    2069 (3%)|    -|
    |        o DW_WT_STAGE_VITIS_LOOP_345_9_VITIS_LOOP_346_10                     |     -|  7.30|        -|          -|         3|        1|     -|       yes|     -|         -|            -|            -|    -|
    |       + run_reduce_unified                                                  |     -|  0.53|        -|          -|         -|        -|     -|        no|     -|  32 (14%)|    6463 (6%)|  11591 (21%)|    -|
    |        + run_reduce_unified_Pipeline_UNIFIED_PW                             |     -|  1.57|        -|          -|         -|        -|     -|        no|     -|         -|   1063 (~0%)|     729 (1%)|    -|
    |         o UNIFIED_PW                                                        |    II|  7.30|        -|          -|         5|        3|     -|       yes|     -|         -|            -|            -|    -|
    |          + drive_mac                                                        |     -|  5.20|        3|     30.000|         -|        1|     -|       yes|     -|  32 (14%)|    2052 (1%)|      2 (~0%)|    -|
    |        + run_reduce_unified_Pipeline_DW_TAP_H_DW_TAP_W                      |     -|  0.53|      150|  1.500e+03|         -|      150|     -|        no|     -|         -|    2317 (2%)|   9122 (17%)|    -|
    |         o DW_TAP_H_DW_TAP_W                                                 |    II|  7.30|      148|  1.480e+03|         5|        3|    49|       yes|     -|         -|            -|            -|    -|
    |          + drive_mac                                                        |     -|  5.20|        3|     30.000|         -|        1|     -|       yes|     -|  32 (14%)|    2052 (1%)|      2 (~0%)|    -|
    |       + run_layer_Pipeline_WRITEOUT_PW                                      |     -|  0.46|       20|    200.000|         -|       20|     -|        no|     -|         -|    230 (~0%)|     789 (1%)|    -|
    |        o WRITEOUT_PW                                                        |     -|  7.30|       18|    180.000|         4|        1|    16|       yes|     -|         -|            -|            -|    -|
    |       + run_layer_Pipeline_WRITEOUT_DW                                      |     -|  0.33|       36|    360.000|         -|       36|     -|        no|     -|         -|    216 (~0%)|     872 (1%)|    -|
    |        o WRITEOUT_DW                                                        |     -|  7.30|       34|    340.000|         4|        1|    32|       yes|     -|         -|            -|            -|    -|
    |  o GAP_C                                                                    |     -|  7.30|        -|          -|        38|        -|     -|        no|     -|         -|            -|            -|    -|
    |  o SCALE_C                                                                  |     -|  7.30|        -|          -|         1|        -|     -|        no|     -|         -|            -|            -|    -|
    +-----------------------------------------------------------------------------+------+------+---------+-----------+----------+---------+------+----------+------+----------+-------------+-------------+-----+


================================================================
== HW Interfaces
================================================================
* Other Ports
+-------------+---------+-----------+----------+
| Port        | Mode    | Direction | Bitwidth |
+-------------+---------+-----------+----------+
| b_base      | ap_none | in        | 32       |
| desc        | ap_none | in        | 736      |
| in_base     | ap_none | in        | 8        |
| n_layers    | ap_none | in        | 32       |
| out_base    | ap_vld  | out       | 8        |
| out_written | ap_vld  | out       | 32       |
| w_base      | ap_none | in        | 8        |
+-------------+---------+-----------+----------+

* TOP LEVEL CONTROL
+-----------+------------+-----------------------------------+
| Interface | Type       | Ports                             |
+-----------+------------+-----------------------------------+
| ap_clk    | clock      | ap_clk                            |
| ap_rst    | reset      | ap_rst                            |
| ap_ctrl   | ap_ctrl_hs | ap_done ap_idle ap_ready ap_start |
+-----------+------------+-----------------------------------+


================================================================
== SW I/O Information
================================================================
* Top Function Arguments
+-------------+-----------+---------------------+
| Argument    | Direction | Datatype            |
+-------------+-----------+---------------------+
| desc        | in        | LayerDescV2 const * |
| n_layers    | in        | int                 |
| in_base     | in        | ap_int<8> const *   |
| w_base      | in        | ap_int<8> const *   |
| b_base      | in        | ap_int<32> const *  |
| out_base    | out       | ap_int<8>*          |
| out_written | out       | int*                |
+-------------+-----------+---------------------+

* SW-to-HW Mapping
+-------------+--------------------+---------+
| Argument    | HW Interface       | HW Type |
+-------------+--------------------+---------+
| desc        | desc               | port    |
| n_layers    | n_layers           | port    |
| in_base     | in_base            | port    |
| w_base      | w_base             | port    |
| b_base      | b_base             | port    |
| out_base    | out_base           | port    |
| out_base    | out_base_ap_vld    | port    |
| out_written | out_written        | port    |
| out_written | out_written_ap_vld | port    |
+-------------+--------------------+---------+


================================================================
== Bind Op Report
================================================================
+-------------------------------------------------------------------------+-----+--------+--------------------------+-----------+--------------------------+---------+
| Name                                                                    | DSP | Pragma | Variable                 | Op        | Impl                     | Latency |
+-------------------------------------------------------------------------+-----+--------+--------------------------+-----------+--------------------------+---------+
| + mac_array_top                                                         | 79  |        |                          |           |                          |         |
|   icmp_ln544_fu_512_p2                                                  |     |        | icmp_ln544               | setgt     | auto                     | 0       |
|   mul_32s_32s_32_2_1_U2042                                              | 3   |        | HW                       | mul       | auto                     | 1       |
|   mul_32s_32s_32_2_1_U2041                                              | 3   |        | total                    | mul       | auto                     | 1       |
|   cmp3_i_fu_518_p2                                                      |     |        | cmp3_i                   | setgt     | auto                     | 0       |
|   cmp4_i_fu_523_p2                                                      |     |        | cmp4_i                   | setgt     | auto                     | 0       |
|   sub_i_i_i_fu_368_p2                                                   |     |        | sub_i_i_i                | sub       | fabric                   | 0       |
|   cmp22_i_fu_373_p2                                                     |     |        | cmp22_i                  | setgt     | auto                     | 0       |
|   empty_39_fu_378_p3                                                    |     |        | empty_39                 | select    | auto_sel                 | 0       |
|   shr_i_i_i_fu_425_p2                                                   |     |        | shr_i_i_i                | ashr      | auto_pipe                | 0       |
|   shl_i_i_i_fu_430_p2                                                   |     |        | shl_i_i_i                | shl       | auto_pipe                | 0       |
|   cond_i_i_i_fu_435_p3                                                  |     |        | cond_i_i_i               | select    | auto_sel                 | 0       |
|   icmp_fu_528_p2                                                        |     |        | icmp                     | setgt     | auto                     | 0       |
|   spec_store_select_i_i_fu_533_p3                                       |     |        | spec_store_select_i_i    | select    | auto_sel                 | 0       |
|   cmp_i_i_i_i_fu_540_p2                                                 |     |        | cmp_i_i_i_i              | setlt     | auto                     | 0       |
|   conv_i9_i_fu_550_p3                                                   |     |        | conv_i9_i                | select    | auto_sel                 | 0       |
|   mul_31ns_8s_32_2_1_U2040                                              | 2   |        | sum                      | mul       | auto                     | 1       |
|   ref_tmp_0_i_fu_306_p3                                                 |     |        | ref_tmp_0_i              | select    | auto_sel                 | 0       |
|   add_i_i_i_i_fu_314_p2                                                 |     |        | add_i_i_i_i              | add       | fabric                   | 0       |
|   icmp6_fu_334_p2                                                       |     |        | icmp6                    | seteq     | auto                     | 0       |
|   spec_select_i_i_fu_340_p3                                             |     |        | spec_select_i_i          | select    | auto_sel                 | 0       |
|   conv_i9_i_i_fu_360_p3                                                 |     |        | conv_i9_i_i              | select    | auto_sel                 | 0       |
|   mul_8s_8s_16_1_1_U2043                                                |     |        | mul_i_i                  | mul       | auto                     | 0       |
|   shr_i_i_i74_fu_455_p2                                                 |     |        | shr_i_i_i74              | lshr      | auto_pipe                | 0       |
|   shl_i_i_i76_fu_460_p2                                                 |     |        | shl_i_i_i76              | shl       | auto_pipe                | 0       |
|   cond_i_i_i77_fu_465_p3                                                |     |        | cond_i_i_i77             | select    | auto_sel                 | 0       |
|   icmp11_fu_564_p2                                                      |     |        | icmp11                   | setgt     | auto                     | 0       |
|   spec_store_select_i_i79_fu_569_p3                                     |     |        | spec_store_select_i_i79  | select    | auto_sel                 | 0       |
|   cmp_i_i_i_i80_fu_576_p2                                               |     |        | cmp_i_i_i_i80            | setlt     | auto                     | 0       |
|   conv_i9_i82_fu_586_p3                                                 |     |        | conv_i9_i82              | select    | auto_sel                 | 0       |
|   mul_7ns_8s_15_1_1_U2044                                               |     |        | mul_i_i109               | mul       | auto                     | 0       |
|   shr_i_i_i111_fu_485_p2                                                |     |        | shr_i_i_i111             | ashr      | auto_pipe                | 0       |
|   shl_i_i_i113_fu_490_p2                                                |     |        | shl_i_i_i113             | shl       | auto_pipe                | 0       |
|   cond_i_i_i114_fu_495_p3                                               |     |        | cond_i_i_i114            | select    | auto_sel                 | 0       |
|   icmp14_fu_594_p2                                                      |     |        | icmp14                   | setgt     | auto                     | 0       |
|   spec_store_select_i_i116_fu_599_p3                                    |     |        | spec_store_select_i_i116 | select    | auto_sel                 | 0       |
|   cmp_i_i_i6_i_fu_606_p2                                                |     |        | cmp_i_i_i6_i             | setlt     | auto                     | 0       |
|   conv_i9_i118_fu_616_p3                                                |     |        | conv_i9_i118             | select    | auto_sel                 | 0       |
|   icmp_ln544_1_fu_631_p2                                                |     |        | icmp_ln544_1             | setlt     | auto                     | 0       |
|   add_ln544_fu_636_p2                                                   |     |        | add_ln544                | add       | fabric                   | 0       |
|   icmp_ln525_fu_646_p2                                                  |     |        | icmp_ln525               | setlt     | auto                     | 0       |
|   add_ln525_fu_651_p2                                                   |     |        | add_ln525                | add       | fabric                   | 0       |
|   icmp_ln448_fu_661_p2                                                  |     |        | icmp_ln448               | setlt     | auto                     | 0       |
|   add_ln448_fu_666_p2                                                   |     |        | add_ln448                | add       | fabric                   | 0       |
|   sdiv_32ns_32s_32_36_seq_1_U2045                                       |     |        | avg                      | sdiv      | auto_seq                 | 35      |
|   ashr_ln27_fu_680_p2                                                   |     |        | ashr_ln27                | ashr      | auto_pipe                | 0       |
|   shl_ln27_fu_684_p2                                                    |     |        | shl_ln27                 | shl       | auto_pipe                | 0       |
|   select_ln27_fu_688_p3                                                 |     |        | select_ln27              | select    | auto_sel                 | 0       |
|   icmp_ln28_fu_705_p2                                                   |     |        | icmp_ln28                | setgt     | auto                     | 0       |
|   select_ln28_fu_710_p3                                                 |     |        | select_ln28              | select    | auto_sel                 | 0       |
|   icmp_ln29_fu_717_p2                                                   |     |        | icmp_ln29                | setlt     | auto                     | 0       |
|   select_ln455_fu_727_p3                                                |     |        | select_ln455             | select    | auto_sel                 | 0       |
|  + run_layer                                                            | 71  |        |                          |           |                          |         |
|    icmp_ln249_fu_11622_p2                                               |     |        | icmp_ln249               | seteq     | auto                     | 0       |
|    n_ot_fu_11627_p3                                                     |     |        | n_ot                     | select    | auto_sel                 | 0       |
|    sub_fu_11633_p2                                                      |     |        | sub                      | add       | fabric                   | 0       |
|    sub17_fu_11638_p2                                                    |     |        | sub17                    | add       | fabric                   | 0       |
|    cmp24_fu_11643_p2                                                    |     |        | cmp24                    | seteq     | auto                     | 0       |
|    sub66_fu_11648_p2                                                    |     |        | sub66                    | add       | fabric                   | 0       |
|    n_steps_fu_11653_p3                                                  |     |        | n_steps                  | select    | auto_sel                 | 0       |
|    sub_i_i_fu_11660_p2                                                  |     |        | sub_i_i                  | sub       | fabric                   | 0       |
|    cmp_not_fu_11665_p2                                                  |     |        | cmp_not                  | xor       | auto                     | 0       |
|    empty_fu_11671_p2                                                    |     |        | empty                    | setgt     | auto                     | 0       |
|    smax3_fu_11676_p3                                                    |     |        | smax3                    | select    | auto_sel                 | 0       |
|    empty_31_fu_11594_p2                                                 |     |        | empty_31                 | setgt     | auto                     | 0       |
|    smax27_fu_11599_p3                                                   |     |        | smax27                   | select    | auto_sel                 | 0       |
|    mul_31ns_32ns_63_2_1_U2022                                           | 4   |        | bound30                  | mul       | auto                     | 1       |
|    empty_32_fu_11575_p2                                                 |     |        | empty_32                 | setgt     | auto                     | 0       |
|    smax733_fu_11581_p3                                                  |     |        | smax733                  | select    | auto_sel                 | 0       |
|    mul_31ns_32ns_63_2_1_U2023                                           | 4   |        | bound736                 | mul       | auto                     | 1       |
|    icmp_ln251_fu_11703_p2                                               |     |        | icmp_ln251               | setlt     | auto                     | 0       |
|    add_ln251_fu_11708_p2                                                |     |        | add_ln251                | add       | fabric                   | 0       |
|    icmp_ln252_fu_11714_p2                                               |     |        | icmp_ln252               | seteq     | auto                     | 0       |
|    r_sz_fu_11719_p3                                                     |     |        | r_sz                     | select    | auto_sel                 | 0       |
|    mul_31ns_32s_32_2_1_U2024                                            | 3   |        | empty_33                 | mul       | auto                     | 1       |
|    grp_fu_11354_p2                                                      |     |        | empty_34                 | sub       | fabric                   | 0       |
|    empty_35_fu_11729_p2                                                 |     |        | empty_35                 | setgt     | auto                     | 0       |
|    smax_fu_11735_p3                                                     |     |        | smax                     | select    | auto_sel                 | 0       |
|    icmp_ln253_fu_11751_p2                                               |     |        | icmp_ln253               | setlt     | auto                     | 0       |
|    add_ln253_fu_11756_p2                                                |     |        | add_ln253                | add       | fabric                   | 0       |
|    icmp_ln254_fu_11762_p2                                               |     |        | icmp_ln254               | seteq     | auto                     | 0       |
|    col_sz_fu_11767_p3                                                   |     |        | col_sz                   | select    | auto_sel                 | 0       |
|    empty_36_fu_11778_p2                                                 |     |        | empty_36                 | setgt     | auto                     | 0       |
|    smax1_fu_11784_p3                                                    |     |        | smax1                    | select    | auto_sel                 | 0       |
|    mul_31ns_31ns_62_2_1_U2021                                           | 4   |        | bound                    | mul       | auto                     | 1       |
|    mul_31ns_62ns_93_5_1_U2025                                           | 8   |        | bound8                   | mul       | auto                     | 4       |
|    mul_31ns_32s_32_2_1_U2024                                            | 3   |        | empty_37                 | mul       | auto                     | 1       |
|    grp_fu_11354_p2                                                      |     |        | empty_38                 | sub       | fabric                   | 0       |
|    icmp_ln276_fu_11808_p2                                               |     |        | icmp_ln276               | setlt     | auto                     | 0       |
|    add_ln276_fu_11813_p2                                                |     |        | add_ln276                | add       | fabric                   | 0       |
|    icmp_ln318_fu_11819_p2                                               |     |        | icmp_ln318               | seteq     | auto                     | 0       |
|    c_sz_fu_11824_p3                                                     |     |        | c_sz                     | select    | auto_sel                 | 0       |
|    icmp_ln320_fu_11831_p2                                               |     |        | icmp_ln320               | setgt     | auto                     | 0       |
|    mul_31ns_63ns_94_5_1_U2026                                           | 8   |        | mul_ln320                | mul       | auto                     | 4       |
|    cmp15725_fu_12858_p2                                                 |     |        | cmp15725                 | setlt     | auto                     | 0       |
|    brmerge_fu_12864_p2                                                  |     |        | brmerge                  | or        | auto                     | 0       |
|    mul_32ns_63ns_95_5_1_U2027                                           | 8   |        | mul_ln284                | mul       | auto                     | 4       |
|    icmp_ln339_fu_12878_p2                                               |     |        | icmp_ln339               | setlt     | auto                     | 0       |
|    add_ln339_fu_12884_p2                                                |     |        | add_ln339                | add       | fabric                   | 0       |
|   + run_layer_Pipeline_PW_STAGE_VITIS_LOOP_266_3_VITIS_LOOP_268_4       | 0   |        |                          |           |                          |         |
|     icmp_ln268_fu_643_p2                                                |     |        | icmp_ln268               | setlt     | auto                     | 0       |
|     icmp_ln265_fu_622_p2                                                |     |        | icmp_ln265               | seteq     | auto                     | 0       |
|     add_ln265_fu_627_p2                                                 |     |        | add_ln265                | add       | fabric                   | 0       |
|     icmp_ln266_fu_648_p2                                                |     |        | icmp_ln266               | seteq     | auto                     | 0       |
|     select_ln265_fu_709_p3                                              |     |        | select_ln265             | select    | auto_sel                 | 0       |
|     select_ln265_1_fu_653_p3                                            |     |        | select_ln265_1           | select    | auto_sel                 | 0       |
|     select_ln265_2_fu_661_p3                                            |     |        | select_ln265_2           | select    | auto_sel                 | 0       |
|     add_ln265_1_fu_716_p2                                               |     |        | add_ln265_1              | add       | fabric                   | 0       |
|     select_ln265_3_fu_722_p3                                            |     |        | select_ln265_3           | select    | auto_sel                 | 0       |
|     add_ln266_fu_729_p2                                                 |     |        | add_ln266                | add       | fabric                   | 0       |
|     select_ln266_fu_668_p3                                              |     |        | select_ln266             | select    | auto_sel                 | 0       |
|     select_ln266_1_fu_735_p3                                            |     |        | select_ln266_1           | select    | auto_sel                 | 0       |
|     add_ln268_fu_796_p2                                                 |     |        | add_ln268                | add       | fabric                   | 0       |
|     add_ln266_1_fu_680_p2                                               |     |        | add_ln266_1              | add       | fabric                   | 0       |
|     select_ln266_2_fu_686_p3                                            |     |        | select_ln266_2           | select    | auto_sel                 | 0       |
|   + run_layer_Pipeline_PW_WSTAGE                                        | 0   |        |                          |           |                          |         |
|     icmp_ln334_fu_94_p2                                                 |     |        | icmp_ln334               | seteq     | auto                     | 0       |
|     add_ln334_fu_100_p2                                                 |     |        | add_ln334                | add       | fabric                   | 0       |
|     icmp_ln335_fu_124_p2                                                |     |        | icmp_ln335               | setlt     | auto                     | 0       |
|     select_ln335_fu_140_p3                                              |     |        | select_ln335             | select    | auto_sel                 | 0       |
|   + run_layer_Pipeline_DW_PATCH_STAGE_VITIS_LOOP_322_6_VITIS_LOOP_324_7 | 0   |        |                          |           |                          |         |
|     icmp_ln324_fu_4615_p2                                               |     |        | icmp_ln324               | seteq     | auto                     | 0       |
|     icmp_ln320_fu_4594_p2                                               |     |        | icmp_ln320               | seteq     | auto                     | 0       |
|     add_ln320_fu_4599_p2                                                |     |        | add_ln320                | add       | fabric                   | 0       |
|     icmp_ln322_fu_4623_p2                                               |     |        | icmp_ln322               | seteq     | auto                     | 0       |
|     select_ln320_fu_4706_p3                                             |     |        | select_ln320             | select    | auto_sel                 | 0       |
|     icmp_ln324_1_fu_4628_p2                                             |     |        | icmp_ln324_1             | seteq     | auto                     | 0       |
|     select_ln320_1_fu_4633_p3                                           |     |        | select_ln320_1           | select    | auto_sel                 | 0       |
|     add_ln320_1_fu_4641_p2                                              |     |        | add_ln320_1              | add       | fabric                   | 0       |
|     select_ln320_2_fu_4647_p3                                           |     |        | select_ln320_2           | select    | auto_sel                 | 0       |
|     add_ln322_fu_4713_p2                                                |     |        | add_ln322                | add       | fabric                   | 0       |
|     or_ln322_fu_4655_p2                                                 |     |        | or_ln322                 | or        | auto                     | 0       |
|     select_ln322_fu_4661_p3                                             |     |        | select_ln322             | select    | auto_sel                 | 0       |
|     select_ln322_1_fu_4719_p3                                           |     |        | select_ln322_1           | select    | auto_sel                 | 0       |
|     cond961_fu_4669_p2                                                  |     |        | cond961                  | seteq     | auto                     | 0       |
|     add_ln323_fu_4748_p2                                                |     |        | add_ln323                | add       | fabric                   | 0       |
|     rev1196_fu_4761_p2                                                  |     |        | rev1196                  | xor       | auto                     | 0       |
|     cmp95_fu_4767_p2                                                    |     |        | cmp95                    | setlt     | auto                     | 0       |
|     add_ln325_fu_4775_p2                                                |     |        | add_ln325                | add       | fabric                   | 0       |
|     xor_ln327_fu_4788_p2                                                |     |        | xor_ln327                | xor       | auto                     | 0       |
|     icmp_ln327_fu_4794_p2                                               |     |        | icmp_ln327               | setlt     | auto                     | 0       |
|     and_ln327_fu_4799_p2                                                |     |        | and_ln327                | and       | auto                     | 0       |
|     and_ln327_2_fu_4805_p2                                              |     |        | and_ln327_2              | and       | auto                     | 0       |
|     and_ln327_1_fu_4811_p2                                              |     |        | and_ln327_1              | and       | auto                     | 0       |
|     v_fu_4817_p3                                                        |     |        | v                        | select    | auto_sel                 | 0       |
|     add_ln324_fu_4730_p2                                                |     |        | add_ln324                | add       | fabric                   | 0       |
|     add_ln322_1_fu_4675_p2                                              |     |        | add_ln322_1              | add       | fabric                   | 0       |
|     select_ln322_2_fu_4681_p3                                           |     |        | select_ln322_2           | select    | auto_sel                 | 0       |
|   + run_layer_Pipeline_DW_WT_STAGE_VITIS_LOOP_345_9_VITIS_LOOP_346_10   | 0   |        |                          |           |                          |         |
|     icmp_ln346_fu_2763_p2                                               |     |        | icmp_ln346               | seteq     | auto                     | 0       |
|     icmp_ln341_fu_2742_p2                                               |     |        | icmp_ln341               | seteq     | auto                     | 0       |
|     add_ln341_fu_2747_p2                                                |     |        | add_ln341                | add       | fabric                   | 0       |
|     icmp_ln345_fu_2777_p2                                               |     |        | icmp_ln345               | seteq     | auto                     | 0       |
|     select_ln341_fu_2914_p3                                             |     |        | select_ln341             | select    | auto_sel                 | 0       |
|     add_ln341_1_fu_2782_p2                                              |     |        | add_ln341_1              | add       | fabric                   | 0       |
|     icmp_ln344_fu_2788_p2                                               |     |        | icmp_ln344               | seteq     | auto                     | 0       |
|     icmp_ln344_1_fu_2794_p2                                             |     |        | icmp_ln344_1             | seteq     | auto                     | 0       |
|     select_ln341_1_fu_2800_p3                                           |     |        | select_ln341_1           | select    | auto_sel                 | 0       |
|     icmp_ln346_1_fu_2808_p2                                             |     |        | icmp_ln346_1             | seteq     | auto                     | 0       |
|     select_ln341_2_fu_2813_p3                                           |     |        | select_ln341_2           | select    | auto_sel                 | 0       |
|     select_ln344_fu_2821_p3                                             |     |        | select_ln344             | select    | auto_sel                 | 0       |
|     select_ln341_3_fu_2828_p3                                           |     |        | select_ln341_3           | select    | auto_sel                 | 0       |
|     select_ln344_1_fu_2836_p3                                           |     |        | select_ln344_1           | select    | auto_sel                 | 0       |
|     select_ln341_4_fu_2843_p3                                           |     |        | select_ln341_4           | select    | auto_sel                 | 0       |
|     select_ln341_5_fu_2851_p3                                           |     |        | select_ln341_5           | select    | auto_sel                 | 0       |
|     add_ln345_fu_2921_p2                                                |     |        | add_ln345                | add       | fabric                   | 0       |
|     or_ln345_fu_2859_p2                                                 |     |        | or_ln345                 | or        | auto                     | 0       |
|     select_ln345_fu_2865_p3                                             |     |        | select_ln345             | select    | auto_sel                 | 0       |
|     select_ln345_1_fu_2927_p3                                           |     |        | select_ln345_1           | select    | auto_sel                 | 0       |
|     add_ln346_fu_3330_p2                                                |     |        | add_ln346                | add       | fabric                   | 0       |
|     add_ln345_1_fu_2873_p2                                              |     |        | add_ln345_1              | add       | fabric                   | 0       |
|     select_ln345_2_fu_2879_p3                                           |     |        | select_ln345_2           | select    | auto_sel                 | 0       |
|   + run_reduce_unified                                                  | 32  |        |                          |           |                          |         |
|     icmp_ln154_fu_5164_p2                                               |     |        | icmp_ln154               | seteq     | auto                     | 0       |
|    + run_reduce_unified_Pipeline_UNIFIED_PW                             | 0   |        |                          |           |                          |         |
|      icmp_ln196_fu_1240_p2                                              |     |        | icmp_ln196               | setlt     | auto                     | 0       |
|      add_ln196_fu_1246_p2                                               |     |        | add_ln196                | add       | fabric                   | 0       |
|     + drive_mac (grp_drive_mac_fu_964)                                  | 32  |        |                          |           |                          |         |
|       mac_muladd_8s_8s_32s_32_4_1_U593                                  | 1   |        | mul_ln68                 | mul       | dsp_slice                | 3       |
|       mac_muladd_8s_8s_32s_32_4_1_U593                                  | 1   |        | sext_ln68_2              | sext      | dsp_slice                | 3       |
|       mac_muladd_8s_8s_32s_32_4_1_U593                                  | 1   |        | add_ln68                 | add       | dsp_slice                | 3       |
|       mac_muladd_8s_8s_32s_32_4_1_U594                                  | 1   |        | mul_ln68_1               | mul       | dsp_slice                | 3       |
|       mac_muladd_8s_8s_32s_32_4_1_U594                                  | 1   |        | sext_ln68_5              | sext      | dsp_slice                | 3       |
|       mac_muladd_8s_8s_32s_32_4_1_U595                                  | 1   |        | mul_ln68_2               | mul       | dsp_slice                | 3       |
|       mac_muladd_8s_8s_32s_32_4_1_U595                                  | 1   |        | sext_ln68_7              | sext      | dsp_slice                | 3       |
|       mac_muladd_8s_8s_32s_32_4_1_U596                                  | 1   |        | mul_ln68_3               | mul       | dsp_slice                | 3       |
|       mac_muladd_8s_8s_32s_32_4_1_U596                                  | 1   |        | sext_ln68_9              | sext      | dsp_slice                | 3       |
|       mac_muladd_8s_8s_32s_32_4_1_U597                                  | 1   |        | mul_ln68_4               | mul       | dsp_slice                | 3       |
|       mac_muladd_8s_8s_32s_32_4_1_U597                                  | 1   |        | sext_ln68_11             | sext      | dsp_slice                | 3       |
|       mac_muladd_8s_8s_32s_32_4_1_U598                                  | 1   |        | mul_ln68_5               | mul       | dsp_slice                | 3       |
|       mac_muladd_8s_8s_32s_32_4_1_U598                                  | 1   |        | sext_ln68_13             | sext      | dsp_slice                | 3       |
|       mac_muladd_8s_8s_32s_32_4_1_U599                                  | 1   |        | mul_ln68_6               | mul       | dsp_slice                | 3       |
|       mac_muladd_8s_8s_32s_32_4_1_U599                                  | 1   |        | sext_ln68_15             | sext      | dsp_slice                | 3       |
|       mac_muladd_8s_8s_32s_32_4_1_U600                                  | 1   |        | mul_ln68_7               | mul       | dsp_slice                | 3       |
|       mac_muladd_8s_8s_32s_32_4_1_U600                                  | 1   |        | sext_ln68_17             | sext      | dsp_slice                | 3       |
|       mac_muladd_8s_8s_32s_32_4_1_U601                                  | 1   |        | mul_ln68_8               | mul       | dsp_slice                | 3       |
|       mac_muladd_8s_8s_32s_32_4_1_U601                                  | 1   |        | sext_ln68_19             | sext      | dsp_slice                | 3       |
|       mac_muladd_8s_8s_32s_32_4_1_U602                                  | 1   |        | mul_ln68_9               | mul       | dsp_slice                | 3       |
|       mac_muladd_8s_8s_32s_32_4_1_U602                                  | 1   |        | sext_ln68_21             | sext      | dsp_slice                | 3       |
|       mac_muladd_8s_8s_32s_32_4_1_U603                                  | 1   |        | mul_ln68_10              | mul       | dsp_slice                | 3       |
|       mac_muladd_8s_8s_32s_32_4_1_U603                                  | 1   |        | sext_ln68_23             | sext      | dsp_slice                | 3       |
|       mac_muladd_8s_8s_32s_32_4_1_U604                                  | 1   |        | mul_ln68_11              | mul       | dsp_slice                | 3       |
|       mac_muladd_8s_8s_32s_32_4_1_U604                                  | 1   |        | sext_ln68_25             | sext      | dsp_slice                | 3       |
|       mac_muladd_8s_8s_32s_32_4_1_U605                                  | 1   |        | mul_ln68_12              | mul       | dsp_slice                | 3       |
|       mac_muladd_8s_8s_32s_32_4_1_U605                                  | 1   |        | sext_ln68_27             | sext      | dsp_slice                | 3       |
|       mac_muladd_8s_8s_32s_32_4_1_U606                                  | 1   |        | mul_ln68_13              | mul       | dsp_slice                | 3       |
|       mac_muladd_8s_8s_32s_32_4_1_U606                                  | 1   |        | sext_ln68_29             | sext      | dsp_slice                | 3       |
|       mac_muladd_8s_8s_32s_32_4_1_U607                                  | 1   |        | mul_ln68_14              | mul       | dsp_slice                | 3       |
|       mac_muladd_8s_8s_32s_32_4_1_U607                                  | 1   |        | sext_ln68_31             | sext      | dsp_slice                | 3       |
|       mac_muladd_8s_8s_32s_32_4_1_U608                                  | 1   |        | mul_ln68_15              | mul       | dsp_slice                | 3       |
|       mac_muladd_8s_8s_32s_32_4_1_U608                                  | 1   |        | sext_ln68_33             | sext      | dsp_slice                | 3       |
|       mac_muladd_8s_8s_32s_32_4_1_U609                                  | 1   |        | mul_ln68_16              | mul       | dsp_slice                | 3       |
|       mac_muladd_8s_8s_32s_32_4_1_U609                                  | 1   |        | sext_ln68_35             | sext      | dsp_slice                | 3       |
|       mac_muladd_8s_8s_32s_32_4_1_U610                                  | 1   |        | mul_ln68_17              | mul       | dsp_slice                | 3       |
|       mac_muladd_8s_8s_32s_32_4_1_U610                                  | 1   |        | sext_ln68_37             | sext      | dsp_slice                | 3       |
|       mac_muladd_8s_8s_32s_32_4_1_U611                                  | 1   |        | mul_ln68_18              | mul       | dsp_slice                | 3       |
|       mac_muladd_8s_8s_32s_32_4_1_U611                                  | 1   |        | sext_ln68_39             | sext      | dsp_slice                | 3       |
|       mac_muladd_8s_8s_32s_32_4_1_U612                                  | 1   |        | mul_ln68_19              | mul       | dsp_slice                | 3       |
|       mac_muladd_8s_8s_32s_32_4_1_U612                                  | 1   |        | sext_ln68_41             | sext      | dsp_slice                | 3       |
|       mac_muladd_8s_8s_32s_32_4_1_U613                                  | 1   |        | mul_ln68_20              | mul       | dsp_slice                | 3       |
|       mac_muladd_8s_8s_32s_32_4_1_U613                                  | 1   |        | sext_ln68_43             | sext      | dsp_slice                | 3       |
|       mac_muladd_8s_8s_32s_32_4_1_U614                                  | 1   |        | mul_ln68_21              | mul       | dsp_slice                | 3       |
|       mac_muladd_8s_8s_32s_32_4_1_U614                                  | 1   |        | sext_ln68_45             | sext      | dsp_slice                | 3       |
|       mac_muladd_8s_8s_32s_32_4_1_U615                                  | 1   |        | mul_ln68_22              | mul       | dsp_slice                | 3       |
|       mac_muladd_8s_8s_32s_32_4_1_U615                                  | 1   |        | sext_ln68_47             | sext      | dsp_slice                | 3       |
|       mac_muladd_8s_8s_32s_32_4_1_U616                                  | 1   |        | mul_ln68_23              | mul       | dsp_slice                | 3       |
|       mac_muladd_8s_8s_32s_32_4_1_U616                                  | 1   |        | sext_ln68_49             | sext      | dsp_slice                | 3       |
|       mac_muladd_8s_8s_32s_32_4_1_U617                                  | 1   |        | mul_ln68_24              | mul       | dsp_slice                | 3       |
|       mac_muladd_8s_8s_32s_32_4_1_U617                                  | 1   |        | sext_ln68_51             | sext      | dsp_slice                | 3       |
|       mac_muladd_8s_8s_32s_32_4_1_U618                                  | 1   |        | mul_ln68_25              | mul       | dsp_slice                | 3       |
|       mac_muladd_8s_8s_32s_32_4_1_U618                                  | 1   |        | sext_ln68_53             | sext      | dsp_slice                | 3       |
|       mac_muladd_8s_8s_32s_32_4_1_U619                                  | 1   |        | mul_ln68_26              | mul       | dsp_slice                | 3       |
|       mac_muladd_8s_8s_32s_32_4_1_U619                                  | 1   |        | sext_ln68_55             | sext      | dsp_slice                | 3       |
|       mac_muladd_8s_8s_32s_32_4_1_U620                                  | 1   |        | mul_ln68_27              | mul       | dsp_slice                | 3       |
|       mac_muladd_8s_8s_32s_32_4_1_U620                                  | 1   |        | sext_ln68_57             | sext      | dsp_slice                | 3       |
|       mac_muladd_8s_8s_32s_32_4_1_U621                                  | 1   |        | mul_ln68_28              | mul       | dsp_slice                | 3       |
|       mac_muladd_8s_8s_32s_32_4_1_U621                                  | 1   |        | sext_ln68_59             | sext      | dsp_slice                | 3       |
|       mac_muladd_8s_8s_32s_32_4_1_U622                                  | 1   |        | mul_ln68_29              | mul       | dsp_slice                | 3       |
|       mac_muladd_8s_8s_32s_32_4_1_U622                                  | 1   |        | sext_ln68_61             | sext      | dsp_slice                | 3       |
|       mac_muladd_8s_8s_32s_32_4_1_U623                                  | 1   |        | mul_ln68_30              | mul       | dsp_slice                | 3       |
|       mac_muladd_8s_8s_32s_32_4_1_U623                                  | 1   |        | sext_ln68_63             | sext      | dsp_slice                | 3       |
|       mac_muladd_8s_8s_32s_32_4_1_U624                                  | 1   |        | mul_ln68_31              | mul       | dsp_slice                | 3       |
|       mac_muladd_8s_8s_32s_32_4_1_U624                                  | 1   |        | sext_ln68_65             | sext      | dsp_slice                | 3       |
|       mac_muladd_8s_8s_32s_32_4_1_U594                                  | 1   |        | add_ln68_1               | add       | dsp_slice                | 3       |
|       mac_muladd_8s_8s_32s_32_4_1_U595                                  | 1   |        | add_ln68_2               | add       | dsp_slice                | 3       |
|       mac_muladd_8s_8s_32s_32_4_1_U596                                  | 1   |        | add_ln68_3               | add       | dsp_slice                | 3       |
|       mac_muladd_8s_8s_32s_32_4_1_U597                                  | 1   |        | add_ln68_4               | add       | dsp_slice                | 3       |
|       mac_muladd_8s_8s_32s_32_4_1_U598                                  | 1   |        | add_ln68_5               | add       | dsp_slice                | 3       |
|       mac_muladd_8s_8s_32s_32_4_1_U599                                  | 1   |        | add_ln68_6               | add       | dsp_slice                | 3       |
|       mac_muladd_8s_8s_32s_32_4_1_U600                                  | 1   |        | add_ln68_7               | add       | dsp_slice                | 3       |
|       mac_muladd_8s_8s_32s_32_4_1_U601                                  | 1   |        | add_ln68_8               | add       | dsp_slice                | 3       |
|       mac_muladd_8s_8s_32s_32_4_1_U602                                  | 1   |        | add_ln68_9               | add       | dsp_slice                | 3       |
|       mac_muladd_8s_8s_32s_32_4_1_U603                                  | 1   |        | add_ln68_10              | add       | dsp_slice                | 3       |
|       mac_muladd_8s_8s_32s_32_4_1_U604                                  | 1   |        | add_ln68_11              | add       | dsp_slice                | 3       |
|       mac_muladd_8s_8s_32s_32_4_1_U605                                  | 1   |        | add_ln68_12              | add       | dsp_slice                | 3       |
|       mac_muladd_8s_8s_32s_32_4_1_U606                                  | 1   |        | add_ln68_13              | add       | dsp_slice                | 3       |
|       mac_muladd_8s_8s_32s_32_4_1_U607                                  | 1   |        | add_ln68_14              | add       | dsp_slice                | 3       |
|       mac_muladd_8s_8s_32s_32_4_1_U608                                  | 1   |        | add_ln68_15              | add       | dsp_slice                | 3       |
|       mac_muladd_8s_8s_32s_32_4_1_U609                                  | 1   |        | add_ln68_16              | add       | dsp_slice                | 3       |
|       mac_muladd_8s_8s_32s_32_4_1_U610                                  | 1   |        | add_ln68_17              | add       | dsp_slice                | 3       |
|       mac_muladd_8s_8s_32s_32_4_1_U611                                  | 1   |        | add_ln68_18              | add       | dsp_slice                | 3       |
|       mac_muladd_8s_8s_32s_32_4_1_U612                                  | 1   |        | add_ln68_19              | add       | dsp_slice                | 3       |
|       mac_muladd_8s_8s_32s_32_4_1_U613                                  | 1   |        | add_ln68_20              | add       | dsp_slice                | 3       |
|       mac_muladd_8s_8s_32s_32_4_1_U614                                  | 1   |        | add_ln68_21              | add       | dsp_slice                | 3       |
|       mac_muladd_8s_8s_32s_32_4_1_U615                                  | 1   |        | add_ln68_22              | add       | dsp_slice                | 3       |
|       mac_muladd_8s_8s_32s_32_4_1_U616                                  | 1   |        | add_ln68_23              | add       | dsp_slice                | 3       |
|       mac_muladd_8s_8s_32s_32_4_1_U617                                  | 1   |        | add_ln68_24              | add       | dsp_slice                | 3       |
|       mac_muladd_8s_8s_32s_32_4_1_U618                                  | 1   |        | add_ln68_25              | add       | dsp_slice                | 3       |
|       mac_muladd_8s_8s_32s_32_4_1_U619                                  | 1   |        | add_ln68_26              | add       | dsp_slice                | 3       |
|       mac_muladd_8s_8s_32s_32_4_1_U620                                  | 1   |        | add_ln68_27              | add       | dsp_slice                | 3       |
|       mac_muladd_8s_8s_32s_32_4_1_U621                                  | 1   |        | add_ln68_28              | add       | dsp_slice                | 3       |
|       mac_muladd_8s_8s_32s_32_4_1_U622                                  | 1   |        | add_ln68_29              | add       | dsp_slice                | 3       |
|       mac_muladd_8s_8s_32s_32_4_1_U623                                  | 1   |        | add_ln68_30              | add       | dsp_slice                | 3       |
|       mac_muladd_8s_8s_32s_32_4_1_U624                                  | 1   |        | add_ln68_31              | add       | dsp_slice                | 3       |
|    + run_reduce_unified_Pipeline_DW_TAP_H_DW_TAP_W                      | 0   |        |                          |           |                          |         |
|      cmp8_fu_4056_p2                                                    |     |        | cmp8                     | seteq     | auto                     | 0       |
|      icmp_ln155_fu_4240_p2                                              |     |        | icmp_ln155               | seteq     | auto                     | 0       |
|      add_ln155_fu_4246_p2                                               |     |        | add_ln155                | add       | fabric                   | 0       |
|      icmp_ln156_fu_4258_p2                                              |     |        | icmp_ln156               | seteq     | auto                     | 0       |
|      select_ln155_fu_4264_p3                                            |     |        | select_ln155             | select    | auto_sel                 | 0       |
|      add_ln155_1_fu_4272_p2                                             |     |        | add_ln155_1              | add       | fabric                   | 0       |
|      select_ln155_1_fu_4278_p3                                          |     |        | select_ln155_1           | select    | auto_sel                 | 0       |
|      cmp6_fu_4290_p2                                                    |     |        | cmp6                     | setlt     | auto                     | 0       |
|      icmp_ln160_fu_4300_p2                                              |     |        | icmp_ln160               | setlt     | auto                     | 0       |
|      valid_fu_10132_p2                                                  |     |        | valid                    | and       | auto                     | 0       |
|      sparsemux_15_3_8_1_1_U759                                          |     |        | tmp                      | sparsemux | compactencoding_dontcare | 0       |
|      sparsemux_15_3_8_1_1_U760                                          |     |        | tmp_1                    | sparsemux | compactencoding_dontcare | 0       |
|      sparsemux_15_3_8_1_1_U761                                          |     |        | tmp_2                    | sparsemux | compactencoding_dontcare | 0       |
|      sparsemux_15_3_8_1_1_U762                                          |     |        | tmp_3                    | sparsemux | compactencoding_dontcare | 0       |
|      sparsemux_15_3_8_1_1_U763                                          |     |        | tmp_4                    | sparsemux | compactencoding_dontcare | 0       |
|      sparsemux_15_3_8_1_1_U764                                          |     |        | tmp_5                    | sparsemux | compactencoding_dontcare | 0       |
|      sparsemux_15_3_8_1_1_U765                                          |     |        | tmp_6                    | sparsemux | compactencoding_dontcare | 0       |
|      sparsemux_15_3_8_1_1_U917                                          |     |        | lane_in                  | sparsemux | compactencoding_dontcare | 0       |
|      sparsemux_15_3_8_1_1_U766                                          |     |        | tmp_8                    | sparsemux | compactencoding_dontcare | 0       |
|      sparsemux_15_3_8_1_1_U767                                          |     |        | tmp_9                    | sparsemux | compactencoding_dontcare | 0       |
|      sparsemux_15_3_8_1_1_U768                                          |     |        | tmp_s                    | sparsemux | compactencoding_dontcare | 0       |
|      sparsemux_15_3_8_1_1_U769                                          |     |        | tmp_7                    | sparsemux | compactencoding_dontcare | 0       |
|      sparsemux_15_3_8_1_1_U770                                          |     |        | tmp_10                   | sparsemux | compactencoding_dontcare | 0       |
|      sparsemux_15_3_8_1_1_U771                                          |     |        | tmp_11                   | sparsemux | compactencoding_dontcare | 0       |
|      sparsemux_15_3_8_1_1_U772                                          |     |        | tmp_12                   | sparsemux | compactencoding_dontcare | 0       |
|      sparsemux_15_3_8_1_1_U918                                          |     |        | lane_in_1                | sparsemux | compactencoding_dontcare | 0       |
|      sparsemux_15_3_8_1_1_U773                                          |     |        | tmp_13                   | sparsemux | compactencoding_dontcare | 0       |
|      sparsemux_15_3_8_1_1_U774                                          |     |        | tmp_14                   | sparsemux | compactencoding_dontcare | 0       |
|      sparsemux_15_3_8_1_1_U919                                          |     |        | lane_in_2                | sparsemux | compactencoding_dontcare | 0       |
|      sparsemux_15_3_8_1_1_U775                                          |     |        | tmp_15                   | sparsemux | compactencoding_dontcare | 0       |
|      sparsemux_15_3_8_1_1_U776                                          |     |        | tmp_16                   | sparsemux | compactencoding_dontcare | 0       |
|      sparsemux_15_3_8_1_1_U920                                          |     |        | lane_in_3                | sparsemux | compactencoding_dontcare | 0       |
|      sparsemux_15_3_8_1_1_U777                                          |     |        | tmp_17                   | sparsemux | compactencoding_dontcare | 0       |
|      sparsemux_15_3_8_1_1_U778                                          |     |        | tmp_18                   | sparsemux | compactencoding_dontcare | 0       |
|      sparsemux_15_3_8_1_1_U779                                          |     |        | tmp_19                   | sparsemux | compactencoding_dontcare | 0       |
|      sparsemux_15_3_8_1_1_U780                                          |     |        | tmp_20                   | sparsemux | compactencoding_dontcare | 0       |
|      sparsemux_15_3_8_1_1_U781                                          |     |        | tmp_21                   | sparsemux | compactencoding_dontcare | 0       |
|      sparsemux_15_3_8_1_1_U782                                          |     |        | tmp_22                   | sparsemux | compactencoding_dontcare | 0       |
|      sparsemux_15_3_8_1_1_U783                                          |     |        | tmp_23                   | sparsemux | compactencoding_dontcare | 0       |
|      sparsemux_15_3_8_1_1_U784                                          |     |        | tmp_24                   | sparsemux | compactencoding_dontcare | 0       |
|      sparsemux_15_3_8_1_1_U785                                          |     |        | tmp_25                   | sparsemux | compactencoding_dontcare | 0       |
|      sparsemux_15_3_8_1_1_U921                                          |     |        | lane_in_32               | sparsemux | compactencoding_dontcare | 0       |
|      sparsemux_15_3_8_1_1_U786                                          |     |        | tmp_26                   | sparsemux | compactencoding_dontcare | 0       |
|      sparsemux_15_3_8_1_1_U787                                          |     |        | tmp_27                   | sparsemux | compactencoding_dontcare | 0       |
|      sparsemux_15_3_8_1_1_U788                                          |     |        | tmp_28                   | sparsemux | compactencoding_dontcare | 0       |
|      sparsemux_15_3_8_1_1_U789                                          |     |        | tmp_29                   | sparsemux | compactencoding_dontcare | 0       |
|      sparsemux_15_3_8_1_1_U790                                          |     |        | tmp_30                   | sparsemux | compactencoding_dontcare | 0       |
|      sparsemux_15_3_8_1_1_U791                                          |     |        | tmp_31                   | sparsemux | compactencoding_dontcare | 0       |
|      sparsemux_15_3_8_1_1_U792                                          |     |        | tmp_32                   | sparsemux | compactencoding_dontcare | 0       |
|      sparsemux_15_3_8_1_1_U922                                          |     |        | lane_in_4                | sparsemux | compactencoding_dontcare | 0       |
|      sparsemux_15_3_8_1_1_U923                                          |     |        | lane_in_5                | sparsemux | compactencoding_dontcare | 0       |
|      sparsemux_15_3_8_1_1_U793                                          |     |        | tmp_33                   | sparsemux | compactencoding_dontcare | 0       |
|      sparsemux_15_3_8_1_1_U924                                          |     |        | lane_in_6                | sparsemux | compactencoding_dontcare | 0       |
|      sparsemux_15_3_8_1_1_U925                                          |     |        | lane_in_7                | sparsemux | compactencoding_dontcare | 0       |
|      sparsemux_15_3_8_1_1_U794                                          |     |        | tmp_34                   | sparsemux | compactencoding_dontcare | 0       |
|      sparsemux_15_3_8_1_1_U926                                          |     |        | lane_in_8                | sparsemux | compactencoding_dontcare | 0       |
|      sparsemux_15_3_8_1_1_U795                                          |     |        | tmp_35                   | sparsemux | compactencoding_dontcare | 0       |
|      sparsemux_15_3_8_1_1_U927                                          |     |        | lane_in_9                | sparsemux | compactencoding_dontcare | 0       |
|      sparsemux_15_3_8_1_1_U796                                          |     |        | tmp_36                   | sparsemux | compactencoding_dontcare | 0       |
|      sparsemux_15_3_8_1_1_U928                                          |     |        | lane_in_10               | sparsemux | compactencoding_dontcare | 0       |
|      sparsemux_15_3_8_1_1_U929                                          |     |        | lane_in_11               | sparsemux | compactencoding_dontcare | 0       |
|      sparsemux_15_3_8_1_1_U797                                          |     |        | tmp_37                   | sparsemux | compactencoding_dontcare | 0       |
|      sparsemux_15_3_8_1_1_U930                                          |     |        | lane_in_12               | sparsemux | compactencoding_dontcare | 0       |
|      sparsemux_15_3_8_1_1_U931                                          |     |        | lane_in_13               | sparsemux | compactencoding_dontcare | 0       |
|      sparsemux_15_3_8_1_1_U798                                          |     |        | tmp_38                   | sparsemux | compactencoding_dontcare | 0       |
|      sparsemux_15_3_8_1_1_U932                                          |     |        | lane_in_14               | sparsemux | compactencoding_dontcare | 0       |
|      sparsemux_15_3_8_1_1_U799                                          |     |        | tmp_39                   | sparsemux | compactencoding_dontcare | 0       |
|      sparsemux_15_3_8_1_1_U800                                          |     |        | tmp_40                   | sparsemux | compactencoding_dontcare | 0       |
|      sparsemux_15_3_8_1_1_U801                                          |     |        | tmp_41                   | sparsemux | compactencoding_dontcare | 0       |
|      sparsemux_15_3_8_1_1_U802                                          |     |        | tmp_42                   | sparsemux | compactencoding_dontcare | 0       |
|      sparsemux_15_3_8_1_1_U803                                          |     |        | tmp_43                   | sparsemux | compactencoding_dontcare | 0       |
|      sparsemux_15_3_8_1_1_U804                                          |     |        | tmp_44                   | sparsemux | compactencoding_dontcare | 0       |
|      sparsemux_15_3_8_1_1_U805                                          |     |        | tmp_45                   | sparsemux | compactencoding_dontcare | 0       |
|      sparsemux_15_3_8_1_1_U933                                          |     |        | lane_in_33               | sparsemux | compactencoding_dontcare | 0       |
|      sparsemux_15_3_8_1_1_U806                                          |     |        | tmp_46                   | sparsemux | compactencoding_dontcare | 0       |
|      sparsemux_15_3_8_1_1_U807                                          |     |        | tmp_47                   | sparsemux | compactencoding_dontcare | 0       |
|      sparsemux_15_3_8_1_1_U808                                          |     |        | tmp_48                   | sparsemux | compactencoding_dontcare | 0       |
|      sparsemux_15_3_8_1_1_U809                                          |     |        | tmp_49                   | sparsemux | compactencoding_dontcare | 0       |
|      sparsemux_15_3_8_1_1_U810                                          |     |        | tmp_50                   | sparsemux | compactencoding_dontcare | 0       |
|      sparsemux_15_3_8_1_1_U811                                          |     |        | tmp_51                   | sparsemux | compactencoding_dontcare | 0       |
|      sparsemux_15_3_8_1_1_U812                                          |     |        | tmp_52                   | sparsemux | compactencoding_dontcare | 0       |
|      sparsemux_15_3_8_1_1_U934                                          |     |        | lane_in_15               | sparsemux | compactencoding_dontcare | 0       |
|      sparsemux_15_3_8_1_1_U813                                          |     |        | tmp_53                   | sparsemux | compactencoding_dontcare | 0       |
|      sparsemux_15_3_8_1_1_U814                                          |     |        | tmp_54                   | sparsemux | compactencoding_dontcare | 0       |
|      sparsemux_15_3_8_1_1_U935                                          |     |        | lane_in_16               | sparsemux | compactencoding_dontcare | 0       |
|      sparsemux_15_3_8_1_1_U815                                          |     |        | tmp_55                   | sparsemux | compactencoding_dontcare | 0       |
|      sparsemux_15_3_8_1_1_U816                                          |     |        | tmp_56                   | sparsemux | compactencoding_dontcare | 0       |
|      sparsemux_15_3_8_1_1_U936                                          |     |        | lane_in_17               | sparsemux | compactencoding_dontcare | 0       |
|      sparsemux_15_3_8_1_1_U817                                          |     |        | tmp_57                   | sparsemux | compactencoding_dontcare | 0       |
|      sparsemux_15_3_8_1_1_U937                                          |     |        | lane_in_18               | sparsemux | compactencoding_dontcare | 0       |
|      sparsemux_15_3_8_1_1_U818                                          |     |        | tmp_58                   | sparsemux | compactencoding_dontcare | 0       |
|      sparsemux_15_3_8_1_1_U938                                          |     |        | lane_in_19               | sparsemux | compactencoding_dontcare | 0       |
|      sparsemux_15_3_8_1_1_U819                                          |     |        | tmp_59                   | sparsemux | compactencoding_dontcare | 0       |
|      sparsemux_15_3_8_1_1_U820                                          |     |        | tmp_60                   | sparsemux | compactencoding_dontcare | 0       |
|      sparsemux_15_3_8_1_1_U939                                          |     |        | lane_in_20               | sparsemux | compactencoding_dontcare | 0       |
|      sparsemux_15_3_8_1_1_U821                                          |     |        | tmp_61                   | sparsemux | compactencoding_dontcare | 0       |
|      sparsemux_15_3_8_1_1_U822                                          |     |        | tmp_62                   | sparsemux | compactencoding_dontcare | 0       |
|      sparsemux_15_3_8_1_1_U940                                          |     |        | lane_in_21               | sparsemux | compactencoding_dontcare | 0       |
|      sparsemux_15_3_8_1_1_U823                                          |     |        | tmp_63                   | sparsemux | compactencoding_dontcare | 0       |
|      sparsemux_15_3_8_1_1_U824                                          |     |        | tmp_64                   | sparsemux | compactencoding_dontcare | 0       |
|      sparsemux_15_3_8_1_1_U941                                          |     |        | lane_in_22               | sparsemux | compactencoding_dontcare | 0       |
|      sparsemux_15_3_8_1_1_U825                                          |     |        | tmp_65                   | sparsemux | compactencoding_dontcare | 0       |
|      sparsemux_15_3_8_1_1_U826                                          |     |        | tmp_66                   | sparsemux | compactencoding_dontcare | 0       |
|      sparsemux_15_3_8_1_1_U942                                          |     |        | lane_in_23               | sparsemux | compactencoding_dontcare | 0       |
|      sparsemux_15_3_8_1_1_U827                                          |     |        | tmp_67                   | sparsemux | compactencoding_dontcare | 0       |
|      sparsemux_15_3_8_1_1_U828                                          |     |        | tmp_68                   | sparsemux | compactencoding_dontcare | 0       |
|      sparsemux_15_3_8_1_1_U943                                          |     |        | lane_in_24               | sparsemux | compactencoding_dontcare | 0       |
|      sparsemux_15_3_8_1_1_U829                                          |     |        | tmp_69                   | sparsemux | compactencoding_dontcare | 0       |
|      sparsemux_15_3_8_1_1_U830                                          |     |        | tmp_70                   | sparsemux | compactencoding_dontcare | 0       |
|      sparsemux_15_3_8_1_1_U944                                          |     |        | lane_in_25               | sparsemux | compactencoding_dontcare | 0       |
|      sparsemux_15_3_8_1_1_U831                                          |     |        | tmp_71                   | sparsemux | compactencoding_dontcare | 0       |
|      sparsemux_15_3_8_1_1_U832                                          |     |        | tmp_72                   | sparsemux | compactencoding_dontcare | 0       |
|      sparsemux_15_3_8_1_1_U833                                          |     |        | tmp_73                   | sparsemux | compactencoding_dontcare | 0       |
|      sparsemux_15_3_8_1_1_U834                                          |     |        | tmp_74                   | sparsemux | compactencoding_dontcare | 0       |
|      sparsemux_15_3_8_1_1_U835                                          |     |        | tmp_75                   | sparsemux | compactencoding_dontcare | 0       |
|      sparsemux_15_3_8_1_1_U836                                          |     |        | tmp_76                   | sparsemux | compactencoding_dontcare | 0       |
|      sparsemux_15_3_8_1_1_U837                                          |     |        | tmp_77                   | sparsemux | compactencoding_dontcare | 0       |
|      sparsemux_15_3_8_1_1_U945                                          |     |        | tmp_78                   | sparsemux | compactencoding_dontcare | 0       |
|      sparsemux_15_3_8_1_1_U838                                          |     |        | tmp_79                   | sparsemux | compactencoding_dontcare | 0       |
|      sparsemux_15_3_8_1_1_U839                                          |     |        | tmp_80                   | sparsemux | compactencoding_dontcare | 0       |
|      sparsemux_15_3_8_1_1_U840                                          |     |        | tmp_81                   | sparsemux | compactencoding_dontcare | 0       |
|      sparsemux_15_3_8_1_1_U841                                          |     |        | tmp_82                   | sparsemux | compactencoding_dontcare | 0       |
|      sparsemux_15_3_8_1_1_U842                                          |     |        | tmp_83                   | sparsemux | compactencoding_dontcare | 0       |
|      sparsemux_15_3_8_1_1_U843                                          |     |        | tmp_84                   | sparsemux | compactencoding_dontcare | 0       |
|      sparsemux_15_3_8_1_1_U844                                          |     |        | tmp_85                   | sparsemux | compactencoding_dontcare | 0       |
|      sparsemux_15_3_8_1_1_U946                                          |     |        | tmp_86                   | sparsemux | compactencoding_dontcare | 0       |
|      lane_w_fu_10977_p3                                                 |     |        | lane_w                   | select    | auto_sel                 | 0       |
|      lane_w_2_fu_10986_p3                                               |     |        | lane_w_2                 | select    | auto_sel                 | 0       |
|      sparsemux_15_3_8_1_1_U845                                          |     |        | tmp_87                   | sparsemux | compactencoding_dontcare | 0       |
|      sparsemux_15_3_8_1_1_U846                                          |     |        | tmp_88                   | sparsemux | compactencoding_dontcare | 0       |
|      sparsemux_15_3_8_1_1_U847                                          |     |        | tmp_89                   | sparsemux | compactencoding_dontcare | 0       |
|      sparsemux_15_3_8_1_1_U848                                          |     |        | tmp_90                   | sparsemux | compactencoding_dontcare | 0       |
|      sparsemux_15_3_8_1_1_U849                                          |     |        | tmp_91                   | sparsemux | compactencoding_dontcare | 0       |
|      sparsemux_15_3_8_1_1_U850                                          |     |        | tmp_92                   | sparsemux | compactencoding_dontcare | 0       |
|      sparsemux_15_3_8_1_1_U851                                          |     |        | tmp_93                   | sparsemux | compactencoding_dontcare | 0       |
|      sparsemux_15_3_8_1_1_U947                                          |     |        | lane_in_49               | sparsemux | compactencoding_dontcare | 0       |
|      sparsemux_15_3_8_1_1_U852                                          |     |        | tmp_94                   | sparsemux | compactencoding_dontcare | 0       |
|      sparsemux_15_3_8_1_1_U853                                          |     |        | tmp_95                   | sparsemux | compactencoding_dontcare | 0       |
|      sparsemux_15_3_8_1_1_U854                                          |     |        | tmp_96                   | sparsemux | compactencoding_dontcare | 0       |
|      sparsemux_15_3_8_1_1_U855                                          |     |        | tmp_97                   | sparsemux | compactencoding_dontcare | 0       |
|      sparsemux_15_3_8_1_1_U856                                          |     |        | tmp_98                   | sparsemux | compactencoding_dontcare | 0       |
|      sparsemux_15_3_8_1_1_U857                                          |     |        | tmp_99                   | sparsemux | compactencoding_dontcare | 0       |
|      sparsemux_15_3_8_1_1_U858                                          |     |        | tmp_100                  | sparsemux | compactencoding_dontcare | 0       |
|      sparsemux_15_3_8_1_1_U948                                          |     |        | tmp_101                  | sparsemux | compactencoding_dontcare | 0       |
|      sparsemux_15_3_8_1_1_U859                                          |     |        | tmp_102                  | sparsemux | compactencoding_dontcare | 0       |
|      sparsemux_15_3_8_1_1_U860                                          |     |        | tmp_103                  | sparsemux | compactencoding_dontcare | 0       |
|      sparsemux_15_3_8_1_1_U861                                          |     |        | tmp_104                  | sparsemux | compactencoding_dontcare | 0       |
|      sparsemux_15_3_8_1_1_U862                                          |     |        | tmp_105                  | sparsemux | compactencoding_dontcare | 0       |
|      sparsemux_15_3_8_1_1_U863                                          |     |        | tmp_106                  | sparsemux | compactencoding_dontcare | 0       |
|      sparsemux_15_3_8_1_1_U864                                          |     |        | tmp_107                  | sparsemux | compactencoding_dontcare | 0       |
|      sparsemux_15_3_8_1_1_U865                                          |     |        | tmp_108                  | sparsemux | compactencoding_dontcare | 0       |
|      sparsemux_15_3_8_1_1_U949                                          |     |        | tmp_109                  | sparsemux | compactencoding_dontcare | 0       |
|      sparsemux_15_3_8_1_1_U866                                          |     |        | tmp_110                  | sparsemux | compactencoding_dontcare | 0       |
|      sparsemux_15_3_8_1_1_U867                                          |     |        | tmp_111                  | sparsemux | compactencoding_dontcare | 0       |
|      sparsemux_15_3_8_1_1_U868                                          |     |        | tmp_112                  | sparsemux | compactencoding_dontcare | 0       |
|      sparsemux_15_3_8_1_1_U869                                          |     |        | tmp_113                  | sparsemux | compactencoding_dontcare | 0       |
|      sparsemux_15_3_8_1_1_U870                                          |     |        | tmp_114                  | sparsemux | compactencoding_dontcare | 0       |
|      sparsemux_15_3_8_1_1_U871                                          |     |        | tmp_115                  | sparsemux | compactencoding_dontcare | 0       |
|      sparsemux_15_3_8_1_1_U872                                          |     |        | tmp_116                  | sparsemux | compactencoding_dontcare | 0       |
|      sparsemux_15_3_8_1_1_U950                                          |     |        | tmp_117                  | sparsemux | compactencoding_dontcare | 0       |
|      sparsemux_15_3_8_1_1_U873                                          |     |        | tmp_118                  | sparsemux | compactencoding_dontcare | 0       |
|      sparsemux_15_3_8_1_1_U951                                          |     |        | tmp_119                  | sparsemux | compactencoding_dontcare | 0       |
|      sparsemux_15_3_8_1_1_U874                                          |     |        | tmp_120                  | sparsemux | compactencoding_dontcare | 0       |
|      sparsemux_15_3_8_1_1_U952                                          |     |        | tmp_121                  | sparsemux | compactencoding_dontcare | 0       |
|      sparsemux_15_3_8_1_1_U875                                          |     |        | tmp_122                  | sparsemux | compactencoding_dontcare | 0       |
|      sparsemux_15_3_8_1_1_U953                                          |     |        | tmp_123                  | sparsemux | compactencoding_dontcare | 0       |
|      sparsemux_15_3_8_1_1_U876                                          |     |        | tmp_124                  | sparsemux | compactencoding_dontcare | 0       |
|      sparsemux_15_3_8_1_1_U954                                          |     |        | tmp_125                  | sparsemux | compactencoding_dontcare | 0       |
|      sparsemux_15_3_8_1_1_U877                                          |     |        | tmp_126                  | sparsemux | compactencoding_dontcare | 0       |
|      sparsemux_15_3_8_1_1_U955                                          |     |        | tmp_127                  | sparsemux | compactencoding_dontcare | 0       |
|      sparsemux_15_3_8_1_1_U878                                          |     |        | tmp_128                  | sparsemux | compactencoding_dontcare | 0       |
|      sparsemux_15_3_8_1_1_U956                                          |     |        | tmp_129                  | sparsemux | compactencoding_dontcare | 0       |
|      sparsemux_15_3_8_1_1_U879                                          |     |        | tmp_130                  | sparsemux | compactencoding_dontcare | 0       |
|      sparsemux_15_3_8_1_1_U957                                          |     |        | tmp_131                  | sparsemux | compactencoding_dontcare | 0       |
|      sparsemux_15_3_8_1_1_U880                                          |     |        | tmp_132                  | sparsemux | compactencoding_dontcare | 0       |
|      sparsemux_15_3_8_1_1_U958                                          |     |        | tmp_133                  | sparsemux | compactencoding_dontcare | 0       |
|      sparsemux_15_3_8_1_1_U881                                          |     |        | tmp_134                  | sparsemux | compactencoding_dontcare | 0       |
|      sparsemux_15_3_8_1_1_U959                                          |     |        | tmp_135                  | sparsemux | compactencoding_dontcare | 0       |
|      sparsemux_15_3_8_1_1_U882                                          |     |        | tmp_136                  | sparsemux | compactencoding_dontcare | 0       |
|      sparsemux_15_3_8_1_1_U960                                          |     |        | tmp_137                  | sparsemux | compactencoding_dontcare | 0       |
|      sparsemux_15_3_8_1_1_U883                                          |     |        | tmp_138                  | sparsemux | compactencoding_dontcare | 0       |
|      sparsemux_15_3_8_1_1_U961                                          |     |        | tmp_139                  | sparsemux | compactencoding_dontcare | 0       |
|      sparsemux_15_3_8_1_1_U884                                          |     |        | tmp_140                  | sparsemux | compactencoding_dontcare | 0       |
|      sparsemux_15_3_8_1_1_U962                                          |     |        | tmp_141                  | sparsemux | compactencoding_dontcare | 0       |
|      sparsemux_15_3_8_1_1_U885                                          |     |        | tmp_142                  | sparsemux | compactencoding_dontcare | 0       |
|      sparsemux_15_3_8_1_1_U886                                          |     |        | tmp_143                  | sparsemux | compactencoding_dontcare | 0       |
|      sparsemux_15_3_8_1_1_U887                                          |     |        | tmp_144                  | sparsemux | compactencoding_dontcare | 0       |
|      sparsemux_15_3_8_1_1_U888                                          |     |        | tmp_145                  | sparsemux | compactencoding_dontcare | 0       |
|      sparsemux_15_3_8_1_1_U889                                          |     |        | tmp_146                  | sparsemux | compactencoding_dontcare | 0       |
|      sparsemux_15_3_8_1_1_U890                                          |     |        | tmp_147                  | sparsemux | compactencoding_dontcare | 0       |
|      sparsemux_15_3_8_1_1_U891                                          |     |        | tmp_148                  | sparsemux | compactencoding_dontcare | 0       |
|      sparsemux_15_3_8_1_1_U963                                          |     |        | tmp_149                  | sparsemux | compactencoding_dontcare | 0       |
|      sparsemux_15_3_8_1_1_U892                                          |     |        | tmp_150                  | sparsemux | compactencoding_dontcare | 0       |
|      sparsemux_15_3_8_1_1_U893                                          |     |        | tmp_151                  | sparsemux | compactencoding_dontcare | 0       |
|      sparsemux_15_3_8_1_1_U894                                          |     |        | tmp_152                  | sparsemux | compactencoding_dontcare | 0       |
|      sparsemux_15_3_8_1_1_U895                                          |     |        | tmp_153                  | sparsemux | compactencoding_dontcare | 0       |
|      sparsemux_15_3_8_1_1_U896                                          |     |        | tmp_154                  | sparsemux | compactencoding_dontcare | 0       |
|      sparsemux_15_3_8_1_1_U897                                          |     |        | tmp_155                  | sparsemux | compactencoding_dontcare | 0       |
|      sparsemux_15_3_8_1_1_U898                                          |     |        | tmp_156                  | sparsemux | compactencoding_dontcare | 0       |
|      sparsemux_15_3_8_1_1_U964                                          |     |        | tmp_157                  | sparsemux | compactencoding_dontcare | 0       |
|      sparsemux_15_3_8_1_1_U899                                          |     |        | tmp_158                  | sparsemux | compactencoding_dontcare | 0       |
|      sparsemux_15_3_8_1_1_U900                                          |     |        | tmp_159                  | sparsemux | compactencoding_dontcare | 0       |
|      sparsemux_15_3_8_1_1_U965                                          |     |        | tmp_160                  | sparsemux | compactencoding_dontcare | 0       |
|      sparsemux_15_3_8_1_1_U901                                          |     |        | tmp_161                  | sparsemux | compactencoding_dontcare | 0       |
|      sparsemux_15_3_8_1_1_U902                                          |     |        | tmp_162                  | sparsemux | compactencoding_dontcare | 0       |
|      sparsemux_15_3_8_1_1_U966                                          |     |        | tmp_163                  | sparsemux | compactencoding_dontcare | 0       |
|      sparsemux_15_3_8_1_1_U903                                          |     |        | tmp_164                  | sparsemux | compactencoding_dontcare | 0       |
|      sparsemux_15_3_8_1_1_U967                                          |     |        | tmp_165                  | sparsemux | compactencoding_dontcare | 0       |
|      sparsemux_15_3_8_1_1_U904                                          |     |        | tmp_166                  | sparsemux | compactencoding_dontcare | 0       |
|      sparsemux_15_3_8_1_1_U968                                          |     |        | tmp_167                  | sparsemux | compactencoding_dontcare | 0       |
|      sparsemux_15_3_8_1_1_U905                                          |     |        | tmp_168                  | sparsemux | compactencoding_dontcare | 0       |
|      sparsemux_15_3_8_1_1_U906                                          |     |        | tmp_169                  | sparsemux | compactencoding_dontcare | 0       |
|      sparsemux_15_3_8_1_1_U969                                          |     |        | tmp_170                  | sparsemux | compactencoding_dontcare | 0       |
|      sparsemux_15_3_8_1_1_U907                                          |     |        | tmp_171                  | sparsemux | compactencoding_dontcare | 0       |
|      sparsemux_15_3_8_1_1_U908                                          |     |        | tmp_172                  | sparsemux | compactencoding_dontcare | 0       |
|      sparsemux_15_3_8_1_1_U970                                          |     |        | tmp_173                  | sparsemux | compactencoding_dontcare | 0       |
|      sparsemux_15_3_8_1_1_U909                                          |     |        | tmp_174                  | sparsemux | compactencoding_dontcare | 0       |
|      sparsemux_15_3_8_1_1_U910                                          |     |        | tmp_175                  | sparsemux | compactencoding_dontcare | 0       |
|      sparsemux_15_3_8_1_1_U971                                          |     |        | tmp_176                  | sparsemux | compactencoding_dontcare | 0       |
|      sparsemux_15_3_8_1_1_U911                                          |     |        | tmp_177                  | sparsemux | compactencoding_dontcare | 0       |
|      sparsemux_15_3_8_1_1_U912                                          |     |        | tmp_178                  | sparsemux | compactencoding_dontcare | 0       |
|      sparsemux_15_3_8_1_1_U972                                          |     |        | tmp_179                  | sparsemux | compactencoding_dontcare | 0       |
|      sparsemux_15_3_8_1_1_U913                                          |     |        | tmp_180                  | sparsemux | compactencoding_dontcare | 0       |
|      sparsemux_15_3_8_1_1_U914                                          |     |        | tmp_181                  | sparsemux | compactencoding_dontcare | 0       |
|      sparsemux_15_3_8_1_1_U973                                          |     |        | tmp_182                  | sparsemux | compactencoding_dontcare | 0       |
|      sparsemux_15_3_8_1_1_U915                                          |     |        | tmp_183                  | sparsemux | compactencoding_dontcare | 0       |
|      sparsemux_15_3_8_1_1_U916                                          |     |        | tmp_184                  | sparsemux | compactencoding_dontcare | 0       |
|      sparsemux_15_3_8_1_1_U974                                          |     |        | tmp_185                  | sparsemux | compactencoding_dontcare | 0       |
|      lane_in_34_fu_11780_p3                                             |     |        | lane_in_34               | select    | auto_sel                 | 0       |
|      lane_in_35_fu_11788_p3                                             |     |        | lane_in_35               | select    | auto_sel                 | 0       |
|      lane_in_36_fu_11796_p3                                             |     |        | lane_in_36               | select    | auto_sel                 | 0       |
|      lane_in_37_fu_11804_p3                                             |     |        | lane_in_37               | select    | auto_sel                 | 0       |
|      lane_in_38_fu_11812_p3                                             |     |        | lane_in_38               | select    | auto_sel                 | 0       |
|      lane_in_39_fu_11820_p3                                             |     |        | lane_in_39               | select    | auto_sel                 | 0       |
|      lane_in_40_fu_11828_p3                                             |     |        | lane_in_40               | select    | auto_sel                 | 0       |
|      lane_in_41_fu_11836_p3                                             |     |        | lane_in_41               | select    | auto_sel                 | 0       |
|      lane_in_42_fu_11844_p3                                             |     |        | lane_in_42               | select    | auto_sel                 | 0       |
|      lane_in_43_fu_11852_p3                                             |     |        | lane_in_43               | select    | auto_sel                 | 0       |
|      lane_in_44_fu_11860_p3                                             |     |        | lane_in_44               | select    | auto_sel                 | 0       |
|      lane_in_45_fu_11868_p3                                             |     |        | lane_in_45               | select    | auto_sel                 | 0       |
|      lane_in_46_fu_11876_p3                                             |     |        | lane_in_46               | select    | auto_sel                 | 0       |
|      lane_in_47_fu_11884_p3                                             |     |        | lane_in_47               | select    | auto_sel                 | 0       |
|      lane_in_48_fu_11892_p3                                             |     |        | lane_in_48               | select    | auto_sel                 | 0       |
|      lane_in_50_fu_11900_p3                                             |     |        | lane_in_50               | select    | auto_sel                 | 0       |
|      lane_in_51_fu_11908_p3                                             |     |        | lane_in_51               | select    | auto_sel                 | 0       |
|      lane_in_52_fu_11916_p3                                             |     |        | lane_in_52               | select    | auto_sel                 | 0       |
|      lane_in_53_fu_11924_p3                                             |     |        | lane_in_53               | select    | auto_sel                 | 0       |
|      lane_in_54_fu_11932_p3                                             |     |        | lane_in_54               | select    | auto_sel                 | 0       |
|      lane_in_55_fu_11940_p3                                             |     |        | lane_in_55               | select    | auto_sel                 | 0       |
|      lane_in_56_fu_11948_p3                                             |     |        | lane_in_56               | select    | auto_sel                 | 0       |
|      lane_in_57_fu_11956_p3                                             |     |        | lane_in_57               | select    | auto_sel                 | 0       |
|      lane_in_58_fu_11964_p3                                             |     |        | lane_in_58               | select    | auto_sel                 | 0       |
|      lane_in_59_fu_11972_p3                                             |     |        | lane_in_59               | select    | auto_sel                 | 0       |
|      lane_in_60_fu_11980_p3                                             |     |        | lane_in_60               | select    | auto_sel                 | 0       |
|      lane_in_61_fu_11988_p3                                             |     |        | lane_in_61               | select    | auto_sel                 | 0       |
|      lane_in_62_fu_11996_p3                                             |     |        | lane_in_62               | select    | auto_sel                 | 0       |
|      lane_in_63_fu_12004_p3                                             |     |        | lane_in_63               | select    | auto_sel                 | 0       |
|      lane_in_64_fu_12012_p3                                             |     |        | lane_in_64               | select    | auto_sel                 | 0       |
|      add_ln156_fu_12020_p2                                              |     |        | add_ln156                | add       | fabric                   | 0       |
|     + drive_mac (grp_drive_mac_fu_3986)                                 | 32  |        |                          |           |                          |         |
|       mac_muladd_8s_8s_32s_32_4_1_U593                                  | 1   |        | mul_ln68                 | mul       | dsp_slice                | 3       |
|       mac_muladd_8s_8s_32s_32_4_1_U593                                  | 1   |        | sext_ln68_2              | sext      | dsp_slice                | 3       |
|       mac_muladd_8s_8s_32s_32_4_1_U593                                  | 1   |        | add_ln68                 | add       | dsp_slice                | 3       |
|       mac_muladd_8s_8s_32s_32_4_1_U594                                  | 1   |        | mul_ln68_1               | mul       | dsp_slice                | 3       |
|       mac_muladd_8s_8s_32s_32_4_1_U594                                  | 1   |        | sext_ln68_5              | sext      | dsp_slice                | 3       |
|       mac_muladd_8s_8s_32s_32_4_1_U595                                  | 1   |        | mul_ln68_2               | mul       | dsp_slice                | 3       |
|       mac_muladd_8s_8s_32s_32_4_1_U595                                  | 1   |        | sext_ln68_7              | sext      | dsp_slice                | 3       |
|       mac_muladd_8s_8s_32s_32_4_1_U596                                  | 1   |        | mul_ln68_3               | mul       | dsp_slice                | 3       |
|       mac_muladd_8s_8s_32s_32_4_1_U596                                  | 1   |        | sext_ln68_9              | sext      | dsp_slice                | 3       |
|       mac_muladd_8s_8s_32s_32_4_1_U597                                  | 1   |        | mul_ln68_4               | mul       | dsp_slice                | 3       |
|       mac_muladd_8s_8s_32s_32_4_1_U597                                  | 1   |        | sext_ln68_11             | sext      | dsp_slice                | 3       |
|       mac_muladd_8s_8s_32s_32_4_1_U598                                  | 1   |        | mul_ln68_5               | mul       | dsp_slice                | 3       |
|       mac_muladd_8s_8s_32s_32_4_1_U598                                  | 1   |        | sext_ln68_13             | sext      | dsp_slice                | 3       |
|       mac_muladd_8s_8s_32s_32_4_1_U599                                  | 1   |        | mul_ln68_6               | mul       | dsp_slice                | 3       |
|       mac_muladd_8s_8s_32s_32_4_1_U599                                  | 1   |        | sext_ln68_15             | sext      | dsp_slice                | 3       |
|       mac_muladd_8s_8s_32s_32_4_1_U600                                  | 1   |        | mul_ln68_7               | mul       | dsp_slice                | 3       |
|       mac_muladd_8s_8s_32s_32_4_1_U600                                  | 1   |        | sext_ln68_17             | sext      | dsp_slice                | 3       |
|       mac_muladd_8s_8s_32s_32_4_1_U601                                  | 1   |        | mul_ln68_8               | mul       | dsp_slice                | 3       |
|       mac_muladd_8s_8s_32s_32_4_1_U601                                  | 1   |        | sext_ln68_19             | sext      | dsp_slice                | 3       |
|       mac_muladd_8s_8s_32s_32_4_1_U602                                  | 1   |        | mul_ln68_9               | mul       | dsp_slice                | 3       |
|       mac_muladd_8s_8s_32s_32_4_1_U602                                  | 1   |        | sext_ln68_21             | sext      | dsp_slice                | 3       |
|       mac_muladd_8s_8s_32s_32_4_1_U603                                  | 1   |        | mul_ln68_10              | mul       | dsp_slice                | 3       |
|       mac_muladd_8s_8s_32s_32_4_1_U603                                  | 1   |        | sext_ln68_23             | sext      | dsp_slice                | 3       |
|       mac_muladd_8s_8s_32s_32_4_1_U604                                  | 1   |        | mul_ln68_11              | mul       | dsp_slice                | 3       |
|       mac_muladd_8s_8s_32s_32_4_1_U604                                  | 1   |        | sext_ln68_25             | sext      | dsp_slice                | 3       |
|       mac_muladd_8s_8s_32s_32_4_1_U605                                  | 1   |        | mul_ln68_12              | mul       | dsp_slice                | 3       |
|       mac_muladd_8s_8s_32s_32_4_1_U605                                  | 1   |        | sext_ln68_27             | sext      | dsp_slice                | 3       |
|       mac_muladd_8s_8s_32s_32_4_1_U606                                  | 1   |        | mul_ln68_13              | mul       | dsp_slice                | 3       |
|       mac_muladd_8s_8s_32s_32_4_1_U606                                  | 1   |        | sext_ln68_29             | sext      | dsp_slice                | 3       |
|       mac_muladd_8s_8s_32s_32_4_1_U607                                  | 1   |        | mul_ln68_14              | mul       | dsp_slice                | 3       |
|       mac_muladd_8s_8s_32s_32_4_1_U607                                  | 1   |        | sext_ln68_31             | sext      | dsp_slice                | 3       |
|       mac_muladd_8s_8s_32s_32_4_1_U608                                  | 1   |        | mul_ln68_15              | mul       | dsp_slice                | 3       |
|       mac_muladd_8s_8s_32s_32_4_1_U608                                  | 1   |        | sext_ln68_33             | sext      | dsp_slice                | 3       |
|       mac_muladd_8s_8s_32s_32_4_1_U609                                  | 1   |        | mul_ln68_16              | mul       | dsp_slice                | 3       |
|       mac_muladd_8s_8s_32s_32_4_1_U609                                  | 1   |        | sext_ln68_35             | sext      | dsp_slice                | 3       |
|       mac_muladd_8s_8s_32s_32_4_1_U610                                  | 1   |        | mul_ln68_17              | mul       | dsp_slice                | 3       |
|       mac_muladd_8s_8s_32s_32_4_1_U610                                  | 1   |        | sext_ln68_37             | sext      | dsp_slice                | 3       |
|       mac_muladd_8s_8s_32s_32_4_1_U611                                  | 1   |        | mul_ln68_18              | mul       | dsp_slice                | 3       |
|       mac_muladd_8s_8s_32s_32_4_1_U611                                  | 1   |        | sext_ln68_39             | sext      | dsp_slice                | 3       |
|       mac_muladd_8s_8s_32s_32_4_1_U612                                  | 1   |        | mul_ln68_19              | mul       | dsp_slice                | 3       |
|       mac_muladd_8s_8s_32s_32_4_1_U612                                  | 1   |        | sext_ln68_41             | sext      | dsp_slice                | 3       |
|       mac_muladd_8s_8s_32s_32_4_1_U613                                  | 1   |        | mul_ln68_20              | mul       | dsp_slice                | 3       |
|       mac_muladd_8s_8s_32s_32_4_1_U613                                  | 1   |        | sext_ln68_43             | sext      | dsp_slice                | 3       |
|       mac_muladd_8s_8s_32s_32_4_1_U614                                  | 1   |        | mul_ln68_21              | mul       | dsp_slice                | 3       |
|       mac_muladd_8s_8s_32s_32_4_1_U614                                  | 1   |        | sext_ln68_45             | sext      | dsp_slice                | 3       |
|       mac_muladd_8s_8s_32s_32_4_1_U615                                  | 1   |        | mul_ln68_22              | mul       | dsp_slice                | 3       |
|       mac_muladd_8s_8s_32s_32_4_1_U615                                  | 1   |        | sext_ln68_47             | sext      | dsp_slice                | 3       |
|       mac_muladd_8s_8s_32s_32_4_1_U616                                  | 1   |        | mul_ln68_23              | mul       | dsp_slice                | 3       |
|       mac_muladd_8s_8s_32s_32_4_1_U616                                  | 1   |        | sext_ln68_49             | sext      | dsp_slice                | 3       |
|       mac_muladd_8s_8s_32s_32_4_1_U617                                  | 1   |        | mul_ln68_24              | mul       | dsp_slice                | 3       |
|       mac_muladd_8s_8s_32s_32_4_1_U617                                  | 1   |        | sext_ln68_51             | sext      | dsp_slice                | 3       |
|       mac_muladd_8s_8s_32s_32_4_1_U618                                  | 1   |        | mul_ln68_25              | mul       | dsp_slice                | 3       |
|       mac_muladd_8s_8s_32s_32_4_1_U618                                  | 1   |        | sext_ln68_53             | sext      | dsp_slice                | 3       |
|       mac_muladd_8s_8s_32s_32_4_1_U619                                  | 1   |        | mul_ln68_26              | mul       | dsp_slice                | 3       |
|       mac_muladd_8s_8s_32s_32_4_1_U619                                  | 1   |        | sext_ln68_55             | sext      | dsp_slice                | 3       |
|       mac_muladd_8s_8s_32s_32_4_1_U620                                  | 1   |        | mul_ln68_27              | mul       | dsp_slice                | 3       |
|       mac_muladd_8s_8s_32s_32_4_1_U620                                  | 1   |        | sext_ln68_57             | sext      | dsp_slice                | 3       |
|       mac_muladd_8s_8s_32s_32_4_1_U621                                  | 1   |        | mul_ln68_28              | mul       | dsp_slice                | 3       |
|       mac_muladd_8s_8s_32s_32_4_1_U621                                  | 1   |        | sext_ln68_59             | sext      | dsp_slice                | 3       |
|       mac_muladd_8s_8s_32s_32_4_1_U622                                  | 1   |        | mul_ln68_29              | mul       | dsp_slice                | 3       |
|       mac_muladd_8s_8s_32s_32_4_1_U622                                  | 1   |        | sext_ln68_61             | sext      | dsp_slice                | 3       |
|       mac_muladd_8s_8s_32s_32_4_1_U623                                  | 1   |        | mul_ln68_30              | mul       | dsp_slice                | 3       |
|       mac_muladd_8s_8s_32s_32_4_1_U623                                  | 1   |        | sext_ln68_63             | sext      | dsp_slice                | 3       |
|       mac_muladd_8s_8s_32s_32_4_1_U624                                  | 1   |        | mul_ln68_31              | mul       | dsp_slice                | 3       |
|       mac_muladd_8s_8s_32s_32_4_1_U624                                  | 1   |        | sext_ln68_65             | sext      | dsp_slice                | 3       |
|       mac_muladd_8s_8s_32s_32_4_1_U594                                  | 1   |        | add_ln68_1               | add       | dsp_slice                | 3       |
|       mac_muladd_8s_8s_32s_32_4_1_U595                                  | 1   |        | add_ln68_2               | add       | dsp_slice                | 3       |
|       mac_muladd_8s_8s_32s_32_4_1_U596                                  | 1   |        | add_ln68_3               | add       | dsp_slice                | 3       |
|       mac_muladd_8s_8s_32s_32_4_1_U597                                  | 1   |        | add_ln68_4               | add       | dsp_slice                | 3       |
|       mac_muladd_8s_8s_32s_32_4_1_U598                                  | 1   |        | add_ln68_5               | add       | dsp_slice                | 3       |
|       mac_muladd_8s_8s_32s_32_4_1_U599                                  | 1   |        | add_ln68_6               | add       | dsp_slice                | 3       |
|       mac_muladd_8s_8s_32s_32_4_1_U600                                  | 1   |        | add_ln68_7               | add       | dsp_slice                | 3       |
|       mac_muladd_8s_8s_32s_32_4_1_U601                                  | 1   |        | add_ln68_8               | add       | dsp_slice                | 3       |
|       mac_muladd_8s_8s_32s_32_4_1_U602                                  | 1   |        | add_ln68_9               | add       | dsp_slice                | 3       |
|       mac_muladd_8s_8s_32s_32_4_1_U603                                  | 1   |        | add_ln68_10              | add       | dsp_slice                | 3       |
|       mac_muladd_8s_8s_32s_32_4_1_U604                                  | 1   |        | add_ln68_11              | add       | dsp_slice                | 3       |
|       mac_muladd_8s_8s_32s_32_4_1_U605                                  | 1   |        | add_ln68_12              | add       | dsp_slice                | 3       |
|       mac_muladd_8s_8s_32s_32_4_1_U606                                  | 1   |        | add_ln68_13              | add       | dsp_slice                | 3       |
|       mac_muladd_8s_8s_32s_32_4_1_U607                                  | 1   |        | add_ln68_14              | add       | dsp_slice                | 3       |
|       mac_muladd_8s_8s_32s_32_4_1_U608                                  | 1   |        | add_ln68_15              | add       | dsp_slice                | 3       |
|       mac_muladd_8s_8s_32s_32_4_1_U609                                  | 1   |        | add_ln68_16              | add       | dsp_slice                | 3       |
|       mac_muladd_8s_8s_32s_32_4_1_U610                                  | 1   |        | add_ln68_17              | add       | dsp_slice                | 3       |
|       mac_muladd_8s_8s_32s_32_4_1_U611                                  | 1   |        | add_ln68_18              | add       | dsp_slice                | 3       |
|       mac_muladd_8s_8s_32s_32_4_1_U612                                  | 1   |        | add_ln68_19              | add       | dsp_slice                | 3       |
|       mac_muladd_8s_8s_32s_32_4_1_U613                                  | 1   |        | add_ln68_20              | add       | dsp_slice                | 3       |
|       mac_muladd_8s_8s_32s_32_4_1_U614                                  | 1   |        | add_ln68_21              | add       | dsp_slice                | 3       |
|       mac_muladd_8s_8s_32s_32_4_1_U615                                  | 1   |        | add_ln68_22              | add       | dsp_slice                | 3       |
|       mac_muladd_8s_8s_32s_32_4_1_U616                                  | 1   |        | add_ln68_23              | add       | dsp_slice                | 3       |
|       mac_muladd_8s_8s_32s_32_4_1_U617                                  | 1   |        | add_ln68_24              | add       | dsp_slice                | 3       |
|       mac_muladd_8s_8s_32s_32_4_1_U618                                  | 1   |        | add_ln68_25              | add       | dsp_slice                | 3       |
|       mac_muladd_8s_8s_32s_32_4_1_U619                                  | 1   |        | add_ln68_26              | add       | dsp_slice                | 3       |
|       mac_muladd_8s_8s_32s_32_4_1_U620                                  | 1   |        | add_ln68_27              | add       | dsp_slice                | 3       |
|       mac_muladd_8s_8s_32s_32_4_1_U621                                  | 1   |        | add_ln68_28              | add       | dsp_slice                | 3       |
|       mac_muladd_8s_8s_32s_32_4_1_U622                                  | 1   |        | add_ln68_29              | add       | dsp_slice                | 3       |
|       mac_muladd_8s_8s_32s_32_4_1_U623                                  | 1   |        | add_ln68_30              | add       | dsp_slice                | 3       |
|       mac_muladd_8s_8s_32s_32_4_1_U624                                  | 1   |        | add_ln68_31              | add       | dsp_slice                | 3       |
|   + run_layer_Pipeline_WRITEOUT_PW                                      | 0   |        |                          |           |                          |         |
|     icmp_ln381_fu_387_p2                                                |     |        | icmp_ln381               | seteq     | auto                     | 0       |
|     idx_2_fu_393_p2                                                     |     |        | idx_2                    | add       | fabric                   | 0       |
|     icmp_ln384_fu_421_p2                                                |     |        | icmp_ln384               | setlt     | auto                     | 0       |
|     xor_ln384_fu_427_p2                                                 |     |        | xor_ln384                | xor       | auto                     | 0       |
|     icmp_ln384_1_fu_433_p2                                              |     |        | icmp_ln384_1             | setlt     | auto                     | 0       |
|     xor_ln384_1_fu_439_p2                                               |     |        | xor_ln384_1              | xor       | auto                     | 0       |
|     or_ln384_fu_445_p2                                                  |     |        | or_ln384                 | or        | auto                     | 0       |
|     sparsemux_9_2_32_1_1_U1920                                          |     |        | tmp_s                    | sparsemux | compactencoding_dontcare | 0       |
|     sparsemux_9_2_32_1_1_U1921                                          |     |        | tmp_186                  | sparsemux | compactencoding_dontcare | 0       |
|     sparsemux_9_2_32_1_1_U1922                                          |     |        | tmp_187                  | sparsemux | compactencoding_dontcare | 0       |
|     sparsemux_9_2_32_1_1_U1923                                          |     |        | tmp_188                  | sparsemux | compactencoding_dontcare | 0       |
|     sparsemux_9_2_32_1_1_U1924                                          |     |        | total                    | sparsemux | compactencoding_dontcare | 0       |
|     sparsemux_9_2_32_1_1_U1925                                          |     |        | tmp_189                  | sparsemux | compactencoding_dontcare | 0       |
|     sparsemux_9_2_32_1_1_U1926                                          |     |        | tmp_190                  | sparsemux | compactencoding_dontcare | 0       |
|     sparsemux_9_2_32_1_1_U1927                                          |     |        | tmp_191                  | sparsemux | compactencoding_dontcare | 0       |
|     sparsemux_9_2_32_1_1_U1928                                          |     |        | tmp_192                  | sparsemux | compactencoding_dontcare | 0       |
|     sparsemux_9_2_32_1_1_U1929                                          |     |        | tmp_193                  | sparsemux | compactencoding_dontcare | 0       |
|     ashr_ln27_fu_705_p2                                                 |     |        | ashr_ln27                | ashr      | auto_pipe                | 0       |
|     shl_ln27_fu_709_p2                                                  |     |        | shl_ln27                 | shl       | auto_pipe                | 0       |
|     select_ln27_fu_713_p3                                               |     |        | select_ln27              | select    | auto_sel                 | 0       |
|     icmp_ln28_fu_730_p2                                                 |     |        | icmp_ln28                | setgt     | auto                     | 0       |
|     select_ln28_fu_735_p3                                               |     |        | select_ln28              | select    | auto_sel                 | 0       |
|     icmp_ln29_fu_742_p2                                                 |     |        | icmp_ln29                | setlt     | auto                     | 0       |
|     out_base                                                            |     |        | select_ln397             | select    | auto_sel                 | 0       |
|   + run_layer_Pipeline_WRITEOUT_DW                                      | 0   |        |                          |           |                          |         |
|     icmp_ln367_fu_407_p2                                                |     |        | icmp_ln367               | seteq     | auto                     | 0       |
|     idx_4_fu_413_p2                                                     |     |        | idx_4                    | add       | fabric                   | 0       |
|     icmp_ln372_fu_453_p2                                                |     |        | icmp_ln372               | setlt     | auto                     | 0       |
|     xor_ln372_fu_459_p2                                                 |     |        | xor_ln372                | xor       | auto                     | 0       |
|     icmp_ln372_1_fu_465_p2                                              |     |        | icmp_ln372_1             | setlt     | auto                     | 0       |
|     xor_ln372_1_fu_471_p2                                               |     |        | xor_ln372_1              | xor       | auto                     | 0       |
|     icmp_ln372_2_fu_477_p2                                              |     |        | icmp_ln372_2             | setlt     | auto                     | 0       |
|     xor_ln372_2_fu_483_p2                                               |     |        | xor_ln372_2              | xor       | auto                     | 0       |
|     or_ln372_fu_489_p2                                                  |     |        | or_ln372                 | or        | auto                     | 0       |
|     or_ln372_1_fu_495_p2                                                |     |        | or_ln372_1               | or        | auto                     | 0       |
|     sparsemux_9_2_32_1_1_U1970                                          |     |        | tmp                      | sparsemux | compactencoding_dontcare | 0       |
|     sparsemux_9_2_32_1_1_U1971                                          |     |        | tmp_s                    | sparsemux | compactencoding_dontcare | 0       |
|     sparsemux_9_2_32_1_1_U1972                                          |     |        | tmp_186                  | sparsemux | compactencoding_dontcare | 0       |
|     sparsemux_9_2_32_1_1_U1973                                          |     |        | tmp_187                  | sparsemux | compactencoding_dontcare | 0       |
|     sparsemux_9_2_32_1_1_U1974                                          |     |        | tmp_188                  | sparsemux | compactencoding_dontcare | 0       |
|     sparsemux_9_2_32_1_1_U1975                                          |     |        | tmp_189                  | sparsemux | compactencoding_dontcare | 0       |
|     sparsemux_9_2_32_1_1_U1976                                          |     |        | tmp_190                  | sparsemux | compactencoding_dontcare | 0       |
|     sparsemux_9_2_32_1_1_U1977                                          |     |        | tmp_191                  | sparsemux | compactencoding_dontcare | 0       |
|     sparsemux_9_2_32_1_1_U1978                                          |     |        | tmp_192                  | sparsemux | compactencoding_dontcare | 0       |
|     sparsemux_9_2_32_1_1_U1979                                          |     |        | tmp_193                  | sparsemux | compactencoding_dontcare | 0       |
|     select_ln378_1_fu_746_p3                                            |     |        | select_ln378_1           | select    | auto_sel                 | 0       |
|     select_ln378_2_fu_751_p3                                            |     |        | select_ln378_2           | select    | auto_sel                 | 0       |
|     acc_33_fu_756_p2                                                    |     |        | acc_33                   | add       | fabric                   | 0       |
|     ashr_ln27_fu_762_p2                                                 |     |        | ashr_ln27                | ashr      | auto_pipe                | 0       |
|     shl_ln27_fu_767_p2                                                  |     |        | shl_ln27                 | shl       | auto_pipe                | 0       |
|     select_ln27_fu_772_p3                                               |     |        | select_ln27              | select    | auto_sel                 | 0       |
|     icmp_ln28_fu_787_p2                                                 |     |        | icmp_ln28                | setgt     | auto                     | 0       |
|     select_ln28_fu_793_p3                                               |     |        | select_ln28              | select    | auto_sel                 | 0       |
|     icmp_ln29_fu_801_p2                                                 |     |        | icmp_ln29                | setlt     | auto                     | 0       |
|     out_base                                                            |     |        | select_ln378             | select    | auto_sel                 | 0       |
+-------------------------------------------------------------------------+-----+--------+--------------------------+-----------+--------------------------+---------+


================================================================
== Storage Report
================================================================
+------------------+--------------+------+------+------+--------+-------------+------+---------+------------------+
| Name             | Usage        | Type | BRAM | URAM | Pragma | Variable    | Impl | Latency | Bitwidth, Depth, |
|                  |              |      |      |      |        |             |      |         | Banks            |
+------------------+--------------+------+------+------+--------+-------------+------+---------+------------------+
| + mac_array_top  |              |      | 0    | 0    |        |             |      |         |                  |
|  + run_layer     |              |      | 0    | 0    |        |             |      |         |                  |
|    pw_patch_U    | ram_1p array |      |      |      |        | pw_patch    | auto | 1       | 8, 16, 1         |
|    pw_patch_1_U  | ram_1p array |      |      |      |        | pw_patch_1  | auto | 1       | 8, 16, 1         |
|    pw_patch_2_U  | ram_1p array |      |      |      |        | pw_patch_2  | auto | 1       | 8, 16, 1         |
|    pw_patch_3_U  | ram_1p array |      |      |      |        | pw_patch_3  | auto | 1       | 8, 16, 1         |
|    pw_patch_4_U  | ram_1p array |      |      |      |        | pw_patch_4  | auto | 1       | 8, 16, 1         |
|    pw_patch_5_U  | ram_1p array |      |      |      |        | pw_patch_5  | auto | 1       | 8, 16, 1         |
|    pw_patch_6_U  | ram_1p array |      |      |      |        | pw_patch_6  | auto | 1       | 8, 16, 1         |
|    pw_patch_7_U  | ram_1p array |      |      |      |        | pw_patch_7  | auto | 1       | 8, 16, 1         |
|    pw_patch_8_U  | ram_1p array |      |      |      |        | pw_patch_8  | auto | 1       | 8, 16, 1         |
|    pw_patch_9_U  | ram_1p array |      |      |      |        | pw_patch_9  | auto | 1       | 8, 16, 1         |
|    pw_patch_10_U | ram_1p array |      |      |      |        | pw_patch_10 | auto | 1       | 8, 16, 1         |
|    pw_patch_11_U | ram_1p array |      |      |      |        | pw_patch_11 | auto | 1       | 8, 16, 1         |
|    pw_patch_12_U | ram_1p array |      |      |      |        | pw_patch_12 | auto | 1       | 8, 16, 1         |
|    pw_patch_13_U | ram_1p array |      |      |      |        | pw_patch_13 | auto | 1       | 8, 16, 1         |
|    pw_patch_14_U | ram_1p array |      |      |      |        | pw_patch_14 | auto | 1       | 8, 16, 1         |
|    pw_patch_15_U | ram_1p array |      |      |      |        | pw_patch_15 | auto | 1       | 8, 16, 1         |
|    pw_patch_16_U | ram_1p array |      |      |      |        | pw_patch_16 | auto | 1       | 8, 16, 1         |
|    pw_patch_17_U | ram_1p array |      |      |      |        | pw_patch_17 | auto | 1       | 8, 16, 1         |
|    pw_patch_18_U | ram_1p array |      |      |      |        | pw_patch_18 | auto | 1       | 8, 16, 1         |
|    pw_patch_19_U | ram_1p array |      |      |      |        | pw_patch_19 | auto | 1       | 8, 16, 1         |
|    pw_patch_20_U | ram_1p array |      |      |      |        | pw_patch_20 | auto | 1       | 8, 16, 1         |
|    pw_patch_21_U | ram_1p array |      |      |      |        | pw_patch_21 | auto | 1       | 8, 16, 1         |
|    pw_patch_22_U | ram_1p array |      |      |      |        | pw_patch_22 | auto | 1       | 8, 16, 1         |
|    pw_patch_23_U | ram_1p array |      |      |      |        | pw_patch_23 | auto | 1       | 8, 16, 1         |
|    pw_patch_24_U | ram_1p array |      |      |      |        | pw_patch_24 | auto | 1       | 8, 16, 1         |
|    pw_patch_25_U | ram_1p array |      |      |      |        | pw_patch_25 | auto | 1       | 8, 16, 1         |
|    pw_patch_26_U | ram_1p array |      |      |      |        | pw_patch_26 | auto | 1       | 8, 16, 1         |
|    pw_patch_27_U | ram_1p array |      |      |      |        | pw_patch_27 | auto | 1       | 8, 16, 1         |
|    pw_patch_28_U | ram_1p array |      |      |      |        | pw_patch_28 | auto | 1       | 8, 16, 1         |
|    pw_patch_29_U | ram_1p array |      |      |      |        | pw_patch_29 | auto | 1       | 8, 16, 1         |
|    pw_patch_30_U | ram_1p array |      |      |      |        | pw_patch_30 | auto | 1       | 8, 16, 1         |
|    pw_patch_31_U | ram_1p array |      |      |      |        | pw_patch_31 | auto | 1       | 8, 16, 1         |
|    pw_wtile_U    | ram_1p array |      |      |      |        | pw_wtile    | auto | 1       | 8, 16, 1         |
|    pw_wtile_1_U  | ram_1p array |      |      |      |        | pw_wtile_1  | auto | 1       | 8, 16, 1         |
+------------------+--------------+------+------+------+--------+-------------+------+---------+------------------+


================================================================
== Pragma Report
================================================================
* Valid Pragma Syntax
+-----------------+-----------------------------------------+---------------------------------------------------+
| Type            | Options                                 | Location                                          |
+-----------------+-----------------------------------------+---------------------------------------------------+
| inline          | off                                     | mac_array.cpp:57 in drive_mac                     |
| pipeline        | II=1                                    | mac_array.cpp:58 in drive_mac                     |
| array_partition | variable=lane_in complete dim=0         | mac_array.cpp:59 in drive_mac, lane_in            |
| array_partition | variable=lane_w complete dim=0          | mac_array.cpp:60 in drive_mac, lane_w             |
| array_partition | variable=acc complete dim=0             | mac_array.cpp:61 in drive_mac, acc                |
| unroll          |                                         | mac_array.cpp:63 in drive_mac                     |
| unroll          |                                         | mac_array.cpp:65 in drive_mac                     |
| unroll          |                                         | mac_array.cpp:67 in drive_mac                     |
| array_partition | variable=dw_patch complete dim=0        | mac_array.cpp:121 in run_reduce_unified, dw_patch |
| array_partition | variable=dw_wtile complete dim=0        | mac_array.cpp:122 in run_reduce_unified, dw_wtile |
| array_partition | variable=pw_patch cyclic factor=2 dim=1 | mac_array.cpp:123 in run_reduce_unified, pw_patch |
| array_partition | variable=pw_patch complete dim=2        | mac_array.cpp:124 in run_reduce_unified, pw_patch |
| array_partition | variable=pw_patch complete dim=3        | mac_array.cpp:125 in run_reduce_unified, pw_patch |
| array_partition | variable=pw_wtile cyclic factor=2 dim=1 | mac_array.cpp:126 in run_reduce_unified, pw_wtile |
| array_partition | variable=acc complete dim=0             | mac_array.cpp:127 in run_reduce_unified, acc      |
| array_partition | variable=lane_in complete dim=0         | mac_array.cpp:163 in run_reduce_unified, lane_in  |
| array_partition | variable=lane_w complete dim=0          | mac_array.cpp:164 in run_reduce_unified, lane_w   |
| unroll          |                                         | mac_array.cpp:168 in run_reduce_unified           |
| unroll          |                                         | mac_array.cpp:171 in run_reduce_unified           |
| unroll          |                                         | mac_array.cpp:173 in run_reduce_unified           |
| unroll          |                                         | mac_array.cpp:180 in run_reduce_unified           |
| unroll          |                                         | mac_array.cpp:183 in run_reduce_unified           |
| unroll          |                                         | mac_array.cpp:185 in run_reduce_unified           |
| array_partition | variable=lane_in complete dim=0         | mac_array.cpp:200 in run_reduce_unified, lane_in  |
| array_partition | variable=lane_w complete dim=0          | mac_array.cpp:201 in run_reduce_unified, lane_w   |
| unroll          |                                         | mac_array.cpp:205 in run_reduce_unified           |
| unroll          |                                         | mac_array.cpp:208 in run_reduce_unified           |
| unroll          |                                         | mac_array.cpp:210 in run_reduce_unified           |
| array_partition | variable=pw_patch cyclic factor=2 dim=1 | mac_array.cpp:261 in run_layer, pw_patch          |
| array_partition | variable=pw_patch complete dim=2        | mac_array.cpp:262 in run_layer, pw_patch          |
| array_partition | variable=pw_patch complete dim=3        | mac_array.cpp:263 in run_layer, pw_patch          |
| array_partition | variable=dw_patch complete dim=0        | mac_array.cpp:287 in run_layer, dw_patch          |
| array_partition | variable=dw_wtile complete dim=0        | mac_array.cpp:288 in run_layer, dw_wtile          |
| array_partition | variable=dw_btile complete dim=0        | mac_array.cpp:289 in run_layer, dw_btile          |
| array_partition | variable=pw_wtile cyclic factor=2 dim=1 | mac_array.cpp:293 in run_layer, pw_wtile          |
| array_partition | variable=acc complete dim=0             | mac_array.cpp:352 in run_layer, acc               |
| unroll          |                                         | mac_array.cpp:356 in run_layer                    |
| pipeline        | II=1                                    | mac_array.cpp:368 in run_layer                    |
| pipeline        | II=1                                    | mac_array.cpp:382 in run_layer                    |
| unroll          |                                         | mac_array.cpp:393 in run_layer                    |
| pipeline        | II=1                                    | mac_array.cpp:425 in run_add                      |
| pipeline        | II=1                                    | mac_array.cpp:451 in run_gap                      |
| pipeline        | II=1                                    | mac_array.cpp:463 in run_relu                     |
| pipeline        | II=1                                    | mac_array.cpp:494 in run_sigmoid                  |
| pipeline        | II=1                                    | mac_array.cpp:511 in run_gelu                     |
| pipeline        | II=1                                    | mac_array.cpp:528 in run_scale                    |
+-----------------+-----------------------------------------+---------------------------------------------------+


