

================================================================
== Vitis HLS Report for 'pwconv_worker'
================================================================
* Date:           Sat Aug  1 22:20:18 2026

* Version:        2024.2 (Build 5238294 on Nov  8 2024)
* Project:        fastvit_ip_w8a4_proj
* Solution:       solution1 (Vivado IP Flow Target)
* Product family: zynq
* Target device:  xc7z020-clg400-1


================================================================
== Performance Estimates
================================================================
+ Timing: 
    * Summary: 
    +--------+---------+----------+------------+
    |  Clock |  Target | Estimated| Uncertainty|
    +--------+---------+----------+------------+
    |ap_clk  |  7.00 ns|  7.318 ns|     1.89 ns|
    +--------+---------+----------+------------+

+ Latency: 
    * Summary: 
    +---------+---------+----------+----------+-----+-----+---------+
    |  Latency (cycles) |  Latency (absolute) |  Interval | Pipeline|
    |   min   |   max   |    min   |    max   | min | max |   Type  |
    +---------+---------+----------+----------+-----+-----+---------+
    |        ?|        ?|         ?|         ?|    ?|    ?|       no|
    +---------+---------+----------+----------+-----+-----+---------+

    + Detail: 
        * Instance: 
        +------------------------------------------------------------------+------------------------------------------------------+---------+---------+----------+----------+-----+-----+------------------------------------------------+
        |                                                                  |                                                      |  Latency (cycles) |  Latency (absolute) |  Interval |                    Pipeline                    |
        |                             Instance                             |                        Module                        |   min   |   max   |    min   |    max   | min | max |                      Type                      |
        +------------------------------------------------------------------+------------------------------------------------------+---------+---------+----------+----------+-----+-----+------------------------------------------------+
        |grp_pwconv_worker_Pipeline_VITIS_LOOP_93_1_fu_1811                |pwconv_worker_Pipeline_VITIS_LOOP_93_1                |        ?|        ?|         ?|         ?|    0|    0|  loop auto-rewind stp (delay=0 clock cycles(s))|
        |grp_pwconv_worker_Pipeline_VITIS_LOOP_93_12_fu_1834               |pwconv_worker_Pipeline_VITIS_LOOP_93_12               |        ?|        ?|         ?|         ?|    0|    0|  loop auto-rewind stp (delay=0 clock cycles(s))|
        |grp_pwconv_worker_Pipeline_VITIS_LOOP_93_13_fu_1857               |pwconv_worker_Pipeline_VITIS_LOOP_93_13               |        ?|        ?|         ?|         ?|    0|    0|  loop auto-rewind stp (delay=0 clock cycles(s))|
        |grp_pwconv_worker_Pipeline_VITIS_LOOP_93_14_fu_1880               |pwconv_worker_Pipeline_VITIS_LOOP_93_14               |        ?|        ?|         ?|         ?|    0|    0|  loop auto-rewind stp (delay=0 clock cycles(s))|
        |grp_pwconv_worker_Pipeline_VITIS_LOOP_93_15_fu_1903               |pwconv_worker_Pipeline_VITIS_LOOP_93_15               |        ?|        ?|         ?|         ?|    0|    0|  loop auto-rewind stp (delay=0 clock cycles(s))|
        |grp_pwconv_worker_Pipeline_VITIS_LOOP_93_16_fu_1926               |pwconv_worker_Pipeline_VITIS_LOOP_93_16               |        ?|        ?|         ?|         ?|    0|    0|  loop auto-rewind stp (delay=0 clock cycles(s))|
        |grp_pwconv_worker_Pipeline_VITIS_LOOP_93_17_fu_1949               |pwconv_worker_Pipeline_VITIS_LOOP_93_17               |        ?|        ?|         ?|         ?|    0|    0|  loop auto-rewind stp (delay=0 clock cycles(s))|
        |grp_pwconv_worker_Pipeline_VITIS_LOOP_93_18_fu_1972               |pwconv_worker_Pipeline_VITIS_LOOP_93_18               |        ?|        ?|         ?|         ?|    0|    0|  loop auto-rewind stp (delay=0 clock cycles(s))|
        |grp_pwconv_worker_Pipeline_LOAD_PW_WT_fu_1995                     |pwconv_worker_Pipeline_LOAD_PW_WT                     |      145|      145|  1.015 us|  1.015 us|   72|   72|  loop auto-rewind stp (delay=0 clock cycles(s))|
        |grp_pwconv_worker_Pipeline_LOAD_PW_IN_VITIS_LOOP_131_3_fu_2142    |pwconv_worker_Pipeline_LOAD_PW_IN_VITIS_LOOP_131_3    |      146|      146|  1.022 us|  1.022 us|   65|   65|  loop auto-rewind stp (delay=0 clock cycles(s))|
        |grp_pwconv_worker_Pipeline_COMPUTE_PW_S_fu_3177                   |pwconv_worker_Pipeline_COMPUTE_PW_S                   |        ?|        ?|         ?|         ?|    0|    0|  loop auto-rewind stp (delay=0 clock cycles(s))|
        |grp_pwconv_worker_Pipeline_WRITE_PW_OUT_VITIS_LOOP_187_4_fu_3887  |pwconv_worker_Pipeline_WRITE_PW_OUT_VITIS_LOOP_187_4  |        ?|        ?|         ?|         ?|    0|    0|  loop auto-rewind stp (delay=0 clock cycles(s))|
        +------------------------------------------------------------------+------------------------------------------------------+---------+---------+----------+----------+-----+-----+------------------------------------------------+

        * Loop: 
        +-----------------+---------+---------+----------+-----------+-----------+---------------+----------+
        |                 |  Latency (cycles) | Iteration|  Initiation Interval  |      Trip     |          |
        |    Loop Name    |   min   |   max   |  Latency |  achieved |   target  |     Count     | Pipelined|
        +-----------------+---------+---------+----------+-----------+-----------+---------------+----------+
        |- LOOP_PW_TM     |        ?|        ?|         ?|          -|          -|  0 ~ 268435455|        no|
        | + LOOP_PW_TN    |        ?|        ?|         ?|          -|          -|  0 ~ 268435455|        no|
        |  ++ LOOP_PW_TS  |        ?|        ?|         ?|          -|          -|   0 ~ 33554431|        no|
        +-----------------+---------+---------+----------+-----------+-----------+---------------+----------+



================================================================
== Utilization Estimates
================================================================
* Summary: 
+-----------------+---------+-----+--------+-------+-----+
|       Name      | BRAM_18K| DSP |   FF   |  LUT  | URAM|
+-----------------+---------+-----+--------+-------+-----+
|DSP              |        -|    -|       -|      -|    -|
|Expression       |        -|    -|       0|   2782|    -|
|FIFO             |        -|    -|       -|      -|    -|
|Instance         |        -|   69|   12687|  18064|    -|
|Memory           |       64|    -|       0|      0|    -|
|Multiplexer      |        -|    -|       0|   5785|    -|
|Register         |        -|    -|    5447|      -|    -|
+-----------------+---------+-----+--------+-------+-----+
|Total            |       64|   69|   18134|  26631|    0|
+-----------------+---------+-----+--------+-------+-----+
|Available        |      280|  220|  106400|  53200|    0|
+-----------------+---------+-----+--------+-------+-----+
|Utilization (%)  |       22|   31|      17|     50|    0|
+-----------------+---------+-----+--------+-------+-----+

+ Detail: 
    * Instance: 
    +------------------------------------------------------------------+------------------------------------------------------+---------+----+------+------+-----+
    |                             Instance                             |                        Module                        | BRAM_18K| DSP|  FF  |  LUT | URAM|
    +------------------------------------------------------------------+------------------------------------------------------+---------+----+------+------+-----+
    |mul_29s_28ns_29_5_1_U1525                                         |mul_29s_28ns_29_5_1                                   |        0|   3|   115|     4|    0|
    |mul_31ns_29ns_60_5_1_U1526                                        |mul_31ns_29ns_60_5_1                                  |        0|   4|   181|     2|    0|
    |mul_32s_28ns_32_5_1_U1527                                         |mul_32s_28ns_32_5_1                                   |        0|   3|   215|     1|    0|
    |mul_32s_32s_32_5_1_U1528                                          |mul_32s_32s_32_5_1                                    |        0|   3|   215|     1|    0|
    |mul_33s_29ns_60_5_1_U1529                                         |mul_33s_29ns_60_5_1                                   |        0|   4|   221|     1|    0|
    |grp_pwconv_worker_Pipeline_COMPUTE_PW_S_fu_3177                   |pwconv_worker_Pipeline_COMPUTE_PW_S                   |        0|  48|  5012|  4846|    0|
    |grp_pwconv_worker_Pipeline_LOAD_PW_IN_VITIS_LOOP_131_3_fu_2142    |pwconv_worker_Pipeline_LOAD_PW_IN_VITIS_LOOP_131_3    |        0|   0|  1368|  7059|    0|
    |grp_pwconv_worker_Pipeline_LOAD_PW_WT_fu_1995                     |pwconv_worker_Pipeline_LOAD_PW_WT                     |        0|   4|  2264|  1939|    0|
    |grp_pwconv_worker_Pipeline_VITIS_LOOP_93_1_fu_1811                |pwconv_worker_Pipeline_VITIS_LOOP_93_1                |        0|   0|    46|   115|    0|
    |grp_pwconv_worker_Pipeline_VITIS_LOOP_93_12_fu_1834               |pwconv_worker_Pipeline_VITIS_LOOP_93_12               |        0|   0|    46|   115|    0|
    |grp_pwconv_worker_Pipeline_VITIS_LOOP_93_13_fu_1857               |pwconv_worker_Pipeline_VITIS_LOOP_93_13               |        0|   0|    46|   115|    0|
    |grp_pwconv_worker_Pipeline_VITIS_LOOP_93_14_fu_1880               |pwconv_worker_Pipeline_VITIS_LOOP_93_14               |        0|   0|    46|   115|    0|
    |grp_pwconv_worker_Pipeline_VITIS_LOOP_93_15_fu_1903               |pwconv_worker_Pipeline_VITIS_LOOP_93_15               |        0|   0|    46|   115|    0|
    |grp_pwconv_worker_Pipeline_VITIS_LOOP_93_16_fu_1926               |pwconv_worker_Pipeline_VITIS_LOOP_93_16               |        0|   0|    46|   115|    0|
    |grp_pwconv_worker_Pipeline_VITIS_LOOP_93_17_fu_1949               |pwconv_worker_Pipeline_VITIS_LOOP_93_17               |        0|   0|    46|   115|    0|
    |grp_pwconv_worker_Pipeline_VITIS_LOOP_93_18_fu_1972               |pwconv_worker_Pipeline_VITIS_LOOP_93_18               |        0|   0|    46|   115|    0|
    |grp_pwconv_worker_Pipeline_WRITE_PW_OUT_VITIS_LOOP_187_4_fu_3887  |pwconv_worker_Pipeline_WRITE_PW_OUT_VITIS_LOOP_187_4  |        0|   0|  2728|  3291|    0|
    +------------------------------------------------------------------+------------------------------------------------------+---------+----+------+------+-----+
    |Total                                                             |                                                      |        0|  69| 12687| 18064|    0|
    +------------------------------------------------------------------+------------------------------------------------------+---------+----+------+------+-----+

    * DSP: 
    N/A

    * Memory: 
    +------------------------+-----------------------------------------------------+---------+---+----+-----+------+-----+------+-------------+
    |         Memory         |                        Module                       | BRAM_18K| FF| LUT| URAM| Words| Bits| Banks| W*Bits*Banks|
    +------------------------+-----------------------------------------------------+---------+---+----+-----+------+-----+------+-------------+
    |p_ZL10pw_out_buf_0_0_U  |pwconv_worker_p_ZL10pw_out_buf_0_0_RAM_1P_BRAM_1R1W  |        1|  0|   0|    0|   512|   32|     1|        16384|
    |p_ZL10pw_out_buf_0_1_U  |pwconv_worker_p_ZL10pw_out_buf_0_0_RAM_1P_BRAM_1R1W  |        1|  0|   0|    0|   512|   32|     1|        16384|
    |p_ZL10pw_out_buf_0_2_U  |pwconv_worker_p_ZL10pw_out_buf_0_0_RAM_1P_BRAM_1R1W  |        1|  0|   0|    0|   512|   32|     1|        16384|
    |p_ZL10pw_out_buf_0_3_U  |pwconv_worker_p_ZL10pw_out_buf_0_0_RAM_1P_BRAM_1R1W  |        1|  0|   0|    0|   512|   32|     1|        16384|
    |p_ZL10pw_out_buf_0_4_U  |pwconv_worker_p_ZL10pw_out_buf_0_0_RAM_1P_BRAM_1R1W  |        1|  0|   0|    0|   512|   32|     1|        16384|
    |p_ZL10pw_out_buf_0_5_U  |pwconv_worker_p_ZL10pw_out_buf_0_0_RAM_1P_BRAM_1R1W  |        1|  0|   0|    0|   512|   32|     1|        16384|
    |p_ZL10pw_out_buf_0_6_U  |pwconv_worker_p_ZL10pw_out_buf_0_0_RAM_1P_BRAM_1R1W  |        1|  0|   0|    0|   512|   32|     1|        16384|
    |p_ZL10pw_out_buf_0_7_U  |pwconv_worker_p_ZL10pw_out_buf_0_0_RAM_1P_BRAM_1R1W  |        1|  0|   0|    0|   512|   32|     1|        16384|
    |p_ZL10pw_out_buf_1_0_U  |pwconv_worker_p_ZL10pw_out_buf_0_0_RAM_1P_BRAM_1R1W  |        1|  0|   0|    0|   512|   32|     1|        16384|
    |p_ZL10pw_out_buf_2_0_U  |pwconv_worker_p_ZL10pw_out_buf_0_0_RAM_1P_BRAM_1R1W  |        1|  0|   0|    0|   512|   32|     1|        16384|
    |p_ZL10pw_out_buf_3_0_U  |pwconv_worker_p_ZL10pw_out_buf_0_0_RAM_1P_BRAM_1R1W  |        1|  0|   0|    0|   512|   32|     1|        16384|
    |p_ZL10pw_out_buf_4_0_U  |pwconv_worker_p_ZL10pw_out_buf_0_0_RAM_1P_BRAM_1R1W  |        1|  0|   0|    0|   512|   32|     1|        16384|
    |p_ZL10pw_out_buf_5_0_U  |pwconv_worker_p_ZL10pw_out_buf_0_0_RAM_1P_BRAM_1R1W  |        1|  0|   0|    0|   512|   32|     1|        16384|
    |p_ZL10pw_out_buf_6_0_U  |pwconv_worker_p_ZL10pw_out_buf_0_0_RAM_1P_BRAM_1R1W  |        1|  0|   0|    0|   512|   32|     1|        16384|
    |p_ZL10pw_out_buf_7_0_U  |pwconv_worker_p_ZL10pw_out_buf_0_0_RAM_1P_BRAM_1R1W  |        1|  0|   0|    0|   512|   32|     1|        16384|
    |p_ZL10pw_out_buf_1_1_U  |pwconv_worker_p_ZL10pw_out_buf_0_0_RAM_1P_BRAM_1R1W  |        1|  0|   0|    0|   512|   32|     1|        16384|
    |p_ZL10pw_out_buf_1_2_U  |pwconv_worker_p_ZL10pw_out_buf_0_0_RAM_1P_BRAM_1R1W  |        1|  0|   0|    0|   512|   32|     1|        16384|
    |p_ZL10pw_out_buf_1_3_U  |pwconv_worker_p_ZL10pw_out_buf_0_0_RAM_1P_BRAM_1R1W  |        1|  0|   0|    0|   512|   32|     1|        16384|
    |p_ZL10pw_out_buf_1_4_U  |pwconv_worker_p_ZL10pw_out_buf_0_0_RAM_1P_BRAM_1R1W  |        1|  0|   0|    0|   512|   32|     1|        16384|
    |p_ZL10pw_out_buf_1_5_U  |pwconv_worker_p_ZL10pw_out_buf_0_0_RAM_1P_BRAM_1R1W  |        1|  0|   0|    0|   512|   32|     1|        16384|
    |p_ZL10pw_out_buf_1_6_U  |pwconv_worker_p_ZL10pw_out_buf_0_0_RAM_1P_BRAM_1R1W  |        1|  0|   0|    0|   512|   32|     1|        16384|
    |p_ZL10pw_out_buf_1_7_U  |pwconv_worker_p_ZL10pw_out_buf_0_0_RAM_1P_BRAM_1R1W  |        1|  0|   0|    0|   512|   32|     1|        16384|
    |p_ZL10pw_out_buf_2_1_U  |pwconv_worker_p_ZL10pw_out_buf_0_0_RAM_1P_BRAM_1R1W  |        1|  0|   0|    0|   512|   32|     1|        16384|
    |p_ZL10pw_out_buf_2_2_U  |pwconv_worker_p_ZL10pw_out_buf_0_0_RAM_1P_BRAM_1R1W  |        1|  0|   0|    0|   512|   32|     1|        16384|
    |p_ZL10pw_out_buf_2_3_U  |pwconv_worker_p_ZL10pw_out_buf_0_0_RAM_1P_BRAM_1R1W  |        1|  0|   0|    0|   512|   32|     1|        16384|
    |p_ZL10pw_out_buf_2_4_U  |pwconv_worker_p_ZL10pw_out_buf_0_0_RAM_1P_BRAM_1R1W  |        1|  0|   0|    0|   512|   32|     1|        16384|
    |p_ZL10pw_out_buf_2_5_U  |pwconv_worker_p_ZL10pw_out_buf_0_0_RAM_1P_BRAM_1R1W  |        1|  0|   0|    0|   512|   32|     1|        16384|
    |p_ZL10pw_out_buf_2_6_U  |pwconv_worker_p_ZL10pw_out_buf_0_0_RAM_1P_BRAM_1R1W  |        1|  0|   0|    0|   512|   32|     1|        16384|
    |p_ZL10pw_out_buf_2_7_U  |pwconv_worker_p_ZL10pw_out_buf_0_0_RAM_1P_BRAM_1R1W  |        1|  0|   0|    0|   512|   32|     1|        16384|
    |p_ZL10pw_out_buf_3_1_U  |pwconv_worker_p_ZL10pw_out_buf_0_0_RAM_1P_BRAM_1R1W  |        1|  0|   0|    0|   512|   32|     1|        16384|
    |p_ZL10pw_out_buf_3_2_U  |pwconv_worker_p_ZL10pw_out_buf_0_0_RAM_1P_BRAM_1R1W  |        1|  0|   0|    0|   512|   32|     1|        16384|
    |p_ZL10pw_out_buf_3_3_U  |pwconv_worker_p_ZL10pw_out_buf_0_0_RAM_1P_BRAM_1R1W  |        1|  0|   0|    0|   512|   32|     1|        16384|
    |p_ZL10pw_out_buf_3_4_U  |pwconv_worker_p_ZL10pw_out_buf_0_0_RAM_1P_BRAM_1R1W  |        1|  0|   0|    0|   512|   32|     1|        16384|
    |p_ZL10pw_out_buf_3_5_U  |pwconv_worker_p_ZL10pw_out_buf_0_0_RAM_1P_BRAM_1R1W  |        1|  0|   0|    0|   512|   32|     1|        16384|
    |p_ZL10pw_out_buf_3_6_U  |pwconv_worker_p_ZL10pw_out_buf_0_0_RAM_1P_BRAM_1R1W  |        1|  0|   0|    0|   512|   32|     1|        16384|
    |p_ZL10pw_out_buf_3_7_U  |pwconv_worker_p_ZL10pw_out_buf_0_0_RAM_1P_BRAM_1R1W  |        1|  0|   0|    0|   512|   32|     1|        16384|
    |p_ZL10pw_out_buf_4_1_U  |pwconv_worker_p_ZL10pw_out_buf_0_0_RAM_1P_BRAM_1R1W  |        1|  0|   0|    0|   512|   32|     1|        16384|
    |p_ZL10pw_out_buf_4_2_U  |pwconv_worker_p_ZL10pw_out_buf_0_0_RAM_1P_BRAM_1R1W  |        1|  0|   0|    0|   512|   32|     1|        16384|
    |p_ZL10pw_out_buf_4_3_U  |pwconv_worker_p_ZL10pw_out_buf_0_0_RAM_1P_BRAM_1R1W  |        1|  0|   0|    0|   512|   32|     1|        16384|
    |p_ZL10pw_out_buf_4_4_U  |pwconv_worker_p_ZL10pw_out_buf_0_0_RAM_1P_BRAM_1R1W  |        1|  0|   0|    0|   512|   32|     1|        16384|
    |p_ZL10pw_out_buf_4_5_U  |pwconv_worker_p_ZL10pw_out_buf_0_0_RAM_1P_BRAM_1R1W  |        1|  0|   0|    0|   512|   32|     1|        16384|
    |p_ZL10pw_out_buf_4_6_U  |pwconv_worker_p_ZL10pw_out_buf_0_0_RAM_1P_BRAM_1R1W  |        1|  0|   0|    0|   512|   32|     1|        16384|
    |p_ZL10pw_out_buf_4_7_U  |pwconv_worker_p_ZL10pw_out_buf_0_0_RAM_1P_BRAM_1R1W  |        1|  0|   0|    0|   512|   32|     1|        16384|
    |p_ZL10pw_out_buf_5_1_U  |pwconv_worker_p_ZL10pw_out_buf_0_0_RAM_1P_BRAM_1R1W  |        1|  0|   0|    0|   512|   32|     1|        16384|
    |p_ZL10pw_out_buf_5_2_U  |pwconv_worker_p_ZL10pw_out_buf_0_0_RAM_1P_BRAM_1R1W  |        1|  0|   0|    0|   512|   32|     1|        16384|
    |p_ZL10pw_out_buf_5_3_U  |pwconv_worker_p_ZL10pw_out_buf_0_0_RAM_1P_BRAM_1R1W  |        1|  0|   0|    0|   512|   32|     1|        16384|
    |p_ZL10pw_out_buf_5_4_U  |pwconv_worker_p_ZL10pw_out_buf_0_0_RAM_1P_BRAM_1R1W  |        1|  0|   0|    0|   512|   32|     1|        16384|
    |p_ZL10pw_out_buf_5_5_U  |pwconv_worker_p_ZL10pw_out_buf_0_0_RAM_1P_BRAM_1R1W  |        1|  0|   0|    0|   512|   32|     1|        16384|
    |p_ZL10pw_out_buf_5_6_U  |pwconv_worker_p_ZL10pw_out_buf_0_0_RAM_1P_BRAM_1R1W  |        1|  0|   0|    0|   512|   32|     1|        16384|
    |p_ZL10pw_out_buf_5_7_U  |pwconv_worker_p_ZL10pw_out_buf_0_0_RAM_1P_BRAM_1R1W  |        1|  0|   0|    0|   512|   32|     1|        16384|
    |p_ZL10pw_out_buf_6_1_U  |pwconv_worker_p_ZL10pw_out_buf_0_0_RAM_1P_BRAM_1R1W  |        1|  0|   0|    0|   512|   32|     1|        16384|
    |p_ZL10pw_out_buf_6_2_U  |pwconv_worker_p_ZL10pw_out_buf_0_0_RAM_1P_BRAM_1R1W  |        1|  0|   0|    0|   512|   32|     1|        16384|
    |p_ZL10pw_out_buf_6_3_U  |pwconv_worker_p_ZL10pw_out_buf_0_0_RAM_1P_BRAM_1R1W  |        1|  0|   0|    0|   512|   32|     1|        16384|
    |p_ZL10pw_out_buf_6_4_U  |pwconv_worker_p_ZL10pw_out_buf_0_0_RAM_1P_BRAM_1R1W  |        1|  0|   0|    0|   512|   32|     1|        16384|
    |p_ZL10pw_out_buf_6_5_U  |pwconv_worker_p_ZL10pw_out_buf_0_0_RAM_1P_BRAM_1R1W  |        1|  0|   0|    0|   512|   32|     1|        16384|
    |p_ZL10pw_out_buf_6_6_U  |pwconv_worker_p_ZL10pw_out_buf_0_0_RAM_1P_BRAM_1R1W  |        1|  0|   0|    0|   512|   32|     1|        16384|
    |p_ZL10pw_out_buf_6_7_U  |pwconv_worker_p_ZL10pw_out_buf_0_0_RAM_1P_BRAM_1R1W  |        1|  0|   0|    0|   512|   32|     1|        16384|
    |p_ZL10pw_out_buf_7_1_U  |pwconv_worker_p_ZL10pw_out_buf_0_0_RAM_1P_BRAM_1R1W  |        1|  0|   0|    0|   512|   32|     1|        16384|
    |p_ZL10pw_out_buf_7_2_U  |pwconv_worker_p_ZL10pw_out_buf_0_0_RAM_1P_BRAM_1R1W  |        1|  0|   0|    0|   512|   32|     1|        16384|
    |p_ZL10pw_out_buf_7_3_U  |pwconv_worker_p_ZL10pw_out_buf_0_0_RAM_1P_BRAM_1R1W  |        1|  0|   0|    0|   512|   32|     1|        16384|
    |p_ZL10pw_out_buf_7_4_U  |pwconv_worker_p_ZL10pw_out_buf_0_0_RAM_1P_BRAM_1R1W  |        1|  0|   0|    0|   512|   32|     1|        16384|
    |p_ZL10pw_out_buf_7_5_U  |pwconv_worker_p_ZL10pw_out_buf_0_0_RAM_1P_BRAM_1R1W  |        1|  0|   0|    0|   512|   32|     1|        16384|
    |p_ZL10pw_out_buf_7_6_U  |pwconv_worker_p_ZL10pw_out_buf_0_0_RAM_1P_BRAM_1R1W  |        1|  0|   0|    0|   512|   32|     1|        16384|
    |p_ZL10pw_out_buf_7_7_U  |pwconv_worker_p_ZL10pw_out_buf_0_0_RAM_1P_BRAM_1R1W  |        1|  0|   0|    0|   512|   32|     1|        16384|
    +------------------------+-----------------------------------------------------+---------+---+----+-----+------+-----+------+-------------+
    |Total                   |                                                     |       64|  0|   0|    0| 32768| 2048|    64|      1048576|
    +------------------------+-----------------------------------------------------+---------+---+----+-----+------+-----+------+-------------+

    * FIFO: 
    N/A

    * Expression: 
    +-------------------------+----------+----+---+----+------------+------------+
    |      Variable Name      | Operation| DSP| FF| LUT| Bitwidth P0| Bitwidth P1|
    +-------------------------+----------+----+---+----+------------+------------+
    |add_ln100_fu_4762_p2     |         +|   0|  0|  35|          28|           1|
    |add_ln102_fu_4780_p2     |         +|   0|  0|  39|          32|           4|
    |add_ln119_1_fu_5227_p2   |         +|   0|  0|  39|          32|           8|
    |add_ln119_fu_5189_p2     |         +|   0|  0|  32|          25|           1|
    |add_ln121_fu_5208_p2     |         +|   0|  0|  39|          32|           7|
    |add_ln158_fu_5246_p2     |         +|   0|  0|  40|          33|          33|
    |add_ln186_fu_4804_p2     |         +|   0|  0|  40|          33|          33|
    |add_ln76_fu_4116_p2      |         +|   0|  0|  39|          32|           3|
    |add_ln77_fu_4160_p2      |         +|   0|  0|  39|          32|           3|
    |add_ln78_fu_4204_p2      |         +|   0|  0|  39|          32|           6|
    |add_ln81_1_fu_4812_p2    |         +|   0|  0|  39|          32|           5|
    |add_ln81_fu_4316_p2      |         +|   0|  0|  35|          28|           1|
    |add_ln82_fu_4382_p2      |         +|   0|  0|  71|          64|          64|
    |add_ln83_fu_4339_p2      |         +|   0|  0|  39|          32|           4|
    |add_ln92_1_fu_4457_p2    |         +|   0|  0|  71|          64|          64|
    |add_ln92_2_fu_4498_p2    |         +|   0|  0|  71|          64|          64|
    |add_ln92_3_fu_4549_p2    |         +|   0|  0|  71|          64|          64|
    |add_ln92_4_fu_4590_p2    |         +|   0|  0|  71|          64|          64|
    |add_ln92_5_fu_4631_p2    |         +|   0|  0|  71|          64|          64|
    |add_ln92_6_fu_4672_p2    |         +|   0|  0|  71|          64|          64|
    |add_ln92_7_fu_4723_p2    |         +|   0|  0|  71|          64|          64|
    |add_ln92_fu_4406_p2      |         +|   0|  0|  71|          64|          64|
    |sub_i_i570_fu_4256_p2    |         -|   0|  0|  39|           1|          32|
    |sub_ln103_fu_4838_p2     |         -|   0|  0|  40|          33|          33|
    |sub_ln76_1_fu_4132_p2    |         -|   0|  0|  37|           1|          30|
    |sub_ln76_fu_4069_p2      |         -|   0|  0|  39|           4|          32|
    |sub_ln77_1_fu_4176_p2    |         -|   0|  0|  37|           1|          30|
    |sub_ln77_fu_4085_p2      |         -|   0|  0|  39|           4|          32|
    |sub_ln78_1_fu_4220_p2    |         -|   0|  0|  34|           1|          27|
    |sub_ln78_fu_4101_p2      |         -|   0|  0|  39|           7|          32|
    |sub_ln84_fu_4365_p2      |         -|   0|  0|  40|          33|          33|
    |cmp28718_fu_4268_p2      |      icmp|   0|  0|  36|          29|           1|
    |cmp58_2_wide_fu_4897_p2  |      icmp|   0|  0|  40|          33|           2|
    |cmp58_4_wide_fu_4902_p2  |      icmp|   0|  0|  40|          33|           3|
    |cmp58_5_wide_fu_4907_p2  |      icmp|   0|  0|  40|          33|           3|
    |cmp58_6_wide_fu_4912_p2  |      icmp|   0|  0|  40|          33|           3|
    |cmp58_wide_fu_4892_p2    |      icmp|   0|  0|  40|          33|           1|
    |cmp_i604_fu_4262_p2      |      icmp|   0|  0|  39|          32|           1|
    |icmp1218_fu_4854_p2      |      icmp|   0|  0|  39|          32|           1|
    |icmp1221_fu_4870_p2      |      icmp|   0|  0|  38|          31|           1|
    |icmp1224_fu_4886_p2      |      icmp|   0|  0|  37|          30|           1|
    |icmp_ln100_fu_4757_p2    |      icmp|   0|  0|  37|          30|          30|
    |icmp_ln102_fu_4790_p2    |      icmp|   0|  0|  40|          33|          33|
    |icmp_ln119_fu_5184_p2    |      icmp|   0|  0|  34|          27|          27|
    |icmp_ln121_fu_5218_p2    |      icmp|   0|  0|  40|          33|          33|
    |icmp_ln81_1_fu_7820_p2   |      icmp|   0|  0|  40|          33|           1|
    |icmp_ln81_fu_4311_p2     |      icmp|   0|  0|  37|          30|          30|
    |icmp_ln83_fu_4349_p2     |      icmp|   0|  0|  40|          33|          33|
    |icmp_ln92_1_fu_4440_p2   |      icmp|   0|  0|  39|          32|           1|
    |icmp_ln92_2_fu_4482_p2   |      icmp|   0|  0|  40|          33|           2|
    |icmp_ln92_3_fu_4532_p2   |      icmp|   0|  0|  38|          31|           1|
    |icmp_ln92_4_fu_4574_p2   |      icmp|   0|  0|  40|          33|           3|
    |icmp_ln92_5_fu_4615_p2   |      icmp|   0|  0|  40|          33|           3|
    |icmp_ln92_6_fu_4656_p2   |      icmp|   0|  0|  40|          33|           3|
    |icmp_ln92_7_fu_4706_p2   |      icmp|   0|  0|  37|          30|           1|
    |icmp_ln92_fu_4390_p2     |      icmp|   0|  0|  40|          33|           1|
    |Tm_loops_fu_4152_p3      |    select|   0|  0|  30|           1|          30|
    |Tn_loops_fu_4196_p3      |    select|   0|  0|  30|           1|          30|
    |Ts_loops_fu_4240_p3      |    select|   0|  0|  27|           1|          27|
    |cin_end_fu_4829_p3       |    select|   0|  0|  32|           1|          32|
    |cout_end_fu_4354_p3      |    select|   0|  0|  32|           1|          32|
    |empty_115_fu_7842_p3     |    select|   0|  0|  60|           1|          60|
    |select_ln186_fu_7836_p3  |    select|   0|  0|  60|           1|          60|
    |select_ln81_fu_7825_p3   |    select|   0|  0|  31|           1|          31|
    |sp_end_fu_5237_p3        |    select|   0|  0|  32|           1|          32|
    +-------------------------+----------+----+---+----+------------+------------+
    |Total                    |          |   0|  0|2782|        1869|        1519|
    +-------------------------+----------+----+---+----+------------+------------+

    * Multiplexer: 
    +-------------------------------+------+-----------+-----+-----------+
    |              Name             |  LUT | Input Size| Bits| Total Bits|
    +-------------------------------+------+-----------+-----+-----------+
    |ap_NS_fsm                      |  1086|        204|    1|        204|
    |b_11_reg_1741                  |     9|          2|   32|         64|
    |b_13_reg_1753                  |     9|          2|   32|         64|
    |b_15_reg_1765                  |     9|          2|   32|         64|
    |b_1_reg_1681                   |     9|          2|   32|         64|
    |b_3_reg_1693                   |     9|          2|   32|         64|
    |b_5_reg_1705                   |     9|          2|   32|         64|
    |b_7_reg_1717                   |     9|          2|   32|         64|
    |b_9_reg_1729                   |     9|          2|   32|         64|
    |gmem2_blk_n_AR                 |     9|          2|    1|          2|
    |gmem2_blk_n_R                  |     9|          2|    1|          2|
    |gmem3_blk_n_AW                 |     9|          2|    1|          2|
    |gmem3_blk_n_B                  |     9|          2|    1|          2|
    |indvars_iv185_reg_1788         |     9|          2|   32|         64|
    |m_axi_gmem2_0_ARADDR           |    48|          9|   64|        576|
    |m_axi_gmem3_0_AWADDR           |    14|          3|   64|        192|
    |m_axi_gmem3_0_AWBURST          |     9|          2|    2|          4|
    |m_axi_gmem3_0_AWCACHE          |     9|          2|    4|          8|
    |m_axi_gmem3_0_AWID             |     9|          2|    1|          2|
    |m_axi_gmem3_0_AWLEN            |    14|          3|   32|         96|
    |m_axi_gmem3_0_AWLOCK           |     9|          2|    2|          4|
    |m_axi_gmem3_0_AWPROT           |     9|          2|    3|          6|
    |m_axi_gmem3_0_AWQOS            |     9|          2|    4|          8|
    |m_axi_gmem3_0_AWREGION         |     9|          2|    4|          8|
    |m_axi_gmem3_0_AWSIZE           |     9|          2|    3|          6|
    |m_axi_gmem3_0_AWUSER           |     9|          2|    1|          2|
    |m_axi_gmem3_0_AWVALID          |    14|          3|    1|          3|
    |m_axi_gmem3_0_BREADY           |    14|          3|    1|          3|
    |m_axi_gmem3_0_WVALID           |     9|          2|    1|          2|
    |p_ZL10pw_out_buf_0_0_address0  |    20|          4|    9|         36|
    |p_ZL10pw_out_buf_0_0_ce0       |    20|          4|    1|          4|
    |p_ZL10pw_out_buf_0_0_d0        |    14|          3|   32|         96|
    |p_ZL10pw_out_buf_0_0_we0       |    14|          3|    1|          3|
    |p_ZL10pw_out_buf_0_1_address0  |    20|          4|    9|         36|
    |p_ZL10pw_out_buf_0_1_ce0       |    20|          4|    1|          4|
    |p_ZL10pw_out_buf_0_1_d0        |    14|          3|   32|         96|
    |p_ZL10pw_out_buf_0_1_we0       |    14|          3|    1|          3|
    |p_ZL10pw_out_buf_0_2_address0  |    20|          4|    9|         36|
    |p_ZL10pw_out_buf_0_2_ce0       |    20|          4|    1|          4|
    |p_ZL10pw_out_buf_0_2_d0        |    14|          3|   32|         96|
    |p_ZL10pw_out_buf_0_2_we0       |    14|          3|    1|          3|
    |p_ZL10pw_out_buf_0_3_address0  |    20|          4|    9|         36|
    |p_ZL10pw_out_buf_0_3_ce0       |    20|          4|    1|          4|
    |p_ZL10pw_out_buf_0_3_d0        |    14|          3|   32|         96|
    |p_ZL10pw_out_buf_0_3_we0       |    14|          3|    1|          3|
    |p_ZL10pw_out_buf_0_4_address0  |    20|          4|    9|         36|
    |p_ZL10pw_out_buf_0_4_ce0       |    20|          4|    1|          4|
    |p_ZL10pw_out_buf_0_4_d0        |    14|          3|   32|         96|
    |p_ZL10pw_out_buf_0_4_we0       |    14|          3|    1|          3|
    |p_ZL10pw_out_buf_0_5_address0  |    20|          4|    9|         36|
    |p_ZL10pw_out_buf_0_5_ce0       |    20|          4|    1|          4|
    |p_ZL10pw_out_buf_0_5_d0        |    14|          3|   32|         96|
    |p_ZL10pw_out_buf_0_5_we0       |    14|          3|    1|          3|
    |p_ZL10pw_out_buf_0_6_address0  |    20|          4|    9|         36|
    |p_ZL10pw_out_buf_0_6_ce0       |    20|          4|    1|          4|
    |p_ZL10pw_out_buf_0_6_d0        |    14|          3|   32|         96|
    |p_ZL10pw_out_buf_0_6_we0       |    14|          3|    1|          3|
    |p_ZL10pw_out_buf_0_7_address0  |    20|          4|    9|         36|
    |p_ZL10pw_out_buf_0_7_ce0       |    20|          4|    1|          4|
    |p_ZL10pw_out_buf_0_7_d0        |    14|          3|   32|         96|
    |p_ZL10pw_out_buf_0_7_we0       |    14|          3|    1|          3|
    |p_ZL10pw_out_buf_1_0_address0  |    20|          4|    9|         36|
    |p_ZL10pw_out_buf_1_0_ce0       |    20|          4|    1|          4|
    |p_ZL10pw_out_buf_1_0_d0        |    14|          3|   32|         96|
    |p_ZL10pw_out_buf_1_0_we0       |    14|          3|    1|          3|
    |p_ZL10pw_out_buf_1_1_address0  |    20|          4|    9|         36|
    |p_ZL10pw_out_buf_1_1_ce0       |    20|          4|    1|          4|
    |p_ZL10pw_out_buf_1_1_d0        |    14|          3|   32|         96|
    |p_ZL10pw_out_buf_1_1_we0       |    14|          3|    1|          3|
    |p_ZL10pw_out_buf_1_2_address0  |    20|          4|    9|         36|
    |p_ZL10pw_out_buf_1_2_ce0       |    20|          4|    1|          4|
    |p_ZL10pw_out_buf_1_2_d0        |    14|          3|   32|         96|
    |p_ZL10pw_out_buf_1_2_we0       |    14|          3|    1|          3|
    |p_ZL10pw_out_buf_1_3_address0  |    20|          4|    9|         36|
    |p_ZL10pw_out_buf_1_3_ce0       |    20|          4|    1|          4|
    |p_ZL10pw_out_buf_1_3_d0        |    14|          3|   32|         96|
    |p_ZL10pw_out_buf_1_3_we0       |    14|          3|    1|          3|
    |p_ZL10pw_out_buf_1_4_address0  |    20|          4|    9|         36|
    |p_ZL10pw_out_buf_1_4_ce0       |    20|          4|    1|          4|
    |p_ZL10pw_out_buf_1_4_d0        |    14|          3|   32|         96|
    |p_ZL10pw_out_buf_1_4_we0       |    14|          3|    1|          3|
    |p_ZL10pw_out_buf_1_5_address0  |    20|          4|    9|         36|
    |p_ZL10pw_out_buf_1_5_ce0       |    20|          4|    1|          4|
    |p_ZL10pw_out_buf_1_5_d0        |    14|          3|   32|         96|
    |p_ZL10pw_out_buf_1_5_we0       |    14|          3|    1|          3|
    |p_ZL10pw_out_buf_1_6_address0  |    20|          4|    9|         36|
    |p_ZL10pw_out_buf_1_6_ce0       |    20|          4|    1|          4|
    |p_ZL10pw_out_buf_1_6_d0        |    14|          3|   32|         96|
    |p_ZL10pw_out_buf_1_6_we0       |    14|          3|    1|          3|
    |p_ZL10pw_out_buf_1_7_address0  |    20|          4|    9|         36|
    |p_ZL10pw_out_buf_1_7_ce0       |    20|          4|    1|          4|
    |p_ZL10pw_out_buf_1_7_d0        |    14|          3|   32|         96|
    |p_ZL10pw_out_buf_1_7_we0       |    14|          3|    1|          3|
    |p_ZL10pw_out_buf_2_0_address0  |    20|          4|    9|         36|
    |p_ZL10pw_out_buf_2_0_ce0       |    20|          4|    1|          4|
    |p_ZL10pw_out_buf_2_0_d0        |    14|          3|   32|         96|
    |p_ZL10pw_out_buf_2_0_we0       |    14|          3|    1|          3|
    |p_ZL10pw_out_buf_2_1_address0  |    20|          4|    9|         36|
    |p_ZL10pw_out_buf_2_1_ce0       |    20|          4|    1|          4|
    |p_ZL10pw_out_buf_2_1_d0        |    14|          3|   32|         96|
    |p_ZL10pw_out_buf_2_1_we0       |    14|          3|    1|          3|
    |p_ZL10pw_out_buf_2_2_address0  |    20|          4|    9|         36|
    |p_ZL10pw_out_buf_2_2_ce0       |    20|          4|    1|          4|
    |p_ZL10pw_out_buf_2_2_d0        |    14|          3|   32|         96|
    |p_ZL10pw_out_buf_2_2_we0       |    14|          3|    1|          3|
    |p_ZL10pw_out_buf_2_3_address0  |    20|          4|    9|         36|
    |p_ZL10pw_out_buf_2_3_ce0       |    20|          4|    1|          4|
    |p_ZL10pw_out_buf_2_3_d0        |    14|          3|   32|         96|
    |p_ZL10pw_out_buf_2_3_we0       |    14|          3|    1|          3|
    |p_ZL10pw_out_buf_2_4_address0  |    20|          4|    9|         36|
    |p_ZL10pw_out_buf_2_4_ce0       |    20|          4|    1|          4|
    |p_ZL10pw_out_buf_2_4_d0        |    14|          3|   32|         96|
    |p_ZL10pw_out_buf_2_4_we0       |    14|          3|    1|          3|
    |p_ZL10pw_out_buf_2_5_address0  |    20|          4|    9|         36|
    |p_ZL10pw_out_buf_2_5_ce0       |    20|          4|    1|          4|
    |p_ZL10pw_out_buf_2_5_d0        |    14|          3|   32|         96|
    |p_ZL10pw_out_buf_2_5_we0       |    14|          3|    1|          3|
    |p_ZL10pw_out_buf_2_6_address0  |    20|          4|    9|         36|
    |p_ZL10pw_out_buf_2_6_ce0       |    20|          4|    1|          4|
    |p_ZL10pw_out_buf_2_6_d0        |    14|          3|   32|         96|
    |p_ZL10pw_out_buf_2_6_we0       |    14|          3|    1|          3|
    |p_ZL10pw_out_buf_2_7_address0  |    20|          4|    9|         36|
    |p_ZL10pw_out_buf_2_7_ce0       |    20|          4|    1|          4|
    |p_ZL10pw_out_buf_2_7_d0        |    14|          3|   32|         96|
    |p_ZL10pw_out_buf_2_7_we0       |    14|          3|    1|          3|
    |p_ZL10pw_out_buf_3_0_address0  |    20|          4|    9|         36|
    |p_ZL10pw_out_buf_3_0_ce0       |    20|          4|    1|          4|
    |p_ZL10pw_out_buf_3_0_d0        |    14|          3|   32|         96|
    |p_ZL10pw_out_buf_3_0_we0       |    14|          3|    1|          3|
    |p_ZL10pw_out_buf_3_1_address0  |    20|          4|    9|         36|
    |p_ZL10pw_out_buf_3_1_ce0       |    20|          4|    1|          4|
    |p_ZL10pw_out_buf_3_1_d0        |    14|          3|   32|         96|
    |p_ZL10pw_out_buf_3_1_we0       |    14|          3|    1|          3|
    |p_ZL10pw_out_buf_3_2_address0  |    20|          4|    9|         36|
    |p_ZL10pw_out_buf_3_2_ce0       |    20|          4|    1|          4|
    |p_ZL10pw_out_buf_3_2_d0        |    14|          3|   32|         96|
    |p_ZL10pw_out_buf_3_2_we0       |    14|          3|    1|          3|
    |p_ZL10pw_out_buf_3_3_address0  |    20|          4|    9|         36|
    |p_ZL10pw_out_buf_3_3_ce0       |    20|          4|    1|          4|
    |p_ZL10pw_out_buf_3_3_d0        |    14|          3|   32|         96|
    |p_ZL10pw_out_buf_3_3_we0       |    14|          3|    1|          3|
    |p_ZL10pw_out_buf_3_4_address0  |    20|          4|    9|         36|
    |p_ZL10pw_out_buf_3_4_ce0       |    20|          4|    1|          4|
    |p_ZL10pw_out_buf_3_4_d0        |    14|          3|   32|         96|
    |p_ZL10pw_out_buf_3_4_we0       |    14|          3|    1|          3|
    |p_ZL10pw_out_buf_3_5_address0  |    20|          4|    9|         36|
    |p_ZL10pw_out_buf_3_5_ce0       |    20|          4|    1|          4|
    |p_ZL10pw_out_buf_3_5_d0        |    14|          3|   32|         96|
    |p_ZL10pw_out_buf_3_5_we0       |    14|          3|    1|          3|
    |p_ZL10pw_out_buf_3_6_address0  |    20|          4|    9|         36|
    |p_ZL10pw_out_buf_3_6_ce0       |    20|          4|    1|          4|
    |p_ZL10pw_out_buf_3_6_d0        |    14|          3|   32|         96|
    |p_ZL10pw_out_buf_3_6_we0       |    14|          3|    1|          3|
    |p_ZL10pw_out_buf_3_7_address0  |    20|          4|    9|         36|
    |p_ZL10pw_out_buf_3_7_ce0       |    20|          4|    1|          4|
    |p_ZL10pw_out_buf_3_7_d0        |    14|          3|   32|         96|
    |p_ZL10pw_out_buf_3_7_we0       |    14|          3|    1|          3|
    |p_ZL10pw_out_buf_4_0_address0  |    20|          4|    9|         36|
    |p_ZL10pw_out_buf_4_0_ce0       |    20|          4|    1|          4|
    |p_ZL10pw_out_buf_4_0_d0        |    14|          3|   32|         96|
    |p_ZL10pw_out_buf_4_0_we0       |    14|          3|    1|          3|
    |p_ZL10pw_out_buf_4_1_address0  |    20|          4|    9|         36|
    |p_ZL10pw_out_buf_4_1_ce0       |    20|          4|    1|          4|
    |p_ZL10pw_out_buf_4_1_d0        |    14|          3|   32|         96|
    |p_ZL10pw_out_buf_4_1_we0       |    14|          3|    1|          3|
    |p_ZL10pw_out_buf_4_2_address0  |    20|          4|    9|         36|
    |p_ZL10pw_out_buf_4_2_ce0       |    20|          4|    1|          4|
    |p_ZL10pw_out_buf_4_2_d0        |    14|          3|   32|         96|
    |p_ZL10pw_out_buf_4_2_we0       |    14|          3|    1|          3|
    |p_ZL10pw_out_buf_4_3_address0  |    20|          4|    9|         36|
    |p_ZL10pw_out_buf_4_3_ce0       |    20|          4|    1|          4|
    |p_ZL10pw_out_buf_4_3_d0        |    14|          3|   32|         96|
    |p_ZL10pw_out_buf_4_3_we0       |    14|          3|    1|          3|
    |p_ZL10pw_out_buf_4_4_address0  |    20|          4|    9|         36|
    |p_ZL10pw_out_buf_4_4_ce0       |    20|          4|    1|          4|
    |p_ZL10pw_out_buf_4_4_d0        |    14|          3|   32|         96|
    |p_ZL10pw_out_buf_4_4_we0       |    14|          3|    1|          3|
    |p_ZL10pw_out_buf_4_5_address0  |    20|          4|    9|         36|
    |p_ZL10pw_out_buf_4_5_ce0       |    20|          4|    1|          4|
    |p_ZL10pw_out_buf_4_5_d0        |    14|          3|   32|         96|
    |p_ZL10pw_out_buf_4_5_we0       |    14|          3|    1|          3|
    |p_ZL10pw_out_buf_4_6_address0  |    20|          4|    9|         36|
    |p_ZL10pw_out_buf_4_6_ce0       |    20|          4|    1|          4|
    |p_ZL10pw_out_buf_4_6_d0        |    14|          3|   32|         96|
    |p_ZL10pw_out_buf_4_6_we0       |    14|          3|    1|          3|
    |p_ZL10pw_out_buf_4_7_address0  |    20|          4|    9|         36|
    |p_ZL10pw_out_buf_4_7_ce0       |    20|          4|    1|          4|
    |p_ZL10pw_out_buf_4_7_d0        |    14|          3|   32|         96|
    |p_ZL10pw_out_buf_4_7_we0       |    14|          3|    1|          3|
    |p_ZL10pw_out_buf_5_0_address0  |    20|          4|    9|         36|
    |p_ZL10pw_out_buf_5_0_ce0       |    20|          4|    1|          4|
    |p_ZL10pw_out_buf_5_0_d0        |    14|          3|   32|         96|
    |p_ZL10pw_out_buf_5_0_we0       |    14|          3|    1|          3|
    |p_ZL10pw_out_buf_5_1_address0  |    20|          4|    9|         36|
    |p_ZL10pw_out_buf_5_1_ce0       |    20|          4|    1|          4|
    |p_ZL10pw_out_buf_5_1_d0        |    14|          3|   32|         96|
    |p_ZL10pw_out_buf_5_1_we0       |    14|          3|    1|          3|
    |p_ZL10pw_out_buf_5_2_address0  |    20|          4|    9|         36|
    |p_ZL10pw_out_buf_5_2_ce0       |    20|          4|    1|          4|
    |p_ZL10pw_out_buf_5_2_d0        |    14|          3|   32|         96|
    |p_ZL10pw_out_buf_5_2_we0       |    14|          3|    1|          3|
    |p_ZL10pw_out_buf_5_3_address0  |    20|          4|    9|         36|
    |p_ZL10pw_out_buf_5_3_ce0       |    20|          4|    1|          4|
    |p_ZL10pw_out_buf_5_3_d0        |    14|          3|   32|         96|
    |p_ZL10pw_out_buf_5_3_we0       |    14|          3|    1|          3|
    |p_ZL10pw_out_buf_5_4_address0  |    20|          4|    9|         36|
    |p_ZL10pw_out_buf_5_4_ce0       |    20|          4|    1|          4|
    |p_ZL10pw_out_buf_5_4_d0        |    14|          3|   32|         96|
    |p_ZL10pw_out_buf_5_4_we0       |    14|          3|    1|          3|
    |p_ZL10pw_out_buf_5_5_address0  |    20|          4|    9|         36|
    |p_ZL10pw_out_buf_5_5_ce0       |    20|          4|    1|          4|
    |p_ZL10pw_out_buf_5_5_d0        |    14|          3|   32|         96|
    |p_ZL10pw_out_buf_5_5_we0       |    14|          3|    1|          3|
    |p_ZL10pw_out_buf_5_6_address0  |    20|          4|    9|         36|
    |p_ZL10pw_out_buf_5_6_ce0       |    20|          4|    1|          4|
    |p_ZL10pw_out_buf_5_6_d0        |    14|          3|   32|         96|
    |p_ZL10pw_out_buf_5_6_we0       |    14|          3|    1|          3|
    |p_ZL10pw_out_buf_5_7_address0  |    20|          4|    9|         36|
    |p_ZL10pw_out_buf_5_7_ce0       |    20|          4|    1|          4|
    |p_ZL10pw_out_buf_5_7_d0        |    14|          3|   32|         96|
    |p_ZL10pw_out_buf_5_7_we0       |    14|          3|    1|          3|
    |p_ZL10pw_out_buf_6_0_address0  |    20|          4|    9|         36|
    |p_ZL10pw_out_buf_6_0_ce0       |    20|          4|    1|          4|
    |p_ZL10pw_out_buf_6_0_d0        |    14|          3|   32|         96|
    |p_ZL10pw_out_buf_6_0_we0       |    14|          3|    1|          3|
    |p_ZL10pw_out_buf_6_1_address0  |    20|          4|    9|         36|
    |p_ZL10pw_out_buf_6_1_ce0       |    20|          4|    1|          4|
    |p_ZL10pw_out_buf_6_1_d0        |    14|          3|   32|         96|
    |p_ZL10pw_out_buf_6_1_we0       |    14|          3|    1|          3|
    |p_ZL10pw_out_buf_6_2_address0  |    20|          4|    9|         36|
    |p_ZL10pw_out_buf_6_2_ce0       |    20|          4|    1|          4|
    |p_ZL10pw_out_buf_6_2_d0        |    14|          3|   32|         96|
    |p_ZL10pw_out_buf_6_2_we0       |    14|          3|    1|          3|
    |p_ZL10pw_out_buf_6_3_address0  |    20|          4|    9|         36|
    |p_ZL10pw_out_buf_6_3_ce0       |    20|          4|    1|          4|
    |p_ZL10pw_out_buf_6_3_d0        |    14|          3|   32|         96|
    |p_ZL10pw_out_buf_6_3_we0       |    14|          3|    1|          3|
    |p_ZL10pw_out_buf_6_4_address0  |    20|          4|    9|         36|
    |p_ZL10pw_out_buf_6_4_ce0       |    20|          4|    1|          4|
    |p_ZL10pw_out_buf_6_4_d0        |    14|          3|   32|         96|
    |p_ZL10pw_out_buf_6_4_we0       |    14|          3|    1|          3|
    |p_ZL10pw_out_buf_6_5_address0  |    20|          4|    9|         36|
    |p_ZL10pw_out_buf_6_5_ce0       |    20|          4|    1|          4|
    |p_ZL10pw_out_buf_6_5_d0        |    14|          3|   32|         96|
    |p_ZL10pw_out_buf_6_5_we0       |    14|          3|    1|          3|
    |p_ZL10pw_out_buf_6_6_address0  |    20|          4|    9|         36|
    |p_ZL10pw_out_buf_6_6_ce0       |    20|          4|    1|          4|
    |p_ZL10pw_out_buf_6_6_d0        |    14|          3|   32|         96|
    |p_ZL10pw_out_buf_6_6_we0       |    14|          3|    1|          3|
    |p_ZL10pw_out_buf_6_7_address0  |    20|          4|    9|         36|
    |p_ZL10pw_out_buf_6_7_ce0       |    20|          4|    1|          4|
    |p_ZL10pw_out_buf_6_7_d0        |    14|          3|   32|         96|
    |p_ZL10pw_out_buf_6_7_we0       |    14|          3|    1|          3|
    |p_ZL10pw_out_buf_7_0_address0  |    20|          4|    9|         36|
    |p_ZL10pw_out_buf_7_0_ce0       |    20|          4|    1|          4|
    |p_ZL10pw_out_buf_7_0_d0        |    14|          3|   32|         96|
    |p_ZL10pw_out_buf_7_0_we0       |    14|          3|    1|          3|
    |p_ZL10pw_out_buf_7_1_address0  |    20|          4|    9|         36|
    |p_ZL10pw_out_buf_7_1_ce0       |    20|          4|    1|          4|
    |p_ZL10pw_out_buf_7_1_d0        |    14|          3|   32|         96|
    |p_ZL10pw_out_buf_7_1_we0       |    14|          3|    1|          3|
    |p_ZL10pw_out_buf_7_2_address0  |    20|          4|    9|         36|
    |p_ZL10pw_out_buf_7_2_ce0       |    20|          4|    1|          4|
    |p_ZL10pw_out_buf_7_2_d0        |    14|          3|   32|         96|
    |p_ZL10pw_out_buf_7_2_we0       |    14|          3|    1|          3|
    |p_ZL10pw_out_buf_7_3_address0  |    20|          4|    9|         36|
    |p_ZL10pw_out_buf_7_3_ce0       |    20|          4|    1|          4|
    |p_ZL10pw_out_buf_7_3_d0        |    14|          3|   32|         96|
    |p_ZL10pw_out_buf_7_3_we0       |    14|          3|    1|          3|
    |p_ZL10pw_out_buf_7_4_address0  |    20|          4|    9|         36|
    |p_ZL10pw_out_buf_7_4_ce0       |    20|          4|    1|          4|
    |p_ZL10pw_out_buf_7_4_d0        |    14|          3|   32|         96|
    |p_ZL10pw_out_buf_7_4_we0       |    14|          3|    1|          3|
    |p_ZL10pw_out_buf_7_5_address0  |    20|          4|    9|         36|
    |p_ZL10pw_out_buf_7_5_ce0       |    20|          4|    1|          4|
    |p_ZL10pw_out_buf_7_5_d0        |    14|          3|   32|         96|
    |p_ZL10pw_out_buf_7_5_we0       |    14|          3|    1|          3|
    |p_ZL10pw_out_buf_7_6_address0  |    20|          4|    9|         36|
    |p_ZL10pw_out_buf_7_6_ce0       |    20|          4|    1|          4|
    |p_ZL10pw_out_buf_7_6_d0        |    14|          3|   32|         96|
    |p_ZL10pw_out_buf_7_6_we0       |    14|          3|    1|          3|
    |p_ZL10pw_out_buf_7_7_address0  |    20|          4|    9|         36|
    |p_ZL10pw_out_buf_7_7_ce0       |    20|          4|    1|          4|
    |p_ZL10pw_out_buf_7_7_d0        |    14|          3|   32|         96|
    |p_ZL10pw_out_buf_7_7_we0       |    14|          3|    1|          3|
    |tm_fu_1510                     |     9|          2|   28|         56|
    |tn_reg_1777                    |     9|          2|   28|         56|
    |tripcount_iv_fu_1514           |     9|          2|   32|         64|
    |ts_reg_1800                    |     9|          2|   25|         50|
    +-------------------------------+------+-----------+-----+-----------+
    |Total                          |  5785|       1175| 3345|      10830|
    +-------------------------------+------+-----------+-----+-----------+

    * Register: 
    +-------------------------------------------------------------------------------+-----+----+-----+-----------+
    |                                      Name                                     |  FF | LUT| Bits| Const Bits|
    +-------------------------------------------------------------------------------+-----+----+-----+-----------+
    |CHout_cast_reg_8024                                                            |   33|   0|   33|          0|
    |Tm_loops_reg_7979                                                              |   30|   0|   30|          0|
    |Tn_loops_reg_7984                                                              |   30|   0|   30|          0|
    |Ts_loops_reg_7989                                                              |   27|   0|   27|          0|
    |add_ln100_reg_8241                                                             |   28|   0|   28|          0|
    |add_ln102_reg_8252                                                             |   29|   0|   32|          3|
    |add_ln119_1_reg_8558                                                           |   32|   0|   32|          0|
    |add_ln119_reg_8533                                                             |   25|   0|   25|          0|
    |add_ln121_reg_8543                                                             |   26|   0|   32|          6|
    |add_ln158_reg_8563                                                             |   33|   0|   33|          0|
    |add_ln186_reg_8268                                                             |   33|   0|   33|          0|
    |add_ln81_reg_8054                                                              |   28|   0|   28|          0|
    |add_ln82_reg_8109                                                              |   64|   0|   64|          0|
    |add_ln83_reg_8070                                                              |   29|   0|   32|          3|
    |and_ln_reg_8035                                                                |   29|   0|   32|          3|
    |ap_CS_fsm                                                                      |  203|   0|  203|          0|
    |b_10_reg_8200                                                                  |   32|   0|   32|          0|
    |b_11_reg_1741                                                                  |   32|   0|   32|          0|
    |b_12_reg_8214                                                                  |   32|   0|   32|          0|
    |b_13_reg_1753                                                                  |   32|   0|   32|          0|
    |b_14_reg_8228                                                                  |   32|   0|   32|          0|
    |b_15_reg_1765                                                                  |   32|   0|   32|          0|
    |b_1_reg_1681                                                                   |   32|   0|   32|          0|
    |b_2_reg_8144                                                                   |   32|   0|   32|          0|
    |b_3_reg_1693                                                                   |   32|   0|   32|          0|
    |b_4_reg_8158                                                                   |   32|   0|   32|          0|
    |b_5_reg_1705                                                                   |   32|   0|   32|          0|
    |b_6_reg_8172                                                                   |   32|   0|   32|          0|
    |b_7_reg_1717                                                                   |   32|   0|   32|          0|
    |b_8_reg_8186                                                                   |   32|   0|   32|          0|
    |b_9_reg_1729                                                                   |   32|   0|   32|          0|
    |b_reg_8130                                                                     |   32|   0|   32|          0|
    |cmp28718_reg_8009                                                              |    1|   0|    1|          0|
    |cmp58_2_wide_reg_8308                                                          |    1|   0|    1|          0|
    |cmp58_4_wide_reg_8313                                                          |    1|   0|    1|          0|
    |cmp58_5_wide_reg_8318                                                          |    1|   0|    1|          0|
    |cmp58_6_wide_reg_8323                                                          |    1|   0|    1|          0|
    |cmp58_wide_reg_8303                                                            |    1|   0|    1|          0|
    |cmp_i604_reg_8004                                                              |    1|   0|    1|          0|
    |cout_end_reg_8080                                                              |   32|   0|   32|          0|
    |div_reg_7904                                                                   |   29|   0|   29|          0|
    |empty_115_reg_10124                                                            |   60|   0|   60|          0|
    |empty_reg_8553                                                                 |    6|   0|    6|          0|
    |gmem2_addr_1_reg_8138                                                          |   64|   0|   64|          0|
    |gmem2_addr_2_reg_8152                                                          |   64|   0|   64|          0|
    |gmem2_addr_3_reg_8166                                                          |   64|   0|   64|          0|
    |gmem2_addr_4_reg_8180                                                          |   64|   0|   64|          0|
    |gmem2_addr_5_reg_8194                                                          |   64|   0|   64|          0|
    |gmem2_addr_6_reg_8208                                                          |   64|   0|   64|          0|
    |gmem2_addr_7_reg_8222                                                          |   64|   0|   64|          0|
    |gmem2_addr_reg_8124                                                            |   64|   0|   64|          0|
    |grp_pwconv_worker_Pipeline_COMPUTE_PW_S_fu_3177_ap_start_reg                   |    1|   0|    1|          0|
    |grp_pwconv_worker_Pipeline_LOAD_PW_IN_VITIS_LOOP_131_3_fu_2142_ap_start_reg    |    1|   0|    1|          0|
    |grp_pwconv_worker_Pipeline_LOAD_PW_WT_fu_1995_ap_start_reg                     |    1|   0|    1|          0|
    |grp_pwconv_worker_Pipeline_VITIS_LOOP_93_12_fu_1834_ap_start_reg               |    1|   0|    1|          0|
    |grp_pwconv_worker_Pipeline_VITIS_LOOP_93_13_fu_1857_ap_start_reg               |    1|   0|    1|          0|
    |grp_pwconv_worker_Pipeline_VITIS_LOOP_93_14_fu_1880_ap_start_reg               |    1|   0|    1|          0|
    |grp_pwconv_worker_Pipeline_VITIS_LOOP_93_15_fu_1903_ap_start_reg               |    1|   0|    1|          0|
    |grp_pwconv_worker_Pipeline_VITIS_LOOP_93_16_fu_1926_ap_start_reg               |    1|   0|    1|          0|
    |grp_pwconv_worker_Pipeline_VITIS_LOOP_93_17_fu_1949_ap_start_reg               |    1|   0|    1|          0|
    |grp_pwconv_worker_Pipeline_VITIS_LOOP_93_18_fu_1972_ap_start_reg               |    1|   0|    1|          0|
    |grp_pwconv_worker_Pipeline_VITIS_LOOP_93_1_fu_1811_ap_start_reg                |    1|   0|    1|          0|
    |grp_pwconv_worker_Pipeline_WRITE_PW_OUT_VITIS_LOOP_187_4_fu_3887_ap_start_reg  |    1|   0|    1|          0|
    |icmp1218_reg_8288                                                              |    1|   0|    1|          0|
    |icmp1221_reg_8293                                                              |    1|   0|    1|          0|
    |icmp1224_reg_8298                                                              |    1|   0|    1|          0|
    |icmp_ln102_reg_8257                                                            |    1|   0|    1|          0|
    |icmp_ln121_reg_8548                                                            |    1|   0|    1|          0|
    |icmp_ln83_reg_8075                                                             |    1|   0|    1|          0|
    |icmp_ln92_reg_8119                                                             |    1|   0|    1|          0|
    |indvars_iv185_reg_1788                                                         |   32|   0|   32|          0|
    |mul_ln101_reg_8328                                                             |   29|   0|   29|          0|
    |mul_ln186_1_reg_10134                                                          |   60|   0|   60|          0|
    |mul_ln186_reg_10119                                                            |   60|   0|   60|          0|
    |mul_ln82_reg_8085                                                              |   32|   0|   32|          0|
    |p_ZL9pw_in_buf_0_0                                                             |    4|   0|    4|          0|
    |p_ZL9pw_in_buf_0_1                                                             |    4|   0|    4|          0|
    |p_ZL9pw_in_buf_0_10                                                            |    4|   0|    4|          0|
    |p_ZL9pw_in_buf_0_11                                                            |    4|   0|    4|          0|
    |p_ZL9pw_in_buf_0_12                                                            |    4|   0|    4|          0|
    |p_ZL9pw_in_buf_0_13                                                            |    4|   0|    4|          0|
    |p_ZL9pw_in_buf_0_14                                                            |    4|   0|    4|          0|
    |p_ZL9pw_in_buf_0_15                                                            |    4|   0|    4|          0|
    |p_ZL9pw_in_buf_0_16                                                            |    4|   0|    4|          0|
    |p_ZL9pw_in_buf_0_17                                                            |    4|   0|    4|          0|
    |p_ZL9pw_in_buf_0_18                                                            |    4|   0|    4|          0|
    |p_ZL9pw_in_buf_0_19                                                            |    4|   0|    4|          0|
    |p_ZL9pw_in_buf_0_2                                                             |    4|   0|    4|          0|
    |p_ZL9pw_in_buf_0_20                                                            |    4|   0|    4|          0|
    |p_ZL9pw_in_buf_0_21                                                            |    4|   0|    4|          0|
    |p_ZL9pw_in_buf_0_22                                                            |    4|   0|    4|          0|
    |p_ZL9pw_in_buf_0_23                                                            |    4|   0|    4|          0|
    |p_ZL9pw_in_buf_0_24                                                            |    4|   0|    4|          0|
    |p_ZL9pw_in_buf_0_25                                                            |    4|   0|    4|          0|
    |p_ZL9pw_in_buf_0_26                                                            |    4|   0|    4|          0|
    |p_ZL9pw_in_buf_0_27                                                            |    4|   0|    4|          0|
    |p_ZL9pw_in_buf_0_28                                                            |    4|   0|    4|          0|
    |p_ZL9pw_in_buf_0_29                                                            |    4|   0|    4|          0|
    |p_ZL9pw_in_buf_0_3                                                             |    4|   0|    4|          0|
    |p_ZL9pw_in_buf_0_30                                                            |    4|   0|    4|          0|
    |p_ZL9pw_in_buf_0_31                                                            |    4|   0|    4|          0|
    |p_ZL9pw_in_buf_0_32                                                            |    4|   0|    4|          0|
    |p_ZL9pw_in_buf_0_33                                                            |    4|   0|    4|          0|
    |p_ZL9pw_in_buf_0_34                                                            |    4|   0|    4|          0|
    |p_ZL9pw_in_buf_0_35                                                            |    4|   0|    4|          0|
    |p_ZL9pw_in_buf_0_36                                                            |    4|   0|    4|          0|
    |p_ZL9pw_in_buf_0_37                                                            |    4|   0|    4|          0|
    |p_ZL9pw_in_buf_0_38                                                            |    4|   0|    4|          0|
    |p_ZL9pw_in_buf_0_39                                                            |    4|   0|    4|          0|
    |p_ZL9pw_in_buf_0_4                                                             |    4|   0|    4|          0|
    |p_ZL9pw_in_buf_0_40                                                            |    4|   0|    4|          0|
    |p_ZL9pw_in_buf_0_41                                                            |    4|   0|    4|          0|
    |p_ZL9pw_in_buf_0_42                                                            |    4|   0|    4|          0|
    |p_ZL9pw_in_buf_0_43                                                            |    4|   0|    4|          0|
    |p_ZL9pw_in_buf_0_44                                                            |    4|   0|    4|          0|
    |p_ZL9pw_in_buf_0_45                                                            |    4|   0|    4|          0|
    |p_ZL9pw_in_buf_0_46                                                            |    4|   0|    4|          0|
    |p_ZL9pw_in_buf_0_47                                                            |    4|   0|    4|          0|
    |p_ZL9pw_in_buf_0_48                                                            |    4|   0|    4|          0|
    |p_ZL9pw_in_buf_0_49                                                            |    4|   0|    4|          0|
    |p_ZL9pw_in_buf_0_5                                                             |    4|   0|    4|          0|
    |p_ZL9pw_in_buf_0_50                                                            |    4|   0|    4|          0|
    |p_ZL9pw_in_buf_0_51                                                            |    4|   0|    4|          0|
    |p_ZL9pw_in_buf_0_52                                                            |    4|   0|    4|          0|
    |p_ZL9pw_in_buf_0_53                                                            |    4|   0|    4|          0|
    |p_ZL9pw_in_buf_0_54                                                            |    4|   0|    4|          0|
    |p_ZL9pw_in_buf_0_55                                                            |    4|   0|    4|          0|
    |p_ZL9pw_in_buf_0_56                                                            |    4|   0|    4|          0|
    |p_ZL9pw_in_buf_0_57                                                            |    4|   0|    4|          0|
    |p_ZL9pw_in_buf_0_58                                                            |    4|   0|    4|          0|
    |p_ZL9pw_in_buf_0_59                                                            |    4|   0|    4|          0|
    |p_ZL9pw_in_buf_0_6                                                             |    4|   0|    4|          0|
    |p_ZL9pw_in_buf_0_60                                                            |    4|   0|    4|          0|
    |p_ZL9pw_in_buf_0_61                                                            |    4|   0|    4|          0|
    |p_ZL9pw_in_buf_0_62                                                            |    4|   0|    4|          0|
    |p_ZL9pw_in_buf_0_63                                                            |    4|   0|    4|          0|
    |p_ZL9pw_in_buf_0_7                                                             |    4|   0|    4|          0|
    |p_ZL9pw_in_buf_0_8                                                             |    4|   0|    4|          0|
    |p_ZL9pw_in_buf_0_9                                                             |    4|   0|    4|          0|
    |p_ZL9pw_in_buf_1_0                                                             |    4|   0|    4|          0|
    |p_ZL9pw_in_buf_1_1                                                             |    4|   0|    4|          0|
    |p_ZL9pw_in_buf_1_10                                                            |    4|   0|    4|          0|
    |p_ZL9pw_in_buf_1_11                                                            |    4|   0|    4|          0|
    |p_ZL9pw_in_buf_1_12                                                            |    4|   0|    4|          0|
    |p_ZL9pw_in_buf_1_13                                                            |    4|   0|    4|          0|
    |p_ZL9pw_in_buf_1_14                                                            |    4|   0|    4|          0|
    |p_ZL9pw_in_buf_1_15                                                            |    4|   0|    4|          0|
    |p_ZL9pw_in_buf_1_16                                                            |    4|   0|    4|          0|
    |p_ZL9pw_in_buf_1_17                                                            |    4|   0|    4|          0|
    |p_ZL9pw_in_buf_1_18                                                            |    4|   0|    4|          0|
    |p_ZL9pw_in_buf_1_19                                                            |    4|   0|    4|          0|
    |p_ZL9pw_in_buf_1_2                                                             |    4|   0|    4|          0|
    |p_ZL9pw_in_buf_1_20                                                            |    4|   0|    4|          0|
    |p_ZL9pw_in_buf_1_21                                                            |    4|   0|    4|          0|
    |p_ZL9pw_in_buf_1_22                                                            |    4|   0|    4|          0|
    |p_ZL9pw_in_buf_1_23                                                            |    4|   0|    4|          0|
    |p_ZL9pw_in_buf_1_24                                                            |    4|   0|    4|          0|
    |p_ZL9pw_in_buf_1_25                                                            |    4|   0|    4|          0|
    |p_ZL9pw_in_buf_1_26                                                            |    4|   0|    4|          0|
    |p_ZL9pw_in_buf_1_27                                                            |    4|   0|    4|          0|
    |p_ZL9pw_in_buf_1_28                                                            |    4|   0|    4|          0|
    |p_ZL9pw_in_buf_1_29                                                            |    4|   0|    4|          0|
    |p_ZL9pw_in_buf_1_3                                                             |    4|   0|    4|          0|
    |p_ZL9pw_in_buf_1_30                                                            |    4|   0|    4|          0|
    |p_ZL9pw_in_buf_1_31                                                            |    4|   0|    4|          0|
    |p_ZL9pw_in_buf_1_32                                                            |    4|   0|    4|          0|
    |p_ZL9pw_in_buf_1_33                                                            |    4|   0|    4|          0|
    |p_ZL9pw_in_buf_1_34                                                            |    4|   0|    4|          0|
    |p_ZL9pw_in_buf_1_35                                                            |    4|   0|    4|          0|
    |p_ZL9pw_in_buf_1_36                                                            |    4|   0|    4|          0|
    |p_ZL9pw_in_buf_1_37                                                            |    4|   0|    4|          0|
    |p_ZL9pw_in_buf_1_38                                                            |    4|   0|    4|          0|
    |p_ZL9pw_in_buf_1_39                                                            |    4|   0|    4|          0|
    |p_ZL9pw_in_buf_1_4                                                             |    4|   0|    4|          0|
    |p_ZL9pw_in_buf_1_40                                                            |    4|   0|    4|          0|
    |p_ZL9pw_in_buf_1_41                                                            |    4|   0|    4|          0|
    |p_ZL9pw_in_buf_1_42                                                            |    4|   0|    4|          0|
    |p_ZL9pw_in_buf_1_43                                                            |    4|   0|    4|          0|
    |p_ZL9pw_in_buf_1_44                                                            |    4|   0|    4|          0|
    |p_ZL9pw_in_buf_1_45                                                            |    4|   0|    4|          0|
    |p_ZL9pw_in_buf_1_46                                                            |    4|   0|    4|          0|
    |p_ZL9pw_in_buf_1_47                                                            |    4|   0|    4|          0|
    |p_ZL9pw_in_buf_1_48                                                            |    4|   0|    4|          0|
    |p_ZL9pw_in_buf_1_49                                                            |    4|   0|    4|          0|
    |p_ZL9pw_in_buf_1_5                                                             |    4|   0|    4|          0|
    |p_ZL9pw_in_buf_1_50                                                            |    4|   0|    4|          0|
    |p_ZL9pw_in_buf_1_51                                                            |    4|   0|    4|          0|
    |p_ZL9pw_in_buf_1_52                                                            |    4|   0|    4|          0|
    |p_ZL9pw_in_buf_1_53                                                            |    4|   0|    4|          0|
    |p_ZL9pw_in_buf_1_54                                                            |    4|   0|    4|          0|
    |p_ZL9pw_in_buf_1_55                                                            |    4|   0|    4|          0|
    |p_ZL9pw_in_buf_1_56                                                            |    4|   0|    4|          0|
    |p_ZL9pw_in_buf_1_57                                                            |    4|   0|    4|          0|
    |p_ZL9pw_in_buf_1_58                                                            |    4|   0|    4|          0|
    |p_ZL9pw_in_buf_1_59                                                            |    4|   0|    4|          0|
    |p_ZL9pw_in_buf_1_6                                                             |    4|   0|    4|          0|
    |p_ZL9pw_in_buf_1_60                                                            |    4|   0|    4|          0|
    |p_ZL9pw_in_buf_1_61                                                            |    4|   0|    4|          0|
    |p_ZL9pw_in_buf_1_62                                                            |    4|   0|    4|          0|
    |p_ZL9pw_in_buf_1_63                                                            |    4|   0|    4|          0|
    |p_ZL9pw_in_buf_1_7                                                             |    4|   0|    4|          0|
    |p_ZL9pw_in_buf_1_8                                                             |    4|   0|    4|          0|
    |p_ZL9pw_in_buf_1_9                                                             |    4|   0|    4|          0|
    |p_ZL9pw_in_buf_2_0                                                             |    4|   0|    4|          0|
    |p_ZL9pw_in_buf_2_1                                                             |    4|   0|    4|          0|
    |p_ZL9pw_in_buf_2_10                                                            |    4|   0|    4|          0|
    |p_ZL9pw_in_buf_2_11                                                            |    4|   0|    4|          0|
    |p_ZL9pw_in_buf_2_12                                                            |    4|   0|    4|          0|
    |p_ZL9pw_in_buf_2_13                                                            |    4|   0|    4|          0|
    |p_ZL9pw_in_buf_2_14                                                            |    4|   0|    4|          0|
    |p_ZL9pw_in_buf_2_15                                                            |    4|   0|    4|          0|
    |p_ZL9pw_in_buf_2_16                                                            |    4|   0|    4|          0|
    |p_ZL9pw_in_buf_2_17                                                            |    4|   0|    4|          0|
    |p_ZL9pw_in_buf_2_18                                                            |    4|   0|    4|          0|
    |p_ZL9pw_in_buf_2_19                                                            |    4|   0|    4|          0|
    |p_ZL9pw_in_buf_2_2                                                             |    4|   0|    4|          0|
    |p_ZL9pw_in_buf_2_20                                                            |    4|   0|    4|          0|
    |p_ZL9pw_in_buf_2_21                                                            |    4|   0|    4|          0|
    |p_ZL9pw_in_buf_2_22                                                            |    4|   0|    4|          0|
    |p_ZL9pw_in_buf_2_23                                                            |    4|   0|    4|          0|
    |p_ZL9pw_in_buf_2_24                                                            |    4|   0|    4|          0|
    |p_ZL9pw_in_buf_2_25                                                            |    4|   0|    4|          0|
    |p_ZL9pw_in_buf_2_26                                                            |    4|   0|    4|          0|
    |p_ZL9pw_in_buf_2_27                                                            |    4|   0|    4|          0|
    |p_ZL9pw_in_buf_2_28                                                            |    4|   0|    4|          0|
    |p_ZL9pw_in_buf_2_29                                                            |    4|   0|    4|          0|
    |p_ZL9pw_in_buf_2_3                                                             |    4|   0|    4|          0|
    |p_ZL9pw_in_buf_2_30                                                            |    4|   0|    4|          0|
    |p_ZL9pw_in_buf_2_31                                                            |    4|   0|    4|          0|
    |p_ZL9pw_in_buf_2_32                                                            |    4|   0|    4|          0|
    |p_ZL9pw_in_buf_2_33                                                            |    4|   0|    4|          0|
    |p_ZL9pw_in_buf_2_34                                                            |    4|   0|    4|          0|
    |p_ZL9pw_in_buf_2_35                                                            |    4|   0|    4|          0|
    |p_ZL9pw_in_buf_2_36                                                            |    4|   0|    4|          0|
    |p_ZL9pw_in_buf_2_37                                                            |    4|   0|    4|          0|
    |p_ZL9pw_in_buf_2_38                                                            |    4|   0|    4|          0|
    |p_ZL9pw_in_buf_2_39                                                            |    4|   0|    4|          0|
    |p_ZL9pw_in_buf_2_4                                                             |    4|   0|    4|          0|
    |p_ZL9pw_in_buf_2_40                                                            |    4|   0|    4|          0|
    |p_ZL9pw_in_buf_2_41                                                            |    4|   0|    4|          0|
    |p_ZL9pw_in_buf_2_42                                                            |    4|   0|    4|          0|
    |p_ZL9pw_in_buf_2_43                                                            |    4|   0|    4|          0|
    |p_ZL9pw_in_buf_2_44                                                            |    4|   0|    4|          0|
    |p_ZL9pw_in_buf_2_45                                                            |    4|   0|    4|          0|
    |p_ZL9pw_in_buf_2_46                                                            |    4|   0|    4|          0|
    |p_ZL9pw_in_buf_2_47                                                            |    4|   0|    4|          0|
    |p_ZL9pw_in_buf_2_48                                                            |    4|   0|    4|          0|
    |p_ZL9pw_in_buf_2_49                                                            |    4|   0|    4|          0|
    |p_ZL9pw_in_buf_2_5                                                             |    4|   0|    4|          0|
    |p_ZL9pw_in_buf_2_50                                                            |    4|   0|    4|          0|
    |p_ZL9pw_in_buf_2_51                                                            |    4|   0|    4|          0|
    |p_ZL9pw_in_buf_2_52                                                            |    4|   0|    4|          0|
    |p_ZL9pw_in_buf_2_53                                                            |    4|   0|    4|          0|
    |p_ZL9pw_in_buf_2_54                                                            |    4|   0|    4|          0|
    |p_ZL9pw_in_buf_2_55                                                            |    4|   0|    4|          0|
    |p_ZL9pw_in_buf_2_56                                                            |    4|   0|    4|          0|
    |p_ZL9pw_in_buf_2_57                                                            |    4|   0|    4|          0|
    |p_ZL9pw_in_buf_2_58                                                            |    4|   0|    4|          0|
    |p_ZL9pw_in_buf_2_59                                                            |    4|   0|    4|          0|
    |p_ZL9pw_in_buf_2_6                                                             |    4|   0|    4|          0|
    |p_ZL9pw_in_buf_2_60                                                            |    4|   0|    4|          0|
    |p_ZL9pw_in_buf_2_61                                                            |    4|   0|    4|          0|
    |p_ZL9pw_in_buf_2_62                                                            |    4|   0|    4|          0|
    |p_ZL9pw_in_buf_2_63                                                            |    4|   0|    4|          0|
    |p_ZL9pw_in_buf_2_7                                                             |    4|   0|    4|          0|
    |p_ZL9pw_in_buf_2_8                                                             |    4|   0|    4|          0|
    |p_ZL9pw_in_buf_2_9                                                             |    4|   0|    4|          0|
    |p_ZL9pw_in_buf_3_0                                                             |    4|   0|    4|          0|
    |p_ZL9pw_in_buf_3_1                                                             |    4|   0|    4|          0|
    |p_ZL9pw_in_buf_3_10                                                            |    4|   0|    4|          0|
    |p_ZL9pw_in_buf_3_11                                                            |    4|   0|    4|          0|
    |p_ZL9pw_in_buf_3_12                                                            |    4|   0|    4|          0|
    |p_ZL9pw_in_buf_3_13                                                            |    4|   0|    4|          0|
    |p_ZL9pw_in_buf_3_14                                                            |    4|   0|    4|          0|
    |p_ZL9pw_in_buf_3_15                                                            |    4|   0|    4|          0|
    |p_ZL9pw_in_buf_3_16                                                            |    4|   0|    4|          0|
    |p_ZL9pw_in_buf_3_17                                                            |    4|   0|    4|          0|
    |p_ZL9pw_in_buf_3_18                                                            |    4|   0|    4|          0|
    |p_ZL9pw_in_buf_3_19                                                            |    4|   0|    4|          0|
    |p_ZL9pw_in_buf_3_2                                                             |    4|   0|    4|          0|
    |p_ZL9pw_in_buf_3_20                                                            |    4|   0|    4|          0|
    |p_ZL9pw_in_buf_3_21                                                            |    4|   0|    4|          0|
    |p_ZL9pw_in_buf_3_22                                                            |    4|   0|    4|          0|
    |p_ZL9pw_in_buf_3_23                                                            |    4|   0|    4|          0|
    |p_ZL9pw_in_buf_3_24                                                            |    4|   0|    4|          0|
    |p_ZL9pw_in_buf_3_25                                                            |    4|   0|    4|          0|
    |p_ZL9pw_in_buf_3_26                                                            |    4|   0|    4|          0|
    |p_ZL9pw_in_buf_3_27                                                            |    4|   0|    4|          0|
    |p_ZL9pw_in_buf_3_28                                                            |    4|   0|    4|          0|
    |p_ZL9pw_in_buf_3_29                                                            |    4|   0|    4|          0|
    |p_ZL9pw_in_buf_3_3                                                             |    4|   0|    4|          0|
    |p_ZL9pw_in_buf_3_30                                                            |    4|   0|    4|          0|
    |p_ZL9pw_in_buf_3_31                                                            |    4|   0|    4|          0|
    |p_ZL9pw_in_buf_3_32                                                            |    4|   0|    4|          0|
    |p_ZL9pw_in_buf_3_33                                                            |    4|   0|    4|          0|
    |p_ZL9pw_in_buf_3_34                                                            |    4|   0|    4|          0|
    |p_ZL9pw_in_buf_3_35                                                            |    4|   0|    4|          0|
    |p_ZL9pw_in_buf_3_36                                                            |    4|   0|    4|          0|
    |p_ZL9pw_in_buf_3_37                                                            |    4|   0|    4|          0|
    |p_ZL9pw_in_buf_3_38                                                            |    4|   0|    4|          0|
    |p_ZL9pw_in_buf_3_39                                                            |    4|   0|    4|          0|
    |p_ZL9pw_in_buf_3_4                                                             |    4|   0|    4|          0|
    |p_ZL9pw_in_buf_3_40                                                            |    4|   0|    4|          0|
    |p_ZL9pw_in_buf_3_41                                                            |    4|   0|    4|          0|
    |p_ZL9pw_in_buf_3_42                                                            |    4|   0|    4|          0|
    |p_ZL9pw_in_buf_3_43                                                            |    4|   0|    4|          0|
    |p_ZL9pw_in_buf_3_44                                                            |    4|   0|    4|          0|
    |p_ZL9pw_in_buf_3_45                                                            |    4|   0|    4|          0|
    |p_ZL9pw_in_buf_3_46                                                            |    4|   0|    4|          0|
    |p_ZL9pw_in_buf_3_47                                                            |    4|   0|    4|          0|
    |p_ZL9pw_in_buf_3_48                                                            |    4|   0|    4|          0|
    |p_ZL9pw_in_buf_3_49                                                            |    4|   0|    4|          0|
    |p_ZL9pw_in_buf_3_5                                                             |    4|   0|    4|          0|
    |p_ZL9pw_in_buf_3_50                                                            |    4|   0|    4|          0|
    |p_ZL9pw_in_buf_3_51                                                            |    4|   0|    4|          0|
    |p_ZL9pw_in_buf_3_52                                                            |    4|   0|    4|          0|
    |p_ZL9pw_in_buf_3_53                                                            |    4|   0|    4|          0|
    |p_ZL9pw_in_buf_3_54                                                            |    4|   0|    4|          0|
    |p_ZL9pw_in_buf_3_55                                                            |    4|   0|    4|          0|
    |p_ZL9pw_in_buf_3_56                                                            |    4|   0|    4|          0|
    |p_ZL9pw_in_buf_3_57                                                            |    4|   0|    4|          0|
    |p_ZL9pw_in_buf_3_58                                                            |    4|   0|    4|          0|
    |p_ZL9pw_in_buf_3_59                                                            |    4|   0|    4|          0|
    |p_ZL9pw_in_buf_3_6                                                             |    4|   0|    4|          0|
    |p_ZL9pw_in_buf_3_60                                                            |    4|   0|    4|          0|
    |p_ZL9pw_in_buf_3_61                                                            |    4|   0|    4|          0|
    |p_ZL9pw_in_buf_3_62                                                            |    4|   0|    4|          0|
    |p_ZL9pw_in_buf_3_63                                                            |    4|   0|    4|          0|
    |p_ZL9pw_in_buf_3_7                                                             |    4|   0|    4|          0|
    |p_ZL9pw_in_buf_3_8                                                             |    4|   0|    4|          0|
    |p_ZL9pw_in_buf_3_9                                                             |    4|   0|    4|          0|
    |p_ZL9pw_in_buf_4_0                                                             |    4|   0|    4|          0|
    |p_ZL9pw_in_buf_4_1                                                             |    4|   0|    4|          0|
    |p_ZL9pw_in_buf_4_10                                                            |    4|   0|    4|          0|
    |p_ZL9pw_in_buf_4_11                                                            |    4|   0|    4|          0|
    |p_ZL9pw_in_buf_4_12                                                            |    4|   0|    4|          0|
    |p_ZL9pw_in_buf_4_13                                                            |    4|   0|    4|          0|
    |p_ZL9pw_in_buf_4_14                                                            |    4|   0|    4|          0|
    |p_ZL9pw_in_buf_4_15                                                            |    4|   0|    4|          0|
    |p_ZL9pw_in_buf_4_16                                                            |    4|   0|    4|          0|
    |p_ZL9pw_in_buf_4_17                                                            |    4|   0|    4|          0|
    |p_ZL9pw_in_buf_4_18                                                            |    4|   0|    4|          0|
    |p_ZL9pw_in_buf_4_19                                                            |    4|   0|    4|          0|
    |p_ZL9pw_in_buf_4_2                                                             |    4|   0|    4|          0|
    |p_ZL9pw_in_buf_4_20                                                            |    4|   0|    4|          0|
    |p_ZL9pw_in_buf_4_21                                                            |    4|   0|    4|          0|
    |p_ZL9pw_in_buf_4_22                                                            |    4|   0|    4|          0|
    |p_ZL9pw_in_buf_4_23                                                            |    4|   0|    4|          0|
    |p_ZL9pw_in_buf_4_24                                                            |    4|   0|    4|          0|
    |p_ZL9pw_in_buf_4_25                                                            |    4|   0|    4|          0|
    |p_ZL9pw_in_buf_4_26                                                            |    4|   0|    4|          0|
    |p_ZL9pw_in_buf_4_27                                                            |    4|   0|    4|          0|
    |p_ZL9pw_in_buf_4_28                                                            |    4|   0|    4|          0|
    |p_ZL9pw_in_buf_4_29                                                            |    4|   0|    4|          0|
    |p_ZL9pw_in_buf_4_3                                                             |    4|   0|    4|          0|
    |p_ZL9pw_in_buf_4_30                                                            |    4|   0|    4|          0|
    |p_ZL9pw_in_buf_4_31                                                            |    4|   0|    4|          0|
    |p_ZL9pw_in_buf_4_32                                                            |    4|   0|    4|          0|
    |p_ZL9pw_in_buf_4_33                                                            |    4|   0|    4|          0|
    |p_ZL9pw_in_buf_4_34                                                            |    4|   0|    4|          0|
    |p_ZL9pw_in_buf_4_35                                                            |    4|   0|    4|          0|
    |p_ZL9pw_in_buf_4_36                                                            |    4|   0|    4|          0|
    |p_ZL9pw_in_buf_4_37                                                            |    4|   0|    4|          0|
    |p_ZL9pw_in_buf_4_38                                                            |    4|   0|    4|          0|
    |p_ZL9pw_in_buf_4_39                                                            |    4|   0|    4|          0|
    |p_ZL9pw_in_buf_4_4                                                             |    4|   0|    4|          0|
    |p_ZL9pw_in_buf_4_40                                                            |    4|   0|    4|          0|
    |p_ZL9pw_in_buf_4_41                                                            |    4|   0|    4|          0|
    |p_ZL9pw_in_buf_4_42                                                            |    4|   0|    4|          0|
    |p_ZL9pw_in_buf_4_43                                                            |    4|   0|    4|          0|
    |p_ZL9pw_in_buf_4_44                                                            |    4|   0|    4|          0|
    |p_ZL9pw_in_buf_4_45                                                            |    4|   0|    4|          0|
    |p_ZL9pw_in_buf_4_46                                                            |    4|   0|    4|          0|
    |p_ZL9pw_in_buf_4_47                                                            |    4|   0|    4|          0|
    |p_ZL9pw_in_buf_4_48                                                            |    4|   0|    4|          0|
    |p_ZL9pw_in_buf_4_49                                                            |    4|   0|    4|          0|
    |p_ZL9pw_in_buf_4_5                                                             |    4|   0|    4|          0|
    |p_ZL9pw_in_buf_4_50                                                            |    4|   0|    4|          0|
    |p_ZL9pw_in_buf_4_51                                                            |    4|   0|    4|          0|
    |p_ZL9pw_in_buf_4_52                                                            |    4|   0|    4|          0|
    |p_ZL9pw_in_buf_4_53                                                            |    4|   0|    4|          0|
    |p_ZL9pw_in_buf_4_54                                                            |    4|   0|    4|          0|
    |p_ZL9pw_in_buf_4_55                                                            |    4|   0|    4|          0|
    |p_ZL9pw_in_buf_4_56                                                            |    4|   0|    4|          0|
    |p_ZL9pw_in_buf_4_57                                                            |    4|   0|    4|          0|
    |p_ZL9pw_in_buf_4_58                                                            |    4|   0|    4|          0|
    |p_ZL9pw_in_buf_4_59                                                            |    4|   0|    4|          0|
    |p_ZL9pw_in_buf_4_6                                                             |    4|   0|    4|          0|
    |p_ZL9pw_in_buf_4_60                                                            |    4|   0|    4|          0|
    |p_ZL9pw_in_buf_4_61                                                            |    4|   0|    4|          0|
    |p_ZL9pw_in_buf_4_62                                                            |    4|   0|    4|          0|
    |p_ZL9pw_in_buf_4_63                                                            |    4|   0|    4|          0|
    |p_ZL9pw_in_buf_4_7                                                             |    4|   0|    4|          0|
    |p_ZL9pw_in_buf_4_8                                                             |    4|   0|    4|          0|
    |p_ZL9pw_in_buf_4_9                                                             |    4|   0|    4|          0|
    |p_ZL9pw_in_buf_5_0                                                             |    4|   0|    4|          0|
    |p_ZL9pw_in_buf_5_1                                                             |    4|   0|    4|          0|
    |p_ZL9pw_in_buf_5_10                                                            |    4|   0|    4|          0|
    |p_ZL9pw_in_buf_5_11                                                            |    4|   0|    4|          0|
    |p_ZL9pw_in_buf_5_12                                                            |    4|   0|    4|          0|
    |p_ZL9pw_in_buf_5_13                                                            |    4|   0|    4|          0|
    |p_ZL9pw_in_buf_5_14                                                            |    4|   0|    4|          0|
    |p_ZL9pw_in_buf_5_15                                                            |    4|   0|    4|          0|
    |p_ZL9pw_in_buf_5_16                                                            |    4|   0|    4|          0|
    |p_ZL9pw_in_buf_5_17                                                            |    4|   0|    4|          0|
    |p_ZL9pw_in_buf_5_18                                                            |    4|   0|    4|          0|
    |p_ZL9pw_in_buf_5_19                                                            |    4|   0|    4|          0|
    |p_ZL9pw_in_buf_5_2                                                             |    4|   0|    4|          0|
    |p_ZL9pw_in_buf_5_20                                                            |    4|   0|    4|          0|
    |p_ZL9pw_in_buf_5_21                                                            |    4|   0|    4|          0|
    |p_ZL9pw_in_buf_5_22                                                            |    4|   0|    4|          0|
    |p_ZL9pw_in_buf_5_23                                                            |    4|   0|    4|          0|
    |p_ZL9pw_in_buf_5_24                                                            |    4|   0|    4|          0|
    |p_ZL9pw_in_buf_5_25                                                            |    4|   0|    4|          0|
    |p_ZL9pw_in_buf_5_26                                                            |    4|   0|    4|          0|
    |p_ZL9pw_in_buf_5_27                                                            |    4|   0|    4|          0|
    |p_ZL9pw_in_buf_5_28                                                            |    4|   0|    4|          0|
    |p_ZL9pw_in_buf_5_29                                                            |    4|   0|    4|          0|
    |p_ZL9pw_in_buf_5_3                                                             |    4|   0|    4|          0|
    |p_ZL9pw_in_buf_5_30                                                            |    4|   0|    4|          0|
    |p_ZL9pw_in_buf_5_31                                                            |    4|   0|    4|          0|
    |p_ZL9pw_in_buf_5_32                                                            |    4|   0|    4|          0|
    |p_ZL9pw_in_buf_5_33                                                            |    4|   0|    4|          0|
    |p_ZL9pw_in_buf_5_34                                                            |    4|   0|    4|          0|
    |p_ZL9pw_in_buf_5_35                                                            |    4|   0|    4|          0|
    |p_ZL9pw_in_buf_5_36                                                            |    4|   0|    4|          0|
    |p_ZL9pw_in_buf_5_37                                                            |    4|   0|    4|          0|
    |p_ZL9pw_in_buf_5_38                                                            |    4|   0|    4|          0|
    |p_ZL9pw_in_buf_5_39                                                            |    4|   0|    4|          0|
    |p_ZL9pw_in_buf_5_4                                                             |    4|   0|    4|          0|
    |p_ZL9pw_in_buf_5_40                                                            |    4|   0|    4|          0|
    |p_ZL9pw_in_buf_5_41                                                            |    4|   0|    4|          0|
    |p_ZL9pw_in_buf_5_42                                                            |    4|   0|    4|          0|
    |p_ZL9pw_in_buf_5_43                                                            |    4|   0|    4|          0|
    |p_ZL9pw_in_buf_5_44                                                            |    4|   0|    4|          0|
    |p_ZL9pw_in_buf_5_45                                                            |    4|   0|    4|          0|
    |p_ZL9pw_in_buf_5_46                                                            |    4|   0|    4|          0|
    |p_ZL9pw_in_buf_5_47                                                            |    4|   0|    4|          0|
    |p_ZL9pw_in_buf_5_48                                                            |    4|   0|    4|          0|
    |p_ZL9pw_in_buf_5_49                                                            |    4|   0|    4|          0|
    |p_ZL9pw_in_buf_5_5                                                             |    4|   0|    4|          0|
    |p_ZL9pw_in_buf_5_50                                                            |    4|   0|    4|          0|
    |p_ZL9pw_in_buf_5_51                                                            |    4|   0|    4|          0|
    |p_ZL9pw_in_buf_5_52                                                            |    4|   0|    4|          0|
    |p_ZL9pw_in_buf_5_53                                                            |    4|   0|    4|          0|
    |p_ZL9pw_in_buf_5_54                                                            |    4|   0|    4|          0|
    |p_ZL9pw_in_buf_5_55                                                            |    4|   0|    4|          0|
    |p_ZL9pw_in_buf_5_56                                                            |    4|   0|    4|          0|
    |p_ZL9pw_in_buf_5_57                                                            |    4|   0|    4|          0|
    |p_ZL9pw_in_buf_5_58                                                            |    4|   0|    4|          0|
    |p_ZL9pw_in_buf_5_59                                                            |    4|   0|    4|          0|
    |p_ZL9pw_in_buf_5_6                                                             |    4|   0|    4|          0|
    |p_ZL9pw_in_buf_5_60                                                            |    4|   0|    4|          0|
    |p_ZL9pw_in_buf_5_61                                                            |    4|   0|    4|          0|
    |p_ZL9pw_in_buf_5_62                                                            |    4|   0|    4|          0|
    |p_ZL9pw_in_buf_5_63                                                            |    4|   0|    4|          0|
    |p_ZL9pw_in_buf_5_7                                                             |    4|   0|    4|          0|
    |p_ZL9pw_in_buf_5_8                                                             |    4|   0|    4|          0|
    |p_ZL9pw_in_buf_5_9                                                             |    4|   0|    4|          0|
    |p_ZL9pw_in_buf_6_0                                                             |    4|   0|    4|          0|
    |p_ZL9pw_in_buf_6_1                                                             |    4|   0|    4|          0|
    |p_ZL9pw_in_buf_6_10                                                            |    4|   0|    4|          0|
    |p_ZL9pw_in_buf_6_11                                                            |    4|   0|    4|          0|
    |p_ZL9pw_in_buf_6_12                                                            |    4|   0|    4|          0|
    |p_ZL9pw_in_buf_6_13                                                            |    4|   0|    4|          0|
    |p_ZL9pw_in_buf_6_14                                                            |    4|   0|    4|          0|
    |p_ZL9pw_in_buf_6_15                                                            |    4|   0|    4|          0|
    |p_ZL9pw_in_buf_6_16                                                            |    4|   0|    4|          0|
    |p_ZL9pw_in_buf_6_17                                                            |    4|   0|    4|          0|
    |p_ZL9pw_in_buf_6_18                                                            |    4|   0|    4|          0|
    |p_ZL9pw_in_buf_6_19                                                            |    4|   0|    4|          0|
    |p_ZL9pw_in_buf_6_2                                                             |    4|   0|    4|          0|
    |p_ZL9pw_in_buf_6_20                                                            |    4|   0|    4|          0|
    |p_ZL9pw_in_buf_6_21                                                            |    4|   0|    4|          0|
    |p_ZL9pw_in_buf_6_22                                                            |    4|   0|    4|          0|
    |p_ZL9pw_in_buf_6_23                                                            |    4|   0|    4|          0|
    |p_ZL9pw_in_buf_6_24                                                            |    4|   0|    4|          0|
    |p_ZL9pw_in_buf_6_25                                                            |    4|   0|    4|          0|
    |p_ZL9pw_in_buf_6_26                                                            |    4|   0|    4|          0|
    |p_ZL9pw_in_buf_6_27                                                            |    4|   0|    4|          0|
    |p_ZL9pw_in_buf_6_28                                                            |    4|   0|    4|          0|
    |p_ZL9pw_in_buf_6_29                                                            |    4|   0|    4|          0|
    |p_ZL9pw_in_buf_6_3                                                             |    4|   0|    4|          0|
    |p_ZL9pw_in_buf_6_30                                                            |    4|   0|    4|          0|
    |p_ZL9pw_in_buf_6_31                                                            |    4|   0|    4|          0|
    |p_ZL9pw_in_buf_6_32                                                            |    4|   0|    4|          0|
    |p_ZL9pw_in_buf_6_33                                                            |    4|   0|    4|          0|
    |p_ZL9pw_in_buf_6_34                                                            |    4|   0|    4|          0|
    |p_ZL9pw_in_buf_6_35                                                            |    4|   0|    4|          0|
    |p_ZL9pw_in_buf_6_36                                                            |    4|   0|    4|          0|
    |p_ZL9pw_in_buf_6_37                                                            |    4|   0|    4|          0|
    |p_ZL9pw_in_buf_6_38                                                            |    4|   0|    4|          0|
    |p_ZL9pw_in_buf_6_39                                                            |    4|   0|    4|          0|
    |p_ZL9pw_in_buf_6_4                                                             |    4|   0|    4|          0|
    |p_ZL9pw_in_buf_6_40                                                            |    4|   0|    4|          0|
    |p_ZL9pw_in_buf_6_41                                                            |    4|   0|    4|          0|
    |p_ZL9pw_in_buf_6_42                                                            |    4|   0|    4|          0|
    |p_ZL9pw_in_buf_6_43                                                            |    4|   0|    4|          0|
    |p_ZL9pw_in_buf_6_44                                                            |    4|   0|    4|          0|
    |p_ZL9pw_in_buf_6_45                                                            |    4|   0|    4|          0|
    |p_ZL9pw_in_buf_6_46                                                            |    4|   0|    4|          0|
    |p_ZL9pw_in_buf_6_47                                                            |    4|   0|    4|          0|
    |p_ZL9pw_in_buf_6_48                                                            |    4|   0|    4|          0|
    |p_ZL9pw_in_buf_6_49                                                            |    4|   0|    4|          0|
    |p_ZL9pw_in_buf_6_5                                                             |    4|   0|    4|          0|
    |p_ZL9pw_in_buf_6_50                                                            |    4|   0|    4|          0|
    |p_ZL9pw_in_buf_6_51                                                            |    4|   0|    4|          0|
    |p_ZL9pw_in_buf_6_52                                                            |    4|   0|    4|          0|
    |p_ZL9pw_in_buf_6_53                                                            |    4|   0|    4|          0|
    |p_ZL9pw_in_buf_6_54                                                            |    4|   0|    4|          0|
    |p_ZL9pw_in_buf_6_55                                                            |    4|   0|    4|          0|
    |p_ZL9pw_in_buf_6_56                                                            |    4|   0|    4|          0|
    |p_ZL9pw_in_buf_6_57                                                            |    4|   0|    4|          0|
    |p_ZL9pw_in_buf_6_58                                                            |    4|   0|    4|          0|
    |p_ZL9pw_in_buf_6_59                                                            |    4|   0|    4|          0|
    |p_ZL9pw_in_buf_6_6                                                             |    4|   0|    4|          0|
    |p_ZL9pw_in_buf_6_60                                                            |    4|   0|    4|          0|
    |p_ZL9pw_in_buf_6_61                                                            |    4|   0|    4|          0|
    |p_ZL9pw_in_buf_6_62                                                            |    4|   0|    4|          0|
    |p_ZL9pw_in_buf_6_63                                                            |    4|   0|    4|          0|
    |p_ZL9pw_in_buf_6_7                                                             |    4|   0|    4|          0|
    |p_ZL9pw_in_buf_6_8                                                             |    4|   0|    4|          0|
    |p_ZL9pw_in_buf_6_9                                                             |    4|   0|    4|          0|
    |p_ZL9pw_in_buf_7_0                                                             |    4|   0|    4|          0|
    |p_ZL9pw_in_buf_7_1                                                             |    4|   0|    4|          0|
    |p_ZL9pw_in_buf_7_10                                                            |    4|   0|    4|          0|
    |p_ZL9pw_in_buf_7_11                                                            |    4|   0|    4|          0|
    |p_ZL9pw_in_buf_7_12                                                            |    4|   0|    4|          0|
    |p_ZL9pw_in_buf_7_13                                                            |    4|   0|    4|          0|
    |p_ZL9pw_in_buf_7_14                                                            |    4|   0|    4|          0|
    |p_ZL9pw_in_buf_7_15                                                            |    4|   0|    4|          0|
    |p_ZL9pw_in_buf_7_16                                                            |    4|   0|    4|          0|
    |p_ZL9pw_in_buf_7_17                                                            |    4|   0|    4|          0|
    |p_ZL9pw_in_buf_7_18                                                            |    4|   0|    4|          0|
    |p_ZL9pw_in_buf_7_19                                                            |    4|   0|    4|          0|
    |p_ZL9pw_in_buf_7_2                                                             |    4|   0|    4|          0|
    |p_ZL9pw_in_buf_7_20                                                            |    4|   0|    4|          0|
    |p_ZL9pw_in_buf_7_21                                                            |    4|   0|    4|          0|
    |p_ZL9pw_in_buf_7_22                                                            |    4|   0|    4|          0|
    |p_ZL9pw_in_buf_7_23                                                            |    4|   0|    4|          0|
    |p_ZL9pw_in_buf_7_24                                                            |    4|   0|    4|          0|
    |p_ZL9pw_in_buf_7_25                                                            |    4|   0|    4|          0|
    |p_ZL9pw_in_buf_7_26                                                            |    4|   0|    4|          0|
    |p_ZL9pw_in_buf_7_27                                                            |    4|   0|    4|          0|
    |p_ZL9pw_in_buf_7_28                                                            |    4|   0|    4|          0|
    |p_ZL9pw_in_buf_7_29                                                            |    4|   0|    4|          0|
    |p_ZL9pw_in_buf_7_3                                                             |    4|   0|    4|          0|
    |p_ZL9pw_in_buf_7_30                                                            |    4|   0|    4|          0|
    |p_ZL9pw_in_buf_7_31                                                            |    4|   0|    4|          0|
    |p_ZL9pw_in_buf_7_32                                                            |    4|   0|    4|          0|
    |p_ZL9pw_in_buf_7_33                                                            |    4|   0|    4|          0|
    |p_ZL9pw_in_buf_7_34                                                            |    4|   0|    4|          0|
    |p_ZL9pw_in_buf_7_35                                                            |    4|   0|    4|          0|
    |p_ZL9pw_in_buf_7_36                                                            |    4|   0|    4|          0|
    |p_ZL9pw_in_buf_7_37                                                            |    4|   0|    4|          0|
    |p_ZL9pw_in_buf_7_38                                                            |    4|   0|    4|          0|
    |p_ZL9pw_in_buf_7_39                                                            |    4|   0|    4|          0|
    |p_ZL9pw_in_buf_7_4                                                             |    4|   0|    4|          0|
    |p_ZL9pw_in_buf_7_40                                                            |    4|   0|    4|          0|
    |p_ZL9pw_in_buf_7_41                                                            |    4|   0|    4|          0|
    |p_ZL9pw_in_buf_7_42                                                            |    4|   0|    4|          0|
    |p_ZL9pw_in_buf_7_43                                                            |    4|   0|    4|          0|
    |p_ZL9pw_in_buf_7_44                                                            |    4|   0|    4|          0|
    |p_ZL9pw_in_buf_7_45                                                            |    4|   0|    4|          0|
    |p_ZL9pw_in_buf_7_46                                                            |    4|   0|    4|          0|
    |p_ZL9pw_in_buf_7_47                                                            |    4|   0|    4|          0|
    |p_ZL9pw_in_buf_7_48                                                            |    4|   0|    4|          0|
    |p_ZL9pw_in_buf_7_49                                                            |    4|   0|    4|          0|
    |p_ZL9pw_in_buf_7_5                                                             |    4|   0|    4|          0|
    |p_ZL9pw_in_buf_7_50                                                            |    4|   0|    4|          0|
    |p_ZL9pw_in_buf_7_51                                                            |    4|   0|    4|          0|
    |p_ZL9pw_in_buf_7_52                                                            |    4|   0|    4|          0|
    |p_ZL9pw_in_buf_7_53                                                            |    4|   0|    4|          0|
    |p_ZL9pw_in_buf_7_54                                                            |    4|   0|    4|          0|
    |p_ZL9pw_in_buf_7_55                                                            |    4|   0|    4|          0|
    |p_ZL9pw_in_buf_7_56                                                            |    4|   0|    4|          0|
    |p_ZL9pw_in_buf_7_57                                                            |    4|   0|    4|          0|
    |p_ZL9pw_in_buf_7_58                                                            |    4|   0|    4|          0|
    |p_ZL9pw_in_buf_7_59                                                            |    4|   0|    4|          0|
    |p_ZL9pw_in_buf_7_6                                                             |    4|   0|    4|          0|
    |p_ZL9pw_in_buf_7_60                                                            |    4|   0|    4|          0|
    |p_ZL9pw_in_buf_7_61                                                            |    4|   0|    4|          0|
    |p_ZL9pw_in_buf_7_62                                                            |    4|   0|    4|          0|
    |p_ZL9pw_in_buf_7_63                                                            |    4|   0|    4|          0|
    |p_ZL9pw_in_buf_7_7                                                             |    4|   0|    4|          0|
    |p_ZL9pw_in_buf_7_8                                                             |    4|   0|    4|          0|
    |p_ZL9pw_in_buf_7_9                                                             |    4|   0|    4|          0|
    |p_ZL9pw_wt_buf_0_0                                                             |    8|   0|    8|          0|
    |p_ZL9pw_wt_buf_0_1                                                             |    8|   0|    8|          0|
    |p_ZL9pw_wt_buf_0_2                                                             |    8|   0|    8|          0|
    |p_ZL9pw_wt_buf_0_3                                                             |    8|   0|    8|          0|
    |p_ZL9pw_wt_buf_0_4                                                             |    8|   0|    8|          0|
    |p_ZL9pw_wt_buf_0_5                                                             |    8|   0|    8|          0|
    |p_ZL9pw_wt_buf_0_6                                                             |    8|   0|    8|          0|
    |p_ZL9pw_wt_buf_0_7                                                             |    8|   0|    8|          0|
    |p_ZL9pw_wt_buf_1_0                                                             |    8|   0|    8|          0|
    |p_ZL9pw_wt_buf_1_1                                                             |    8|   0|    8|          0|
    |p_ZL9pw_wt_buf_1_2                                                             |    8|   0|    8|          0|
    |p_ZL9pw_wt_buf_1_3                                                             |    8|   0|    8|          0|
    |p_ZL9pw_wt_buf_1_4                                                             |    8|   0|    8|          0|
    |p_ZL9pw_wt_buf_1_5                                                             |    8|   0|    8|          0|
    |p_ZL9pw_wt_buf_1_6                                                             |    8|   0|    8|          0|
    |p_ZL9pw_wt_buf_1_7                                                             |    8|   0|    8|          0|
    |p_ZL9pw_wt_buf_2_0                                                             |    8|   0|    8|          0|
    |p_ZL9pw_wt_buf_2_1                                                             |    8|   0|    8|          0|
    |p_ZL9pw_wt_buf_2_2                                                             |    8|   0|    8|          0|
    |p_ZL9pw_wt_buf_2_3                                                             |    8|   0|    8|          0|
    |p_ZL9pw_wt_buf_2_4                                                             |    8|   0|    8|          0|
    |p_ZL9pw_wt_buf_2_5                                                             |    8|   0|    8|          0|
    |p_ZL9pw_wt_buf_2_6                                                             |    8|   0|    8|          0|
    |p_ZL9pw_wt_buf_2_7                                                             |    8|   0|    8|          0|
    |p_ZL9pw_wt_buf_3_0                                                             |    8|   0|    8|          0|
    |p_ZL9pw_wt_buf_3_1                                                             |    8|   0|    8|          0|
    |p_ZL9pw_wt_buf_3_2                                                             |    8|   0|    8|          0|
    |p_ZL9pw_wt_buf_3_3                                                             |    8|   0|    8|          0|
    |p_ZL9pw_wt_buf_3_4                                                             |    8|   0|    8|          0|
    |p_ZL9pw_wt_buf_3_5                                                             |    8|   0|    8|          0|
    |p_ZL9pw_wt_buf_3_6                                                             |    8|   0|    8|          0|
    |p_ZL9pw_wt_buf_3_7                                                             |    8|   0|    8|          0|
    |p_ZL9pw_wt_buf_4_0                                                             |    8|   0|    8|          0|
    |p_ZL9pw_wt_buf_4_1                                                             |    8|   0|    8|          0|
    |p_ZL9pw_wt_buf_4_2                                                             |    8|   0|    8|          0|
    |p_ZL9pw_wt_buf_4_3                                                             |    8|   0|    8|          0|
    |p_ZL9pw_wt_buf_4_4                                                             |    8|   0|    8|          0|
    |p_ZL9pw_wt_buf_4_5                                                             |    8|   0|    8|          0|
    |p_ZL9pw_wt_buf_4_6                                                             |    8|   0|    8|          0|
    |p_ZL9pw_wt_buf_4_7                                                             |    8|   0|    8|          0|
    |p_ZL9pw_wt_buf_5_0                                                             |    8|   0|    8|          0|
    |p_ZL9pw_wt_buf_5_1                                                             |    8|   0|    8|          0|
    |p_ZL9pw_wt_buf_5_2                                                             |    8|   0|    8|          0|
    |p_ZL9pw_wt_buf_5_3                                                             |    8|   0|    8|          0|
    |p_ZL9pw_wt_buf_5_4                                                             |    8|   0|    8|          0|
    |p_ZL9pw_wt_buf_5_5                                                             |    8|   0|    8|          0|
    |p_ZL9pw_wt_buf_5_6                                                             |    8|   0|    8|          0|
    |p_ZL9pw_wt_buf_5_7                                                             |    8|   0|    8|          0|
    |p_ZL9pw_wt_buf_6_0                                                             |    8|   0|    8|          0|
    |p_ZL9pw_wt_buf_6_1                                                             |    8|   0|    8|          0|
    |p_ZL9pw_wt_buf_6_2                                                             |    8|   0|    8|          0|
    |p_ZL9pw_wt_buf_6_3                                                             |    8|   0|    8|          0|
    |p_ZL9pw_wt_buf_6_4                                                             |    8|   0|    8|          0|
    |p_ZL9pw_wt_buf_6_5                                                             |    8|   0|    8|          0|
    |p_ZL9pw_wt_buf_6_6                                                             |    8|   0|    8|          0|
    |p_ZL9pw_wt_buf_6_7                                                             |    8|   0|    8|          0|
    |p_ZL9pw_wt_buf_7_0                                                             |    8|   0|    8|          0|
    |p_ZL9pw_wt_buf_7_1                                                             |    8|   0|    8|          0|
    |p_ZL9pw_wt_buf_7_2                                                             |    8|   0|    8|          0|
    |p_ZL9pw_wt_buf_7_3                                                             |    8|   0|    8|          0|
    |p_ZL9pw_wt_buf_7_4                                                             |    8|   0|    8|          0|
    |p_ZL9pw_wt_buf_7_5                                                             |    8|   0|    8|          0|
    |p_ZL9pw_wt_buf_7_6                                                             |    8|   0|    8|          0|
    |p_ZL9pw_wt_buf_7_7                                                             |    8|   0|    8|          0|
    |p_udiv_reg_10104                                                               |    6|   0|    9|          3|
    |select_ln81_reg_10109                                                          |   31|   0|   31|          0|
    |sext_ln81_1_reg_8019                                                           |   33|   0|   33|          0|
    |sext_ln81_2_reg_8046                                                           |   33|   0|   33|          0|
    |sext_ln81_reg_8014                                                             |   33|   0|   33|          0|
    |sext_ln84_reg_8090                                                             |   33|   0|   33|          0|
    |sext_ln92_8_reg_8114                                                           |   60|   0|   60|          0|
    |shl_ln101_1_reg_8333                                                           |   29|   0|   32|          3|
    |shl_ln1_reg_8246                                                               |   28|   0|   31|          3|
    |shl_ln2_reg_8538                                                               |   25|   0|   31|          6|
    |shl_ln_reg_8064                                                                |   28|   0|   31|          3|
    |spatial_reg_7887                                                               |   32|   0|   32|          0|
    |sub_i_i570_reg_7999                                                            |   32|   0|   32|          0|
    |sub_ln103_reg_8278                                                             |   33|   0|   33|          0|
    |sub_ln84_reg_8095                                                              |   33|   0|   33|          0|
    |tm_fu_1510                                                                     |   28|   0|   28|          0|
    |tmp_16_reg_7937                                                                |   29|   0|   29|          0|
    |tmp_20_reg_7942                                                                |   26|   0|   26|          0|
    |tmp_22_reg_7994                                                                |    1|   0|    1|          0|
    |tmp_s_reg_7932                                                                 |   29|   0|   29|          0|
    |tn_reg_1777                                                                    |   28|   0|   28|          0|
    |tripcount_iv_fu_1514                                                           |   32|   0|   32|          0|
    |trunc_ln101_reg_7912                                                           |   29|   0|   29|          0|
    |trunc_ln6_reg_8262                                                             |   62|   0|   62|          0|
    |trunc_ln81_reg_8273                                                            |   31|   0|   31|          0|
    |ts_reg_1800                                                                    |   25|   0|   25|          0|
    |zext_ln81_reg_8029                                                             |   29|   0|   60|         31|
    +-------------------------------------------------------------------------------+-----+----+-----+-----------+
    |Total                                                                          | 5447|   0| 5511|         64|
    +-------------------------------------------------------------------------------+-----+----+-----+-----------+



================================================================
== Interface
================================================================
* Summary: 
+------------------------+-----+-----+------------+---------------+--------------+
|        RTL Ports       | Dir | Bits|  Protocol  | Source Object |    C Type    |
+------------------------+-----+-----+------------+---------------+--------------+
|ap_clk                  |   in|    1|  ap_ctrl_hs|  pwconv_worker|  return value|
|ap_rst                  |   in|    1|  ap_ctrl_hs|  pwconv_worker|  return value|
|ap_start                |   in|    1|  ap_ctrl_hs|  pwconv_worker|  return value|
|ap_done                 |  out|    1|  ap_ctrl_hs|  pwconv_worker|  return value|
|ap_idle                 |  out|    1|  ap_ctrl_hs|  pwconv_worker|  return value|
|ap_ready                |  out|    1|  ap_ctrl_hs|  pwconv_worker|  return value|
|m_axi_gmem0_0_AWVALID   |  out|    1|       m_axi|          gmem0|       pointer|
|m_axi_gmem0_0_AWREADY   |   in|    1|       m_axi|          gmem0|       pointer|
|m_axi_gmem0_0_AWADDR    |  out|   64|       m_axi|          gmem0|       pointer|
|m_axi_gmem0_0_AWID      |  out|    1|       m_axi|          gmem0|       pointer|
|m_axi_gmem0_0_AWLEN     |  out|   32|       m_axi|          gmem0|       pointer|
|m_axi_gmem0_0_AWSIZE    |  out|    3|       m_axi|          gmem0|       pointer|
|m_axi_gmem0_0_AWBURST   |  out|    2|       m_axi|          gmem0|       pointer|
|m_axi_gmem0_0_AWLOCK    |  out|    2|       m_axi|          gmem0|       pointer|
|m_axi_gmem0_0_AWCACHE   |  out|    4|       m_axi|          gmem0|       pointer|
|m_axi_gmem0_0_AWPROT    |  out|    3|       m_axi|          gmem0|       pointer|
|m_axi_gmem0_0_AWQOS     |  out|    4|       m_axi|          gmem0|       pointer|
|m_axi_gmem0_0_AWREGION  |  out|    4|       m_axi|          gmem0|       pointer|
|m_axi_gmem0_0_AWUSER    |  out|    1|       m_axi|          gmem0|       pointer|
|m_axi_gmem0_0_WVALID    |  out|    1|       m_axi|          gmem0|       pointer|
|m_axi_gmem0_0_WREADY    |   in|    1|       m_axi|          gmem0|       pointer|
|m_axi_gmem0_0_WDATA     |  out|   32|       m_axi|          gmem0|       pointer|
|m_axi_gmem0_0_WSTRB     |  out|    4|       m_axi|          gmem0|       pointer|
|m_axi_gmem0_0_WLAST     |  out|    1|       m_axi|          gmem0|       pointer|
|m_axi_gmem0_0_WID       |  out|    1|       m_axi|          gmem0|       pointer|
|m_axi_gmem0_0_WUSER     |  out|    1|       m_axi|          gmem0|       pointer|
|m_axi_gmem0_0_ARVALID   |  out|    1|       m_axi|          gmem0|       pointer|
|m_axi_gmem0_0_ARREADY   |   in|    1|       m_axi|          gmem0|       pointer|
|m_axi_gmem0_0_ARADDR    |  out|   64|       m_axi|          gmem0|       pointer|
|m_axi_gmem0_0_ARID      |  out|    1|       m_axi|          gmem0|       pointer|
|m_axi_gmem0_0_ARLEN     |  out|   32|       m_axi|          gmem0|       pointer|
|m_axi_gmem0_0_ARSIZE    |  out|    3|       m_axi|          gmem0|       pointer|
|m_axi_gmem0_0_ARBURST   |  out|    2|       m_axi|          gmem0|       pointer|
|m_axi_gmem0_0_ARLOCK    |  out|    2|       m_axi|          gmem0|       pointer|
|m_axi_gmem0_0_ARCACHE   |  out|    4|       m_axi|          gmem0|       pointer|
|m_axi_gmem0_0_ARPROT    |  out|    3|       m_axi|          gmem0|       pointer|
|m_axi_gmem0_0_ARQOS     |  out|    4|       m_axi|          gmem0|       pointer|
|m_axi_gmem0_0_ARREGION  |  out|    4|       m_axi|          gmem0|       pointer|
|m_axi_gmem0_0_ARUSER    |  out|    1|       m_axi|          gmem0|       pointer|
|m_axi_gmem0_0_RVALID    |   in|    1|       m_axi|          gmem0|       pointer|
|m_axi_gmem0_0_RREADY    |  out|    1|       m_axi|          gmem0|       pointer|
|m_axi_gmem0_0_RDATA     |   in|   32|       m_axi|          gmem0|       pointer|
|m_axi_gmem0_0_RLAST     |   in|    1|       m_axi|          gmem0|       pointer|
|m_axi_gmem0_0_RID       |   in|    1|       m_axi|          gmem0|       pointer|
|m_axi_gmem0_0_RFIFONUM  |   in|   11|       m_axi|          gmem0|       pointer|
|m_axi_gmem0_0_RUSER     |   in|    1|       m_axi|          gmem0|       pointer|
|m_axi_gmem0_0_RRESP     |   in|    2|       m_axi|          gmem0|       pointer|
|m_axi_gmem0_0_BVALID    |   in|    1|       m_axi|          gmem0|       pointer|
|m_axi_gmem0_0_BREADY    |  out|    1|       m_axi|          gmem0|       pointer|
|m_axi_gmem0_0_BRESP     |   in|    2|       m_axi|          gmem0|       pointer|
|m_axi_gmem0_0_BID       |   in|    1|       m_axi|          gmem0|       pointer|
|m_axi_gmem0_0_BUSER     |   in|    1|       m_axi|          gmem0|       pointer|
|feat_in_w32             |   in|   64|     ap_none|    feat_in_w32|        scalar|
|m_axi_gmem1_0_AWVALID   |  out|    1|       m_axi|          gmem1|       pointer|
|m_axi_gmem1_0_AWREADY   |   in|    1|       m_axi|          gmem1|       pointer|
|m_axi_gmem1_0_AWADDR    |  out|   64|       m_axi|          gmem1|       pointer|
|m_axi_gmem1_0_AWID      |  out|    1|       m_axi|          gmem1|       pointer|
|m_axi_gmem1_0_AWLEN     |  out|   32|       m_axi|          gmem1|       pointer|
|m_axi_gmem1_0_AWSIZE    |  out|    3|       m_axi|          gmem1|       pointer|
|m_axi_gmem1_0_AWBURST   |  out|    2|       m_axi|          gmem1|       pointer|
|m_axi_gmem1_0_AWLOCK    |  out|    2|       m_axi|          gmem1|       pointer|
|m_axi_gmem1_0_AWCACHE   |  out|    4|       m_axi|          gmem1|       pointer|
|m_axi_gmem1_0_AWPROT    |  out|    3|       m_axi|          gmem1|       pointer|
|m_axi_gmem1_0_AWQOS     |  out|    4|       m_axi|          gmem1|       pointer|
|m_axi_gmem1_0_AWREGION  |  out|    4|       m_axi|          gmem1|       pointer|
|m_axi_gmem1_0_AWUSER    |  out|    1|       m_axi|          gmem1|       pointer|
|m_axi_gmem1_0_WVALID    |  out|    1|       m_axi|          gmem1|       pointer|
|m_axi_gmem1_0_WREADY    |   in|    1|       m_axi|          gmem1|       pointer|
|m_axi_gmem1_0_WDATA     |  out|    8|       m_axi|          gmem1|       pointer|
|m_axi_gmem1_0_WSTRB     |  out|    1|       m_axi|          gmem1|       pointer|
|m_axi_gmem1_0_WLAST     |  out|    1|       m_axi|          gmem1|       pointer|
|m_axi_gmem1_0_WID       |  out|    1|       m_axi|          gmem1|       pointer|
|m_axi_gmem1_0_WUSER     |  out|    1|       m_axi|          gmem1|       pointer|
|m_axi_gmem1_0_ARVALID   |  out|    1|       m_axi|          gmem1|       pointer|
|m_axi_gmem1_0_ARREADY   |   in|    1|       m_axi|          gmem1|       pointer|
|m_axi_gmem1_0_ARADDR    |  out|   64|       m_axi|          gmem1|       pointer|
|m_axi_gmem1_0_ARID      |  out|    1|       m_axi|          gmem1|       pointer|
|m_axi_gmem1_0_ARLEN     |  out|   32|       m_axi|          gmem1|       pointer|
|m_axi_gmem1_0_ARSIZE    |  out|    3|       m_axi|          gmem1|       pointer|
|m_axi_gmem1_0_ARBURST   |  out|    2|       m_axi|          gmem1|       pointer|
|m_axi_gmem1_0_ARLOCK    |  out|    2|       m_axi|          gmem1|       pointer|
|m_axi_gmem1_0_ARCACHE   |  out|    4|       m_axi|          gmem1|       pointer|
|m_axi_gmem1_0_ARPROT    |  out|    3|       m_axi|          gmem1|       pointer|
|m_axi_gmem1_0_ARQOS     |  out|    4|       m_axi|          gmem1|       pointer|
|m_axi_gmem1_0_ARREGION  |  out|    4|       m_axi|          gmem1|       pointer|
|m_axi_gmem1_0_ARUSER    |  out|    1|       m_axi|          gmem1|       pointer|
|m_axi_gmem1_0_RVALID    |   in|    1|       m_axi|          gmem1|       pointer|
|m_axi_gmem1_0_RREADY    |  out|    1|       m_axi|          gmem1|       pointer|
|m_axi_gmem1_0_RDATA     |   in|    8|       m_axi|          gmem1|       pointer|
|m_axi_gmem1_0_RLAST     |   in|    1|       m_axi|          gmem1|       pointer|
|m_axi_gmem1_0_RID       |   in|    1|       m_axi|          gmem1|       pointer|
|m_axi_gmem1_0_RFIFONUM  |   in|   13|       m_axi|          gmem1|       pointer|
|m_axi_gmem1_0_RUSER     |   in|    1|       m_axi|          gmem1|       pointer|
|m_axi_gmem1_0_RRESP     |   in|    2|       m_axi|          gmem1|       pointer|
|m_axi_gmem1_0_BVALID    |   in|    1|       m_axi|          gmem1|       pointer|
|m_axi_gmem1_0_BREADY    |  out|    1|       m_axi|          gmem1|       pointer|
|m_axi_gmem1_0_BRESP     |   in|    2|       m_axi|          gmem1|       pointer|
|m_axi_gmem1_0_BID       |   in|    1|       m_axi|          gmem1|       pointer|
|m_axi_gmem1_0_BUSER     |   in|    1|       m_axi|          gmem1|       pointer|
|weight                  |   in|   64|     ap_none|         weight|        scalar|
|m_axi_gmem2_0_AWVALID   |  out|    1|       m_axi|          gmem2|       pointer|
|m_axi_gmem2_0_AWREADY   |   in|    1|       m_axi|          gmem2|       pointer|
|m_axi_gmem2_0_AWADDR    |  out|   64|       m_axi|          gmem2|       pointer|
|m_axi_gmem2_0_AWID      |  out|    1|       m_axi|          gmem2|       pointer|
|m_axi_gmem2_0_AWLEN     |  out|   32|       m_axi|          gmem2|       pointer|
|m_axi_gmem2_0_AWSIZE    |  out|    3|       m_axi|          gmem2|       pointer|
|m_axi_gmem2_0_AWBURST   |  out|    2|       m_axi|          gmem2|       pointer|
|m_axi_gmem2_0_AWLOCK    |  out|    2|       m_axi|          gmem2|       pointer|
|m_axi_gmem2_0_AWCACHE   |  out|    4|       m_axi|          gmem2|       pointer|
|m_axi_gmem2_0_AWPROT    |  out|    3|       m_axi|          gmem2|       pointer|
|m_axi_gmem2_0_AWQOS     |  out|    4|       m_axi|          gmem2|       pointer|
|m_axi_gmem2_0_AWREGION  |  out|    4|       m_axi|          gmem2|       pointer|
|m_axi_gmem2_0_AWUSER    |  out|    1|       m_axi|          gmem2|       pointer|
|m_axi_gmem2_0_WVALID    |  out|    1|       m_axi|          gmem2|       pointer|
|m_axi_gmem2_0_WREADY    |   in|    1|       m_axi|          gmem2|       pointer|
|m_axi_gmem2_0_WDATA     |  out|   32|       m_axi|          gmem2|       pointer|
|m_axi_gmem2_0_WSTRB     |  out|    4|       m_axi|          gmem2|       pointer|
|m_axi_gmem2_0_WLAST     |  out|    1|       m_axi|          gmem2|       pointer|
|m_axi_gmem2_0_WID       |  out|    1|       m_axi|          gmem2|       pointer|
|m_axi_gmem2_0_WUSER     |  out|    1|       m_axi|          gmem2|       pointer|
|m_axi_gmem2_0_ARVALID   |  out|    1|       m_axi|          gmem2|       pointer|
|m_axi_gmem2_0_ARREADY   |   in|    1|       m_axi|          gmem2|       pointer|
|m_axi_gmem2_0_ARADDR    |  out|   64|       m_axi|          gmem2|       pointer|
|m_axi_gmem2_0_ARID      |  out|    1|       m_axi|          gmem2|       pointer|
|m_axi_gmem2_0_ARLEN     |  out|   32|       m_axi|          gmem2|       pointer|
|m_axi_gmem2_0_ARSIZE    |  out|    3|       m_axi|          gmem2|       pointer|
|m_axi_gmem2_0_ARBURST   |  out|    2|       m_axi|          gmem2|       pointer|
|m_axi_gmem2_0_ARLOCK    |  out|    2|       m_axi|          gmem2|       pointer|
|m_axi_gmem2_0_ARCACHE   |  out|    4|       m_axi|          gmem2|       pointer|
|m_axi_gmem2_0_ARPROT    |  out|    3|       m_axi|          gmem2|       pointer|
|m_axi_gmem2_0_ARQOS     |  out|    4|       m_axi|          gmem2|       pointer|
|m_axi_gmem2_0_ARREGION  |  out|    4|       m_axi|          gmem2|       pointer|
|m_axi_gmem2_0_ARUSER    |  out|    1|       m_axi|          gmem2|       pointer|
|m_axi_gmem2_0_RVALID    |   in|    1|       m_axi|          gmem2|       pointer|
|m_axi_gmem2_0_RREADY    |  out|    1|       m_axi|          gmem2|       pointer|
|m_axi_gmem2_0_RDATA     |   in|   32|       m_axi|          gmem2|       pointer|
|m_axi_gmem2_0_RLAST     |   in|    1|       m_axi|          gmem2|       pointer|
|m_axi_gmem2_0_RID       |   in|    1|       m_axi|          gmem2|       pointer|
|m_axi_gmem2_0_RFIFONUM  |   in|    9|       m_axi|          gmem2|       pointer|
|m_axi_gmem2_0_RUSER     |   in|    1|       m_axi|          gmem2|       pointer|
|m_axi_gmem2_0_RRESP     |   in|    2|       m_axi|          gmem2|       pointer|
|m_axi_gmem2_0_BVALID    |   in|    1|       m_axi|          gmem2|       pointer|
|m_axi_gmem2_0_BREADY    |  out|    1|       m_axi|          gmem2|       pointer|
|m_axi_gmem2_0_BRESP     |   in|    2|       m_axi|          gmem2|       pointer|
|m_axi_gmem2_0_BID       |   in|    1|       m_axi|          gmem2|       pointer|
|m_axi_gmem2_0_BUSER     |   in|    1|       m_axi|          gmem2|       pointer|
|bias                    |   in|   64|     ap_none|           bias|        scalar|
|m_axi_gmem3_0_AWVALID   |  out|    1|       m_axi|          gmem3|       pointer|
|m_axi_gmem3_0_AWREADY   |   in|    1|       m_axi|          gmem3|       pointer|
|m_axi_gmem3_0_AWADDR    |  out|   64|       m_axi|          gmem3|       pointer|
|m_axi_gmem3_0_AWID      |  out|    1|       m_axi|          gmem3|       pointer|
|m_axi_gmem3_0_AWLEN     |  out|   32|       m_axi|          gmem3|       pointer|
|m_axi_gmem3_0_AWSIZE    |  out|    3|       m_axi|          gmem3|       pointer|
|m_axi_gmem3_0_AWBURST   |  out|    2|       m_axi|          gmem3|       pointer|
|m_axi_gmem3_0_AWLOCK    |  out|    2|       m_axi|          gmem3|       pointer|
|m_axi_gmem3_0_AWCACHE   |  out|    4|       m_axi|          gmem3|       pointer|
|m_axi_gmem3_0_AWPROT    |  out|    3|       m_axi|          gmem3|       pointer|
|m_axi_gmem3_0_AWQOS     |  out|    4|       m_axi|          gmem3|       pointer|
|m_axi_gmem3_0_AWREGION  |  out|    4|       m_axi|          gmem3|       pointer|
|m_axi_gmem3_0_AWUSER    |  out|    1|       m_axi|          gmem3|       pointer|
|m_axi_gmem3_0_WVALID    |  out|    1|       m_axi|          gmem3|       pointer|
|m_axi_gmem3_0_WREADY    |   in|    1|       m_axi|          gmem3|       pointer|
|m_axi_gmem3_0_WDATA     |  out|   32|       m_axi|          gmem3|       pointer|
|m_axi_gmem3_0_WSTRB     |  out|    4|       m_axi|          gmem3|       pointer|
|m_axi_gmem3_0_WLAST     |  out|    1|       m_axi|          gmem3|       pointer|
|m_axi_gmem3_0_WID       |  out|    1|       m_axi|          gmem3|       pointer|
|m_axi_gmem3_0_WUSER     |  out|    1|       m_axi|          gmem3|       pointer|
|m_axi_gmem3_0_ARVALID   |  out|    1|       m_axi|          gmem3|       pointer|
|m_axi_gmem3_0_ARREADY   |   in|    1|       m_axi|          gmem3|       pointer|
|m_axi_gmem3_0_ARADDR    |  out|   64|       m_axi|          gmem3|       pointer|
|m_axi_gmem3_0_ARID      |  out|    1|       m_axi|          gmem3|       pointer|
|m_axi_gmem3_0_ARLEN     |  out|   32|       m_axi|          gmem3|       pointer|
|m_axi_gmem3_0_ARSIZE    |  out|    3|       m_axi|          gmem3|       pointer|
|m_axi_gmem3_0_ARBURST   |  out|    2|       m_axi|          gmem3|       pointer|
|m_axi_gmem3_0_ARLOCK    |  out|    2|       m_axi|          gmem3|       pointer|
|m_axi_gmem3_0_ARCACHE   |  out|    4|       m_axi|          gmem3|       pointer|
|m_axi_gmem3_0_ARPROT    |  out|    3|       m_axi|          gmem3|       pointer|
|m_axi_gmem3_0_ARQOS     |  out|    4|       m_axi|          gmem3|       pointer|
|m_axi_gmem3_0_ARREGION  |  out|    4|       m_axi|          gmem3|       pointer|
|m_axi_gmem3_0_ARUSER    |  out|    1|       m_axi|          gmem3|       pointer|
|m_axi_gmem3_0_RVALID    |   in|    1|       m_axi|          gmem3|       pointer|
|m_axi_gmem3_0_RREADY    |  out|    1|       m_axi|          gmem3|       pointer|
|m_axi_gmem3_0_RDATA     |   in|   32|       m_axi|          gmem3|       pointer|
|m_axi_gmem3_0_RLAST     |   in|    1|       m_axi|          gmem3|       pointer|
|m_axi_gmem3_0_RID       |   in|    1|       m_axi|          gmem3|       pointer|
|m_axi_gmem3_0_RFIFONUM  |   in|    9|       m_axi|          gmem3|       pointer|
|m_axi_gmem3_0_RUSER     |   in|    1|       m_axi|          gmem3|       pointer|
|m_axi_gmem3_0_RRESP     |   in|    2|       m_axi|          gmem3|       pointer|
|m_axi_gmem3_0_BVALID    |   in|    1|       m_axi|          gmem3|       pointer|
|m_axi_gmem3_0_BREADY    |  out|    1|       m_axi|          gmem3|       pointer|
|m_axi_gmem3_0_BRESP     |   in|    2|       m_axi|          gmem3|       pointer|
|m_axi_gmem3_0_BID       |   in|    1|       m_axi|          gmem3|       pointer|
|m_axi_gmem3_0_BUSER     |   in|    1|       m_axi|          gmem3|       pointer|
|feat_out_w32            |   in|   64|     ap_none|   feat_out_w32|        scalar|
|CHin                    |   in|   32|     ap_none|           CHin|        scalar|
|H                       |   in|   32|     ap_none|              H|        scalar|
|W                       |   in|   32|     ap_none|              W|        scalar|
|CHout                   |   in|   32|     ap_none|          CHout|        scalar|
|act_mode                |   in|   32|     ap_none|       act_mode|        scalar|
|out_shift               |   in|   32|     ap_none|      out_shift|        scalar|
+------------------------+-----+-----+------------+---------------+--------------+

