
****** Vitis HLS - High-Level Synthesis from C, C++ and OpenCL v2024.2 (64-bit)
  **** SW Build 5238294 on Nov  8 2024
  **** IP Build 5239520 on Sun Nov 10 16:12:51 MST 2024
  **** SharedData Build 5239561 on Fri Nov 08 14:39:27 MST 2024
  **** Start of session at: Sun Aug  9 05:17:57 2026
    ** Copyright 1986-2022 Xilinx, Inc. All Rights Reserved.
    ** Copyright 2022-2024 Advanced Micro Devices, Inc. All Rights Reserved.

source E:/Xilinx/Vitis/2024.2/scripts/vitis_hls/hls.tcl -notrace
INFO: [HLS 200-10] For user 'zhren' on host 'desktop-gblh5mp' (Windows NT_amd64 version 10.0) on Sun Aug 09 05:17:59 -0400 2026
INFO: [HLS 200-10] In directory 'E:/codes/microzed/fastvit_hls/fastvit_ip_w8a4'
WARNING: [HLS 200-2053] The vitis_hls executable is deprecated. Consider using vitis-run --mode hls --tcl
Sourcing Tcl script 'run_hls_200mhz.tcl'
INFO: [HLS 200-1510] Running: open_project fastvit_ip_w8a4_proj_200mhz 
INFO: [HLS 200-10] Creating and opening project 'E:/codes/microzed/fastvit_hls/fastvit_ip_w8a4/fastvit_ip_w8a4_proj_200mhz'.
INFO: [HLS 200-1510] Running: set_top fastvit_ip 
INFO: [HLS 200-1510] Running: add_files fastvit_ip.cpp -cflags -std=c++14 
INFO: [HLS 200-10] Adding design file 'fastvit_ip.cpp' to the project
INFO: [HLS 200-1510] Running: add_files conv_worker.cpp -cflags -std=c++14 
INFO: [HLS 200-10] Adding design file 'conv_worker.cpp' to the project
INFO: [HLS 200-1510] Running: add_files dwconv_worker.cpp -cflags -std=c++14 
INFO: [HLS 200-10] Adding design file 'dwconv_worker.cpp' to the project
INFO: [HLS 200-1510] Running: add_files pwconv_worker.cpp -cflags -std=c++14 
INFO: [HLS 200-10] Adding design file 'pwconv_worker.cpp' to the project
INFO: [HLS 200-1510] Running: add_files add_worker.cpp -cflags -std=c++14 
INFO: [HLS 200-10] Adding design file 'add_worker.cpp' to the project
INFO: [HLS 200-1510] Running: add_files gelu_worker.cpp -cflags -std=c++14 
INFO: [HLS 200-10] Adding design file 'gelu_worker.cpp' to the project
INFO: [HLS 200-1510] Running: add_files -tb fastvit_ip_tb.cpp -cflags -std=c++14 
INFO: [HLS 200-10] Adding test bench file 'fastvit_ip_tb.cpp' to the project
INFO: [HLS 200-1510] Running: open_solution solution1 -flow_target vivado 
INFO: [HLS 200-10] Creating and opening solution 'E:/codes/microzed/fastvit_hls/fastvit_ip_w8a4/fastvit_ip_w8a4_proj_200mhz/solution1'.
INFO: [HLS 200-1505] Using flow_target 'vivado'
Resolution: For help on HLS 200-1505 see docs.xilinx.com/access/sources/dita/topic?Doc_Version=2024.2%20English&url=ug1448-hls-guidance&resourceid=200-1505.html
INFO: [HLS 200-1510] Running: set_part xc7z020clg400-1 
INFO: [HLS 200-1611] Setting target device to 'xc7z020-clg400-1'
INFO: [HLS 200-1510] Running: create_clock -period 5 -name default 
INFO: [SYN 201-201] Setting up clock 'default' with a period of 5ns.
>>> Running C Simulation...
INFO: [HLS 200-1510] Running: csim_design 
INFO: [SIM 211-2] *************** CSIM start ***************
INFO: [SIM 211-4] CSIM will launch CLANG as the compiler.
INFO: [HLS 200-2036] Building debug C Simulation binaries
   Compiling ../../../../fastvit_ip_tb.cpp in debug mode
   Compiling ../../../../gelu_worker.cpp in debug mode
   Compiling ../../../../add_worker.cpp in debug mode
   Compiling ../../../../pwconv_worker.cpp in debug mode
   Compiling ../../../../dwconv_worker.cpp in debug mode
   Compiling ../../../../conv_worker.cpp in debug mode
   Compiling ../../../../fastvit_ip.cpp in debug mode
   Generating csim.exe
In file included from ../../../../fastvit_ip_tb.cpp:13:
In file included from ../../../../fastvit_ip.h:65:
In file included from E:/Xilinx/Vitis/2024.2/include/ap_int.h:10:
In file included from E:/Xilinx/Vitis/2024.2/include/etc/ap_common.h:658:
In file included from E:/Xilinx/Vitis/2024.2/include/etc/ap_private.h:68:
In file included from E:/Xilinx/Vitis/2024.2/include/hls_half.h:26:
In file included from E:/Xilinx/Vitis/2024.2/include/etc/hls_half_fpo.h:19:
In file included from E:/Xilinx/Vitis/2024.2/include/hls_fpo.h:140:
In file included from E:/Xilinx/Vitis/2024.2/include/floating_point_v7_1_bitacc_cmodel.h:150:
E:/Xilinx/Vitis/2024.2/include/gmp.h:58:9: warning: '__GMP_LIBGMP_DLL' macro redefined [-Wmacro-redefined]
#define __GMP_LIBGMP_DLL  0
        ^
E:/Xilinx/Vitis/2024.2/include/floating_point_v7_1_bitacc_cmodel.h:142:9: note: previous definition is here
#define __GMP_LIBGMP_DLL 1
        ^
1 warning generated.
In file included from ../../../../gelu_worker.cpp:24:
In file included from ../../../../gelu_worker.h:4:
In file included from ../../../../fastvit_ip.h:65:
In file included from E:/Xilinx/Vitis/2024.2/include/ap_int.h:10:
In file included from E:/Xilinx/Vitis/2024.2/include/etc/ap_common.h:658:
In file included from E:/Xilinx/Vitis/2024.2/include/etc/ap_private.h:68:
In file included from E:/Xilinx/Vitis/2024.2/include/hls_half.h:26:
In file included from E:/Xilinx/Vitis/2024.2/include/etc/hls_half_fpo.h:19:
In file included from E:/Xilinx/Vitis/2024.2/include/hls_fpo.h:140:
In file included from E:/Xilinx/Vitis/2024.2/include/floating_point_v7_1_bitacc_cmodel.h:150:
E:/Xilinx/Vitis/2024.2/include/gmp.h:58:9: warning: '__GMP_LIBGMP_DLL' macro redefined [-Wmacro-redefined]
#define __GMP_LIBGMP_DLL  0
        ^
E:/Xilinx/Vitis/2024.2/include/floating_point_v7_1_bitacc_cmodel.h:142:9: note: previous definition is here
#define __GMP_LIBGMP_DLL 1
        ^
1 warning generated.
In file included from ../../../../add_worker.cpp:18:
In file included from ../../../../add_worker.h:4:
In file included from ../../../../fastvit_ip.h:65:
In file included from E:/Xilinx/Vitis/2024.2/include/ap_int.h:10:
In file included from E:/Xilinx/Vitis/2024.2/include/etc/ap_common.h:658:
In file included from E:/Xilinx/Vitis/2024.2/include/etc/ap_private.h:68:
In file included from E:/Xilinx/Vitis/2024.2/include/hls_half.h:26:
In file included from E:/Xilinx/Vitis/2024.2/include/etc/hls_half_fpo.h:19:
In file included from E:/Xilinx/Vitis/2024.2/include/hls_fpo.h:140:
In file included from E:/Xilinx/Vitis/2024.2/include/floating_point_v7_1_bitacc_cmodel.h:150:
E:/Xilinx/Vitis/2024.2/include/gmp.h:58:9: warning: '__GMP_LIBGMP_DLL' macro redefined [-Wmacro-redefined]
#define __GMP_LIBGMP_DLL  0
        ^
E:/Xilinx/Vitis/2024.2/include/floating_point_v7_1_bitacc_cmodel.h:142:9: note: previous definition is here
#define __GMP_LIBGMP_DLL 1
        ^
1 warning generated.
In file included from ../../../../pwconv_worker.cpp:33:
In file included from ../../../../pwconv_worker.h:4:
In file included from ../../../../fastvit_ip.h:65:
In file included from E:/Xilinx/Vitis/2024.2/include/ap_int.h:10:
In file included from E:/Xilinx/Vitis/2024.2/include/etc/ap_common.h:658:
In file included from E:/Xilinx/Vitis/2024.2/include/etc/ap_private.h:68:
In file included from E:/Xilinx/Vitis/2024.2/include/hls_half.h:26:
In file included from E:/Xilinx/Vitis/2024.2/include/etc/hls_half_fpo.h:19:
In file included from E:/Xilinx/Vitis/2024.2/include/hls_fpo.h:140:
In file included from E:/Xilinx/Vitis/2024.2/include/floating_point_v7_1_bitacc_cmodel.h:150:
E:/Xilinx/Vitis/2024.2/include/gmp.h:58:9: warning: '__GMP_LIBGMP_DLL' macro redefined [-Wmacro-redefined]
#define __GMP_LIBGMP_DLL  0
        ^
E:/Xilinx/Vitis/2024.2/include/floating_point_v7_1_bitacc_cmodel.h:142:9: note: previous definition is here
#define __GMP_LIBGMP_DLL 1
        ^
1 warning generated.
In file included from ../../../../dwconv_worker.cpp:13:
In file included from ../../../../dwconv_worker.h:4:
In file included from ../../../../fastvit_ip.h:65:
In file included from E:/Xilinx/Vitis/2024.2/include/ap_int.h:10:
In file included from E:/Xilinx/Vitis/2024.2/include/etc/ap_common.h:658:
In file included from E:/Xilinx/Vitis/2024.2/include/etc/ap_private.h:68:
In file included from E:/Xilinx/Vitis/2024.2/include/hls_half.h:26:
In file included from E:/Xilinx/Vitis/2024.2/include/etc/hls_half_fpo.h:19:
In file included from E:/Xilinx/Vitis/2024.2/include/hls_fpo.h:140:
In file included from E:/Xilinx/Vitis/2024.2/include/floating_point_v7_1_bitacc_cmodel.h:150:
E:/Xilinx/Vitis/2024.2/include/gmp.h:58:9: warning: '__GMP_LIBGMP_DLL' macro redefined [-Wmacro-redefined]
#define __GMP_LIBGMP_DLL  0
        ^
E:/Xilinx/Vitis/2024.2/include/floating_point_v7_1_bitacc_cmodel.h:142:9: note: previous definition is here
#define __GMP_LIBGMP_DLL 1
        ^
1 warning generated.
In file included from ../../../../conv_worker.cpp:7:
In file included from ../../../../conv_worker.h:4:
In file included from ../../../../fastvit_ip.h:65:
In file included from E:/Xilinx/Vitis/2024.2/include/ap_int.h:10:
In file included from E:/Xilinx/Vitis/2024.2/include/etc/ap_common.h:658:
In file included from E:/Xilinx/Vitis/2024.2/include/etc/ap_private.h:68:
In file included from E:/Xilinx/Vitis/2024.2/include/hls_half.h:26:
In file included from E:/Xilinx/Vitis/2024.2/include/etc/hls_half_fpo.h:19:
In file included from E:/Xilinx/Vitis/2024.2/include/hls_fpo.h:140:
In file included from E:/Xilinx/Vitis/2024.2/include/floating_point_v7_1_bitacc_cmodel.h:150:
E:/Xilinx/Vitis/2024.2/include/gmp.h:58:9: warning: '__GMP_LIBGMP_DLL' macro redefined [-Wmacro-redefined]
#define __GMP_LIBGMP_DLL  0
        ^
E:/Xilinx/Vitis/2024.2/include/floating_point_v7_1_bitacc_cmodel.h:142:9: note: previous definition is here
#define __GMP_LIBGMP_DLL 1
        ^
1 warning generated.
In file included from ../../../../fastvit_ip.cpp:12:
In file included from ../../../../fastvit_ip.h:65:
In file included from E:/Xilinx/Vitis/2024.2/include/ap_int.h:10:
In file included from E:/Xilinx/Vitis/2024.2/include/etc/ap_common.h:658:
In file included from E:/Xilinx/Vitis/2024.2/include/etc/ap_private.h:68:
In file included from E:/Xilinx/Vitis/2024.2/include/hls_half.h:26:
In file included from E:/Xilinx/Vitis/2024.2/include/etc/hls_half_fpo.h:19:
In file included from E:/Xilinx/Vitis/2024.2/include/hls_fpo.h:140:
In file included from E:/Xilinx/Vitis/2024.2/include/floating_point_v7_1_bitacc_cmodel.h:150:
E:/Xilinx/Vitis/2024.2/include/gmp.h:58:9: warning: '__GMP_LIBGMP_DLL' macro redefined [-Wmacro-redefined]
#define __GMP_LIBGMP_DLL  0
        ^
E:/Xilinx/Vitis/2024.2/include/floating_point_v7_1_bitacc_cmodel.h:142:9: note: previous definition is here
#define __GMP_LIBGMP_DLL 1
        ^
1 warning generated.
=== fastvit_ip unified testbench ===

--- Tier B Phase B3 golden vector dump ---
[golden] conv: CHin=2 Hin=4 Win=4 CHout=2 Hout=4 Wout=4 n_in=32 n_out=32 n_wt=36 shift=4 relu=1 sh=1 sw=1 ph=1 pw=1
[golden] dwconv: CH=2 H=4 W=4 Kh=3 Kw=3 pad=1 n=32 n_wt=18 shift=2 act_mode=0
[golden] pwconv: CHin=16 H=4 W=4 CHout=32 n_in=256 n_out=512 n_wt=512 shift=6 act_mode=1
[golden] add: CH=1 H=4 W=4 n=16
[golden] gelu: CHin=8 H=1 W=1 n=8

--- OP_CONV ---
[PASS] 3x3 s1 CHin=4 CHout=8 ReLU (512 points)
[PASS] 3x3 s2 CHin=8 CHout=16 NoReLU (1024 points)
[PASS] 3x3 s1 CHin=16 CHout=32 ReLU (8192 points)

--- OP_DWCONV ---
[PASS] DW3_s1_CH32 (100352 points)
[PASS] DW3_FastVIT_S1 (196608 points)
[PASS] DW7_s1_CH16 (12544 points)
[PASS] DW7_FastVIT_S3 (12288 points)
[PASS] DW3_small (128 points)
[PASS] DW3_CH3_odd (192 points)
[PASS] DW7_CH5_odd (320 points)

--- OP_PWCONV ---
[PASS] PW_32to64_56x56 (200704 points)
[PASS] PW_64to128_28x28 (100352 points)
[PASS] PW_128to256_16x16 (65536 points)
[PASS] PW_small (512 points)
[PASS] Stem_PW48to48 (196608 points)
[PASS] Stage2_expand_96to288 (294912 points)
[PASS] Stage4_expand_384to1152_sp64 (73728 points)
[PASS] Stage1_project_144to48 (196608 points)
[PASS] Stage2_project_288to96 (98304 points)

--- OP_ADD ---
[PASS] Normal Addition (200704 points)
[PASS] Positive Overflow (200704 points)
[PASS] Negative Overflow (200704 points)
[PASS] Non-divisible Tile Size (4199 points)
[PASS] Single Channel (100 points)

--- OP_GELU ---
[PASS] Stem_DW3_48_64x64 (196608 points)
[PASS] S1_expand_144_64x64 (589824 points)
[PASS] Trans1_96_32x32 (98304 points)
[PASS] S2_expand_288_32x32 (294912 points)
[PASS] Trans2_192_16x16 (49152 points)
[PASS] S3_expand_576_16x16 (147456 points)
[PASS] Trans3_384_8x8 (24576 points)
[PASS] S4_expand_1152_8x8 (73728 points)
[PASS] Non-divisible Tile Size (4199 points)
[PASS] Boundary values (5 points)

=====================================
ALL TESTS PASSED
INFO: [SIM 211-1] CSim done with 0 errors.
INFO: [SIM 211-3] *************** CSIM finish ***************
INFO: [HLS 200-2161] Finished Command csim_design Elapsed time: 00:00:42; Allocated memory: 0.895 MB.
>>> Running C Synthesis...
INFO: [HLS 200-1510] Running: csynth_design 
INFO: [HLS 200-111] Finished File checks and directory preparation: CPU user time: 0 seconds. CPU system time: 0 seconds. Elapsed time: 0.048 seconds; current allocated memory: 152.078 MB.
INFO: [HLS 200-10] Analyzing design file 'gelu_worker.cpp' ... 
INFO: [HLS 200-10] Analyzing design file 'add_worker.cpp' ... 
INFO: [HLS 200-10] Analyzing design file 'pwconv_worker.cpp' ... 
INFO: [HLS 200-10] Analyzing design file 'dwconv_worker.cpp' ... 
WARNING: [HLS 214-113] Either use an argument of the function or declare the variable inside the dataflow loop body (dwconv_worker.cpp:329:60)
Resolution: For help on HLS 214-113 see docs.xilinx.com/access/sources/dita/topic?Doc_Version=2024.2%20English&url=ug1448-hls-guidance&resourceid=214-113.html
WARNING: [HLS 214-113] Either use an argument of the function or declare the variable inside the dataflow loop body (dwconv_worker.cpp:330:56)
Resolution: For help on HLS 214-113 see docs.xilinx.com/access/sources/dita/topic?Doc_Version=2024.2%20English&url=ug1448-hls-guidance&resourceid=214-113.html
WARNING: [HLS 214-113] Either use an argument of the function or declare the variable inside the dataflow loop body (dwconv_worker.cpp:330:67)
Resolution: For help on HLS 214-113 see docs.xilinx.com/access/sources/dita/topic?Doc_Version=2024.2%20English&url=ug1448-hls-guidance&resourceid=214-113.html
WARNING: [HLS 200-471] Dataflow form checks found 3 issue(s) in file dwconv_worker.cpp
Resolution: For help on HLS 200-471 see docs.xilinx.com/access/sources/dita/topic?Doc_Version=2024.2%20English&url=ug1448-hls-guidance&resourceid=200-471.html
INFO: [HLS 200-10] Analyzing design file 'conv_worker.cpp' ... 
INFO: [HLS 200-10] Analyzing design file 'fastvit_ip.cpp' ... 
INFO: [HLS 200-111] Finished Source Code Analysis and Preprocessing: CPU user time: 0 seconds. CPU system time: 1 seconds. Elapsed time: 10.964 seconds; current allocated memory: 155.824 MB.
INFO: [HLS 200-777] Using interface defaults for 'Vivado' flow target.
INFO: [HLS 200-1995] There were 9,008 instructions in the design after the 'Compile/Link' phase of compilation. See the Design Size Report for more details: E:/codes/microzed/fastvit_hls/fastvit_ip_w8a4/fastvit_ip_w8a4_proj_200mhz/solution1/syn/report/csynth_design_size.rpt
INFO: [HLS 200-1995] There were 3,164 instructions in the design after the 'Unroll/Inline (step 1)' phase of compilation. See the Design Size Report for more details: E:/codes/microzed/fastvit_hls/fastvit_ip_w8a4/fastvit_ip_w8a4_proj_200mhz/solution1/syn/report/csynth_design_size.rpt
INFO: [HLS 200-1995] There were 2,437 instructions in the design after the 'Unroll/Inline (step 2)' phase of compilation. See the Design Size Report for more details: E:/codes/microzed/fastvit_hls/fastvit_ip_w8a4/fastvit_ip_w8a4_proj_200mhz/solution1/syn/report/csynth_design_size.rpt
INFO: [HLS 200-1995] There were 2,446 instructions in the design after the 'Unroll/Inline (step 3)' phase of compilation. See the Design Size Report for more details: E:/codes/microzed/fastvit_hls/fastvit_ip_w8a4/fastvit_ip_w8a4_proj_200mhz/solution1/syn/report/csynth_design_size.rpt
INFO: [HLS 200-1995] There were 2,397 instructions in the design after the 'Unroll/Inline (step 4)' phase of compilation. See the Design Size Report for more details: E:/codes/microzed/fastvit_hls/fastvit_ip_w8a4/fastvit_ip_w8a4_proj_200mhz/solution1/syn/report/csynth_design_size.rpt
INFO: [HLS 200-1995] There were 8,209 instructions in the design after the 'Array/Struct (step 1)' phase of compilation. See the Design Size Report for more details: E:/codes/microzed/fastvit_hls/fastvit_ip_w8a4/fastvit_ip_w8a4_proj_200mhz/solution1/syn/report/csynth_design_size.rpt
INFO: [HLS 200-1995] There were 6,179 instructions in the design after the 'Array/Struct (step 2)' phase of compilation. See the Design Size Report for more details: E:/codes/microzed/fastvit_hls/fastvit_ip_w8a4/fastvit_ip_w8a4_proj_200mhz/solution1/syn/report/csynth_design_size.rpt
INFO: [HLS 200-1995] There were 6,179 instructions in the design after the 'Array/Struct (step 3)' phase of compilation. See the Design Size Report for more details: E:/codes/microzed/fastvit_hls/fastvit_ip_w8a4/fastvit_ip_w8a4_proj_200mhz/solution1/syn/report/csynth_design_size.rpt
INFO: [HLS 200-1995] There were 6,143 instructions in the design after the 'Array/Struct (step 4)' phase of compilation. See the Design Size Report for more details: E:/codes/microzed/fastvit_hls/fastvit_ip_w8a4/fastvit_ip_w8a4_proj_200mhz/solution1/syn/report/csynth_design_size.rpt
INFO: [HLS 200-1995] There were 6,228 instructions in the design after the 'Array/Struct (step 5)' phase of compilation. See the Design Size Report for more details: E:/codes/microzed/fastvit_hls/fastvit_ip_w8a4/fastvit_ip_w8a4_proj_200mhz/solution1/syn/report/csynth_design_size.rpt
INFO: [HLS 200-1995] There were 6,216 instructions in the design after the 'Performance (step 1)' phase of compilation. See the Design Size Report for more details: E:/codes/microzed/fastvit_hls/fastvit_ip_w8a4/fastvit_ip_w8a4_proj_200mhz/solution1/syn/report/csynth_design_size.rpt
INFO: [HLS 200-1995] There were 6,212 instructions in the design after the 'Performance (step 2)' phase of compilation. See the Design Size Report for more details: E:/codes/microzed/fastvit_hls/fastvit_ip_w8a4/fastvit_ip_w8a4_proj_200mhz/solution1/syn/report/csynth_design_size.rpt
INFO: [HLS 200-1995] There were 8,581 instructions in the design after the 'Performance (step 3)' phase of compilation. See the Design Size Report for more details: E:/codes/microzed/fastvit_hls/fastvit_ip_w8a4/fastvit_ip_w8a4_proj_200mhz/solution1/syn/report/csynth_design_size.rpt
INFO: [HLS 200-1995] There were 7,468 instructions in the design after the 'Performance (step 4)' phase of compilation. See the Design Size Report for more details: E:/codes/microzed/fastvit_hls/fastvit_ip_w8a4/fastvit_ip_w8a4_proj_200mhz/solution1/syn/report/csynth_design_size.rpt
INFO: [HLS 200-1995] There were 7,596 instructions in the design after the 'HW Transforms' phase of compilation. See the Design Size Report for more details: E:/codes/microzed/fastvit_hls/fastvit_ip_w8a4/fastvit_ip_w8a4_proj_200mhz/solution1/syn/report/csynth_design_size.rpt
INFO: [HLS 200-1995] There were 7,670 instructions in the design after the 'HW Transforms (step 2)' phase of compilation. See the Design Size Report for more details: E:/codes/microzed/fastvit_hls/fastvit_ip_w8a4/fastvit_ip_w8a4_proj_200mhz/solution1/syn/report/csynth_design_size.rpt
INFO: [HLS 214-131] Inlining function 'read_byte(ap_uint<32>*, int)' into 'conv_worker(ap_uint<32>*, ap_int<8>*, ap_int<32>*, ap_uint<32>*, int, int, int, int, int, int, int, int, int, int)' (conv_worker.cpp:148:55)
INFO: [HLS 214-131] Inlining function 'write_nibble_group4(ap_uint<32>*, int, ap_int<4>, ap_int<4>, ap_int<4>, ap_int<4>)' into 'conv_worker(ap_uint<32>*, ap_int<8>*, ap_int<32>*, ap_uint<32>*, int, int, int, int, int, int, int, int, int, int)' (conv_worker.cpp:223:25)
INFO: [HLS 214-131] Inlining function 'conv_quant_act(ap_int<32>, int, int)' into 'conv_worker(ap_uint<32>*, ap_int<8>*, ap_int<32>*, ap_uint<32>*, int, int, int, int, int, int, int, int, int, int)' (conv_worker.cpp:222:53)
INFO: [HLS 214-131] Inlining function 'dwconv_apply_act(ap_int<32>, int, int)' into 'dwconv_process_channel(ap_int<8>*, ap_int<32>*, ap_uint<32>*, ap_int<4>*, ap_int<4>*, int, int, int, int, int, int, int, int, int, int, int, int, int, int, int, int, int)' (dwconv_worker.cpp:252:41)
INFO: [HLS 214-131] Inlining function 'pwconv_apply_act(ap_int<32>, int, int)' into 'pwconv_worker(ap_uint<32>*, ap_int<8>*, ap_int<32>*, ap_uint<32>*, int, int, int, int, int, int)' (pwconv_worker.cpp:198:42)
INFO: [HLS 214-291] Loop 'VITIS_LOOP_52_1' is marked as complete unroll implied by the pipeline pragma (gelu_worker.cpp:52:26)
INFO: [HLS 214-291] Loop 'VITIS_LOOP_38_1' is marked as complete unroll implied by the pipeline pragma (add_worker.cpp:38:26)
INFO: [HLS 214-291] Loop 'VITIS_LOOP_112_2' is marked as complete unroll implied by the pipeline pragma (pwconv_worker.cpp:112:20)
INFO: [HLS 214-291] Loop 'COMPUTE_PW_TM' is marked as complete unroll implied by the pipeline pragma (pwconv_worker.cpp:161:21)
INFO: [HLS 214-291] Loop 'COMPUTE_PW_TN' is marked as complete unroll implied by the pipeline pragma (pwconv_worker.cpp:165:25)
INFO: [HLS 214-291] Loop 'VITIS_LOOP_139_1' is marked as complete unroll implied by the pipeline pragma (dwconv_worker.cpp:139:20)
INFO: [HLS 214-291] Loop 'VITIS_LOOP_169_2' is marked as complete unroll implied by the pipeline pragma (dwconv_worker.cpp:169:47)
INFO: [HLS 214-291] Loop 'COMPUTE_DW_TC' is marked as complete unroll implied by the pipeline pragma (dwconv_worker.cpp:210:33)
INFO: [HLS 214-291] Loop 'VITIS_LOOP_247_6' is marked as complete unroll implied by the pipeline pragma (dwconv_worker.cpp:247:47)
INFO: [HLS 214-291] Loop 'VITIS_LOOP_124_2' is marked as complete unroll implied by the pipeline pragma (conv_worker.cpp:124:20)
INFO: [HLS 214-291] Loop 'VITIS_LOOP_145_4' is marked as complete unroll implied by the pipeline pragma (conv_worker.cpp:145:20)
INFO: [HLS 214-291] Loop 'VITIS_LOOP_160_7' is marked as complete unroll implied by the pipeline pragma (conv_worker.cpp:160:20)
INFO: [HLS 214-291] Loop 'COMPUTE_TM' is marked as complete unroll implied by the pipeline pragma (conv_worker.cpp:187:37)
INFO: [HLS 214-291] Loop 'COMPUTE_TN' is marked as complete unroll implied by the pipeline pragma (conv_worker.cpp:191:41)
INFO: [HLS 214-186] Unrolling loop 'VITIS_LOOP_52_1' (gelu_worker.cpp:52:26) in function 'gelu_worker' completely with a factor of 8 (gelu_worker.cpp:38:0)
INFO: [HLS 214-186] Unrolling loop 'VITIS_LOOP_38_1' (add_worker.cpp:38:26) in function 'add_worker' completely with a factor of 8 (add_worker.cpp:27:0)
INFO: [HLS 214-186] Unrolling loop 'INIT_PW_OUT' (pwconv_worker.cpp:90:9) in function 'pwconv_worker' completely with a factor of 8 (pwconv_worker.cpp:61:0)
INFO: [HLS 214-186] Unrolling loop 'VITIS_LOOP_112_2' (pwconv_worker.cpp:112:20) in function 'pwconv_worker' completely with a factor of 8 (pwconv_worker.cpp:61:0)
INFO: [HLS 214-186] Unrolling loop 'COMPUTE_PW_TM' (pwconv_worker.cpp:161:21) in function 'pwconv_worker' completely with a factor of 8 (pwconv_worker.cpp:61:0)
INFO: [HLS 214-186] Unrolling loop 'COMPUTE_PW_TN' (pwconv_worker.cpp:165:25) in function 'pwconv_worker' completely with a factor of 8 (pwconv_worker.cpp:61:0)
INFO: [HLS 214-186] Unrolling loop 'VITIS_LOOP_169_2' (dwconv_worker.cpp:169:47) in function 'dwconv_process_channel' completely with a factor of 13 (dwconv_worker.cpp:122:0)
INFO: [HLS 214-186] Unrolling loop 'CLEAR_DW_OUT' (dwconv_worker.cpp:183:21) in function 'dwconv_process_channel' completely with a factor of 4 (dwconv_worker.cpp:122:0)
INFO: [HLS 214-186] Unrolling loop 'VITIS_LOOP_185_3' (dwconv_worker.cpp:185:20) in function 'dwconv_process_channel' completely with a factor of 4 (dwconv_worker.cpp:122:0)
INFO: [HLS 214-186] Unrolling loop 'VITIS_LOOP_197_4' (dwconv_worker.cpp:197:47) in function 'dwconv_process_channel' completely with a factor of 13 (dwconv_worker.cpp:122:0)
INFO: [HLS 214-186] Unrolling loop 'VITIS_LOOP_201_5' (dwconv_worker.cpp:201:47) in function 'dwconv_process_channel' completely with a factor of 7 (dwconv_worker.cpp:122:0)
INFO: [HLS 214-186] Unrolling loop 'COMPUTE_DW_TC' (dwconv_worker.cpp:210:33) in function 'dwconv_process_channel' completely with a factor of 4 (dwconv_worker.cpp:122:0)
INFO: [HLS 214-186] Unrolling loop 'VITIS_LOOP_247_6' (dwconv_worker.cpp:247:47) in function 'dwconv_process_channel' completely with a factor of 4 (dwconv_worker.cpp:122:0)
INFO: [HLS 214-186] Unrolling loop 'VITIS_LOOP_124_2' (conv_worker.cpp:124:20) in function 'conv_worker' completely with a factor of 4 (conv_worker.cpp:81:0)
INFO: [HLS 214-186] Unrolling loop 'VITIS_LOOP_145_4' (conv_worker.cpp:145:20) in function 'conv_worker' completely with a factor of 9 (conv_worker.cpp:81:0)
INFO: [HLS 214-186] Unrolling loop 'VITIS_LOOP_160_7' (conv_worker.cpp:160:20) in function 'conv_worker' completely with a factor of 3 (conv_worker.cpp:81:0)
INFO: [HLS 214-186] Unrolling loop 'COMPUTE_TM' (conv_worker.cpp:187:37) in function 'conv_worker' completely with a factor of 2 (conv_worker.cpp:81:0)
INFO: [HLS 214-186] Unrolling loop 'COMPUTE_TN' (conv_worker.cpp:191:41) in function 'conv_worker' completely with a factor of 2 (conv_worker.cpp:81:0)
INFO: [HLS 214-248] Applying array_partition to '_ZL10dw_out_buf': Complete partitioning on dimension 1. Complete partitioning on dimension 2. Complete partitioning on dimension 3. (dwconv_worker.cpp:20:0)
INFO: [HLS 214-248] Applying array_partition to '_ZL9dw_wt_buf': Complete partitioning on dimension 1. Complete partitioning on dimension 2. Complete partitioning on dimension 3. (dwconv_worker.cpp:19:0)
INFO: [HLS 214-248] Applying array_partition to '_ZL9dw_in_buf': Complete partitioning on dimension 1. Complete partitioning on dimension 2. Complete partitioning on dimension 3. (dwconv_worker.cpp:18:0)
INFO: [HLS 214-248] Applying array_partition to '_ZL10pw_out_buf': Complete partitioning on dimension 1. (pwconv_worker.cpp:37:0)
INFO: [HLS 214-248] Applying array_partition to '_ZL9pw_wt_buf': Complete partitioning on dimension 1. Complete partitioning on dimension 2. (pwconv_worker.cpp:36:0)
INFO: [HLS 214-248] Applying array_partition to '_ZL9pw_in_buf': Complete partitioning on dimension 1. Complete partitioning on dimension 2. (pwconv_worker.cpp:35:0)
INFO: [HLS 214-248] Applying array_partition to '_ZL10ch_out_buf': Cyclic partitioning with factor 16 on dimension 1. (dwconv_worker.cpp:16:0)
INFO: [HLS 214-248] Applying array_partition to '_ZL9ch_in_buf': Cyclic partitioning with factor 16 on dimension 1. (dwconv_worker.cpp:15:0)
INFO: [HLS 214-248] Applying array_partition to '_ZL7out_buf': Complete partitioning on dimension 1. (conv_worker.cpp:11:0)
INFO: [HLS 214-248] Applying array_partition to '_ZL6wt_buf': Complete partitioning on dimension 1. Complete partitioning on dimension 2. (conv_worker.cpp:10:0)
INFO: [HLS 214-248] Applying array_partition to '_ZL6in_buf': Complete partitioning on dimension 1. (conv_worker.cpp:9:0)
INFO: [HLS 214-248] Applying array_partition to 'row_buf': Complete partitioning on dimension 1. (dwconv_worker.cpp:127:8)
INFO: [HLS 214-248] Applying array_partition to 'wt_row': Complete partitioning on dimension 1. (dwconv_worker.cpp:129:7)
INFO: [HLS 214-437] Automatically disabling loop flattening for loop 'COMPUTE_DW_KH'. (dwconv_worker.cpp:194:25)
INFO: [HLS 214-270] Inferring pragma 'array_partition type=cyclic factor=8 dim=1' for array '_ZL10pw_out_buf_0' due to pipeline pragma (pwconv_worker.cpp:189:9)
INFO: [HLS 214-270] Inferring pragma 'array_partition type=cyclic factor=8 dim=1' for array '_ZL10pw_out_buf_1' due to pipeline pragma (pwconv_worker.cpp:189:9)
INFO: [HLS 214-270] Inferring pragma 'array_partition type=cyclic factor=8 dim=1' for array '_ZL10pw_out_buf_2' due to pipeline pragma (pwconv_worker.cpp:189:9)
INFO: [HLS 214-270] Inferring pragma 'array_partition type=cyclic factor=8 dim=1' for array '_ZL10pw_out_buf_3' due to pipeline pragma (pwconv_worker.cpp:189:9)
INFO: [HLS 214-270] Inferring pragma 'array_partition type=cyclic factor=8 dim=1' for array '_ZL10pw_out_buf_4' due to pipeline pragma (pwconv_worker.cpp:189:9)
INFO: [HLS 214-270] Inferring pragma 'array_partition type=cyclic factor=8 dim=1' for array '_ZL10pw_out_buf_5' due to pipeline pragma (pwconv_worker.cpp:189:9)
INFO: [HLS 214-270] Inferring pragma 'array_partition type=cyclic factor=8 dim=1' for array '_ZL10pw_out_buf_6' due to pipeline pragma (pwconv_worker.cpp:189:9)
INFO: [HLS 214-270] Inferring pragma 'array_partition type=cyclic factor=8 dim=1' for array '_ZL10pw_out_buf_7' due to pipeline pragma (pwconv_worker.cpp:189:9)
INFO: [HLS 214-270] Inferring pragma 'array_partition type=complete dim=2' for array '_ZL7out_buf_0' due to pipeline pragma (conv_worker.cpp:218:9)
INFO: [HLS 214-270] Inferring pragma 'array_partition type=complete dim=2' for array '_ZL7out_buf_1' due to pipeline pragma (conv_worker.cpp:218:9)
INFO: [HLS 214-248] Applying array_partition to '_ZL7out_buf_1': Complete partitioning on dimension 2.
INFO: [HLS 214-248] Applying array_partition to '_ZL7out_buf_0': Complete partitioning on dimension 2.
INFO: [HLS 214-248] Applying array_partition to '_ZL10pw_out_buf_7': Cyclic partitioning with factor 8 on dimension 1.
INFO: [HLS 214-248] Applying array_partition to '_ZL10pw_out_buf_6': Cyclic partitioning with factor 8 on dimension 1.
INFO: [HLS 214-248] Applying array_partition to '_ZL10pw_out_buf_5': Cyclic partitioning with factor 8 on dimension 1.
INFO: [HLS 214-248] Applying array_partition to '_ZL10pw_out_buf_4': Cyclic partitioning with factor 8 on dimension 1.
INFO: [HLS 214-248] Applying array_partition to '_ZL10pw_out_buf_3': Cyclic partitioning with factor 8 on dimension 1.
INFO: [HLS 214-248] Applying array_partition to '_ZL10pw_out_buf_2': Cyclic partitioning with factor 8 on dimension 1.
INFO: [HLS 214-248] Applying array_partition to '_ZL10pw_out_buf_1': Cyclic partitioning with factor 8 on dimension 1.
INFO: [HLS 214-248] Applying array_partition to '_ZL10pw_out_buf_0': Cyclic partitioning with factor 8 on dimension 1.
INFO: [HLS 214-115] Multiple burst reads of variable length and bit width 8 in loop 'VITIS_LOOP_158_6'(conv_worker.cpp:158:47) has been inferred on bundle 'gmem1'. These burst requests might be further partitioned into multiple requests during RTL generation, based on max_read_burst_length or max_write_burst_length settings. (conv_worker.cpp:158:47)
INFO: [HLS 214-115] Multiple burst reads of variable length and bit width 32 in loop 'PRELOAD_IN'(dwconv_worker.cpp:85:5) has been inferred on bundle 'gmem0'. These burst requests might be further partitioned into multiple requests during RTL generation, based on max_read_burst_length or max_write_burst_length settings. (dwconv_worker.cpp:85:5)
INFO: [HLS 214-115] Multiple burst reads of variable length and bit width 8 in loop 'LOOP_DW_FPG'(dwconv_worker.cpp:133:9) has been inferred on bundle 'gmem1'. These burst requests might be further partitioned into multiple requests during RTL generation, based on max_read_burst_length or max_write_burst_length settings. (dwconv_worker.cpp:133:9)
INFO: [HLS 214-115] Multiple burst writes of variable length and bit width 32 has been inferred on bundle 'gmem3'. These burst requests might be further partitioned into multiple requests during RTL generation, based on max_read_burst_length or max_write_burst_length settings. (dwconv_worker.cpp:133:9)
INFO: [HLS 214-115] Multiple burst reads of variable length and bit width 32 in loop 'LOOP_DW_FPG'(dwconv_worker.cpp:133:9) has been inferred on bundle 'gmem2'. These burst requests might be further partitioned into multiple requests during RTL generation, based on max_read_burst_length or max_write_burst_length settings. (dwconv_worker.cpp:133:9)
INFO: [HLS 214-115] Multiple burst reads of variable length and bit width 32 in loop 'VITIS_LOOP_130_3'(pwconv_worker.cpp:130:39) has been inferred on bundle 'gmem0'. These burst requests might be further partitioned into multiple requests during RTL generation, based on max_read_burst_length or max_write_burst_length settings. (pwconv_worker.cpp:130:39)
INFO: [HLS 214-115] Multiple burst writes of variable length and bit width 32 has been inferred on bundle 'gmem3'. These burst requests might be further partitioned into multiple requests during RTL generation, based on max_read_burst_length or max_write_burst_length settings. (pwconv_worker.cpp:187:13)
INFO: [HLS 214-115] Multiple burst reads of variable length and bit width 32 in loop 'ADD_LOOP'(add_worker.cpp:34:5) has been inferred on bundle 'gmem0'. These burst requests might be further partitioned into multiple requests during RTL generation, based on max_read_burst_length or max_write_burst_length settings. (add_worker.cpp:34:5)
INFO: [HLS 214-115] Multiple burst writes of variable length and bit width 32 in loop 'ADD_LOOP'(add_worker.cpp:34:5) has been inferred on bundle 'gmem3'. These burst requests might be further partitioned into multiple requests during RTL generation, based on max_read_burst_length or max_write_burst_length settings. (add_worker.cpp:34:5)
INFO: [HLS 214-115] Multiple burst reads of variable length and bit width 32 in loop 'GELU_LOOP'(gelu_worker.cpp:48:5) has been inferred on bundle 'gmem0'. These burst requests might be further partitioned into multiple requests during RTL generation, based on max_read_burst_length or max_write_burst_length settings. (gelu_worker.cpp:48:5)
INFO: [HLS 214-115] Multiple burst writes of variable length and bit width 32 in loop 'GELU_LOOP'(gelu_worker.cpp:48:5) has been inferred on bundle 'gmem3'. These burst requests might be further partitioned into multiple requests during RTL generation, based on max_read_burst_length or max_write_burst_length settings. (gelu_worker.cpp:48:5)
WARNING: [HLS 214-187] Cannot unroll loop 'VITIS_LOOP_139_1' (dwconv_worker.cpp:139:20) in function 'dwconv_process_channel' as it has a variable trip count (dwconv_worker.cpp:139:20)
INFO: [HLS 200-111] Finished Compiling Optimization and Transform: CPU user time: 1 seconds. CPU system time: 0 seconds. Elapsed time: 13.198 seconds; current allocated memory: 161.207 MB.
INFO: [HLS 200-111] Finished Checking Pragmas: CPU user time: 0 seconds. CPU system time: 0 seconds. Elapsed time: 0.004 seconds; current allocated memory: 161.227 MB.
INFO: [HLS 200-10] Starting code transformations ...
INFO: [HLS 200-111] Finished Standard Transforms: CPU user time: 1 seconds. CPU system time: 0 seconds. Elapsed time: 0.823 seconds; current allocated memory: 180.543 MB.
INFO: [HLS 200-10] Checking synthesizability ...
WARNING: [SYNCHK 200-23] conv_worker.cpp:34: variable-indexed range selection may cause suboptimal QoR.
INFO: [SYNCHK 200-10] 0 error(s), 1 warning(s).
INFO: [HLS 200-111] Finished Checking Synthesizability: CPU user time: 0 seconds. CPU system time: 0 seconds. Elapsed time: 0.566 seconds; current allocated memory: 184.203 MB.
INFO: [XFORM 203-712] Applying dataflow to function 'dataflow_in_loop_LOOP_DW_CH.1' (dwconv_worker.cpp:319:34), detected/extracted 3 process function(s): 
	 'dataflow_in_loop_LOOP_DW_CH.1_Block_newFuncRoot_proc2'
	 'dwconv_preload_channel3'
	 'dwconv_process_channel4'.
INFO: [XFORM 203-401] Performing if-conversion on hyperblock to (dwconv_worker.cpp:172:52) in function 'dwconv_process_channel4'... converting 3 basic blocks.
INFO: [XFORM 203-401] Performing if-conversion on hyperblock from (dwconv_worker.cpp:173:48) to (dwconv_worker.cpp:172:52) in function 'dwconv_process_channel4'... converting 3 basic blocks.
INFO: [XFORM 203-401] Performing if-conversion on hyperblock from (dwconv_worker.cpp:173:48) to (dwconv_worker.cpp:172:52) in function 'dwconv_process_channel4'... converting 3 basic blocks.
INFO: [XFORM 203-401] Performing if-conversion on hyperblock from (dwconv_worker.cpp:173:48) to (dwconv_worker.cpp:172:52) in function 'dwconv_process_channel4'... converting 3 basic blocks.
INFO: [XFORM 203-401] Performing if-conversion on hyperblock from (dwconv_worker.cpp:173:48) to (dwconv_worker.cpp:172:52) in function 'dwconv_process_channel4'... converting 3 basic blocks.
INFO: [XFORM 203-401] Performing if-conversion on hyperblock from (dwconv_worker.cpp:173:48) to (dwconv_worker.cpp:172:52) in function 'dwconv_process_channel4'... converting 3 basic blocks.
INFO: [XFORM 203-401] Performing if-conversion on hyperblock from (dwconv_worker.cpp:173:48) to (dwconv_worker.cpp:172:52) in function 'dwconv_process_channel4'... converting 3 basic blocks.
INFO: [XFORM 203-401] Performing if-conversion on hyperblock from (dwconv_worker.cpp:173:48) to (dwconv_worker.cpp:172:52) in function 'dwconv_process_channel4'... converting 3 basic blocks.
INFO: [XFORM 203-401] Performing if-conversion on hyperblock from (dwconv_worker.cpp:173:48) to (dwconv_worker.cpp:172:52) in function 'dwconv_process_channel4'... converting 3 basic blocks.
INFO: [XFORM 203-401] Performing if-conversion on hyperblock from (dwconv_worker.cpp:173:48) to (dwconv_worker.cpp:172:52) in function 'dwconv_process_channel4'... converting 3 basic blocks.
INFO: [XFORM 203-401] Performing if-conversion on hyperblock from (dwconv_worker.cpp:173:48) to (dwconv_worker.cpp:172:52) in function 'dwconv_process_channel4'... converting 3 basic blocks.
INFO: [XFORM 203-401] Performing if-conversion on hyperblock from (dwconv_worker.cpp:173:48) to (dwconv_worker.cpp:172:52) in function 'dwconv_process_channel4'... converting 3 basic blocks.
INFO: [XFORM 203-401] Performing if-conversion on hyperblock from (dwconv_worker.cpp:173:48) to (dwconv_worker.cpp:172:52) in function 'dwconv_process_channel4'... converting 3 basic blocks.
INFO: [XFORM 203-401] Performing if-conversion on hyperblock from (conv_worker.cpp:217:56) to (conv_worker.cpp:215:39) in function 'conv_worker'... converting 12 basic blocks.
INFO: [XFORM 203-11] Balancing expressions in function 'pwconv_worker' (pwconv_worker.cpp:41:13)...32 expression(s) balanced.
INFO: [XFORM 203-11] Balancing expressions in function 'dwconv_process_channel4' (dwconv_worker.cpp:24:25)...39 expression(s) balanced.
INFO: [XFORM 203-11] Balancing expressions in function 'conv_worker' (conv_worker.cpp:15:43)...30 expression(s) balanced.
INFO: [HLS 200-111] Finished Loop, function and other optimizations: CPU user time: 4 seconds. CPU system time: 0 seconds. Elapsed time: 3.807 seconds; current allocated memory: 224.449 MB.
INFO: [HLS 200-2061] Successfully converted nested loops 'LOAD_PW_IN'(pwconv_worker.cpp:129:17) and 'VITIS_LOOP_130_3'(pwconv_worker.cpp:130:39) in function 'pwconv_worker' into perfectly nested loops.
INFO: [HLS 200-2061] Successfully converted nested loops 'WRITE_PW_OUT'(pwconv_worker.cpp:187:13) and 'VITIS_LOOP_188_4'(pwconv_worker.cpp:188:35) in function 'pwconv_worker' into perfectly nested loops.
INFO: [HLS 200-2061] Successfully converted nested loops 'INIT_OUT'(conv_worker.cpp:120:17) and 'VITIS_LOOP_122_1'(conv_worker.cpp:122:39) in function 'conv_worker' into perfectly nested loops.
INFO: [HLS 200-2061] Successfully converted nested loops 'LOAD_IN'(conv_worker.cpp:137:21) and 'VITIS_LOOP_140_3'(conv_worker.cpp:140:43) in function 'conv_worker' into perfectly nested loops.
INFO: [HLS 200-2061] Successfully converted nested loops 'VITIS_LOOP_157_5'(conv_worker.cpp:157:43) and 'VITIS_LOOP_158_6'(conv_worker.cpp:158:47) in function 'conv_worker' into perfectly nested loops.
INFO: [HLS 200-2061] Successfully converted nested loops 'LOAD_WT'(conv_worker.cpp:156:21) and 'VITIS_LOOP_157_5'(conv_worker.cpp:157:43) in function 'conv_worker' into perfectly nested loops.
INFO: [HLS 200-2061] Successfully converted nested loops 'COMPUTE_TR'(conv_worker.cpp:180:29) and 'COMPUTE_TC'(conv_worker.cpp:183:33) in function 'conv_worker' into perfectly nested loops.
INFO: [HLS 200-2061] Successfully converted nested loops 'COMPUTE_KW'(conv_worker.cpp:178:25) and 'COMPUTE_TR'(conv_worker.cpp:180:29) in function 'conv_worker' into perfectly nested loops.
INFO: [HLS 200-2061] Successfully converted nested loops 'COMPUTE_KH'(conv_worker.cpp:176:21) and 'COMPUTE_KW'(conv_worker.cpp:178:25) in function 'conv_worker' into perfectly nested loops.
INFO: [XFORM 203-541] Flattening a loop nest 'LOAD_PW_IN' (pwconv_worker.cpp:129:17) in function 'pwconv_worker'.
INFO: [XFORM 203-541] Flattening a loop nest 'WRITE_PW_OUT' (pwconv_worker.cpp:187:13) in function 'pwconv_worker'.
INFO: [XFORM 203-541] Flattening a loop nest 'INIT_OUT' (conv_worker.cpp:120:17) in function 'conv_worker'.
INFO: [XFORM 203-541] Flattening a loop nest 'LOAD_IN' (conv_worker.cpp:137:21) in function 'conv_worker'.
INFO: [XFORM 203-541] Flattening a loop nest 'VITIS_LOOP_157_5' (conv_worker.cpp:157:43) in function 'conv_worker'.
INFO: [XFORM 203-541] Flattening a loop nest 'LOAD_WT' (conv_worker.cpp:156:21) in function 'conv_worker'.
INFO: [XFORM 203-541] Flattening a loop nest 'COMPUTE_TR' (conv_worker.cpp:180:29) in function 'conv_worker'.
INFO: [XFORM 203-541] Flattening a loop nest 'COMPUTE_KW' (conv_worker.cpp:178:25) in function 'conv_worker'.
INFO: [XFORM 203-541] Flattening a loop nest 'COMPUTE_KH' (conv_worker.cpp:176:21) in function 'conv_worker'.
WARNING: [HLS 200-960] Cannot flatten loop 'WRITE_OUT' (conv_worker.cpp:211:17) in function 'conv_worker' the outer loop is not a perfect loop because there is nontrivial logic before entering the inner loop.
Resolution: For help on HLS 200-960 see docs.xilinx.com/access/sources/dita/topic?Doc_Version=2024.2%20English&url=ug1448-hls-guidance&resourceid=200-960.html
WARNING: [HLS 200-1449] Process dwconv_process_channel4 has both a predecessor and reads an input from its caller (see the GUI dataflow viewer). This may lead to lower throughput. Consider copying this input via a predecessor process.
WARNING: [HLS 200-1449] Process dataflow_in_loop_LOOP_DW_CH.1 has both a predecessor and reads an input from its caller (see the GUI dataflow viewer). This may lead to lower throughput. Consider copying this input via a predecessor process.
INFO: [HLS 200-111] Finished Architecture Synthesis: CPU user time: 3 seconds. CPU system time: 0 seconds. Elapsed time: 3.112 seconds; current allocated memory: 537.625 MB.
INFO: [HLS 200-10] Starting hardware synthesis ...
INFO: [HLS 200-10] Synthesizing 'fastvit_ip' ...
WARNING: [SYN 201-103] Legalizing function name 'dataflow_in_loop_LOOP_DW_CH.1_Block_newFuncRoot_proc2' to 'dataflow_in_loop_LOOP_DW_CH_1_Block_newFuncRoot_proc2'.
WARNING: [SYN 201-103] Legalizing function name 'dataflow_in_loop_LOOP_DW_CH.1' to 'dataflow_in_loop_LOOP_DW_CH_1'.
WARNING: [SYN 201-303] Cannot apply memory assignment of 'RAM_1P_BRAM': 'p_ZL9ch_in_buf_0' does not exist or is optimized away.
WARNING: [SYN 201-303] Cannot apply memory assignment of 'RAM_1P_BRAM': 'p_ZL9ch_in_buf_1' does not exist or is optimized away.
WARNING: [SYN 201-303] Cannot apply memory assignment of 'RAM_1P_BRAM': 'p_ZL9ch_in_buf_2' does not exist or is optimized away.
WARNING: [SYN 201-303] Cannot apply memory assignment of 'RAM_1P_BRAM': 'p_ZL9ch_in_buf_3' does not exist or is optimized away.
WARNING: [SYN 201-303] Cannot apply memory assignment of 'RAM_1P_BRAM': 'p_ZL9ch_in_buf_4' does not exist or is optimized away.
WARNING: [SYN 201-303] Cannot apply memory assignment of 'RAM_1P_BRAM': 'p_ZL9ch_in_buf_5' does not exist or is optimized away.
WARNING: [SYN 201-303] Cannot apply memory assignment of 'RAM_1P_BRAM': 'p_ZL9ch_in_buf_6' does not exist or is optimized away.
WARNING: [SYN 201-303] Cannot apply memory assignment of 'RAM_1P_BRAM': 'p_ZL9ch_in_buf_7' does not exist or is optimized away.
WARNING: [SYN 201-303] Cannot apply memory assignment of 'RAM_1P_BRAM': 'p_ZL9ch_in_buf_8' does not exist or is optimized away.
WARNING: [SYN 201-303] Cannot apply memory assignment of 'RAM_1P_BRAM': 'p_ZL9ch_in_buf_9' does not exist or is optimized away.
WARNING: [SYN 201-303] Cannot apply memory assignment of 'RAM_1P_BRAM': 'p_ZL9ch_in_buf_10' does not exist or is optimized away.
WARNING: [SYN 201-303] Cannot apply memory assignment of 'RAM_1P_BRAM': 'p_ZL9ch_in_buf_11' does not exist or is optimized away.
WARNING: [SYN 201-303] Cannot apply memory assignment of 'RAM_1P_BRAM': 'p_ZL9ch_in_buf_12' does not exist or is optimized away.
WARNING: [SYN 201-303] Cannot apply memory assignment of 'RAM_1P_BRAM': 'p_ZL9ch_in_buf_13' does not exist or is optimized away.
WARNING: [SYN 201-303] Cannot apply memory assignment of 'RAM_1P_BRAM': 'p_ZL9ch_in_buf_14' does not exist or is optimized away.
WARNING: [SYN 201-303] Cannot apply memory assignment of 'RAM_1P_BRAM': 'p_ZL9ch_in_buf_15' does not exist or is optimized away.
INFO: [HLS 200-10] ----------------------------------------------------------------
INFO: [HLS 200-42] -- Implementing module 'gelu_worker_Pipeline_GELU_LOOP' 
INFO: [HLS 200-10] ----------------------------------------------------------------
INFO: [SCHED 204-11] Starting scheduling ...
INFO: [SCHED 204-61] Pipelining loop 'GELU_LOOP'.
WARNING: [HLS 200-882] User specified resource constraint cannot be honored The memory core ROM_1P_LUTRAM has insufficient ports to support accesses to array 'gelu_rom' (II = 1)..
Resolution: For help on HLS 200-882 see docs.xilinx.com/access/sources/dita/topic?Doc_Version=2024.2%20English&url=ug1448-hls-guidance&resourceid=200-882.html
WARNING: [HLS 200-885] The II Violation in module 'gelu_worker_Pipeline_GELU_LOOP' (loop 'GELU_LOOP'): Unable to schedule 'load' operation 4 bit ('gelu_rom_load_1', gelu_worker.cpp:56) on array 'gelu_rom' due to limited memory ports (II = 2). Please consider using a memory core with more ports or partitioning the array 'gelu_rom'.
Resolution: For help on HLS 200-885 see docs.xilinx.com/access/sources/dita/topic?Doc_Version=2024.2%20English&url=ug1448-hls-guidance&resourceid=200-885.html
WARNING: [HLS 200-885] The II Violation in module 'gelu_worker_Pipeline_GELU_LOOP' (loop 'GELU_LOOP'): Unable to schedule 'load' operation 4 bit ('gelu_rom_load_2', gelu_worker.cpp:56) on array 'gelu_rom' due to limited memory ports (II = 3). Please consider using a memory core with more ports or partitioning the array 'gelu_rom'.
Resolution: For help on HLS 200-885 see docs.xilinx.com/access/sources/dita/topic?Doc_Version=2024.2%20English&url=ug1448-hls-guidance&resourceid=200-885.html
WARNING: [HLS 200-885] The II Violation in module 'gelu_worker_Pipeline_GELU_LOOP' (loop 'GELU_LOOP'): Unable to schedule 'load' operation 4 bit ('gelu_rom_load_3', gelu_worker.cpp:56) on array 'gelu_rom' due to limited memory ports (II = 4). Please consider using a memory core with more ports or partitioning the array 'gelu_rom'.
Resolution: For help on HLS 200-885 see docs.xilinx.com/access/sources/dita/topic?Doc_Version=2024.2%20English&url=ug1448-hls-guidance&resourceid=200-885.html
WARNING: [HLS 200-885] The II Violation in module 'gelu_worker_Pipeline_GELU_LOOP' (loop 'GELU_LOOP'): Unable to schedule 'load' operation 4 bit ('gelu_rom_load_6', gelu_worker.cpp:56) on array 'gelu_rom' due to limited memory ports (II = 7). Please consider using a memory core with more ports or partitioning the array 'gelu_rom'.
Resolution: For help on HLS 200-885 see docs.xilinx.com/access/sources/dita/topic?Doc_Version=2024.2%20English&url=ug1448-hls-guidance&resourceid=200-885.html
INFO: [HLS 200-1470] Pipelining result : Target II = 1, Final II = 8, Depth = 12, loop 'GELU_LOOP'
WARNING: [HLS 200-871] Estimated clock period (4.051 ns) exceeds the target (target clock period: 5.000 ns, clock uncertainty: 1.350 ns, effective delay budget: 3.650 ns).
Resolution: For help on HLS 200-871 see docs.xilinx.com/access/sources/dita/topic?Doc_Version=2024.2%20English&url=ug1448-hls-guidance&resourceid=200-871.html
WARNING: [HLS 200-1016] The critical path in module 'gelu_worker_Pipeline_GELU_LOOP' consists of the following:
	'store' operation 0 bit ('w_write_ln0') of constant 0 on local variable 'w' [16]  (1.588 ns)
	'load' operation 28 bit ('w_load', gelu_worker.cpp:48) on local variable 'w' [19]  (0.000 ns)
	'icmp' operation 1 bit ('icmp_ln48', gelu_worker.cpp:48) [21]  (2.463 ns)

Resolution: For help on HLS 200-1016 see docs.xilinx.com/access/sources/dita/topic?Doc_Version=2024.2%20English&url=ug1448-hls-guidance&resourceid=200-1016.html
INFO: [SCHED 204-11] Finished scheduling.
INFO: [HLS 200-111] Finished Scheduling: CPU user time: 0 seconds. CPU system time: 0 seconds. Elapsed time: 0.64 seconds; current allocated memory: 544.523 MB.
INFO: [BIND 205-100] Starting micro-architecture generation ...
INFO: [BIND 205-101] Performing variable lifetime analysis.
INFO: [BIND 205-101] Exploring resource sharing.
INFO: [BIND 205-101] Binding ...
INFO: [BIND 205-100] Finished micro-architecture generation.
INFO: [HLS 200-111] Finished Binding: CPU user time: 0 seconds. CPU system time: 0 seconds. Elapsed time: 0.045 seconds; current allocated memory: 545.688 MB.
INFO: [HLS 200-10] ----------------------------------------------------------------
INFO: [HLS 200-42] -- Implementing module 'gelu_worker' 
INFO: [HLS 200-10] ----------------------------------------------------------------
INFO: [SCHED 204-11] Starting scheduling ...
WARNING: [HLS 200-871] Estimated clock period (3.950 ns) exceeds the target (target clock period: 5.000 ns, clock uncertainty: 1.350 ns, effective delay budget: 3.650 ns).
Resolution: For help on HLS 200-871 see docs.xilinx.com/access/sources/dita/topic?Doc_Version=2024.2%20English&url=ug1448-hls-guidance&resourceid=200-871.html
WARNING: [HLS 200-1016] The critical path in module 'gelu_worker' consists of the following:
	wire read operation ('W_read', gelu_worker.cpp:33) on port 'W' (gelu_worker.cpp:33) [11]  (0.000 ns)
	'mul' operation 32 bit ('mul_ln44', gelu_worker.cpp:44) [17]  (3.950 ns)

Resolution: For help on HLS 200-1016 see docs.xilinx.com/access/sources/dita/topic?Doc_Version=2024.2%20English&url=ug1448-hls-guidance&resourceid=200-1016.html
INFO: [SCHED 204-11] Finished scheduling.
INFO: [HLS 200-111] Finished Scheduling: CPU user time: 0 seconds. CPU system time: 0 seconds. Elapsed time: 0.064 seconds; current allocated memory: 546.039 MB.
INFO: [BIND 205-100] Starting micro-architecture generation ...
INFO: [BIND 205-101] Performing variable lifetime analysis.
INFO: [BIND 205-101] Exploring resource sharing.
INFO: [BIND 205-101] Binding ...
INFO: [BIND 205-100] Finished micro-architecture generation.
INFO: [HLS 200-111] Finished Binding: CPU user time: 0 seconds. CPU system time: 0 seconds. Elapsed time: 0.048 seconds; current allocated memory: 546.348 MB.
INFO: [HLS 200-10] ----------------------------------------------------------------
INFO: [HLS 200-42] -- Implementing module 'add_worker_Pipeline_ADD_LOOP' 
INFO: [HLS 200-10] ----------------------------------------------------------------
INFO: [SCHED 204-11] Starting scheduling ...
INFO: [SCHED 204-61] Pipelining loop 'ADD_LOOP'.
WARNING: [HLS 200-885] The II Violation in module 'add_worker_Pipeline_ADD_LOOP' (loop 'ADD_LOOP'): Unable to schedule bus request operation ('gmem1_load_8_req', add_worker.cpp:42) on port 'gmem1' (add_worker.cpp:42) due to limited memory ports (II = 1). Please consider using a memory core with more ports or partitioning the array.
Resolution: For help on HLS 200-885 see docs.xilinx.com/access/sources/dita/topic?Doc_Version=2024.2%20English&url=ug1448-hls-guidance&resourceid=200-885.html
WARNING: [HLS 200-885] The II Violation in module 'add_worker_Pipeline_ADD_LOOP' (loop 'ADD_LOOP'): Unable to schedule bus request operation ('gmem1_load_9_req', add_worker.cpp:42) on port 'gmem1' (add_worker.cpp:42) due to limited memory ports (II = 2). Please consider using a memory core with more ports or partitioning the array.
Resolution: For help on HLS 200-885 see docs.xilinx.com/access/sources/dita/topic?Doc_Version=2024.2%20English&url=ug1448-hls-guidance&resourceid=200-885.html
WARNING: [HLS 200-885] The II Violation in module 'add_worker_Pipeline_ADD_LOOP' (loop 'ADD_LOOP'): Unable to schedule bus request operation ('gmem1_load_10_req', add_worker.cpp:42) on port 'gmem1' (add_worker.cpp:42) due to limited memory ports (II = 3). Please consider using a memory core with more ports or partitioning the array.
Resolution: For help on HLS 200-885 see docs.xilinx.com/access/sources/dita/topic?Doc_Version=2024.2%20English&url=ug1448-hls-guidance&resourceid=200-885.html
WARNING: [HLS 200-885] The II Violation in module 'add_worker_Pipeline_ADD_LOOP' (loop 'ADD_LOOP'): Unable to schedule bus request operation ('gmem1_load_11_req', add_worker.cpp:42) on port 'gmem1' (add_worker.cpp:42) due to limited memory ports (II = 4). Please consider using a memory core with more ports or partitioning the array.
Resolution: For help on HLS 200-885 see docs.xilinx.com/access/sources/dita/topic?Doc_Version=2024.2%20English&url=ug1448-hls-guidance&resourceid=200-885.html
WARNING: [HLS 200-885] The II Violation in module 'add_worker_Pipeline_ADD_LOOP' (loop 'ADD_LOOP'): Unable to schedule bus request operation ('gmem1_load_14_req', add_worker.cpp:42) on port 'gmem1' (add_worker.cpp:42) due to limited memory ports (II = 7). Please consider using a memory core with more ports or partitioning the array.
Resolution: For help on HLS 200-885 see docs.xilinx.com/access/sources/dita/topic?Doc_Version=2024.2%20English&url=ug1448-hls-guidance&resourceid=200-885.html
INFO: [HLS 200-1470] Pipelining result : Target II = 1, Final II = 8, Depth = 82, loop 'ADD_LOOP'
WARNING: [HLS 200-871] Estimated clock period (5.108 ns) exceeds the target (target clock period: 5.000 ns, clock uncertainty: 1.350 ns, effective delay budget: 3.650 ns).
Resolution: For help on HLS 200-871 see docs.xilinx.com/access/sources/dita/topic?Doc_Version=2024.2%20English&url=ug1448-hls-guidance&resourceid=200-871.html
WARNING: [HLS 200-1016] The critical path in module 'add_worker_Pipeline_ADD_LOOP' consists of the following:
	'store' operation 0 bit ('w_write_ln34', add_worker.cpp:34) of constant 0 on local variable 'w', add_worker.cpp:34 [20]  (1.588 ns)
	'load' operation 28 bit ('w', add_worker.cpp:34) on local variable 'w', add_worker.cpp:34 [23]  (0.000 ns)
	'add' operation 64 bit ('add_ln42', add_worker.cpp:42) [42]  (3.520 ns)

Resolution: For help on HLS 200-1016 see docs.xilinx.com/access/sources/dita/topic?Doc_Version=2024.2%20English&url=ug1448-hls-guidance&resourceid=200-1016.html
INFO: [SCHED 204-11] Finished scheduling.
INFO: [HLS 200-111] Finished Scheduling: CPU user time: 0 seconds. CPU system time: 0 seconds. Elapsed time: 0.173 seconds; current allocated memory: 550.562 MB.
INFO: [BIND 205-100] Starting micro-architecture generation ...
INFO: [BIND 205-101] Performing variable lifetime analysis.
INFO: [BIND 205-101] Exploring resource sharing.
INFO: [BIND 205-101] Binding ...
INFO: [BIND 205-100] Finished micro-architecture generation.
INFO: [HLS 200-111] Finished Binding: CPU user time: 0 seconds. CPU system time: 0 seconds. Elapsed time: 0.09 seconds; current allocated memory: 551.395 MB.
INFO: [HLS 200-10] ----------------------------------------------------------------
INFO: [HLS 200-42] -- Implementing module 'add_worker' 
INFO: [HLS 200-10] ----------------------------------------------------------------
INFO: [SCHED 204-11] Starting scheduling ...
WARNING: [HLS 200-871] Estimated clock period (3.950 ns) exceeds the target (target clock period: 5.000 ns, clock uncertainty: 1.350 ns, effective delay budget: 3.650 ns).
Resolution: For help on HLS 200-871 see docs.xilinx.com/access/sources/dita/topic?Doc_Version=2024.2%20English&url=ug1448-hls-guidance&resourceid=200-871.html
WARNING: [HLS 200-1016] The critical path in module 'add_worker' consists of the following:
	wire read operation ('W_read', add_worker.cpp:21) on port 'W' (add_worker.cpp:21) [13]  (0.000 ns)
	'mul' operation 32 bit ('mul_ln30', add_worker.cpp:30) [19]  (3.950 ns)

Resolution: For help on HLS 200-1016 see docs.xilinx.com/access/sources/dita/topic?Doc_Version=2024.2%20English&url=ug1448-hls-guidance&resourceid=200-1016.html
INFO: [SCHED 204-11] Finished scheduling.
INFO: [HLS 200-111] Finished Scheduling: CPU user time: 0 seconds. CPU system time: 0 seconds. Elapsed time: 0.112 seconds; current allocated memory: 552.145 MB.
INFO: [BIND 205-100] Starting micro-architecture generation ...
INFO: [BIND 205-101] Performing variable lifetime analysis.
INFO: [BIND 205-101] Exploring resource sharing.
INFO: [BIND 205-101] Binding ...
INFO: [BIND 205-100] Finished micro-architecture generation.
INFO: [HLS 200-111] Finished Binding: CPU user time: 0 seconds. CPU system time: 0 seconds. Elapsed time: 0.049 seconds; current allocated memory: 552.680 MB.
INFO: [HLS 200-10] ----------------------------------------------------------------
INFO: [HLS 200-42] -- Implementing module 'pwconv_worker_Pipeline_VITIS_LOOP_93_1' 
INFO: [HLS 200-10] ----------------------------------------------------------------
INFO: [SCHED 204-11] Starting scheduling ...
INFO: [SCHED 204-61] Pipelining loop 'VITIS_LOOP_93_1'.
INFO: [HLS 200-1470] Pipelining result : Target II = 1, Final II = 1, Depth = 2, loop 'VITIS_LOOP_93_1'
WARNING: [HLS 200-871] Estimated clock period (5.728 ns) exceeds the target (target clock period: 5.000 ns, clock uncertainty: 1.350 ns, effective delay budget: 3.650 ns).
Resolution: For help on HLS 200-871 see docs.xilinx.com/access/sources/dita/topic?Doc_Version=2024.2%20English&url=ug1448-hls-guidance&resourceid=200-871.html
WARNING: [HLS 200-1016] The critical path in module 'pwconv_worker_Pipeline_VITIS_LOOP_93_1' consists of the following:
	'store' operation 0 bit ('s_write_ln93', pwconv_worker.cpp:93) of constant 0 on local variable 's', pwconv_worker.cpp:93 [22]  (1.588 ns)
	'load' operation 31 bit ('s', pwconv_worker.cpp:93) on local variable 's', pwconv_worker.cpp:93 [25]  (0.000 ns)
	'icmp' operation 1 bit ('icmp_ln93', pwconv_worker.cpp:93) [27]  (2.552 ns)
	'store' operation 0 bit ('s_write_ln93', pwconv_worker.cpp:93) of variable 'add_ln93', pwconv_worker.cpp:93 on local variable 's', pwconv_worker.cpp:93 [70]  (1.588 ns)

Resolution: For help on HLS 200-1016 see docs.xilinx.com/access/sources/dita/topic?Doc_Version=2024.2%20English&url=ug1448-hls-guidance&resourceid=200-1016.html
INFO: [SCHED 204-11] Finished scheduling.
INFO: [HLS 200-111] Finished Scheduling: CPU user time: 0 seconds. CPU system time: 0 seconds. Elapsed time: 0.084 seconds; current allocated memory: 552.965 MB.
INFO: [BIND 205-100] Starting micro-architecture generation ...
INFO: [BIND 205-101] Performing variable lifetime analysis.
INFO: [BIND 205-101] Exploring resource sharing.
INFO: [BIND 205-101] Binding ...
INFO: [BIND 205-100] Finished micro-architecture generation.
INFO: [HLS 200-111] Finished Binding: CPU user time: 0 seconds. CPU system time: 0 seconds. Elapsed time: 0.044 seconds; current allocated memory: 552.984 MB.
INFO: [HLS 200-10] ----------------------------------------------------------------
INFO: [HLS 200-42] -- Implementing module 'pwconv_worker_Pipeline_VITIS_LOOP_93_12' 
INFO: [HLS 200-10] ----------------------------------------------------------------
INFO: [SCHED 204-11] Starting scheduling ...
INFO: [SCHED 204-61] Pipelining loop 'VITIS_LOOP_93_1'.
INFO: [HLS 200-1470] Pipelining result : Target II = 1, Final II = 1, Depth = 2, loop 'VITIS_LOOP_93_1'
WARNING: [HLS 200-871] Estimated clock period (5.728 ns) exceeds the target (target clock period: 5.000 ns, clock uncertainty: 1.350 ns, effective delay budget: 3.650 ns).
Resolution: For help on HLS 200-871 see docs.xilinx.com/access/sources/dita/topic?Doc_Version=2024.2%20English&url=ug1448-hls-guidance&resourceid=200-871.html
WARNING: [HLS 200-1016] The critical path in module 'pwconv_worker_Pipeline_VITIS_LOOP_93_12' consists of the following:
	'store' operation 0 bit ('s_1_write_ln93', pwconv_worker.cpp:93) of constant 0 on local variable 's', pwconv_worker.cpp:93 [22]  (1.588 ns)
	'load' operation 31 bit ('s', pwconv_worker.cpp:93) on local variable 's', pwconv_worker.cpp:93 [25]  (0.000 ns)
	'icmp' operation 1 bit ('icmp_ln93', pwconv_worker.cpp:93) [27]  (2.552 ns)
	'store' operation 0 bit ('s_1_write_ln93', pwconv_worker.cpp:93) of variable 'add_ln93', pwconv_worker.cpp:93 on local variable 's', pwconv_worker.cpp:93 [70]  (1.588 ns)

Resolution: For help on HLS 200-1016 see docs.xilinx.com/access/sources/dita/topic?Doc_Version=2024.2%20English&url=ug1448-hls-guidance&resourceid=200-1016.html
INFO: [SCHED 204-11] Finished scheduling.
INFO: [HLS 200-111] Finished Scheduling: CPU user time: 0 seconds. CPU system time: 0 seconds. Elapsed time: 0.075 seconds; current allocated memory: 553.250 MB.
INFO: [BIND 205-100] Starting micro-architecture generation ...
INFO: [BIND 205-101] Performing variable lifetime analysis.
INFO: [BIND 205-101] Exploring resource sharing.
INFO: [BIND 205-101] Binding ...
INFO: [BIND 205-100] Finished micro-architecture generation.
INFO: [HLS 200-111] Finished Binding: CPU user time: 0 seconds. CPU system time: 0 seconds. Elapsed time: 0.044 seconds; current allocated memory: 553.250 MB.
INFO: [HLS 200-10] ----------------------------------------------------------------
INFO: [HLS 200-42] -- Implementing module 'pwconv_worker_Pipeline_VITIS_LOOP_93_13' 
INFO: [HLS 200-10] ----------------------------------------------------------------
INFO: [SCHED 204-11] Starting scheduling ...
INFO: [SCHED 204-61] Pipelining loop 'VITIS_LOOP_93_1'.
INFO: [HLS 200-1470] Pipelining result : Target II = 1, Final II = 1, Depth = 2, loop 'VITIS_LOOP_93_1'
WARNING: [HLS 200-871] Estimated clock period (5.728 ns) exceeds the target (target clock period: 5.000 ns, clock uncertainty: 1.350 ns, effective delay budget: 3.650 ns).
Resolution: For help on HLS 200-871 see docs.xilinx.com/access/sources/dita/topic?Doc_Version=2024.2%20English&url=ug1448-hls-guidance&resourceid=200-871.html
WARNING: [HLS 200-1016] The critical path in module 'pwconv_worker_Pipeline_VITIS_LOOP_93_13' consists of the following:
	'store' operation 0 bit ('s_2_write_ln93', pwconv_worker.cpp:93) of constant 0 on local variable 's', pwconv_worker.cpp:93 [22]  (1.588 ns)
	'load' operation 31 bit ('s', pwconv_worker.cpp:93) on local variable 's', pwconv_worker.cpp:93 [25]  (0.000 ns)
	'icmp' operation 1 bit ('icmp_ln93', pwconv_worker.cpp:93) [27]  (2.552 ns)
	'store' operation 0 bit ('s_2_write_ln93', pwconv_worker.cpp:93) of variable 'add_ln93', pwconv_worker.cpp:93 on local variable 's', pwconv_worker.cpp:93 [70]  (1.588 ns)

Resolution: For help on HLS 200-1016 see docs.xilinx.com/access/sources/dita/topic?Doc_Version=2024.2%20English&url=ug1448-hls-guidance&resourceid=200-1016.html
INFO: [SCHED 204-11] Finished scheduling.
INFO: [HLS 200-111] Finished Scheduling: CPU user time: 0 seconds. CPU system time: 0 seconds. Elapsed time: 0.075 seconds; current allocated memory: 553.723 MB.
INFO: [BIND 205-100] Starting micro-architecture generation ...
INFO: [BIND 205-101] Performing variable lifetime analysis.
INFO: [BIND 205-101] Exploring resource sharing.
INFO: [BIND 205-101] Binding ...
INFO: [BIND 205-100] Finished micro-architecture generation.
INFO: [HLS 200-111] Finished Binding: CPU user time: 0 seconds. CPU system time: 0 seconds. Elapsed time: 0.044 seconds; current allocated memory: 553.934 MB.
INFO: [HLS 200-10] ----------------------------------------------------------------
INFO: [HLS 200-42] -- Implementing module 'pwconv_worker_Pipeline_VITIS_LOOP_93_14' 
INFO: [HLS 200-10] ----------------------------------------------------------------
INFO: [SCHED 204-11] Starting scheduling ...
INFO: [SCHED 204-61] Pipelining loop 'VITIS_LOOP_93_1'.
INFO: [HLS 200-1470] Pipelining result : Target II = 1, Final II = 1, Depth = 2, loop 'VITIS_LOOP_93_1'
WARNING: [HLS 200-871] Estimated clock period (5.728 ns) exceeds the target (target clock period: 5.000 ns, clock uncertainty: 1.350 ns, effective delay budget: 3.650 ns).
Resolution: For help on HLS 200-871 see docs.xilinx.com/access/sources/dita/topic?Doc_Version=2024.2%20English&url=ug1448-hls-guidance&resourceid=200-871.html
WARNING: [HLS 200-1016] The critical path in module 'pwconv_worker_Pipeline_VITIS_LOOP_93_14' consists of the following:
	'store' operation 0 bit ('s_3_write_ln93', pwconv_worker.cpp:93) of constant 0 on local variable 's', pwconv_worker.cpp:93 [22]  (1.588 ns)
	'load' operation 31 bit ('s', pwconv_worker.cpp:93) on local variable 's', pwconv_worker.cpp:93 [25]  (0.000 ns)
	'icmp' operation 1 bit ('icmp_ln93', pwconv_worker.cpp:93) [27]  (2.552 ns)
	'store' operation 0 bit ('s_3_write_ln93', pwconv_worker.cpp:93) of variable 'add_ln93', pwconv_worker.cpp:93 on local variable 's', pwconv_worker.cpp:93 [70]  (1.588 ns)

Resolution: For help on HLS 200-1016 see docs.xilinx.com/access/sources/dita/topic?Doc_Version=2024.2%20English&url=ug1448-hls-guidance&resourceid=200-1016.html
INFO: [SCHED 204-11] Finished scheduling.
INFO: [HLS 200-111] Finished Scheduling: CPU user time: 0 seconds. CPU system time: 0 seconds. Elapsed time: 0.076 seconds; current allocated memory: 554.344 MB.
INFO: [BIND 205-100] Starting micro-architecture generation ...
INFO: [BIND 205-101] Performing variable lifetime analysis.
INFO: [BIND 205-101] Exploring resource sharing.
INFO: [BIND 205-101] Binding ...
INFO: [BIND 205-100] Finished micro-architecture generation.
INFO: [HLS 200-111] Finished Binding: CPU user time: 1 seconds. CPU system time: 0 seconds. Elapsed time: 0.046 seconds; current allocated memory: 554.586 MB.
INFO: [HLS 200-10] ----------------------------------------------------------------
INFO: [HLS 200-42] -- Implementing module 'pwconv_worker_Pipeline_VITIS_LOOP_93_15' 
INFO: [HLS 200-10] ----------------------------------------------------------------
INFO: [SCHED 204-11] Starting scheduling ...
INFO: [SCHED 204-61] Pipelining loop 'VITIS_LOOP_93_1'.
INFO: [HLS 200-1470] Pipelining result : Target II = 1, Final II = 1, Depth = 2, loop 'VITIS_LOOP_93_1'
WARNING: [HLS 200-871] Estimated clock period (5.728 ns) exceeds the target (target clock period: 5.000 ns, clock uncertainty: 1.350 ns, effective delay budget: 3.650 ns).
Resolution: For help on HLS 200-871 see docs.xilinx.com/access/sources/dita/topic?Doc_Version=2024.2%20English&url=ug1448-hls-guidance&resourceid=200-871.html
WARNING: [HLS 200-1016] The critical path in module 'pwconv_worker_Pipeline_VITIS_LOOP_93_15' consists of the following:
	'store' operation 0 bit ('s_4_write_ln93', pwconv_worker.cpp:93) of constant 0 on local variable 's', pwconv_worker.cpp:93 [22]  (1.588 ns)
	'load' operation 31 bit ('s', pwconv_worker.cpp:93) on local variable 's', pwconv_worker.cpp:93 [25]  (0.000 ns)
	'icmp' operation 1 bit ('icmp_ln93', pwconv_worker.cpp:93) [27]  (2.552 ns)
	'store' operation 0 bit ('s_4_write_ln93', pwconv_worker.cpp:93) of variable 'add_ln93', pwconv_worker.cpp:93 on local variable 's', pwconv_worker.cpp:93 [70]  (1.588 ns)

Resolution: For help on HLS 200-1016 see docs.xilinx.com/access/sources/dita/topic?Doc_Version=2024.2%20English&url=ug1448-hls-guidance&resourceid=200-1016.html
INFO: [SCHED 204-11] Finished scheduling.
INFO: [HLS 200-111] Finished Scheduling: CPU user time: 0 seconds. CPU system time: 0 seconds. Elapsed time: 0.077 seconds; current allocated memory: 554.777 MB.
INFO: [BIND 205-100] Starting micro-architecture generation ...
INFO: [BIND 205-101] Performing variable lifetime analysis.
INFO: [BIND 205-101] Exploring resource sharing.
INFO: [BIND 205-101] Binding ...
INFO: [BIND 205-100] Finished micro-architecture generation.
INFO: [HLS 200-111] Finished Binding: CPU user time: 0 seconds. CPU system time: 0 seconds. Elapsed time: 0.045 seconds; current allocated memory: 554.785 MB.
INFO: [HLS 200-10] ----------------------------------------------------------------
INFO: [HLS 200-42] -- Implementing module 'pwconv_worker_Pipeline_VITIS_LOOP_93_16' 
INFO: [HLS 200-10] ----------------------------------------------------------------
INFO: [SCHED 204-11] Starting scheduling ...
INFO: [SCHED 204-61] Pipelining loop 'VITIS_LOOP_93_1'.
INFO: [HLS 200-1470] Pipelining result : Target II = 1, Final II = 1, Depth = 2, loop 'VITIS_LOOP_93_1'
WARNING: [HLS 200-871] Estimated clock period (5.728 ns) exceeds the target (target clock period: 5.000 ns, clock uncertainty: 1.350 ns, effective delay budget: 3.650 ns).
Resolution: For help on HLS 200-871 see docs.xilinx.com/access/sources/dita/topic?Doc_Version=2024.2%20English&url=ug1448-hls-guidance&resourceid=200-871.html
WARNING: [HLS 200-1016] The critical path in module 'pwconv_worker_Pipeline_VITIS_LOOP_93_16' consists of the following:
	'store' operation 0 bit ('s_5_write_ln93', pwconv_worker.cpp:93) of constant 0 on local variable 's', pwconv_worker.cpp:93 [22]  (1.588 ns)
	'load' operation 31 bit ('s', pwconv_worker.cpp:93) on local variable 's', pwconv_worker.cpp:93 [25]  (0.000 ns)
	'icmp' operation 1 bit ('icmp_ln93', pwconv_worker.cpp:93) [27]  (2.552 ns)
	'store' operation 0 bit ('s_5_write_ln93', pwconv_worker.cpp:93) of variable 'add_ln93', pwconv_worker.cpp:93 on local variable 's', pwconv_worker.cpp:93 [70]  (1.588 ns)

Resolution: For help on HLS 200-1016 see docs.xilinx.com/access/sources/dita/topic?Doc_Version=2024.2%20English&url=ug1448-hls-guidance&resourceid=200-1016.html
INFO: [SCHED 204-11] Finished scheduling.
INFO: [HLS 200-111] Finished Scheduling: CPU user time: 0 seconds. CPU system time: 0 seconds. Elapsed time: 0.078 seconds; current allocated memory: 555.254 MB.
INFO: [BIND 205-100] Starting micro-architecture generation ...
INFO: [BIND 205-101] Performing variable lifetime analysis.
INFO: [BIND 205-101] Exploring resource sharing.
INFO: [BIND 205-101] Binding ...
INFO: [BIND 205-100] Finished micro-architecture generation.
INFO: [HLS 200-111] Finished Binding: CPU user time: 0 seconds. CPU system time: 0 seconds. Elapsed time: 0.045 seconds; current allocated memory: 555.254 MB.
INFO: [HLS 200-10] ----------------------------------------------------------------
INFO: [HLS 200-42] -- Implementing module 'pwconv_worker_Pipeline_VITIS_LOOP_93_17' 
INFO: [HLS 200-10] ----------------------------------------------------------------
INFO: [SCHED 204-11] Starting scheduling ...
INFO: [SCHED 204-61] Pipelining loop 'VITIS_LOOP_93_1'.
INFO: [HLS 200-1470] Pipelining result : Target II = 1, Final II = 1, Depth = 2, loop 'VITIS_LOOP_93_1'
WARNING: [HLS 200-871] Estimated clock period (5.728 ns) exceeds the target (target clock period: 5.000 ns, clock uncertainty: 1.350 ns, effective delay budget: 3.650 ns).
Resolution: For help on HLS 200-871 see docs.xilinx.com/access/sources/dita/topic?Doc_Version=2024.2%20English&url=ug1448-hls-guidance&resourceid=200-871.html
WARNING: [HLS 200-1016] The critical path in module 'pwconv_worker_Pipeline_VITIS_LOOP_93_17' consists of the following:
	'store' operation 0 bit ('s_6_write_ln93', pwconv_worker.cpp:93) of constant 0 on local variable 's', pwconv_worker.cpp:93 [22]  (1.588 ns)
	'load' operation 31 bit ('s', pwconv_worker.cpp:93) on local variable 's', pwconv_worker.cpp:93 [25]  (0.000 ns)
	'icmp' operation 1 bit ('icmp_ln93', pwconv_worker.cpp:93) [27]  (2.552 ns)
	'store' operation 0 bit ('s_6_write_ln93', pwconv_worker.cpp:93) of variable 'add_ln93', pwconv_worker.cpp:93 on local variable 's', pwconv_worker.cpp:93 [70]  (1.588 ns)

Resolution: For help on HLS 200-1016 see docs.xilinx.com/access/sources/dita/topic?Doc_Version=2024.2%20English&url=ug1448-hls-guidance&resourceid=200-1016.html
INFO: [SCHED 204-11] Finished scheduling.
INFO: [HLS 200-111] Finished Scheduling: CPU user time: 0 seconds. CPU system time: 0 seconds. Elapsed time: 0.083 seconds; current allocated memory: 555.598 MB.
INFO: [BIND 205-100] Starting micro-architecture generation ...
INFO: [BIND 205-101] Performing variable lifetime analysis.
INFO: [BIND 205-101] Exploring resource sharing.
INFO: [BIND 205-101] Binding ...
INFO: [BIND 205-100] Finished micro-architecture generation.
INFO: [HLS 200-111] Finished Binding: CPU user time: 0 seconds. CPU system time: 0 seconds. Elapsed time: 0.045 seconds; current allocated memory: 555.672 MB.
INFO: [HLS 200-10] ----------------------------------------------------------------
INFO: [HLS 200-42] -- Implementing module 'pwconv_worker_Pipeline_VITIS_LOOP_93_18' 
INFO: [HLS 200-10] ----------------------------------------------------------------
INFO: [SCHED 204-11] Starting scheduling ...
INFO: [SCHED 204-61] Pipelining loop 'VITIS_LOOP_93_1'.
INFO: [HLS 200-1470] Pipelining result : Target II = 1, Final II = 1, Depth = 2, loop 'VITIS_LOOP_93_1'
WARNING: [HLS 200-871] Estimated clock period (5.728 ns) exceeds the target (target clock period: 5.000 ns, clock uncertainty: 1.350 ns, effective delay budget: 3.650 ns).
Resolution: For help on HLS 200-871 see docs.xilinx.com/access/sources/dita/topic?Doc_Version=2024.2%20English&url=ug1448-hls-guidance&resourceid=200-871.html
WARNING: [HLS 200-1016] The critical path in module 'pwconv_worker_Pipeline_VITIS_LOOP_93_18' consists of the following:
	'store' operation 0 bit ('s_7_write_ln93', pwconv_worker.cpp:93) of constant 0 on local variable 's', pwconv_worker.cpp:93 [22]  (1.588 ns)
	'load' operation 31 bit ('s', pwconv_worker.cpp:93) on local variable 's', pwconv_worker.cpp:93 [25]  (0.000 ns)
	'icmp' operation 1 bit ('icmp_ln93', pwconv_worker.cpp:93) [27]  (2.552 ns)
	'store' operation 0 bit ('s_7_write_ln93', pwconv_worker.cpp:93) of variable 'add_ln93', pwconv_worker.cpp:93 on local variable 's', pwconv_worker.cpp:93 [70]  (1.588 ns)

Resolution: For help on HLS 200-1016 see docs.xilinx.com/access/sources/dita/topic?Doc_Version=2024.2%20English&url=ug1448-hls-guidance&resourceid=200-1016.html
INFO: [SCHED 204-11] Finished scheduling.
INFO: [HLS 200-111] Finished Scheduling: CPU user time: 0 seconds. CPU system time: 0 seconds. Elapsed time: 0.081 seconds; current allocated memory: 556.031 MB.
INFO: [BIND 205-100] Starting micro-architecture generation ...
INFO: [BIND 205-101] Performing variable lifetime analysis.
INFO: [BIND 205-101] Exploring resource sharing.
INFO: [BIND 205-101] Binding ...
INFO: [BIND 205-100] Finished micro-architecture generation.
INFO: [HLS 200-111] Finished Binding: CPU user time: 0 seconds. CPU system time: 0 seconds. Elapsed time: 0.046 seconds; current allocated memory: 556.031 MB.
INFO: [HLS 200-10] ----------------------------------------------------------------
INFO: [HLS 200-42] -- Implementing module 'pwconv_worker_Pipeline_LOAD_PW_WT' 
INFO: [HLS 200-10] ----------------------------------------------------------------
INFO: [SCHED 204-11] Starting scheduling ...
INFO: [SCHED 204-61] Pipelining loop 'LOAD_PW_WT'.
WARNING: [HLS 200-885] The II Violation in module 'pwconv_worker_Pipeline_LOAD_PW_WT' (loop 'LOAD_PW_WT'): Unable to schedule bus request operation ('gmem1_load_1_req', pwconv_worker.cpp:114) on port 'gmem1' (pwconv_worker.cpp:114) due to limited memory ports (II = 1). Please consider using a memory core with more ports or partitioning the array.
Resolution: For help on HLS 200-885 see docs.xilinx.com/access/sources/dita/topic?Doc_Version=2024.2%20English&url=ug1448-hls-guidance&resourceid=200-885.html
WARNING: [HLS 200-885] The II Violation in module 'pwconv_worker_Pipeline_LOAD_PW_WT' (loop 'LOAD_PW_WT'): Unable to schedule bus request operation ('gmem1_load_2_req', pwconv_worker.cpp:114) on port 'gmem1' (pwconv_worker.cpp:114) due to limited memory ports (II = 2). Please consider using a memory core with more ports or partitioning the array.
Resolution: For help on HLS 200-885 see docs.xilinx.com/access/sources/dita/topic?Doc_Version=2024.2%20English&url=ug1448-hls-guidance&resourceid=200-885.html
WARNING: [HLS 200-885] The II Violation in module 'pwconv_worker_Pipeline_LOAD_PW_WT' (loop 'LOAD_PW_WT'): Unable to schedule bus request operation ('gmem1_load_3_req', pwconv_worker.cpp:114) on port 'gmem1' (pwconv_worker.cpp:114) due to limited memory ports (II = 3). Please consider using a memory core with more ports or partitioning the array.
Resolution: For help on HLS 200-885 see docs.xilinx.com/access/sources/dita/topic?Doc_Version=2024.2%20English&url=ug1448-hls-guidance&resourceid=200-885.html
WARNING: [HLS 200-885] The II Violation in module 'pwconv_worker_Pipeline_LOAD_PW_WT' (loop 'LOAD_PW_WT'): Unable to schedule bus request operation ('gmem1_load_4_req', pwconv_worker.cpp:114) on port 'gmem1' (pwconv_worker.cpp:114) due to limited memory ports (II = 4). Please consider using a memory core with more ports or partitioning the array.
Resolution: For help on HLS 200-885 see docs.xilinx.com/access/sources/dita/topic?Doc_Version=2024.2%20English&url=ug1448-hls-guidance&resourceid=200-885.html
WARNING: [HLS 200-885] The II Violation in module 'pwconv_worker_Pipeline_LOAD_PW_WT' (loop 'LOAD_PW_WT'): Unable to schedule bus request operation ('gmem1_load_7_req', pwconv_worker.cpp:114) on port 'gmem1' (pwconv_worker.cpp:114) due to limited memory ports (II = 7). Please consider using a memory core with more ports or partitioning the array.
Resolution: For help on HLS 200-885 see docs.xilinx.com/access/sources/dita/topic?Doc_Version=2024.2%20English&url=ug1448-hls-guidance&resourceid=200-885.html
INFO: [HLS 200-1470] Pipelining result : Target II = 1, Final II = 8, Depth = 88, loop 'LOAD_PW_WT'
WARNING: [HLS 200-871] Estimated clock period (4.110 ns) exceeds the target (target clock period: 5.000 ns, clock uncertainty: 1.350 ns, effective delay budget: 3.650 ns).
Resolution: For help on HLS 200-871 see docs.xilinx.com/access/sources/dita/topic?Doc_Version=2024.2%20English&url=ug1448-hls-guidance&resourceid=200-871.html
WARNING: [HLS 200-1016] The critical path in module 'pwconv_worker_Pipeline_LOAD_PW_WT' consists of the following:
	'store' operation 0 bit ('m_write_ln109', pwconv_worker.cpp:109) of constant 0 on local variable 'm', pwconv_worker.cpp:109 [97]  (1.588 ns)
	'load' operation 4 bit ('m', pwconv_worker.cpp:109) on local variable 'm', pwconv_worker.cpp:109 [100]  (0.000 ns)
	'add' operation 32 bit ('add_ln110', pwconv_worker.cpp:110) [111]  (2.522 ns)

Resolution: For help on HLS 200-1016 see docs.xilinx.com/access/sources/dita/topic?Doc_Version=2024.2%20English&url=ug1448-hls-guidance&resourceid=200-1016.html
INFO: [SCHED 204-11] Finished scheduling.
INFO: [HLS 200-111] Finished Scheduling: CPU user time: 0 seconds. CPU system time: 0 seconds. Elapsed time: 0.314 seconds; current allocated memory: 565.086 MB.
INFO: [BIND 205-100] Starting micro-architecture generation ...
INFO: [BIND 205-101] Performing variable lifetime analysis.
INFO: [BIND 205-101] Exploring resource sharing.
INFO: [BIND 205-101] Binding ...
INFO: [BIND 205-100] Finished micro-architecture generation.
INFO: [HLS 200-111] Finished Binding: CPU user time: 0 seconds. CPU system time: 0 seconds. Elapsed time: 0.113 seconds; current allocated memory: 566.363 MB.
INFO: [HLS 200-10] ----------------------------------------------------------------
INFO: [HLS 200-42] -- Implementing module 'pwconv_worker_Pipeline_LOAD_PW_IN_VITIS_LOOP_130_3' 
INFO: [HLS 200-10] ----------------------------------------------------------------
INFO: [SCHED 204-11] Starting scheduling ...
INFO: [SCHED 204-61] Pipelining loop 'LOAD_PW_IN_VITIS_LOOP_130_3'.
INFO: [HLS 200-1470] Pipelining result : Target II = 1, Final II = 1, Depth = 81, loop 'LOAD_PW_IN_VITIS_LOOP_130_3'
WARNING: [HLS 200-871] Estimated clock period (6.082 ns) exceeds the target (target clock period: 5.000 ns, clock uncertainty: 1.350 ns, effective delay budget: 3.650 ns).
Resolution: For help on HLS 200-871 see docs.xilinx.com/access/sources/dita/topic?Doc_Version=2024.2%20English&url=ug1448-hls-guidance&resourceid=200-871.html
WARNING: [HLS 200-1016] The critical path in module 'pwconv_worker_Pipeline_LOAD_PW_IN_VITIS_LOOP_130_3' consists of the following:
	'load' operation 4 bit ('sw_load', pwconv_worker.cpp:130) on local variable 'sw', pwconv_worker.cpp:130 [539]  (0.000 ns)
	'icmp' operation 1 bit ('icmp_ln130', pwconv_worker.cpp:130) [544]  (1.735 ns)
	'select' operation 4 bit ('select_ln129', pwconv_worker.cpp:129) [545]  (1.024 ns)
	'add' operation 4 bit ('add_ln130', pwconv_worker.cpp:130) [2032]  (1.735 ns)
	'store' operation 0 bit ('sw_write_ln130', pwconv_worker.cpp:130) of variable 'add_ln130', pwconv_worker.cpp:130 on local variable 'sw', pwconv_worker.cpp:130 [2035]  (1.588 ns)

Resolution: For help on HLS 200-1016 see docs.xilinx.com/access/sources/dita/topic?Doc_Version=2024.2%20English&url=ug1448-hls-guidance&resourceid=200-1016.html
INFO: [SCHED 204-11] Finished scheduling.
INFO: [HLS 200-111] Finished Scheduling: CPU user time: 1 seconds. CPU system time: 1 seconds. Elapsed time: 0.642 seconds; current allocated memory: 589.367 MB.
INFO: [BIND 205-100] Starting micro-architecture generation ...
INFO: [BIND 205-101] Performing variable lifetime analysis.
INFO: [BIND 205-101] Exploring resource sharing.
INFO: [BIND 205-101] Binding ...
INFO: [BIND 205-100] Finished micro-architecture generation.
INFO: [HLS 200-111] Finished Binding: CPU user time: 0 seconds. CPU system time: 0 seconds. Elapsed time: 0.174 seconds; current allocated memory: 589.477 MB.
INFO: [HLS 200-10] ----------------------------------------------------------------
INFO: [HLS 200-42] -- Implementing module 'pwconv_worker_Pipeline_COMPUTE_PW_S' 
INFO: [HLS 200-10] ----------------------------------------------------------------
INFO: [SCHED 204-11] Starting scheduling ...
INFO: [HLS 200-486] Changing DSP latency (root=add_ln169_62) to 3 in order to utilize available DSP registers.
INFO: [HLS 200-486] Changing DSP latency (root=add_ln169_60) to 3 in order to utilize available DSP registers.
INFO: [HLS 200-486] Changing DSP latency (root=add_ln169_59) to 3 in order to utilize available DSP registers.
INFO: [HLS 200-486] Changing DSP latency (root=add_ln169_58) to 3 in order to utilize available DSP registers.
INFO: [HLS 200-486] Changing DSP latency (root=add_ln169_57) to 3 in order to utilize available DSP registers.
INFO: [HLS 200-486] Changing DSP latency (root=add_ln169_56) to 3 in order to utilize available DSP registers.
INFO: [HLS 200-486] Changing DSP latency (root=add_ln169_54) to 3 in order to utilize available DSP registers.
INFO: [HLS 200-486] Changing DSP latency (root=add_ln169_52) to 3 in order to utilize available DSP registers.
INFO: [HLS 200-486] Changing DSP latency (root=add_ln169_51) to 3 in order to utilize available DSP registers.
INFO: [HLS 200-486] Changing DSP latency (root=add_ln169_50) to 3 in order to utilize available DSP registers.
INFO: [HLS 200-486] Changing DSP latency (root=add_ln169_49) to 3 in order to utilize available DSP registers.
INFO: [HLS 200-486] Changing DSP latency (root=add_ln169_48) to 3 in order to utilize available DSP registers.
INFO: [HLS 200-486] Changing DSP latency (root=add_ln169_46) to 3 in order to utilize available DSP registers.
INFO: [HLS 200-486] Changing DSP latency (root=add_ln169_44) to 3 in order to utilize available DSP registers.
INFO: [HLS 200-486] Changing DSP latency (root=add_ln169_43) to 3 in order to utilize available DSP registers.
INFO: [HLS 200-486] Changing DSP latency (root=add_ln169_42) to 3 in order to utilize available DSP registers.
INFO: [HLS 200-486] Changing DSP latency (root=add_ln169_41) to 3 in order to utilize available DSP registers.
INFO: [HLS 200-486] Changing DSP latency (root=add_ln169_40) to 3 in order to utilize available DSP registers.
INFO: [HLS 200-486] Changing DSP latency (root=add_ln169_38) to 3 in order to utilize available DSP registers.
INFO: [HLS 200-486] Changing DSP latency (root=add_ln169_36) to 3 in order to utilize available DSP registers.
INFO: [HLS 200-486] Changing DSP latency (root=add_ln169_35) to 3 in order to utilize available DSP registers.
INFO: [HLS 200-486] Changing DSP latency (root=add_ln169_34) to 3 in order to utilize available DSP registers.
INFO: [HLS 200-486] Changing DSP latency (root=add_ln169_33) to 3 in order to utilize available DSP registers.
INFO: [HLS 200-486] Changing DSP latency (root=add_ln169_32) to 3 in order to utilize available DSP registers.
INFO: [HLS 200-486] Changing DSP latency (root=add_ln169_30) to 3 in order to utilize available DSP registers.
INFO: [HLS 200-486] Changing DSP latency (root=add_ln169_28) to 3 in order to utilize available DSP registers.
INFO: [HLS 200-486] Changing DSP latency (root=add_ln169_27) to 3 in order to utilize available DSP registers.
INFO: [HLS 200-486] Changing DSP latency (root=add_ln169_26) to 3 in order to utilize available DSP registers.
INFO: [HLS 200-486] Changing DSP latency (root=add_ln169_25) to 3 in order to utilize available DSP registers.
INFO: [HLS 200-486] Changing DSP latency (root=add_ln169_24) to 3 in order to utilize available DSP registers.
INFO: [HLS 200-486] Changing DSP latency (root=add_ln169_22) to 3 in order to utilize available DSP registers.
INFO: [HLS 200-486] Changing DSP latency (root=add_ln169_20) to 3 in order to utilize available DSP registers.
INFO: [HLS 200-486] Changing DSP latency (root=add_ln169_19) to 3 in order to utilize available DSP registers.
INFO: [HLS 200-486] Changing DSP latency (root=add_ln169_18) to 3 in order to utilize available DSP registers.
INFO: [HLS 200-486] Changing DSP latency (root=add_ln169_17) to 3 in order to utilize available DSP registers.
INFO: [HLS 200-486] Changing DSP latency (root=add_ln169_16) to 3 in order to utilize available DSP registers.
INFO: [HLS 200-486] Changing DSP latency (root=add_ln169_14) to 3 in order to utilize available DSP registers.
INFO: [HLS 200-486] Changing DSP latency (root=add_ln169_12) to 3 in order to utilize available DSP registers.
INFO: [HLS 200-486] Changing DSP latency (root=add_ln169_11) to 3 in order to utilize available DSP registers.
INFO: [HLS 200-486] Changing DSP latency (root=add_ln169_10) to 3 in order to utilize available DSP registers.
INFO: [HLS 200-486] Changing DSP latency (root=add_ln169_9) to 3 in order to utilize available DSP registers.
INFO: [HLS 200-486] Changing DSP latency (root=add_ln169_8) to 3 in order to utilize available DSP registers.
INFO: [HLS 200-486] Changing DSP latency (root=add_ln169_6) to 3 in order to utilize available DSP registers.
INFO: [HLS 200-486] Changing DSP latency (root=add_ln169_4) to 3 in order to utilize available DSP registers.
INFO: [HLS 200-486] Changing DSP latency (root=add_ln169_3) to 3 in order to utilize available DSP registers.
INFO: [HLS 200-486] Changing DSP latency (root=add_ln169_2) to 3 in order to utilize available DSP registers.
INFO: [HLS 200-486] Changing DSP latency (root=add_ln169_1) to 3 in order to utilize available DSP registers.
INFO: [HLS 200-486] Changing DSP latency (root=add_ln169) to 3 in order to utilize available DSP registers.
WARNING: [HLS 200-1015] Estimated delay Estimated delay (5.415ns)  of 'mul' operation 12 bit ('mul_ln169', pwconv_worker.cpp:169) exceeds the target cycle time (target cycle time: 5.000ns, clock uncertainty: 1.350ns, effective cycle time: 3.650ns).

Resolution: For help on HLS 200-1015 see docs.xilinx.com/access/sources/dita/topic?Doc_Version=2024.2%20English&url=ug1448-hls-guidance&resourceid=200-1015.html
INFO: [SCHED 204-61] Pipelining loop 'COMPUTE_PW_S'.
WARNING: [HLS 200-885] The II Violation in module 'pwconv_worker_Pipeline_COMPUTE_PW_S' (loop 'COMPUTE_PW_S'): Unable to schedule 'load' operation 32 bit ('p_ZL10pw_out_buf_0_6_load', pwconv_worker.cpp:169) on array 'p_ZL10pw_out_buf_0_6' due to limited memory ports (II = 1). Please consider using a memory core with more ports or partitioning the array 'p_ZL10pw_out_buf_0_6'.
Resolution: For help on HLS 200-885 see docs.xilinx.com/access/sources/dita/topic?Doc_Version=2024.2%20English&url=ug1448-hls-guidance&resourceid=200-885.html
INFO: [HLS 200-1470] Pipelining result : Target II = 1, Final II = 2, Depth = 15, loop 'COMPUTE_PW_S'
WARNING: [HLS 200-871] Estimated clock period (5.415 ns) exceeds the target (target clock period: 5.000 ns, clock uncertainty: 1.350 ns, effective delay budget: 3.650 ns).
Resolution: For help on HLS 200-871 see docs.xilinx.com/access/sources/dita/topic?Doc_Version=2024.2%20English&url=ug1448-hls-guidance&resourceid=200-871.html
WARNING: [HLS 200-1016] The critical path in module 'pwconv_worker_Pipeline_COMPUTE_PW_S' consists of the following:
	'mul' operation 12 bit ('mul_ln169', pwconv_worker.cpp:169) [1399]  (5.415 ns)

Resolution: For help on HLS 200-1016 see docs.xilinx.com/access/sources/dita/topic?Doc_Version=2024.2%20English&url=ug1448-hls-guidance&resourceid=200-1016.html
INFO: [SCHED 204-11] Finished scheduling.
INFO: [HLS 200-111] Finished Scheduling: CPU user time: 0 seconds. CPU system time: 0 seconds. Elapsed time: 0.846 seconds; current allocated memory: 589.699 MB.
INFO: [BIND 205-100] Starting micro-architecture generation ...
INFO: [BIND 205-101] Performing variable lifetime analysis.
INFO: [BIND 205-101] Exploring resource sharing.
INFO: [BIND 205-101] Binding ...
INFO: [BIND 205-100] Finished micro-architecture generation.
INFO: [HLS 200-111] Finished Binding: CPU user time: 0 seconds. CPU system time: 0 seconds. Elapsed time: 0.186 seconds; current allocated memory: 589.699 MB.
INFO: [HLS 200-10] ----------------------------------------------------------------
INFO: [HLS 200-42] -- Implementing module 'pwconv_worker_Pipeline_WRITE_PW_OUT_VITIS_LOOP_188_4' 
INFO: [HLS 200-10] ----------------------------------------------------------------
INFO: [SCHED 204-11] Starting scheduling ...
INFO: [SCHED 204-61] Pipelining loop 'WRITE_PW_OUT_VITIS_LOOP_188_4'.
INFO: [HLS 200-1470] Pipelining result : Target II = 1, Final II = 1, Depth = 7, loop 'WRITE_PW_OUT_VITIS_LOOP_188_4'
WARNING: [HLS 200-871] Estimated clock period (7.318 ns) exceeds the target (target clock period: 5.000 ns, clock uncertainty: 1.350 ns, effective delay budget: 3.650 ns).
Resolution: For help on HLS 200-871 see docs.xilinx.com/access/sources/dita/topic?Doc_Version=2024.2%20English&url=ug1448-hls-guidance&resourceid=200-871.html
WARNING: [HLS 200-1016] The critical path in module 'pwconv_worker_Pipeline_WRITE_PW_OUT_VITIS_LOOP_188_4' consists of the following:
	'load' operation 29 bit ('sw_load', pwconv_worker.cpp:188) on local variable 'sw', pwconv_worker.cpp:188 [159]  (0.000 ns)
	'icmp' operation 1 bit ('icmp_ln188', pwconv_worker.cpp:188) [164]  (2.463 ns)
	'select' operation 29 bit ('select_ln187', pwconv_worker.cpp:187) [165]  (0.804 ns)
	'add' operation 29 bit ('add_ln188', pwconv_worker.cpp:188) [412]  (2.463 ns)
	'store' operation 0 bit ('sw_write_ln188', pwconv_worker.cpp:188) of variable 'add_ln188', pwconv_worker.cpp:188 on local variable 'sw', pwconv_worker.cpp:188 [415]  (1.588 ns)

Resolution: For help on HLS 200-1016 see docs.xilinx.com/access/sources/dita/topic?Doc_Version=2024.2%20English&url=ug1448-hls-guidance&resourceid=200-1016.html
INFO: [SCHED 204-11] Finished scheduling.
INFO: [HLS 200-111] Finished Scheduling: CPU user time: 1 seconds. CPU system time: 0 seconds. Elapsed time: 0.29 seconds; current allocated memory: 589.727 MB.
INFO: [BIND 205-100] Starting micro-architecture generation ...
INFO: [BIND 205-101] Performing variable lifetime analysis.
INFO: [BIND 205-101] Exploring resource sharing.
INFO: [BIND 205-101] Binding ...
INFO: [BIND 205-100] Finished micro-architecture generation.
INFO: [HLS 200-111] Finished Binding: CPU user time: 0 seconds. CPU system time: 0 seconds. Elapsed time: 0.079 seconds; current allocated memory: 590.066 MB.
INFO: [HLS 200-10] ----------------------------------------------------------------
INFO: [HLS 200-42] -- Implementing module 'pwconv_worker' 
INFO: [HLS 200-10] ----------------------------------------------------------------
INFO: [SCHED 204-11] Starting scheduling ...
WARNING: [HLS 200-871] Estimated clock period (5.728 ns) exceeds the target (target clock period: 5.000 ns, clock uncertainty: 1.350 ns, effective delay budget: 3.650 ns).
Resolution: For help on HLS 200-871 see docs.xilinx.com/access/sources/dita/topic?Doc_Version=2024.2%20English&url=ug1448-hls-guidance&resourceid=200-871.html
WARNING: [HLS 200-1016] The critical path in module 'pwconv_worker' consists of the following:
	'call' operation 0 bit ('_ln75', pwconv_worker.cpp:75) to 'pwconv_worker_Pipeline_VITIS_LOOP_93_1' [817]  (5.728 ns)

Resolution: For help on HLS 200-1016 see docs.xilinx.com/access/sources/dita/topic?Doc_Version=2024.2%20English&url=ug1448-hls-guidance&resourceid=200-1016.html
INFO: [SCHED 204-11] Finished scheduling.
INFO: [HLS 200-111] Finished Scheduling: CPU user time: 0 seconds. CPU system time: 0 seconds. Elapsed time: 0.368 seconds; current allocated memory: 594.379 MB.
INFO: [BIND 205-100] Starting micro-architecture generation ...
INFO: [BIND 205-101] Performing variable lifetime analysis.
INFO: [BIND 205-101] Exploring resource sharing.
INFO: [BIND 205-101] Binding ...
INFO: [BIND 205-100] Finished micro-architecture generation.
INFO: [HLS 200-111] Finished Binding: CPU user time: 0 seconds. CPU system time: 0 seconds. Elapsed time: 0.187 seconds; current allocated memory: 597.855 MB.
INFO: [HLS 200-10] ----------------------------------------------------------------
INFO: [HLS 200-42] -- Implementing module 'dataflow_in_loop_LOOP_DW_CH_1_Block_newFuncRoot_proc2' 
INFO: [HLS 200-10] ----------------------------------------------------------------
INFO: [SCHED 204-11] Starting scheduling ...
WARNING: [HLS 200-871] Estimated clock period (4.336 ns) exceeds the target (target clock period: 5.000 ns, clock uncertainty: 1.350 ns, effective delay budget: 3.650 ns).
Resolution: For help on HLS 200-871 see docs.xilinx.com/access/sources/dita/topic?Doc_Version=2024.2%20English&url=ug1448-hls-guidance&resourceid=200-871.html
WARNING: [HLS 200-1016] The critical path in module 'dataflow_in_loop_LOOP_DW_CH_1_Block_newFuncRoot_proc2' consists of the following:
	wire read operation ('stride_h_read') on port 'stride_h' [13]  (0.000 ns)
	'sdiv' operation 32 bit ('sdiv_ln319', dwconv_worker.cpp:319->dwconv_worker.cpp:319->dwconv_worker.cpp:319->dwconv_worker.cpp:319->dwconv_worker.cpp:319) [23]  (4.336 ns)

Resolution: For help on HLS 200-1016 see docs.xilinx.com/access/sources/dita/topic?Doc_Version=2024.2%20English&url=ug1448-hls-guidance&resourceid=200-1016.html
INFO: [SCHED 204-11] Finished scheduling.
INFO: [HLS 200-111] Finished Scheduling: CPU user time: 0 seconds. CPU system time: 0 seconds. Elapsed time: 0.189 seconds; current allocated memory: 598.664 MB.
INFO: [BIND 205-100] Starting micro-architecture generation ...
INFO: [BIND 205-101] Performing variable lifetime analysis.
INFO: [BIND 205-101] Exploring resource sharing.
INFO: [BIND 205-101] Binding ...
INFO: [BIND 205-100] Finished micro-architecture generation.
INFO: [HLS 200-111] Finished Binding: CPU user time: 0 seconds. CPU system time: 0 seconds. Elapsed time: 0.051 seconds; current allocated memory: 598.957 MB.
INFO: [HLS 200-10] ----------------------------------------------------------------
INFO: [HLS 200-42] -- Implementing module 'dwconv_preload_channel3_Pipeline_PRELOAD_IN' 
INFO: [HLS 200-10] ----------------------------------------------------------------
INFO: [SCHED 204-11] Starting scheduling ...
INFO: [SCHED 204-61] Pipelining loop 'PRELOAD_IN'.
INFO: [HLS 200-1470] Pipelining result : Target II = 1, Final II = 1, Depth = 3, loop 'PRELOAD_IN'
WARNING: [HLS 200-871] Estimated clock period (5.639 ns) exceeds the target (target clock period: 5.000 ns, clock uncertainty: 1.350 ns, effective delay budget: 3.650 ns).
Resolution: For help on HLS 200-871 see docs.xilinx.com/access/sources/dita/topic?Doc_Version=2024.2%20English&url=ug1448-hls-guidance&resourceid=200-871.html
WARNING: [HLS 200-1016] The critical path in module 'dwconv_preload_channel3_Pipeline_PRELOAD_IN' consists of the following:
	'store' operation 0 bit ('hw_write_ln85', dwconv_worker.cpp:85->dwconv_worker.cpp:329->dwconv_worker.cpp:319) of constant 0 on local variable 'hw', dwconv_worker.cpp:85->dwconv_worker.cpp:329->dwconv_worker.cpp:319 [41]  (1.588 ns)
	'load' operation 28 bit ('hw', dwconv_worker.cpp:85->dwconv_worker.cpp:329->dwconv_worker.cpp:319) on local variable 'hw', dwconv_worker.cpp:85->dwconv_worker.cpp:329->dwconv_worker.cpp:319 [44]  (0.000 ns)
	'icmp' operation 1 bit ('icmp_ln85', dwconv_worker.cpp:85->dwconv_worker.cpp:329->dwconv_worker.cpp:319) [46]  (2.463 ns)
	'store' operation 0 bit ('hw_write_ln85', dwconv_worker.cpp:85->dwconv_worker.cpp:329->dwconv_worker.cpp:319) of variable 'add_ln85', dwconv_worker.cpp:85->dwconv_worker.cpp:329->dwconv_worker.cpp:319 on local variable 'hw', dwconv_worker.cpp:85->dwconv_worker.cpp:329->dwconv_worker.cpp:319 [103]  (1.588 ns)

Resolution: For help on HLS 200-1016 see docs.xilinx.com/access/sources/dita/topic?Doc_Version=2024.2%20English&url=ug1448-hls-guidance&resourceid=200-1016.html
INFO: [SCHED 204-11] Finished scheduling.
INFO: [HLS 200-111] Finished Scheduling: CPU user time: 0 seconds. CPU system time: 0 seconds. Elapsed time: 0.093 seconds; current allocated memory: 599.367 MB.
INFO: [BIND 205-100] Starting micro-architecture generation ...
INFO: [BIND 205-101] Performing variable lifetime analysis.
INFO: [BIND 205-101] Exploring resource sharing.
INFO: [BIND 205-101] Binding ...
INFO: [BIND 205-100] Finished micro-architecture generation.
INFO: [HLS 200-111] Finished Binding: CPU user time: 0 seconds. CPU system time: 0 seconds. Elapsed time: 0.055 seconds; current allocated memory: 599.508 MB.
INFO: [HLS 200-10] ----------------------------------------------------------------
INFO: [HLS 200-42] -- Implementing module 'dwconv_preload_channel3' 
INFO: [HLS 200-10] ----------------------------------------------------------------
INFO: [SCHED 204-11] Starting scheduling ...
WARNING: [HLS 200-871] Estimated clock period (4.051 ns) exceeds the target (target clock period: 5.000 ns, clock uncertainty: 1.350 ns, effective delay budget: 3.650 ns).
Resolution: For help on HLS 200-871 see docs.xilinx.com/access/sources/dita/topic?Doc_Version=2024.2%20English&url=ug1448-hls-guidance&resourceid=200-871.html
WARNING: [HLS 200-1016] The critical path in module 'dwconv_preload_channel3' consists of the following:
	'call' operation 0 bit ('_ln85', dwconv_worker.cpp:85->dwconv_worker.cpp:329->dwconv_worker.cpp:319) to 'dwconv_preload_channel3_Pipeline_PRELOAD_IN' [75]  (4.051 ns)

Resolution: For help on HLS 200-1016 see docs.xilinx.com/access/sources/dita/topic?Doc_Version=2024.2%20English&url=ug1448-hls-guidance&resourceid=200-1016.html
INFO: [SCHED 204-11] Finished scheduling.
INFO: [HLS 200-111] Finished Scheduling: CPU user time: 1 seconds. CPU system time: 0 seconds. Elapsed time: 0.076 seconds; current allocated memory: 599.844 MB.
INFO: [BIND 205-100] Starting micro-architecture generation ...
INFO: [BIND 205-101] Performing variable lifetime analysis.
INFO: [BIND 205-101] Exploring resource sharing.
INFO: [BIND 205-101] Binding ...
INFO: [BIND 205-100] Finished micro-architecture generation.
INFO: [HLS 200-111] Finished Binding: CPU user time: 0 seconds. CPU system time: 0 seconds. Elapsed time: 0.061 seconds; current allocated memory: 600.148 MB.
INFO: [HLS 200-10] ----------------------------------------------------------------
INFO: [HLS 200-42] -- Implementing module 'dwconv_process_channel4_Pipeline_LOAD_DW_IN' 
INFO: [HLS 200-10] ----------------------------------------------------------------
INFO: [SCHED 204-11] Starting scheduling ...
INFO: [SCHED 204-61] Pipelining loop 'LOAD_DW_IN'.
WARNING: [HLS 200-885] The II Violation in module 'dwconv_process_channel4_Pipeline_LOAD_DW_IN' (loop 'LOAD_DW_IN'): Unable to schedule 'load' operation 4 bit ('p_ZL9ch_in_buf_0_load', dwconv_worker.cpp:176->dwconv_worker.cpp:330->dwconv_worker.cpp:319) on array 'p_ZL9ch_in_buf_0' due to limited memory ports (II = 1). Please consider using a memory core with more ports or partitioning the array 'p_ZL9ch_in_buf_0'.
Resolution: For help on HLS 200-885 see docs.xilinx.com/access/sources/dita/topic?Doc_Version=2024.2%20English&url=ug1448-hls-guidance&resourceid=200-885.html
INFO: [HLS 200-1470] Pipelining result : Target II = 1, Final II = 2, Depth = 7, loop 'LOAD_DW_IN'
WARNING: [HLS 200-871] Estimated clock period (4.896 ns) exceeds the target (target clock period: 5.000 ns, clock uncertainty: 1.350 ns, effective delay budget: 3.650 ns).
Resolution: For help on HLS 200-871 see docs.xilinx.com/access/sources/dita/topic?Doc_Version=2024.2%20English&url=ug1448-hls-guidance&resourceid=200-871.html
WARNING: [HLS 200-1016] The critical path in module 'dwconv_process_channel4_Pipeline_LOAD_DW_IN' consists of the following:
	'mul' operation 12 bit ('empty_112', dwconv_worker.cpp:168->dwconv_worker.cpp:330->dwconv_worker.cpp:319) [340]  (3.349 ns)
	'add' operation 12 bit ('add_ln176', dwconv_worker.cpp:176->dwconv_worker.cpp:330->dwconv_worker.cpp:319) [346]  (1.547 ns)

Resolution: For help on HLS 200-1016 see docs.xilinx.com/access/sources/dita/topic?Doc_Version=2024.2%20English&url=ug1448-hls-guidance&resourceid=200-1016.html
INFO: [SCHED 204-11] Finished scheduling.
INFO: [HLS 200-111] Finished Scheduling: CPU user time: 0 seconds. CPU system time: 0 seconds. Elapsed time: 0.494 seconds; current allocated memory: 610.469 MB.
INFO: [BIND 205-100] Starting micro-architecture generation ...
INFO: [BIND 205-101] Performing variable lifetime analysis.
INFO: [BIND 205-101] Exploring resource sharing.
INFO: [BIND 205-101] Binding ...
INFO: [BIND 205-100] Finished micro-architecture generation.
INFO: [HLS 200-111] Finished Binding: CPU user time: 0 seconds. CPU system time: 0 seconds. Elapsed time: 0.259 seconds; current allocated memory: 610.691 MB.
INFO: [HLS 200-10] ----------------------------------------------------------------
INFO: [HLS 200-42] -- Implementing module 'dwconv_process_channel4_Pipeline_COMPUTE_DW_KW' 
INFO: [HLS 200-10] ----------------------------------------------------------------
INFO: [SCHED 204-11] Starting scheduling ...
INFO: [HLS 200-486] Changing DSP latency (root=add_ln213_3) to 3 in order to utilize available DSP registers.
INFO: [HLS 200-486] Changing DSP latency (root=add_ln213_2) to 3 in order to utilize available DSP registers.
INFO: [HLS 200-486] Changing DSP latency (root=add_ln213_1) to 3 in order to utilize available DSP registers.
INFO: [HLS 200-486] Changing DSP latency (root=add_ln213) to 3 in order to utilize available DSP registers.
INFO: [SCHED 204-61] Pipelining loop 'COMPUTE_DW_KW'.
INFO: [HLS 200-1470] Pipelining result : Target II = 1, Final II = 1, Depth = 5, loop 'COMPUTE_DW_KW'
WARNING: [HLS 200-871] Estimated clock period (5.728 ns) exceeds the target (target clock period: 5.000 ns, clock uncertainty: 1.350 ns, effective delay budget: 3.650 ns).
Resolution: For help on HLS 200-871 see docs.xilinx.com/access/sources/dita/topic?Doc_Version=2024.2%20English&url=ug1448-hls-guidance&resourceid=200-871.html
WARNING: [HLS 200-1016] The critical path in module 'dwconv_process_channel4_Pipeline_COMPUTE_DW_KW' consists of the following:
	'store' operation 0 bit ('ic_write_ln212', dwconv_worker.cpp:212->dwconv_worker.cpp:330->dwconv_worker.cpp:319) of constant 0 on local variable 'ic', dwconv_worker.cpp:212->dwconv_worker.cpp:330->dwconv_worker.cpp:319 [66]  (1.588 ns)
	'load' operation 31 bit ('kw', dwconv_worker.cpp:206->dwconv_worker.cpp:330->dwconv_worker.cpp:319) on local variable 'ic', dwconv_worker.cpp:212->dwconv_worker.cpp:330->dwconv_worker.cpp:319 [73]  (0.000 ns)
	'icmp' operation 1 bit ('icmp_ln206', dwconv_worker.cpp:206->dwconv_worker.cpp:330->dwconv_worker.cpp:319) [75]  (2.552 ns)
	'store' operation 0 bit ('ic_write_ln212', dwconv_worker.cpp:212->dwconv_worker.cpp:330->dwconv_worker.cpp:319) of variable 'add_ln206', dwconv_worker.cpp:206->dwconv_worker.cpp:330->dwconv_worker.cpp:319 on local variable 'ic', dwconv_worker.cpp:212->dwconv_worker.cpp:330->dwconv_worker.cpp:319 [111]  (1.588 ns)

Resolution: For help on HLS 200-1016 see docs.xilinx.com/access/sources/dita/topic?Doc_Version=2024.2%20English&url=ug1448-hls-guidance&resourceid=200-1016.html
INFO: [SCHED 204-11] Finished scheduling.
INFO: [HLS 200-111] Finished Scheduling: CPU user time: 0 seconds. CPU system time: 0 seconds. Elapsed time: 0.255 seconds; current allocated memory: 611.090 MB.
INFO: [BIND 205-100] Starting micro-architecture generation ...
INFO: [BIND 205-101] Performing variable lifetime analysis.
INFO: [BIND 205-101] Exploring resource sharing.
INFO: [BIND 205-101] Binding ...
INFO: [BIND 205-100] Finished micro-architecture generation.
INFO: [HLS 200-111] Finished Binding: CPU user time: 0 seconds. CPU system time: 0 seconds. Elapsed time: 0.058 seconds; current allocated memory: 611.207 MB.
INFO: [HLS 200-10] ----------------------------------------------------------------
INFO: [HLS 200-42] -- Implementing module 'dwconv_process_channel4_Pipeline_STORE_DW_OUT' 
INFO: [HLS 200-10] ----------------------------------------------------------------
INFO: [SCHED 204-11] Starting scheduling ...
INFO: [HLS 200-486] Changing DSP latency (root=empty_111) to 3 in order to utilize available DSP registers.
INFO: [SCHED 204-61] Pipelining loop 'STORE_DW_OUT'.
WARNING: [HLS 200-880] The II Violation in module 'dwconv_process_channel4_Pipeline_STORE_DW_OUT' (loop 'STORE_DW_OUT'): Unable to enforce a carried dependence constraint (II = 1, distance = 1, offset = 1) between 'store' operation 0 bit ('p_ZL10ch_out_buf_0_addr_1_write_ln251', dwconv_worker.cpp:251->dwconv_worker.cpp:330->dwconv_worker.cpp:319) of variable 'r', dwconv_worker.cpp:29->dwconv_worker.cpp:252->dwconv_worker.cpp:330->dwconv_worker.cpp:319 on array 'p_ZL10ch_out_buf_0' and 'store' operation 0 bit ('p_ZL10ch_out_buf_0_addr_write_ln251', dwconv_worker.cpp:251->dwconv_worker.cpp:330->dwconv_worker.cpp:319) of variable 'r', dwconv_worker.cpp:29->dwconv_worker.cpp:252->dwconv_worker.cpp:330->dwconv_worker.cpp:319 on array 'p_ZL10ch_out_buf_0'.
Resolution: For help on HLS 200-880 see docs.xilinx.com/access/sources/dita/topic?Doc_Version=2024.2%20English&url=ug1448-hls-guidance&resourceid=200-880.html
WARNING: [HLS 200-880] The II Violation in module 'dwconv_process_channel4_Pipeline_STORE_DW_OUT' (loop 'STORE_DW_OUT'): Unable to enforce a carried dependence constraint (II = 2, distance = 1, offset = 1) between 'store' operation 0 bit ('p_ZL10ch_out_buf_0_addr_2_write_ln251', dwconv_worker.cpp:251->dwconv_worker.cpp:330->dwconv_worker.cpp:319) of variable 'r', dwconv_worker.cpp:29->dwconv_worker.cpp:252->dwconv_worker.cpp:330->dwconv_worker.cpp:319 on array 'p_ZL10ch_out_buf_0' and 'store' operation 0 bit ('p_ZL10ch_out_buf_0_addr_write_ln251', dwconv_worker.cpp:251->dwconv_worker.cpp:330->dwconv_worker.cpp:319) of variable 'r', dwconv_worker.cpp:29->dwconv_worker.cpp:252->dwconv_worker.cpp:330->dwconv_worker.cpp:319 on array 'p_ZL10ch_out_buf_0'.
Resolution: For help on HLS 200-880 see docs.xilinx.com/access/sources/dita/topic?Doc_Version=2024.2%20English&url=ug1448-hls-guidance&resourceid=200-880.html
WARNING: [HLS 200-880] The II Violation in module 'dwconv_process_channel4_Pipeline_STORE_DW_OUT' (loop 'STORE_DW_OUT'): Unable to enforce a carried dependence constraint (II = 3, distance = 1, offset = 1) between 'store' operation 0 bit ('p_ZL10ch_out_buf_0_addr_3_write_ln251', dwconv_worker.cpp:251->dwconv_worker.cpp:330->dwconv_worker.cpp:319) of variable 'r', dwconv_worker.cpp:29->dwconv_worker.cpp:252->dwconv_worker.cpp:330->dwconv_worker.cpp:319 on array 'p_ZL10ch_out_buf_0' and 'store' operation 0 bit ('p_ZL10ch_out_buf_0_addr_write_ln251', dwconv_worker.cpp:251->dwconv_worker.cpp:330->dwconv_worker.cpp:319) of variable 'r', dwconv_worker.cpp:29->dwconv_worker.cpp:252->dwconv_worker.cpp:330->dwconv_worker.cpp:319 on array 'p_ZL10ch_out_buf_0'.
Resolution: For help on HLS 200-880 see docs.xilinx.com/access/sources/dita/topic?Doc_Version=2024.2%20English&url=ug1448-hls-guidance&resourceid=200-880.html
INFO: [HLS 200-1470] Pipelining result : Target II = 1, Final II = 4, Depth = 10, loop 'STORE_DW_OUT'
INFO: [SCHED 204-11] Finished scheduling.
INFO: [HLS 200-111] Finished Scheduling: CPU user time: 0 seconds. CPU system time: 0 seconds. Elapsed time: 0.171 seconds; current allocated memory: 613.980 MB.
INFO: [BIND 205-100] Starting micro-architecture generation ...
INFO: [BIND 205-101] Performing variable lifetime analysis.
INFO: [BIND 205-101] Exploring resource sharing.
INFO: [BIND 205-101] Binding ...
INFO: [BIND 205-100] Finished micro-architecture generation.
INFO: [HLS 200-111] Finished Binding: CPU user time: 0 seconds. CPU system time: 0 seconds. Elapsed time: 0.086 seconds; current allocated memory: 614.367 MB.
INFO: [HLS 200-10] ----------------------------------------------------------------
INFO: [HLS 200-42] -- Implementing module 'dwconv_process_channel4_Pipeline_WRITEBACK_OUT' 
INFO: [HLS 200-10] ----------------------------------------------------------------
INFO: [SCHED 204-11] Starting scheduling ...
INFO: [SCHED 204-61] Pipelining loop 'WRITEBACK_OUT'.
INFO: [HLS 200-1470] Pipelining result : Target II = 1, Final II = 1, Depth = 3, loop 'WRITEBACK_OUT'
WARNING: [HLS 200-871] Estimated clock period (5.639 ns) exceeds the target (target clock period: 5.000 ns, clock uncertainty: 1.350 ns, effective delay budget: 3.650 ns).
Resolution: For help on HLS 200-871 see docs.xilinx.com/access/sources/dita/topic?Doc_Version=2024.2%20English&url=ug1448-hls-guidance&resourceid=200-871.html
WARNING: [HLS 200-1016] The critical path in module 'dwconv_process_channel4_Pipeline_WRITEBACK_OUT' consists of the following:
	'store' operation 0 bit ('hw_write_ln262', dwconv_worker.cpp:262->dwconv_worker.cpp:330->dwconv_worker.cpp:319) of constant 0 on local variable 'hw', dwconv_worker.cpp:262->dwconv_worker.cpp:330->dwconv_worker.cpp:319 [41]  (1.588 ns)
	'load' operation 28 bit ('hw', dwconv_worker.cpp:262->dwconv_worker.cpp:330->dwconv_worker.cpp:319) on local variable 'hw', dwconv_worker.cpp:262->dwconv_worker.cpp:330->dwconv_worker.cpp:319 [44]  (0.000 ns)
	'icmp' operation 1 bit ('icmp_ln262', dwconv_worker.cpp:262->dwconv_worker.cpp:330->dwconv_worker.cpp:319) [46]  (2.463 ns)
	'store' operation 0 bit ('hw_write_ln262', dwconv_worker.cpp:262->dwconv_worker.cpp:330->dwconv_worker.cpp:319) of variable 'add_ln262', dwconv_worker.cpp:262->dwconv_worker.cpp:330->dwconv_worker.cpp:319 on local variable 'hw', dwconv_worker.cpp:262->dwconv_worker.cpp:330->dwconv_worker.cpp:319 [98]  (1.588 ns)

Resolution: For help on HLS 200-1016 see docs.xilinx.com/access/sources/dita/topic?Doc_Version=2024.2%20English&url=ug1448-hls-guidance&resourceid=200-1016.html
INFO: [SCHED 204-11] Finished scheduling.
INFO: [HLS 200-111] Finished Scheduling: CPU user time: 1 seconds. CPU system time: 0 seconds. Elapsed time: 0.136 seconds; current allocated memory: 614.504 MB.
INFO: [BIND 205-100] Starting micro-architecture generation ...
INFO: [BIND 205-101] Performing variable lifetime analysis.
INFO: [BIND 205-101] Exploring resource sharing.
INFO: [BIND 205-101] Binding ...
INFO: [BIND 205-100] Finished micro-architecture generation.
INFO: [HLS 200-111] Finished Binding: CPU user time: 0 seconds. CPU system time: 0 seconds. Elapsed time: 0.06 seconds; current allocated memory: 614.543 MB.
INFO: [HLS 200-10] ----------------------------------------------------------------
INFO: [HLS 200-42] -- Implementing module 'dwconv_process_channel4' 
INFO: [HLS 200-10] ----------------------------------------------------------------
INFO: [SCHED 204-11] Starting scheduling ...
WARNING: [HLS 200-1015] Estimated delay Estimated delay (6.978ns)  of 'mul' operation 64 bit ('mul_ln133_1', dwconv_worker.cpp:133->dwconv_worker.cpp:330->dwconv_worker.cpp:319) exceeds the target cycle time (target cycle time: 5.000ns, clock uncertainty: 1.350ns, effective cycle time: 3.650ns).

Resolution: For help on HLS 200-1015 see docs.xilinx.com/access/sources/dita/topic?Doc_Version=2024.2%20English&url=ug1448-hls-guidance&resourceid=200-1015.html
WARNING: [SCHED 204-65] Unable to satisfy pipeline directive for loop 'LOAD_DW_WT': contains subloop(s) that are not unrolled or flattened.
WARNING: [HLS 200-871] Estimated clock period (6.978 ns) exceeds the target (target clock period: 5.000 ns, clock uncertainty: 1.350 ns, effective delay budget: 3.650 ns).
Resolution: For help on HLS 200-871 see docs.xilinx.com/access/sources/dita/topic?Doc_Version=2024.2%20English&url=ug1448-hls-guidance&resourceid=200-871.html
WARNING: [HLS 200-1016] The critical path in module 'dwconv_process_channel4' consists of the following:
	wire read operation ('Kh_read') on port 'Kh' [305]  (0.000 ns)
	'mul' operation 64 bit ('mul_ln133_1', dwconv_worker.cpp:133->dwconv_worker.cpp:330->dwconv_worker.cpp:319) [398]  (6.978 ns)

Resolution: For help on HLS 200-1016 see docs.xilinx.com/access/sources/dita/topic?Doc_Version=2024.2%20English&url=ug1448-hls-guidance&resourceid=200-1016.html
INFO: [SCHED 204-11] Finished scheduling.
INFO: [HLS 200-111] Finished Scheduling: CPU user time: 0 seconds. CPU system time: 0 seconds. Elapsed time: 0.205 seconds; current allocated memory: 619.914 MB.
INFO: [BIND 205-100] Starting micro-architecture generation ...
INFO: [BIND 205-101] Performing variable lifetime analysis.
INFO: [BIND 205-101] Exploring resource sharing.
INFO: [BIND 205-101] Binding ...
INFO: [BIND 205-100] Finished micro-architecture generation.
INFO: [HLS 200-111] Finished Binding: CPU user time: 0 seconds. CPU system time: 0 seconds. Elapsed time: 0.163 seconds; current allocated memory: 621.609 MB.
INFO: [HLS 200-10] ----------------------------------------------------------------
INFO: [HLS 200-42] -- Implementing module 'dataflow_in_loop_LOOP_DW_CH_1' 
INFO: [HLS 200-10] ----------------------------------------------------------------
INFO: [SCHED 204-11] Starting scheduling ...
WARNING: [HLS 200-871] Estimated clock period (6.978 ns) exceeds the target (target clock period: 5.000 ns, clock uncertainty: 1.350 ns, effective delay budget: 3.650 ns).
Resolution: For help on HLS 200-871 see docs.xilinx.com/access/sources/dita/topic?Doc_Version=2024.2%20English&url=ug1448-hls-guidance&resourceid=200-871.html
WARNING: [HLS 200-1016] The critical path in module 'dataflow_in_loop_LOOP_DW_CH_1' consists of the following:
	wire read operation ('out_shift_read') on port 'out_shift' [287]  (0.000 ns)
	'call' operation 0 bit ('_ln330', dwconv_worker.cpp:330->dwconv_worker.cpp:319) to 'dwconv_process_channel4' [333]  (6.978 ns)

Resolution: For help on HLS 200-1016 see docs.xilinx.com/access/sources/dita/topic?Doc_Version=2024.2%20English&url=ug1448-hls-guidance&resourceid=200-1016.html
INFO: [SCHED 204-11] Finished scheduling.
INFO: [HLS 200-111] Finished Scheduling: CPU user time: 0 seconds. CPU system time: 0 seconds. Elapsed time: 0.18 seconds; current allocated memory: 622.156 MB.
INFO: [BIND 205-100] Starting micro-architecture generation ...
INFO: [BIND 205-101] Performing variable lifetime analysis.
INFO: [BIND 205-101] Exploring resource sharing.
INFO: [BIND 205-101] Binding ...
INFO: [BIND 205-100] Finished micro-architecture generation.
INFO: [HLS 200-111] Finished Binding: CPU user time: 0 seconds. CPU system time: 0 seconds. Elapsed time: 0.061 seconds; current allocated memory: 623.281 MB.
INFO: [HLS 200-10] ----------------------------------------------------------------
INFO: [HLS 200-42] -- Implementing module 'dwconv_worker' 
INFO: [HLS 200-10] ----------------------------------------------------------------
INFO: [SCHED 204-11] Starting scheduling ...
WARNING: [HLS 200-871] Estimated clock period (6.978 ns) exceeds the target (target clock period: 5.000 ns, clock uncertainty: 1.350 ns, effective delay budget: 3.650 ns).
Resolution: For help on HLS 200-871 see docs.xilinx.com/access/sources/dita/topic?Doc_Version=2024.2%20English&url=ug1448-hls-guidance&resourceid=200-871.html
WARNING: [HLS 200-1016] The critical path in module 'dwconv_worker' consists of the following:
	'call' operation 0 bit ('_ln319', dwconv_worker.cpp:319) to 'dataflow_in_loop_LOOP_DW_CH.1' [350]  (6.978 ns)

Resolution: For help on HLS 200-1016 see docs.xilinx.com/access/sources/dita/topic?Doc_Version=2024.2%20English&url=ug1448-hls-guidance&resourceid=200-1016.html
INFO: [SCHED 204-11] Finished scheduling.
INFO: [HLS 200-111] Finished Scheduling: CPU user time: 0 seconds. CPU system time: 0 seconds. Elapsed time: 0.099 seconds; current allocated memory: 623.758 MB.
INFO: [BIND 205-100] Starting micro-architecture generation ...
INFO: [BIND 205-101] Performing variable lifetime analysis.
INFO: [BIND 205-101] Exploring resource sharing.
INFO: [BIND 205-101] Binding ...
INFO: [BIND 205-100] Finished micro-architecture generation.
INFO: [HLS 200-111] Finished Binding: CPU user time: 0 seconds. CPU system time: 0 seconds. Elapsed time: 0.06 seconds; current allocated memory: 624.055 MB.
INFO: [HLS 200-10] ----------------------------------------------------------------
INFO: [HLS 200-42] -- Implementing module 'conv_worker_Pipeline_INIT_OUT_VITIS_LOOP_122_1' 
INFO: [HLS 200-10] ----------------------------------------------------------------
INFO: [SCHED 204-11] Starting scheduling ...
INFO: [SCHED 204-61] Pipelining loop 'INIT_OUT_VITIS_LOOP_122_1'.
INFO: [HLS 200-1470] Pipelining result : Target II = 1, Final II = 1, Depth = 13, loop 'INIT_OUT_VITIS_LOOP_122_1'
WARNING: [HLS 200-871] Estimated clock period (5.868 ns) exceeds the target (target clock period: 5.000 ns, clock uncertainty: 1.350 ns, effective delay budget: 3.650 ns).
Resolution: For help on HLS 200-871 see docs.xilinx.com/access/sources/dita/topic?Doc_Version=2024.2%20English&url=ug1448-hls-guidance&resourceid=200-871.html
WARNING: [HLS 200-1016] The critical path in module 'conv_worker_Pipeline_INIT_OUT_VITIS_LOOP_122_1' consists of the following:
	'load' operation 3 bit ('r_load', conv_worker.cpp:122) on local variable 'r', conv_worker.cpp:122 [30]  (0.000 ns)
	'icmp' operation 1 bit ('icmp_ln122', conv_worker.cpp:122) [35]  (1.650 ns)
	'select' operation 3 bit ('select_ln120', conv_worker.cpp:120) [36]  (0.980 ns)
	'add' operation 3 bit ('add_ln122', conv_worker.cpp:122) [75]  (1.650 ns)
	'store' operation 0 bit ('r_write_ln122', conv_worker.cpp:122) of variable 'add_ln122', conv_worker.cpp:122 on local variable 'r', conv_worker.cpp:122 [78]  (1.588 ns)

Resolution: For help on HLS 200-1016 see docs.xilinx.com/access/sources/dita/topic?Doc_Version=2024.2%20English&url=ug1448-hls-guidance&resourceid=200-1016.html
INFO: [SCHED 204-11] Finished scheduling.
INFO: [HLS 200-111] Finished Scheduling: CPU user time: 0 seconds. CPU system time: 0 seconds. Elapsed time: 0.119 seconds; current allocated memory: 624.660 MB.
INFO: [BIND 205-100] Starting micro-architecture generation ...
INFO: [BIND 205-101] Performing variable lifetime analysis.
INFO: [BIND 205-101] Exploring resource sharing.
INFO: [BIND 205-101] Binding ...
INFO: [BIND 205-100] Finished micro-architecture generation.
INFO: [HLS 200-111] Finished Binding: CPU user time: 0 seconds. CPU system time: 0 seconds. Elapsed time: 0.059 seconds; current allocated memory: 624.887 MB.
INFO: [HLS 200-10] ----------------------------------------------------------------
INFO: [HLS 200-42] -- Implementing module 'conv_worker_Pipeline_LOAD_IN_VITIS_LOOP_140_3' 
INFO: [HLS 200-10] ----------------------------------------------------------------
INFO: [SCHED 204-11] Starting scheduling ...
INFO: [SCHED 204-61] Pipelining loop 'LOAD_IN_VITIS_LOOP_140_3'.
WARNING: [HLS 200-885] The II Violation in module 'conv_worker_Pipeline_LOAD_IN_VITIS_LOOP_140_3' (loop 'LOAD_IN_VITIS_LOOP_140_3'): Unable to schedule bus request operation ('w_1_req', conv_worker.cpp:32->conv_worker.cpp:148) on port 'gmem0' (conv_worker.cpp:32->conv_worker.cpp:148) due to limited memory ports (II = 1). Please consider using a memory core with more ports or partitioning the array.
Resolution: For help on HLS 200-885 see docs.xilinx.com/access/sources/dita/topic?Doc_Version=2024.2%20English&url=ug1448-hls-guidance&resourceid=200-885.html
WARNING: [HLS 200-885] The II Violation in module 'conv_worker_Pipeline_LOAD_IN_VITIS_LOOP_140_3' (loop 'LOAD_IN_VITIS_LOOP_140_3'): Unable to schedule bus request operation ('w_2_req', conv_worker.cpp:32->conv_worker.cpp:148) on port 'gmem0' (conv_worker.cpp:32->conv_worker.cpp:148) due to limited memory ports (II = 2). Please consider using a memory core with more ports or partitioning the array.
Resolution: For help on HLS 200-885 see docs.xilinx.com/access/sources/dita/topic?Doc_Version=2024.2%20English&url=ug1448-hls-guidance&resourceid=200-885.html
WARNING: [HLS 200-885] The II Violation in module 'conv_worker_Pipeline_LOAD_IN_VITIS_LOOP_140_3' (loop 'LOAD_IN_VITIS_LOOP_140_3'): Unable to schedule bus request operation ('w_3_req', conv_worker.cpp:32->conv_worker.cpp:148) on port 'gmem0' (conv_worker.cpp:32->conv_worker.cpp:148) due to limited memory ports (II = 3). Please consider using a memory core with more ports or partitioning the array.
Resolution: For help on HLS 200-885 see docs.xilinx.com/access/sources/dita/topic?Doc_Version=2024.2%20English&url=ug1448-hls-guidance&resourceid=200-885.html
WARNING: [HLS 200-885] The II Violation in module 'conv_worker_Pipeline_LOAD_IN_VITIS_LOOP_140_3' (loop 'LOAD_IN_VITIS_LOOP_140_3'): Unable to schedule bus request operation ('w_4_req', conv_worker.cpp:32->conv_worker.cpp:148) on port 'gmem0' (conv_worker.cpp:32->conv_worker.cpp:148) due to limited memory ports (II = 4). Please consider using a memory core with more ports or partitioning the array.
Resolution: For help on HLS 200-885 see docs.xilinx.com/access/sources/dita/topic?Doc_Version=2024.2%20English&url=ug1448-hls-guidance&resourceid=200-885.html
WARNING: [HLS 200-885] The II Violation in module 'conv_worker_Pipeline_LOAD_IN_VITIS_LOOP_140_3' (loop 'LOAD_IN_VITIS_LOOP_140_3'): Unable to schedule bus request operation ('w_7_req', conv_worker.cpp:32->conv_worker.cpp:148) on port 'gmem0' (conv_worker.cpp:32->conv_worker.cpp:148) due to limited memory ports (II = 7). Please consider using a memory core with more ports or partitioning the array.
Resolution: For help on HLS 200-885 see docs.xilinx.com/access/sources/dita/topic?Doc_Version=2024.2%20English&url=ug1448-hls-guidance&resourceid=200-885.html
WARNING: [HLS 200-885] The II Violation in module 'conv_worker_Pipeline_LOAD_IN_VITIS_LOOP_140_3' (loop 'LOAD_IN_VITIS_LOOP_140_3'): Unable to schedule bus request operation ('w_8_req', conv_worker.cpp:32->conv_worker.cpp:148) on port 'gmem0' (conv_worker.cpp:32->conv_worker.cpp:148) due to limited memory ports (II = 8). Please consider using a memory core with more ports or partitioning the array.
Resolution: For help on HLS 200-885 see docs.xilinx.com/access/sources/dita/topic?Doc_Version=2024.2%20English&url=ug1448-hls-guidance&resourceid=200-885.html
INFO: [HLS 200-1470] Pipelining result : Target II = 1, Final II = 9, Depth = 94, loop 'LOAD_IN_VITIS_LOOP_140_3'
WARNING: [HLS 200-871] Estimated clock period (6.072 ns) exceeds the target (target clock period: 5.000 ns, clock uncertainty: 1.350 ns, effective delay budget: 3.650 ns).
Resolution: For help on HLS 200-871 see docs.xilinx.com/access/sources/dita/topic?Doc_Version=2024.2%20English&url=ug1448-hls-guidance&resourceid=200-871.html
WARNING: [HLS 200-1016] The critical path in module 'conv_worker_Pipeline_LOAD_IN_VITIS_LOOP_140_3' consists of the following:
	'add' operation 32 bit ('idx', conv_worker.cpp:148) [176]  (2.552 ns)
	'add' operation 64 bit ('add_ln32', conv_worker.cpp:32->conv_worker.cpp:148) [180]  (3.520 ns)

Resolution: For help on HLS 200-1016 see docs.xilinx.com/access/sources/dita/topic?Doc_Version=2024.2%20English&url=ug1448-hls-guidance&resourceid=200-1016.html
INFO: [SCHED 204-11] Finished scheduling.
INFO: [HLS 200-111] Finished Scheduling: CPU user time: 0 seconds. CPU system time: 0 seconds. Elapsed time: 0.326 seconds; current allocated memory: 629.328 MB.
INFO: [BIND 205-100] Starting micro-architecture generation ...
INFO: [BIND 205-101] Performing variable lifetime analysis.
INFO: [BIND 205-101] Exploring resource sharing.
INFO: [BIND 205-101] Binding ...
INFO: [BIND 205-100] Finished micro-architecture generation.
INFO: [HLS 200-111] Finished Binding: CPU user time: 0 seconds. CPU system time: 0 seconds. Elapsed time: 0.132 seconds; current allocated memory: 630.426 MB.
INFO: [HLS 200-10] ----------------------------------------------------------------
INFO: [HLS 200-42] -- Implementing module 'conv_worker_Pipeline_LOAD_WT_VITIS_LOOP_157_5_VITIS_LOOP_158_6' 
INFO: [HLS 200-10] ----------------------------------------------------------------
INFO: [SCHED 204-11] Starting scheduling ...
INFO: [SCHED 204-61] Pipelining loop 'LOAD_WT_VITIS_LOOP_157_5_VITIS_LOOP_158_6'.
WARNING: [HLS 200-880] The II Violation in module 'conv_worker_Pipeline_LOAD_WT_VITIS_LOOP_157_5_VITIS_LOOP_158_6' (loop 'LOAD_WT_VITIS_LOOP_157_5_VITIS_LOOP_158_6'): Unable to enforce a carried dependence constraint (II = 1, distance = 1, offset = 1) between bus read operation ('gmem1_addr_read_2', conv_worker.cpp:164) on port 'gmem1' (conv_worker.cpp:164) and bus read operation ('gmem1_addr_read', conv_worker.cpp:164) on port 'gmem1' (conv_worker.cpp:164).
Resolution: For help on HLS 200-880 see docs.xilinx.com/access/sources/dita/topic?Doc_Version=2024.2%20English&url=ug1448-hls-guidance&resourceid=200-880.html
WARNING: [HLS 200-880] The II Violation in module 'conv_worker_Pipeline_LOAD_WT_VITIS_LOOP_157_5_VITIS_LOOP_158_6' (loop 'LOAD_WT_VITIS_LOOP_157_5_VITIS_LOOP_158_6'): Unable to enforce a carried dependence constraint (II = 2, distance = 1, offset = 1) between bus read operation ('gmem1_addr_read_2', conv_worker.cpp:164) on port 'gmem1' (conv_worker.cpp:164) and bus read operation ('gmem1_addr_read', conv_worker.cpp:164) on port 'gmem1' (conv_worker.cpp:164).
Resolution: For help on HLS 200-880 see docs.xilinx.com/access/sources/dita/topic?Doc_Version=2024.2%20English&url=ug1448-hls-guidance&resourceid=200-880.html
INFO: [HLS 200-1470] Pipelining result : Target II = 1, Final II = 3, Depth = 87, loop 'LOAD_WT_VITIS_LOOP_157_5_VITIS_LOOP_158_6'
WARNING: [HLS 200-871] Estimated clock period (3.950 ns) exceeds the target (target clock period: 5.000 ns, clock uncertainty: 1.350 ns, effective delay budget: 3.650 ns).
Resolution: For help on HLS 200-871 see docs.xilinx.com/access/sources/dita/topic?Doc_Version=2024.2%20English&url=ug1448-hls-guidance&resourceid=200-871.html
WARNING: [HLS 200-1016] The critical path in module 'conv_worker_Pipeline_LOAD_WT_VITIS_LOOP_157_5_VITIS_LOOP_158_6' consists of the following:
	'mul' operation 32 bit ('mul_ln156', conv_worker.cpp:156) [54]  (3.950 ns)

Resolution: For help on HLS 200-1016 see docs.xilinx.com/access/sources/dita/topic?Doc_Version=2024.2%20English&url=ug1448-hls-guidance&resourceid=200-1016.html
INFO: [SCHED 204-11] Finished scheduling.
INFO: [HLS 200-111] Finished Scheduling: CPU user time: 1 seconds. CPU system time: 0 seconds. Elapsed time: 0.213 seconds; current allocated memory: 632.430 MB.
INFO: [BIND 205-100] Starting micro-architecture generation ...
INFO: [BIND 205-101] Performing variable lifetime analysis.
INFO: [BIND 205-101] Exploring resource sharing.
INFO: [BIND 205-101] Binding ...
INFO: [BIND 205-100] Finished micro-architecture generation.
INFO: [HLS 200-111] Finished Binding: CPU user time: 0 seconds. CPU system time: 0 seconds. Elapsed time: 0.073 seconds; current allocated memory: 632.457 MB.
INFO: [HLS 200-10] ----------------------------------------------------------------
INFO: [HLS 200-42] -- Implementing module 'conv_worker_Pipeline_COMPUTE_KH_COMPUTE_KW_COMPUTE_TR_COMPUTE_TC' 
INFO: [HLS 200-10] ----------------------------------------------------------------
INFO: [SCHED 204-11] Starting scheduling ...
INFO: [HLS 200-486] Changing DSP latency (root=add_ln195_2) to 3 in order to utilize available DSP registers.
INFO: [HLS 200-486] Changing DSP latency (root=add_ln195) to 3 in order to utilize available DSP registers.
WARNING: [HLS 200-1015] Estimated delay Estimated delay (5.415ns)  of 'mul' operation 12 bit ('mul_ln195_1', conv_worker.cpp:195) exceeds the target cycle time (target cycle time: 5.000ns, clock uncertainty: 1.350ns, effective cycle time: 3.650ns).

Resolution: For help on HLS 200-1015 see docs.xilinx.com/access/sources/dita/topic?Doc_Version=2024.2%20English&url=ug1448-hls-guidance&resourceid=200-1015.html
INFO: [SCHED 204-61] Pipelining loop 'COMPUTE_KH_COMPUTE_KW_COMPUTE_TR_COMPUTE_TC'.
INFO: [HLS 200-1470] Pipelining result : Target II = 1, Final II = 1, Depth = 13, loop 'COMPUTE_KH_COMPUTE_KW_COMPUTE_TR_COMPUTE_TC'
WARNING: [HLS 200-871] Estimated clock period (6.846 ns) exceeds the target (target clock period: 5.000 ns, clock uncertainty: 1.350 ns, effective delay budget: 3.650 ns).
Resolution: For help on HLS 200-871 see docs.xilinx.com/access/sources/dita/topic?Doc_Version=2024.2%20English&url=ug1448-hls-guidance&resourceid=200-871.html
WARNING: [HLS 200-1016] The critical path in module 'conv_worker_Pipeline_COMPUTE_KH_COMPUTE_KW_COMPUTE_TR_COMPUTE_TC' consists of the following:
	'load' operation 3 bit ('c_load', conv_worker.cpp:183) on local variable 'c', conv_worker.cpp:183 [44]  (0.000 ns)
	'icmp' operation 1 bit ('icmp_ln183', conv_worker.cpp:183) [54]  (1.650 ns)
	'and' operation 1 bit ('icmp_ln183_mid246', conv_worker.cpp:176) [64]  (0.978 ns)
	'or' operation 1 bit ('empty_177', conv_worker.cpp:176) [67]  (0.000 ns)
	'or' operation 1 bit ('empty_178', conv_worker.cpp:176) [68]  (0.000 ns)
	'select' operation 3 bit ('c_mid2', conv_worker.cpp:176) [69]  (0.980 ns)
	'add' operation 3 bit ('c', conv_worker.cpp:183) [162]  (1.650 ns)
	'store' operation 0 bit ('c_write_ln183', conv_worker.cpp:183) of variable 'c', conv_worker.cpp:183 on local variable 'c', conv_worker.cpp:183 [173]  (1.588 ns)

Resolution: For help on HLS 200-1016 see docs.xilinx.com/access/sources/dita/topic?Doc_Version=2024.2%20English&url=ug1448-hls-guidance&resourceid=200-1016.html
INFO: [SCHED 204-11] Finished scheduling.
INFO: [HLS 200-111] Finished Scheduling: CPU user time: 0 seconds. CPU system time: 0 seconds. Elapsed time: 0.173 seconds; current allocated memory: 633.770 MB.
INFO: [BIND 205-100] Starting micro-architecture generation ...
INFO: [BIND 205-101] Performing variable lifetime analysis.
INFO: [BIND 205-101] Exploring resource sharing.
INFO: [BIND 205-101] Binding ...
INFO: [BIND 205-100] Finished micro-architecture generation.
INFO: [HLS 200-111] Finished Binding: CPU user time: 0 seconds. CPU system time: 0 seconds. Elapsed time: 0.068 seconds; current allocated memory: 633.891 MB.
INFO: [HLS 200-10] ----------------------------------------------------------------
INFO: [HLS 200-42] -- Implementing module 'conv_worker_Pipeline_VITIS_LOOP_215_8' 
INFO: [HLS 200-10] ----------------------------------------------------------------
INFO: [SCHED 204-11] Starting scheduling ...
INFO: [SCHED 204-61] Pipelining loop 'VITIS_LOOP_215_8'.
INFO: [HLS 200-1470] Pipelining result : Target II = 1, Final II = 1, Depth = 79, loop 'VITIS_LOOP_215_8'
WARNING: [HLS 200-871] Estimated clock period (5.728 ns) exceeds the target (target clock period: 5.000 ns, clock uncertainty: 1.350 ns, effective delay budget: 3.650 ns).
Resolution: For help on HLS 200-871 see docs.xilinx.com/access/sources/dita/topic?Doc_Version=2024.2%20English&url=ug1448-hls-guidance&resourceid=200-871.html
WARNING: [HLS 200-1016] The critical path in module 'conv_worker_Pipeline_VITIS_LOOP_215_8' consists of the following:
	'store' operation 0 bit ('r_write_ln215', conv_worker.cpp:215) of constant 0 on local variable 'r', conv_worker.cpp:215 [46]  (1.588 ns)
	'load' operation 3 bit ('r', conv_worker.cpp:215) on local variable 'r', conv_worker.cpp:215 [49]  (0.000 ns)
	'icmp' operation 1 bit ('icmp_ln216', conv_worker.cpp:216) [59]  (2.552 ns)
	'store' operation 0 bit ('r_write_ln215', conv_worker.cpp:215) of variable 'add_ln215', conv_worker.cpp:215 on local variable 'r', conv_worker.cpp:215 [176]  (1.588 ns)

Resolution: For help on HLS 200-1016 see docs.xilinx.com/access/sources/dita/topic?Doc_Version=2024.2%20English&url=ug1448-hls-guidance&resourceid=200-1016.html
INFO: [SCHED 204-11] Finished scheduling.
INFO: [HLS 200-111] Finished Scheduling: CPU user time: 0 seconds. CPU system time: 0 seconds. Elapsed time: 0.132 seconds; current allocated memory: 634.535 MB.
INFO: [BIND 205-100] Starting micro-architecture generation ...
INFO: [BIND 205-101] Performing variable lifetime analysis.
INFO: [BIND 205-101] Exploring resource sharing.
INFO: [BIND 205-101] Binding ...
INFO: [BIND 205-100] Finished micro-architecture generation.
INFO: [HLS 200-111] Finished Binding: CPU user time: 0 seconds. CPU system time: 0 seconds. Elapsed time: 0.073 seconds; current allocated memory: 634.949 MB.
INFO: [HLS 200-10] ----------------------------------------------------------------
INFO: [HLS 200-42] -- Implementing module 'conv_worker' 
INFO: [HLS 200-10] ----------------------------------------------------------------
INFO: [SCHED 204-11] Starting scheduling ...
WARNING: [HLS 200-871] Estimated clock period (4.336 ns) exceeds the target (target clock period: 5.000 ns, clock uncertainty: 1.350 ns, effective delay budget: 3.650 ns).
Resolution: For help on HLS 200-871 see docs.xilinx.com/access/sources/dita/topic?Doc_Version=2024.2%20English&url=ug1448-hls-guidance&resourceid=200-871.html
WARNING: [HLS 200-1016] The critical path in module 'conv_worker' consists of the following:
	wire read operation ('stride_h_read', conv_worker.cpp:67) on port 'stride_h' (conv_worker.cpp:67) [44]  (0.000 ns)
	'sdiv' operation 32 bit ('sdiv_ln87', conv_worker.cpp:87) [56]  (4.336 ns)

Resolution: For help on HLS 200-1016 see docs.xilinx.com/access/sources/dita/topic?Doc_Version=2024.2%20English&url=ug1448-hls-guidance&resourceid=200-1016.html
INFO: [SCHED 204-11] Finished scheduling.
INFO: [HLS 200-111] Finished Scheduling: CPU user time: 0 seconds. CPU system time: 0 seconds. Elapsed time: 0.148 seconds; current allocated memory: 636.535 MB.
INFO: [BIND 205-100] Starting micro-architecture generation ...
INFO: [BIND 205-101] Performing variable lifetime analysis.
INFO: [BIND 205-101] Exploring resource sharing.
INFO: [BIND 205-101] Binding ...
INFO: [BIND 205-100] Finished micro-architecture generation.
INFO: [HLS 200-111] Finished Binding: CPU user time: 0 seconds. CPU system time: 0 seconds. Elapsed time: 0.079 seconds; current allocated memory: 637.266 MB.
INFO: [HLS 200-10] ----------------------------------------------------------------
INFO: [HLS 200-42] -- Implementing module 'fastvit_ip' 
INFO: [HLS 200-10] ----------------------------------------------------------------
INFO: [SCHED 204-11] Starting scheduling ...
WARNING: [HLS 200-871] Estimated clock period (4.336 ns) exceeds the target (target clock period: 5.000 ns, clock uncertainty: 1.350 ns, effective delay budget: 3.650 ns).
Resolution: For help on HLS 200-871 see docs.xilinx.com/access/sources/dita/topic?Doc_Version=2024.2%20English&url=ug1448-hls-guidance&resourceid=200-871.html
WARNING: [HLS 200-1016] The critical path in module 'fastvit_ip' consists of the following:
	'call' operation 0 bit ('_ln67', fastvit_ip.cpp:67) to 'conv_worker' [1100]  (4.336 ns)

Resolution: For help on HLS 200-1016 see docs.xilinx.com/access/sources/dita/topic?Doc_Version=2024.2%20English&url=ug1448-hls-guidance&resourceid=200-1016.html
INFO: [SCHED 204-11] Finished scheduling.
INFO: [HLS 200-111] Finished Scheduling: CPU user time: 0 seconds. CPU system time: 0 seconds. Elapsed time: 0.126 seconds; current allocated memory: 638.191 MB.
INFO: [BIND 205-100] Starting micro-architecture generation ...
INFO: [BIND 205-101] Performing variable lifetime analysis.
INFO: [BIND 205-101] Exploring resource sharing.
INFO: [BIND 205-101] Binding ...
INFO: [BIND 205-100] Finished micro-architecture generation.
INFO: [HLS 200-111] Finished Binding: CPU user time: 0 seconds. CPU system time: 0 seconds. Elapsed time: 0.092 seconds; current allocated memory: 640.887 MB.
INFO: [HLS 200-10] ----------------------------------------------------------------
INFO: [HLS 200-10] -- Generating RTL for module 'gelu_worker_Pipeline_GELU_LOOP' 
INFO: [HLS 200-10] ----------------------------------------------------------------
INFO: [HLS 200-1030] Apply Unified Pipeline Control on module 'gelu_worker_Pipeline_GELU_LOOP' pipeline 'GELU_LOOP' pipeline type 'loop pipeline'
WARNING: [RTGEN 206-101] Setting dangling out port 'gelu_worker_Pipeline_GELU_LOOP/m_axi_gmem0_0_ARVALID' to 0.
WARNING: [RTGEN 206-101] Setting dangling out port 'gelu_worker_Pipeline_GELU_LOOP/m_axi_gmem0_0_ARADDR' to 0.
WARNING: [RTGEN 206-101] Setting dangling out port 'gelu_worker_Pipeline_GELU_LOOP/m_axi_gmem0_0_ARID' to 0.
WARNING: [RTGEN 206-101] Setting dangling out port 'gelu_worker_Pipeline_GELU_LOOP/m_axi_gmem0_0_ARLEN' to 0.
WARNING: [RTGEN 206-101] Setting dangling out port 'gelu_worker_Pipeline_GELU_LOOP/m_axi_gmem0_0_ARSIZE' to 0.
WARNING: [RTGEN 206-101] Setting dangling out port 'gelu_worker_Pipeline_GELU_LOOP/m_axi_gmem0_0_ARBURST' to 0.
WARNING: [RTGEN 206-101] Setting dangling out port 'gelu_worker_Pipeline_GELU_LOOP/m_axi_gmem0_0_ARLOCK' to 0.
WARNING: [RTGEN 206-101] Setting dangling out port 'gelu_worker_Pipeline_GELU_LOOP/m_axi_gmem0_0_ARCACHE' to 0.
WARNING: [RTGEN 206-101] Setting dangling out port 'gelu_worker_Pipeline_GELU_LOOP/m_axi_gmem0_0_ARPROT' to 0.
WARNING: [RTGEN 206-101] Setting dangling out port 'gelu_worker_Pipeline_GELU_LOOP/m_axi_gmem0_0_ARQOS' to 0.
WARNING: [RTGEN 206-101] Setting dangling out port 'gelu_worker_Pipeline_GELU_LOOP/m_axi_gmem0_0_ARREGION' to 0.
WARNING: [RTGEN 206-101] Setting dangling out port 'gelu_worker_Pipeline_GELU_LOOP/m_axi_gmem0_0_ARUSER' to 0.
WARNING: [RTGEN 206-101] Setting dangling out port 'gelu_worker_Pipeline_GELU_LOOP/m_axi_gmem3_0_AWVALID' to 0.
WARNING: [RTGEN 206-101] Setting dangling out port 'gelu_worker_Pipeline_GELU_LOOP/m_axi_gmem3_0_AWADDR' to 0.
WARNING: [RTGEN 206-101] Setting dangling out port 'gelu_worker_Pipeline_GELU_LOOP/m_axi_gmem3_0_AWID' to 0.
WARNING: [RTGEN 206-101] Setting dangling out port 'gelu_worker_Pipeline_GELU_LOOP/m_axi_gmem3_0_AWLEN' to 0.
WARNING: [RTGEN 206-101] Setting dangling out port 'gelu_worker_Pipeline_GELU_LOOP/m_axi_gmem3_0_AWSIZE' to 0.
WARNING: [RTGEN 206-101] Setting dangling out port 'gelu_worker_Pipeline_GELU_LOOP/m_axi_gmem3_0_AWBURST' to 0.
WARNING: [RTGEN 206-101] Setting dangling out port 'gelu_worker_Pipeline_GELU_LOOP/m_axi_gmem3_0_AWLOCK' to 0.
WARNING: [RTGEN 206-101] Setting dangling out port 'gelu_worker_Pipeline_GELU_LOOP/m_axi_gmem3_0_AWCACHE' to 0.
WARNING: [RTGEN 206-101] Setting dangling out port 'gelu_worker_Pipeline_GELU_LOOP/m_axi_gmem3_0_AWPROT' to 0.
WARNING: [RTGEN 206-101] Setting dangling out port 'gelu_worker_Pipeline_GELU_LOOP/m_axi_gmem3_0_AWQOS' to 0.
WARNING: [RTGEN 206-101] Setting dangling out port 'gelu_worker_Pipeline_GELU_LOOP/m_axi_gmem3_0_AWREGION' to 0.
WARNING: [RTGEN 206-101] Setting dangling out port 'gelu_worker_Pipeline_GELU_LOOP/m_axi_gmem3_0_AWUSER' to 0.
WARNING: [RTGEN 206-101] Setting dangling out port 'gelu_worker_Pipeline_GELU_LOOP/m_axi_gmem3_0_BREADY' to 0.
INFO: [RTGEN 206-100] Finished creating RTL model for 'gelu_worker_Pipeline_GELU_LOOP'.
INFO: [RTMG 210-279] Implementing memory 'fastvit_ip_gelu_worker_Pipeline_GELU_LOOP_gelu_rom_ROM_1P_LUTRAM_1R' using distributed ROMs.
INFO: [HLS 200-111] Finished Creating RTL model: CPU user time: 0 seconds. CPU system time: 0 seconds. Elapsed time: 0.473 seconds; current allocated memory: 643.734 MB.
INFO: [HLS 200-10] ----------------------------------------------------------------
INFO: [HLS 200-10] -- Generating RTL for module 'gelu_worker' 
INFO: [HLS 200-10] ----------------------------------------------------------------
INFO: [RTGEN 206-100] Generating core module 'mul_32s_32s_32_5_1': 2 instance(s).
INFO: [RTGEN 206-100] Finished creating RTL model for 'gelu_worker'.
INFO: [HLS 200-111] Finished Creating RTL model: CPU user time: 0 seconds. CPU system time: 0 seconds. Elapsed time: 0.15 seconds; current allocated memory: 647.648 MB.
INFO: [HLS 200-10] ----------------------------------------------------------------
INFO: [HLS 200-10] -- Generating RTL for module 'add_worker_Pipeline_ADD_LOOP' 
INFO: [HLS 200-10] ----------------------------------------------------------------
INFO: [HLS 200-1030] Apply Unified Pipeline Control on module 'add_worker_Pipeline_ADD_LOOP' pipeline 'ADD_LOOP' pipeline type 'loop pipeline'
WARNING: [RTGEN 206-101] Setting dangling out port 'add_worker_Pipeline_ADD_LOOP/m_axi_gmem0_0_ARVALID' to 0.
WARNING: [RTGEN 206-101] Setting dangling out port 'add_worker_Pipeline_ADD_LOOP/m_axi_gmem0_0_ARADDR' to 0.
WARNING: [RTGEN 206-101] Setting dangling out port 'add_worker_Pipeline_ADD_LOOP/m_axi_gmem0_0_ARID' to 0.
WARNING: [RTGEN 206-101] Setting dangling out port 'add_worker_Pipeline_ADD_LOOP/m_axi_gmem0_0_ARLEN' to 0.
WARNING: [RTGEN 206-101] Setting dangling out port 'add_worker_Pipeline_ADD_LOOP/m_axi_gmem0_0_ARSIZE' to 0.
WARNING: [RTGEN 206-101] Setting dangling out port 'add_worker_Pipeline_ADD_LOOP/m_axi_gmem0_0_ARBURST' to 0.
WARNING: [RTGEN 206-101] Setting dangling out port 'add_worker_Pipeline_ADD_LOOP/m_axi_gmem0_0_ARLOCK' to 0.
WARNING: [RTGEN 206-101] Setting dangling out port 'add_worker_Pipeline_ADD_LOOP/m_axi_gmem0_0_ARCACHE' to 0.
WARNING: [RTGEN 206-101] Setting dangling out port 'add_worker_Pipeline_ADD_LOOP/m_axi_gmem0_0_ARPROT' to 0.
WARNING: [RTGEN 206-101] Setting dangling out port 'add_worker_Pipeline_ADD_LOOP/m_axi_gmem0_0_ARQOS' to 0.
WARNING: [RTGEN 206-101] Setting dangling out port 'add_worker_Pipeline_ADD_LOOP/m_axi_gmem0_0_ARREGION' to 0.
WARNING: [RTGEN 206-101] Setting dangling out port 'add_worker_Pipeline_ADD_LOOP/m_axi_gmem0_0_ARUSER' to 0.
WARNING: [RTGEN 206-101] Setting dangling out port 'add_worker_Pipeline_ADD_LOOP/m_axi_gmem3_0_AWVALID' to 0.
WARNING: [RTGEN 206-101] Setting dangling out port 'add_worker_Pipeline_ADD_LOOP/m_axi_gmem3_0_AWADDR' to 0.
WARNING: [RTGEN 206-101] Setting dangling out port 'add_worker_Pipeline_ADD_LOOP/m_axi_gmem3_0_AWID' to 0.
WARNING: [RTGEN 206-101] Setting dangling out port 'add_worker_Pipeline_ADD_LOOP/m_axi_gmem3_0_AWLEN' to 0.
WARNING: [RTGEN 206-101] Setting dangling out port 'add_worker_Pipeline_ADD_LOOP/m_axi_gmem3_0_AWSIZE' to 0.
WARNING: [RTGEN 206-101] Setting dangling out port 'add_worker_Pipeline_ADD_LOOP/m_axi_gmem3_0_AWBURST' to 0.
WARNING: [RTGEN 206-101] Setting dangling out port 'add_worker_Pipeline_ADD_LOOP/m_axi_gmem3_0_AWLOCK' to 0.
WARNING: [RTGEN 206-101] Setting dangling out port 'add_worker_Pipeline_ADD_LOOP/m_axi_gmem3_0_AWCACHE' to 0.
WARNING: [RTGEN 206-101] Setting dangling out port 'add_worker_Pipeline_ADD_LOOP/m_axi_gmem3_0_AWPROT' to 0.
WARNING: [RTGEN 206-101] Setting dangling out port 'add_worker_Pipeline_ADD_LOOP/m_axi_gmem3_0_AWQOS' to 0.
WARNING: [RTGEN 206-101] Setting dangling out port 'add_worker_Pipeline_ADD_LOOP/m_axi_gmem3_0_AWREGION' to 0.
WARNING: [RTGEN 206-101] Setting dangling out port 'add_worker_Pipeline_ADD_LOOP/m_axi_gmem3_0_AWUSER' to 0.
WARNING: [RTGEN 206-101] Setting dangling out port 'add_worker_Pipeline_ADD_LOOP/m_axi_gmem3_0_BREADY' to 0.
INFO: [RTGEN 206-100] Finished creating RTL model for 'add_worker_Pipeline_ADD_LOOP'.
INFO: [HLS 200-111] Finished Creating RTL model: CPU user time: 1 seconds. CPU system time: 0 seconds. Elapsed time: 0.474 seconds; current allocated memory: 652.141 MB.
INFO: [HLS 200-10] ----------------------------------------------------------------
INFO: [HLS 200-10] -- Generating RTL for module 'add_worker' 
INFO: [HLS 200-10] ----------------------------------------------------------------
INFO: [RTGEN 206-100] Generating core module 'mul_32s_32s_32_5_1': 2 instance(s).
INFO: [RTGEN 206-100] Finished creating RTL model for 'add_worker'.
INFO: [HLS 200-111] Finished Creating RTL model: CPU user time: 0 seconds. CPU system time: 1 seconds. Elapsed time: 0.27 seconds; current allocated memory: 659.121 MB.
INFO: [HLS 200-10] ----------------------------------------------------------------
INFO: [HLS 200-10] -- Generating RTL for module 'pwconv_worker_Pipeline_VITIS_LOOP_93_1' 
INFO: [HLS 200-10] ----------------------------------------------------------------
INFO: [HLS 200-1030] Apply Unified Pipeline Control on module 'pwconv_worker_Pipeline_VITIS_LOOP_93_1' pipeline 'VITIS_LOOP_93_1' pipeline type 'loop pipeline'
INFO: [RTGEN 206-100] Finished creating RTL model for 'pwconv_worker_Pipeline_VITIS_LOOP_93_1'.
INFO: [HLS 200-111] Finished Creating RTL model: CPU user time: 0 seconds. CPU system time: 0 seconds. Elapsed time: 0.117 seconds; current allocated memory: 660.875 MB.
INFO: [HLS 200-10] ----------------------------------------------------------------
INFO: [HLS 200-10] -- Generating RTL for module 'pwconv_worker_Pipeline_VITIS_LOOP_93_12' 
INFO: [HLS 200-10] ----------------------------------------------------------------
INFO: [HLS 200-1030] Apply Unified Pipeline Control on module 'pwconv_worker_Pipeline_VITIS_LOOP_93_12' pipeline 'VITIS_LOOP_93_1' pipeline type 'loop pipeline'
INFO: [RTGEN 206-100] Finished creating RTL model for 'pwconv_worker_Pipeline_VITIS_LOOP_93_12'.
INFO: [HLS 200-111] Finished Creating RTL model: CPU user time: 0 seconds. CPU system time: 0 seconds. Elapsed time: 0.096 seconds; current allocated memory: 662.289 MB.
INFO: [HLS 200-10] ----------------------------------------------------------------
INFO: [HLS 200-10] -- Generating RTL for module 'pwconv_worker_Pipeline_VITIS_LOOP_93_13' 
INFO: [HLS 200-10] ----------------------------------------------------------------
INFO: [HLS 200-1030] Apply Unified Pipeline Control on module 'pwconv_worker_Pipeline_VITIS_LOOP_93_13' pipeline 'VITIS_LOOP_93_1' pipeline type 'loop pipeline'
INFO: [RTGEN 206-100] Finished creating RTL model for 'pwconv_worker_Pipeline_VITIS_LOOP_93_13'.
INFO: [HLS 200-111] Finished Creating RTL model: CPU user time: 0 seconds. CPU system time: 0 seconds. Elapsed time: 0.097 seconds; current allocated memory: 663.234 MB.
INFO: [HLS 200-10] ----------------------------------------------------------------
INFO: [HLS 200-10] -- Generating RTL for module 'pwconv_worker_Pipeline_VITIS_LOOP_93_14' 
INFO: [HLS 200-10] ----------------------------------------------------------------
INFO: [HLS 200-1030] Apply Unified Pipeline Control on module 'pwconv_worker_Pipeline_VITIS_LOOP_93_14' pipeline 'VITIS_LOOP_93_1' pipeline type 'loop pipeline'
INFO: [RTGEN 206-100] Finished creating RTL model for 'pwconv_worker_Pipeline_VITIS_LOOP_93_14'.
INFO: [HLS 200-111] Finished Creating RTL model: CPU user time: 0 seconds. CPU system time: 0 seconds. Elapsed time: 0.096 seconds; current allocated memory: 664.465 MB.
INFO: [HLS 200-10] ----------------------------------------------------------------
INFO: [HLS 200-10] -- Generating RTL for module 'pwconv_worker_Pipeline_VITIS_LOOP_93_15' 
INFO: [HLS 200-10] ----------------------------------------------------------------
INFO: [HLS 200-1030] Apply Unified Pipeline Control on module 'pwconv_worker_Pipeline_VITIS_LOOP_93_15' pipeline 'VITIS_LOOP_93_1' pipeline type 'loop pipeline'
INFO: [RTGEN 206-100] Finished creating RTL model for 'pwconv_worker_Pipeline_VITIS_LOOP_93_15'.
INFO: [HLS 200-111] Finished Creating RTL model: CPU user time: 0 seconds. CPU system time: 0 seconds. Elapsed time: 0.101 seconds; current allocated memory: 665.738 MB.
INFO: [HLS 200-10] ----------------------------------------------------------------
INFO: [HLS 200-10] -- Generating RTL for module 'pwconv_worker_Pipeline_VITIS_LOOP_93_16' 
INFO: [HLS 200-10] ----------------------------------------------------------------
INFO: [HLS 200-1030] Apply Unified Pipeline Control on module 'pwconv_worker_Pipeline_VITIS_LOOP_93_16' pipeline 'VITIS_LOOP_93_1' pipeline type 'loop pipeline'
INFO: [RTGEN 206-100] Finished creating RTL model for 'pwconv_worker_Pipeline_VITIS_LOOP_93_16'.
INFO: [HLS 200-111] Finished Creating RTL model: CPU user time: 0 seconds. CPU system time: 0 seconds. Elapsed time: 0.098 seconds; current allocated memory: 666.941 MB.
INFO: [HLS 200-10] ----------------------------------------------------------------
INFO: [HLS 200-10] -- Generating RTL for module 'pwconv_worker_Pipeline_VITIS_LOOP_93_17' 
INFO: [HLS 200-10] ----------------------------------------------------------------
INFO: [HLS 200-1030] Apply Unified Pipeline Control on module 'pwconv_worker_Pipeline_VITIS_LOOP_93_17' pipeline 'VITIS_LOOP_93_1' pipeline type 'loop pipeline'
INFO: [RTGEN 206-100] Finished creating RTL model for 'pwconv_worker_Pipeline_VITIS_LOOP_93_17'.
INFO: [HLS 200-111] Finished Creating RTL model: CPU user time: 0 seconds. CPU system time: 0 seconds. Elapsed time: 0.097 seconds; current allocated memory: 668.008 MB.
INFO: [HLS 200-10] ----------------------------------------------------------------
INFO: [HLS 200-10] -- Generating RTL for module 'pwconv_worker_Pipeline_VITIS_LOOP_93_18' 
INFO: [HLS 200-10] ----------------------------------------------------------------
INFO: [HLS 200-1030] Apply Unified Pipeline Control on module 'pwconv_worker_Pipeline_VITIS_LOOP_93_18' pipeline 'VITIS_LOOP_93_1' pipeline type 'loop pipeline'
INFO: [RTGEN 206-100] Finished creating RTL model for 'pwconv_worker_Pipeline_VITIS_LOOP_93_18'.
INFO: [HLS 200-111] Finished Creating RTL model: CPU user time: 0 seconds. CPU system time: 0 seconds. Elapsed time: 0.099 seconds; current allocated memory: 669.660 MB.
INFO: [HLS 200-10] ----------------------------------------------------------------
INFO: [HLS 200-10] -- Generating RTL for module 'pwconv_worker_Pipeline_LOAD_PW_WT' 
INFO: [HLS 200-10] ----------------------------------------------------------------
INFO: [HLS 200-1030] Apply Unified Pipeline Control on module 'pwconv_worker_Pipeline_LOAD_PW_WT' pipeline 'LOAD_PW_WT' pipeline type 'loop pipeline'
INFO: [RTGEN 206-100] Generating core module 'mul_32ns_32s_64_5_1': 1 instance(s).
INFO: [RTGEN 206-100] Finished creating RTL model for 'pwconv_worker_Pipeline_LOAD_PW_WT'.
INFO: [HLS 200-111] Finished Creating RTL model: CPU user time: 0 seconds. CPU system time: 0 seconds. Elapsed time: 0.195 seconds; current allocated memory: 673.816 MB.
INFO: [HLS 200-10] ----------------------------------------------------------------
INFO: [HLS 200-10] -- Generating RTL for module 'pwconv_worker_Pipeline_LOAD_PW_IN_VITIS_LOOP_130_3' 
INFO: [HLS 200-10] ----------------------------------------------------------------
INFO: [HLS 200-1030] Apply Unified Pipeline Control on module 'pwconv_worker_Pipeline_LOAD_PW_IN_VITIS_LOOP_130_3' pipeline 'LOAD_PW_IN_VITIS_LOOP_130_3' pipeline type 'loop pipeline'
INFO: [RTGEN 206-100] Generating core module 'mul_32s_4ns_32_5_1': 1 instance(s).
INFO: [RTGEN 206-100] Finished creating RTL model for 'pwconv_worker_Pipeline_LOAD_PW_IN_VITIS_LOOP_130_3'.
INFO: [HLS 200-111] Finished Creating RTL model: CPU user time: 1 seconds. CPU system time: 0 seconds. Elapsed time: 0.509 seconds; current allocated memory: 687.707 MB.
INFO: [HLS 200-10] ----------------------------------------------------------------
INFO: [HLS 200-10] -- Generating RTL for module 'pwconv_worker_Pipeline_COMPUTE_PW_S' 
INFO: [HLS 200-10] ----------------------------------------------------------------
INFO: [HLS 200-1030] Apply Unified Pipeline Control on module 'pwconv_worker_Pipeline_COMPUTE_PW_S' pipeline 'COMPUTE_PW_S' pipeline type 'loop pipeline'
INFO: [RTGEN 206-100] Generating core module 'mac_muladd_8s_4s_12s_13_4_1': 16 instance(s).
INFO: [RTGEN 206-100] Generating core module 'mac_muladd_8s_4s_13s_13_4_1': 16 instance(s).
INFO: [RTGEN 206-100] Generating core module 'mac_muladd_8s_4s_13s_14_4_1': 8 instance(s).
INFO: [RTGEN 206-100] Generating core module 'mac_muladd_8s_4s_14s_15_4_1': 8 instance(s).
INFO: [RTGEN 206-100] Generating core module 'mul_8s_4s_12_5_1': 16 instance(s).
INFO: [RTGEN 206-100] Generating core module 'sparsemux_129_6_4_1_1': 8 instance(s).
INFO: [RTGEN 206-100] Generating core module 'sparsemux_17_3_32_1_1': 8 instance(s).
INFO: [RTGEN 206-100] Finished creating RTL model for 'pwconv_worker_Pipeline_COMPUTE_PW_S'.
INFO: [HLS 200-111] Finished Creating RTL model: CPU user time: 1 seconds. CPU system time: 0 seconds. Elapsed time: 1.622 seconds; current allocated memory: 724.180 MB.
INFO: [HLS 200-10] ----------------------------------------------------------------
INFO: [HLS 200-10] -- Generating RTL for module 'pwconv_worker_Pipeline_WRITE_PW_OUT_VITIS_LOOP_188_4' 
INFO: [HLS 200-10] ----------------------------------------------------------------
INFO: [HLS 200-1030] Apply Unified Pipeline Control on module 'pwconv_worker_Pipeline_WRITE_PW_OUT_VITIS_LOOP_188_4' pipeline 'WRITE_PW_OUT_VITIS_LOOP_188_4' pipeline type 'loop pipeline'
WARNING: [RTGEN 206-101] Setting dangling out port 'pwconv_worker_Pipeline_WRITE_PW_OUT_VITIS_LOOP_188_4/m_axi_gmem3_0_AWVALID' to 0.
WARNING: [RTGEN 206-101] Setting dangling out port 'pwconv_worker_Pipeline_WRITE_PW_OUT_VITIS_LOOP_188_4/m_axi_gmem3_0_AWADDR' to 0.
WARNING: [RTGEN 206-101] Setting dangling out port 'pwconv_worker_Pipeline_WRITE_PW_OUT_VITIS_LOOP_188_4/m_axi_gmem3_0_AWID' to 0.
WARNING: [RTGEN 206-101] Setting dangling out port 'pwconv_worker_Pipeline_WRITE_PW_OUT_VITIS_LOOP_188_4/m_axi_gmem3_0_AWLEN' to 0.
WARNING: [RTGEN 206-101] Setting dangling out port 'pwconv_worker_Pipeline_WRITE_PW_OUT_VITIS_LOOP_188_4/m_axi_gmem3_0_AWSIZE' to 0.
WARNING: [RTGEN 206-101] Setting dangling out port 'pwconv_worker_Pipeline_WRITE_PW_OUT_VITIS_LOOP_188_4/m_axi_gmem3_0_AWBURST' to 0.
WARNING: [RTGEN 206-101] Setting dangling out port 'pwconv_worker_Pipeline_WRITE_PW_OUT_VITIS_LOOP_188_4/m_axi_gmem3_0_AWLOCK' to 0.
WARNING: [RTGEN 206-101] Setting dangling out port 'pwconv_worker_Pipeline_WRITE_PW_OUT_VITIS_LOOP_188_4/m_axi_gmem3_0_AWCACHE' to 0.
WARNING: [RTGEN 206-101] Setting dangling out port 'pwconv_worker_Pipeline_WRITE_PW_OUT_VITIS_LOOP_188_4/m_axi_gmem3_0_AWPROT' to 0.
WARNING: [RTGEN 206-101] Setting dangling out port 'pwconv_worker_Pipeline_WRITE_PW_OUT_VITIS_LOOP_188_4/m_axi_gmem3_0_AWQOS' to 0.
WARNING: [RTGEN 206-101] Setting dangling out port 'pwconv_worker_Pipeline_WRITE_PW_OUT_VITIS_LOOP_188_4/m_axi_gmem3_0_AWREGION' to 0.
WARNING: [RTGEN 206-101] Setting dangling out port 'pwconv_worker_Pipeline_WRITE_PW_OUT_VITIS_LOOP_188_4/m_axi_gmem3_0_AWUSER' to 0.
WARNING: [RTGEN 206-101] Setting dangling out port 'pwconv_worker_Pipeline_WRITE_PW_OUT_VITIS_LOOP_188_4/m_axi_gmem3_0_BREADY' to 0.
INFO: [RTGEN 206-100] Generating core module 'ashr_32ns_32ns_32_2_1': 8 instance(s).
INFO: [RTGEN 206-100] Generating core module 'shl_32ns_32ns_32_2_1': 8 instance(s).
INFO: [RTGEN 206-100] Generating core module 'sparsemux_17_3_32_1_1': 8 instance(s).
INFO: [RTGEN 206-100] Finished creating RTL model for 'pwconv_worker_Pipeline_WRITE_PW_OUT_VITIS_LOOP_188_4'.
INFO: [HLS 200-111] Finished Creating RTL model: CPU user time: 0 seconds. CPU system time: 1 seconds. Elapsed time: 0.835 seconds; current allocated memory: 745.859 MB.
INFO: [HLS 200-10] ----------------------------------------------------------------
INFO: [HLS 200-10] -- Generating RTL for module 'pwconv_worker' 
INFO: [HLS 200-10] ----------------------------------------------------------------
WARNING: [RTGEN 206-101] Register 'p_ZL9pw_wt_buf_0_7' is power-on initialization.
WARNING: [RTGEN 206-101] Register 'p_ZL9pw_wt_buf_0_6' is power-on initialization.
WARNING: [RTGEN 206-101] Register 'p_ZL9pw_wt_buf_0_5' is power-on initialization.
WARNING: [RTGEN 206-101] Register 'p_ZL9pw_wt_buf_0_4' is power-on initialization.
WARNING: [RTGEN 206-101] Register 'p_ZL9pw_wt_buf_0_3' is power-on initialization.
WARNING: [RTGEN 206-101] Register 'p_ZL9pw_wt_buf_0_2' is power-on initialization.
WARNING: [RTGEN 206-101] Register 'p_ZL9pw_wt_buf_0_1' is power-on initialization.
WARNING: [RTGEN 206-101] Register 'p_ZL9pw_wt_buf_0_0' is power-on initialization.
WARNING: [RTGEN 206-101] Register 'p_ZL9pw_wt_buf_1_0' is power-on initialization.
WARNING: [RTGEN 206-101] Register 'p_ZL9pw_wt_buf_2_0' is power-on initialization.
WARNING: [RTGEN 206-101] Register 'p_ZL9pw_wt_buf_3_0' is power-on initialization.
WARNING: [RTGEN 206-101] Register 'p_ZL9pw_wt_buf_4_0' is power-on initialization.
WARNING: [RTGEN 206-101] Register 'p_ZL9pw_wt_buf_5_0' is power-on initialization.
WARNING: [RTGEN 206-101] Register 'p_ZL9pw_wt_buf_6_0' is power-on initialization.
WARNING: [RTGEN 206-101] Register 'p_ZL9pw_wt_buf_7_0' is power-on initialization.
WARNING: [RTGEN 206-101] Register 'p_ZL9pw_wt_buf_1_1' is power-on initialization.
WARNING: [RTGEN 206-101] Register 'p_ZL9pw_wt_buf_2_1' is power-on initialization.
WARNING: [RTGEN 206-101] Register 'p_ZL9pw_wt_buf_3_1' is power-on initialization.
WARNING: [RTGEN 206-101] Register 'p_ZL9pw_wt_buf_4_1' is power-on initialization.
WARNING: [RTGEN 206-101] Register 'p_ZL9pw_wt_buf_5_1' is power-on initialization.
WARNING: [RTGEN 206-101] Register 'p_ZL9pw_wt_buf_6_1' is power-on initialization.
WARNING: [RTGEN 206-101] Register 'p_ZL9pw_wt_buf_7_1' is power-on initialization.
WARNING: [RTGEN 206-101] Register 'p_ZL9pw_wt_buf_1_2' is power-on initialization.
WARNING: [RTGEN 206-101] Register 'p_ZL9pw_wt_buf_2_2' is power-on initialization.
WARNING: [RTGEN 206-101] Register 'p_ZL9pw_wt_buf_3_2' is power-on initialization.
WARNING: [RTGEN 206-101] Register 'p_ZL9pw_wt_buf_4_2' is power-on initialization.
WARNING: [RTGEN 206-101] Register 'p_ZL9pw_wt_buf_5_2' is power-on initialization.
WARNING: [RTGEN 206-101] Register 'p_ZL9pw_wt_buf_6_2' is power-on initialization.
WARNING: [RTGEN 206-101] Register 'p_ZL9pw_wt_buf_7_2' is power-on initialization.
WARNING: [RTGEN 206-101] Register 'p_ZL9pw_wt_buf_1_3' is power-on initialization.
WARNING: [RTGEN 206-101] Register 'p_ZL9pw_wt_buf_2_3' is power-on initialization.
WARNING: [RTGEN 206-101] Register 'p_ZL9pw_wt_buf_3_3' is power-on initialization.
WARNING: [RTGEN 206-101] Register 'p_ZL9pw_wt_buf_4_3' is power-on initialization.
WARNING: [RTGEN 206-101] Register 'p_ZL9pw_wt_buf_5_3' is power-on initialization.
WARNING: [RTGEN 206-101] Register 'p_ZL9pw_wt_buf_6_3' is power-on initialization.
WARNING: [RTGEN 206-101] Register 'p_ZL9pw_wt_buf_7_3' is power-on initialization.
WARNING: [RTGEN 206-101] Register 'p_ZL9pw_wt_buf_1_4' is power-on initialization.
WARNING: [RTGEN 206-101] Register 'p_ZL9pw_wt_buf_2_4' is power-on initialization.
WARNING: [RTGEN 206-101] Register 'p_ZL9pw_wt_buf_3_4' is power-on initialization.
WARNING: [RTGEN 206-101] Register 'p_ZL9pw_wt_buf_4_4' is power-on initialization.
WARNING: [RTGEN 206-101] Register 'p_ZL9pw_wt_buf_5_4' is power-on initialization.
WARNING: [RTGEN 206-101] Register 'p_ZL9pw_wt_buf_6_4' is power-on initialization.
WARNING: [RTGEN 206-101] Register 'p_ZL9pw_wt_buf_7_4' is power-on initialization.
WARNING: [RTGEN 206-101] Register 'p_ZL9pw_wt_buf_1_5' is power-on initialization.
WARNING: [RTGEN 206-101] Register 'p_ZL9pw_wt_buf_2_5' is power-on initialization.
WARNING: [RTGEN 206-101] Register 'p_ZL9pw_wt_buf_3_5' is power-on initialization.
WARNING: [RTGEN 206-101] Register 'p_ZL9pw_wt_buf_4_5' is power-on initialization.
WARNING: [RTGEN 206-101] Register 'p_ZL9pw_wt_buf_5_5' is power-on initialization.
WARNING: [RTGEN 206-101] Register 'p_ZL9pw_wt_buf_6_5' is power-on initialization.
WARNING: [RTGEN 206-101] Register 'p_ZL9pw_wt_buf_7_5' is power-on initialization.
WARNING: [RTGEN 206-101] Register 'p_ZL9pw_wt_buf_1_6' is power-on initialization.
WARNING: [RTGEN 206-101] Register 'p_ZL9pw_wt_buf_2_6' is power-on initialization.
WARNING: [RTGEN 206-101] Register 'p_ZL9pw_wt_buf_3_6' is power-on initialization.
WARNING: [RTGEN 206-101] Register 'p_ZL9pw_wt_buf_4_6' is power-on initialization.
WARNING: [RTGEN 206-101] Register 'p_ZL9pw_wt_buf_5_6' is power-on initialization.
WARNING: [RTGEN 206-101] Register 'p_ZL9pw_wt_buf_6_6' is power-on initialization.
WARNING: [RTGEN 206-101] Register 'p_ZL9pw_wt_buf_7_6' is power-on initialization.
WARNING: [RTGEN 206-101] Register 'p_ZL9pw_wt_buf_1_7' is power-on initialization.
WARNING: [RTGEN 206-101] Register 'p_ZL9pw_wt_buf_2_7' is power-on initialization.
WARNING: [RTGEN 206-101] Register 'p_ZL9pw_wt_buf_3_7' is power-on initialization.
WARNING: [RTGEN 206-101] Register 'p_ZL9pw_wt_buf_4_7' is power-on initialization.
WARNING: [RTGEN 206-101] Register 'p_ZL9pw_wt_buf_5_7' is power-on initialization.
WARNING: [RTGEN 206-101] Register 'p_ZL9pw_wt_buf_6_7' is power-on initialization.
WARNING: [RTGEN 206-101] Register 'p_ZL9pw_wt_buf_7_7' is power-on initialization.
WARNING: [RTGEN 206-101] Register 'p_ZL9pw_in_buf_0_7' is power-on initialization.
WARNING: [RTGEN 206-101] Register 'p_ZL9pw_in_buf_0_0' is power-on initialization.
WARNING: [RTGEN 206-101] Register 'p_ZL9pw_in_buf_0_1' is power-on initialization.
WARNING: [RTGEN 206-101] Register 'p_ZL9pw_in_buf_0_2' is power-on initialization.
WARNING: [RTGEN 206-101] Register 'p_ZL9pw_in_buf_0_3' is power-on initialization.
WARNING: [RTGEN 206-101] Register 'p_ZL9pw_in_buf_0_4' is power-on initialization.
WARNING: [RTGEN 206-101] Register 'p_ZL9pw_in_buf_0_5' is power-on initialization.
WARNING: [RTGEN 206-101] Register 'p_ZL9pw_in_buf_0_6' is power-on initialization.
WARNING: [RTGEN 206-101] Register 'p_ZL9pw_in_buf_0_8' is power-on initialization.
WARNING: [RTGEN 206-101] Register 'p_ZL9pw_in_buf_0_9' is power-on initialization.
WARNING: [RTGEN 206-101] Register 'p_ZL9pw_in_buf_0_10' is power-on initialization.
WARNING: [RTGEN 206-101] Register 'p_ZL9pw_in_buf_0_11' is power-on initialization.
WARNING: [RTGEN 206-101] Register 'p_ZL9pw_in_buf_0_12' is power-on initialization.
WARNING: [RTGEN 206-101] Register 'p_ZL9pw_in_buf_0_13' is power-on initialization.
WARNING: [RTGEN 206-101] Register 'p_ZL9pw_in_buf_0_14' is power-on initialization.
WARNING: [RTGEN 206-101] Register 'p_ZL9pw_in_buf_0_16' is power-on initialization.
WARNING: [RTGEN 206-101] Register 'p_ZL9pw_in_buf_0_17' is power-on initialization.
WARNING: [RTGEN 206-101] Register 'p_ZL9pw_in_buf_0_18' is power-on initialization.
WARNING: [RTGEN 206-101] Register 'p_ZL9pw_in_buf_0_19' is power-on initialization.
WARNING: [RTGEN 206-101] Register 'p_ZL9pw_in_buf_0_20' is power-on initialization.
WARNING: [RTGEN 206-101] Register 'p_ZL9pw_in_buf_0_21' is power-on initialization.
WARNING: [RTGEN 206-101] Register 'p_ZL9pw_in_buf_0_22' is power-on initialization.
WARNING: [RTGEN 206-101] Register 'p_ZL9pw_in_buf_0_24' is power-on initialization.
WARNING: [RTGEN 206-101] Register 'p_ZL9pw_in_buf_0_25' is power-on initialization.
WARNING: [RTGEN 206-101] Register 'p_ZL9pw_in_buf_0_26' is power-on initialization.
WARNING: [RTGEN 206-101] Register 'p_ZL9pw_in_buf_0_27' is power-on initialization.
WARNING: [RTGEN 206-101] Register 'p_ZL9pw_in_buf_0_28' is power-on initialization.
WARNING: [RTGEN 206-101] Register 'p_ZL9pw_in_buf_0_29' is power-on initialization.
WARNING: [RTGEN 206-101] Register 'p_ZL9pw_in_buf_0_30' is power-on initialization.
WARNING: [RTGEN 206-101] Register 'p_ZL9pw_in_buf_0_32' is power-on initialization.
WARNING: [RTGEN 206-101] Register 'p_ZL9pw_in_buf_0_33' is power-on initialization.
WARNING: [RTGEN 206-101] Register 'p_ZL9pw_in_buf_0_34' is power-on initialization.
WARNING: [RTGEN 206-101] Register 'p_ZL9pw_in_buf_0_35' is power-on initialization.
WARNING: [RTGEN 206-101] Register 'p_ZL9pw_in_buf_0_36' is power-on initialization.
WARNING: [RTGEN 206-101] Register 'p_ZL9pw_in_buf_0_37' is power-on initialization.
WARNING: [RTGEN 206-101] Register 'p_ZL9pw_in_buf_0_38' is power-on initialization.
WARNING: [RTGEN 206-101] Register 'p_ZL9pw_in_buf_0_40' is power-on initialization.
WARNING: [RTGEN 206-101] Register 'p_ZL9pw_in_buf_0_41' is power-on initialization.
WARNING: [RTGEN 206-101] Register 'p_ZL9pw_in_buf_0_42' is power-on initialization.
WARNING: [RTGEN 206-101] Register 'p_ZL9pw_in_buf_0_43' is power-on initialization.
WARNING: [RTGEN 206-101] Register 'p_ZL9pw_in_buf_0_44' is power-on initialization.
WARNING: [RTGEN 206-101] Register 'p_ZL9pw_in_buf_0_45' is power-on initialization.
WARNING: [RTGEN 206-101] Register 'p_ZL9pw_in_buf_0_46' is power-on initialization.
WARNING: [RTGEN 206-101] Register 'p_ZL9pw_in_buf_0_48' is power-on initialization.
WARNING: [RTGEN 206-101] Register 'p_ZL9pw_in_buf_0_49' is power-on initialization.
WARNING: [RTGEN 206-101] Register 'p_ZL9pw_in_buf_0_50' is power-on initialization.
WARNING: [RTGEN 206-101] Register 'p_ZL9pw_in_buf_0_51' is power-on initialization.
WARNING: [RTGEN 206-101] Register 'p_ZL9pw_in_buf_0_52' is power-on initialization.
WARNING: [RTGEN 206-101] Register 'p_ZL9pw_in_buf_0_53' is power-on initialization.
WARNING: [RTGEN 206-101] Register 'p_ZL9pw_in_buf_0_54' is power-on initialization.
WARNING: [RTGEN 206-101] Register 'p_ZL9pw_in_buf_0_56' is power-on initialization.
WARNING: [RTGEN 206-101] Register 'p_ZL9pw_in_buf_0_57' is power-on initialization.
WARNING: [RTGEN 206-101] Register 'p_ZL9pw_in_buf_0_58' is power-on initialization.
WARNING: [RTGEN 206-101] Register 'p_ZL9pw_in_buf_0_59' is power-on initialization.
WARNING: [RTGEN 206-101] Register 'p_ZL9pw_in_buf_0_60' is power-on initialization.
WARNING: [RTGEN 206-101] Register 'p_ZL9pw_in_buf_0_61' is power-on initialization.
WARNING: [RTGEN 206-101] Register 'p_ZL9pw_in_buf_0_62' is power-on initialization.
WARNING: [RTGEN 206-101] Register 'p_ZL9pw_in_buf_1_0' is power-on initialization.
WARNING: [RTGEN 206-101] Register 'p_ZL9pw_in_buf_1_1' is power-on initialization.
WARNING: [RTGEN 206-101] Register 'p_ZL9pw_in_buf_1_2' is power-on initialization.
WARNING: [RTGEN 206-101] Register 'p_ZL9pw_in_buf_1_3' is power-on initialization.
WARNING: [RTGEN 206-101] Register 'p_ZL9pw_in_buf_1_4' is power-on initialization.
WARNING: [RTGEN 206-101] Register 'p_ZL9pw_in_buf_1_5' is power-on initialization.
WARNING: [RTGEN 206-101] Register 'p_ZL9pw_in_buf_1_6' is power-on initialization.
WARNING: [RTGEN 206-101] Register 'p_ZL9pw_in_buf_1_8' is power-on initialization.
WARNING: [RTGEN 206-101] Register 'p_ZL9pw_in_buf_1_9' is power-on initialization.
WARNING: [RTGEN 206-101] Register 'p_ZL9pw_in_buf_1_10' is power-on initialization.
WARNING: [RTGEN 206-101] Register 'p_ZL9pw_in_buf_1_11' is power-on initialization.
WARNING: [RTGEN 206-101] Register 'p_ZL9pw_in_buf_1_12' is power-on initialization.
WARNING: [RTGEN 206-101] Register 'p_ZL9pw_in_buf_1_13' is power-on initialization.
WARNING: [RTGEN 206-101] Register 'p_ZL9pw_in_buf_1_14' is power-on initialization.
WARNING: [RTGEN 206-101] Register 'p_ZL9pw_in_buf_1_16' is power-on initialization.
WARNING: [RTGEN 206-101] Register 'p_ZL9pw_in_buf_1_17' is power-on initialization.
WARNING: [RTGEN 206-101] Register 'p_ZL9pw_in_buf_1_18' is power-on initialization.
WARNING: [RTGEN 206-101] Register 'p_ZL9pw_in_buf_1_19' is power-on initialization.
WARNING: [RTGEN 206-101] Register 'p_ZL9pw_in_buf_1_20' is power-on initialization.
WARNING: [RTGEN 206-101] Register 'p_ZL9pw_in_buf_1_21' is power-on initialization.
WARNING: [RTGEN 206-101] Register 'p_ZL9pw_in_buf_1_22' is power-on initialization.
WARNING: [RTGEN 206-101] Register 'p_ZL9pw_in_buf_1_24' is power-on initialization.
WARNING: [RTGEN 206-101] Register 'p_ZL9pw_in_buf_1_25' is power-on initialization.
WARNING: [RTGEN 206-101] Register 'p_ZL9pw_in_buf_1_26' is power-on initialization.
WARNING: [RTGEN 206-101] Register 'p_ZL9pw_in_buf_1_27' is power-on initialization.
WARNING: [RTGEN 206-101] Register 'p_ZL9pw_in_buf_1_28' is power-on initialization.
WARNING: [RTGEN 206-101] Register 'p_ZL9pw_in_buf_1_29' is power-on initialization.
WARNING: [RTGEN 206-101] Register 'p_ZL9pw_in_buf_1_30' is power-on initialization.
WARNING: [RTGEN 206-101] Register 'p_ZL9pw_in_buf_1_32' is power-on initialization.
WARNING: [RTGEN 206-101] Register 'p_ZL9pw_in_buf_1_33' is power-on initialization.
WARNING: [RTGEN 206-101] Register 'p_ZL9pw_in_buf_1_34' is power-on initialization.
WARNING: [RTGEN 206-101] Register 'p_ZL9pw_in_buf_1_35' is power-on initialization.
WARNING: [RTGEN 206-101] Register 'p_ZL9pw_in_buf_1_36' is power-on initialization.
WARNING: [RTGEN 206-101] Register 'p_ZL9pw_in_buf_1_37' is power-on initialization.
WARNING: [RTGEN 206-101] Register 'p_ZL9pw_in_buf_1_38' is power-on initialization.
WARNING: [RTGEN 206-101] Register 'p_ZL9pw_in_buf_1_40' is power-on initialization.
WARNING: [RTGEN 206-101] Register 'p_ZL9pw_in_buf_1_41' is power-on initialization.
WARNING: [RTGEN 206-101] Register 'p_ZL9pw_in_buf_1_42' is power-on initialization.
WARNING: [RTGEN 206-101] Register 'p_ZL9pw_in_buf_1_43' is power-on initialization.
WARNING: [RTGEN 206-101] Register 'p_ZL9pw_in_buf_1_44' is power-on initialization.
WARNING: [RTGEN 206-101] Register 'p_ZL9pw_in_buf_1_45' is power-on initialization.
WARNING: [RTGEN 206-101] Register 'p_ZL9pw_in_buf_1_46' is power-on initialization.
WARNING: [RTGEN 206-101] Register 'p_ZL9pw_in_buf_1_48' is power-on initialization.
WARNING: [RTGEN 206-101] Register 'p_ZL9pw_in_buf_1_49' is power-on initialization.
WARNING: [RTGEN 206-101] Register 'p_ZL9pw_in_buf_1_50' is power-on initialization.
WARNING: [RTGEN 206-101] Register 'p_ZL9pw_in_buf_1_51' is power-on initialization.
WARNING: [RTGEN 206-101] Register 'p_ZL9pw_in_buf_1_52' is power-on initialization.
WARNING: [RTGEN 206-101] Register 'p_ZL9pw_in_buf_1_53' is power-on initialization.
WARNING: [RTGEN 206-101] Register 'p_ZL9pw_in_buf_1_54' is power-on initialization.
WARNING: [RTGEN 206-101] Register 'p_ZL9pw_in_buf_1_56' is power-on initialization.
WARNING: [RTGEN 206-101] Register 'p_ZL9pw_in_buf_1_57' is power-on initialization.
WARNING: [RTGEN 206-101] Register 'p_ZL9pw_in_buf_1_58' is power-on initialization.
WARNING: [RTGEN 206-101] Register 'p_ZL9pw_in_buf_1_59' is power-on initialization.
WARNING: [RTGEN 206-101] Register 'p_ZL9pw_in_buf_1_60' is power-on initialization.
WARNING: [RTGEN 206-101] Register 'p_ZL9pw_in_buf_1_61' is power-on initialization.
WARNING: [RTGEN 206-101] Register 'p_ZL9pw_in_buf_1_62' is power-on initialization.
WARNING: [RTGEN 206-101] Register 'p_ZL9pw_in_buf_2_0' is power-on initialization.
WARNING: [RTGEN 206-101] Register 'p_ZL9pw_in_buf_2_1' is power-on initialization.
WARNING: [RTGEN 206-101] Register 'p_ZL9pw_in_buf_2_2' is power-on initialization.
WARNING: [RTGEN 206-101] Register 'p_ZL9pw_in_buf_2_3' is power-on initialization.
WARNING: [RTGEN 206-101] Register 'p_ZL9pw_in_buf_2_4' is power-on initialization.
WARNING: [RTGEN 206-101] Register 'p_ZL9pw_in_buf_2_5' is power-on initialization.
WARNING: [RTGEN 206-101] Register 'p_ZL9pw_in_buf_2_6' is power-on initialization.
WARNING: [RTGEN 206-101] Register 'p_ZL9pw_in_buf_2_8' is power-on initialization.
WARNING: [RTGEN 206-101] Register 'p_ZL9pw_in_buf_2_9' is power-on initialization.
WARNING: [RTGEN 206-101] Register 'p_ZL9pw_in_buf_2_10' is power-on initialization.
WARNING: [RTGEN 206-101] Register 'p_ZL9pw_in_buf_2_11' is power-on initialization.
WARNING: [RTGEN 206-101] Register 'p_ZL9pw_in_buf_2_12' is power-on initialization.
WARNING: [RTGEN 206-101] Register 'p_ZL9pw_in_buf_2_13' is power-on initialization.
WARNING: [RTGEN 206-101] Register 'p_ZL9pw_in_buf_2_14' is power-on initialization.
WARNING: [RTGEN 206-101] Register 'p_ZL9pw_in_buf_2_16' is power-on initialization.
WARNING: [RTGEN 206-101] Register 'p_ZL9pw_in_buf_2_17' is power-on initialization.
WARNING: [RTGEN 206-101] Register 'p_ZL9pw_in_buf_2_18' is power-on initialization.
WARNING: [RTGEN 206-101] Register 'p_ZL9pw_in_buf_2_19' is power-on initialization.
WARNING: [RTGEN 206-101] Register 'p_ZL9pw_in_buf_2_20' is power-on initialization.
WARNING: [RTGEN 206-101] Register 'p_ZL9pw_in_buf_2_21' is power-on initialization.
WARNING: [RTGEN 206-101] Register 'p_ZL9pw_in_buf_2_22' is power-on initialization.
WARNING: [RTGEN 206-101] Register 'p_ZL9pw_in_buf_2_24' is power-on initialization.
WARNING: [RTGEN 206-101] Register 'p_ZL9pw_in_buf_2_25' is power-on initialization.
WARNING: [RTGEN 206-101] Register 'p_ZL9pw_in_buf_2_26' is power-on initialization.
WARNING: [RTGEN 206-101] Register 'p_ZL9pw_in_buf_2_27' is power-on initialization.
WARNING: [RTGEN 206-101] Register 'p_ZL9pw_in_buf_2_28' is power-on initialization.
WARNING: [RTGEN 206-101] Register 'p_ZL9pw_in_buf_2_29' is power-on initialization.
WARNING: [RTGEN 206-101] Register 'p_ZL9pw_in_buf_2_30' is power-on initialization.
WARNING: [RTGEN 206-101] Register 'p_ZL9pw_in_buf_2_32' is power-on initialization.
WARNING: [RTGEN 206-101] Register 'p_ZL9pw_in_buf_2_33' is power-on initialization.
WARNING: [RTGEN 206-101] Register 'p_ZL9pw_in_buf_2_34' is power-on initialization.
WARNING: [RTGEN 206-101] Register 'p_ZL9pw_in_buf_2_35' is power-on initialization.
WARNING: [RTGEN 206-101] Register 'p_ZL9pw_in_buf_2_36' is power-on initialization.
WARNING: [RTGEN 206-101] Register 'p_ZL9pw_in_buf_2_37' is power-on initialization.
WARNING: [RTGEN 206-101] Register 'p_ZL9pw_in_buf_2_38' is power-on initialization.
WARNING: [RTGEN 206-101] Register 'p_ZL9pw_in_buf_2_40' is power-on initialization.
WARNING: [RTGEN 206-101] Register 'p_ZL9pw_in_buf_2_41' is power-on initialization.
WARNING: [RTGEN 206-101] Register 'p_ZL9pw_in_buf_2_42' is power-on initialization.
WARNING: [RTGEN 206-101] Register 'p_ZL9pw_in_buf_2_43' is power-on initialization.
WARNING: [RTGEN 206-101] Register 'p_ZL9pw_in_buf_2_44' is power-on initialization.
WARNING: [RTGEN 206-101] Register 'p_ZL9pw_in_buf_2_45' is power-on initialization.
WARNING: [RTGEN 206-101] Register 'p_ZL9pw_in_buf_2_46' is power-on initialization.
WARNING: [RTGEN 206-101] Register 'p_ZL9pw_in_buf_2_48' is power-on initialization.
WARNING: [RTGEN 206-101] Register 'p_ZL9pw_in_buf_2_49' is power-on initialization.
WARNING: [RTGEN 206-101] Register 'p_ZL9pw_in_buf_2_50' is power-on initialization.
WARNING: [RTGEN 206-101] Register 'p_ZL9pw_in_buf_2_51' is power-on initialization.
WARNING: [RTGEN 206-101] Register 'p_ZL9pw_in_buf_2_52' is power-on initialization.
WARNING: [RTGEN 206-101] Register 'p_ZL9pw_in_buf_2_53' is power-on initialization.
WARNING: [RTGEN 206-101] Register 'p_ZL9pw_in_buf_2_54' is power-on initialization.
WARNING: [RTGEN 206-101] Register 'p_ZL9pw_in_buf_2_56' is power-on initialization.
WARNING: [RTGEN 206-101] Register 'p_ZL9pw_in_buf_2_57' is power-on initialization.
WARNING: [RTGEN 206-101] Register 'p_ZL9pw_in_buf_2_58' is power-on initialization.
WARNING: [RTGEN 206-101] Register 'p_ZL9pw_in_buf_2_59' is power-on initialization.
WARNING: [RTGEN 206-101] Register 'p_ZL9pw_in_buf_2_60' is power-on initialization.
WARNING: [RTGEN 206-101] Register 'p_ZL9pw_in_buf_2_61' is power-on initialization.
WARNING: [RTGEN 206-101] Register 'p_ZL9pw_in_buf_2_62' is power-on initialization.
WARNING: [RTGEN 206-101] Register 'p_ZL9pw_in_buf_3_0' is power-on initialization.
WARNING: [RTGEN 206-101] Register 'p_ZL9pw_in_buf_3_1' is power-on initialization.
WARNING: [RTGEN 206-101] Register 'p_ZL9pw_in_buf_3_2' is power-on initialization.
WARNING: [RTGEN 206-101] Register 'p_ZL9pw_in_buf_3_3' is power-on initialization.
WARNING: [RTGEN 206-101] Register 'p_ZL9pw_in_buf_3_4' is power-on initialization.
WARNING: [RTGEN 206-101] Register 'p_ZL9pw_in_buf_3_5' is power-on initialization.
WARNING: [RTGEN 206-101] Register 'p_ZL9pw_in_buf_3_6' is power-on initialization.
WARNING: [RTGEN 206-101] Register 'p_ZL9pw_in_buf_3_8' is power-on initialization.
WARNING: [RTGEN 206-101] Register 'p_ZL9pw_in_buf_3_9' is power-on initialization.
WARNING: [RTGEN 206-101] Register 'p_ZL9pw_in_buf_3_10' is power-on initialization.
WARNING: [RTGEN 206-101] Register 'p_ZL9pw_in_buf_3_11' is power-on initialization.
WARNING: [RTGEN 206-101] Register 'p_ZL9pw_in_buf_3_12' is power-on initialization.
WARNING: [RTGEN 206-101] Register 'p_ZL9pw_in_buf_3_13' is power-on initialization.
WARNING: [RTGEN 206-101] Register 'p_ZL9pw_in_buf_3_14' is power-on initialization.
WARNING: [RTGEN 206-101] Register 'p_ZL9pw_in_buf_3_16' is power-on initialization.
WARNING: [RTGEN 206-101] Register 'p_ZL9pw_in_buf_3_17' is power-on initialization.
WARNING: [RTGEN 206-101] Register 'p_ZL9pw_in_buf_3_18' is power-on initialization.
WARNING: [RTGEN 206-101] Register 'p_ZL9pw_in_buf_3_19' is power-on initialization.
WARNING: [RTGEN 206-101] Register 'p_ZL9pw_in_buf_3_20' is power-on initialization.
WARNING: [RTGEN 206-101] Register 'p_ZL9pw_in_buf_3_21' is power-on initialization.
WARNING: [RTGEN 206-101] Register 'p_ZL9pw_in_buf_3_22' is power-on initialization.
WARNING: [RTGEN 206-101] Register 'p_ZL9pw_in_buf_3_24' is power-on initialization.
WARNING: [RTGEN 206-101] Register 'p_ZL9pw_in_buf_3_25' is power-on initialization.
WARNING: [RTGEN 206-101] Register 'p_ZL9pw_in_buf_3_26' is power-on initialization.
WARNING: [RTGEN 206-101] Register 'p_ZL9pw_in_buf_3_27' is power-on initialization.
WARNING: [RTGEN 206-101] Register 'p_ZL9pw_in_buf_3_28' is power-on initialization.
WARNING: [RTGEN 206-101] Register 'p_ZL9pw_in_buf_3_29' is power-on initialization.
WARNING: [RTGEN 206-101] Register 'p_ZL9pw_in_buf_3_30' is power-on initialization.
WARNING: [RTGEN 206-101] Register 'p_ZL9pw_in_buf_3_32' is power-on initialization.
WARNING: [RTGEN 206-101] Register 'p_ZL9pw_in_buf_3_33' is power-on initialization.
WARNING: [RTGEN 206-101] Register 'p_ZL9pw_in_buf_3_34' is power-on initialization.
WARNING: [RTGEN 206-101] Register 'p_ZL9pw_in_buf_3_35' is power-on initialization.
WARNING: [RTGEN 206-101] Register 'p_ZL9pw_in_buf_3_36' is power-on initialization.
WARNING: [RTGEN 206-101] Register 'p_ZL9pw_in_buf_3_37' is power-on initialization.
WARNING: [RTGEN 206-101] Register 'p_ZL9pw_in_buf_3_38' is power-on initialization.
WARNING: [RTGEN 206-101] Register 'p_ZL9pw_in_buf_3_40' is power-on initialization.
WARNING: [RTGEN 206-101] Register 'p_ZL9pw_in_buf_3_41' is power-on initialization.
WARNING: [RTGEN 206-101] Register 'p_ZL9pw_in_buf_3_42' is power-on initialization.
WARNING: [RTGEN 206-101] Register 'p_ZL9pw_in_buf_3_43' is power-on initialization.
WARNING: [RTGEN 206-101] Register 'p_ZL9pw_in_buf_3_44' is power-on initialization.
WARNING: [RTGEN 206-101] Register 'p_ZL9pw_in_buf_3_45' is power-on initialization.
WARNING: [RTGEN 206-101] Register 'p_ZL9pw_in_buf_3_46' is power-on initialization.
WARNING: [RTGEN 206-101] Register 'p_ZL9pw_in_buf_3_48' is power-on initialization.
WARNING: [RTGEN 206-101] Register 'p_ZL9pw_in_buf_3_49' is power-on initialization.
WARNING: [RTGEN 206-101] Register 'p_ZL9pw_in_buf_3_50' is power-on initialization.
WARNING: [RTGEN 206-101] Register 'p_ZL9pw_in_buf_3_51' is power-on initialization.
WARNING: [RTGEN 206-101] Register 'p_ZL9pw_in_buf_3_52' is power-on initialization.
WARNING: [RTGEN 206-101] Register 'p_ZL9pw_in_buf_3_53' is power-on initialization.
WARNING: [RTGEN 206-101] Register 'p_ZL9pw_in_buf_3_54' is power-on initialization.
WARNING: [RTGEN 206-101] Register 'p_ZL9pw_in_buf_3_56' is power-on initialization.
WARNING: [RTGEN 206-101] Register 'p_ZL9pw_in_buf_3_57' is power-on initialization.
WARNING: [RTGEN 206-101] Register 'p_ZL9pw_in_buf_3_58' is power-on initialization.
WARNING: [RTGEN 206-101] Register 'p_ZL9pw_in_buf_3_59' is power-on initialization.
WARNING: [RTGEN 206-101] Register 'p_ZL9pw_in_buf_3_60' is power-on initialization.
WARNING: [RTGEN 206-101] Register 'p_ZL9pw_in_buf_3_61' is power-on initialization.
WARNING: [RTGEN 206-101] Register 'p_ZL9pw_in_buf_3_62' is power-on initialization.
WARNING: [RTGEN 206-101] Register 'p_ZL9pw_in_buf_4_0' is power-on initialization.
WARNING: [RTGEN 206-101] Register 'p_ZL9pw_in_buf_4_1' is power-on initialization.
WARNING: [RTGEN 206-101] Register 'p_ZL9pw_in_buf_4_2' is power-on initialization.
WARNING: [RTGEN 206-101] Register 'p_ZL9pw_in_buf_4_3' is power-on initialization.
WARNING: [RTGEN 206-101] Register 'p_ZL9pw_in_buf_4_4' is power-on initialization.
WARNING: [RTGEN 206-101] Register 'p_ZL9pw_in_buf_4_5' is power-on initialization.
WARNING: [RTGEN 206-101] Register 'p_ZL9pw_in_buf_4_6' is power-on initialization.
WARNING: [RTGEN 206-101] Register 'p_ZL9pw_in_buf_4_8' is power-on initialization.
WARNING: [RTGEN 206-101] Register 'p_ZL9pw_in_buf_4_9' is power-on initialization.
WARNING: [RTGEN 206-101] Register 'p_ZL9pw_in_buf_4_10' is power-on initialization.
WARNING: [RTGEN 206-101] Register 'p_ZL9pw_in_buf_4_11' is power-on initialization.
WARNING: [RTGEN 206-101] Register 'p_ZL9pw_in_buf_4_12' is power-on initialization.
WARNING: [RTGEN 206-101] Register 'p_ZL9pw_in_buf_4_13' is power-on initialization.
WARNING: [RTGEN 206-101] Register 'p_ZL9pw_in_buf_4_14' is power-on initialization.
WARNING: [RTGEN 206-101] Register 'p_ZL9pw_in_buf_4_16' is power-on initialization.
WARNING: [RTGEN 206-101] Register 'p_ZL9pw_in_buf_4_17' is power-on initialization.
WARNING: [RTGEN 206-101] Register 'p_ZL9pw_in_buf_4_18' is power-on initialization.
WARNING: [RTGEN 206-101] Register 'p_ZL9pw_in_buf_4_19' is power-on initialization.
WARNING: [RTGEN 206-101] Register 'p_ZL9pw_in_buf_4_20' is power-on initialization.
WARNING: [RTGEN 206-101] Register 'p_ZL9pw_in_buf_4_21' is power-on initialization.
WARNING: [RTGEN 206-101] Register 'p_ZL9pw_in_buf_4_22' is power-on initialization.
WARNING: [RTGEN 206-101] Register 'p_ZL9pw_in_buf_4_24' is power-on initialization.
WARNING: [RTGEN 206-101] Register 'p_ZL9pw_in_buf_4_25' is power-on initialization.
WARNING: [RTGEN 206-101] Register 'p_ZL9pw_in_buf_4_26' is power-on initialization.
WARNING: [RTGEN 206-101] Register 'p_ZL9pw_in_buf_4_27' is power-on initialization.
WARNING: [RTGEN 206-101] Register 'p_ZL9pw_in_buf_4_28' is power-on initialization.
WARNING: [RTGEN 206-101] Register 'p_ZL9pw_in_buf_4_29' is power-on initialization.
WARNING: [RTGEN 206-101] Register 'p_ZL9pw_in_buf_4_30' is power-on initialization.
WARNING: [RTGEN 206-101] Register 'p_ZL9pw_in_buf_4_32' is power-on initialization.
WARNING: [RTGEN 206-101] Register 'p_ZL9pw_in_buf_4_33' is power-on initialization.
WARNING: [RTGEN 206-101] Register 'p_ZL9pw_in_buf_4_34' is power-on initialization.
WARNING: [RTGEN 206-101] Register 'p_ZL9pw_in_buf_4_35' is power-on initialization.
WARNING: [RTGEN 206-101] Register 'p_ZL9pw_in_buf_4_36' is power-on initialization.
WARNING: [RTGEN 206-101] Register 'p_ZL9pw_in_buf_4_37' is power-on initialization.
WARNING: [RTGEN 206-101] Register 'p_ZL9pw_in_buf_4_38' is power-on initialization.
WARNING: [RTGEN 206-101] Register 'p_ZL9pw_in_buf_4_40' is power-on initialization.
WARNING: [RTGEN 206-101] Register 'p_ZL9pw_in_buf_4_41' is power-on initialization.
WARNING: [RTGEN 206-101] Register 'p_ZL9pw_in_buf_4_42' is power-on initialization.
WARNING: [RTGEN 206-101] Register 'p_ZL9pw_in_buf_4_43' is power-on initialization.
WARNING: [RTGEN 206-101] Register 'p_ZL9pw_in_buf_4_44' is power-on initialization.
WARNING: [RTGEN 206-101] Register 'p_ZL9pw_in_buf_4_45' is power-on initialization.
WARNING: [RTGEN 206-101] Register 'p_ZL9pw_in_buf_4_46' is power-on initialization.
WARNING: [RTGEN 206-101] Register 'p_ZL9pw_in_buf_4_48' is power-on initialization.
WARNING: [RTGEN 206-101] Register 'p_ZL9pw_in_buf_4_49' is power-on initialization.
WARNING: [RTGEN 206-101] Register 'p_ZL9pw_in_buf_4_50' is power-on initialization.
WARNING: [RTGEN 206-101] Register 'p_ZL9pw_in_buf_4_51' is power-on initialization.
WARNING: [RTGEN 206-101] Register 'p_ZL9pw_in_buf_4_52' is power-on initialization.
WARNING: [RTGEN 206-101] Register 'p_ZL9pw_in_buf_4_53' is power-on initialization.
WARNING: [RTGEN 206-101] Register 'p_ZL9pw_in_buf_4_54' is power-on initialization.
WARNING: [RTGEN 206-101] Register 'p_ZL9pw_in_buf_4_56' is power-on initialization.
WARNING: [RTGEN 206-101] Register 'p_ZL9pw_in_buf_4_57' is power-on initialization.
WARNING: [RTGEN 206-101] Register 'p_ZL9pw_in_buf_4_58' is power-on initialization.
WARNING: [RTGEN 206-101] Register 'p_ZL9pw_in_buf_4_59' is power-on initialization.
WARNING: [RTGEN 206-101] Register 'p_ZL9pw_in_buf_4_60' is power-on initialization.
WARNING: [RTGEN 206-101] Register 'p_ZL9pw_in_buf_4_61' is power-on initialization.
WARNING: [RTGEN 206-101] Register 'p_ZL9pw_in_buf_4_62' is power-on initialization.
WARNING: [RTGEN 206-101] Register 'p_ZL9pw_in_buf_5_0' is power-on initialization.
WARNING: [RTGEN 206-101] Register 'p_ZL9pw_in_buf_5_1' is power-on initialization.
WARNING: [RTGEN 206-101] Register 'p_ZL9pw_in_buf_5_2' is power-on initialization.
WARNING: [RTGEN 206-101] Register 'p_ZL9pw_in_buf_5_3' is power-on initialization.
WARNING: [RTGEN 206-101] Register 'p_ZL9pw_in_buf_5_4' is power-on initialization.
WARNING: [RTGEN 206-101] Register 'p_ZL9pw_in_buf_5_5' is power-on initialization.
WARNING: [RTGEN 206-101] Register 'p_ZL9pw_in_buf_5_6' is power-on initialization.
WARNING: [RTGEN 206-101] Register 'p_ZL9pw_in_buf_5_8' is power-on initialization.
WARNING: [RTGEN 206-101] Register 'p_ZL9pw_in_buf_5_9' is power-on initialization.
WARNING: [RTGEN 206-101] Register 'p_ZL9pw_in_buf_5_10' is power-on initialization.
WARNING: [RTGEN 206-101] Register 'p_ZL9pw_in_buf_5_11' is power-on initialization.
WARNING: [RTGEN 206-101] Register 'p_ZL9pw_in_buf_5_12' is power-on initialization.
WARNING: [RTGEN 206-101] Register 'p_ZL9pw_in_buf_5_13' is power-on initialization.
WARNING: [RTGEN 206-101] Register 'p_ZL9pw_in_buf_5_14' is power-on initialization.
WARNING: [RTGEN 206-101] Register 'p_ZL9pw_in_buf_5_16' is power-on initialization.
WARNING: [RTGEN 206-101] Register 'p_ZL9pw_in_buf_5_17' is power-on initialization.
WARNING: [RTGEN 206-101] Register 'p_ZL9pw_in_buf_5_18' is power-on initialization.
WARNING: [RTGEN 206-101] Register 'p_ZL9pw_in_buf_5_19' is power-on initialization.
WARNING: [RTGEN 206-101] Register 'p_ZL9pw_in_buf_5_20' is power-on initialization.
WARNING: [RTGEN 206-101] Register 'p_ZL9pw_in_buf_5_21' is power-on initialization.
WARNING: [RTGEN 206-101] Register 'p_ZL9pw_in_buf_5_22' is power-on initialization.
WARNING: [RTGEN 206-101] Register 'p_ZL9pw_in_buf_5_24' is power-on initialization.
WARNING: [RTGEN 206-101] Register 'p_ZL9pw_in_buf_5_25' is power-on initialization.
WARNING: [RTGEN 206-101] Register 'p_ZL9pw_in_buf_5_26' is power-on initialization.
WARNING: [RTGEN 206-101] Register 'p_ZL9pw_in_buf_5_27' is power-on initialization.
WARNING: [RTGEN 206-101] Register 'p_ZL9pw_in_buf_5_28' is power-on initialization.
WARNING: [RTGEN 206-101] Register 'p_ZL9pw_in_buf_5_29' is power-on initialization.
WARNING: [RTGEN 206-101] Register 'p_ZL9pw_in_buf_5_30' is power-on initialization.
WARNING: [RTGEN 206-101] Register 'p_ZL9pw_in_buf_5_32' is power-on initialization.
WARNING: [RTGEN 206-101] Register 'p_ZL9pw_in_buf_5_33' is power-on initialization.
WARNING: [RTGEN 206-101] Register 'p_ZL9pw_in_buf_5_34' is power-on initialization.
WARNING: [RTGEN 206-101] Register 'p_ZL9pw_in_buf_5_35' is power-on initialization.
WARNING: [RTGEN 206-101] Register 'p_ZL9pw_in_buf_5_36' is power-on initialization.
WARNING: [RTGEN 206-101] Register 'p_ZL9pw_in_buf_5_37' is power-on initialization.
WARNING: [RTGEN 206-101] Register 'p_ZL9pw_in_buf_5_38' is power-on initialization.
WARNING: [RTGEN 206-101] Register 'p_ZL9pw_in_buf_5_40' is power-on initialization.
WARNING: [RTGEN 206-101] Register 'p_ZL9pw_in_buf_5_41' is power-on initialization.
WARNING: [RTGEN 206-101] Register 'p_ZL9pw_in_buf_5_42' is power-on initialization.
WARNING: [RTGEN 206-101] Register 'p_ZL9pw_in_buf_5_43' is power-on initialization.
WARNING: [RTGEN 206-101] Register 'p_ZL9pw_in_buf_5_44' is power-on initialization.
WARNING: [RTGEN 206-101] Register 'p_ZL9pw_in_buf_5_45' is power-on initialization.
WARNING: [RTGEN 206-101] Register 'p_ZL9pw_in_buf_5_46' is power-on initialization.
WARNING: [RTGEN 206-101] Register 'p_ZL9pw_in_buf_5_48' is power-on initialization.
WARNING: [RTGEN 206-101] Register 'p_ZL9pw_in_buf_5_49' is power-on initialization.
WARNING: [RTGEN 206-101] Register 'p_ZL9pw_in_buf_5_50' is power-on initialization.
WARNING: [RTGEN 206-101] Register 'p_ZL9pw_in_buf_5_51' is power-on initialization.
WARNING: [RTGEN 206-101] Register 'p_ZL9pw_in_buf_5_52' is power-on initialization.
WARNING: [RTGEN 206-101] Register 'p_ZL9pw_in_buf_5_53' is power-on initialization.
WARNING: [RTGEN 206-101] Register 'p_ZL9pw_in_buf_5_54' is power-on initialization.
WARNING: [RTGEN 206-101] Register 'p_ZL9pw_in_buf_5_56' is power-on initialization.
WARNING: [RTGEN 206-101] Register 'p_ZL9pw_in_buf_5_57' is power-on initialization.
WARNING: [RTGEN 206-101] Register 'p_ZL9pw_in_buf_5_58' is power-on initialization.
WARNING: [RTGEN 206-101] Register 'p_ZL9pw_in_buf_5_59' is power-on initialization.
WARNING: [RTGEN 206-101] Register 'p_ZL9pw_in_buf_5_60' is power-on initialization.
WARNING: [RTGEN 206-101] Register 'p_ZL9pw_in_buf_5_61' is power-on initialization.
WARNING: [RTGEN 206-101] Register 'p_ZL9pw_in_buf_5_62' is power-on initialization.
WARNING: [RTGEN 206-101] Register 'p_ZL9pw_in_buf_6_0' is power-on initialization.
WARNING: [RTGEN 206-101] Register 'p_ZL9pw_in_buf_6_1' is power-on initialization.
WARNING: [RTGEN 206-101] Register 'p_ZL9pw_in_buf_6_2' is power-on initialization.
WARNING: [RTGEN 206-101] Register 'p_ZL9pw_in_buf_6_3' is power-on initialization.
WARNING: [RTGEN 206-101] Register 'p_ZL9pw_in_buf_6_4' is power-on initialization.
WARNING: [RTGEN 206-101] Register 'p_ZL9pw_in_buf_6_5' is power-on initialization.
WARNING: [RTGEN 206-101] Register 'p_ZL9pw_in_buf_6_6' is power-on initialization.
WARNING: [RTGEN 206-101] Register 'p_ZL9pw_in_buf_6_8' is power-on initialization.
WARNING: [RTGEN 206-101] Register 'p_ZL9pw_in_buf_6_9' is power-on initialization.
WARNING: [RTGEN 206-101] Register 'p_ZL9pw_in_buf_6_10' is power-on initialization.
WARNING: [RTGEN 206-101] Register 'p_ZL9pw_in_buf_6_11' is power-on initialization.
WARNING: [RTGEN 206-101] Register 'p_ZL9pw_in_buf_6_12' is power-on initialization.
WARNING: [RTGEN 206-101] Register 'p_ZL9pw_in_buf_6_13' is power-on initialization.
WARNING: [RTGEN 206-101] Register 'p_ZL9pw_in_buf_6_14' is power-on initialization.
WARNING: [RTGEN 206-101] Register 'p_ZL9pw_in_buf_6_16' is power-on initialization.
WARNING: [RTGEN 206-101] Register 'p_ZL9pw_in_buf_6_17' is power-on initialization.
WARNING: [RTGEN 206-101] Register 'p_ZL9pw_in_buf_6_18' is power-on initialization.
WARNING: [RTGEN 206-101] Register 'p_ZL9pw_in_buf_6_19' is power-on initialization.
WARNING: [RTGEN 206-101] Register 'p_ZL9pw_in_buf_6_20' is power-on initialization.
WARNING: [RTGEN 206-101] Register 'p_ZL9pw_in_buf_6_21' is power-on initialization.
WARNING: [RTGEN 206-101] Register 'p_ZL9pw_in_buf_6_22' is power-on initialization.
WARNING: [RTGEN 206-101] Register 'p_ZL9pw_in_buf_6_24' is power-on initialization.
WARNING: [RTGEN 206-101] Register 'p_ZL9pw_in_buf_6_25' is power-on initialization.
WARNING: [RTGEN 206-101] Register 'p_ZL9pw_in_buf_6_26' is power-on initialization.
WARNING: [RTGEN 206-101] Register 'p_ZL9pw_in_buf_6_27' is power-on initialization.
WARNING: [RTGEN 206-101] Register 'p_ZL9pw_in_buf_6_28' is power-on initialization.
WARNING: [RTGEN 206-101] Register 'p_ZL9pw_in_buf_6_29' is power-on initialization.
WARNING: [RTGEN 206-101] Register 'p_ZL9pw_in_buf_6_30' is power-on initialization.
WARNING: [RTGEN 206-101] Register 'p_ZL9pw_in_buf_6_32' is power-on initialization.
WARNING: [RTGEN 206-101] Register 'p_ZL9pw_in_buf_6_33' is power-on initialization.
WARNING: [RTGEN 206-101] Register 'p_ZL9pw_in_buf_6_34' is power-on initialization.
WARNING: [RTGEN 206-101] Register 'p_ZL9pw_in_buf_6_35' is power-on initialization.
WARNING: [RTGEN 206-101] Register 'p_ZL9pw_in_buf_6_36' is power-on initialization.
WARNING: [RTGEN 206-101] Register 'p_ZL9pw_in_buf_6_37' is power-on initialization.
WARNING: [RTGEN 206-101] Register 'p_ZL9pw_in_buf_6_38' is power-on initialization.
WARNING: [RTGEN 206-101] Register 'p_ZL9pw_in_buf_6_40' is power-on initialization.
WARNING: [RTGEN 206-101] Register 'p_ZL9pw_in_buf_6_41' is power-on initialization.
WARNING: [RTGEN 206-101] Register 'p_ZL9pw_in_buf_6_42' is power-on initialization.
WARNING: [RTGEN 206-101] Register 'p_ZL9pw_in_buf_6_43' is power-on initialization.
WARNING: [RTGEN 206-101] Register 'p_ZL9pw_in_buf_6_44' is power-on initialization.
WARNING: [RTGEN 206-101] Register 'p_ZL9pw_in_buf_6_45' is power-on initialization.
WARNING: [RTGEN 206-101] Register 'p_ZL9pw_in_buf_6_46' is power-on initialization.
WARNING: [RTGEN 206-101] Register 'p_ZL9pw_in_buf_6_48' is power-on initialization.
WARNING: [RTGEN 206-101] Register 'p_ZL9pw_in_buf_6_49' is power-on initialization.
WARNING: [RTGEN 206-101] Register 'p_ZL9pw_in_buf_6_50' is power-on initialization.
WARNING: [RTGEN 206-101] Register 'p_ZL9pw_in_buf_6_51' is power-on initialization.
WARNING: [RTGEN 206-101] Register 'p_ZL9pw_in_buf_6_52' is power-on initialization.
WARNING: [RTGEN 206-101] Register 'p_ZL9pw_in_buf_6_53' is power-on initialization.
WARNING: [RTGEN 206-101] Register 'p_ZL9pw_in_buf_6_54' is power-on initialization.
WARNING: [RTGEN 206-101] Register 'p_ZL9pw_in_buf_6_56' is power-on initialization.
WARNING: [RTGEN 206-101] Register 'p_ZL9pw_in_buf_6_57' is power-on initialization.
WARNING: [RTGEN 206-101] Register 'p_ZL9pw_in_buf_6_58' is power-on initialization.
WARNING: [RTGEN 206-101] Register 'p_ZL9pw_in_buf_6_59' is power-on initialization.
WARNING: [RTGEN 206-101] Register 'p_ZL9pw_in_buf_6_60' is power-on initialization.
WARNING: [RTGEN 206-101] Register 'p_ZL9pw_in_buf_6_61' is power-on initialization.
WARNING: [RTGEN 206-101] Register 'p_ZL9pw_in_buf_6_62' is power-on initialization.
WARNING: [RTGEN 206-101] Register 'p_ZL9pw_in_buf_7_0' is power-on initialization.
WARNING: [RTGEN 206-101] Register 'p_ZL9pw_in_buf_7_1' is power-on initialization.
WARNING: [RTGEN 206-101] Register 'p_ZL9pw_in_buf_7_2' is power-on initialization.
WARNING: [RTGEN 206-101] Register 'p_ZL9pw_in_buf_7_3' is power-on initialization.
WARNING: [RTGEN 206-101] Register 'p_ZL9pw_in_buf_7_4' is power-on initialization.
WARNING: [RTGEN 206-101] Register 'p_ZL9pw_in_buf_7_5' is power-on initialization.
WARNING: [RTGEN 206-101] Register 'p_ZL9pw_in_buf_7_6' is power-on initialization.
WARNING: [RTGEN 206-101] Register 'p_ZL9pw_in_buf_7_8' is power-on initialization.
WARNING: [RTGEN 206-101] Register 'p_ZL9pw_in_buf_7_9' is power-on initialization.
WARNING: [RTGEN 206-101] Register 'p_ZL9pw_in_buf_7_10' is power-on initialization.
WARNING: [RTGEN 206-101] Register 'p_ZL9pw_in_buf_7_11' is power-on initialization.
WARNING: [RTGEN 206-101] Register 'p_ZL9pw_in_buf_7_12' is power-on initialization.
WARNING: [RTGEN 206-101] Register 'p_ZL9pw_in_buf_7_13' is power-on initialization.
WARNING: [RTGEN 206-101] Register 'p_ZL9pw_in_buf_7_14' is power-on initialization.
WARNING: [RTGEN 206-101] Register 'p_ZL9pw_in_buf_7_16' is power-on initialization.
WARNING: [RTGEN 206-101] Register 'p_ZL9pw_in_buf_7_17' is power-on initialization.
WARNING: [RTGEN 206-101] Register 'p_ZL9pw_in_buf_7_18' is power-on initialization.
WARNING: [RTGEN 206-101] Register 'p_ZL9pw_in_buf_7_19' is power-on initialization.
WARNING: [RTGEN 206-101] Register 'p_ZL9pw_in_buf_7_20' is power-on initialization.
WARNING: [RTGEN 206-101] Register 'p_ZL9pw_in_buf_7_21' is power-on initialization.
WARNING: [RTGEN 206-101] Register 'p_ZL9pw_in_buf_7_22' is power-on initialization.
WARNING: [RTGEN 206-101] Register 'p_ZL9pw_in_buf_7_24' is power-on initialization.
WARNING: [RTGEN 206-101] Register 'p_ZL9pw_in_buf_7_25' is power-on initialization.
WARNING: [RTGEN 206-101] Register 'p_ZL9pw_in_buf_7_26' is power-on initialization.
WARNING: [RTGEN 206-101] Register 'p_ZL9pw_in_buf_7_27' is power-on initialization.
WARNING: [RTGEN 206-101] Register 'p_ZL9pw_in_buf_7_28' is power-on initialization.
WARNING: [RTGEN 206-101] Register 'p_ZL9pw_in_buf_7_29' is power-on initialization.
WARNING: [RTGEN 206-101] Register 'p_ZL9pw_in_buf_7_30' is power-on initialization.
WARNING: [RTGEN 206-101] Register 'p_ZL9pw_in_buf_7_32' is power-on initialization.
WARNING: [RTGEN 206-101] Register 'p_ZL9pw_in_buf_7_33' is power-on initialization.
WARNING: [RTGEN 206-101] Register 'p_ZL9pw_in_buf_7_34' is power-on initialization.
WARNING: [RTGEN 206-101] Register 'p_ZL9pw_in_buf_7_35' is power-on initialization.
WARNING: [RTGEN 206-101] Register 'p_ZL9pw_in_buf_7_36' is power-on initialization.
WARNING: [RTGEN 206-101] Register 'p_ZL9pw_in_buf_7_37' is power-on initialization.
WARNING: [RTGEN 206-101] Register 'p_ZL9pw_in_buf_7_38' is power-on initialization.
WARNING: [RTGEN 206-101] Register 'p_ZL9pw_in_buf_7_40' is power-on initialization.
WARNING: [RTGEN 206-101] Register 'p_ZL9pw_in_buf_7_41' is power-on initialization.
WARNING: [RTGEN 206-101] Register 'p_ZL9pw_in_buf_7_42' is power-on initialization.
WARNING: [RTGEN 206-101] Register 'p_ZL9pw_in_buf_7_43' is power-on initialization.
WARNING: [RTGEN 206-101] Register 'p_ZL9pw_in_buf_7_44' is power-on initialization.
WARNING: [RTGEN 206-101] Register 'p_ZL9pw_in_buf_7_45' is power-on initialization.
WARNING: [RTGEN 206-101] Register 'p_ZL9pw_in_buf_7_46' is power-on initialization.
WARNING: [RTGEN 206-101] Register 'p_ZL9pw_in_buf_7_48' is power-on initialization.
WARNING: [RTGEN 206-101] Register 'p_ZL9pw_in_buf_7_49' is power-on initialization.
WARNING: [RTGEN 206-101] Register 'p_ZL9pw_in_buf_7_50' is power-on initialization.
WARNING: [RTGEN 206-101] Register 'p_ZL9pw_in_buf_7_51' is power-on initialization.
WARNING: [RTGEN 206-101] Register 'p_ZL9pw_in_buf_7_52' is power-on initialization.
WARNING: [RTGEN 206-101] Register 'p_ZL9pw_in_buf_7_53' is power-on initialization.
WARNING: [RTGEN 206-101] Register 'p_ZL9pw_in_buf_7_54' is power-on initialization.
WARNING: [RTGEN 206-101] Register 'p_ZL9pw_in_buf_7_56' is power-on initialization.
WARNING: [RTGEN 206-101] Register 'p_ZL9pw_in_buf_7_57' is power-on initialization.
WARNING: [RTGEN 206-101] Register 'p_ZL9pw_in_buf_7_58' is power-on initialization.
WARNING: [RTGEN 206-101] Register 'p_ZL9pw_in_buf_7_59' is power-on initialization.
WARNING: [RTGEN 206-101] Register 'p_ZL9pw_in_buf_7_60' is power-on initialization.
WARNING: [RTGEN 206-101] Register 'p_ZL9pw_in_buf_7_61' is power-on initialization.
WARNING: [RTGEN 206-101] Register 'p_ZL9pw_in_buf_7_62' is power-on initialization.
WARNING: [RTGEN 206-101] Register 'p_ZL9pw_in_buf_0_15' is power-on initialization.
WARNING: [RTGEN 206-101] Register 'p_ZL9pw_in_buf_0_23' is power-on initialization.
WARNING: [RTGEN 206-101] Register 'p_ZL9pw_in_buf_0_31' is power-on initialization.
WARNING: [RTGEN 206-101] Register 'p_ZL9pw_in_buf_0_39' is power-on initialization.
WARNING: [RTGEN 206-101] Register 'p_ZL9pw_in_buf_0_47' is power-on initialization.
WARNING: [RTGEN 206-101] Register 'p_ZL9pw_in_buf_0_55' is power-on initialization.
WARNING: [RTGEN 206-101] Register 'p_ZL9pw_in_buf_0_63' is power-on initialization.
WARNING: [RTGEN 206-101] Register 'p_ZL9pw_in_buf_1_7' is power-on initialization.
WARNING: [RTGEN 206-101] Register 'p_ZL9pw_in_buf_1_15' is power-on initialization.
WARNING: [RTGEN 206-101] Register 'p_ZL9pw_in_buf_1_23' is power-on initialization.
WARNING: [RTGEN 206-101] Register 'p_ZL9pw_in_buf_1_31' is power-on initialization.
WARNING: [RTGEN 206-101] Register 'p_ZL9pw_in_buf_1_39' is power-on initialization.
WARNING: [RTGEN 206-101] Register 'p_ZL9pw_in_buf_1_47' is power-on initialization.
WARNING: [RTGEN 206-101] Register 'p_ZL9pw_in_buf_1_55' is power-on initialization.
WARNING: [RTGEN 206-101] Register 'p_ZL9pw_in_buf_1_63' is power-on initialization.
WARNING: [RTGEN 206-101] Register 'p_ZL9pw_in_buf_2_7' is power-on initialization.
WARNING: [RTGEN 206-101] Register 'p_ZL9pw_in_buf_2_15' is power-on initialization.
WARNING: [RTGEN 206-101] Register 'p_ZL9pw_in_buf_2_23' is power-on initialization.
WARNING: [RTGEN 206-101] Register 'p_ZL9pw_in_buf_2_31' is power-on initialization.
WARNING: [RTGEN 206-101] Register 'p_ZL9pw_in_buf_2_39' is power-on initialization.
WARNING: [RTGEN 206-101] Register 'p_ZL9pw_in_buf_2_47' is power-on initialization.
WARNING: [RTGEN 206-101] Register 'p_ZL9pw_in_buf_2_55' is power-on initialization.
WARNING: [RTGEN 206-101] Register 'p_ZL9pw_in_buf_2_63' is power-on initialization.
WARNING: [RTGEN 206-101] Register 'p_ZL9pw_in_buf_3_7' is power-on initialization.
WARNING: [RTGEN 206-101] Register 'p_ZL9pw_in_buf_3_15' is power-on initialization.
WARNING: [RTGEN 206-101] Register 'p_ZL9pw_in_buf_3_23' is power-on initialization.
WARNING: [RTGEN 206-101] Register 'p_ZL9pw_in_buf_3_31' is power-on initialization.
WARNING: [RTGEN 206-101] Register 'p_ZL9pw_in_buf_3_39' is power-on initialization.
WARNING: [RTGEN 206-101] Register 'p_ZL9pw_in_buf_3_47' is power-on initialization.
WARNING: [RTGEN 206-101] Register 'p_ZL9pw_in_buf_3_55' is power-on initialization.
WARNING: [RTGEN 206-101] Register 'p_ZL9pw_in_buf_3_63' is power-on initialization.
WARNING: [RTGEN 206-101] Register 'p_ZL9pw_in_buf_4_7' is power-on initialization.
WARNING: [RTGEN 206-101] Register 'p_ZL9pw_in_buf_4_15' is power-on initialization.
WARNING: [RTGEN 206-101] Register 'p_ZL9pw_in_buf_4_23' is power-on initialization.
WARNING: [RTGEN 206-101] Register 'p_ZL9pw_in_buf_4_31' is power-on initialization.
WARNING: [RTGEN 206-101] Register 'p_ZL9pw_in_buf_4_39' is power-on initialization.
WARNING: [RTGEN 206-101] Register 'p_ZL9pw_in_buf_4_47' is power-on initialization.
WARNING: [RTGEN 206-101] Register 'p_ZL9pw_in_buf_4_55' is power-on initialization.
WARNING: [RTGEN 206-101] Register 'p_ZL9pw_in_buf_4_63' is power-on initialization.
WARNING: [RTGEN 206-101] Register 'p_ZL9pw_in_buf_5_7' is power-on initialization.
WARNING: [RTGEN 206-101] Register 'p_ZL9pw_in_buf_5_15' is power-on initialization.
WARNING: [RTGEN 206-101] Register 'p_ZL9pw_in_buf_5_23' is power-on initialization.
WARNING: [RTGEN 206-101] Register 'p_ZL9pw_in_buf_5_31' is power-on initialization.
WARNING: [RTGEN 206-101] Register 'p_ZL9pw_in_buf_5_39' is power-on initialization.
WARNING: [RTGEN 206-101] Register 'p_ZL9pw_in_buf_5_47' is power-on initialization.
WARNING: [RTGEN 206-101] Register 'p_ZL9pw_in_buf_5_55' is power-on initialization.
WARNING: [RTGEN 206-101] Register 'p_ZL9pw_in_buf_5_63' is power-on initialization.
WARNING: [RTGEN 206-101] Register 'p_ZL9pw_in_buf_6_7' is power-on initialization.
WARNING: [RTGEN 206-101] Register 'p_ZL9pw_in_buf_6_15' is power-on initialization.
WARNING: [RTGEN 206-101] Register 'p_ZL9pw_in_buf_6_23' is power-on initialization.
WARNING: [RTGEN 206-101] Register 'p_ZL9pw_in_buf_6_31' is power-on initialization.
WARNING: [RTGEN 206-101] Register 'p_ZL9pw_in_buf_6_39' is power-on initialization.
WARNING: [RTGEN 206-101] Register 'p_ZL9pw_in_buf_6_47' is power-on initialization.
WARNING: [RTGEN 206-101] Register 'p_ZL9pw_in_buf_6_55' is power-on initialization.
WARNING: [RTGEN 206-101] Register 'p_ZL9pw_in_buf_6_63' is power-on initialization.
WARNING: [RTGEN 206-101] Register 'p_ZL9pw_in_buf_7_7' is power-on initialization.
WARNING: [RTGEN 206-101] Register 'p_ZL9pw_in_buf_7_15' is power-on initialization.
WARNING: [RTGEN 206-101] Register 'p_ZL9pw_in_buf_7_23' is power-on initialization.
WARNING: [RTGEN 206-101] Register 'p_ZL9pw_in_buf_7_31' is power-on initialization.
WARNING: [RTGEN 206-101] Register 'p_ZL9pw_in_buf_7_39' is power-on initialization.
WARNING: [RTGEN 206-101] Register 'p_ZL9pw_in_buf_7_47' is power-on initialization.
WARNING: [RTGEN 206-101] Register 'p_ZL9pw_in_buf_7_55' is power-on initialization.
WARNING: [RTGEN 206-101] Register 'p_ZL9pw_in_buf_7_63' is power-on initialization.
INFO: [RTGEN 206-100] Generating core module 'mul_29s_28ns_29_5_1': 1 instance(s).
INFO: [RTGEN 206-100] Generating core module 'mul_31ns_29ns_60_5_1': 1 instance(s).
INFO: [RTGEN 206-100] Generating core module 'mul_32s_28ns_32_5_1': 1 instance(s).
INFO: [RTGEN 206-100] Generating core module 'mul_32s_32s_32_5_1': 1 instance(s).
INFO: [RTGEN 206-100] Generating core module 'mul_33s_29ns_60_5_1': 1 instance(s).
INFO: [RTGEN 206-100] Finished creating RTL model for 'pwconv_worker'.
INFO: [RTMG 210-278] Implementing memory 'fastvit_ip_pwconv_worker_p_ZL10pw_out_buf_0_0_RAM_1P_BRAM_1R1W' using block RAMs.
INFO: [HLS 200-111] Finished Creating RTL model: CPU user time: 4 seconds. CPU system time: 1 seconds. Elapsed time: 8.647 seconds; current allocated memory: 776.344 MB.
INFO: [HLS 200-10] ----------------------------------------------------------------
INFO: [HLS 200-10] -- Generating RTL for module 'dataflow_in_loop_LOOP_DW_CH_1_Block_newFuncRoot_proc2' 
INFO: [HLS 200-10] ----------------------------------------------------------------
INFO: [RTGEN 206-100] Generating core module 'mul_32s_32s_32_5_1': 1 instance(s).
INFO: [RTGEN 206-100] Generating core module 'sdiv_32ns_32ns_32_36_1': 2 instance(s).
INFO: [RTGEN 206-100] Finished creating RTL model for 'dataflow_in_loop_LOOP_DW_CH_1_Block_newFuncRoot_proc2'.
INFO: [HLS 200-111] Finished Creating RTL model: CPU user time: 0 seconds. CPU system time: 0 seconds. Elapsed time: 0.591 seconds; current allocated memory: 792.586 MB.
INFO: [HLS 200-10] ----------------------------------------------------------------
INFO: [HLS 200-10] -- Generating RTL for module 'dwconv_preload_channel3_Pipeline_PRELOAD_IN' 
INFO: [HLS 200-10] ----------------------------------------------------------------
INFO: [HLS 200-1030] Apply Unified Pipeline Control on module 'dwconv_preload_channel3_Pipeline_PRELOAD_IN' pipeline 'PRELOAD_IN' pipeline type 'loop pipeline'
WARNING: [RTGEN 206-101] Setting dangling out port 'dwconv_preload_channel3_Pipeline_PRELOAD_IN/m_axi_gmem0_0_ARVALID' to 0.
WARNING: [RTGEN 206-101] Setting dangling out port 'dwconv_preload_channel3_Pipeline_PRELOAD_IN/m_axi_gmem0_0_ARADDR' to 0.
WARNING: [RTGEN 206-101] Setting dangling out port 'dwconv_preload_channel3_Pipeline_PRELOAD_IN/m_axi_gmem0_0_ARID' to 0.
WARNING: [RTGEN 206-101] Setting dangling out port 'dwconv_preload_channel3_Pipeline_PRELOAD_IN/m_axi_gmem0_0_ARLEN' to 0.
WARNING: [RTGEN 206-101] Setting dangling out port 'dwconv_preload_channel3_Pipeline_PRELOAD_IN/m_axi_gmem0_0_ARSIZE' to 0.
WARNING: [RTGEN 206-101] Setting dangling out port 'dwconv_preload_channel3_Pipeline_PRELOAD_IN/m_axi_gmem0_0_ARBURST' to 0.
WARNING: [RTGEN 206-101] Setting dangling out port 'dwconv_preload_channel3_Pipeline_PRELOAD_IN/m_axi_gmem0_0_ARLOCK' to 0.
WARNING: [RTGEN 206-101] Setting dangling out port 'dwconv_preload_channel3_Pipeline_PRELOAD_IN/m_axi_gmem0_0_ARCACHE' to 0.
WARNING: [RTGEN 206-101] Setting dangling out port 'dwconv_preload_channel3_Pipeline_PRELOAD_IN/m_axi_gmem0_0_ARPROT' to 0.
WARNING: [RTGEN 206-101] Setting dangling out port 'dwconv_preload_channel3_Pipeline_PRELOAD_IN/m_axi_gmem0_0_ARQOS' to 0.
WARNING: [RTGEN 206-101] Setting dangling out port 'dwconv_preload_channel3_Pipeline_PRELOAD_IN/m_axi_gmem0_0_ARREGION' to 0.
WARNING: [RTGEN 206-101] Setting dangling out port 'dwconv_preload_channel3_Pipeline_PRELOAD_IN/m_axi_gmem0_0_ARUSER' to 0.
INFO: [RTGEN 206-100] Finished creating RTL model for 'dwconv_preload_channel3_Pipeline_PRELOAD_IN'.
INFO: [HLS 200-111] Finished Creating RTL model: CPU user time: 0 seconds. CPU system time: 0 seconds. Elapsed time: 0.342 seconds; current allocated memory: 793.324 MB.
INFO: [HLS 200-10] ----------------------------------------------------------------
INFO: [HLS 200-10] -- Generating RTL for module 'dwconv_preload_channel3' 
INFO: [HLS 200-10] ----------------------------------------------------------------
INFO: [RTGEN 206-100] Generating core module 'mul_31ns_29s_32_5_1': 1 instance(s).
INFO: [RTGEN 206-100] Generating core module 'mul_32s_32s_32_5_1': 1 instance(s).
INFO: [RTGEN 206-100] Finished creating RTL model for 'dwconv_preload_channel3'.
INFO: [HLS 200-111] Finished Creating RTL model: CPU user time: 0 seconds. CPU system time: 0 seconds. Elapsed time: 0.176 seconds; current allocated memory: 796.070 MB.
INFO: [HLS 200-10] ----------------------------------------------------------------
INFO: [HLS 200-10] -- Generating RTL for module 'dwconv_process_channel4_Pipeline_LOAD_DW_IN' 
INFO: [HLS 200-10] ----------------------------------------------------------------
INFO: [HLS 200-1030] Apply Unified Pipeline Control on module 'dwconv_process_channel4_Pipeline_LOAD_DW_IN' pipeline 'LOAD_DW_IN' pipeline type 'loop pipeline'
INFO: [RTGEN 206-100] Generating core module 'mul_12s_12s_12_2_1': 1 instance(s).
INFO: [RTGEN 206-100] Generating core module 'sparsemux_33_4_4_1_1': 13 instance(s).
INFO: [RTGEN 206-100] Finished creating RTL model for 'dwconv_process_channel4_Pipeline_LOAD_DW_IN'.
INFO: [HLS 200-111] Finished Creating RTL model: CPU user time: 1 seconds. CPU system time: 0 seconds. Elapsed time: 0.336 seconds; current allocated memory: 806.496 MB.
INFO: [HLS 200-10] ----------------------------------------------------------------
INFO: [HLS 200-10] -- Generating RTL for module 'dwconv_process_channel4_Pipeline_COMPUTE_DW_KW' 
INFO: [HLS 200-10] ----------------------------------------------------------------
INFO: [HLS 200-1030] Apply Unified Pipeline Control on module 'dwconv_process_channel4_Pipeline_COMPUTE_DW_KW' pipeline 'COMPUTE_DW_KW' pipeline type 'loop pipeline'
INFO: [RTGEN 206-100] Generating core module 'mac_muladd_8s_4s_32s_32_4_1': 4 instance(s).
INFO: [RTGEN 206-100] Generating core module 'sparsemux_15_4_8_1_1': 1 instance(s).
INFO: [RTGEN 206-100] Generating core module 'sparsemux_27_4_4_1_1': 4 instance(s).
INFO: [RTGEN 206-100] Finished creating RTL model for 'dwconv_process_channel4_Pipeline_COMPUTE_DW_KW'.
INFO: [HLS 200-111] Finished Creating RTL model: CPU user time: 0 seconds. CPU system time: 0 seconds. Elapsed time: 0.701 seconds; current allocated memory: 824.914 MB.
INFO: [HLS 200-10] ----------------------------------------------------------------
INFO: [HLS 200-10] -- Generating RTL for module 'dwconv_process_channel4_Pipeline_STORE_DW_OUT' 
INFO: [HLS 200-10] ----------------------------------------------------------------
INFO: [HLS 200-1030] Apply Unified Pipeline Control on module 'dwconv_process_channel4_Pipeline_STORE_DW_OUT' pipeline 'STORE_DW_OUT' pipeline type 'loop pipeline'
INFO: [RTGEN 206-100] Generating core module 'am_addmul_12ns_3ns_12s_12_4_1': 1 instance(s).
INFO: [RTGEN 206-100] Generating core module 'ashr_32ns_32ns_32_2_1': 4 instance(s).
INFO: [RTGEN 206-100] Generating core module 'shl_32ns_32ns_32_2_1': 4 instance(s).
INFO: [RTGEN 206-100] Generating core module 'sparsemux_9_2_32_1_1': 4 instance(s).
INFO: [RTGEN 206-100] Finished creating RTL model for 'dwconv_process_channel4_Pipeline_STORE_DW_OUT'.
INFO: [HLS 200-111] Finished Creating RTL model: CPU user time: 0 seconds. CPU system time: 0 seconds. Elapsed time: 0.257 seconds; current allocated memory: 826.598 MB.
INFO: [HLS 200-10] ----------------------------------------------------------------
INFO: [HLS 200-10] -- Generating RTL for module 'dwconv_process_channel4_Pipeline_WRITEBACK_OUT' 
INFO: [HLS 200-10] ----------------------------------------------------------------
INFO: [HLS 200-1030] Apply Unified Pipeline Control on module 'dwconv_process_channel4_Pipeline_WRITEBACK_OUT' pipeline 'WRITEBACK_OUT' pipeline type 'loop pipeline'
WARNING: [RTGEN 206-101] Setting dangling out port 'dwconv_process_channel4_Pipeline_WRITEBACK_OUT/m_axi_gmem3_0_AWVALID' to 0.
WARNING: [RTGEN 206-101] Setting dangling out port 'dwconv_process_channel4_Pipeline_WRITEBACK_OUT/m_axi_gmem3_0_AWADDR' to 0.
WARNING: [RTGEN 206-101] Setting dangling out port 'dwconv_process_channel4_Pipeline_WRITEBACK_OUT/m_axi_gmem3_0_AWID' to 0.
WARNING: [RTGEN 206-101] Setting dangling out port 'dwconv_process_channel4_Pipeline_WRITEBACK_OUT/m_axi_gmem3_0_AWLEN' to 0.
WARNING: [RTGEN 206-101] Setting dangling out port 'dwconv_process_channel4_Pipeline_WRITEBACK_OUT/m_axi_gmem3_0_AWSIZE' to 0.
WARNING: [RTGEN 206-101] Setting dangling out port 'dwconv_process_channel4_Pipeline_WRITEBACK_OUT/m_axi_gmem3_0_AWBURST' to 0.
WARNING: [RTGEN 206-101] Setting dangling out port 'dwconv_process_channel4_Pipeline_WRITEBACK_OUT/m_axi_gmem3_0_AWLOCK' to 0.
WARNING: [RTGEN 206-101] Setting dangling out port 'dwconv_process_channel4_Pipeline_WRITEBACK_OUT/m_axi_gmem3_0_AWCACHE' to 0.
WARNING: [RTGEN 206-101] Setting dangling out port 'dwconv_process_channel4_Pipeline_WRITEBACK_OUT/m_axi_gmem3_0_AWPROT' to 0.
WARNING: [RTGEN 206-101] Setting dangling out port 'dwconv_process_channel4_Pipeline_WRITEBACK_OUT/m_axi_gmem3_0_AWQOS' to 0.
WARNING: [RTGEN 206-101] Setting dangling out port 'dwconv_process_channel4_Pipeline_WRITEBACK_OUT/m_axi_gmem3_0_AWREGION' to 0.
WARNING: [RTGEN 206-101] Setting dangling out port 'dwconv_process_channel4_Pipeline_WRITEBACK_OUT/m_axi_gmem3_0_AWUSER' to 0.
WARNING: [RTGEN 206-101] Setting dangling out port 'dwconv_process_channel4_Pipeline_WRITEBACK_OUT/m_axi_gmem3_0_BREADY' to 0.
INFO: [RTGEN 206-100] Finished creating RTL model for 'dwconv_process_channel4_Pipeline_WRITEBACK_OUT'.
INFO: [HLS 200-111] Finished Creating RTL model: CPU user time: 0 seconds. CPU system time: 1 seconds. Elapsed time: 0.532 seconds; current allocated memory: 834.219 MB.
INFO: [HLS 200-10] ----------------------------------------------------------------
INFO: [HLS 200-10] -- Generating RTL for module 'dwconv_process_channel4' 
INFO: [HLS 200-10] ----------------------------------------------------------------
WARNING: [RTGEN 206-101] Register 'p_ZL9dw_wt_buf_0_0' is power-on initialization.
WARNING: [RTGEN 206-101] Register 'p_ZL9dw_wt_buf_0_1' is power-on initialization.
WARNING: [RTGEN 206-101] Register 'p_ZL9dw_wt_buf_0_2' is power-on initialization.
WARNING: [RTGEN 206-101] Register 'p_ZL9dw_wt_buf_0_3' is power-on initialization.
WARNING: [RTGEN 206-101] Register 'p_ZL9dw_wt_buf_0_4' is power-on initialization.
WARNING: [RTGEN 206-101] Register 'p_ZL9dw_wt_buf_0_5' is power-on initialization.
WARNING: [RTGEN 206-101] Register 'p_ZL9dw_wt_buf_0_6' is power-on initialization.
WARNING: [RTGEN 206-101] Register 'p_ZL9dw_wt_buf_1_0' is power-on initialization.
WARNING: [RTGEN 206-101] Register 'p_ZL9dw_wt_buf_1_1' is power-on initialization.
WARNING: [RTGEN 206-101] Register 'p_ZL9dw_wt_buf_1_2' is power-on initialization.
WARNING: [RTGEN 206-101] Register 'p_ZL9dw_wt_buf_1_3' is power-on initialization.
WARNING: [RTGEN 206-101] Register 'p_ZL9dw_wt_buf_1_4' is power-on initialization.
WARNING: [RTGEN 206-101] Register 'p_ZL9dw_wt_buf_1_5' is power-on initialization.
WARNING: [RTGEN 206-101] Register 'p_ZL9dw_wt_buf_1_6' is power-on initialization.
WARNING: [RTGEN 206-101] Register 'p_ZL9dw_wt_buf_2_0' is power-on initialization.
WARNING: [RTGEN 206-101] Register 'p_ZL9dw_wt_buf_2_1' is power-on initialization.
WARNING: [RTGEN 206-101] Register 'p_ZL9dw_wt_buf_2_2' is power-on initialization.
WARNING: [RTGEN 206-101] Register 'p_ZL9dw_wt_buf_2_3' is power-on initialization.
WARNING: [RTGEN 206-101] Register 'p_ZL9dw_wt_buf_2_4' is power-on initialization.
WARNING: [RTGEN 206-101] Register 'p_ZL9dw_wt_buf_2_5' is power-on initialization.
WARNING: [RTGEN 206-101] Register 'p_ZL9dw_wt_buf_2_6' is power-on initialization.
WARNING: [RTGEN 206-101] Register 'p_ZL9dw_wt_buf_3_0' is power-on initialization.
WARNING: [RTGEN 206-101] Register 'p_ZL9dw_wt_buf_3_1' is power-on initialization.
WARNING: [RTGEN 206-101] Register 'p_ZL9dw_wt_buf_3_2' is power-on initialization.
WARNING: [RTGEN 206-101] Register 'p_ZL9dw_wt_buf_3_3' is power-on initialization.
WARNING: [RTGEN 206-101] Register 'p_ZL9dw_wt_buf_3_4' is power-on initialization.
WARNING: [RTGEN 206-101] Register 'p_ZL9dw_wt_buf_3_5' is power-on initialization.
WARNING: [RTGEN 206-101] Register 'p_ZL9dw_wt_buf_3_6' is power-on initialization.
WARNING: [RTGEN 206-101] Register 'p_ZL9dw_wt_buf_4_0' is power-on initialization.
WARNING: [RTGEN 206-101] Register 'p_ZL9dw_wt_buf_4_1' is power-on initialization.
WARNING: [RTGEN 206-101] Register 'p_ZL9dw_wt_buf_4_2' is power-on initialization.
WARNING: [RTGEN 206-101] Register 'p_ZL9dw_wt_buf_4_3' is power-on initialization.
WARNING: [RTGEN 206-101] Register 'p_ZL9dw_wt_buf_4_4' is power-on initialization.
WARNING: [RTGEN 206-101] Register 'p_ZL9dw_wt_buf_4_5' is power-on initialization.
WARNING: [RTGEN 206-101] Register 'p_ZL9dw_wt_buf_4_6' is power-on initialization.
WARNING: [RTGEN 206-101] Register 'p_ZL9dw_wt_buf_5_0' is power-on initialization.
WARNING: [RTGEN 206-101] Register 'p_ZL9dw_wt_buf_5_1' is power-on initialization.
WARNING: [RTGEN 206-101] Register 'p_ZL9dw_wt_buf_5_2' is power-on initialization.
WARNING: [RTGEN 206-101] Register 'p_ZL9dw_wt_buf_5_3' is power-on initialization.
WARNING: [RTGEN 206-101] Register 'p_ZL9dw_wt_buf_5_4' is power-on initialization.
WARNING: [RTGEN 206-101] Register 'p_ZL9dw_wt_buf_5_5' is power-on initialization.
WARNING: [RTGEN 206-101] Register 'p_ZL9dw_wt_buf_5_6' is power-on initialization.
WARNING: [RTGEN 206-101] Register 'p_ZL9dw_wt_buf_6_0' is power-on initialization.
WARNING: [RTGEN 206-101] Register 'p_ZL9dw_wt_buf_6_1' is power-on initialization.
WARNING: [RTGEN 206-101] Register 'p_ZL9dw_wt_buf_6_2' is power-on initialization.
WARNING: [RTGEN 206-101] Register 'p_ZL9dw_wt_buf_6_3' is power-on initialization.
WARNING: [RTGEN 206-101] Register 'p_ZL9dw_wt_buf_6_4' is power-on initialization.
WARNING: [RTGEN 206-101] Register 'p_ZL9dw_wt_buf_6_5' is power-on initialization.
WARNING: [RTGEN 206-101] Register 'p_ZL9dw_wt_buf_6_6' is power-on initialization.
WARNING: [RTGEN 206-101] Register 'p_ZL9dw_in_buf_0_12' is power-on initialization.
WARNING: [RTGEN 206-101] Register 'p_ZL9dw_in_buf_0_11' is power-on initialization.
WARNING: [RTGEN 206-101] Register 'p_ZL9dw_in_buf_0_10' is power-on initialization.
WARNING: [RTGEN 206-101] Register 'p_ZL9dw_in_buf_0_9' is power-on initialization.
WARNING: [RTGEN 206-101] Register 'p_ZL9dw_in_buf_0_8' is power-on initialization.
WARNING: [RTGEN 206-101] Register 'p_ZL9dw_in_buf_0_7' is power-on initialization.
WARNING: [RTGEN 206-101] Register 'p_ZL9dw_in_buf_0_6' is power-on initialization.
WARNING: [RTGEN 206-101] Register 'p_ZL9dw_in_buf_0_5' is power-on initialization.
WARNING: [RTGEN 206-101] Register 'p_ZL9dw_in_buf_0_4' is power-on initialization.
WARNING: [RTGEN 206-101] Register 'p_ZL9dw_in_buf_0_3' is power-on initialization.
WARNING: [RTGEN 206-101] Register 'p_ZL9dw_in_buf_0_2' is power-on initialization.
WARNING: [RTGEN 206-101] Register 'p_ZL9dw_in_buf_0_1' is power-on initialization.
WARNING: [RTGEN 206-101] Register 'p_ZL9dw_in_buf_0_0' is power-on initialization.
WARNING: [RTGEN 206-101] Register 'p_ZL9dw_in_buf_1_0' is power-on initialization.
WARNING: [RTGEN 206-101] Register 'p_ZL9dw_in_buf_2_0' is power-on initialization.
WARNING: [RTGEN 206-101] Register 'p_ZL9dw_in_buf_3_0' is power-on initialization.
WARNING: [RTGEN 206-101] Register 'p_ZL9dw_in_buf_4_0' is power-on initialization.
WARNING: [RTGEN 206-101] Register 'p_ZL9dw_in_buf_5_0' is power-on initialization.
WARNING: [RTGEN 206-101] Register 'p_ZL9dw_in_buf_6_0' is power-on initialization.
WARNING: [RTGEN 206-101] Register 'p_ZL9dw_in_buf_7_0' is power-on initialization.
WARNING: [RTGEN 206-101] Register 'p_ZL9dw_in_buf_8_0' is power-on initialization.
WARNING: [RTGEN 206-101] Register 'p_ZL9dw_in_buf_9_0' is power-on initialization.
WARNING: [RTGEN 206-101] Register 'p_ZL9dw_in_buf_10_0' is power-on initialization.
WARNING: [RTGEN 206-101] Register 'p_ZL9dw_in_buf_11_0' is power-on initialization.
WARNING: [RTGEN 206-101] Register 'p_ZL9dw_in_buf_12_0' is power-on initialization.
WARNING: [RTGEN 206-101] Register 'p_ZL9dw_in_buf_1_1' is power-on initialization.
WARNING: [RTGEN 206-101] Register 'p_ZL9dw_in_buf_2_1' is power-on initialization.
WARNING: [RTGEN 206-101] Register 'p_ZL9dw_in_buf_3_1' is power-on initialization.
WARNING: [RTGEN 206-101] Register 'p_ZL9dw_in_buf_4_1' is power-on initialization.
WARNING: [RTGEN 206-101] Register 'p_ZL9dw_in_buf_5_1' is power-on initialization.
WARNING: [RTGEN 206-101] Register 'p_ZL9dw_in_buf_6_1' is power-on initialization.
WARNING: [RTGEN 206-101] Register 'p_ZL9dw_in_buf_7_1' is power-on initialization.
WARNING: [RTGEN 206-101] Register 'p_ZL9dw_in_buf_8_1' is power-on initialization.
WARNING: [RTGEN 206-101] Register 'p_ZL9dw_in_buf_9_1' is power-on initialization.
WARNING: [RTGEN 206-101] Register 'p_ZL9dw_in_buf_10_1' is power-on initialization.
WARNING: [RTGEN 206-101] Register 'p_ZL9dw_in_buf_11_1' is power-on initialization.
WARNING: [RTGEN 206-101] Register 'p_ZL9dw_in_buf_12_1' is power-on initialization.
WARNING: [RTGEN 206-101] Register 'p_ZL9dw_in_buf_1_2' is power-on initialization.
WARNING: [RTGEN 206-101] Register 'p_ZL9dw_in_buf_2_2' is power-on initialization.
WARNING: [RTGEN 206-101] Register 'p_ZL9dw_in_buf_3_2' is power-on initialization.
WARNING: [RTGEN 206-101] Register 'p_ZL9dw_in_buf_4_2' is power-on initialization.
WARNING: [RTGEN 206-101] Register 'p_ZL9dw_in_buf_5_2' is power-on initialization.
WARNING: [RTGEN 206-101] Register 'p_ZL9dw_in_buf_6_2' is power-on initialization.
WARNING: [RTGEN 206-101] Register 'p_ZL9dw_in_buf_7_2' is power-on initialization.
WARNING: [RTGEN 206-101] Register 'p_ZL9dw_in_buf_8_2' is power-on initialization.
WARNING: [RTGEN 206-101] Register 'p_ZL9dw_in_buf_9_2' is power-on initialization.
WARNING: [RTGEN 206-101] Register 'p_ZL9dw_in_buf_10_2' is power-on initialization.
WARNING: [RTGEN 206-101] Register 'p_ZL9dw_in_buf_11_2' is power-on initialization.
WARNING: [RTGEN 206-101] Register 'p_ZL9dw_in_buf_12_2' is power-on initialization.
WARNING: [RTGEN 206-101] Register 'p_ZL9dw_in_buf_1_3' is power-on initialization.
WARNING: [RTGEN 206-101] Register 'p_ZL9dw_in_buf_2_3' is power-on initialization.
WARNING: [RTGEN 206-101] Register 'p_ZL9dw_in_buf_3_3' is power-on initialization.
WARNING: [RTGEN 206-101] Register 'p_ZL9dw_in_buf_4_3' is power-on initialization.
WARNING: [RTGEN 206-101] Register 'p_ZL9dw_in_buf_5_3' is power-on initialization.
WARNING: [RTGEN 206-101] Register 'p_ZL9dw_in_buf_6_3' is power-on initialization.
WARNING: [RTGEN 206-101] Register 'p_ZL9dw_in_buf_7_3' is power-on initialization.
WARNING: [RTGEN 206-101] Register 'p_ZL9dw_in_buf_8_3' is power-on initialization.
WARNING: [RTGEN 206-101] Register 'p_ZL9dw_in_buf_9_3' is power-on initialization.
WARNING: [RTGEN 206-101] Register 'p_ZL9dw_in_buf_10_3' is power-on initialization.
WARNING: [RTGEN 206-101] Register 'p_ZL9dw_in_buf_11_3' is power-on initialization.
WARNING: [RTGEN 206-101] Register 'p_ZL9dw_in_buf_12_3' is power-on initialization.
WARNING: [RTGEN 206-101] Register 'p_ZL9dw_in_buf_1_4' is power-on initialization.
WARNING: [RTGEN 206-101] Register 'p_ZL9dw_in_buf_2_4' is power-on initialization.
WARNING: [RTGEN 206-101] Register 'p_ZL9dw_in_buf_3_4' is power-on initialization.
WARNING: [RTGEN 206-101] Register 'p_ZL9dw_in_buf_4_4' is power-on initialization.
WARNING: [RTGEN 206-101] Register 'p_ZL9dw_in_buf_5_4' is power-on initialization.
WARNING: [RTGEN 206-101] Register 'p_ZL9dw_in_buf_6_4' is power-on initialization.
WARNING: [RTGEN 206-101] Register 'p_ZL9dw_in_buf_7_4' is power-on initialization.
WARNING: [RTGEN 206-101] Register 'p_ZL9dw_in_buf_8_4' is power-on initialization.
WARNING: [RTGEN 206-101] Register 'p_ZL9dw_in_buf_9_4' is power-on initialization.
WARNING: [RTGEN 206-101] Register 'p_ZL9dw_in_buf_10_4' is power-on initialization.
WARNING: [RTGEN 206-101] Register 'p_ZL9dw_in_buf_11_4' is power-on initialization.
WARNING: [RTGEN 206-101] Register 'p_ZL9dw_in_buf_12_4' is power-on initialization.
WARNING: [RTGEN 206-101] Register 'p_ZL9dw_in_buf_1_5' is power-on initialization.
WARNING: [RTGEN 206-101] Register 'p_ZL9dw_in_buf_2_5' is power-on initialization.
WARNING: [RTGEN 206-101] Register 'p_ZL9dw_in_buf_3_5' is power-on initialization.
WARNING: [RTGEN 206-101] Register 'p_ZL9dw_in_buf_4_5' is power-on initialization.
WARNING: [RTGEN 206-101] Register 'p_ZL9dw_in_buf_5_5' is power-on initialization.
WARNING: [RTGEN 206-101] Register 'p_ZL9dw_in_buf_6_5' is power-on initialization.
WARNING: [RTGEN 206-101] Register 'p_ZL9dw_in_buf_7_5' is power-on initialization.
WARNING: [RTGEN 206-101] Register 'p_ZL9dw_in_buf_8_5' is power-on initialization.
WARNING: [RTGEN 206-101] Register 'p_ZL9dw_in_buf_9_5' is power-on initialization.
WARNING: [RTGEN 206-101] Register 'p_ZL9dw_in_buf_10_5' is power-on initialization.
WARNING: [RTGEN 206-101] Register 'p_ZL9dw_in_buf_11_5' is power-on initialization.
WARNING: [RTGEN 206-101] Register 'p_ZL9dw_in_buf_12_5' is power-on initialization.
WARNING: [RTGEN 206-101] Register 'p_ZL9dw_in_buf_1_6' is power-on initialization.
WARNING: [RTGEN 206-101] Register 'p_ZL9dw_in_buf_2_6' is power-on initialization.
WARNING: [RTGEN 206-101] Register 'p_ZL9dw_in_buf_3_6' is power-on initialization.
WARNING: [RTGEN 206-101] Register 'p_ZL9dw_in_buf_4_6' is power-on initialization.
WARNING: [RTGEN 206-101] Register 'p_ZL9dw_in_buf_5_6' is power-on initialization.
WARNING: [RTGEN 206-101] Register 'p_ZL9dw_in_buf_6_6' is power-on initialization.
WARNING: [RTGEN 206-101] Register 'p_ZL9dw_in_buf_7_6' is power-on initialization.
WARNING: [RTGEN 206-101] Register 'p_ZL9dw_in_buf_8_6' is power-on initialization.
WARNING: [RTGEN 206-101] Register 'p_ZL9dw_in_buf_9_6' is power-on initialization.
WARNING: [RTGEN 206-101] Register 'p_ZL9dw_in_buf_10_6' is power-on initialization.
WARNING: [RTGEN 206-101] Register 'p_ZL9dw_in_buf_11_6' is power-on initialization.
WARNING: [RTGEN 206-101] Register 'p_ZL9dw_in_buf_12_6' is power-on initialization.
WARNING: [RTGEN 206-101] Register 'p_ZL9dw_in_buf_1_7' is power-on initialization.
WARNING: [RTGEN 206-101] Register 'p_ZL9dw_in_buf_2_7' is power-on initialization.
WARNING: [RTGEN 206-101] Register 'p_ZL9dw_in_buf_3_7' is power-on initialization.
WARNING: [RTGEN 206-101] Register 'p_ZL9dw_in_buf_4_7' is power-on initialization.
WARNING: [RTGEN 206-101] Register 'p_ZL9dw_in_buf_5_7' is power-on initialization.
WARNING: [RTGEN 206-101] Register 'p_ZL9dw_in_buf_6_7' is power-on initialization.
WARNING: [RTGEN 206-101] Register 'p_ZL9dw_in_buf_7_7' is power-on initialization.
WARNING: [RTGEN 206-101] Register 'p_ZL9dw_in_buf_8_7' is power-on initialization.
WARNING: [RTGEN 206-101] Register 'p_ZL9dw_in_buf_9_7' is power-on initialization.
WARNING: [RTGEN 206-101] Register 'p_ZL9dw_in_buf_10_7' is power-on initialization.
WARNING: [RTGEN 206-101] Register 'p_ZL9dw_in_buf_11_7' is power-on initialization.
WARNING: [RTGEN 206-101] Register 'p_ZL9dw_in_buf_12_7' is power-on initialization.
WARNING: [RTGEN 206-101] Register 'p_ZL9dw_in_buf_1_8' is power-on initialization.
WARNING: [RTGEN 206-101] Register 'p_ZL9dw_in_buf_2_8' is power-on initialization.
WARNING: [RTGEN 206-101] Register 'p_ZL9dw_in_buf_3_8' is power-on initialization.
WARNING: [RTGEN 206-101] Register 'p_ZL9dw_in_buf_4_8' is power-on initialization.
WARNING: [RTGEN 206-101] Register 'p_ZL9dw_in_buf_5_8' is power-on initialization.
WARNING: [RTGEN 206-101] Register 'p_ZL9dw_in_buf_6_8' is power-on initialization.
WARNING: [RTGEN 206-101] Register 'p_ZL9dw_in_buf_7_8' is power-on initialization.
WARNING: [RTGEN 206-101] Register 'p_ZL9dw_in_buf_8_8' is power-on initialization.
WARNING: [RTGEN 206-101] Register 'p_ZL9dw_in_buf_9_8' is power-on initialization.
WARNING: [RTGEN 206-101] Register 'p_ZL9dw_in_buf_10_8' is power-on initialization.
WARNING: [RTGEN 206-101] Register 'p_ZL9dw_in_buf_11_8' is power-on initialization.
WARNING: [RTGEN 206-101] Register 'p_ZL9dw_in_buf_12_8' is power-on initialization.
WARNING: [RTGEN 206-101] Register 'p_ZL9dw_in_buf_1_9' is power-on initialization.
WARNING: [RTGEN 206-101] Register 'p_ZL9dw_in_buf_2_9' is power-on initialization.
WARNING: [RTGEN 206-101] Register 'p_ZL9dw_in_buf_3_9' is power-on initialization.
WARNING: [RTGEN 206-101] Register 'p_ZL9dw_in_buf_4_9' is power-on initialization.
WARNING: [RTGEN 206-101] Register 'p_ZL9dw_in_buf_5_9' is power-on initialization.
WARNING: [RTGEN 206-101] Register 'p_ZL9dw_in_buf_6_9' is power-on initialization.
WARNING: [RTGEN 206-101] Register 'p_ZL9dw_in_buf_7_9' is power-on initialization.
WARNING: [RTGEN 206-101] Register 'p_ZL9dw_in_buf_8_9' is power-on initialization.
WARNING: [RTGEN 206-101] Register 'p_ZL9dw_in_buf_9_9' is power-on initialization.
WARNING: [RTGEN 206-101] Register 'p_ZL9dw_in_buf_10_9' is power-on initialization.
WARNING: [RTGEN 206-101] Register 'p_ZL9dw_in_buf_11_9' is power-on initialization.
WARNING: [RTGEN 206-101] Register 'p_ZL9dw_in_buf_12_9' is power-on initialization.
WARNING: [RTGEN 206-101] Register 'p_ZL9dw_in_buf_1_10' is power-on initialization.
WARNING: [RTGEN 206-101] Register 'p_ZL9dw_in_buf_2_10' is power-on initialization.
WARNING: [RTGEN 206-101] Register 'p_ZL9dw_in_buf_3_10' is power-on initialization.
WARNING: [RTGEN 206-101] Register 'p_ZL9dw_in_buf_4_10' is power-on initialization.
WARNING: [RTGEN 206-101] Register 'p_ZL9dw_in_buf_5_10' is power-on initialization.
WARNING: [RTGEN 206-101] Register 'p_ZL9dw_in_buf_6_10' is power-on initialization.
WARNING: [RTGEN 206-101] Register 'p_ZL9dw_in_buf_7_10' is power-on initialization.
WARNING: [RTGEN 206-101] Register 'p_ZL9dw_in_buf_8_10' is power-on initialization.
WARNING: [RTGEN 206-101] Register 'p_ZL9dw_in_buf_9_10' is power-on initialization.
WARNING: [RTGEN 206-101] Register 'p_ZL9dw_in_buf_10_10' is power-on initialization.
WARNING: [RTGEN 206-101] Register 'p_ZL9dw_in_buf_11_10' is power-on initialization.
WARNING: [RTGEN 206-101] Register 'p_ZL9dw_in_buf_12_10' is power-on initialization.
WARNING: [RTGEN 206-101] Register 'p_ZL9dw_in_buf_1_11' is power-on initialization.
WARNING: [RTGEN 206-101] Register 'p_ZL9dw_in_buf_2_11' is power-on initialization.
WARNING: [RTGEN 206-101] Register 'p_ZL9dw_in_buf_3_11' is power-on initialization.
WARNING: [RTGEN 206-101] Register 'p_ZL9dw_in_buf_4_11' is power-on initialization.
WARNING: [RTGEN 206-101] Register 'p_ZL9dw_in_buf_5_11' is power-on initialization.
WARNING: [RTGEN 206-101] Register 'p_ZL9dw_in_buf_6_11' is power-on initialization.
WARNING: [RTGEN 206-101] Register 'p_ZL9dw_in_buf_7_11' is power-on initialization.
WARNING: [RTGEN 206-101] Register 'p_ZL9dw_in_buf_8_11' is power-on initialization.
WARNING: [RTGEN 206-101] Register 'p_ZL9dw_in_buf_9_11' is power-on initialization.
WARNING: [RTGEN 206-101] Register 'p_ZL9dw_in_buf_10_11' is power-on initialization.
WARNING: [RTGEN 206-101] Register 'p_ZL9dw_in_buf_11_11' is power-on initialization.
WARNING: [RTGEN 206-101] Register 'p_ZL9dw_in_buf_12_11' is power-on initialization.
WARNING: [RTGEN 206-101] Register 'p_ZL9dw_in_buf_1_12' is power-on initialization.
WARNING: [RTGEN 206-101] Register 'p_ZL9dw_in_buf_2_12' is power-on initialization.
WARNING: [RTGEN 206-101] Register 'p_ZL9dw_in_buf_3_12' is power-on initialization.
WARNING: [RTGEN 206-101] Register 'p_ZL9dw_in_buf_4_12' is power-on initialization.
WARNING: [RTGEN 206-101] Register 'p_ZL9dw_in_buf_5_12' is power-on initialization.
WARNING: [RTGEN 206-101] Register 'p_ZL9dw_in_buf_6_12' is power-on initialization.
WARNING: [RTGEN 206-101] Register 'p_ZL9dw_in_buf_7_12' is power-on initialization.
WARNING: [RTGEN 206-101] Register 'p_ZL9dw_in_buf_8_12' is power-on initialization.
WARNING: [RTGEN 206-101] Register 'p_ZL9dw_in_buf_9_12' is power-on initialization.
WARNING: [RTGEN 206-101] Register 'p_ZL9dw_in_buf_10_12' is power-on initialization.
WARNING: [RTGEN 206-101] Register 'p_ZL9dw_in_buf_11_12' is power-on initialization.
WARNING: [RTGEN 206-101] Register 'p_ZL9dw_in_buf_12_12' is power-on initialization.
WARNING: [RTGEN 206-101] Register 'p_ZL10dw_out_buf_0_0' is power-on initialization.
WARNING: [RTGEN 206-101] Register 'p_ZL10dw_out_buf_0_1' is power-on initialization.
WARNING: [RTGEN 206-101] Register 'p_ZL10dw_out_buf_0_2' is power-on initialization.
WARNING: [RTGEN 206-101] Register 'p_ZL10dw_out_buf_0_3' is power-on initialization.
WARNING: [RTGEN 206-101] Register 'p_ZL10dw_out_buf_1_0' is power-on initialization.
WARNING: [RTGEN 206-101] Register 'p_ZL10dw_out_buf_1_1' is power-on initialization.
WARNING: [RTGEN 206-101] Register 'p_ZL10dw_out_buf_1_2' is power-on initialization.
WARNING: [RTGEN 206-101] Register 'p_ZL10dw_out_buf_1_3' is power-on initialization.
WARNING: [RTGEN 206-101] Register 'p_ZL10dw_out_buf_2_0' is power-on initialization.
WARNING: [RTGEN 206-101] Register 'p_ZL10dw_out_buf_2_1' is power-on initialization.
WARNING: [RTGEN 206-101] Register 'p_ZL10dw_out_buf_2_2' is power-on initialization.
WARNING: [RTGEN 206-101] Register 'p_ZL10dw_out_buf_2_3' is power-on initialization.
WARNING: [RTGEN 206-101] Register 'p_ZL10dw_out_buf_3_0' is power-on initialization.
WARNING: [RTGEN 206-101] Register 'p_ZL10dw_out_buf_3_1' is power-on initialization.
WARNING: [RTGEN 206-101] Register 'p_ZL10dw_out_buf_3_2' is power-on initialization.
WARNING: [RTGEN 206-101] Register 'p_ZL10dw_out_buf_3_3' is power-on initialization.
INFO: [RTGEN 206-100] Generating core module 'mul_30s_30s_30_5_1': 1 instance(s).
INFO: [RTGEN 206-100] Generating core module 'mul_31ns_32s_32_5_1': 1 instance(s).
INFO: [RTGEN 206-100] Generating core module 'mul_32ns_32ns_60_5_1': 1 instance(s).
INFO: [RTGEN 206-100] Generating core module 'mul_32ns_32ns_64_5_1': 1 instance(s).
INFO: [RTGEN 206-100] Generating core module 'mul_32s_32ns_62_5_1': 1 instance(s).
INFO: [RTGEN 206-100] Generating core module 'mul_32s_32ns_64_5_1': 1 instance(s).
INFO: [RTGEN 206-100] Generating core module 'mul_32s_32s_32_5_1': 1 instance(s).
INFO: [RTGEN 206-100] Generating core module 'mul_4s_3ns_4_1_1': 1 instance(s).
INFO: [RTGEN 206-100] Generating core module 'mul_64s_32ns_64_5_1': 2 instance(s).
INFO: [RTGEN 206-100] Generating core module 'sparsemux_15_3_8_1_1': 7 instance(s).
INFO: [RTGEN 206-100] Generating core module 'sparsemux_27_4_4_1_1': 13 instance(s).
INFO: [RTGEN 206-100] Generating core module 'sparsemux_9_2_32_1_1': 4 instance(s).
INFO: [RTGEN 206-100] Finished creating RTL model for 'dwconv_process_channel4'.
INFO: [RTMG 210-278] Implementing memory 'fastvit_ip_dwconv_process_channel4_p_ZL10ch_out_buf_0_RAM_1P_BRAM_1R1W' using block RAMs.
INFO: [HLS 200-111] Finished Creating RTL model: CPU user time: 3 seconds. CPU system time: 0 seconds. Elapsed time: 4.592 seconds; current allocated memory: 849.707 MB.
INFO: [HLS 200-10] ----------------------------------------------------------------
INFO: [HLS 200-10] -- Generating RTL for module 'dataflow_in_loop_LOOP_DW_CH_1' 
INFO: [HLS 200-10] ----------------------------------------------------------------
WARNING: [RTGEN 206-101] Setting dangling out port 'dataflow_in_loop_LOOP_DW_CH_1/m_axi_gmem0_0_AWVALID' to 0.
WARNING: [RTGEN 206-101] Setting dangling out port 'dataflow_in_loop_LOOP_DW_CH_1/m_axi_gmem0_0_AWADDR' to 0.
WARNING: [RTGEN 206-101] Setting dangling out port 'dataflow_in_loop_LOOP_DW_CH_1/m_axi_gmem0_0_AWID' to 0.
WARNING: [RTGEN 206-101] Setting dangling out port 'dataflow_in_loop_LOOP_DW_CH_1/m_axi_gmem0_0_AWLEN' to 0.
WARNING: [RTGEN 206-101] Setting dangling out port 'dataflow_in_loop_LOOP_DW_CH_1/m_axi_gmem0_0_AWSIZE' to 0.
WARNING: [RTGEN 206-101] Setting dangling out port 'dataflow_in_loop_LOOP_DW_CH_1/m_axi_gmem0_0_AWBURST' to 0.
WARNING: [RTGEN 206-101] Setting dangling out port 'dataflow_in_loop_LOOP_DW_CH_1/m_axi_gmem0_0_AWLOCK' to 0.
WARNING: [RTGEN 206-101] Setting dangling out port 'dataflow_in_loop_LOOP_DW_CH_1/m_axi_gmem0_0_AWCACHE' to 0.
WARNING: [RTGEN 206-101] Setting dangling out port 'dataflow_in_loop_LOOP_DW_CH_1/m_axi_gmem0_0_AWPROT' to 0.
WARNING: [RTGEN 206-101] Setting dangling out port 'dataflow_in_loop_LOOP_DW_CH_1/m_axi_gmem0_0_AWQOS' to 0.
WARNING: [RTGEN 206-101] Setting dangling out port 'dataflow_in_loop_LOOP_DW_CH_1/m_axi_gmem0_0_AWREGION' to 0.
WARNING: [RTGEN 206-101] Setting dangling out port 'dataflow_in_loop_LOOP_DW_CH_1/m_axi_gmem0_0_AWUSER' to 0.
WARNING: [RTGEN 206-101] Setting dangling out port 'dataflow_in_loop_LOOP_DW_CH_1/m_axi_gmem0_0_WVALID' to 0.
WARNING: [RTGEN 206-101] Setting dangling out port 'dataflow_in_loop_LOOP_DW_CH_1/m_axi_gmem0_0_WDATA' to 0.
WARNING: [RTGEN 206-101] Setting dangling out port 'dataflow_in_loop_LOOP_DW_CH_1/m_axi_gmem0_0_WSTRB' to 0.
WARNING: [RTGEN 206-101] Setting dangling out port 'dataflow_in_loop_LOOP_DW_CH_1/m_axi_gmem0_0_WLAST' to 0.
WARNING: [RTGEN 206-101] Setting dangling out port 'dataflow_in_loop_LOOP_DW_CH_1/m_axi_gmem0_0_WID' to 0.
WARNING: [RTGEN 206-101] Setting dangling out port 'dataflow_in_loop_LOOP_DW_CH_1/m_axi_gmem0_0_WUSER' to 0.
WARNING: [RTGEN 206-101] Setting dangling out port 'dataflow_in_loop_LOOP_DW_CH_1/m_axi_gmem0_0_BREADY' to 0.
WARNING: [RTGEN 206-101] Setting dangling out port 'dataflow_in_loop_LOOP_DW_CH_1/m_axi_gmem1_0_AWVALID' to 0.
WARNING: [RTGEN 206-101] Setting dangling out port 'dataflow_in_loop_LOOP_DW_CH_1/m_axi_gmem1_0_AWADDR' to 0.
WARNING: [RTGEN 206-101] Setting dangling out port 'dataflow_in_loop_LOOP_DW_CH_1/m_axi_gmem1_0_AWID' to 0.
WARNING: [RTGEN 206-101] Setting dangling out port 'dataflow_in_loop_LOOP_DW_CH_1/m_axi_gmem1_0_AWLEN' to 0.
WARNING: [RTGEN 206-101] Setting dangling out port 'dataflow_in_loop_LOOP_DW_CH_1/m_axi_gmem1_0_AWSIZE' to 0.
WARNING: [RTGEN 206-101] Setting dangling out port 'dataflow_in_loop_LOOP_DW_CH_1/m_axi_gmem1_0_AWBURST' to 0.
WARNING: [RTGEN 206-101] Setting dangling out port 'dataflow_in_loop_LOOP_DW_CH_1/m_axi_gmem1_0_AWLOCK' to 0.
WARNING: [RTGEN 206-101] Setting dangling out port 'dataflow_in_loop_LOOP_DW_CH_1/m_axi_gmem1_0_AWCACHE' to 0.
WARNING: [RTGEN 206-101] Setting dangling out port 'dataflow_in_loop_LOOP_DW_CH_1/m_axi_gmem1_0_AWPROT' to 0.
WARNING: [RTGEN 206-101] Setting dangling out port 'dataflow_in_loop_LOOP_DW_CH_1/m_axi_gmem1_0_AWQOS' to 0.
WARNING: [RTGEN 206-101] Setting dangling out port 'dataflow_in_loop_LOOP_DW_CH_1/m_axi_gmem1_0_AWREGION' to 0.
WARNING: [RTGEN 206-101] Setting dangling out port 'dataflow_in_loop_LOOP_DW_CH_1/m_axi_gmem1_0_AWUSER' to 0.
WARNING: [RTGEN 206-101] Setting dangling out port 'dataflow_in_loop_LOOP_DW_CH_1/m_axi_gmem1_0_WVALID' to 0.
WARNING: [RTGEN 206-101] Setting dangling out port 'dataflow_in_loop_LOOP_DW_CH_1/m_axi_gmem1_0_WDATA' to 0.
WARNING: [RTGEN 206-101] Setting dangling out port 'dataflow_in_loop_LOOP_DW_CH_1/m_axi_gmem1_0_WSTRB' to 0.
WARNING: [RTGEN 206-101] Setting dangling out port 'dataflow_in_loop_LOOP_DW_CH_1/m_axi_gmem1_0_WLAST' to 0.
WARNING: [RTGEN 206-101] Setting dangling out port 'dataflow_in_loop_LOOP_DW_CH_1/m_axi_gmem1_0_WID' to 0.
WARNING: [RTGEN 206-101] Setting dangling out port 'dataflow_in_loop_LOOP_DW_CH_1/m_axi_gmem1_0_WUSER' to 0.
WARNING: [RTGEN 206-101] Setting dangling out port 'dataflow_in_loop_LOOP_DW_CH_1/m_axi_gmem1_0_BREADY' to 0.
WARNING: [RTGEN 206-101] Setting dangling out port 'dataflow_in_loop_LOOP_DW_CH_1/m_axi_gmem2_0_AWVALID' to 0.
WARNING: [RTGEN 206-101] Setting dangling out port 'dataflow_in_loop_LOOP_DW_CH_1/m_axi_gmem2_0_AWADDR' to 0.
WARNING: [RTGEN 206-101] Setting dangling out port 'dataflow_in_loop_LOOP_DW_CH_1/m_axi_gmem2_0_AWID' to 0.
WARNING: [RTGEN 206-101] Setting dangling out port 'dataflow_in_loop_LOOP_DW_CH_1/m_axi_gmem2_0_AWLEN' to 0.
WARNING: [RTGEN 206-101] Setting dangling out port 'dataflow_in_loop_LOOP_DW_CH_1/m_axi_gmem2_0_AWSIZE' to 0.
WARNING: [RTGEN 206-101] Setting dangling out port 'dataflow_in_loop_LOOP_DW_CH_1/m_axi_gmem2_0_AWBURST' to 0.
WARNING: [RTGEN 206-101] Setting dangling out port 'dataflow_in_loop_LOOP_DW_CH_1/m_axi_gmem2_0_AWLOCK' to 0.
WARNING: [RTGEN 206-101] Setting dangling out port 'dataflow_in_loop_LOOP_DW_CH_1/m_axi_gmem2_0_AWCACHE' to 0.
WARNING: [RTGEN 206-101] Setting dangling out port 'dataflow_in_loop_LOOP_DW_CH_1/m_axi_gmem2_0_AWPROT' to 0.
WARNING: [RTGEN 206-101] Setting dangling out port 'dataflow_in_loop_LOOP_DW_CH_1/m_axi_gmem2_0_AWQOS' to 0.
WARNING: [RTGEN 206-101] Setting dangling out port 'dataflow_in_loop_LOOP_DW_CH_1/m_axi_gmem2_0_AWREGION' to 0.
WARNING: [RTGEN 206-101] Setting dangling out port 'dataflow_in_loop_LOOP_DW_CH_1/m_axi_gmem2_0_AWUSER' to 0.
WARNING: [RTGEN 206-101] Setting dangling out port 'dataflow_in_loop_LOOP_DW_CH_1/m_axi_gmem2_0_WVALID' to 0.
WARNING: [RTGEN 206-101] Setting dangling out port 'dataflow_in_loop_LOOP_DW_CH_1/m_axi_gmem2_0_WDATA' to 0.
WARNING: [RTGEN 206-101] Setting dangling out port 'dataflow_in_loop_LOOP_DW_CH_1/m_axi_gmem2_0_WSTRB' to 0.
WARNING: [RTGEN 206-101] Setting dangling out port 'dataflow_in_loop_LOOP_DW_CH_1/m_axi_gmem2_0_WLAST' to 0.
WARNING: [RTGEN 206-101] Setting dangling out port 'dataflow_in_loop_LOOP_DW_CH_1/m_axi_gmem2_0_WID' to 0.
WARNING: [RTGEN 206-101] Setting dangling out port 'dataflow_in_loop_LOOP_DW_CH_1/m_axi_gmem2_0_WUSER' to 0.
WARNING: [RTGEN 206-101] Setting dangling out port 'dataflow_in_loop_LOOP_DW_CH_1/m_axi_gmem2_0_BREADY' to 0.
WARNING: [RTGEN 206-101] Setting dangling out port 'dataflow_in_loop_LOOP_DW_CH_1/m_axi_gmem3_0_ARVALID' to 0.
WARNING: [RTGEN 206-101] Setting dangling out port 'dataflow_in_loop_LOOP_DW_CH_1/m_axi_gmem3_0_ARADDR' to 0.
WARNING: [RTGEN 206-101] Setting dangling out port 'dataflow_in_loop_LOOP_DW_CH_1/m_axi_gmem3_0_ARID' to 0.
WARNING: [RTGEN 206-101] Setting dangling out port 'dataflow_in_loop_LOOP_DW_CH_1/m_axi_gmem3_0_ARLEN' to 0.
WARNING: [RTGEN 206-101] Setting dangling out port 'dataflow_in_loop_LOOP_DW_CH_1/m_axi_gmem3_0_ARSIZE' to 0.
WARNING: [RTGEN 206-101] Setting dangling out port 'dataflow_in_loop_LOOP_DW_CH_1/m_axi_gmem3_0_ARBURST' to 0.
WARNING: [RTGEN 206-101] Setting dangling out port 'dataflow_in_loop_LOOP_DW_CH_1/m_axi_gmem3_0_ARLOCK' to 0.
WARNING: [RTGEN 206-101] Setting dangling out port 'dataflow_in_loop_LOOP_DW_CH_1/m_axi_gmem3_0_ARCACHE' to 0.
WARNING: [RTGEN 206-101] Setting dangling out port 'dataflow_in_loop_LOOP_DW_CH_1/m_axi_gmem3_0_ARPROT' to 0.
WARNING: [RTGEN 206-101] Setting dangling out port 'dataflow_in_loop_LOOP_DW_CH_1/m_axi_gmem3_0_ARQOS' to 0.
WARNING: [RTGEN 206-101] Setting dangling out port 'dataflow_in_loop_LOOP_DW_CH_1/m_axi_gmem3_0_ARREGION' to 0.
WARNING: [RTGEN 206-101] Setting dangling out port 'dataflow_in_loop_LOOP_DW_CH_1/m_axi_gmem3_0_ARUSER' to 0.
WARNING: [RTGEN 206-101] Setting dangling out port 'dataflow_in_loop_LOOP_DW_CH_1/m_axi_gmem3_0_RREADY' to 0.
INFO: [RTGEN 206-100] Finished creating RTL model for 'dataflow_in_loop_LOOP_DW_CH_1'.
INFO: [HLS 200-741] Implementing PIPO fastvit_ip_dataflow_in_loop_LOOP_DW_CH_1_p_ZL9ch_in_buf_0_RAM_1P_BRAM_1R1W using a single memory for all blocks
INFO: [RTMG 210-278] Implementing memory 'fastvit_ip_dataflow_in_loop_LOOP_DW_CH_1_p_ZL9ch_in_buf_0_RAM_1P_BRAM_1R1W_memcore' using block RAMs.
INFO: [RTMG 210-285] Implementing FIFO 'add1_loc_i_channel_U(fastvit_ip_fifo_w32_d2_S)' using Shift Registers.
INFO: [RTMG 210-285] Implementing FIFO 'add6_loc_i_channel_U(fastvit_ip_fifo_w32_d2_S)' using Shift Registers.
INFO: [RTMG 210-285] Implementing FIFO 'div9_loc_i_channel_U(fastvit_ip_fifo_w31_d2_S)' using Shift Registers.
INFO: [RTMG 210-285] Implementing FIFO 'div12_loc_i_channel_U(fastvit_ip_fifo_w31_d2_S)' using Shift Registers.
INFO: [RTMG 210-285] Implementing FIFO 'mul14_loc_i_channel_U(fastvit_ip_fifo_w32_d2_S)' using Shift Registers.
INFO: [HLS 200-111] Finished Creating RTL model: CPU user time: 1 seconds. CPU system time: 0 seconds. Elapsed time: 1.945 seconds; current allocated memory: 864.492 MB.
INFO: [HLS 200-10] ----------------------------------------------------------------
INFO: [HLS 200-10] -- Generating RTL for module 'dwconv_worker' 
INFO: [HLS 200-10] ----------------------------------------------------------------
WARNING: [RTGEN 206-101] Setting dangling out port 'dwconv_worker/m_axi_gmem0_0_AWVALID' to 0.
WARNING: [RTGEN 206-101] Setting dangling out port 'dwconv_worker/m_axi_gmem0_0_AWADDR' to 0.
WARNING: [RTGEN 206-101] Setting dangling out port 'dwconv_worker/m_axi_gmem0_0_AWID' to 0.
WARNING: [RTGEN 206-101] Setting dangling out port 'dwconv_worker/m_axi_gmem0_0_AWLEN' to 0.
WARNING: [RTGEN 206-101] Setting dangling out port 'dwconv_worker/m_axi_gmem0_0_AWSIZE' to 0.
WARNING: [RTGEN 206-101] Setting dangling out port 'dwconv_worker/m_axi_gmem0_0_AWBURST' to 0.
WARNING: [RTGEN 206-101] Setting dangling out port 'dwconv_worker/m_axi_gmem0_0_AWLOCK' to 0.
WARNING: [RTGEN 206-101] Setting dangling out port 'dwconv_worker/m_axi_gmem0_0_AWCACHE' to 0.
WARNING: [RTGEN 206-101] Setting dangling out port 'dwconv_worker/m_axi_gmem0_0_AWPROT' to 0.
WARNING: [RTGEN 206-101] Setting dangling out port 'dwconv_worker/m_axi_gmem0_0_AWQOS' to 0.
WARNING: [RTGEN 206-101] Setting dangling out port 'dwconv_worker/m_axi_gmem0_0_AWREGION' to 0.
WARNING: [RTGEN 206-101] Setting dangling out port 'dwconv_worker/m_axi_gmem0_0_AWUSER' to 0.
WARNING: [RTGEN 206-101] Setting dangling out port 'dwconv_worker/m_axi_gmem0_0_WVALID' to 0.
WARNING: [RTGEN 206-101] Setting dangling out port 'dwconv_worker/m_axi_gmem0_0_WDATA' to 0.
WARNING: [RTGEN 206-101] Setting dangling out port 'dwconv_worker/m_axi_gmem0_0_WSTRB' to 0.
WARNING: [RTGEN 206-101] Setting dangling out port 'dwconv_worker/m_axi_gmem0_0_WLAST' to 0.
WARNING: [RTGEN 206-101] Setting dangling out port 'dwconv_worker/m_axi_gmem0_0_WID' to 0.
WARNING: [RTGEN 206-101] Setting dangling out port 'dwconv_worker/m_axi_gmem0_0_WUSER' to 0.
WARNING: [RTGEN 206-101] Setting dangling out port 'dwconv_worker/m_axi_gmem0_0_BREADY' to 0.
WARNING: [RTGEN 206-101] Setting dangling out port 'dwconv_worker/m_axi_gmem1_0_AWVALID' to 0.
WARNING: [RTGEN 206-101] Setting dangling out port 'dwconv_worker/m_axi_gmem1_0_AWADDR' to 0.
WARNING: [RTGEN 206-101] Setting dangling out port 'dwconv_worker/m_axi_gmem1_0_AWID' to 0.
WARNING: [RTGEN 206-101] Setting dangling out port 'dwconv_worker/m_axi_gmem1_0_AWLEN' to 0.
WARNING: [RTGEN 206-101] Setting dangling out port 'dwconv_worker/m_axi_gmem1_0_AWSIZE' to 0.
WARNING: [RTGEN 206-101] Setting dangling out port 'dwconv_worker/m_axi_gmem1_0_AWBURST' to 0.
WARNING: [RTGEN 206-101] Setting dangling out port 'dwconv_worker/m_axi_gmem1_0_AWLOCK' to 0.
WARNING: [RTGEN 206-101] Setting dangling out port 'dwconv_worker/m_axi_gmem1_0_AWCACHE' to 0.
WARNING: [RTGEN 206-101] Setting dangling out port 'dwconv_worker/m_axi_gmem1_0_AWPROT' to 0.
WARNING: [RTGEN 206-101] Setting dangling out port 'dwconv_worker/m_axi_gmem1_0_AWQOS' to 0.
WARNING: [RTGEN 206-101] Setting dangling out port 'dwconv_worker/m_axi_gmem1_0_AWREGION' to 0.
WARNING: [RTGEN 206-101] Setting dangling out port 'dwconv_worker/m_axi_gmem1_0_AWUSER' to 0.
WARNING: [RTGEN 206-101] Setting dangling out port 'dwconv_worker/m_axi_gmem1_0_WVALID' to 0.
WARNING: [RTGEN 206-101] Setting dangling out port 'dwconv_worker/m_axi_gmem1_0_WDATA' to 0.
WARNING: [RTGEN 206-101] Setting dangling out port 'dwconv_worker/m_axi_gmem1_0_WSTRB' to 0.
WARNING: [RTGEN 206-101] Setting dangling out port 'dwconv_worker/m_axi_gmem1_0_WLAST' to 0.
WARNING: [RTGEN 206-101] Setting dangling out port 'dwconv_worker/m_axi_gmem1_0_WID' to 0.
WARNING: [RTGEN 206-101] Setting dangling out port 'dwconv_worker/m_axi_gmem1_0_WUSER' to 0.
WARNING: [RTGEN 206-101] Setting dangling out port 'dwconv_worker/m_axi_gmem1_0_BREADY' to 0.
WARNING: [RTGEN 206-101] Setting dangling out port 'dwconv_worker/m_axi_gmem2_0_AWVALID' to 0.
WARNING: [RTGEN 206-101] Setting dangling out port 'dwconv_worker/m_axi_gmem2_0_AWADDR' to 0.
WARNING: [RTGEN 206-101] Setting dangling out port 'dwconv_worker/m_axi_gmem2_0_AWID' to 0.
WARNING: [RTGEN 206-101] Setting dangling out port 'dwconv_worker/m_axi_gmem2_0_AWLEN' to 0.
WARNING: [RTGEN 206-101] Setting dangling out port 'dwconv_worker/m_axi_gmem2_0_AWSIZE' to 0.
WARNING: [RTGEN 206-101] Setting dangling out port 'dwconv_worker/m_axi_gmem2_0_AWBURST' to 0.
WARNING: [RTGEN 206-101] Setting dangling out port 'dwconv_worker/m_axi_gmem2_0_AWLOCK' to 0.
WARNING: [RTGEN 206-101] Setting dangling out port 'dwconv_worker/m_axi_gmem2_0_AWCACHE' to 0.
WARNING: [RTGEN 206-101] Setting dangling out port 'dwconv_worker/m_axi_gmem2_0_AWPROT' to 0.
WARNING: [RTGEN 206-101] Setting dangling out port 'dwconv_worker/m_axi_gmem2_0_AWQOS' to 0.
WARNING: [RTGEN 206-101] Setting dangling out port 'dwconv_worker/m_axi_gmem2_0_AWREGION' to 0.
WARNING: [RTGEN 206-101] Setting dangling out port 'dwconv_worker/m_axi_gmem2_0_AWUSER' to 0.
WARNING: [RTGEN 206-101] Setting dangling out port 'dwconv_worker/m_axi_gmem2_0_WVALID' to 0.
WARNING: [RTGEN 206-101] Setting dangling out port 'dwconv_worker/m_axi_gmem2_0_WDATA' to 0.
WARNING: [RTGEN 206-101] Setting dangling out port 'dwconv_worker/m_axi_gmem2_0_WSTRB' to 0.
WARNING: [RTGEN 206-101] Setting dangling out port 'dwconv_worker/m_axi_gmem2_0_WLAST' to 0.
WARNING: [RTGEN 206-101] Setting dangling out port 'dwconv_worker/m_axi_gmem2_0_WID' to 0.
WARNING: [RTGEN 206-101] Setting dangling out port 'dwconv_worker/m_axi_gmem2_0_WUSER' to 0.
WARNING: [RTGEN 206-101] Setting dangling out port 'dwconv_worker/m_axi_gmem2_0_BREADY' to 0.
WARNING: [RTGEN 206-101] Setting dangling out port 'dwconv_worker/m_axi_gmem3_0_ARVALID' to 0.
WARNING: [RTGEN 206-101] Setting dangling out port 'dwconv_worker/m_axi_gmem3_0_ARADDR' to 0.
WARNING: [RTGEN 206-101] Setting dangling out port 'dwconv_worker/m_axi_gmem3_0_ARID' to 0.
WARNING: [RTGEN 206-101] Setting dangling out port 'dwconv_worker/m_axi_gmem3_0_ARLEN' to 0.
WARNING: [RTGEN 206-101] Setting dangling out port 'dwconv_worker/m_axi_gmem3_0_ARSIZE' to 0.
WARNING: [RTGEN 206-101] Setting dangling out port 'dwconv_worker/m_axi_gmem3_0_ARBURST' to 0.
WARNING: [RTGEN 206-101] Setting dangling out port 'dwconv_worker/m_axi_gmem3_0_ARLOCK' to 0.
WARNING: [RTGEN 206-101] Setting dangling out port 'dwconv_worker/m_axi_gmem3_0_ARCACHE' to 0.
WARNING: [RTGEN 206-101] Setting dangling out port 'dwconv_worker/m_axi_gmem3_0_ARPROT' to 0.
WARNING: [RTGEN 206-101] Setting dangling out port 'dwconv_worker/m_axi_gmem3_0_ARQOS' to 0.
WARNING: [RTGEN 206-101] Setting dangling out port 'dwconv_worker/m_axi_gmem3_0_ARREGION' to 0.
WARNING: [RTGEN 206-101] Setting dangling out port 'dwconv_worker/m_axi_gmem3_0_ARUSER' to 0.
WARNING: [RTGEN 206-101] Setting dangling out port 'dwconv_worker/m_axi_gmem3_0_RREADY' to 0.
INFO: [RTGEN 206-100] Finished creating RTL model for 'dwconv_worker'.
INFO: [HLS 200-111] Finished Creating RTL model: CPU user time: 0 seconds. CPU system time: 1 seconds. Elapsed time: 1.496 seconds; current allocated memory: 869.004 MB.
INFO: [HLS 200-10] ----------------------------------------------------------------
INFO: [HLS 200-10] -- Generating RTL for module 'conv_worker_Pipeline_INIT_OUT_VITIS_LOOP_122_1' 
INFO: [HLS 200-10] ----------------------------------------------------------------
INFO: [HLS 200-1030] Apply Unified Pipeline Control on module 'conv_worker_Pipeline_INIT_OUT_VITIS_LOOP_122_1' pipeline 'INIT_OUT_VITIS_LOOP_122_1' pipeline type 'loop pipeline'
INFO: [RTGEN 206-100] Finished creating RTL model for 'conv_worker_Pipeline_INIT_OUT_VITIS_LOOP_122_1'.
INFO: [HLS 200-111] Finished Creating RTL model: CPU user time: 1 seconds. CPU system time: 0 seconds. Elapsed time: 0.199 seconds; current allocated memory: 869.391 MB.
INFO: [HLS 200-10] ----------------------------------------------------------------
INFO: [HLS 200-10] -- Generating RTL for module 'conv_worker_Pipeline_LOAD_IN_VITIS_LOOP_140_3' 
INFO: [HLS 200-10] ----------------------------------------------------------------
INFO: [HLS 200-1030] Apply Unified Pipeline Control on module 'conv_worker_Pipeline_LOAD_IN_VITIS_LOOP_140_3' pipeline 'LOAD_IN_VITIS_LOOP_140_3' pipeline type 'loop pipeline'
INFO: [RTGEN 206-100] Generating core module 'mul_31ns_32s_32_5_1': 1 instance(s).
INFO: [RTGEN 206-100] Generating core module 'mul_32s_32s_32_5_1': 1 instance(s).
INFO: [RTGEN 206-100] Generating core module 'partselect_4ns_32ns_32ns_4_1_1': 9 instance(s).
INFO: [RTGEN 206-100] Finished creating RTL model for 'conv_worker_Pipeline_LOAD_IN_VITIS_LOOP_140_3'.
INFO: [HLS 200-111] Finished Creating RTL model: CPU user time: 0 seconds. CPU system time: 0 seconds. Elapsed time: 0.375 seconds; current allocated memory: 876.176 MB.
INFO: [HLS 200-10] ----------------------------------------------------------------
INFO: [HLS 200-10] -- Generating RTL for module 'conv_worker_Pipeline_LOAD_WT_VITIS_LOOP_157_5_VITIS_LOOP_158_6' 
INFO: [HLS 200-10] ----------------------------------------------------------------
INFO: [HLS 200-1030] Apply Unified Pipeline Control on module 'conv_worker_Pipeline_LOAD_WT_VITIS_LOOP_157_5_VITIS_LOOP_158_6' pipeline 'LOAD_WT_VITIS_LOOP_157_5_VITIS_LOOP_158_6' pipeline type 'loop pipeline'
INFO: [RTGEN 206-100] Generating core module 'mul_2ns_32s_32_5_1': 1 instance(s).
INFO: [RTGEN 206-100] Finished creating RTL model for 'conv_worker_Pipeline_LOAD_WT_VITIS_LOOP_157_5_VITIS_LOOP_158_6'.
INFO: [HLS 200-111] Finished Creating RTL model: CPU user time: 0 seconds. CPU system time: 0 seconds. Elapsed time: 0.443 seconds; current allocated memory: 884.219 MB.
INFO: [HLS 200-10] ----------------------------------------------------------------
INFO: [HLS 200-10] -- Generating RTL for module 'conv_worker_Pipeline_COMPUTE_KH_COMPUTE_KW_COMPUTE_TR_COMPUTE_TC' 
INFO: [HLS 200-10] ----------------------------------------------------------------
INFO: [HLS 200-1030] Apply Unified Pipeline Control on module 'conv_worker_Pipeline_COMPUTE_KH_COMPUTE_KW_COMPUTE_TR_COMPUTE_TC' pipeline 'COMPUTE_KH_COMPUTE_KW_COMPUTE_TR_COMPUTE_TC' pipeline type 'loop pipeline'
INFO: [RTGEN 206-100] Generating core module 'mac_muladd_8s_4s_12s_13_4_1': 2 instance(s).
INFO: [RTGEN 206-100] Generating core module 'mul_8s_4s_12_5_1': 2 instance(s).
INFO: [RTGEN 206-100] Generating core module 'sparsemux_9_2_32_1_1': 2 instance(s).
INFO: [RTGEN 206-100] Finished creating RTL model for 'conv_worker_Pipeline_COMPUTE_KH_COMPUTE_KW_COMPUTE_TR_COMPUTE_TC'.
INFO: [HLS 200-111] Finished Creating RTL model: CPU user time: 0 seconds. CPU system time: 0 seconds. Elapsed time: 0.307 seconds; current allocated memory: 889.523 MB.
INFO: [HLS 200-10] ----------------------------------------------------------------
INFO: [HLS 200-10] -- Generating RTL for module 'conv_worker_Pipeline_VITIS_LOOP_215_8' 
INFO: [HLS 200-10] ----------------------------------------------------------------
INFO: [HLS 200-1030] Apply Unified Pipeline Control on module 'conv_worker_Pipeline_VITIS_LOOP_215_8' pipeline 'VITIS_LOOP_215_8' pipeline type 'loop pipeline'
INFO: [RTGEN 206-100] Generating core module 'ashr_32ns_32ns_32_2_1': 4 instance(s).
INFO: [RTGEN 206-100] Generating core module 'mul_32s_32s_32_5_1': 1 instance(s).
INFO: [RTGEN 206-100] Generating core module 'shl_32ns_32ns_32_2_1': 4 instance(s).
INFO: [RTGEN 206-100] Generating core module 'shl_32ns_5ns_32_2_1': 1 instance(s).
INFO: [RTGEN 206-100] Finished creating RTL model for 'conv_worker_Pipeline_VITIS_LOOP_215_8'.
INFO: [HLS 200-111] Finished Creating RTL model: CPU user time: 1 seconds. CPU system time: 0 seconds. Elapsed time: 0.364 seconds; current allocated memory: 894.809 MB.
INFO: [HLS 200-10] ----------------------------------------------------------------
INFO: [HLS 200-10] -- Generating RTL for module 'conv_worker' 
INFO: [HLS 200-10] ----------------------------------------------------------------
INFO: [RTGEN 206-100] Generating core module 'mul_29ns_30s_30_5_1': 1 instance(s).
INFO: [RTGEN 206-100] Generating core module 'mul_32s_32s_32_5_1': 1 instance(s).
INFO: [RTGEN 206-100] Generating core module 'sdiv_32ns_32s_32_36_1': 2 instance(s).
INFO: [RTGEN 206-100] Finished creating RTL model for 'conv_worker'.
INFO: [RTMG 210-278] Implementing memory 'fastvit_ip_conv_worker_p_ZL7out_buf_0_0_RAM_AUTO_1R1W' using auto RAMs.
INFO: [RTMG 210-278] Implementing memory 'fastvit_ip_conv_worker_p_ZL6in_buf_0_RAM_AUTO_1R1W' using auto RAMs.
INFO: [RTMG 210-278] Implementing memory 'fastvit_ip_conv_worker_p_ZL6wt_buf_0_0_RAM_AUTO_1R1W' using auto RAMs.
INFO: [HLS 200-111] Finished Creating RTL model: CPU user time: 0 seconds. CPU system time: 0 seconds. Elapsed time: 0.39 seconds; current allocated memory: 904.809 MB.
INFO: [HLS 200-10] ----------------------------------------------------------------
INFO: [HLS 200-10] -- Generating RTL for module 'fastvit_ip' 
INFO: [HLS 200-10] ----------------------------------------------------------------
WARNING: [RTGEN 206-101] Design contains AXI ports. Reset is fixed to synchronous and active low.
INFO: [RTGEN 206-500] Setting interface mode on port 'fastvit_ip/gmem0' to 'm_axi'.
INFO: [RTGEN 206-500] Setting interface mode on port 'fastvit_ip/gmem1' to 'm_axi'.
INFO: [RTGEN 206-500] Setting interface mode on port 'fastvit_ip/gmem2' to 'm_axi'.
INFO: [RTGEN 206-500] Setting interface mode on port 'fastvit_ip/gmem3' to 'm_axi'.
INFO: [RTGEN 206-500] Setting interface mode on port 'fastvit_ip/in_a' to 's_axilite & ap_none'.
INFO: [RTGEN 206-500] Setting interface mode on port 'fastvit_ip/in_b' to 's_axilite & ap_none'.
INFO: [RTGEN 206-500] Setting interface mode on port 'fastvit_ip/bias' to 's_axilite & ap_none'.
INFO: [RTGEN 206-500] Setting interface mode on port 'fastvit_ip/out_r' to 's_axilite & ap_none'.
INFO: [RTGEN 206-500] Setting interface mode on port 'fastvit_ip/op_code' to 's_axilite & ap_none'.
INFO: [RTGEN 206-500] Setting interface mode on port 'fastvit_ip/CHin' to 's_axilite & ap_none'.
INFO: [RTGEN 206-500] Setting interface mode on port 'fastvit_ip/Hin' to 's_axilite & ap_none'.
INFO: [RTGEN 206-500] Setting interface mode on port 'fastvit_ip/Win' to 's_axilite & ap_none'.
INFO: [RTGEN 206-500] Setting interface mode on port 'fastvit_ip/CHout' to 's_axilite & ap_none'.
INFO: [RTGEN 206-500] Setting interface mode on port 'fastvit_ip/act_mode' to 's_axilite & ap_none'.
INFO: [RTGEN 206-500] Setting interface mode on port 'fastvit_ip/out_shift' to 's_axilite & ap_none'.
INFO: [RTGEN 206-500] Setting interface mode on port 'fastvit_ip/stride_h' to 's_axilite & ap_none'.
INFO: [RTGEN 206-500] Setting interface mode on port 'fastvit_ip/stride_w' to 's_axilite & ap_none'.
INFO: [RTGEN 206-500] Setting interface mode on port 'fastvit_ip/pad_h' to 's_axilite & ap_none'.
INFO: [RTGEN 206-500] Setting interface mode on port 'fastvit_ip/pad_w' to 's_axilite & ap_none'.
INFO: [RTGEN 206-500] Setting interface mode on port 'fastvit_ip/Kh' to 's_axilite & ap_none'.
INFO: [RTGEN 206-500] Setting interface mode on port 'fastvit_ip/Kw' to 's_axilite & ap_none'.
INFO: [RTGEN 206-500] Setting interface mode on port 'fastvit_ip/fpg' to 's_axilite & ap_none'.
INFO: [RTGEN 206-500] Setting interface mode on function 'fastvit_ip' to 's_axilite & ap_ctrl_hs'.
INFO: [RTGEN 206-100] Bundling port 'in_a', 'in_b', 'bias' and 'out_r' to AXI-Lite port control.
INFO: [RTGEN 206-100] Bundling port 'op_code', 'CHin', 'Hin', 'Win', 'CHout', 'act_mode', 'out_shift', 'stride_h', 'stride_w', 'pad_h', 'pad_w', 'Kh', 'Kw', 'fpg' and 'return' to AXI-Lite port ctrl.
INFO: [RTGEN 206-100] Finished creating RTL model for 'fastvit_ip'.
INFO: [HLS 200-111] Finished Creating RTL model: CPU user time: 1 seconds. CPU system time: 0 seconds. Elapsed time: 0.955 seconds; current allocated memory: 917.125 MB.
INFO: [HLS 200-111] Finished Generating all RTL models: CPU user time: 0 seconds. CPU system time: 0 seconds. Elapsed time: 1.416 seconds; current allocated memory: 926.684 MB.
INFO: [HLS 200-1603] Design has inferred MAXI bursts and missed bursts, see Vitis HLS GUI synthesis summary report for detailed information.
INFO: [HLS 200-111] Finished Updating report files: CPU user time: 1 seconds. CPU system time: 1 seconds. Elapsed time: 2.006 seconds; current allocated memory: 965.859 MB.
INFO: [VHDL 208-304] Generating VHDL RTL for fastvit_ip.
INFO: [VLOG 209-307] Generating Verilog RTL for fastvit_ip.
INFO: [HLS 200-790] **** Loop Constraint Status: All loop constraints were NOT satisfied.
INFO: [HLS 200-789] **** Estimated Fmax: 136.66 MHz
INFO: [HLS 200-2161] Finished Command csynth_design Elapsed time: 00:01:15; Allocated memory: 814.008 MB.
>>> Exporting IP v2.1 (W8A4, clk_period=5ns/200MHz target)...
INFO: [HLS 200-1510] Running: export_design -format ip_catalog -display_name FastVIT_W8A4_IP -description Unified conv/dwconv/pwconv/add/gelu accelerator, W8A4 quantization, op_code dispatched, xc7z020, 200MHz target -vendor user.org -version 2.1 
INFO: [IMPL 213-8] Exporting RTL as a Vivado IP.
WARNING: E:/Xilinx/Vivado/2024.2/tps/win64/jre11.0.16_1 does not exist.

****** Vivado v2024.2 (64-bit)
  **** SW Build 5239630 on Fri Nov 08 22:35:27 MST 2024
  **** IP Build 5239520 on Sun Nov 10 16:12:51 MST 2024
  **** SharedData Build 5239561 on Fri Nov 08 14:39:27 MST 2024
  **** Start of session at: Sun Aug  9 05:21:36 2026
    ** Copyright 1986-2022 Xilinx, Inc. All Rights Reserved.
    ** Copyright 2022-2024 Advanced Micro Devices, Inc. All Rights Reserved.

source run_ippack.tcl -notrace
INFO: calling package_hls_ip ip_types=vitis sysgen json_file=E:/codes/microzed/fastvit_hls/fastvit_ip_w8a4/fastvit_ip_w8a4_proj_200mhz/solution1/solution1_data.json outdir=E:/codes/microzed/fastvit_hls/fastvit_ip_w8a4/fastvit_ip_w8a4_proj_200mhz/solution1/impl/ip srcdir=E:/codes/microzed/fastvit_hls/fastvit_ip_w8a4/fastvit_ip_w8a4_proj_200mhz/solution1 sort_interfaces_ports=false
INFO: Copied 1 ipmisc file(s) to E:/codes/microzed/fastvit_hls/fastvit_ip_w8a4/fastvit_ip_w8a4_proj_200mhz/solution1/impl/ip/misc
INFO: Copied 100 verilog file(s) to E:/codes/microzed/fastvit_hls/fastvit_ip_w8a4/fastvit_ip_w8a4_proj_200mhz/solution1/impl/ip/hdl/verilog
INFO: Copied 90 vhdl file(s) to E:/codes/microzed/fastvit_hls/fastvit_ip_w8a4/fastvit_ip_w8a4_proj_200mhz/solution1/impl/ip/hdl/vhdl
INFO: Copied 10 swdriver file(s) to E:/codes/microzed/fastvit_hls/fastvit_ip_w8a4/fastvit_ip_w8a4_proj_200mhz/solution1/impl/ip/drivers
INFO: Import ports from HDL: E:/codes/microzed/fastvit_hls/fastvit_ip_w8a4/fastvit_ip_w8a4_proj_200mhz/solution1/impl/ip/hdl/vhdl/fastvit_ip.vhd (fastvit_ip)
INFO: Add axi4lite interface s_axi_control
INFO: Add axi4lite interface s_axi_ctrl
INFO: Add clock interface ap_clk
INFO: Add reset interface ap_rst_n
INFO: Add interrupt interface interrupt
INFO: [IP_Flow 19-234] Refreshing IP repositories
INFO: [IP_Flow 19-1704] No user IP repositories specified
INFO: [IP_Flow 19-2313] Loaded Vivado IP repository 'E:/Xilinx/Vivado/2024.2/data/ip'.
INFO: Add axi4full interface m_axi_gmem0
INFO: Add axi4full interface m_axi_gmem1
INFO: Add axi4full interface m_axi_gmem2
INFO: Add axi4full interface m_axi_gmem3
INFO: Calling post_process_vitis to specialize IP
INFO: Calling post_process_sysgen to specialize IP
Generating sysgen info xml from json file
INFO: Created IP E:/codes/microzed/fastvit_hls/fastvit_ip_w8a4/fastvit_ip_w8a4_proj_200mhz/solution1/impl/ip/component.xml
INFO: Created IP archive E:/codes/microzed/fastvit_hls/fastvit_ip_w8a4/fastvit_ip_w8a4_proj_200mhz/solution1/impl/ip/user_org_hls_fastvit_ip_2_1.zip
INFO: [Common 17-206] Exiting Vivado at Sun Aug  9 05:21:43 2026...
INFO: [HLS 200-802] Generated output file fastvit_ip_w8a4_proj_200mhz/solution1/impl/export.zip
INFO: [HLS 200-2161] Finished Command export_design Elapsed time: 00:01:45; Allocated memory: 10.188 MB.
>>> Done. Check solution1/csim/report and solution1/syn/report/fastvit_ip_csynth.rpt
INFO: [HLS 200-1510] Running: close_project 
INFO: [HLS 200-112] Total CPU user time: 114 seconds. Total CPU system time: 22 seconds. Total elapsed time: 225.692 seconds; peak allocated memory: 976.047 MB.
