==============================================================
Vitis HLS - High-Level Synthesis from C, C++ and OpenCL v2024.2 (64-bit)
Tool Version Limit: 2024.11
Copyright 1986-2022 Xilinx, Inc. All Rights Reserved.
Copyright 2022-2024 Advanced Micro Devices, Inc. All Rights Reserved.

==============================================================
INFO: [HLS 200-1505] Using flow_target 'vivado'
INFO: [HLS 200-1510] Running: set_part xc7z020clg400-1 
INFO: [HLS 200-1510] Running: create_clock -period 10 -name default 
INFO: [SYN 201-201] Setting up clock 'default' with a period of 10ns.
INFO: [HLS 200-1510] Running: csynth_design 
INFO: [HLS 200-111] Finished File checks and directory preparation: CPU user time: 0 seconds. CPU system time: 0 seconds. Elapsed time: 0.048 seconds; current allocated memory: 1.295 GB.
INFO: [HLS 200-10] Analyzing design file 'mac_array.cpp' ... 
INFO: [HLS 200-111] Finished Source Code Analysis and Preprocessing: CPU user time: 0 seconds. CPU system time: 1 seconds. Elapsed time: 1.906 seconds; current allocated memory: 1.295 GB.
INFO: [HLS 200-777] Using interface defaults for 'Vivado' flow target.
INFO: [HLS 200-1995] There were 1,380 instructions in the design after the 'Compile/Link' phase of compilation. See the Design Size Report for more details: E:/codes/microzed/fastvit_hls/fastvit_ip_v2/mac_array_poc_u64/solution1/syn/report/csynth_design_size.rpt
INFO: [HLS 200-1995] There were 11,068 instructions in the design after the 'Unroll/Inline (step 1)' phase of compilation. See the Design Size Report for more details: E:/codes/microzed/fastvit_hls/fastvit_ip_v2/mac_array_poc_u64/solution1/syn/report/csynth_design_size.rpt
INFO: [HLS 200-1995] There were 7,722 instructions in the design after the 'Unroll/Inline (step 2)' phase of compilation. See the Design Size Report for more details: E:/codes/microzed/fastvit_hls/fastvit_ip_v2/mac_array_poc_u64/solution1/syn/report/csynth_design_size.rpt
INFO: [HLS 200-1995] There were 6,998 instructions in the design after the 'Unroll/Inline (step 3)' phase of compilation. See the Design Size Report for more details: E:/codes/microzed/fastvit_hls/fastvit_ip_v2/mac_array_poc_u64/solution1/syn/report/csynth_design_size.rpt
INFO: [HLS 200-1995] There were 6,866 instructions in the design after the 'Unroll/Inline (step 4)' phase of compilation. See the Design Size Report for more details: E:/codes/microzed/fastvit_hls/fastvit_ip_v2/mac_array_poc_u64/solution1/syn/report/csynth_design_size.rpt
WARNING: [HLS 200-1995] There were 107,412 instructions in the design after the 'Array/Struct' phase of compilation. See the Design Size Report for more details: E:/codes/microzed/fastvit_hls/fastvit_ip_v2/mac_array_poc_u64/solution1/syn/report/csynth_design_size.rpt
INFO: [HLS 200-1995] There were 42,361 instructions in the design after the 'Array/Struct (step 2)' phase of compilation. See the Design Size Report for more details: E:/codes/microzed/fastvit_hls/fastvit_ip_v2/mac_array_poc_u64/solution1/syn/report/csynth_design_size.rpt
INFO: [HLS 200-1995] There were 42,466 instructions in the design after the 'Array/Struct (step 3)' phase of compilation. See the Design Size Report for more details: E:/codes/microzed/fastvit_hls/fastvit_ip_v2/mac_array_poc_u64/solution1/syn/report/csynth_design_size.rpt
INFO: [HLS 200-1995] There were 42,433 instructions in the design after the 'Array/Struct (step 4)' phase of compilation. See the Design Size Report for more details: E:/codes/microzed/fastvit_hls/fastvit_ip_v2/mac_array_poc_u64/solution1/syn/report/csynth_design_size.rpt
INFO: [HLS 200-1995] There were 52,056 instructions in the design after the 'Array/Struct (step 5)' phase of compilation. See the Design Size Report for more details: E:/codes/microzed/fastvit_hls/fastvit_ip_v2/mac_array_poc_u64/solution1/syn/report/csynth_design_size.rpt
INFO: [HLS 200-1995] There were 51,941 instructions in the design after the 'Performance' phase of compilation. See the Design Size Report for more details: E:/codes/microzed/fastvit_hls/fastvit_ip_v2/mac_array_poc_u64/solution1/syn/report/csynth_design_size.rpt
INFO: [HLS 200-1995] There were 42,459 instructions in the design after the 'Performance (step 2)' phase of compilation. See the Design Size Report for more details: E:/codes/microzed/fastvit_hls/fastvit_ip_v2/mac_array_poc_u64/solution1/syn/report/csynth_design_size.rpt
INFO: [HLS 200-1995] There were 42,316 instructions in the design after the 'Performance (step 3)' phase of compilation. See the Design Size Report for more details: E:/codes/microzed/fastvit_hls/fastvit_ip_v2/mac_array_poc_u64/solution1/syn/report/csynth_design_size.rpt
INFO: [HLS 200-1995] There were 42,316 instructions in the design after the 'Performance (step 4)' phase of compilation. See the Design Size Report for more details: E:/codes/microzed/fastvit_hls/fastvit_ip_v2/mac_array_poc_u64/solution1/syn/report/csynth_design_size.rpt
INFO: [HLS 200-1995] There were 41,324 instructions in the design after the 'HW Transforms (step 1)' phase of compilation. See the Design Size Report for more details: E:/codes/microzed/fastvit_hls/fastvit_ip_v2/mac_array_poc_u64/solution1/syn/report/csynth_design_size.rpt
INFO: [HLS 200-1995] There were 32,924 instructions in the design after the 'HW Transforms (step 2)' phase of compilation. See the Design Size Report for more details: E:/codes/microzed/fastvit_hls/fastvit_ip_v2/mac_array_poc_u64/solution1/syn/report/csynth_design_size.rpt
INFO: [HLS 214-188] Unrolling loop 'COMPUTE' (mac_array.cpp:143:26) in function 'run_pwconv' partially with a factor of 64 (mac_array.cpp:104:0)
INFO: [HLS 214-188] Unrolling loop 'COMPUTE' (mac_array.cpp:77:26) in function 'run_dwconv' partially with a factor of 64 (mac_array.cpp:39:0)
WARNING: [HLS 214-450] Ignore address on register port 'b_base' (mac_array.cpp:61:31)
WARNING: [HLS 214-450] Ignore address on register port 'w_base' (mac_array.cpp:64:47)
WARNING: [HLS 214-450] Ignore address on register port 'in_base' (mac_array.cpp:71:35)
WARNING: [HLS 214-450] Ignore address on register port 'out_base' (mac_array.cpp:93:77)
WARNING: [HLS 214-450] Ignore address on register port 'in_base' (mac_array.cpp:132:47)
WARNING: [HLS 214-450] Ignore address on register port 'b_base' (mac_array.cpp:138:31)
WARNING: [HLS 214-450] Ignore address on register port 'w_base' (mac_array.cpp:140:39)
WARNING: [HLS 214-450] Ignore address on register port 'out_base' (mac_array.cpp:158:78)
WARNING: [HLS 214-450] Ignore address on register port 'out_written' (mac_array.cpp:180:24)
INFO: [HLS 214-248] Applying array_partition to 'patch': Complete partitioning on dimension 1. Complete partitioning on dimension 2. Complete partitioning on dimension 3. (mac_array.cpp:52:23)
INFO: [HLS 214-248] Applying array_partition to 'wtile': Complete partitioning on dimension 1. Complete partitioning on dimension 2. Complete partitioning on dimension 3. (mac_array.cpp:53:22)
INFO: [HLS 214-248] Applying array_partition to 'btile': Complete partitioning on dimension 1. (mac_array.cpp:54:23)
INFO: [HLS 214-248] Applying array_partition to 'patch': Complete partitioning on dimension 1. Complete partitioning on dimension 2. Complete partitioning on dimension 3. (mac_array.cpp:120:23)
INFO: [HLS 214-248] Applying array_partition to 'wtile': Complete partitioning on dimension 1. Complete partitioning on dimension 2. (mac_array.cpp:121:22)
INFO: [HLS 214-248] Applying array_partition to 'btile': Complete partitioning on dimension 1. (mac_array.cpp:122:23)
INFO: [HLS 214-241] Aggregating scalar variable 'desc' with compact=bit mode in 704-bits (mac_array.cpp:174:0)
WARNING: [HLS 214-450] Ignore address on register port 'desc' (mac_array.cpp:176:21)
INFO: [HLS 214-376] automatically set the pipeline for Loop< VITIS_LOOP_155_8> at mac_array.cpp:155:39 
INFO: [HLS 214-376] automatically set the pipeline for Loop< VITIS_LOOP_139_7> at mac_array.cpp:139:39 
INFO: [HLS 214-376] automatically set the pipeline for Loop< VITIS_LOOP_130_5> at mac_array.cpp:130:43 
INFO: [HLS 214-376] automatically set the pipeline for Loop< VITIS_LOOP_90_9> at mac_array.cpp:90:42 
INFO: [HLS 214-376] automatically set the pipeline for Loop< VITIS_LOOP_67_7> at mac_array.cpp:67:42 
INFO: [HLS 214-376] automatically set the pipeline for Loop< VITIS_LOOP_63_5> at mac_array.cpp:63:42 
INFO: [HLS 200-111] Finished Compiling Optimization and Transform: CPU user time: 0 seconds. CPU system time: 0 seconds. Elapsed time: 47.841 seconds; current allocated memory: 1.295 GB.
INFO: [HLS 200-111] Finished Checking Pragmas: CPU user time: 0 seconds. CPU system time: 0 seconds. Elapsed time: 0.001 seconds; current allocated memory: 1.295 GB.
INFO: [HLS 200-10] Starting code transformations ...
INFO: [HLS 200-111] Finished Standard Transforms: CPU user time: 5 seconds. CPU system time: 0 seconds. Elapsed time: 4.209 seconds; current allocated memory: 1.295 GB.
INFO: [HLS 200-10] Checking synthesizability ...
INFO: [HLS 200-111] Finished Checking Synthesizability: CPU user time: 3 seconds. CPU system time: 0 seconds. Elapsed time: 3.594 seconds; current allocated memory: 1.295 GB.
WARNING: [XFORM 203-561] Updating loop lower bound from 0 to 8 for loop 'COMPUTE' (mac_array.cpp:143:35) in function 'run_pwconv'.
WARNING: [XFORM 203-561] Updating loop lower bound from 0 to 8 for loop 'COMPUTE' (mac_array.cpp:77:35) in function 'run_dwconv'.
INFO: [XFORM 203-11] Balancing expressions in function 'run_dwconv' (mac_array.cpp:37)...3 expression(s) balanced.
INFO: [HLS 200-111] Finished Loop, function and other optimizations: CPU user time: 26 seconds. CPU system time: 1 seconds. Elapsed time: 26.785 seconds; current allocated memory: 1.295 GB.
INFO: [HLS 200-2061] Successfully converted nested loops 'VITIS_LOOP_128_4'(mac_array.cpp:128:39) and 'VITIS_LOOP_130_5'(mac_array.cpp:130:43) in function 'run_pwconv' into perfectly nested loops.
INFO: [HLS 200-2061] Successfully converted nested loops 'STAGE'(mac_array.cpp:127:9) and 'VITIS_LOOP_128_4'(mac_array.cpp:128:39) in function 'run_pwconv' into perfectly nested loops.
INFO: [HLS 200-2061] Successfully converted nested loops 'VITIS_LOOP_136_6'(mac_array.cpp:136:35) and 'VITIS_LOOP_139_7'(mac_array.cpp:139:39) in function 'run_pwconv' into perfectly nested loops.
INFO: [HLS 200-2061] Successfully converted nested loops 'VITIS_LOOP_62_4'(mac_array.cpp:62:38) and 'VITIS_LOOP_63_5'(mac_array.cpp:63:42) in function 'run_dwconv' into perfectly nested loops.
INFO: [HLS 200-2061] Successfully converted nested loops 'VITIS_LOOP_65_6'(mac_array.cpp:65:38) and 'VITIS_LOOP_67_7'(mac_array.cpp:67:42) in function 'run_dwconv' into perfectly nested loops.
INFO: [HLS 200-2061] Successfully converted nested loops 'VITIS_LOOP_89_8'(mac_array.cpp:89:38) and 'VITIS_LOOP_90_9'(mac_array.cpp:90:42) in function 'run_dwconv' into perfectly nested loops.
INFO: [HLS 200-2061] Successfully converted nested loops 'VITIS_LOOP_89_8'(mac_array.cpp:89:38) and 'VITIS_LOOP_90_9'(mac_array.cpp:90:42) in function 'run_dwconv' into perfectly nested loops.
INFO: [HLS 200-2061] Successfully converted nested loops 'VITIS_LOOP_89_8'(mac_array.cpp:89:38) and 'VITIS_LOOP_90_9'(mac_array.cpp:90:42) in function 'run_dwconv' into perfectly nested loops.
INFO: [HLS 200-2061] Successfully converted nested loops 'VITIS_LOOP_89_8'(mac_array.cpp:89:38) and 'VITIS_LOOP_90_9'(mac_array.cpp:90:42) in function 'run_dwconv' into perfectly nested loops.
INFO: [HLS 200-2061] Successfully converted nested loops 'VITIS_LOOP_89_8'(mac_array.cpp:89:38) and 'VITIS_LOOP_90_9'(mac_array.cpp:90:42) in function 'run_dwconv' into perfectly nested loops.
INFO: [HLS 200-2061] Successfully converted nested loops 'VITIS_LOOP_89_8'(mac_array.cpp:89:38) and 'VITIS_LOOP_90_9'(mac_array.cpp:90:42) in function 'run_dwconv' into perfectly nested loops.
INFO: [HLS 200-2061] Successfully converted nested loops 'VITIS_LOOP_89_8'(mac_array.cpp:89:38) and 'VITIS_LOOP_90_9'(mac_array.cpp:90:42) in function 'run_dwconv' into perfectly nested loops.
INFO: [HLS 200-2061] Successfully converted nested loops 'VITIS_LOOP_89_8'(mac_array.cpp:89:38) and 'VITIS_LOOP_90_9'(mac_array.cpp:90:42) in function 'run_dwconv' into perfectly nested loops.
INFO: [HLS 200-2061] Successfully converted nested loops 'VITIS_LOOP_89_8'(mac_array.cpp:89:38) and 'VITIS_LOOP_90_9'(mac_array.cpp:90:42) in function 'run_dwconv' into perfectly nested loops.
INFO: [HLS 200-2061] Successfully converted nested loops 'VITIS_LOOP_89_8'(mac_array.cpp:89:38) and 'VITIS_LOOP_90_9'(mac_array.cpp:90:42) in function 'run_dwconv' into perfectly nested loops.
INFO: [HLS 200-2061] Successfully converted nested loops 'VITIS_LOOP_89_8'(mac_array.cpp:89:38) and 'VITIS_LOOP_90_9'(mac_array.cpp:90:42) in function 'run_dwconv' into perfectly nested loops.
INFO: [HLS 200-2061] Successfully converted nested loops 'VITIS_LOOP_89_8'(mac_array.cpp:89:38) and 'VITIS_LOOP_90_9'(mac_array.cpp:90:42) in function 'run_dwconv' into perfectly nested loops.
INFO: [HLS 200-2061] Successfully converted nested loops 'VITIS_LOOP_89_8'(mac_array.cpp:89:38) and 'VITIS_LOOP_90_9'(mac_array.cpp:90:42) in function 'run_dwconv' into perfectly nested loops.
INFO: [HLS 200-2061] Successfully converted nested loops 'VITIS_LOOP_89_8'(mac_array.cpp:89:38) and 'VITIS_LOOP_90_9'(mac_array.cpp:90:42) in function 'run_dwconv' into perfectly nested loops.
INFO: [HLS 200-2061] Successfully converted nested loops 'VITIS_LOOP_89_8'(mac_array.cpp:89:38) and 'VITIS_LOOP_90_9'(mac_array.cpp:90:42) in function 'run_dwconv' into perfectly nested loops.
INFO: [HLS 200-2061] Successfully converted nested loops 'VITIS_LOOP_89_8'(mac_array.cpp:89:38) and 'VITIS_LOOP_90_9'(mac_array.cpp:90:42) in function 'run_dwconv' into perfectly nested loops.
INFO: [HLS 200-2061] Successfully converted nested loops 'VITIS_LOOP_89_8'(mac_array.cpp:89:38) and 'VITIS_LOOP_90_9'(mac_array.cpp:90:42) in function 'run_dwconv' into perfectly nested loops.
INFO: [HLS 200-2061] Successfully converted nested loops 'VITIS_LOOP_89_8'(mac_array.cpp:89:38) and 'VITIS_LOOP_90_9'(mac_array.cpp:90:42) in function 'run_dwconv' into perfectly nested loops.
INFO: [HLS 200-2061] Successfully converted nested loops 'VITIS_LOOP_89_8'(mac_array.cpp:89:38) and 'VITIS_LOOP_90_9'(mac_array.cpp:90:42) in function 'run_dwconv' into perfectly nested loops.
INFO: [HLS 200-2061] Successfully converted nested loops 'VITIS_LOOP_89_8'(mac_array.cpp:89:38) and 'VITIS_LOOP_90_9'(mac_array.cpp:90:42) in function 'run_dwconv' into perfectly nested loops.
INFO: [HLS 200-2061] Successfully converted nested loops 'VITIS_LOOP_89_8'(mac_array.cpp:89:38) and 'VITIS_LOOP_90_9'(mac_array.cpp:90:42) in function 'run_dwconv' into perfectly nested loops.
INFO: [HLS 200-2061] Successfully converted nested loops 'VITIS_LOOP_89_8'(mac_array.cpp:89:38) and 'VITIS_LOOP_90_9'(mac_array.cpp:90:42) in function 'run_dwconv' into perfectly nested loops.
INFO: [HLS 200-2061] Successfully converted nested loops 'VITIS_LOOP_89_8'(mac_array.cpp:89:38) and 'VITIS_LOOP_90_9'(mac_array.cpp:90:42) in function 'run_dwconv' into perfectly nested loops.
INFO: [HLS 200-2061] Successfully converted nested loops 'VITIS_LOOP_89_8'(mac_array.cpp:89:38) and 'VITIS_LOOP_90_9'(mac_array.cpp:90:42) in function 'run_dwconv' into perfectly nested loops.
INFO: [HLS 200-2061] Successfully converted nested loops 'VITIS_LOOP_89_8'(mac_array.cpp:89:38) and 'VITIS_LOOP_90_9'(mac_array.cpp:90:42) in function 'run_dwconv' into perfectly nested loops.
INFO: [HLS 200-2061] Successfully converted nested loops 'VITIS_LOOP_89_8'(mac_array.cpp:89:38) and 'VITIS_LOOP_90_9'(mac_array.cpp:90:42) in function 'run_dwconv' into perfectly nested loops.
INFO: [HLS 200-2061] Successfully converted nested loops 'VITIS_LOOP_89_8'(mac_array.cpp:89:38) and 'VITIS_LOOP_90_9'(mac_array.cpp:90:42) in function 'run_dwconv' into perfectly nested loops.
INFO: [HLS 200-2061] Successfully converted nested loops 'VITIS_LOOP_89_8'(mac_array.cpp:89:38) and 'VITIS_LOOP_90_9'(mac_array.cpp:90:42) in function 'run_dwconv' into perfectly nested loops.
INFO: [HLS 200-2061] Successfully converted nested loops 'VITIS_LOOP_89_8'(mac_array.cpp:89:38) and 'VITIS_LOOP_90_9'(mac_array.cpp:90:42) in function 'run_dwconv' into perfectly nested loops.
INFO: [HLS 200-2061] Successfully converted nested loops 'VITIS_LOOP_89_8'(mac_array.cpp:89:38) and 'VITIS_LOOP_90_9'(mac_array.cpp:90:42) in function 'run_dwconv' into perfectly nested loops.
INFO: [HLS 200-2061] Successfully converted nested loops 'VITIS_LOOP_89_8'(mac_array.cpp:89:38) and 'VITIS_LOOP_90_9'(mac_array.cpp:90:42) in function 'run_dwconv' into perfectly nested loops.
INFO: [HLS 200-2061] Successfully converted nested loops 'VITIS_LOOP_89_8'(mac_array.cpp:89:38) and 'VITIS_LOOP_90_9'(mac_array.cpp:90:42) in function 'run_dwconv' into perfectly nested loops.
INFO: [HLS 200-2061] Successfully converted nested loops 'VITIS_LOOP_89_8'(mac_array.cpp:89:38) and 'VITIS_LOOP_90_9'(mac_array.cpp:90:42) in function 'run_dwconv' into perfectly nested loops.
INFO: [HLS 200-2061] Successfully converted nested loops 'VITIS_LOOP_89_8'(mac_array.cpp:89:38) and 'VITIS_LOOP_90_9'(mac_array.cpp:90:42) in function 'run_dwconv' into perfectly nested loops.
INFO: [HLS 200-2061] Successfully converted nested loops 'VITIS_LOOP_89_8'(mac_array.cpp:89:38) and 'VITIS_LOOP_90_9'(mac_array.cpp:90:42) in function 'run_dwconv' into perfectly nested loops.
INFO: [HLS 200-2061] Successfully converted nested loops 'VITIS_LOOP_89_8'(mac_array.cpp:89:38) and 'VITIS_LOOP_90_9'(mac_array.cpp:90:42) in function 'run_dwconv' into perfectly nested loops.
INFO: [HLS 200-2061] Successfully converted nested loops 'VITIS_LOOP_89_8'(mac_array.cpp:89:38) and 'VITIS_LOOP_90_9'(mac_array.cpp:90:42) in function 'run_dwconv' into perfectly nested loops.
INFO: [HLS 200-2061] Successfully converted nested loops 'VITIS_LOOP_89_8'(mac_array.cpp:89:38) and 'VITIS_LOOP_90_9'(mac_array.cpp:90:42) in function 'run_dwconv' into perfectly nested loops.
INFO: [HLS 200-2061] Successfully converted nested loops 'VITIS_LOOP_89_8'(mac_array.cpp:89:38) and 'VITIS_LOOP_90_9'(mac_array.cpp:90:42) in function 'run_dwconv' into perfectly nested loops.
INFO: [HLS 200-2061] Successfully converted nested loops 'VITIS_LOOP_89_8'(mac_array.cpp:89:38) and 'VITIS_LOOP_90_9'(mac_array.cpp:90:42) in function 'run_dwconv' into perfectly nested loops.
INFO: [HLS 200-2061] Successfully converted nested loops 'VITIS_LOOP_89_8'(mac_array.cpp:89:38) and 'VITIS_LOOP_90_9'(mac_array.cpp:90:42) in function 'run_dwconv' into perfectly nested loops.
INFO: [HLS 200-2061] Successfully converted nested loops 'VITIS_LOOP_89_8'(mac_array.cpp:89:38) and 'VITIS_LOOP_90_9'(mac_array.cpp:90:42) in function 'run_dwconv' into perfectly nested loops.
INFO: [HLS 200-2061] Successfully converted nested loops 'VITIS_LOOP_89_8'(mac_array.cpp:89:38) and 'VITIS_LOOP_90_9'(mac_array.cpp:90:42) in function 'run_dwconv' into perfectly nested loops.
INFO: [HLS 200-2061] Successfully converted nested loops 'VITIS_LOOP_89_8'(mac_array.cpp:89:38) and 'VITIS_LOOP_90_9'(mac_array.cpp:90:42) in function 'run_dwconv' into perfectly nested loops.
INFO: [HLS 200-2061] Successfully converted nested loops 'VITIS_LOOP_89_8'(mac_array.cpp:89:38) and 'VITIS_LOOP_90_9'(mac_array.cpp:90:42) in function 'run_dwconv' into perfectly nested loops.
INFO: [HLS 200-2061] Successfully converted nested loops 'VITIS_LOOP_89_8'(mac_array.cpp:89:38) and 'VITIS_LOOP_90_9'(mac_array.cpp:90:42) in function 'run_dwconv' into perfectly nested loops.
INFO: [HLS 200-2061] Successfully converted nested loops 'VITIS_LOOP_89_8'(mac_array.cpp:89:38) and 'VITIS_LOOP_90_9'(mac_array.cpp:90:42) in function 'run_dwconv' into perfectly nested loops.
INFO: [HLS 200-2061] Successfully converted nested loops 'VITIS_LOOP_89_8'(mac_array.cpp:89:38) and 'VITIS_LOOP_90_9'(mac_array.cpp:90:42) in function 'run_dwconv' into perfectly nested loops.
INFO: [HLS 200-2061] Successfully converted nested loops 'VITIS_LOOP_89_8'(mac_array.cpp:89:38) and 'VITIS_LOOP_90_9'(mac_array.cpp:90:42) in function 'run_dwconv' into perfectly nested loops.
INFO: [HLS 200-2061] Successfully converted nested loops 'VITIS_LOOP_89_8'(mac_array.cpp:89:38) and 'VITIS_LOOP_90_9'(mac_array.cpp:90:42) in function 'run_dwconv' into perfectly nested loops.
INFO: [HLS 200-2061] Successfully converted nested loops 'VITIS_LOOP_89_8'(mac_array.cpp:89:38) and 'VITIS_LOOP_90_9'(mac_array.cpp:90:42) in function 'run_dwconv' into perfectly nested loops.
INFO: [HLS 200-2061] Successfully converted nested loops 'VITIS_LOOP_89_8'(mac_array.cpp:89:38) and 'VITIS_LOOP_90_9'(mac_array.cpp:90:42) in function 'run_dwconv' into perfectly nested loops.
INFO: [HLS 200-2061] Successfully converted nested loops 'VITIS_LOOP_89_8'(mac_array.cpp:89:38) and 'VITIS_LOOP_90_9'(mac_array.cpp:90:42) in function 'run_dwconv' into perfectly nested loops.
INFO: [HLS 200-2061] Successfully converted nested loops 'VITIS_LOOP_89_8'(mac_array.cpp:89:38) and 'VITIS_LOOP_90_9'(mac_array.cpp:90:42) in function 'run_dwconv' into perfectly nested loops.
INFO: [HLS 200-2061] Successfully converted nested loops 'VITIS_LOOP_89_8'(mac_array.cpp:89:38) and 'VITIS_LOOP_90_9'(mac_array.cpp:90:42) in function 'run_dwconv' into perfectly nested loops.
INFO: [HLS 200-2061] Successfully converted nested loops 'VITIS_LOOP_89_8'(mac_array.cpp:89:38) and 'VITIS_LOOP_90_9'(mac_array.cpp:90:42) in function 'run_dwconv' into perfectly nested loops.
INFO: [HLS 200-2061] Successfully converted nested loops 'VITIS_LOOP_89_8'(mac_array.cpp:89:38) and 'VITIS_LOOP_90_9'(mac_array.cpp:90:42) in function 'run_dwconv' into perfectly nested loops.
INFO: [HLS 200-2061] Successfully converted nested loops 'VITIS_LOOP_89_8'(mac_array.cpp:89:38) and 'VITIS_LOOP_90_9'(mac_array.cpp:90:42) in function 'run_dwconv' into perfectly nested loops.
INFO: [HLS 200-2061] Successfully converted nested loops 'VITIS_LOOP_89_8'(mac_array.cpp:89:38) and 'VITIS_LOOP_90_9'(mac_array.cpp:90:42) in function 'run_dwconv' into perfectly nested loops.
INFO: [HLS 200-2061] Successfully converted nested loops 'VITIS_LOOP_89_8'(mac_array.cpp:89:38) and 'VITIS_LOOP_90_9'(mac_array.cpp:90:42) in function 'run_dwconv' into perfectly nested loops.
INFO: [HLS 200-2061] Successfully converted nested loops 'VITIS_LOOP_89_8'(mac_array.cpp:89:38) and 'VITIS_LOOP_90_9'(mac_array.cpp:90:42) in function 'run_dwconv' into perfectly nested loops.
INFO: [HLS 200-2061] Successfully converted nested loops 'VITIS_LOOP_89_8'(mac_array.cpp:89:38) and 'VITIS_LOOP_90_9'(mac_array.cpp:90:42) in function 'run_dwconv' into perfectly nested loops.
INFO: [HLS 200-2061] Successfully converted nested loops 'VITIS_LOOP_89_8'(mac_array.cpp:89:38) and 'VITIS_LOOP_90_9'(mac_array.cpp:90:42) in function 'run_dwconv' into perfectly nested loops.
INFO: [HLS 200-2061] Successfully converted nested loops 'VITIS_LOOP_89_8'(mac_array.cpp:89:38) and 'VITIS_LOOP_90_9'(mac_array.cpp:90:42) in function 'run_dwconv' into perfectly nested loops.
INFO: [XFORM 203-541] Flattening a loop nest 'VITIS_LOOP_128_4' (mac_array.cpp:128:39) in function 'run_pwconv'.
INFO: [XFORM 203-541] Flattening a loop nest 'STAGE' (mac_array.cpp:127:9) in function 'run_pwconv'.
INFO: [XFORM 203-541] Flattening a loop nest 'VITIS_LOOP_136_6' (mac_array.cpp:136:35) in function 'run_pwconv'.
INFO: [XFORM 203-541] Flattening a loop nest 'VITIS_LOOP_62_4' (mac_array.cpp:62:38) in function 'run_dwconv'.
INFO: [XFORM 203-541] Flattening a loop nest 'VITIS_LOOP_65_6' (mac_array.cpp:65:38) in function 'run_dwconv'.
INFO: [XFORM 203-541] Flattening a loop nest 'VITIS_LOOP_89_8' (mac_array.cpp:89:38) in function 'run_dwconv'.
INFO: [XFORM 203-541] Flattening a loop nest 'VITIS_LOOP_89_8' (mac_array.cpp:89:38) in function 'run_dwconv'.
INFO: [XFORM 203-541] Flattening a loop nest 'VITIS_LOOP_89_8' (mac_array.cpp:89:38) in function 'run_dwconv'.
INFO: [XFORM 203-541] Flattening a loop nest 'VITIS_LOOP_89_8' (mac_array.cpp:89:38) in function 'run_dwconv'.
INFO: [XFORM 203-541] Flattening a loop nest 'VITIS_LOOP_89_8' (mac_array.cpp:89:38) in function 'run_dwconv'.
INFO: [XFORM 203-541] Flattening a loop nest 'VITIS_LOOP_89_8' (mac_array.cpp:89:38) in function 'run_dwconv'.
INFO: [XFORM 203-541] Flattening a loop nest 'VITIS_LOOP_89_8' (mac_array.cpp:89:38) in function 'run_dwconv'.
INFO: [XFORM 203-541] Flattening a loop nest 'VITIS_LOOP_89_8' (mac_array.cpp:89:38) in function 'run_dwconv'.
INFO: [XFORM 203-541] Flattening a loop nest 'VITIS_LOOP_89_8' (mac_array.cpp:89:38) in function 'run_dwconv'.
INFO: [XFORM 203-541] Flattening a loop nest 'VITIS_LOOP_89_8' (mac_array.cpp:89:38) in function 'run_dwconv'.
INFO: [XFORM 203-541] Flattening a loop nest 'VITIS_LOOP_89_8' (mac_array.cpp:89:38) in function 'run_dwconv'.
INFO: [XFORM 203-541] Flattening a loop nest 'VITIS_LOOP_89_8' (mac_array.cpp:89:38) in function 'run_dwconv'.
INFO: [XFORM 203-541] Flattening a loop nest 'VITIS_LOOP_89_8' (mac_array.cpp:89:38) in function 'run_dwconv'.
INFO: [XFORM 203-541] Flattening a loop nest 'VITIS_LOOP_89_8' (mac_array.cpp:89:38) in function 'run_dwconv'.
INFO: [XFORM 203-541] Flattening a loop nest 'VITIS_LOOP_89_8' (mac_array.cpp:89:38) in function 'run_dwconv'.
INFO: [XFORM 203-541] Flattening a loop nest 'VITIS_LOOP_89_8' (mac_array.cpp:89:38) in function 'run_dwconv'.
INFO: [XFORM 203-541] Flattening a loop nest 'VITIS_LOOP_89_8' (mac_array.cpp:89:38) in function 'run_dwconv'.
INFO: [XFORM 203-541] Flattening a loop nest 'VITIS_LOOP_89_8' (mac_array.cpp:89:38) in function 'run_dwconv'.
INFO: [XFORM 203-541] Flattening a loop nest 'VITIS_LOOP_89_8' (mac_array.cpp:89:38) in function 'run_dwconv'.
INFO: [XFORM 203-541] Flattening a loop nest 'VITIS_LOOP_89_8' (mac_array.cpp:89:38) in function 'run_dwconv'.
INFO: [XFORM 203-541] Flattening a loop nest 'VITIS_LOOP_89_8' (mac_array.cpp:89:38) in function 'run_dwconv'.
INFO: [XFORM 203-541] Flattening a loop nest 'VITIS_LOOP_89_8' (mac_array.cpp:89:38) in function 'run_dwconv'.
INFO: [XFORM 203-541] Flattening a loop nest 'VITIS_LOOP_89_8' (mac_array.cpp:89:38) in function 'run_dwconv'.
INFO: [XFORM 203-541] Flattening a loop nest 'VITIS_LOOP_89_8' (mac_array.cpp:89:38) in function 'run_dwconv'.
INFO: [XFORM 203-541] Flattening a loop nest 'VITIS_LOOP_89_8' (mac_array.cpp:89:38) in function 'run_dwconv'.
INFO: [XFORM 203-541] Flattening a loop nest 'VITIS_LOOP_89_8' (mac_array.cpp:89:38) in function 'run_dwconv'.
INFO: [XFORM 203-541] Flattening a loop nest 'VITIS_LOOP_89_8' (mac_array.cpp:89:38) in function 'run_dwconv'.
INFO: [XFORM 203-541] Flattening a loop nest 'VITIS_LOOP_89_8' (mac_array.cpp:89:38) in function 'run_dwconv'.
INFO: [XFORM 203-541] Flattening a loop nest 'VITIS_LOOP_89_8' (mac_array.cpp:89:38) in function 'run_dwconv'.
INFO: [XFORM 203-541] Flattening a loop nest 'VITIS_LOOP_89_8' (mac_array.cpp:89:38) in function 'run_dwconv'.
INFO: [XFORM 203-541] Flattening a loop nest 'VITIS_LOOP_89_8' (mac_array.cpp:89:38) in function 'run_dwconv'.
INFO: [XFORM 203-541] Flattening a loop nest 'VITIS_LOOP_89_8' (mac_array.cpp:89:38) in function 'run_dwconv'.
INFO: [XFORM 203-541] Flattening a loop nest 'VITIS_LOOP_89_8' (mac_array.cpp:89:38) in function 'run_dwconv'.
INFO: [XFORM 203-541] Flattening a loop nest 'VITIS_LOOP_89_8' (mac_array.cpp:89:38) in function 'run_dwconv'.
INFO: [XFORM 203-541] Flattening a loop nest 'VITIS_LOOP_89_8' (mac_array.cpp:89:38) in function 'run_dwconv'.
INFO: [XFORM 203-541] Flattening a loop nest 'VITIS_LOOP_89_8' (mac_array.cpp:89:38) in function 'run_dwconv'.
INFO: [XFORM 203-541] Flattening a loop nest 'VITIS_LOOP_89_8' (mac_array.cpp:89:38) in function 'run_dwconv'.
INFO: [XFORM 203-541] Flattening a loop nest 'VITIS_LOOP_89_8' (mac_array.cpp:89:38) in function 'run_dwconv'.
INFO: [XFORM 203-541] Flattening a loop nest 'VITIS_LOOP_89_8' (mac_array.cpp:89:38) in function 'run_dwconv'.
INFO: [XFORM 203-541] Flattening a loop nest 'VITIS_LOOP_89_8' (mac_array.cpp:89:38) in function 'run_dwconv'.
INFO: [XFORM 203-541] Flattening a loop nest 'VITIS_LOOP_89_8' (mac_array.cpp:89:38) in function 'run_dwconv'.
INFO: [XFORM 203-541] Flattening a loop nest 'VITIS_LOOP_89_8' (mac_array.cpp:89:38) in function 'run_dwconv'.
INFO: [XFORM 203-541] Flattening a loop nest 'VITIS_LOOP_89_8' (mac_array.cpp:89:38) in function 'run_dwconv'.
INFO: [XFORM 203-541] Flattening a loop nest 'VITIS_LOOP_89_8' (mac_array.cpp:89:38) in function 'run_dwconv'.
INFO: [XFORM 203-541] Flattening a loop nest 'VITIS_LOOP_89_8' (mac_array.cpp:89:38) in function 'run_dwconv'.
INFO: [XFORM 203-541] Flattening a loop nest 'VITIS_LOOP_89_8' (mac_array.cpp:89:38) in function 'run_dwconv'.
INFO: [XFORM 203-541] Flattening a loop nest 'VITIS_LOOP_89_8' (mac_array.cpp:89:38) in function 'run_dwconv'.
INFO: [XFORM 203-541] Flattening a loop nest 'VITIS_LOOP_89_8' (mac_array.cpp:89:38) in function 'run_dwconv'.
INFO: [XFORM 203-541] Flattening a loop nest 'VITIS_LOOP_89_8' (mac_array.cpp:89:38) in function 'run_dwconv'.
INFO: [XFORM 203-541] Flattening a loop nest 'VITIS_LOOP_89_8' (mac_array.cpp:89:38) in function 'run_dwconv'.
INFO: [XFORM 203-541] Flattening a loop nest 'VITIS_LOOP_89_8' (mac_array.cpp:89:38) in function 'run_dwconv'.
INFO: [XFORM 203-541] Flattening a loop nest 'VITIS_LOOP_89_8' (mac_array.cpp:89:38) in function 'run_dwconv'.
INFO: [XFORM 203-541] Flattening a loop nest 'VITIS_LOOP_89_8' (mac_array.cpp:89:38) in function 'run_dwconv'.
INFO: [XFORM 203-541] Flattening a loop nest 'VITIS_LOOP_89_8' (mac_array.cpp:89:38) in function 'run_dwconv'.
INFO: [XFORM 203-541] Flattening a loop nest 'VITIS_LOOP_89_8' (mac_array.cpp:89:38) in function 'run_dwconv'.
INFO: [XFORM 203-541] Flattening a loop nest 'VITIS_LOOP_89_8' (mac_array.cpp:89:38) in function 'run_dwconv'.
INFO: [XFORM 203-541] Flattening a loop nest 'VITIS_LOOP_89_8' (mac_array.cpp:89:38) in function 'run_dwconv'.
INFO: [XFORM 203-541] Flattening a loop nest 'VITIS_LOOP_89_8' (mac_array.cpp:89:38) in function 'run_dwconv'.
INFO: [XFORM 203-541] Flattening a loop nest 'VITIS_LOOP_89_8' (mac_array.cpp:89:38) in function 'run_dwconv'.
INFO: [XFORM 203-541] Flattening a loop nest 'VITIS_LOOP_89_8' (mac_array.cpp:89:38) in function 'run_dwconv'.
INFO: [XFORM 203-541] Flattening a loop nest 'VITIS_LOOP_89_8' (mac_array.cpp:89:38) in function 'run_dwconv'.
INFO: [XFORM 203-541] Flattening a loop nest 'VITIS_LOOP_89_8' (mac_array.cpp:89:38) in function 'run_dwconv'.
INFO: [XFORM 203-541] Flattening a loop nest 'VITIS_LOOP_89_8' (mac_array.cpp:89:38) in function 'run_dwconv'.
INFO: [XFORM 203-541] Flattening a loop nest 'VITIS_LOOP_89_8' (mac_array.cpp:89:38) in function 'run_dwconv'.
INFO: [HLS 200-111] Finished Architecture Synthesis: CPU user time: 42 seconds. CPU system time: 1 seconds. Elapsed time: 43.704 seconds; current allocated memory: 2.793 GB.
INFO: [HLS 200-10] Starting hardware synthesis ...
INFO: [HLS 200-10] Synthesizing 'mac_array_top' ...
INFO: [HLS 200-10] ----------------------------------------------------------------
INFO: [HLS 200-42] -- Implementing module 'run_pwconv_Pipeline_STAGE_VITIS_LOOP_128_4_VITIS_LOOP_130_5' 
INFO: [HLS 200-10] ----------------------------------------------------------------
INFO: [SCHED 204-11] Starting scheduling ...
INFO: [SCHED 204-61] Pipelining loop 'STAGE_VITIS_LOOP_128_4_VITIS_LOOP_130_5'.
INFO: [HLS 200-1470] Pipelining result : Target II = NA, Final II = 1, Depth = 4, loop 'STAGE_VITIS_LOOP_128_4_VITIS_LOOP_130_5'
INFO: [SCHED 204-11] Finished scheduling.
INFO: [HLS 200-111] Finished Scheduling: CPU user time: 28 seconds. CPU system time: 2 seconds. Elapsed time: 30.532 seconds; current allocated memory: 2.923 GB.
INFO: [BIND 205-100] Starting micro-architecture generation ...
INFO: [BIND 205-101] Performing variable lifetime analysis.
INFO: [BIND 205-101] Exploring resource sharing.
INFO: [BIND 205-101] Binding ...
INFO: [BIND 205-100] Finished micro-architecture generation.
INFO: [HLS 200-111] Finished Binding: CPU user time: 1 seconds. CPU system time: 0 seconds. Elapsed time: 1.215 seconds; current allocated memory: 2.923 GB.
INFO: [HLS 200-10] ----------------------------------------------------------------
INFO: [HLS 200-42] -- Implementing module 'run_pwconv_Pipeline_VITIS_LOOP_136_6_VITIS_LOOP_139_7' 
INFO: [HLS 200-10] ----------------------------------------------------------------
INFO: [SCHED 204-11] Starting scheduling ...
INFO: [SCHED 204-61] Pipelining loop 'VITIS_LOOP_136_6_VITIS_LOOP_139_7'.
INFO: [HLS 200-1470] Pipelining result : Target II = NA, Final II = 1, Depth = 3, loop 'VITIS_LOOP_136_6_VITIS_LOOP_139_7'
INFO: [SCHED 204-11] Finished scheduling.
INFO: [HLS 200-111] Finished Scheduling: CPU user time: 1 seconds. CPU system time: 0 seconds. Elapsed time: 1.411 seconds; current allocated memory: 2.923 GB.
INFO: [BIND 205-100] Starting micro-architecture generation ...
INFO: [BIND 205-101] Performing variable lifetime analysis.
INFO: [BIND 205-101] Exploring resource sharing.
INFO: [BIND 205-101] Binding ...
INFO: [BIND 205-100] Finished micro-architecture generation.
INFO: [HLS 200-111] Finished Binding: CPU user time: 1 seconds. CPU system time: 0 seconds. Elapsed time: 0.175 seconds; current allocated memory: 2.923 GB.
INFO: [HLS 200-10] ----------------------------------------------------------------
INFO: [HLS 200-42] -- Implementing module 'run_pwconv_Pipeline_VITIS_LOOP_155_8' 
INFO: [HLS 200-10] ----------------------------------------------------------------
INFO: [SCHED 204-11] Starting scheduling ...
INFO: [HLS 200-486] Changing DSP latency (root=acc_53) to 3 in order to utilize available DSP registers.
INFO: [SCHED 204-61] Pipelining loop 'VITIS_LOOP_155_8'.
INFO: [HLS 200-1470] Pipelining result : Target II = NA, Final II = 1, Depth = 5, loop 'VITIS_LOOP_155_8'
INFO: [SCHED 204-11] Finished scheduling.
INFO: [HLS 200-111] Finished Scheduling: CPU user time: 0 seconds. CPU system time: 0 seconds. Elapsed time: 0.236 seconds; current allocated memory: 2.923 GB.
INFO: [BIND 205-100] Starting micro-architecture generation ...
INFO: [BIND 205-101] Performing variable lifetime analysis.
INFO: [BIND 205-101] Exploring resource sharing.
INFO: [BIND 205-101] Binding ...
INFO: [BIND 205-100] Finished micro-architecture generation.
INFO: [HLS 200-111] Finished Binding: CPU user time: 0 seconds. CPU system time: 0 seconds. Elapsed time: 0.063 seconds; current allocated memory: 2.923 GB.
INFO: [HLS 200-10] ----------------------------------------------------------------
INFO: [HLS 200-42] -- Implementing module 'clip_shift' 
INFO: [HLS 200-10] ----------------------------------------------------------------
INFO: [SCHED 204-11] Starting scheduling ...
INFO: [SCHED 204-11] Finished scheduling.
INFO: [HLS 200-111] Finished Scheduling: CPU user time: 0 seconds. CPU system time: 0 seconds. Elapsed time: 0.071 seconds; current allocated memory: 2.923 GB.
INFO: [BIND 205-100] Starting micro-architecture generation ...
INFO: [BIND 205-101] Performing variable lifetime analysis.
INFO: [BIND 205-101] Exploring resource sharing.
INFO: [BIND 205-101] Binding ...
INFO: [BIND 205-100] Finished micro-architecture generation.
INFO: [HLS 200-111] Finished Binding: CPU user time: 0 seconds. CPU system time: 0 seconds. Elapsed time: 0.035 seconds; current allocated memory: 2.923 GB.
INFO: [HLS 200-10] ----------------------------------------------------------------
INFO: [HLS 200-42] -- Implementing module 'run_pwconv_Pipeline_VITIS_LOOP_155_81' 
INFO: [HLS 200-10] ----------------------------------------------------------------
INFO: [SCHED 204-11] Starting scheduling ...
INFO: [HLS 200-486] Changing DSP latency (root=acc) to 3 in order to utilize available DSP registers.
INFO: [SCHED 204-61] Pipelining loop 'VITIS_LOOP_155_8'.
INFO: [HLS 200-1470] Pipelining result : Target II = NA, Final II = 1, Depth = 5, loop 'VITIS_LOOP_155_8'
INFO: [SCHED 204-11] Finished scheduling.
INFO: [HLS 200-111] Finished Scheduling: CPU user time: 0 seconds. CPU system time: 0 seconds. Elapsed time: 0.093 seconds; current allocated memory: 2.923 GB.
INFO: [BIND 205-100] Starting micro-architecture generation ...
INFO: [BIND 205-101] Performing variable lifetime analysis.
INFO: [BIND 205-101] Exploring resource sharing.
INFO: [BIND 205-101] Binding ...
INFO: [BIND 205-100] Finished micro-architecture generation.
INFO: [HLS 200-111] Finished Binding: CPU user time: 0 seconds. CPU system time: 1 seconds. Elapsed time: 0.062 seconds; current allocated memory: 2.923 GB.
INFO: [HLS 200-10] ----------------------------------------------------------------
INFO: [HLS 200-42] -- Implementing module 'run_pwconv_Pipeline_VITIS_LOOP_155_82' 
INFO: [HLS 200-10] ----------------------------------------------------------------
INFO: [SCHED 204-11] Starting scheduling ...
INFO: [HLS 200-486] Changing DSP latency (root=acc) to 3 in order to utilize available DSP registers.
INFO: [SCHED 204-61] Pipelining loop 'VITIS_LOOP_155_8'.
INFO: [HLS 200-1470] Pipelining result : Target II = NA, Final II = 1, Depth = 5, loop 'VITIS_LOOP_155_8'
INFO: [SCHED 204-11] Finished scheduling.
INFO: [HLS 200-111] Finished Scheduling: CPU user time: 0 seconds. CPU system time: 0 seconds. Elapsed time: 0.129 seconds; current allocated memory: 2.923 GB.
INFO: [BIND 205-100] Starting micro-architecture generation ...
INFO: [BIND 205-101] Performing variable lifetime analysis.
INFO: [BIND 205-101] Exploring resource sharing.
INFO: [BIND 205-101] Binding ...
INFO: [BIND 205-100] Finished micro-architecture generation.
INFO: [HLS 200-111] Finished Binding: CPU user time: 0 seconds. CPU system time: 0 seconds. Elapsed time: 0.063 seconds; current allocated memory: 2.923 GB.
INFO: [HLS 200-10] ----------------------------------------------------------------
INFO: [HLS 200-42] -- Implementing module 'run_pwconv_Pipeline_VITIS_LOOP_155_83' 
INFO: [HLS 200-10] ----------------------------------------------------------------
INFO: [SCHED 204-11] Starting scheduling ...
INFO: [HLS 200-486] Changing DSP latency (root=acc) to 3 in order to utilize available DSP registers.
INFO: [SCHED 204-61] Pipelining loop 'VITIS_LOOP_155_8'.
INFO: [HLS 200-1470] Pipelining result : Target II = NA, Final II = 1, Depth = 5, loop 'VITIS_LOOP_155_8'
INFO: [SCHED 204-11] Finished scheduling.
INFO: [HLS 200-111] Finished Scheduling: CPU user time: 0 seconds. CPU system time: 0 seconds. Elapsed time: 0.13 seconds; current allocated memory: 2.923 GB.
INFO: [BIND 205-100] Starting micro-architecture generation ...
INFO: [BIND 205-101] Performing variable lifetime analysis.
INFO: [BIND 205-101] Exploring resource sharing.
INFO: [BIND 205-101] Binding ...
INFO: [BIND 205-100] Finished micro-architecture generation.
INFO: [HLS 200-111] Finished Binding: CPU user time: 0 seconds. CPU system time: 0 seconds. Elapsed time: 0.061 seconds; current allocated memory: 2.923 GB.
INFO: [HLS 200-10] ----------------------------------------------------------------
INFO: [HLS 200-42] -- Implementing module 'run_pwconv_Pipeline_VITIS_LOOP_155_84' 
INFO: [HLS 200-10] ----------------------------------------------------------------
INFO: [SCHED 204-11] Starting scheduling ...
INFO: [HLS 200-486] Changing DSP latency (root=acc) to 3 in order to utilize available DSP registers.
INFO: [SCHED 204-61] Pipelining loop 'VITIS_LOOP_155_8'.
INFO: [HLS 200-1470] Pipelining result : Target II = NA, Final II = 1, Depth = 5, loop 'VITIS_LOOP_155_8'
INFO: [SCHED 204-11] Finished scheduling.
INFO: [HLS 200-111] Finished Scheduling: CPU user time: 0 seconds. CPU system time: 0 seconds. Elapsed time: 0.135 seconds; current allocated memory: 2.923 GB.
INFO: [BIND 205-100] Starting micro-architecture generation ...
INFO: [BIND 205-101] Performing variable lifetime analysis.
INFO: [BIND 205-101] Exploring resource sharing.
INFO: [BIND 205-101] Binding ...
INFO: [BIND 205-100] Finished micro-architecture generation.
INFO: [HLS 200-111] Finished Binding: CPU user time: 0 seconds. CPU system time: 0 seconds. Elapsed time: 0.062 seconds; current allocated memory: 2.923 GB.
INFO: [HLS 200-10] ----------------------------------------------------------------
INFO: [HLS 200-42] -- Implementing module 'run_pwconv_Pipeline_VITIS_LOOP_155_85' 
INFO: [HLS 200-10] ----------------------------------------------------------------
INFO: [SCHED 204-11] Starting scheduling ...
INFO: [HLS 200-486] Changing DSP latency (root=acc) to 3 in order to utilize available DSP registers.
INFO: [SCHED 204-61] Pipelining loop 'VITIS_LOOP_155_8'.
INFO: [HLS 200-1470] Pipelining result : Target II = NA, Final II = 1, Depth = 5, loop 'VITIS_LOOP_155_8'
INFO: [SCHED 204-11] Finished scheduling.
INFO: [HLS 200-111] Finished Scheduling: CPU user time: 0 seconds. CPU system time: 0 seconds. Elapsed time: 0.132 seconds; current allocated memory: 2.923 GB.
INFO: [BIND 205-100] Starting micro-architecture generation ...
INFO: [BIND 205-101] Performing variable lifetime analysis.
INFO: [BIND 205-101] Exploring resource sharing.
INFO: [BIND 205-101] Binding ...
INFO: [BIND 205-100] Finished micro-architecture generation.
INFO: [HLS 200-111] Finished Binding: CPU user time: 0 seconds. CPU system time: 0 seconds. Elapsed time: 0.063 seconds; current allocated memory: 2.923 GB.
INFO: [HLS 200-10] ----------------------------------------------------------------
INFO: [HLS 200-42] -- Implementing module 'run_pwconv_Pipeline_VITIS_LOOP_155_86' 
INFO: [HLS 200-10] ----------------------------------------------------------------
INFO: [SCHED 204-11] Starting scheduling ...
INFO: [HLS 200-486] Changing DSP latency (root=acc_8) to 3 in order to utilize available DSP registers.
INFO: [SCHED 204-61] Pipelining loop 'VITIS_LOOP_155_8'.
INFO: [HLS 200-1470] Pipelining result : Target II = NA, Final II = 1, Depth = 5, loop 'VITIS_LOOP_155_8'
INFO: [SCHED 204-11] Finished scheduling.
INFO: [HLS 200-111] Finished Scheduling: CPU user time: 0 seconds. CPU system time: 0 seconds. Elapsed time: 0.133 seconds; current allocated memory: 2.923 GB.
INFO: [BIND 205-100] Starting micro-architecture generation ...
INFO: [BIND 205-101] Performing variable lifetime analysis.
INFO: [BIND 205-101] Exploring resource sharing.
INFO: [BIND 205-101] Binding ...
INFO: [BIND 205-100] Finished micro-architecture generation.
INFO: [HLS 200-111] Finished Binding: CPU user time: 0 seconds. CPU system time: 0 seconds. Elapsed time: 0.065 seconds; current allocated memory: 2.923 GB.
INFO: [HLS 200-10] ----------------------------------------------------------------
INFO: [HLS 200-42] -- Implementing module 'run_pwconv_Pipeline_VITIS_LOOP_155_87' 
INFO: [HLS 200-10] ----------------------------------------------------------------
INFO: [SCHED 204-11] Starting scheduling ...
INFO: [HLS 200-486] Changing DSP latency (root=acc_3) to 3 in order to utilize available DSP registers.
INFO: [SCHED 204-61] Pipelining loop 'VITIS_LOOP_155_8'.
INFO: [HLS 200-1470] Pipelining result : Target II = NA, Final II = 1, Depth = 5, loop 'VITIS_LOOP_155_8'
INFO: [SCHED 204-11] Finished scheduling.
INFO: [HLS 200-111] Finished Scheduling: CPU user time: 1 seconds. CPU system time: 0 seconds. Elapsed time: 0.133 seconds; current allocated memory: 2.923 GB.
INFO: [BIND 205-100] Starting micro-architecture generation ...
INFO: [BIND 205-101] Performing variable lifetime analysis.
INFO: [BIND 205-101] Exploring resource sharing.
INFO: [BIND 205-101] Binding ...
INFO: [BIND 205-100] Finished micro-architecture generation.
INFO: [HLS 200-111] Finished Binding: CPU user time: 0 seconds. CPU system time: 0 seconds. Elapsed time: 0.064 seconds; current allocated memory: 2.923 GB.
INFO: [HLS 200-10] ----------------------------------------------------------------
INFO: [HLS 200-42] -- Implementing module 'run_pwconv_Pipeline_VITIS_LOOP_155_88' 
INFO: [HLS 200-10] ----------------------------------------------------------------
INFO: [SCHED 204-11] Starting scheduling ...
INFO: [HLS 200-486] Changing DSP latency (root=acc_2) to 3 in order to utilize available DSP registers.
INFO: [SCHED 204-61] Pipelining loop 'VITIS_LOOP_155_8'.
INFO: [HLS 200-1470] Pipelining result : Target II = NA, Final II = 1, Depth = 5, loop 'VITIS_LOOP_155_8'
INFO: [SCHED 204-11] Finished scheduling.
INFO: [HLS 200-111] Finished Scheduling: CPU user time: 0 seconds. CPU system time: 0 seconds. Elapsed time: 0.138 seconds; current allocated memory: 2.923 GB.
INFO: [BIND 205-100] Starting micro-architecture generation ...
INFO: [BIND 205-101] Performing variable lifetime analysis.
INFO: [BIND 205-101] Exploring resource sharing.
INFO: [BIND 205-101] Binding ...
INFO: [BIND 205-100] Finished micro-architecture generation.
INFO: [HLS 200-111] Finished Binding: CPU user time: 0 seconds. CPU system time: 0 seconds. Elapsed time: 0.065 seconds; current allocated memory: 2.923 GB.
INFO: [HLS 200-10] ----------------------------------------------------------------
INFO: [HLS 200-42] -- Implementing module 'run_pwconv_Pipeline_VITIS_LOOP_155_89' 
INFO: [HLS 200-10] ----------------------------------------------------------------
INFO: [SCHED 204-11] Starting scheduling ...
INFO: [HLS 200-486] Changing DSP latency (root=acc_1) to 3 in order to utilize available DSP registers.
INFO: [SCHED 204-61] Pipelining loop 'VITIS_LOOP_155_8'.
INFO: [HLS 200-1470] Pipelining result : Target II = NA, Final II = 1, Depth = 5, loop 'VITIS_LOOP_155_8'
INFO: [SCHED 204-11] Finished scheduling.
INFO: [HLS 200-111] Finished Scheduling: CPU user time: 0 seconds. CPU system time: 0 seconds. Elapsed time: 0.139 seconds; current allocated memory: 2.923 GB.
INFO: [BIND 205-100] Starting micro-architecture generation ...
INFO: [BIND 205-101] Performing variable lifetime analysis.
INFO: [BIND 205-101] Exploring resource sharing.
INFO: [BIND 205-101] Binding ...
INFO: [BIND 205-100] Finished micro-architecture generation.
INFO: [HLS 200-111] Finished Binding: CPU user time: 0 seconds. CPU system time: 0 seconds. Elapsed time: 0.066 seconds; current allocated memory: 2.923 GB.
INFO: [HLS 200-10] ----------------------------------------------------------------
INFO: [HLS 200-42] -- Implementing module 'run_pwconv_Pipeline_VITIS_LOOP_155_810' 
INFO: [HLS 200-10] ----------------------------------------------------------------
INFO: [SCHED 204-11] Starting scheduling ...
INFO: [HLS 200-486] Changing DSP latency (root=acc) to 3 in order to utilize available DSP registers.
INFO: [SCHED 204-61] Pipelining loop 'VITIS_LOOP_155_8'.
INFO: [HLS 200-1470] Pipelining result : Target II = NA, Final II = 1, Depth = 5, loop 'VITIS_LOOP_155_8'
INFO: [SCHED 204-11] Finished scheduling.
INFO: [HLS 200-111] Finished Scheduling: CPU user time: 0 seconds. CPU system time: 0 seconds. Elapsed time: 0.139 seconds; current allocated memory: 2.923 GB.
INFO: [BIND 205-100] Starting micro-architecture generation ...
INFO: [BIND 205-101] Performing variable lifetime analysis.
INFO: [BIND 205-101] Exploring resource sharing.
INFO: [BIND 205-101] Binding ...
INFO: [BIND 205-100] Finished micro-architecture generation.
INFO: [HLS 200-111] Finished Binding: CPU user time: 0 seconds. CPU system time: 0 seconds. Elapsed time: 0.067 seconds; current allocated memory: 2.923 GB.
INFO: [HLS 200-10] ----------------------------------------------------------------
INFO: [HLS 200-42] -- Implementing module 'run_pwconv_Pipeline_VITIS_LOOP_155_811' 
INFO: [HLS 200-10] ----------------------------------------------------------------
INFO: [SCHED 204-11] Starting scheduling ...
INFO: [HLS 200-486] Changing DSP latency (root=acc) to 3 in order to utilize available DSP registers.
INFO: [SCHED 204-61] Pipelining loop 'VITIS_LOOP_155_8'.
INFO: [HLS 200-1470] Pipelining result : Target II = NA, Final II = 1, Depth = 5, loop 'VITIS_LOOP_155_8'
INFO: [SCHED 204-11] Finished scheduling.
INFO: [HLS 200-111] Finished Scheduling: CPU user time: 0 seconds. CPU system time: 0 seconds. Elapsed time: 0.136 seconds; current allocated memory: 2.923 GB.
INFO: [BIND 205-100] Starting micro-architecture generation ...
INFO: [BIND 205-101] Performing variable lifetime analysis.
INFO: [BIND 205-101] Exploring resource sharing.
INFO: [BIND 205-101] Binding ...
INFO: [BIND 205-100] Finished micro-architecture generation.
INFO: [HLS 200-111] Finished Binding: CPU user time: 0 seconds. CPU system time: 0 seconds. Elapsed time: 0.066 seconds; current allocated memory: 2.924 GB.
INFO: [HLS 200-10] ----------------------------------------------------------------
INFO: [HLS 200-42] -- Implementing module 'run_pwconv_Pipeline_VITIS_LOOP_155_812' 
INFO: [HLS 200-10] ----------------------------------------------------------------
INFO: [SCHED 204-11] Starting scheduling ...
INFO: [HLS 200-486] Changing DSP latency (root=acc) to 3 in order to utilize available DSP registers.
INFO: [SCHED 204-61] Pipelining loop 'VITIS_LOOP_155_8'.
INFO: [HLS 200-1470] Pipelining result : Target II = NA, Final II = 1, Depth = 5, loop 'VITIS_LOOP_155_8'
INFO: [SCHED 204-11] Finished scheduling.
INFO: [HLS 200-111] Finished Scheduling: CPU user time: 0 seconds. CPU system time: 0 seconds. Elapsed time: 0.135 seconds; current allocated memory: 2.926 GB.
INFO: [BIND 205-100] Starting micro-architecture generation ...
INFO: [BIND 205-101] Performing variable lifetime analysis.
INFO: [BIND 205-101] Exploring resource sharing.
INFO: [BIND 205-101] Binding ...
INFO: [BIND 205-100] Finished micro-architecture generation.
INFO: [HLS 200-111] Finished Binding: CPU user time: 0 seconds. CPU system time: 0 seconds. Elapsed time: 0.066 seconds; current allocated memory: 2.928 GB.
INFO: [HLS 200-10] ----------------------------------------------------------------
INFO: [HLS 200-42] -- Implementing module 'run_pwconv_Pipeline_VITIS_LOOP_155_813' 
INFO: [HLS 200-10] ----------------------------------------------------------------
INFO: [SCHED 204-11] Starting scheduling ...
INFO: [HLS 200-486] Changing DSP latency (root=acc) to 3 in order to utilize available DSP registers.
INFO: [SCHED 204-61] Pipelining loop 'VITIS_LOOP_155_8'.
INFO: [HLS 200-1470] Pipelining result : Target II = NA, Final II = 1, Depth = 5, loop 'VITIS_LOOP_155_8'
INFO: [SCHED 204-11] Finished scheduling.
INFO: [HLS 200-111] Finished Scheduling: CPU user time: 1 seconds. CPU system time: 0 seconds. Elapsed time: 0.137 seconds; current allocated memory: 2.929 GB.
INFO: [BIND 205-100] Starting micro-architecture generation ...
INFO: [BIND 205-101] Performing variable lifetime analysis.
INFO: [BIND 205-101] Exploring resource sharing.
INFO: [BIND 205-101] Binding ...
INFO: [BIND 205-100] Finished micro-architecture generation.
INFO: [HLS 200-111] Finished Binding: CPU user time: 0 seconds. CPU system time: 0 seconds. Elapsed time: 0.07 seconds; current allocated memory: 2.930 GB.
INFO: [HLS 200-10] ----------------------------------------------------------------
INFO: [HLS 200-42] -- Implementing module 'run_pwconv_Pipeline_VITIS_LOOP_155_814' 
INFO: [HLS 200-10] ----------------------------------------------------------------
INFO: [SCHED 204-11] Starting scheduling ...
INFO: [HLS 200-486] Changing DSP latency (root=acc) to 3 in order to utilize available DSP registers.
INFO: [SCHED 204-61] Pipelining loop 'VITIS_LOOP_155_8'.
INFO: [HLS 200-1470] Pipelining result : Target II = NA, Final II = 1, Depth = 5, loop 'VITIS_LOOP_155_8'
INFO: [SCHED 204-11] Finished scheduling.
INFO: [HLS 200-111] Finished Scheduling: CPU user time: 0 seconds. CPU system time: 0 seconds. Elapsed time: 0.138 seconds; current allocated memory: 2.932 GB.
INFO: [BIND 205-100] Starting micro-architecture generation ...
INFO: [BIND 205-101] Performing variable lifetime analysis.
INFO: [BIND 205-101] Exploring resource sharing.
INFO: [BIND 205-101] Binding ...
INFO: [BIND 205-100] Finished micro-architecture generation.
INFO: [HLS 200-111] Finished Binding: CPU user time: 0 seconds. CPU system time: 0 seconds. Elapsed time: 0.068 seconds; current allocated memory: 2.934 GB.
INFO: [HLS 200-10] ----------------------------------------------------------------
INFO: [HLS 200-42] -- Implementing module 'run_pwconv_Pipeline_VITIS_LOOP_155_815' 
INFO: [HLS 200-10] ----------------------------------------------------------------
INFO: [SCHED 204-11] Starting scheduling ...
INFO: [HLS 200-486] Changing DSP latency (root=acc) to 3 in order to utilize available DSP registers.
INFO: [SCHED 204-61] Pipelining loop 'VITIS_LOOP_155_8'.
INFO: [HLS 200-1470] Pipelining result : Target II = NA, Final II = 1, Depth = 5, loop 'VITIS_LOOP_155_8'
INFO: [SCHED 204-11] Finished scheduling.
INFO: [HLS 200-111] Finished Scheduling: CPU user time: 0 seconds. CPU system time: 0 seconds. Elapsed time: 0.138 seconds; current allocated memory: 2.936 GB.
INFO: [BIND 205-100] Starting micro-architecture generation ...
INFO: [BIND 205-101] Performing variable lifetime analysis.
INFO: [BIND 205-101] Exploring resource sharing.
INFO: [BIND 205-101] Binding ...
INFO: [BIND 205-100] Finished micro-architecture generation.
INFO: [HLS 200-111] Finished Binding: CPU user time: 0 seconds. CPU system time: 0 seconds. Elapsed time: 0.07 seconds; current allocated memory: 2.936 GB.
INFO: [HLS 200-10] ----------------------------------------------------------------
INFO: [HLS 200-42] -- Implementing module 'run_pwconv_Pipeline_VITIS_LOOP_155_816' 
INFO: [HLS 200-10] ----------------------------------------------------------------
INFO: [SCHED 204-11] Starting scheduling ...
INFO: [HLS 200-486] Changing DSP latency (root=acc) to 3 in order to utilize available DSP registers.
INFO: [SCHED 204-61] Pipelining loop 'VITIS_LOOP_155_8'.
INFO: [HLS 200-1470] Pipelining result : Target II = NA, Final II = 1, Depth = 5, loop 'VITIS_LOOP_155_8'
INFO: [SCHED 204-11] Finished scheduling.
INFO: [HLS 200-111] Finished Scheduling: CPU user time: 0 seconds. CPU system time: 0 seconds. Elapsed time: 0.14 seconds; current allocated memory: 2.938 GB.
INFO: [BIND 205-100] Starting micro-architecture generation ...
INFO: [BIND 205-101] Performing variable lifetime analysis.
INFO: [BIND 205-101] Exploring resource sharing.
INFO: [BIND 205-101] Binding ...
INFO: [BIND 205-100] Finished micro-architecture generation.
INFO: [HLS 200-111] Finished Binding: CPU user time: 0 seconds. CPU system time: 0 seconds. Elapsed time: 0.068 seconds; current allocated memory: 2.939 GB.
INFO: [HLS 200-10] ----------------------------------------------------------------
INFO: [HLS 200-42] -- Implementing module 'run_pwconv_Pipeline_VITIS_LOOP_155_817' 
INFO: [HLS 200-10] ----------------------------------------------------------------
INFO: [SCHED 204-11] Starting scheduling ...
INFO: [HLS 200-486] Changing DSP latency (root=acc_52) to 3 in order to utilize available DSP registers.
INFO: [SCHED 204-61] Pipelining loop 'VITIS_LOOP_155_8'.
INFO: [HLS 200-1470] Pipelining result : Target II = NA, Final II = 1, Depth = 5, loop 'VITIS_LOOP_155_8'
INFO: [SCHED 204-11] Finished scheduling.
INFO: [HLS 200-111] Finished Scheduling: CPU user time: 0 seconds. CPU system time: 0 seconds. Elapsed time: 0.14 seconds; current allocated memory: 2.941 GB.
INFO: [BIND 205-100] Starting micro-architecture generation ...
INFO: [BIND 205-101] Performing variable lifetime analysis.
INFO: [BIND 205-101] Exploring resource sharing.
INFO: [BIND 205-101] Binding ...
INFO: [BIND 205-100] Finished micro-architecture generation.
INFO: [HLS 200-111] Finished Binding: CPU user time: 0 seconds. CPU system time: 0 seconds. Elapsed time: 0.068 seconds; current allocated memory: 2.943 GB.
INFO: [HLS 200-10] ----------------------------------------------------------------
INFO: [HLS 200-42] -- Implementing module 'run_pwconv_Pipeline_VITIS_LOOP_155_818' 
INFO: [HLS 200-10] ----------------------------------------------------------------
INFO: [SCHED 204-11] Starting scheduling ...
INFO: [HLS 200-486] Changing DSP latency (root=acc_50) to 3 in order to utilize available DSP registers.
INFO: [SCHED 204-61] Pipelining loop 'VITIS_LOOP_155_8'.
INFO: [HLS 200-1470] Pipelining result : Target II = NA, Final II = 1, Depth = 5, loop 'VITIS_LOOP_155_8'
INFO: [SCHED 204-11] Finished scheduling.
INFO: [HLS 200-111] Finished Scheduling: CPU user time: 0 seconds. CPU system time: 0 seconds. Elapsed time: 0.145 seconds; current allocated memory: 2.945 GB.
INFO: [BIND 205-100] Starting micro-architecture generation ...
INFO: [BIND 205-101] Performing variable lifetime analysis.
INFO: [BIND 205-101] Exploring resource sharing.
INFO: [BIND 205-101] Binding ...
INFO: [BIND 205-100] Finished micro-architecture generation.
INFO: [HLS 200-111] Finished Binding: CPU user time: 0 seconds. CPU system time: 0 seconds. Elapsed time: 0.072 seconds; current allocated memory: 2.945 GB.
INFO: [HLS 200-10] ----------------------------------------------------------------
INFO: [HLS 200-42] -- Implementing module 'run_pwconv_Pipeline_VITIS_LOOP_155_819' 
INFO: [HLS 200-10] ----------------------------------------------------------------
INFO: [SCHED 204-11] Starting scheduling ...
INFO: [HLS 200-486] Changing DSP latency (root=acc_49) to 3 in order to utilize available DSP registers.
INFO: [SCHED 204-61] Pipelining loop 'VITIS_LOOP_155_8'.
INFO: [HLS 200-1470] Pipelining result : Target II = NA, Final II = 1, Depth = 5, loop 'VITIS_LOOP_155_8'
INFO: [SCHED 204-11] Finished scheduling.
INFO: [HLS 200-111] Finished Scheduling: CPU user time: 1 seconds. CPU system time: 0 seconds. Elapsed time: 0.141 seconds; current allocated memory: 2.947 GB.
INFO: [BIND 205-100] Starting micro-architecture generation ...
INFO: [BIND 205-101] Performing variable lifetime analysis.
INFO: [BIND 205-101] Exploring resource sharing.
INFO: [BIND 205-101] Binding ...
INFO: [BIND 205-100] Finished micro-architecture generation.
INFO: [HLS 200-111] Finished Binding: CPU user time: 0 seconds. CPU system time: 0 seconds. Elapsed time: 0.071 seconds; current allocated memory: 2.948 GB.
INFO: [HLS 200-10] ----------------------------------------------------------------
INFO: [HLS 200-42] -- Implementing module 'run_pwconv_Pipeline_VITIS_LOOP_155_820' 
INFO: [HLS 200-10] ----------------------------------------------------------------
INFO: [SCHED 204-11] Starting scheduling ...
INFO: [HLS 200-486] Changing DSP latency (root=acc_48) to 3 in order to utilize available DSP registers.
INFO: [SCHED 204-61] Pipelining loop 'VITIS_LOOP_155_8'.
INFO: [HLS 200-1470] Pipelining result : Target II = NA, Final II = 1, Depth = 5, loop 'VITIS_LOOP_155_8'
INFO: [SCHED 204-11] Finished scheduling.
INFO: [HLS 200-111] Finished Scheduling: CPU user time: 0 seconds. CPU system time: 0 seconds. Elapsed time: 0.155 seconds; current allocated memory: 2.950 GB.
INFO: [BIND 205-100] Starting micro-architecture generation ...
INFO: [BIND 205-101] Performing variable lifetime analysis.
INFO: [BIND 205-101] Exploring resource sharing.
INFO: [BIND 205-101] Binding ...
INFO: [BIND 205-100] Finished micro-architecture generation.
INFO: [HLS 200-111] Finished Binding: CPU user time: 0 seconds. CPU system time: 0 seconds. Elapsed time: 0.071 seconds; current allocated memory: 2.951 GB.
INFO: [HLS 200-10] ----------------------------------------------------------------
INFO: [HLS 200-42] -- Implementing module 'run_pwconv_Pipeline_VITIS_LOOP_155_821' 
INFO: [HLS 200-10] ----------------------------------------------------------------
INFO: [SCHED 204-11] Starting scheduling ...
INFO: [HLS 200-486] Changing DSP latency (root=acc_47) to 3 in order to utilize available DSP registers.
INFO: [SCHED 204-61] Pipelining loop 'VITIS_LOOP_155_8'.
INFO: [HLS 200-1470] Pipelining result : Target II = NA, Final II = 1, Depth = 5, loop 'VITIS_LOOP_155_8'
INFO: [SCHED 204-11] Finished scheduling.
INFO: [HLS 200-111] Finished Scheduling: CPU user time: 0 seconds. CPU system time: 0 seconds. Elapsed time: 0.147 seconds; current allocated memory: 2.954 GB.
INFO: [BIND 205-100] Starting micro-architecture generation ...
INFO: [BIND 205-101] Performing variable lifetime analysis.
INFO: [BIND 205-101] Exploring resource sharing.
INFO: [BIND 205-101] Binding ...
INFO: [BIND 205-100] Finished micro-architecture generation.
INFO: [HLS 200-111] Finished Binding: CPU user time: 0 seconds. CPU system time: 0 seconds. Elapsed time: 0.075 seconds; current allocated memory: 2.955 GB.
INFO: [HLS 200-10] ----------------------------------------------------------------
INFO: [HLS 200-42] -- Implementing module 'run_pwconv_Pipeline_VITIS_LOOP_155_822' 
INFO: [HLS 200-10] ----------------------------------------------------------------
INFO: [SCHED 204-11] Starting scheduling ...
INFO: [HLS 200-486] Changing DSP latency (root=acc_46) to 3 in order to utilize available DSP registers.
INFO: [SCHED 204-61] Pipelining loop 'VITIS_LOOP_155_8'.
INFO: [HLS 200-1470] Pipelining result : Target II = NA, Final II = 1, Depth = 5, loop 'VITIS_LOOP_155_8'
INFO: [SCHED 204-11] Finished scheduling.
INFO: [HLS 200-111] Finished Scheduling: CPU user time: 0 seconds. CPU system time: 0 seconds. Elapsed time: 0.149 seconds; current allocated memory: 2.957 GB.
INFO: [BIND 205-100] Starting micro-architecture generation ...
INFO: [BIND 205-101] Performing variable lifetime analysis.
INFO: [BIND 205-101] Exploring resource sharing.
INFO: [BIND 205-101] Binding ...
INFO: [BIND 205-100] Finished micro-architecture generation.
INFO: [HLS 200-111] Finished Binding: CPU user time: 0 seconds. CPU system time: 0 seconds. Elapsed time: 0.077 seconds; current allocated memory: 2.958 GB.
INFO: [HLS 200-10] ----------------------------------------------------------------
INFO: [HLS 200-42] -- Implementing module 'run_pwconv_Pipeline_VITIS_LOOP_155_823' 
INFO: [HLS 200-10] ----------------------------------------------------------------
INFO: [SCHED 204-11] Starting scheduling ...
INFO: [HLS 200-486] Changing DSP latency (root=acc_45) to 3 in order to utilize available DSP registers.
INFO: [SCHED 204-61] Pipelining loop 'VITIS_LOOP_155_8'.
INFO: [HLS 200-1470] Pipelining result : Target II = NA, Final II = 1, Depth = 5, loop 'VITIS_LOOP_155_8'
INFO: [SCHED 204-11] Finished scheduling.
INFO: [HLS 200-111] Finished Scheduling: CPU user time: 0 seconds. CPU system time: 0 seconds. Elapsed time: 0.154 seconds; current allocated memory: 2.960 GB.
INFO: [BIND 205-100] Starting micro-architecture generation ...
INFO: [BIND 205-101] Performing variable lifetime analysis.
INFO: [BIND 205-101] Exploring resource sharing.
INFO: [BIND 205-101] Binding ...
INFO: [BIND 205-100] Finished micro-architecture generation.
INFO: [HLS 200-111] Finished Binding: CPU user time: 0 seconds. CPU system time: 0 seconds. Elapsed time: 0.077 seconds; current allocated memory: 2.961 GB.
INFO: [HLS 200-10] ----------------------------------------------------------------
INFO: [HLS 200-42] -- Implementing module 'run_pwconv_Pipeline_VITIS_LOOP_155_824' 
INFO: [HLS 200-10] ----------------------------------------------------------------
INFO: [SCHED 204-11] Starting scheduling ...
INFO: [HLS 200-486] Changing DSP latency (root=acc_44) to 3 in order to utilize available DSP registers.
INFO: [SCHED 204-61] Pipelining loop 'VITIS_LOOP_155_8'.
INFO: [HLS 200-1470] Pipelining result : Target II = NA, Final II = 1, Depth = 5, loop 'VITIS_LOOP_155_8'
INFO: [SCHED 204-11] Finished scheduling.
INFO: [HLS 200-111] Finished Scheduling: CPU user time: 1 seconds. CPU system time: 0 seconds. Elapsed time: 0.158 seconds; current allocated memory: 2.964 GB.
INFO: [BIND 205-100] Starting micro-architecture generation ...
INFO: [BIND 205-101] Performing variable lifetime analysis.
INFO: [BIND 205-101] Exploring resource sharing.
INFO: [BIND 205-101] Binding ...
INFO: [BIND 205-100] Finished micro-architecture generation.
INFO: [HLS 200-111] Finished Binding: CPU user time: 0 seconds. CPU system time: 0 seconds. Elapsed time: 0.078 seconds; current allocated memory: 2.965 GB.
INFO: [HLS 200-10] ----------------------------------------------------------------
INFO: [HLS 200-42] -- Implementing module 'run_pwconv_Pipeline_VITIS_LOOP_155_825' 
INFO: [HLS 200-10] ----------------------------------------------------------------
INFO: [SCHED 204-11] Starting scheduling ...
INFO: [HLS 200-486] Changing DSP latency (root=acc_43) to 3 in order to utilize available DSP registers.
INFO: [SCHED 204-61] Pipelining loop 'VITIS_LOOP_155_8'.
INFO: [HLS 200-1470] Pipelining result : Target II = NA, Final II = 1, Depth = 5, loop 'VITIS_LOOP_155_8'
INFO: [SCHED 204-11] Finished scheduling.
INFO: [HLS 200-111] Finished Scheduling: CPU user time: 0 seconds. CPU system time: 0 seconds. Elapsed time: 0.153 seconds; current allocated memory: 2.966 GB.
INFO: [BIND 205-100] Starting micro-architecture generation ...
INFO: [BIND 205-101] Performing variable lifetime analysis.
INFO: [BIND 205-101] Exploring resource sharing.
INFO: [BIND 205-101] Binding ...
INFO: [BIND 205-100] Finished micro-architecture generation.
INFO: [HLS 200-111] Finished Binding: CPU user time: 0 seconds. CPU system time: 0 seconds. Elapsed time: 0.079 seconds; current allocated memory: 2.968 GB.
INFO: [HLS 200-10] ----------------------------------------------------------------
INFO: [HLS 200-42] -- Implementing module 'run_pwconv_Pipeline_VITIS_LOOP_155_826' 
INFO: [HLS 200-10] ----------------------------------------------------------------
INFO: [SCHED 204-11] Starting scheduling ...
INFO: [HLS 200-486] Changing DSP latency (root=acc_42) to 3 in order to utilize available DSP registers.
INFO: [SCHED 204-61] Pipelining loop 'VITIS_LOOP_155_8'.
INFO: [HLS 200-1470] Pipelining result : Target II = NA, Final II = 1, Depth = 5, loop 'VITIS_LOOP_155_8'
INFO: [SCHED 204-11] Finished scheduling.
INFO: [HLS 200-111] Finished Scheduling: CPU user time: 0 seconds. CPU system time: 0 seconds. Elapsed time: 0.15 seconds; current allocated memory: 2.970 GB.
INFO: [BIND 205-100] Starting micro-architecture generation ...
INFO: [BIND 205-101] Performing variable lifetime analysis.
INFO: [BIND 205-101] Exploring resource sharing.
INFO: [BIND 205-101] Binding ...
INFO: [BIND 205-100] Finished micro-architecture generation.
INFO: [HLS 200-111] Finished Binding: CPU user time: 0 seconds. CPU system time: 0 seconds. Elapsed time: 0.073 seconds; current allocated memory: 2.970 GB.
INFO: [HLS 200-10] ----------------------------------------------------------------
INFO: [HLS 200-42] -- Implementing module 'run_pwconv_Pipeline_VITIS_LOOP_155_827' 
INFO: [HLS 200-10] ----------------------------------------------------------------
INFO: [SCHED 204-11] Starting scheduling ...
INFO: [HLS 200-486] Changing DSP latency (root=acc_41) to 3 in order to utilize available DSP registers.
INFO: [SCHED 204-61] Pipelining loop 'VITIS_LOOP_155_8'.
INFO: [HLS 200-1470] Pipelining result : Target II = NA, Final II = 1, Depth = 5, loop 'VITIS_LOOP_155_8'
INFO: [SCHED 204-11] Finished scheduling.
INFO: [HLS 200-111] Finished Scheduling: CPU user time: 0 seconds. CPU system time: 0 seconds. Elapsed time: 0.149 seconds; current allocated memory: 2.972 GB.
INFO: [BIND 205-100] Starting micro-architecture generation ...
INFO: [BIND 205-101] Performing variable lifetime analysis.
INFO: [BIND 205-101] Exploring resource sharing.
INFO: [BIND 205-101] Binding ...
INFO: [BIND 205-100] Finished micro-architecture generation.
INFO: [HLS 200-111] Finished Binding: CPU user time: 0 seconds. CPU system time: 0 seconds. Elapsed time: 0.074 seconds; current allocated memory: 2.973 GB.
INFO: [HLS 200-10] ----------------------------------------------------------------
INFO: [HLS 200-42] -- Implementing module 'run_pwconv_Pipeline_VITIS_LOOP_155_828' 
INFO: [HLS 200-10] ----------------------------------------------------------------
INFO: [SCHED 204-11] Starting scheduling ...
INFO: [HLS 200-486] Changing DSP latency (root=acc_40) to 3 in order to utilize available DSP registers.
INFO: [SCHED 204-61] Pipelining loop 'VITIS_LOOP_155_8'.
INFO: [HLS 200-1470] Pipelining result : Target II = NA, Final II = 1, Depth = 5, loop 'VITIS_LOOP_155_8'
INFO: [SCHED 204-11] Finished scheduling.
INFO: [HLS 200-111] Finished Scheduling: CPU user time: 0 seconds. CPU system time: 0 seconds. Elapsed time: 0.149 seconds; current allocated memory: 2.976 GB.
INFO: [BIND 205-100] Starting micro-architecture generation ...
INFO: [BIND 205-101] Performing variable lifetime analysis.
INFO: [BIND 205-101] Exploring resource sharing.
INFO: [BIND 205-101] Binding ...
INFO: [BIND 205-100] Finished micro-architecture generation.
INFO: [HLS 200-111] Finished Binding: CPU user time: 0 seconds. CPU system time: 0 seconds. Elapsed time: 0.074 seconds; current allocated memory: 2.977 GB.
INFO: [HLS 200-10] ----------------------------------------------------------------
INFO: [HLS 200-42] -- Implementing module 'run_pwconv_Pipeline_VITIS_LOOP_155_829' 
INFO: [HLS 200-10] ----------------------------------------------------------------
INFO: [SCHED 204-11] Starting scheduling ...
INFO: [HLS 200-486] Changing DSP latency (root=acc_39) to 3 in order to utilize available DSP registers.
INFO: [SCHED 204-61] Pipelining loop 'VITIS_LOOP_155_8'.
INFO: [HLS 200-1470] Pipelining result : Target II = NA, Final II = 1, Depth = 5, loop 'VITIS_LOOP_155_8'
INFO: [SCHED 204-11] Finished scheduling.
INFO: [HLS 200-111] Finished Scheduling: CPU user time: 0 seconds. CPU system time: 0 seconds. Elapsed time: 0.149 seconds; current allocated memory: 2.979 GB.
INFO: [BIND 205-100] Starting micro-architecture generation ...
INFO: [BIND 205-101] Performing variable lifetime analysis.
INFO: [BIND 205-101] Exploring resource sharing.
INFO: [BIND 205-101] Binding ...
INFO: [BIND 205-100] Finished micro-architecture generation.
INFO: [HLS 200-111] Finished Binding: CPU user time: 1 seconds. CPU system time: 0 seconds. Elapsed time: 0.075 seconds; current allocated memory: 2.980 GB.
INFO: [HLS 200-10] ----------------------------------------------------------------
INFO: [HLS 200-42] -- Implementing module 'run_pwconv_Pipeline_VITIS_LOOP_155_830' 
INFO: [HLS 200-10] ----------------------------------------------------------------
INFO: [SCHED 204-11] Starting scheduling ...
INFO: [HLS 200-486] Changing DSP latency (root=acc_38) to 3 in order to utilize available DSP registers.
INFO: [SCHED 204-61] Pipelining loop 'VITIS_LOOP_155_8'.
INFO: [HLS 200-1470] Pipelining result : Target II = NA, Final II = 1, Depth = 5, loop 'VITIS_LOOP_155_8'
INFO: [SCHED 204-11] Finished scheduling.
INFO: [HLS 200-111] Finished Scheduling: CPU user time: 0 seconds. CPU system time: 0 seconds. Elapsed time: 0.152 seconds; current allocated memory: 2.983 GB.
INFO: [BIND 205-100] Starting micro-architecture generation ...
INFO: [BIND 205-101] Performing variable lifetime analysis.
INFO: [BIND 205-101] Exploring resource sharing.
INFO: [BIND 205-101] Binding ...
INFO: [BIND 205-100] Finished micro-architecture generation.
INFO: [HLS 200-111] Finished Binding: CPU user time: 0 seconds. CPU system time: 0 seconds. Elapsed time: 0.075 seconds; current allocated memory: 2.983 GB.
INFO: [HLS 200-10] ----------------------------------------------------------------
INFO: [HLS 200-42] -- Implementing module 'run_pwconv_Pipeline_VITIS_LOOP_155_831' 
INFO: [HLS 200-10] ----------------------------------------------------------------
INFO: [SCHED 204-11] Starting scheduling ...
INFO: [HLS 200-486] Changing DSP latency (root=acc_37) to 3 in order to utilize available DSP registers.
INFO: [SCHED 204-61] Pipelining loop 'VITIS_LOOP_155_8'.
INFO: [HLS 200-1470] Pipelining result : Target II = NA, Final II = 1, Depth = 5, loop 'VITIS_LOOP_155_8'
INFO: [SCHED 204-11] Finished scheduling.
INFO: [HLS 200-111] Finished Scheduling: CPU user time: 0 seconds. CPU system time: 0 seconds. Elapsed time: 0.147 seconds; current allocated memory: 2.985 GB.
INFO: [BIND 205-100] Starting micro-architecture generation ...
INFO: [BIND 205-101] Performing variable lifetime analysis.
INFO: [BIND 205-101] Exploring resource sharing.
INFO: [BIND 205-101] Binding ...
INFO: [BIND 205-100] Finished micro-architecture generation.
INFO: [HLS 200-111] Finished Binding: CPU user time: 0 seconds. CPU system time: 0 seconds. Elapsed time: 0.076 seconds; current allocated memory: 2.986 GB.
INFO: [HLS 200-10] ----------------------------------------------------------------
INFO: [HLS 200-42] -- Implementing module 'run_pwconv_Pipeline_VITIS_LOOP_155_832' 
INFO: [HLS 200-10] ----------------------------------------------------------------
INFO: [SCHED 204-11] Starting scheduling ...
INFO: [HLS 200-486] Changing DSP latency (root=acc_36) to 3 in order to utilize available DSP registers.
INFO: [SCHED 204-61] Pipelining loop 'VITIS_LOOP_155_8'.
INFO: [HLS 200-1470] Pipelining result : Target II = NA, Final II = 1, Depth = 5, loop 'VITIS_LOOP_155_8'
INFO: [SCHED 204-11] Finished scheduling.
INFO: [HLS 200-111] Finished Scheduling: CPU user time: 0 seconds. CPU system time: 0 seconds. Elapsed time: 0.154 seconds; current allocated memory: 2.988 GB.
INFO: [BIND 205-100] Starting micro-architecture generation ...
INFO: [BIND 205-101] Performing variable lifetime analysis.
INFO: [BIND 205-101] Exploring resource sharing.
INFO: [BIND 205-101] Binding ...
INFO: [BIND 205-100] Finished micro-architecture generation.
INFO: [HLS 200-111] Finished Binding: CPU user time: 0 seconds. CPU system time: 0 seconds. Elapsed time: 0.077 seconds; current allocated memory: 2.989 GB.
INFO: [HLS 200-10] ----------------------------------------------------------------
INFO: [HLS 200-42] -- Implementing module 'run_pwconv_Pipeline_VITIS_LOOP_155_833' 
INFO: [HLS 200-10] ----------------------------------------------------------------
INFO: [SCHED 204-11] Starting scheduling ...
INFO: [HLS 200-486] Changing DSP latency (root=acc_35) to 3 in order to utilize available DSP registers.
INFO: [SCHED 204-61] Pipelining loop 'VITIS_LOOP_155_8'.
INFO: [HLS 200-1470] Pipelining result : Target II = NA, Final II = 1, Depth = 5, loop 'VITIS_LOOP_155_8'
INFO: [SCHED 204-11] Finished scheduling.
INFO: [HLS 200-111] Finished Scheduling: CPU user time: 0 seconds. CPU system time: 0 seconds. Elapsed time: 0.15 seconds; current allocated memory: 2.991 GB.
INFO: [BIND 205-100] Starting micro-architecture generation ...
INFO: [BIND 205-101] Performing variable lifetime analysis.
INFO: [BIND 205-101] Exploring resource sharing.
INFO: [BIND 205-101] Binding ...
INFO: [BIND 205-100] Finished micro-architecture generation.
INFO: [HLS 200-111] Finished Binding: CPU user time: 0 seconds. CPU system time: 0 seconds. Elapsed time: 0.078 seconds; current allocated memory: 2.992 GB.
INFO: [HLS 200-10] ----------------------------------------------------------------
INFO: [HLS 200-42] -- Implementing module 'run_pwconv_Pipeline_VITIS_LOOP_155_834' 
INFO: [HLS 200-10] ----------------------------------------------------------------
INFO: [SCHED 204-11] Starting scheduling ...
INFO: [HLS 200-486] Changing DSP latency (root=acc_34) to 3 in order to utilize available DSP registers.
INFO: [SCHED 204-61] Pipelining loop 'VITIS_LOOP_155_8'.
INFO: [HLS 200-1470] Pipelining result : Target II = NA, Final II = 1, Depth = 5, loop 'VITIS_LOOP_155_8'
INFO: [SCHED 204-11] Finished scheduling.
INFO: [HLS 200-111] Finished Scheduling: CPU user time: 0 seconds. CPU system time: 0 seconds. Elapsed time: 0.15 seconds; current allocated memory: 2.994 GB.
INFO: [BIND 205-100] Starting micro-architecture generation ...
INFO: [BIND 205-101] Performing variable lifetime analysis.
INFO: [BIND 205-101] Exploring resource sharing.
INFO: [BIND 205-101] Binding ...
INFO: [BIND 205-100] Finished micro-architecture generation.
INFO: [HLS 200-111] Finished Binding: CPU user time: 0 seconds. CPU system time: 0 seconds. Elapsed time: 0.078 seconds; current allocated memory: 2.995 GB.
INFO: [HLS 200-10] ----------------------------------------------------------------
INFO: [HLS 200-42] -- Implementing module 'run_pwconv_Pipeline_VITIS_LOOP_155_835' 
INFO: [HLS 200-10] ----------------------------------------------------------------
INFO: [SCHED 204-11] Starting scheduling ...
INFO: [HLS 200-486] Changing DSP latency (root=acc_33) to 3 in order to utilize available DSP registers.
INFO: [SCHED 204-61] Pipelining loop 'VITIS_LOOP_155_8'.
INFO: [HLS 200-1470] Pipelining result : Target II = NA, Final II = 1, Depth = 5, loop 'VITIS_LOOP_155_8'
INFO: [SCHED 204-11] Finished scheduling.
INFO: [HLS 200-111] Finished Scheduling: CPU user time: 0 seconds. CPU system time: 0 seconds. Elapsed time: 0.151 seconds; current allocated memory: 2.997 GB.
INFO: [BIND 205-100] Starting micro-architecture generation ...
INFO: [BIND 205-101] Performing variable lifetime analysis.
INFO: [BIND 205-101] Exploring resource sharing.
INFO: [BIND 205-101] Binding ...
INFO: [BIND 205-100] Finished micro-architecture generation.
INFO: [HLS 200-111] Finished Binding: CPU user time: 0 seconds. CPU system time: 0 seconds. Elapsed time: 0.075 seconds; current allocated memory: 2.998 GB.
INFO: [HLS 200-10] ----------------------------------------------------------------
INFO: [HLS 200-42] -- Implementing module 'run_pwconv_Pipeline_VITIS_LOOP_155_836' 
INFO: [HLS 200-10] ----------------------------------------------------------------
INFO: [SCHED 204-11] Starting scheduling ...
INFO: [HLS 200-486] Changing DSP latency (root=acc_32) to 3 in order to utilize available DSP registers.
INFO: [SCHED 204-61] Pipelining loop 'VITIS_LOOP_155_8'.
INFO: [HLS 200-1470] Pipelining result : Target II = NA, Final II = 1, Depth = 5, loop 'VITIS_LOOP_155_8'
INFO: [SCHED 204-11] Finished scheduling.
INFO: [HLS 200-111] Finished Scheduling: CPU user time: 0 seconds. CPU system time: 0 seconds. Elapsed time: 0.152 seconds; current allocated memory: 3.000 GB.
INFO: [BIND 205-100] Starting micro-architecture generation ...
INFO: [BIND 205-101] Performing variable lifetime analysis.
INFO: [BIND 205-101] Exploring resource sharing.
INFO: [BIND 205-101] Binding ...
INFO: [BIND 205-100] Finished micro-architecture generation.
INFO: [HLS 200-111] Finished Binding: CPU user time: 1 seconds. CPU system time: 0 seconds. Elapsed time: 0.076 seconds; current allocated memory: 3.001 GB.
INFO: [HLS 200-10] ----------------------------------------------------------------
INFO: [HLS 200-42] -- Implementing module 'run_pwconv_Pipeline_VITIS_LOOP_155_837' 
INFO: [HLS 200-10] ----------------------------------------------------------------
INFO: [SCHED 204-11] Starting scheduling ...
INFO: [HLS 200-486] Changing DSP latency (root=acc_31) to 3 in order to utilize available DSP registers.
INFO: [SCHED 204-61] Pipelining loop 'VITIS_LOOP_155_8'.
INFO: [HLS 200-1470] Pipelining result : Target II = NA, Final II = 1, Depth = 5, loop 'VITIS_LOOP_155_8'
INFO: [SCHED 204-11] Finished scheduling.
INFO: [HLS 200-111] Finished Scheduling: CPU user time: 0 seconds. CPU system time: 0 seconds. Elapsed time: 0.152 seconds; current allocated memory: 3.003 GB.
INFO: [BIND 205-100] Starting micro-architecture generation ...
INFO: [BIND 205-101] Performing variable lifetime analysis.
INFO: [BIND 205-101] Exploring resource sharing.
INFO: [BIND 205-101] Binding ...
INFO: [BIND 205-100] Finished micro-architecture generation.
INFO: [HLS 200-111] Finished Binding: CPU user time: 0 seconds. CPU system time: 0 seconds. Elapsed time: 0.079 seconds; current allocated memory: 3.004 GB.
INFO: [HLS 200-10] ----------------------------------------------------------------
INFO: [HLS 200-42] -- Implementing module 'run_pwconv_Pipeline_VITIS_LOOP_155_838' 
INFO: [HLS 200-10] ----------------------------------------------------------------
INFO: [SCHED 204-11] Starting scheduling ...
INFO: [HLS 200-486] Changing DSP latency (root=acc_30) to 3 in order to utilize available DSP registers.
INFO: [SCHED 204-61] Pipelining loop 'VITIS_LOOP_155_8'.
INFO: [HLS 200-1470] Pipelining result : Target II = NA, Final II = 1, Depth = 5, loop 'VITIS_LOOP_155_8'
INFO: [SCHED 204-11] Finished scheduling.
INFO: [HLS 200-111] Finished Scheduling: CPU user time: 0 seconds. CPU system time: 0 seconds. Elapsed time: 0.152 seconds; current allocated memory: 3.005 GB.
INFO: [BIND 205-100] Starting micro-architecture generation ...
INFO: [BIND 205-101] Performing variable lifetime analysis.
INFO: [BIND 205-101] Exploring resource sharing.
INFO: [BIND 205-101] Binding ...
INFO: [BIND 205-100] Finished micro-architecture generation.
INFO: [HLS 200-111] Finished Binding: CPU user time: 0 seconds. CPU system time: 0 seconds. Elapsed time: 0.078 seconds; current allocated memory: 3.006 GB.
INFO: [HLS 200-10] ----------------------------------------------------------------
INFO: [HLS 200-42] -- Implementing module 'run_pwconv_Pipeline_VITIS_LOOP_155_839' 
INFO: [HLS 200-10] ----------------------------------------------------------------
INFO: [SCHED 204-11] Starting scheduling ...
INFO: [HLS 200-486] Changing DSP latency (root=acc_29) to 3 in order to utilize available DSP registers.
INFO: [SCHED 204-61] Pipelining loop 'VITIS_LOOP_155_8'.
INFO: [HLS 200-1470] Pipelining result : Target II = NA, Final II = 1, Depth = 5, loop 'VITIS_LOOP_155_8'
INFO: [SCHED 204-11] Finished scheduling.
INFO: [HLS 200-111] Finished Scheduling: CPU user time: 0 seconds. CPU system time: 0 seconds. Elapsed time: 0.15 seconds; current allocated memory: 3.008 GB.
INFO: [BIND 205-100] Starting micro-architecture generation ...
INFO: [BIND 205-101] Performing variable lifetime analysis.
INFO: [BIND 205-101] Exploring resource sharing.
INFO: [BIND 205-101] Binding ...
INFO: [BIND 205-100] Finished micro-architecture generation.
INFO: [HLS 200-111] Finished Binding: CPU user time: 0 seconds. CPU system time: 0 seconds. Elapsed time: 0.078 seconds; current allocated memory: 3.009 GB.
INFO: [HLS 200-10] ----------------------------------------------------------------
INFO: [HLS 200-42] -- Implementing module 'run_pwconv_Pipeline_VITIS_LOOP_155_840' 
INFO: [HLS 200-10] ----------------------------------------------------------------
INFO: [SCHED 204-11] Starting scheduling ...
INFO: [HLS 200-486] Changing DSP latency (root=acc_28) to 3 in order to utilize available DSP registers.
INFO: [SCHED 204-61] Pipelining loop 'VITIS_LOOP_155_8'.
INFO: [HLS 200-1470] Pipelining result : Target II = NA, Final II = 1, Depth = 5, loop 'VITIS_LOOP_155_8'
INFO: [SCHED 204-11] Finished scheduling.
INFO: [HLS 200-111] Finished Scheduling: CPU user time: 0 seconds. CPU system time: 1 seconds. Elapsed time: 0.153 seconds; current allocated memory: 3.011 GB.
INFO: [BIND 205-100] Starting micro-architecture generation ...
INFO: [BIND 205-101] Performing variable lifetime analysis.
INFO: [BIND 205-101] Exploring resource sharing.
INFO: [BIND 205-101] Binding ...
INFO: [BIND 205-100] Finished micro-architecture generation.
INFO: [HLS 200-111] Finished Binding: CPU user time: 0 seconds. CPU system time: 0 seconds. Elapsed time: 0.079 seconds; current allocated memory: 3.012 GB.
INFO: [HLS 200-10] ----------------------------------------------------------------
INFO: [HLS 200-42] -- Implementing module 'run_pwconv_Pipeline_VITIS_LOOP_155_841' 
INFO: [HLS 200-10] ----------------------------------------------------------------
INFO: [SCHED 204-11] Starting scheduling ...
INFO: [HLS 200-486] Changing DSP latency (root=acc_27) to 3 in order to utilize available DSP registers.
INFO: [SCHED 204-61] Pipelining loop 'VITIS_LOOP_155_8'.
INFO: [HLS 200-1470] Pipelining result : Target II = NA, Final II = 1, Depth = 5, loop 'VITIS_LOOP_155_8'
INFO: [SCHED 204-11] Finished scheduling.
INFO: [HLS 200-111] Finished Scheduling: CPU user time: 0 seconds. CPU system time: 0 seconds. Elapsed time: 0.154 seconds; current allocated memory: 3.014 GB.
INFO: [BIND 205-100] Starting micro-architecture generation ...
INFO: [BIND 205-101] Performing variable lifetime analysis.
INFO: [BIND 205-101] Exploring resource sharing.
INFO: [BIND 205-101] Binding ...
INFO: [BIND 205-100] Finished micro-architecture generation.
INFO: [HLS 200-111] Finished Binding: CPU user time: 0 seconds. CPU system time: 0 seconds. Elapsed time: 0.084 seconds; current allocated memory: 3.015 GB.
INFO: [HLS 200-10] ----------------------------------------------------------------
INFO: [HLS 200-42] -- Implementing module 'run_pwconv_Pipeline_VITIS_LOOP_155_842' 
INFO: [HLS 200-10] ----------------------------------------------------------------
INFO: [SCHED 204-11] Starting scheduling ...
INFO: [HLS 200-486] Changing DSP latency (root=acc_26) to 3 in order to utilize available DSP registers.
INFO: [SCHED 204-61] Pipelining loop 'VITIS_LOOP_155_8'.
INFO: [HLS 200-1470] Pipelining result : Target II = NA, Final II = 1, Depth = 5, loop 'VITIS_LOOP_155_8'
INFO: [SCHED 204-11] Finished scheduling.
INFO: [HLS 200-111] Finished Scheduling: CPU user time: 0 seconds. CPU system time: 0 seconds. Elapsed time: 0.156 seconds; current allocated memory: 3.017 GB.
INFO: [BIND 205-100] Starting micro-architecture generation ...
INFO: [BIND 205-101] Performing variable lifetime analysis.
INFO: [BIND 205-101] Exploring resource sharing.
INFO: [BIND 205-101] Binding ...
INFO: [BIND 205-100] Finished micro-architecture generation.
INFO: [HLS 200-111] Finished Binding: CPU user time: 1 seconds. CPU system time: 0 seconds. Elapsed time: 0.083 seconds; current allocated memory: 3.018 GB.
INFO: [HLS 200-10] ----------------------------------------------------------------
INFO: [HLS 200-42] -- Implementing module 'run_pwconv_Pipeline_VITIS_LOOP_155_843' 
INFO: [HLS 200-10] ----------------------------------------------------------------
INFO: [SCHED 204-11] Starting scheduling ...
INFO: [HLS 200-486] Changing DSP latency (root=acc_25) to 3 in order to utilize available DSP registers.
INFO: [SCHED 204-61] Pipelining loop 'VITIS_LOOP_155_8'.
INFO: [HLS 200-1470] Pipelining result : Target II = NA, Final II = 1, Depth = 5, loop 'VITIS_LOOP_155_8'
INFO: [SCHED 204-11] Finished scheduling.
INFO: [HLS 200-111] Finished Scheduling: CPU user time: 0 seconds. CPU system time: 0 seconds. Elapsed time: 0.156 seconds; current allocated memory: 3.020 GB.
INFO: [BIND 205-100] Starting micro-architecture generation ...
INFO: [BIND 205-101] Performing variable lifetime analysis.
INFO: [BIND 205-101] Exploring resource sharing.
INFO: [BIND 205-101] Binding ...
INFO: [BIND 205-100] Finished micro-architecture generation.
INFO: [HLS 200-111] Finished Binding: CPU user time: 0 seconds. CPU system time: 0 seconds. Elapsed time: 0.082 seconds; current allocated memory: 3.021 GB.
INFO: [HLS 200-10] ----------------------------------------------------------------
INFO: [HLS 200-42] -- Implementing module 'run_pwconv_Pipeline_VITIS_LOOP_155_844' 
INFO: [HLS 200-10] ----------------------------------------------------------------
INFO: [SCHED 204-11] Starting scheduling ...
INFO: [HLS 200-486] Changing DSP latency (root=acc_24) to 3 in order to utilize available DSP registers.
INFO: [SCHED 204-61] Pipelining loop 'VITIS_LOOP_155_8'.
INFO: [HLS 200-1470] Pipelining result : Target II = NA, Final II = 1, Depth = 5, loop 'VITIS_LOOP_155_8'
INFO: [SCHED 204-11] Finished scheduling.
INFO: [HLS 200-111] Finished Scheduling: CPU user time: 0 seconds. CPU system time: 0 seconds. Elapsed time: 0.157 seconds; current allocated memory: 3.023 GB.
INFO: [BIND 205-100] Starting micro-architecture generation ...
INFO: [BIND 205-101] Performing variable lifetime analysis.
INFO: [BIND 205-101] Exploring resource sharing.
INFO: [BIND 205-101] Binding ...
INFO: [BIND 205-100] Finished micro-architecture generation.
INFO: [HLS 200-111] Finished Binding: CPU user time: 0 seconds. CPU system time: 0 seconds. Elapsed time: 0.082 seconds; current allocated memory: 3.025 GB.
INFO: [HLS 200-10] ----------------------------------------------------------------
INFO: [HLS 200-42] -- Implementing module 'run_pwconv_Pipeline_VITIS_LOOP_155_845' 
INFO: [HLS 200-10] ----------------------------------------------------------------
INFO: [SCHED 204-11] Starting scheduling ...
INFO: [HLS 200-486] Changing DSP latency (root=acc_23) to 3 in order to utilize available DSP registers.
INFO: [SCHED 204-61] Pipelining loop 'VITIS_LOOP_155_8'.
INFO: [HLS 200-1470] Pipelining result : Target II = NA, Final II = 1, Depth = 5, loop 'VITIS_LOOP_155_8'
INFO: [SCHED 204-11] Finished scheduling.
INFO: [HLS 200-111] Finished Scheduling: CPU user time: 0 seconds. CPU system time: 0 seconds. Elapsed time: 0.157 seconds; current allocated memory: 3.026 GB.
INFO: [BIND 205-100] Starting micro-architecture generation ...
INFO: [BIND 205-101] Performing variable lifetime analysis.
INFO: [BIND 205-101] Exploring resource sharing.
INFO: [BIND 205-101] Binding ...
INFO: [BIND 205-100] Finished micro-architecture generation.
INFO: [HLS 200-111] Finished Binding: CPU user time: 0 seconds. CPU system time: 0 seconds. Elapsed time: 0.084 seconds; current allocated memory: 3.027 GB.
INFO: [HLS 200-10] ----------------------------------------------------------------
INFO: [HLS 200-42] -- Implementing module 'run_pwconv_Pipeline_VITIS_LOOP_155_846' 
INFO: [HLS 200-10] ----------------------------------------------------------------
INFO: [SCHED 204-11] Starting scheduling ...
INFO: [HLS 200-486] Changing DSP latency (root=acc_22) to 3 in order to utilize available DSP registers.
INFO: [SCHED 204-61] Pipelining loop 'VITIS_LOOP_155_8'.
INFO: [HLS 200-1470] Pipelining result : Target II = NA, Final II = 1, Depth = 5, loop 'VITIS_LOOP_155_8'
INFO: [SCHED 204-11] Finished scheduling.
INFO: [HLS 200-111] Finished Scheduling: CPU user time: 0 seconds. CPU system time: 0 seconds. Elapsed time: 0.159 seconds; current allocated memory: 3.029 GB.
INFO: [BIND 205-100] Starting micro-architecture generation ...
INFO: [BIND 205-101] Performing variable lifetime analysis.
INFO: [BIND 205-101] Exploring resource sharing.
INFO: [BIND 205-101] Binding ...
INFO: [BIND 205-100] Finished micro-architecture generation.
INFO: [HLS 200-111] Finished Binding: CPU user time: 0 seconds. CPU system time: 0 seconds. Elapsed time: 0.082 seconds; current allocated memory: 3.030 GB.
INFO: [HLS 200-10] ----------------------------------------------------------------
INFO: [HLS 200-42] -- Implementing module 'run_pwconv_Pipeline_VITIS_LOOP_155_847' 
INFO: [HLS 200-10] ----------------------------------------------------------------
INFO: [SCHED 204-11] Starting scheduling ...
INFO: [HLS 200-486] Changing DSP latency (root=acc_21) to 3 in order to utilize available DSP registers.
INFO: [SCHED 204-61] Pipelining loop 'VITIS_LOOP_155_8'.
INFO: [HLS 200-1470] Pipelining result : Target II = NA, Final II = 1, Depth = 5, loop 'VITIS_LOOP_155_8'
INFO: [SCHED 204-11] Finished scheduling.
INFO: [HLS 200-111] Finished Scheduling: CPU user time: 0 seconds. CPU system time: 0 seconds. Elapsed time: 0.167 seconds; current allocated memory: 3.032 GB.
INFO: [BIND 205-100] Starting micro-architecture generation ...
INFO: [BIND 205-101] Performing variable lifetime analysis.
INFO: [BIND 205-101] Exploring resource sharing.
INFO: [BIND 205-101] Binding ...
INFO: [BIND 205-100] Finished micro-architecture generation.
INFO: [HLS 200-111] Finished Binding: CPU user time: 0 seconds. CPU system time: 0 seconds. Elapsed time: 0.083 seconds; current allocated memory: 3.033 GB.
INFO: [HLS 200-10] ----------------------------------------------------------------
INFO: [HLS 200-42] -- Implementing module 'run_pwconv_Pipeline_VITIS_LOOP_155_848' 
INFO: [HLS 200-10] ----------------------------------------------------------------
INFO: [SCHED 204-11] Starting scheduling ...
INFO: [HLS 200-486] Changing DSP latency (root=acc_20) to 3 in order to utilize available DSP registers.
INFO: [SCHED 204-61] Pipelining loop 'VITIS_LOOP_155_8'.
INFO: [HLS 200-1470] Pipelining result : Target II = NA, Final II = 1, Depth = 5, loop 'VITIS_LOOP_155_8'
INFO: [SCHED 204-11] Finished scheduling.
INFO: [HLS 200-111] Finished Scheduling: CPU user time: 0 seconds. CPU system time: 0 seconds. Elapsed time: 0.161 seconds; current allocated memory: 3.035 GB.
INFO: [BIND 205-100] Starting micro-architecture generation ...
INFO: [BIND 205-101] Performing variable lifetime analysis.
INFO: [BIND 205-101] Exploring resource sharing.
INFO: [BIND 205-101] Binding ...
INFO: [BIND 205-100] Finished micro-architecture generation.
INFO: [HLS 200-111] Finished Binding: CPU user time: 1 seconds. CPU system time: 0 seconds. Elapsed time: 0.085 seconds; current allocated memory: 3.036 GB.
INFO: [HLS 200-10] ----------------------------------------------------------------
INFO: [HLS 200-42] -- Implementing module 'run_pwconv_Pipeline_VITIS_LOOP_155_849' 
INFO: [HLS 200-10] ----------------------------------------------------------------
INFO: [SCHED 204-11] Starting scheduling ...
INFO: [HLS 200-486] Changing DSP latency (root=acc_19) to 3 in order to utilize available DSP registers.
INFO: [SCHED 204-61] Pipelining loop 'VITIS_LOOP_155_8'.
INFO: [HLS 200-1470] Pipelining result : Target II = NA, Final II = 1, Depth = 5, loop 'VITIS_LOOP_155_8'
INFO: [SCHED 204-11] Finished scheduling.
INFO: [HLS 200-111] Finished Scheduling: CPU user time: 0 seconds. CPU system time: 0 seconds. Elapsed time: 0.158 seconds; current allocated memory: 3.038 GB.
INFO: [BIND 205-100] Starting micro-architecture generation ...
INFO: [BIND 205-101] Performing variable lifetime analysis.
INFO: [BIND 205-101] Exploring resource sharing.
INFO: [BIND 205-101] Binding ...
INFO: [BIND 205-100] Finished micro-architecture generation.
INFO: [HLS 200-111] Finished Binding: CPU user time: 0 seconds. CPU system time: 0 seconds. Elapsed time: 0.084 seconds; current allocated memory: 3.039 GB.
INFO: [HLS 200-10] ----------------------------------------------------------------
INFO: [HLS 200-42] -- Implementing module 'run_pwconv_Pipeline_VITIS_LOOP_155_850' 
INFO: [HLS 200-10] ----------------------------------------------------------------
INFO: [SCHED 204-11] Starting scheduling ...
INFO: [HLS 200-486] Changing DSP latency (root=acc_18) to 3 in order to utilize available DSP registers.
INFO: [SCHED 204-61] Pipelining loop 'VITIS_LOOP_155_8'.
INFO: [HLS 200-1470] Pipelining result : Target II = NA, Final II = 1, Depth = 5, loop 'VITIS_LOOP_155_8'
INFO: [SCHED 204-11] Finished scheduling.
INFO: [HLS 200-111] Finished Scheduling: CPU user time: 0 seconds. CPU system time: 0 seconds. Elapsed time: 0.161 seconds; current allocated memory: 3.041 GB.
INFO: [BIND 205-100] Starting micro-architecture generation ...
INFO: [BIND 205-101] Performing variable lifetime analysis.
INFO: [BIND 205-101] Exploring resource sharing.
INFO: [BIND 205-101] Binding ...
INFO: [BIND 205-100] Finished micro-architecture generation.
INFO: [HLS 200-111] Finished Binding: CPU user time: 0 seconds. CPU system time: 0 seconds. Elapsed time: 0.084 seconds; current allocated memory: 3.042 GB.
INFO: [HLS 200-10] ----------------------------------------------------------------
INFO: [HLS 200-42] -- Implementing module 'run_pwconv_Pipeline_VITIS_LOOP_155_851' 
INFO: [HLS 200-10] ----------------------------------------------------------------
INFO: [SCHED 204-11] Starting scheduling ...
INFO: [HLS 200-486] Changing DSP latency (root=acc_17) to 3 in order to utilize available DSP registers.
INFO: [SCHED 204-61] Pipelining loop 'VITIS_LOOP_155_8'.
INFO: [HLS 200-1470] Pipelining result : Target II = NA, Final II = 1, Depth = 5, loop 'VITIS_LOOP_155_8'
INFO: [SCHED 204-11] Finished scheduling.
INFO: [HLS 200-111] Finished Scheduling: CPU user time: 0 seconds. CPU system time: 0 seconds. Elapsed time: 0.164 seconds; current allocated memory: 3.043 GB.
INFO: [BIND 205-100] Starting micro-architecture generation ...
INFO: [BIND 205-101] Performing variable lifetime analysis.
INFO: [BIND 205-101] Exploring resource sharing.
INFO: [BIND 205-101] Binding ...
INFO: [BIND 205-100] Finished micro-architecture generation.
INFO: [HLS 200-111] Finished Binding: CPU user time: 0 seconds. CPU system time: 0 seconds. Elapsed time: 0.084 seconds; current allocated memory: 3.045 GB.
INFO: [HLS 200-10] ----------------------------------------------------------------
INFO: [HLS 200-42] -- Implementing module 'run_pwconv_Pipeline_VITIS_LOOP_155_852' 
INFO: [HLS 200-10] ----------------------------------------------------------------
INFO: [SCHED 204-11] Starting scheduling ...
INFO: [HLS 200-486] Changing DSP latency (root=acc_16) to 3 in order to utilize available DSP registers.
INFO: [SCHED 204-61] Pipelining loop 'VITIS_LOOP_155_8'.
INFO: [HLS 200-1470] Pipelining result : Target II = NA, Final II = 1, Depth = 5, loop 'VITIS_LOOP_155_8'
INFO: [SCHED 204-11] Finished scheduling.
INFO: [HLS 200-111] Finished Scheduling: CPU user time: 0 seconds. CPU system time: 0 seconds. Elapsed time: 0.162 seconds; current allocated memory: 3.046 GB.
INFO: [BIND 205-100] Starting micro-architecture generation ...
INFO: [BIND 205-101] Performing variable lifetime analysis.
INFO: [BIND 205-101] Exploring resource sharing.
INFO: [BIND 205-101] Binding ...
INFO: [BIND 205-100] Finished micro-architecture generation.
INFO: [HLS 200-111] Finished Binding: CPU user time: 0 seconds. CPU system time: 0 seconds. Elapsed time: 0.084 seconds; current allocated memory: 3.047 GB.
INFO: [HLS 200-10] ----------------------------------------------------------------
INFO: [HLS 200-42] -- Implementing module 'run_pwconv_Pipeline_VITIS_LOOP_155_853' 
INFO: [HLS 200-10] ----------------------------------------------------------------
INFO: [SCHED 204-11] Starting scheduling ...
INFO: [HLS 200-486] Changing DSP latency (root=acc_15) to 3 in order to utilize available DSP registers.
INFO: [SCHED 204-61] Pipelining loop 'VITIS_LOOP_155_8'.
INFO: [HLS 200-1470] Pipelining result : Target II = NA, Final II = 1, Depth = 5, loop 'VITIS_LOOP_155_8'
INFO: [SCHED 204-11] Finished scheduling.
INFO: [HLS 200-111] Finished Scheduling: CPU user time: 0 seconds. CPU system time: 0 seconds. Elapsed time: 0.162 seconds; current allocated memory: 3.049 GB.
INFO: [BIND 205-100] Starting micro-architecture generation ...
INFO: [BIND 205-101] Performing variable lifetime analysis.
INFO: [BIND 205-101] Exploring resource sharing.
INFO: [BIND 205-101] Binding ...
INFO: [BIND 205-100] Finished micro-architecture generation.
INFO: [HLS 200-111] Finished Binding: CPU user time: 0 seconds. CPU system time: 0 seconds. Elapsed time: 0.087 seconds; current allocated memory: 3.050 GB.
INFO: [HLS 200-10] ----------------------------------------------------------------
INFO: [HLS 200-42] -- Implementing module 'run_pwconv_Pipeline_VITIS_LOOP_155_854' 
INFO: [HLS 200-10] ----------------------------------------------------------------
INFO: [SCHED 204-11] Starting scheduling ...
INFO: [HLS 200-486] Changing DSP latency (root=acc_14) to 3 in order to utilize available DSP registers.
INFO: [SCHED 204-61] Pipelining loop 'VITIS_LOOP_155_8'.
INFO: [HLS 200-1470] Pipelining result : Target II = NA, Final II = 1, Depth = 5, loop 'VITIS_LOOP_155_8'
INFO: [SCHED 204-11] Finished scheduling.
INFO: [HLS 200-111] Finished Scheduling: CPU user time: 1 seconds. CPU system time: 0 seconds. Elapsed time: 0.161 seconds; current allocated memory: 3.052 GB.
INFO: [BIND 205-100] Starting micro-architecture generation ...
INFO: [BIND 205-101] Performing variable lifetime analysis.
INFO: [BIND 205-101] Exploring resource sharing.
INFO: [BIND 205-101] Binding ...
INFO: [BIND 205-100] Finished micro-architecture generation.
INFO: [HLS 200-111] Finished Binding: CPU user time: 0 seconds. CPU system time: 0 seconds. Elapsed time: 0.086 seconds; current allocated memory: 3.053 GB.
INFO: [HLS 200-10] ----------------------------------------------------------------
INFO: [HLS 200-42] -- Implementing module 'run_pwconv_Pipeline_VITIS_LOOP_155_855' 
INFO: [HLS 200-10] ----------------------------------------------------------------
INFO: [SCHED 204-11] Starting scheduling ...
INFO: [HLS 200-486] Changing DSP latency (root=acc_13) to 3 in order to utilize available DSP registers.
INFO: [SCHED 204-61] Pipelining loop 'VITIS_LOOP_155_8'.
INFO: [HLS 200-1470] Pipelining result : Target II = NA, Final II = 1, Depth = 5, loop 'VITIS_LOOP_155_8'
INFO: [SCHED 204-11] Finished scheduling.
INFO: [HLS 200-111] Finished Scheduling: CPU user time: 0 seconds. CPU system time: 0 seconds. Elapsed time: 0.165 seconds; current allocated memory: 3.055 GB.
INFO: [BIND 205-100] Starting micro-architecture generation ...
INFO: [BIND 205-101] Performing variable lifetime analysis.
INFO: [BIND 205-101] Exploring resource sharing.
INFO: [BIND 205-101] Binding ...
INFO: [BIND 205-100] Finished micro-architecture generation.
INFO: [HLS 200-111] Finished Binding: CPU user time: 0 seconds. CPU system time: 0 seconds. Elapsed time: 0.087 seconds; current allocated memory: 3.056 GB.
INFO: [HLS 200-10] ----------------------------------------------------------------
INFO: [HLS 200-42] -- Implementing module 'run_pwconv_Pipeline_VITIS_LOOP_155_856' 
INFO: [HLS 200-10] ----------------------------------------------------------------
INFO: [SCHED 204-11] Starting scheduling ...
INFO: [HLS 200-486] Changing DSP latency (root=acc_12) to 3 in order to utilize available DSP registers.
INFO: [SCHED 204-61] Pipelining loop 'VITIS_LOOP_155_8'.
INFO: [HLS 200-1470] Pipelining result : Target II = NA, Final II = 1, Depth = 5, loop 'VITIS_LOOP_155_8'
INFO: [SCHED 204-11] Finished scheduling.
INFO: [HLS 200-111] Finished Scheduling: CPU user time: 0 seconds. CPU system time: 0 seconds. Elapsed time: 0.168 seconds; current allocated memory: 3.058 GB.
INFO: [BIND 205-100] Starting micro-architecture generation ...
INFO: [BIND 205-101] Performing variable lifetime analysis.
INFO: [BIND 205-101] Exploring resource sharing.
INFO: [BIND 205-101] Binding ...
INFO: [BIND 205-100] Finished micro-architecture generation.
INFO: [HLS 200-111] Finished Binding: CPU user time: 0 seconds. CPU system time: 0 seconds. Elapsed time: 0.09 seconds; current allocated memory: 3.059 GB.
INFO: [HLS 200-10] ----------------------------------------------------------------
INFO: [HLS 200-42] -- Implementing module 'run_pwconv_Pipeline_VITIS_LOOP_155_857' 
INFO: [HLS 200-10] ----------------------------------------------------------------
INFO: [SCHED 204-11] Starting scheduling ...
INFO: [HLS 200-486] Changing DSP latency (root=acc_11) to 3 in order to utilize available DSP registers.
INFO: [SCHED 204-61] Pipelining loop 'VITIS_LOOP_155_8'.
INFO: [HLS 200-1470] Pipelining result : Target II = NA, Final II = 1, Depth = 5, loop 'VITIS_LOOP_155_8'
INFO: [SCHED 204-11] Finished scheduling.
INFO: [HLS 200-111] Finished Scheduling: CPU user time: 0 seconds. CPU system time: 0 seconds. Elapsed time: 0.168 seconds; current allocated memory: 3.061 GB.
INFO: [BIND 205-100] Starting micro-architecture generation ...
INFO: [BIND 205-101] Performing variable lifetime analysis.
INFO: [BIND 205-101] Exploring resource sharing.
INFO: [BIND 205-101] Binding ...
INFO: [BIND 205-100] Finished micro-architecture generation.
INFO: [HLS 200-111] Finished Binding: CPU user time: 0 seconds. CPU system time: 0 seconds. Elapsed time: 0.09 seconds; current allocated memory: 3.062 GB.
INFO: [HLS 200-10] ----------------------------------------------------------------
INFO: [HLS 200-42] -- Implementing module 'run_pwconv_Pipeline_VITIS_LOOP_155_858' 
INFO: [HLS 200-10] ----------------------------------------------------------------
INFO: [SCHED 204-11] Starting scheduling ...
INFO: [HLS 200-486] Changing DSP latency (root=acc_10) to 3 in order to utilize available DSP registers.
INFO: [SCHED 204-61] Pipelining loop 'VITIS_LOOP_155_8'.
INFO: [HLS 200-1470] Pipelining result : Target II = NA, Final II = 1, Depth = 5, loop 'VITIS_LOOP_155_8'
INFO: [SCHED 204-11] Finished scheduling.
INFO: [HLS 200-111] Finished Scheduling: CPU user time: 0 seconds. CPU system time: 0 seconds. Elapsed time: 0.168 seconds; current allocated memory: 3.064 GB.
INFO: [BIND 205-100] Starting micro-architecture generation ...
INFO: [BIND 205-101] Performing variable lifetime analysis.
INFO: [BIND 205-101] Exploring resource sharing.
INFO: [BIND 205-101] Binding ...
INFO: [BIND 205-100] Finished micro-architecture generation.
INFO: [HLS 200-111] Finished Binding: CPU user time: 0 seconds. CPU system time: 0 seconds. Elapsed time: 0.088 seconds; current allocated memory: 3.065 GB.
INFO: [HLS 200-10] ----------------------------------------------------------------
INFO: [HLS 200-42] -- Implementing module 'run_pwconv_Pipeline_VITIS_LOOP_155_859' 
INFO: [HLS 200-10] ----------------------------------------------------------------
INFO: [SCHED 204-11] Starting scheduling ...
INFO: [HLS 200-486] Changing DSP latency (root=acc_9) to 3 in order to utilize available DSP registers.
INFO: [SCHED 204-61] Pipelining loop 'VITIS_LOOP_155_8'.
INFO: [HLS 200-1470] Pipelining result : Target II = NA, Final II = 1, Depth = 5, loop 'VITIS_LOOP_155_8'
INFO: [SCHED 204-11] Finished scheduling.
INFO: [HLS 200-111] Finished Scheduling: CPU user time: 1 seconds. CPU system time: 0 seconds. Elapsed time: 0.165 seconds; current allocated memory: 3.067 GB.
INFO: [BIND 205-100] Starting micro-architecture generation ...
INFO: [BIND 205-101] Performing variable lifetime analysis.
INFO: [BIND 205-101] Exploring resource sharing.
INFO: [BIND 205-101] Binding ...
INFO: [BIND 205-100] Finished micro-architecture generation.
INFO: [HLS 200-111] Finished Binding: CPU user time: 0 seconds. CPU system time: 0 seconds. Elapsed time: 0.09 seconds; current allocated memory: 3.068 GB.
INFO: [HLS 200-10] ----------------------------------------------------------------
INFO: [HLS 200-42] -- Implementing module 'run_pwconv_Pipeline_VITIS_LOOP_155_860' 
INFO: [HLS 200-10] ----------------------------------------------------------------
INFO: [SCHED 204-11] Starting scheduling ...
INFO: [HLS 200-486] Changing DSP latency (root=acc_7) to 3 in order to utilize available DSP registers.
INFO: [SCHED 204-61] Pipelining loop 'VITIS_LOOP_155_8'.
INFO: [HLS 200-1470] Pipelining result : Target II = NA, Final II = 1, Depth = 5, loop 'VITIS_LOOP_155_8'
INFO: [SCHED 204-11] Finished scheduling.
INFO: [HLS 200-111] Finished Scheduling: CPU user time: 0 seconds. CPU system time: 0 seconds. Elapsed time: 0.169 seconds; current allocated memory: 3.070 GB.
INFO: [BIND 205-100] Starting micro-architecture generation ...
INFO: [BIND 205-101] Performing variable lifetime analysis.
INFO: [BIND 205-101] Exploring resource sharing.
INFO: [BIND 205-101] Binding ...
INFO: [BIND 205-100] Finished micro-architecture generation.
INFO: [HLS 200-111] Finished Binding: CPU user time: 0 seconds. CPU system time: 0 seconds. Elapsed time: 0.09 seconds; current allocated memory: 3.071 GB.
INFO: [HLS 200-10] ----------------------------------------------------------------
INFO: [HLS 200-42] -- Implementing module 'run_pwconv_Pipeline_VITIS_LOOP_155_861' 
INFO: [HLS 200-10] ----------------------------------------------------------------
INFO: [SCHED 204-11] Starting scheduling ...
INFO: [HLS 200-486] Changing DSP latency (root=acc_6) to 3 in order to utilize available DSP registers.
INFO: [SCHED 204-61] Pipelining loop 'VITIS_LOOP_155_8'.
INFO: [HLS 200-1470] Pipelining result : Target II = NA, Final II = 1, Depth = 5, loop 'VITIS_LOOP_155_8'
INFO: [SCHED 204-11] Finished scheduling.
INFO: [HLS 200-111] Finished Scheduling: CPU user time: 0 seconds. CPU system time: 0 seconds. Elapsed time: 0.167 seconds; current allocated memory: 3.073 GB.
INFO: [BIND 205-100] Starting micro-architecture generation ...
INFO: [BIND 205-101] Performing variable lifetime analysis.
INFO: [BIND 205-101] Exploring resource sharing.
INFO: [BIND 205-101] Binding ...
INFO: [BIND 205-100] Finished micro-architecture generation.
INFO: [HLS 200-111] Finished Binding: CPU user time: 0 seconds. CPU system time: 0 seconds. Elapsed time: 0.089 seconds; current allocated memory: 3.073 GB.
INFO: [HLS 200-10] ----------------------------------------------------------------
INFO: [HLS 200-42] -- Implementing module 'run_pwconv_Pipeline_VITIS_LOOP_155_862' 
INFO: [HLS 200-10] ----------------------------------------------------------------
INFO: [SCHED 204-11] Starting scheduling ...
INFO: [HLS 200-486] Changing DSP latency (root=acc_5) to 3 in order to utilize available DSP registers.
INFO: [SCHED 204-61] Pipelining loop 'VITIS_LOOP_155_8'.
INFO: [HLS 200-1470] Pipelining result : Target II = NA, Final II = 1, Depth = 5, loop 'VITIS_LOOP_155_8'
INFO: [SCHED 204-11] Finished scheduling.
INFO: [HLS 200-111] Finished Scheduling: CPU user time: 0 seconds. CPU system time: 0 seconds. Elapsed time: 0.169 seconds; current allocated memory: 3.075 GB.
INFO: [BIND 205-100] Starting micro-architecture generation ...
INFO: [BIND 205-101] Performing variable lifetime analysis.
INFO: [BIND 205-101] Exploring resource sharing.
INFO: [BIND 205-101] Binding ...
INFO: [BIND 205-100] Finished micro-architecture generation.
INFO: [HLS 200-111] Finished Binding: CPU user time: 0 seconds. CPU system time: 0 seconds. Elapsed time: 0.091 seconds; current allocated memory: 3.077 GB.
INFO: [HLS 200-10] ----------------------------------------------------------------
INFO: [HLS 200-42] -- Implementing module 'run_pwconv_Pipeline_VITIS_LOOP_155_863' 
INFO: [HLS 200-10] ----------------------------------------------------------------
INFO: [SCHED 204-11] Starting scheduling ...
INFO: [HLS 200-486] Changing DSP latency (root=acc_4) to 3 in order to utilize available DSP registers.
INFO: [SCHED 204-61] Pipelining loop 'VITIS_LOOP_155_8'.
INFO: [HLS 200-1470] Pipelining result : Target II = NA, Final II = 1, Depth = 5, loop 'VITIS_LOOP_155_8'
INFO: [SCHED 204-11] Finished scheduling.
INFO: [HLS 200-111] Finished Scheduling: CPU user time: 0 seconds. CPU system time: 0 seconds. Elapsed time: 0.169 seconds; current allocated memory: 3.079 GB.
INFO: [BIND 205-100] Starting micro-architecture generation ...
INFO: [BIND 205-101] Performing variable lifetime analysis.
INFO: [BIND 205-101] Exploring resource sharing.
INFO: [BIND 205-101] Binding ...
INFO: [BIND 205-100] Finished micro-architecture generation.
INFO: [HLS 200-111] Finished Binding: CPU user time: 0 seconds. CPU system time: 0 seconds. Elapsed time: 0.088 seconds; current allocated memory: 3.080 GB.
INFO: [HLS 200-10] ----------------------------------------------------------------
INFO: [HLS 200-42] -- Implementing module 'run_pwconv' 
INFO: [HLS 200-10] ----------------------------------------------------------------
INFO: [SCHED 204-11] Starting scheduling ...
INFO: [SCHED 204-11] Finished scheduling.
INFO: [HLS 200-111] Finished Scheduling: CPU user time: 4 seconds. CPU system time: 0 seconds. Elapsed time: 4.049 seconds; current allocated memory: 3.152 GB.
INFO: [BIND 205-100] Starting micro-architecture generation ...
INFO: [BIND 205-101] Performing variable lifetime analysis.
INFO: [BIND 205-101] Exploring resource sharing.
INFO: [BIND 205-101] Binding ...
INFO: [BIND 205-100] Finished micro-architecture generation.
INFO: [HLS 200-111] Finished Binding: CPU user time: 4 seconds. CPU system time: 0 seconds. Elapsed time: 3.24 seconds; current allocated memory: 3.152 GB.
INFO: [HLS 200-10] ----------------------------------------------------------------
INFO: [HLS 200-42] -- Implementing module 'run_dwconv_Pipeline_VITIS_LOOP_62_4_VITIS_LOOP_63_5' 
INFO: [HLS 200-10] ----------------------------------------------------------------
INFO: [SCHED 204-11] Starting scheduling ...
INFO: [SCHED 204-61] Pipelining loop 'VITIS_LOOP_62_4_VITIS_LOOP_63_5'.
INFO: [HLS 200-1470] Pipelining result : Target II = NA, Final II = 1, Depth = 3, loop 'VITIS_LOOP_62_4_VITIS_LOOP_63_5'
INFO: [SCHED 204-11] Finished scheduling.
INFO: [HLS 200-111] Finished Scheduling: CPU user time: 0 seconds. CPU system time: 0 seconds. Elapsed time: 0.92 seconds; current allocated memory: 3.152 GB.
INFO: [BIND 205-100] Starting micro-architecture generation ...
INFO: [BIND 205-101] Performing variable lifetime analysis.
INFO: [BIND 205-101] Exploring resource sharing.
INFO: [BIND 205-101] Binding ...
INFO: [BIND 205-100] Finished micro-architecture generation.
INFO: [HLS 200-111] Finished Binding: CPU user time: 0 seconds. CPU system time: 1 seconds. Elapsed time: 0.12 seconds; current allocated memory: 3.152 GB.
INFO: [HLS 200-10] ----------------------------------------------------------------
INFO: [HLS 200-42] -- Implementing module 'run_dwconv_Pipeline_VITIS_LOOP_65_6_VITIS_LOOP_67_7' 
INFO: [HLS 200-10] ----------------------------------------------------------------
INFO: [SCHED 204-11] Starting scheduling ...
INFO: [SCHED 204-61] Pipelining loop 'VITIS_LOOP_65_6_VITIS_LOOP_67_7'.
INFO: [HLS 200-1470] Pipelining result : Target II = NA, Final II = 1, Depth = 4, loop 'VITIS_LOOP_65_6_VITIS_LOOP_67_7'
INFO: [SCHED 204-11] Finished scheduling.
INFO: [HLS 200-111] Finished Scheduling: CPU user time: 2 seconds. CPU system time: 0 seconds. Elapsed time: 1.593 seconds; current allocated memory: 3.187 GB.
INFO: [BIND 205-100] Starting micro-architecture generation ...
INFO: [BIND 205-101] Performing variable lifetime analysis.
INFO: [BIND 205-101] Exploring resource sharing.
INFO: [BIND 205-101] Binding ...
INFO: [BIND 205-100] Finished micro-architecture generation.
INFO: [HLS 200-111] Finished Binding: CPU user time: 1 seconds. CPU system time: 0 seconds. Elapsed time: 0.627 seconds; current allocated memory: 3.187 GB.
INFO: [HLS 200-10] ----------------------------------------------------------------
INFO: [HLS 200-42] -- Implementing module 'run_dwconv_Pipeline_VITIS_LOOP_89_8_VITIS_LOOP_90_9' 
INFO: [HLS 200-10] ----------------------------------------------------------------
INFO: [SCHED 204-11] Starting scheduling ...
INFO: [HLS 200-486] Changing DSP latency (root=acc_254) to 3 in order to utilize available DSP registers.
INFO: [SCHED 204-61] Pipelining loop 'VITIS_LOOP_89_8_VITIS_LOOP_90_9'.
INFO: [HLS 200-1470] Pipelining result : Target II = NA, Final II = 1, Depth = 7, loop 'VITIS_LOOP_89_8_VITIS_LOOP_90_9'
INFO: [SCHED 204-11] Finished scheduling.
INFO: [HLS 200-111] Finished Scheduling: CPU user time: 0 seconds. CPU system time: 0 seconds. Elapsed time: 0.805 seconds; current allocated memory: 3.187 GB.
INFO: [BIND 205-100] Starting micro-architecture generation ...
INFO: [BIND 205-101] Performing variable lifetime analysis.
INFO: [BIND 205-101] Exploring resource sharing.
INFO: [BIND 205-101] Binding ...
INFO: [BIND 205-100] Finished micro-architecture generation.
INFO: [HLS 200-111] Finished Binding: CPU user time: 0 seconds. CPU system time: 0 seconds. Elapsed time: 0.201 seconds; current allocated memory: 3.187 GB.
INFO: [HLS 200-10] ----------------------------------------------------------------
INFO: [HLS 200-42] -- Implementing module 'run_dwconv_Pipeline_VITIS_LOOP_89_8_VITIS_LOOP_90_964' 
INFO: [HLS 200-10] ----------------------------------------------------------------
INFO: [SCHED 204-11] Starting scheduling ...
INFO: [HLS 200-486] Changing DSP latency (root=acc) to 3 in order to utilize available DSP registers.
INFO: [SCHED 204-61] Pipelining loop 'VITIS_LOOP_89_8_VITIS_LOOP_90_9'.
INFO: [HLS 200-1470] Pipelining result : Target II = NA, Final II = 1, Depth = 8, loop 'VITIS_LOOP_89_8_VITIS_LOOP_90_9'
INFO: [SCHED 204-11] Finished scheduling.
INFO: [HLS 200-111] Finished Scheduling: CPU user time: 1 seconds. CPU system time: 0 seconds. Elapsed time: 0.409 seconds; current allocated memory: 3.187 GB.
INFO: [BIND 205-100] Starting micro-architecture generation ...
INFO: [BIND 205-101] Performing variable lifetime analysis.
INFO: [BIND 205-101] Exploring resource sharing.
INFO: [BIND 205-101] Binding ...
INFO: [BIND 205-100] Finished micro-architecture generation.
INFO: [HLS 200-111] Finished Binding: CPU user time: 0 seconds. CPU system time: 0 seconds. Elapsed time: 0.192 seconds; current allocated memory: 3.187 GB.
INFO: [HLS 200-10] ----------------------------------------------------------------
INFO: [HLS 200-42] -- Implementing module 'run_dwconv_Pipeline_VITIS_LOOP_89_8_VITIS_LOOP_90_965' 
INFO: [HLS 200-10] ----------------------------------------------------------------
INFO: [SCHED 204-11] Starting scheduling ...
INFO: [HLS 200-486] Changing DSP latency (root=acc_198) to 3 in order to utilize available DSP registers.
INFO: [SCHED 204-61] Pipelining loop 'VITIS_LOOP_89_8_VITIS_LOOP_90_9'.
INFO: [HLS 200-1470] Pipelining result : Target II = NA, Final II = 1, Depth = 8, loop 'VITIS_LOOP_89_8_VITIS_LOOP_90_9'
INFO: [SCHED 204-11] Finished scheduling.
INFO: [HLS 200-111] Finished Scheduling: CPU user time: 0 seconds. CPU system time: 0 seconds. Elapsed time: 0.41 seconds; current allocated memory: 3.193 GB.
INFO: [BIND 205-100] Starting micro-architecture generation ...
INFO: [BIND 205-101] Performing variable lifetime analysis.
INFO: [BIND 205-101] Exploring resource sharing.
INFO: [BIND 205-101] Binding ...
INFO: [BIND 205-100] Finished micro-architecture generation.
INFO: [HLS 200-111] Finished Binding: CPU user time: 0 seconds. CPU system time: 0 seconds. Elapsed time: 0.198 seconds; current allocated memory: 3.196 GB.
INFO: [HLS 200-10] ----------------------------------------------------------------
INFO: [HLS 200-42] -- Implementing module 'run_dwconv_Pipeline_VITIS_LOOP_89_8_VITIS_LOOP_90_966' 
INFO: [HLS 200-10] ----------------------------------------------------------------
INFO: [SCHED 204-11] Starting scheduling ...
INFO: [HLS 200-486] Changing DSP latency (root=acc_195) to 3 in order to utilize available DSP registers.
INFO: [SCHED 204-61] Pipelining loop 'VITIS_LOOP_89_8_VITIS_LOOP_90_9'.
INFO: [HLS 200-1470] Pipelining result : Target II = NA, Final II = 1, Depth = 8, loop 'VITIS_LOOP_89_8_VITIS_LOOP_90_9'
INFO: [SCHED 204-11] Finished scheduling.
INFO: [HLS 200-111] Finished Scheduling: CPU user time: 1 seconds. CPU system time: 0 seconds. Elapsed time: 0.413 seconds; current allocated memory: 3.204 GB.
INFO: [BIND 205-100] Starting micro-architecture generation ...
INFO: [BIND 205-101] Performing variable lifetime analysis.
INFO: [BIND 205-101] Exploring resource sharing.
INFO: [BIND 205-101] Binding ...
INFO: [BIND 205-100] Finished micro-architecture generation.
INFO: [HLS 200-111] Finished Binding: CPU user time: 0 seconds. CPU system time: 0 seconds. Elapsed time: 0.187 seconds; current allocated memory: 3.205 GB.
INFO: [HLS 200-10] ----------------------------------------------------------------
INFO: [HLS 200-42] -- Implementing module 'run_dwconv_Pipeline_VITIS_LOOP_89_8_VITIS_LOOP_90_967' 
INFO: [HLS 200-10] ----------------------------------------------------------------
INFO: [SCHED 204-11] Starting scheduling ...
INFO: [HLS 200-486] Changing DSP latency (root=acc_193) to 3 in order to utilize available DSP registers.
INFO: [SCHED 204-61] Pipelining loop 'VITIS_LOOP_89_8_VITIS_LOOP_90_9'.
INFO: [HLS 200-1470] Pipelining result : Target II = NA, Final II = 1, Depth = 8, loop 'VITIS_LOOP_89_8_VITIS_LOOP_90_9'
INFO: [SCHED 204-11] Finished scheduling.
INFO: [HLS 200-111] Finished Scheduling: CPU user time: 0 seconds. CPU system time: 0 seconds. Elapsed time: 0.408 seconds; current allocated memory: 3.213 GB.
INFO: [BIND 205-100] Starting micro-architecture generation ...
INFO: [BIND 205-101] Performing variable lifetime analysis.
INFO: [BIND 205-101] Exploring resource sharing.
INFO: [BIND 205-101] Binding ...
INFO: [BIND 205-100] Finished micro-architecture generation.
INFO: [HLS 200-111] Finished Binding: CPU user time: 0 seconds. CPU system time: 0 seconds. Elapsed time: 0.197 seconds; current allocated memory: 3.215 GB.
INFO: [HLS 200-10] ----------------------------------------------------------------
INFO: [HLS 200-42] -- Implementing module 'run_dwconv_Pipeline_VITIS_LOOP_89_8_VITIS_LOOP_90_968' 
INFO: [HLS 200-10] ----------------------------------------------------------------
INFO: [SCHED 204-11] Starting scheduling ...
INFO: [HLS 200-486] Changing DSP latency (root=acc_191) to 3 in order to utilize available DSP registers.
INFO: [SCHED 204-61] Pipelining loop 'VITIS_LOOP_89_8_VITIS_LOOP_90_9'.
INFO: [HLS 200-1470] Pipelining result : Target II = NA, Final II = 1, Depth = 8, loop 'VITIS_LOOP_89_8_VITIS_LOOP_90_9'
INFO: [SCHED 204-11] Finished scheduling.
INFO: [HLS 200-111] Finished Scheduling: CPU user time: 1 seconds. CPU system time: 0 seconds. Elapsed time: 0.42 seconds; current allocated memory: 3.224 GB.
INFO: [BIND 205-100] Starting micro-architecture generation ...
INFO: [BIND 205-101] Performing variable lifetime analysis.
INFO: [BIND 205-101] Exploring resource sharing.
INFO: [BIND 205-101] Binding ...
INFO: [BIND 205-100] Finished micro-architecture generation.
INFO: [HLS 200-111] Finished Binding: CPU user time: 0 seconds. CPU system time: 0 seconds. Elapsed time: 0.193 seconds; current allocated memory: 3.225 GB.
INFO: [HLS 200-10] ----------------------------------------------------------------
INFO: [HLS 200-42] -- Implementing module 'run_dwconv_Pipeline_VITIS_LOOP_89_8_VITIS_LOOP_90_969' 
INFO: [HLS 200-10] ----------------------------------------------------------------
INFO: [SCHED 204-11] Starting scheduling ...
INFO: [HLS 200-486] Changing DSP latency (root=acc_189) to 3 in order to utilize available DSP registers.
INFO: [SCHED 204-61] Pipelining loop 'VITIS_LOOP_89_8_VITIS_LOOP_90_9'.
INFO: [HLS 200-1470] Pipelining result : Target II = NA, Final II = 1, Depth = 8, loop 'VITIS_LOOP_89_8_VITIS_LOOP_90_9'
INFO: [SCHED 204-11] Finished scheduling.
INFO: [HLS 200-111] Finished Scheduling: CPU user time: 0 seconds. CPU system time: 0 seconds. Elapsed time: 0.421 seconds; current allocated memory: 3.233 GB.
INFO: [BIND 205-100] Starting micro-architecture generation ...
INFO: [BIND 205-101] Performing variable lifetime analysis.
INFO: [BIND 205-101] Exploring resource sharing.
INFO: [BIND 205-101] Binding ...
INFO: [BIND 205-100] Finished micro-architecture generation.
INFO: [HLS 200-111] Finished Binding: CPU user time: 0 seconds. CPU system time: 0 seconds. Elapsed time: 0.192 seconds; current allocated memory: 3.235 GB.
INFO: [HLS 200-10] ----------------------------------------------------------------
INFO: [HLS 200-42] -- Implementing module 'run_dwconv_Pipeline_VITIS_LOOP_89_8_VITIS_LOOP_90_970' 
INFO: [HLS 200-10] ----------------------------------------------------------------
INFO: [SCHED 204-11] Starting scheduling ...
INFO: [HLS 200-486] Changing DSP latency (root=acc_187) to 3 in order to utilize available DSP registers.
INFO: [SCHED 204-61] Pipelining loop 'VITIS_LOOP_89_8_VITIS_LOOP_90_9'.
INFO: [HLS 200-1470] Pipelining result : Target II = NA, Final II = 1, Depth = 8, loop 'VITIS_LOOP_89_8_VITIS_LOOP_90_9'
INFO: [SCHED 204-11] Finished scheduling.
INFO: [HLS 200-111] Finished Scheduling: CPU user time: 1 seconds. CPU system time: 0 seconds. Elapsed time: 0.411 seconds; current allocated memory: 3.243 GB.
INFO: [BIND 205-100] Starting micro-architecture generation ...
INFO: [BIND 205-101] Performing variable lifetime analysis.
INFO: [BIND 205-101] Exploring resource sharing.
INFO: [BIND 205-101] Binding ...
INFO: [BIND 205-100] Finished micro-architecture generation.
INFO: [HLS 200-111] Finished Binding: CPU user time: 0 seconds. CPU system time: 0 seconds. Elapsed time: 0.2 seconds; current allocated memory: 3.246 GB.
INFO: [HLS 200-10] ----------------------------------------------------------------
INFO: [HLS 200-42] -- Implementing module 'run_dwconv_Pipeline_VITIS_LOOP_89_8_VITIS_LOOP_90_971' 
INFO: [HLS 200-10] ----------------------------------------------------------------
INFO: [SCHED 204-11] Starting scheduling ...
INFO: [HLS 200-486] Changing DSP latency (root=acc_185) to 3 in order to utilize available DSP registers.
INFO: [SCHED 204-61] Pipelining loop 'VITIS_LOOP_89_8_VITIS_LOOP_90_9'.
INFO: [HLS 200-1470] Pipelining result : Target II = NA, Final II = 1, Depth = 7, loop 'VITIS_LOOP_89_8_VITIS_LOOP_90_9'
INFO: [SCHED 204-11] Finished scheduling.
INFO: [HLS 200-111] Finished Scheduling: CPU user time: 0 seconds. CPU system time: 0 seconds. Elapsed time: 0.403 seconds; current allocated memory: 3.253 GB.
INFO: [BIND 205-100] Starting micro-architecture generation ...
INFO: [BIND 205-101] Performing variable lifetime analysis.
INFO: [BIND 205-101] Exploring resource sharing.
INFO: [BIND 205-101] Binding ...
INFO: [BIND 205-100] Finished micro-architecture generation.
INFO: [HLS 200-111] Finished Binding: CPU user time: 0 seconds. CPU system time: 0 seconds. Elapsed time: 0.204 seconds; current allocated memory: 3.256 GB.
INFO: [HLS 200-10] ----------------------------------------------------------------
INFO: [HLS 200-42] -- Implementing module 'run_dwconv_Pipeline_VITIS_LOOP_89_8_VITIS_LOOP_90_972' 
INFO: [HLS 200-10] ----------------------------------------------------------------
INFO: [SCHED 204-11] Starting scheduling ...
INFO: [HLS 200-486] Changing DSP latency (root=acc_183) to 3 in order to utilize available DSP registers.
INFO: [SCHED 204-61] Pipelining loop 'VITIS_LOOP_89_8_VITIS_LOOP_90_9'.
INFO: [HLS 200-1470] Pipelining result : Target II = NA, Final II = 1, Depth = 8, loop 'VITIS_LOOP_89_8_VITIS_LOOP_90_9'
INFO: [SCHED 204-11] Finished scheduling.
INFO: [HLS 200-111] Finished Scheduling: CPU user time: 1 seconds. CPU system time: 0 seconds. Elapsed time: 0.419 seconds; current allocated memory: 3.264 GB.
INFO: [BIND 205-100] Starting micro-architecture generation ...
INFO: [BIND 205-101] Performing variable lifetime analysis.
INFO: [BIND 205-101] Exploring resource sharing.
INFO: [BIND 205-101] Binding ...
INFO: [BIND 205-100] Finished micro-architecture generation.
INFO: [HLS 200-111] Finished Binding: CPU user time: 0 seconds. CPU system time: 0 seconds. Elapsed time: 0.199 seconds; current allocated memory: 3.266 GB.
INFO: [HLS 200-10] ----------------------------------------------------------------
INFO: [HLS 200-42] -- Implementing module 'run_dwconv_Pipeline_VITIS_LOOP_89_8_VITIS_LOOP_90_973' 
INFO: [HLS 200-10] ----------------------------------------------------------------
INFO: [SCHED 204-11] Starting scheduling ...
INFO: [HLS 200-486] Changing DSP latency (root=acc_181) to 3 in order to utilize available DSP registers.
INFO: [SCHED 204-61] Pipelining loop 'VITIS_LOOP_89_8_VITIS_LOOP_90_9'.
INFO: [HLS 200-1470] Pipelining result : Target II = NA, Final II = 1, Depth = 8, loop 'VITIS_LOOP_89_8_VITIS_LOOP_90_9'
INFO: [SCHED 204-11] Finished scheduling.
INFO: [HLS 200-111] Finished Scheduling: CPU user time: 0 seconds. CPU system time: 0 seconds. Elapsed time: 0.428 seconds; current allocated memory: 3.274 GB.
INFO: [BIND 205-100] Starting micro-architecture generation ...
INFO: [BIND 205-101] Performing variable lifetime analysis.
INFO: [BIND 205-101] Exploring resource sharing.
INFO: [BIND 205-101] Binding ...
INFO: [BIND 205-100] Finished micro-architecture generation.
INFO: [HLS 200-111] Finished Binding: CPU user time: 0 seconds. CPU system time: 0 seconds. Elapsed time: 0.198 seconds; current allocated memory: 3.276 GB.
INFO: [HLS 200-10] ----------------------------------------------------------------
INFO: [HLS 200-42] -- Implementing module 'run_dwconv_Pipeline_VITIS_LOOP_89_8_VITIS_LOOP_90_974' 
INFO: [HLS 200-10] ----------------------------------------------------------------
INFO: [SCHED 204-11] Starting scheduling ...
INFO: [HLS 200-486] Changing DSP latency (root=acc_179) to 3 in order to utilize available DSP registers.
INFO: [SCHED 204-61] Pipelining loop 'VITIS_LOOP_89_8_VITIS_LOOP_90_9'.
INFO: [HLS 200-1470] Pipelining result : Target II = NA, Final II = 1, Depth = 8, loop 'VITIS_LOOP_89_8_VITIS_LOOP_90_9'
INFO: [SCHED 204-11] Finished scheduling.
INFO: [HLS 200-111] Finished Scheduling: CPU user time: 1 seconds. CPU system time: 0 seconds. Elapsed time: 0.413 seconds; current allocated memory: 3.284 GB.
INFO: [BIND 205-100] Starting micro-architecture generation ...
INFO: [BIND 205-101] Performing variable lifetime analysis.
INFO: [BIND 205-101] Exploring resource sharing.
INFO: [BIND 205-101] Binding ...
INFO: [BIND 205-100] Finished micro-architecture generation.
INFO: [HLS 200-111] Finished Binding: CPU user time: 0 seconds. CPU system time: 0 seconds. Elapsed time: 0.203 seconds; current allocated memory: 3.286 GB.
INFO: [HLS 200-10] ----------------------------------------------------------------
INFO: [HLS 200-42] -- Implementing module 'run_dwconv_Pipeline_VITIS_LOOP_89_8_VITIS_LOOP_90_975' 
INFO: [HLS 200-10] ----------------------------------------------------------------
INFO: [SCHED 204-11] Starting scheduling ...
INFO: [HLS 200-486] Changing DSP latency (root=acc_177) to 3 in order to utilize available DSP registers.
INFO: [SCHED 204-61] Pipelining loop 'VITIS_LOOP_89_8_VITIS_LOOP_90_9'.
INFO: [HLS 200-1470] Pipelining result : Target II = NA, Final II = 1, Depth = 8, loop 'VITIS_LOOP_89_8_VITIS_LOOP_90_9'
INFO: [SCHED 204-11] Finished scheduling.
INFO: [HLS 200-111] Finished Scheduling: CPU user time: 0 seconds. CPU system time: 0 seconds. Elapsed time: 0.41 seconds; current allocated memory: 3.294 GB.
INFO: [BIND 205-100] Starting micro-architecture generation ...
INFO: [BIND 205-101] Performing variable lifetime analysis.
INFO: [BIND 205-101] Exploring resource sharing.
INFO: [BIND 205-101] Binding ...
INFO: [BIND 205-100] Finished micro-architecture generation.
INFO: [HLS 200-111] Finished Binding: CPU user time: 1 seconds. CPU system time: 0 seconds. Elapsed time: 0.201 seconds; current allocated memory: 3.295 GB.
INFO: [HLS 200-10] ----------------------------------------------------------------
INFO: [HLS 200-42] -- Implementing module 'run_dwconv_Pipeline_VITIS_LOOP_89_8_VITIS_LOOP_90_976' 
INFO: [HLS 200-10] ----------------------------------------------------------------
INFO: [SCHED 204-11] Starting scheduling ...
INFO: [HLS 200-486] Changing DSP latency (root=acc_175) to 3 in order to utilize available DSP registers.
INFO: [SCHED 204-61] Pipelining loop 'VITIS_LOOP_89_8_VITIS_LOOP_90_9'.
INFO: [HLS 200-1470] Pipelining result : Target II = NA, Final II = 1, Depth = 8, loop 'VITIS_LOOP_89_8_VITIS_LOOP_90_9'
INFO: [SCHED 204-11] Finished scheduling.
INFO: [HLS 200-111] Finished Scheduling: CPU user time: 0 seconds. CPU system time: 0 seconds. Elapsed time: 0.412 seconds; current allocated memory: 3.303 GB.
INFO: [BIND 205-100] Starting micro-architecture generation ...
INFO: [BIND 205-101] Performing variable lifetime analysis.
INFO: [BIND 205-101] Exploring resource sharing.
INFO: [BIND 205-101] Binding ...
INFO: [BIND 205-100] Finished micro-architecture generation.
INFO: [HLS 200-111] Finished Binding: CPU user time: 0 seconds. CPU system time: 0 seconds. Elapsed time: 0.208 seconds; current allocated memory: 3.306 GB.
INFO: [HLS 200-10] ----------------------------------------------------------------
INFO: [HLS 200-42] -- Implementing module 'run_dwconv_Pipeline_VITIS_LOOP_89_8_VITIS_LOOP_90_977' 
INFO: [HLS 200-10] ----------------------------------------------------------------
INFO: [SCHED 204-11] Starting scheduling ...
INFO: [HLS 200-486] Changing DSP latency (root=acc_173) to 3 in order to utilize available DSP registers.
INFO: [SCHED 204-61] Pipelining loop 'VITIS_LOOP_89_8_VITIS_LOOP_90_9'.
INFO: [HLS 200-1470] Pipelining result : Target II = NA, Final II = 1, Depth = 8, loop 'VITIS_LOOP_89_8_VITIS_LOOP_90_9'
INFO: [SCHED 204-11] Finished scheduling.
INFO: [HLS 200-111] Finished Scheduling: CPU user time: 1 seconds. CPU system time: 0 seconds. Elapsed time: 0.415 seconds; current allocated memory: 3.315 GB.
INFO: [BIND 205-100] Starting micro-architecture generation ...
INFO: [BIND 205-101] Performing variable lifetime analysis.
INFO: [BIND 205-101] Exploring resource sharing.
INFO: [BIND 205-101] Binding ...
INFO: [BIND 205-100] Finished micro-architecture generation.
INFO: [HLS 200-111] Finished Binding: CPU user time: 0 seconds. CPU system time: 0 seconds. Elapsed time: 0.193 seconds; current allocated memory: 3.316 GB.
INFO: [HLS 200-10] ----------------------------------------------------------------
INFO: [HLS 200-42] -- Implementing module 'run_dwconv_Pipeline_VITIS_LOOP_89_8_VITIS_LOOP_90_978' 
INFO: [HLS 200-10] ----------------------------------------------------------------
INFO: [SCHED 204-11] Starting scheduling ...
INFO: [HLS 200-486] Changing DSP latency (root=acc_171) to 3 in order to utilize available DSP registers.
INFO: [SCHED 204-61] Pipelining loop 'VITIS_LOOP_89_8_VITIS_LOOP_90_9'.
INFO: [HLS 200-1470] Pipelining result : Target II = NA, Final II = 1, Depth = 8, loop 'VITIS_LOOP_89_8_VITIS_LOOP_90_9'
INFO: [SCHED 204-11] Finished scheduling.
INFO: [HLS 200-111] Finished Scheduling: CPU user time: 0 seconds. CPU system time: 0 seconds. Elapsed time: 0.419 seconds; current allocated memory: 3.325 GB.
INFO: [BIND 205-100] Starting micro-architecture generation ...
INFO: [BIND 205-101] Performing variable lifetime analysis.
INFO: [BIND 205-101] Exploring resource sharing.
INFO: [BIND 205-101] Binding ...
INFO: [BIND 205-100] Finished micro-architecture generation.
INFO: [HLS 200-111] Finished Binding: CPU user time: 0 seconds. CPU system time: 0 seconds. Elapsed time: 0.2 seconds; current allocated memory: 3.327 GB.
INFO: [HLS 200-10] ----------------------------------------------------------------
INFO: [HLS 200-42] -- Implementing module 'run_dwconv_Pipeline_VITIS_LOOP_89_8_VITIS_LOOP_90_979' 
INFO: [HLS 200-10] ----------------------------------------------------------------
INFO: [SCHED 204-11] Starting scheduling ...
INFO: [HLS 200-486] Changing DSP latency (root=acc_169) to 3 in order to utilize available DSP registers.
INFO: [SCHED 204-61] Pipelining loop 'VITIS_LOOP_89_8_VITIS_LOOP_90_9'.
INFO: [HLS 200-1470] Pipelining result : Target II = NA, Final II = 1, Depth = 7, loop 'VITIS_LOOP_89_8_VITIS_LOOP_90_9'
INFO: [SCHED 204-11] Finished scheduling.
INFO: [HLS 200-111] Finished Scheduling: CPU user time: 1 seconds. CPU system time: 1 seconds. Elapsed time: 0.41 seconds; current allocated memory: 3.335 GB.
INFO: [BIND 205-100] Starting micro-architecture generation ...
INFO: [BIND 205-101] Performing variable lifetime analysis.
INFO: [BIND 205-101] Exploring resource sharing.
INFO: [BIND 205-101] Binding ...
INFO: [BIND 205-100] Finished micro-architecture generation.
INFO: [HLS 200-111] Finished Binding: CPU user time: 0 seconds. CPU system time: 0 seconds. Elapsed time: 0.205 seconds; current allocated memory: 3.337 GB.
INFO: [HLS 200-10] ----------------------------------------------------------------
INFO: [HLS 200-42] -- Implementing module 'run_dwconv_Pipeline_VITIS_LOOP_89_8_VITIS_LOOP_90_980' 
INFO: [HLS 200-10] ----------------------------------------------------------------
INFO: [SCHED 204-11] Starting scheduling ...
INFO: [HLS 200-486] Changing DSP latency (root=acc_167) to 3 in order to utilize available DSP registers.
INFO: [SCHED 204-61] Pipelining loop 'VITIS_LOOP_89_8_VITIS_LOOP_90_9'.
INFO: [HLS 200-1470] Pipelining result : Target II = NA, Final II = 1, Depth = 8, loop 'VITIS_LOOP_89_8_VITIS_LOOP_90_9'
INFO: [SCHED 204-11] Finished scheduling.
INFO: [HLS 200-111] Finished Scheduling: CPU user time: 0 seconds. CPU system time: 0 seconds. Elapsed time: 0.422 seconds; current allocated memory: 3.345 GB.
INFO: [BIND 205-100] Starting micro-architecture generation ...
INFO: [BIND 205-101] Performing variable lifetime analysis.
INFO: [BIND 205-101] Exploring resource sharing.
INFO: [BIND 205-101] Binding ...
INFO: [BIND 205-100] Finished micro-architecture generation.
INFO: [HLS 200-111] Finished Binding: CPU user time: 0 seconds. CPU system time: 0 seconds. Elapsed time: 0.202 seconds; current allocated memory: 3.346 GB.
INFO: [HLS 200-10] ----------------------------------------------------------------
INFO: [HLS 200-42] -- Implementing module 'run_dwconv_Pipeline_VITIS_LOOP_89_8_VITIS_LOOP_90_981' 
INFO: [HLS 200-10] ----------------------------------------------------------------
INFO: [SCHED 204-11] Starting scheduling ...
INFO: [HLS 200-486] Changing DSP latency (root=acc_165) to 3 in order to utilize available DSP registers.
INFO: [SCHED 204-61] Pipelining loop 'VITIS_LOOP_89_8_VITIS_LOOP_90_9'.
INFO: [HLS 200-1470] Pipelining result : Target II = NA, Final II = 1, Depth = 8, loop 'VITIS_LOOP_89_8_VITIS_LOOP_90_9'
INFO: [SCHED 204-11] Finished scheduling.
INFO: [HLS 200-111] Finished Scheduling: CPU user time: 1 seconds. CPU system time: 0 seconds. Elapsed time: 0.423 seconds; current allocated memory: 3.355 GB.
INFO: [BIND 205-100] Starting micro-architecture generation ...
INFO: [BIND 205-101] Performing variable lifetime analysis.
INFO: [BIND 205-101] Exploring resource sharing.
INFO: [BIND 205-101] Binding ...
INFO: [BIND 205-100] Finished micro-architecture generation.
INFO: [HLS 200-111] Finished Binding: CPU user time: 0 seconds. CPU system time: 0 seconds. Elapsed time: 0.197 seconds; current allocated memory: 3.357 GB.
INFO: [HLS 200-10] ----------------------------------------------------------------
INFO: [HLS 200-42] -- Implementing module 'run_dwconv_Pipeline_VITIS_LOOP_89_8_VITIS_LOOP_90_982' 
INFO: [HLS 200-10] ----------------------------------------------------------------
INFO: [SCHED 204-11] Starting scheduling ...
INFO: [HLS 200-486] Changing DSP latency (root=acc_163) to 3 in order to utilize available DSP registers.
INFO: [SCHED 204-61] Pipelining loop 'VITIS_LOOP_89_8_VITIS_LOOP_90_9'.
INFO: [HLS 200-1470] Pipelining result : Target II = NA, Final II = 1, Depth = 8, loop 'VITIS_LOOP_89_8_VITIS_LOOP_90_9'
INFO: [SCHED 204-11] Finished scheduling.
INFO: [HLS 200-111] Finished Scheduling: CPU user time: 0 seconds. CPU system time: 0 seconds. Elapsed time: 0.415 seconds; current allocated memory: 3.365 GB.
INFO: [BIND 205-100] Starting micro-architecture generation ...
INFO: [BIND 205-101] Performing variable lifetime analysis.
INFO: [BIND 205-101] Exploring resource sharing.
INFO: [BIND 205-101] Binding ...
INFO: [BIND 205-100] Finished micro-architecture generation.
INFO: [HLS 200-111] Finished Binding: CPU user time: 0 seconds. CPU system time: 0 seconds. Elapsed time: 0.201 seconds; current allocated memory: 3.367 GB.
INFO: [HLS 200-10] ----------------------------------------------------------------
INFO: [HLS 200-42] -- Implementing module 'run_dwconv_Pipeline_VITIS_LOOP_89_8_VITIS_LOOP_90_983' 
INFO: [HLS 200-10] ----------------------------------------------------------------
INFO: [SCHED 204-11] Starting scheduling ...
INFO: [HLS 200-486] Changing DSP latency (root=acc_161) to 3 in order to utilize available DSP registers.
INFO: [SCHED 204-61] Pipelining loop 'VITIS_LOOP_89_8_VITIS_LOOP_90_9'.
INFO: [HLS 200-1470] Pipelining result : Target II = NA, Final II = 1, Depth = 8, loop 'VITIS_LOOP_89_8_VITIS_LOOP_90_9'
INFO: [SCHED 204-11] Finished scheduling.
INFO: [HLS 200-111] Finished Scheduling: CPU user time: 1 seconds. CPU system time: 0 seconds. Elapsed time: 0.418 seconds; current allocated memory: 3.375 GB.
INFO: [BIND 205-100] Starting micro-architecture generation ...
INFO: [BIND 205-101] Performing variable lifetime analysis.
INFO: [BIND 205-101] Exploring resource sharing.
INFO: [BIND 205-101] Binding ...
INFO: [BIND 205-100] Finished micro-architecture generation.
INFO: [HLS 200-111] Finished Binding: CPU user time: 0 seconds. CPU system time: 0 seconds. Elapsed time: 0.197 seconds; current allocated memory: 3.377 GB.
INFO: [HLS 200-10] ----------------------------------------------------------------
INFO: [HLS 200-42] -- Implementing module 'run_dwconv_Pipeline_VITIS_LOOP_89_8_VITIS_LOOP_90_984' 
INFO: [HLS 200-10] ----------------------------------------------------------------
INFO: [SCHED 204-11] Starting scheduling ...
INFO: [HLS 200-486] Changing DSP latency (root=acc_159) to 3 in order to utilize available DSP registers.
INFO: [SCHED 204-61] Pipelining loop 'VITIS_LOOP_89_8_VITIS_LOOP_90_9'.
INFO: [HLS 200-1470] Pipelining result : Target II = NA, Final II = 1, Depth = 8, loop 'VITIS_LOOP_89_8_VITIS_LOOP_90_9'
INFO: [SCHED 204-11] Finished scheduling.
INFO: [HLS 200-111] Finished Scheduling: CPU user time: 0 seconds. CPU system time: 0 seconds. Elapsed time: 0.432 seconds; current allocated memory: 3.386 GB.
INFO: [BIND 205-100] Starting micro-architecture generation ...
INFO: [BIND 205-101] Performing variable lifetime analysis.
INFO: [BIND 205-101] Exploring resource sharing.
INFO: [BIND 205-101] Binding ...
INFO: [BIND 205-100] Finished micro-architecture generation.
INFO: [HLS 200-111] Finished Binding: CPU user time: 1 seconds. CPU system time: 0 seconds. Elapsed time: 0.209 seconds; current allocated memory: 3.388 GB.
INFO: [HLS 200-10] ----------------------------------------------------------------
INFO: [HLS 200-42] -- Implementing module 'run_dwconv_Pipeline_VITIS_LOOP_89_8_VITIS_LOOP_90_985' 
INFO: [HLS 200-10] ----------------------------------------------------------------
INFO: [SCHED 204-11] Starting scheduling ...
INFO: [HLS 200-486] Changing DSP latency (root=acc_157) to 3 in order to utilize available DSP registers.
INFO: [SCHED 204-61] Pipelining loop 'VITIS_LOOP_89_8_VITIS_LOOP_90_9'.
INFO: [HLS 200-1470] Pipelining result : Target II = NA, Final II = 1, Depth = 8, loop 'VITIS_LOOP_89_8_VITIS_LOOP_90_9'
INFO: [SCHED 204-11] Finished scheduling.
INFO: [HLS 200-111] Finished Scheduling: CPU user time: 0 seconds. CPU system time: 0 seconds. Elapsed time: 0.416 seconds; current allocated memory: 3.396 GB.
INFO: [BIND 205-100] Starting micro-architecture generation ...
INFO: [BIND 205-101] Performing variable lifetime analysis.
INFO: [BIND 205-101] Exploring resource sharing.
INFO: [BIND 205-101] Binding ...
INFO: [BIND 205-100] Finished micro-architecture generation.
INFO: [HLS 200-111] Finished Binding: CPU user time: 0 seconds. CPU system time: 0 seconds. Elapsed time: 0.194 seconds; current allocated memory: 3.398 GB.
INFO: [HLS 200-10] ----------------------------------------------------------------
INFO: [HLS 200-42] -- Implementing module 'run_dwconv_Pipeline_VITIS_LOOP_89_8_VITIS_LOOP_90_986' 
INFO: [HLS 200-10] ----------------------------------------------------------------
INFO: [SCHED 204-11] Starting scheduling ...
INFO: [HLS 200-486] Changing DSP latency (root=acc_155) to 3 in order to utilize available DSP registers.
INFO: [SCHED 204-61] Pipelining loop 'VITIS_LOOP_89_8_VITIS_LOOP_90_9'.
INFO: [HLS 200-1470] Pipelining result : Target II = NA, Final II = 1, Depth = 8, loop 'VITIS_LOOP_89_8_VITIS_LOOP_90_9'
INFO: [SCHED 204-11] Finished scheduling.
INFO: [HLS 200-111] Finished Scheduling: CPU user time: 0 seconds. CPU system time: 0 seconds. Elapsed time: 0.412 seconds; current allocated memory: 3.406 GB.
INFO: [BIND 205-100] Starting micro-architecture generation ...
INFO: [BIND 205-101] Performing variable lifetime analysis.
INFO: [BIND 205-101] Exploring resource sharing.
INFO: [BIND 205-101] Binding ...
INFO: [BIND 205-100] Finished micro-architecture generation.
INFO: [HLS 200-111] Finished Binding: CPU user time: 1 seconds. CPU system time: 0 seconds. Elapsed time: 0.204 seconds; current allocated memory: 3.408 GB.
INFO: [HLS 200-10] ----------------------------------------------------------------
INFO: [HLS 200-42] -- Implementing module 'run_dwconv_Pipeline_VITIS_LOOP_89_8_VITIS_LOOP_90_987' 
INFO: [HLS 200-10] ----------------------------------------------------------------
INFO: [SCHED 204-11] Starting scheduling ...
INFO: [HLS 200-486] Changing DSP latency (root=acc_153) to 3 in order to utilize available DSP registers.
INFO: [SCHED 204-61] Pipelining loop 'VITIS_LOOP_89_8_VITIS_LOOP_90_9'.
INFO: [HLS 200-1470] Pipelining result : Target II = NA, Final II = 1, Depth = 7, loop 'VITIS_LOOP_89_8_VITIS_LOOP_90_9'
INFO: [SCHED 204-11] Finished scheduling.
INFO: [HLS 200-111] Finished Scheduling: CPU user time: 0 seconds. CPU system time: 0 seconds. Elapsed time: 0.415 seconds; current allocated memory: 3.416 GB.
INFO: [BIND 205-100] Starting micro-architecture generation ...
INFO: [BIND 205-101] Performing variable lifetime analysis.
INFO: [BIND 205-101] Exploring resource sharing.
INFO: [BIND 205-101] Binding ...
INFO: [BIND 205-100] Finished micro-architecture generation.
INFO: [HLS 200-111] Finished Binding: CPU user time: 0 seconds. CPU system time: 0 seconds. Elapsed time: 0.208 seconds; current allocated memory: 3.418 GB.
INFO: [HLS 200-10] ----------------------------------------------------------------
INFO: [HLS 200-42] -- Implementing module 'run_dwconv_Pipeline_VITIS_LOOP_89_8_VITIS_LOOP_90_988' 
INFO: [HLS 200-10] ----------------------------------------------------------------
INFO: [SCHED 204-11] Starting scheduling ...
INFO: [HLS 200-486] Changing DSP latency (root=acc_151) to 3 in order to utilize available DSP registers.
INFO: [SCHED 204-61] Pipelining loop 'VITIS_LOOP_89_8_VITIS_LOOP_90_9'.
INFO: [HLS 200-1470] Pipelining result : Target II = NA, Final II = 1, Depth = 8, loop 'VITIS_LOOP_89_8_VITIS_LOOP_90_9'
INFO: [SCHED 204-11] Finished scheduling.
INFO: [HLS 200-111] Finished Scheduling: CPU user time: 1 seconds. CPU system time: 0 seconds. Elapsed time: 0.426 seconds; current allocated memory: 3.427 GB.
INFO: [BIND 205-100] Starting micro-architecture generation ...
INFO: [BIND 205-101] Performing variable lifetime analysis.
INFO: [BIND 205-101] Exploring resource sharing.
INFO: [BIND 205-101] Binding ...
INFO: [BIND 205-100] Finished micro-architecture generation.
INFO: [HLS 200-111] Finished Binding: CPU user time: 0 seconds. CPU system time: 0 seconds. Elapsed time: 0.212 seconds; current allocated memory: 3.428 GB.
INFO: [HLS 200-10] ----------------------------------------------------------------
INFO: [HLS 200-42] -- Implementing module 'run_dwconv_Pipeline_VITIS_LOOP_89_8_VITIS_LOOP_90_989' 
INFO: [HLS 200-10] ----------------------------------------------------------------
INFO: [SCHED 204-11] Starting scheduling ...
INFO: [HLS 200-486] Changing DSP latency (root=acc_149) to 3 in order to utilize available DSP registers.
INFO: [SCHED 204-61] Pipelining loop 'VITIS_LOOP_89_8_VITIS_LOOP_90_9'.
INFO: [HLS 200-1470] Pipelining result : Target II = NA, Final II = 1, Depth = 8, loop 'VITIS_LOOP_89_8_VITIS_LOOP_90_9'
INFO: [SCHED 204-11] Finished scheduling.
INFO: [HLS 200-111] Finished Scheduling: CPU user time: 0 seconds. CPU system time: 0 seconds. Elapsed time: 0.418 seconds; current allocated memory: 3.436 GB.
INFO: [BIND 205-100] Starting micro-architecture generation ...
INFO: [BIND 205-101] Performing variable lifetime analysis.
INFO: [BIND 205-101] Exploring resource sharing.
INFO: [BIND 205-101] Binding ...
INFO: [BIND 205-100] Finished micro-architecture generation.
INFO: [HLS 200-111] Finished Binding: CPU user time: 0 seconds. CPU system time: 0 seconds. Elapsed time: 0.206 seconds; current allocated memory: 3.438 GB.
INFO: [HLS 200-10] ----------------------------------------------------------------
INFO: [HLS 200-42] -- Implementing module 'run_dwconv_Pipeline_VITIS_LOOP_89_8_VITIS_LOOP_90_990' 
INFO: [HLS 200-10] ----------------------------------------------------------------
INFO: [SCHED 204-11] Starting scheduling ...
INFO: [HLS 200-486] Changing DSP latency (root=acc_147) to 3 in order to utilize available DSP registers.
INFO: [SCHED 204-61] Pipelining loop 'VITIS_LOOP_89_8_VITIS_LOOP_90_9'.
INFO: [HLS 200-1470] Pipelining result : Target II = NA, Final II = 1, Depth = 8, loop 'VITIS_LOOP_89_8_VITIS_LOOP_90_9'
INFO: [SCHED 204-11] Finished scheduling.
INFO: [HLS 200-111] Finished Scheduling: CPU user time: 1 seconds. CPU system time: 0 seconds. Elapsed time: 0.417 seconds; current allocated memory: 3.447 GB.
INFO: [BIND 205-100] Starting micro-architecture generation ...
INFO: [BIND 205-101] Performing variable lifetime analysis.
INFO: [BIND 205-101] Exploring resource sharing.
INFO: [BIND 205-101] Binding ...
INFO: [BIND 205-100] Finished micro-architecture generation.
INFO: [HLS 200-111] Finished Binding: CPU user time: 0 seconds. CPU system time: 0 seconds. Elapsed time: 0.206 seconds; current allocated memory: 3.448 GB.
INFO: [HLS 200-10] ----------------------------------------------------------------
INFO: [HLS 200-42] -- Implementing module 'run_dwconv_Pipeline_VITIS_LOOP_89_8_VITIS_LOOP_90_991' 
INFO: [HLS 200-10] ----------------------------------------------------------------
INFO: [SCHED 204-11] Starting scheduling ...
INFO: [HLS 200-486] Changing DSP latency (root=acc_145) to 3 in order to utilize available DSP registers.
INFO: [SCHED 204-61] Pipelining loop 'VITIS_LOOP_89_8_VITIS_LOOP_90_9'.
INFO: [HLS 200-1470] Pipelining result : Target II = NA, Final II = 1, Depth = 8, loop 'VITIS_LOOP_89_8_VITIS_LOOP_90_9'
INFO: [SCHED 204-11] Finished scheduling.
INFO: [HLS 200-111] Finished Scheduling: CPU user time: 0 seconds. CPU system time: 0 seconds. Elapsed time: 0.418 seconds; current allocated memory: 3.457 GB.
INFO: [BIND 205-100] Starting micro-architecture generation ...
INFO: [BIND 205-101] Performing variable lifetime analysis.
INFO: [BIND 205-101] Exploring resource sharing.
INFO: [BIND 205-101] Binding ...
INFO: [BIND 205-100] Finished micro-architecture generation.
INFO: [HLS 200-111] Finished Binding: CPU user time: 0 seconds. CPU system time: 0 seconds. Elapsed time: 0.211 seconds; current allocated memory: 3.459 GB.
INFO: [HLS 200-10] ----------------------------------------------------------------
INFO: [HLS 200-42] -- Implementing module 'run_dwconv_Pipeline_VITIS_LOOP_89_8_VITIS_LOOP_90_992' 
INFO: [HLS 200-10] ----------------------------------------------------------------
INFO: [SCHED 204-11] Starting scheduling ...
INFO: [HLS 200-486] Changing DSP latency (root=acc_143) to 3 in order to utilize available DSP registers.
INFO: [SCHED 204-61] Pipelining loop 'VITIS_LOOP_89_8_VITIS_LOOP_90_9'.
INFO: [HLS 200-1470] Pipelining result : Target II = NA, Final II = 1, Depth = 8, loop 'VITIS_LOOP_89_8_VITIS_LOOP_90_9'
INFO: [SCHED 204-11] Finished scheduling.
INFO: [HLS 200-111] Finished Scheduling: CPU user time: 1 seconds. CPU system time: 0 seconds. Elapsed time: 0.422 seconds; current allocated memory: 3.468 GB.
INFO: [BIND 205-100] Starting micro-architecture generation ...
INFO: [BIND 205-101] Performing variable lifetime analysis.
INFO: [BIND 205-101] Exploring resource sharing.
INFO: [BIND 205-101] Binding ...
INFO: [BIND 205-100] Finished micro-architecture generation.
INFO: [HLS 200-111] Finished Binding: CPU user time: 0 seconds. CPU system time: 0 seconds. Elapsed time: 0.207 seconds; current allocated memory: 3.469 GB.
INFO: [HLS 200-10] ----------------------------------------------------------------
INFO: [HLS 200-42] -- Implementing module 'run_dwconv_Pipeline_VITIS_LOOP_89_8_VITIS_LOOP_90_993' 
INFO: [HLS 200-10] ----------------------------------------------------------------
INFO: [SCHED 204-11] Starting scheduling ...
INFO: [HLS 200-486] Changing DSP latency (root=acc_141) to 3 in order to utilize available DSP registers.
INFO: [SCHED 204-61] Pipelining loop 'VITIS_LOOP_89_8_VITIS_LOOP_90_9'.
INFO: [HLS 200-1470] Pipelining result : Target II = NA, Final II = 1, Depth = 8, loop 'VITIS_LOOP_89_8_VITIS_LOOP_90_9'
INFO: [SCHED 204-11] Finished scheduling.
INFO: [HLS 200-111] Finished Scheduling: CPU user time: 0 seconds. CPU system time: 0 seconds. Elapsed time: 0.443 seconds; current allocated memory: 3.478 GB.
INFO: [BIND 205-100] Starting micro-architecture generation ...
INFO: [BIND 205-101] Performing variable lifetime analysis.
INFO: [BIND 205-101] Exploring resource sharing.
INFO: [BIND 205-101] Binding ...
INFO: [BIND 205-100] Finished micro-architecture generation.
INFO: [HLS 200-111] Finished Binding: CPU user time: 1 seconds. CPU system time: 0 seconds. Elapsed time: 0.208 seconds; current allocated memory: 3.479 GB.
INFO: [HLS 200-10] ----------------------------------------------------------------
INFO: [HLS 200-42] -- Implementing module 'run_dwconv_Pipeline_VITIS_LOOP_89_8_VITIS_LOOP_90_994' 
INFO: [HLS 200-10] ----------------------------------------------------------------
INFO: [SCHED 204-11] Starting scheduling ...
INFO: [HLS 200-486] Changing DSP latency (root=acc_139) to 3 in order to utilize available DSP registers.
INFO: [SCHED 204-61] Pipelining loop 'VITIS_LOOP_89_8_VITIS_LOOP_90_9'.
INFO: [HLS 200-1470] Pipelining result : Target II = NA, Final II = 1, Depth = 8, loop 'VITIS_LOOP_89_8_VITIS_LOOP_90_9'
INFO: [SCHED 204-11] Finished scheduling.
INFO: [HLS 200-111] Finished Scheduling: CPU user time: 0 seconds. CPU system time: 0 seconds. Elapsed time: 0.42 seconds; current allocated memory: 3.488 GB.
INFO: [BIND 205-100] Starting micro-architecture generation ...
INFO: [BIND 205-101] Performing variable lifetime analysis.
INFO: [BIND 205-101] Exploring resource sharing.
INFO: [BIND 205-101] Binding ...
INFO: [BIND 205-100] Finished micro-architecture generation.
INFO: [HLS 200-111] Finished Binding: CPU user time: 0 seconds. CPU system time: 0 seconds. Elapsed time: 0.21 seconds; current allocated memory: 3.490 GB.
INFO: [HLS 200-10] ----------------------------------------------------------------
INFO: [HLS 200-42] -- Implementing module 'run_dwconv_Pipeline_VITIS_LOOP_89_8_VITIS_LOOP_90_995' 
INFO: [HLS 200-10] ----------------------------------------------------------------
INFO: [SCHED 204-11] Starting scheduling ...
INFO: [HLS 200-486] Changing DSP latency (root=acc_137) to 3 in order to utilize available DSP registers.
INFO: [SCHED 204-61] Pipelining loop 'VITIS_LOOP_89_8_VITIS_LOOP_90_9'.
INFO: [HLS 200-1470] Pipelining result : Target II = NA, Final II = 1, Depth = 7, loop 'VITIS_LOOP_89_8_VITIS_LOOP_90_9'
INFO: [SCHED 204-11] Finished scheduling.
INFO: [HLS 200-111] Finished Scheduling: CPU user time: 0 seconds. CPU system time: 0 seconds. Elapsed time: 0.419 seconds; current allocated memory: 3.498 GB.
INFO: [BIND 205-100] Starting micro-architecture generation ...
INFO: [BIND 205-101] Performing variable lifetime analysis.
INFO: [BIND 205-101] Exploring resource sharing.
INFO: [BIND 205-101] Binding ...
INFO: [BIND 205-100] Finished micro-architecture generation.
INFO: [HLS 200-111] Finished Binding: CPU user time: 1 seconds. CPU system time: 0 seconds. Elapsed time: 0.214 seconds; current allocated memory: 3.500 GB.
INFO: [HLS 200-10] ----------------------------------------------------------------
INFO: [HLS 200-42] -- Implementing module 'run_dwconv_Pipeline_VITIS_LOOP_89_8_VITIS_LOOP_90_996' 
INFO: [HLS 200-10] ----------------------------------------------------------------
INFO: [SCHED 204-11] Starting scheduling ...
INFO: [HLS 200-486] Changing DSP latency (root=acc_135) to 3 in order to utilize available DSP registers.
INFO: [SCHED 204-61] Pipelining loop 'VITIS_LOOP_89_8_VITIS_LOOP_90_9'.
INFO: [HLS 200-1470] Pipelining result : Target II = NA, Final II = 1, Depth = 8, loop 'VITIS_LOOP_89_8_VITIS_LOOP_90_9'
INFO: [SCHED 204-11] Finished scheduling.
INFO: [HLS 200-111] Finished Scheduling: CPU user time: 0 seconds. CPU system time: 0 seconds. Elapsed time: 0.422 seconds; current allocated memory: 3.508 GB.
INFO: [BIND 205-100] Starting micro-architecture generation ...
INFO: [BIND 205-101] Performing variable lifetime analysis.
INFO: [BIND 205-101] Exploring resource sharing.
INFO: [BIND 205-101] Binding ...
INFO: [BIND 205-100] Finished micro-architecture generation.
INFO: [HLS 200-111] Finished Binding: CPU user time: 0 seconds. CPU system time: 0 seconds. Elapsed time: 0.21 seconds; current allocated memory: 3.510 GB.
INFO: [HLS 200-10] ----------------------------------------------------------------
INFO: [HLS 200-42] -- Implementing module 'run_dwconv_Pipeline_VITIS_LOOP_89_8_VITIS_LOOP_90_997' 
INFO: [HLS 200-10] ----------------------------------------------------------------
INFO: [SCHED 204-11] Starting scheduling ...
INFO: [HLS 200-486] Changing DSP latency (root=acc_133) to 3 in order to utilize available DSP registers.
INFO: [SCHED 204-61] Pipelining loop 'VITIS_LOOP_89_8_VITIS_LOOP_90_9'.
INFO: [HLS 200-1470] Pipelining result : Target II = NA, Final II = 1, Depth = 8, loop 'VITIS_LOOP_89_8_VITIS_LOOP_90_9'
INFO: [SCHED 204-11] Finished scheduling.
INFO: [HLS 200-111] Finished Scheduling: CPU user time: 1 seconds. CPU system time: 0 seconds. Elapsed time: 0.427 seconds; current allocated memory: 3.519 GB.
INFO: [BIND 205-100] Starting micro-architecture generation ...
INFO: [BIND 205-101] Performing variable lifetime analysis.
INFO: [BIND 205-101] Exploring resource sharing.
INFO: [BIND 205-101] Binding ...
INFO: [BIND 205-100] Finished micro-architecture generation.
INFO: [HLS 200-111] Finished Binding: CPU user time: 0 seconds. CPU system time: 0 seconds. Elapsed time: 0.215 seconds; current allocated memory: 3.521 GB.
INFO: [HLS 200-10] ----------------------------------------------------------------
INFO: [HLS 200-42] -- Implementing module 'run_dwconv_Pipeline_VITIS_LOOP_89_8_VITIS_LOOP_90_998' 
INFO: [HLS 200-10] ----------------------------------------------------------------
INFO: [SCHED 204-11] Starting scheduling ...
INFO: [HLS 200-486] Changing DSP latency (root=acc_131) to 3 in order to utilize available DSP registers.
INFO: [SCHED 204-61] Pipelining loop 'VITIS_LOOP_89_8_VITIS_LOOP_90_9'.
INFO: [HLS 200-1470] Pipelining result : Target II = NA, Final II = 1, Depth = 8, loop 'VITIS_LOOP_89_8_VITIS_LOOP_90_9'
INFO: [SCHED 204-11] Finished scheduling.
INFO: [HLS 200-111] Finished Scheduling: CPU user time: 0 seconds. CPU system time: 0 seconds. Elapsed time: 0.442 seconds; current allocated memory: 3.529 GB.
INFO: [BIND 205-100] Starting micro-architecture generation ...
INFO: [BIND 205-101] Performing variable lifetime analysis.
INFO: [BIND 205-101] Exploring resource sharing.
INFO: [BIND 205-101] Binding ...
INFO: [BIND 205-100] Finished micro-architecture generation.
INFO: [HLS 200-111] Finished Binding: CPU user time: 0 seconds. CPU system time: 0 seconds. Elapsed time: 0.213 seconds; current allocated memory: 3.531 GB.
INFO: [HLS 200-10] ----------------------------------------------------------------
INFO: [HLS 200-42] -- Implementing module 'run_dwconv_Pipeline_VITIS_LOOP_89_8_VITIS_LOOP_90_999' 
INFO: [HLS 200-10] ----------------------------------------------------------------
INFO: [SCHED 204-11] Starting scheduling ...
INFO: [HLS 200-486] Changing DSP latency (root=acc_129) to 3 in order to utilize available DSP registers.
INFO: [SCHED 204-61] Pipelining loop 'VITIS_LOOP_89_8_VITIS_LOOP_90_9'.
INFO: [HLS 200-1470] Pipelining result : Target II = NA, Final II = 1, Depth = 8, loop 'VITIS_LOOP_89_8_VITIS_LOOP_90_9'
INFO: [SCHED 204-11] Finished scheduling.
INFO: [HLS 200-111] Finished Scheduling: CPU user time: 1 seconds. CPU system time: 0 seconds. Elapsed time: 0.441 seconds; current allocated memory: 3.539 GB.
INFO: [BIND 205-100] Starting micro-architecture generation ...
INFO: [BIND 205-101] Performing variable lifetime analysis.
INFO: [BIND 205-101] Exploring resource sharing.
INFO: [BIND 205-101] Binding ...
INFO: [BIND 205-100] Finished micro-architecture generation.
INFO: [HLS 200-111] Finished Binding: CPU user time: 0 seconds. CPU system time: 0 seconds. Elapsed time: 0.214 seconds; current allocated memory: 3.540 GB.
INFO: [HLS 200-10] ----------------------------------------------------------------
INFO: [HLS 200-42] -- Implementing module 'run_dwconv_Pipeline_VITIS_LOOP_89_8_VITIS_LOOP_90_9100' 
INFO: [HLS 200-10] ----------------------------------------------------------------
INFO: [SCHED 204-11] Starting scheduling ...
INFO: [HLS 200-486] Changing DSP latency (root=acc_252) to 3 in order to utilize available DSP registers.
INFO: [SCHED 204-61] Pipelining loop 'VITIS_LOOP_89_8_VITIS_LOOP_90_9'.
INFO: [HLS 200-1470] Pipelining result : Target II = NA, Final II = 1, Depth = 8, loop 'VITIS_LOOP_89_8_VITIS_LOOP_90_9'
INFO: [SCHED 204-11] Finished scheduling.
INFO: [HLS 200-111] Finished Scheduling: CPU user time: 0 seconds. CPU system time: 0 seconds. Elapsed time: 0.432 seconds; current allocated memory: 3.549 GB.
INFO: [BIND 205-100] Starting micro-architecture generation ...
INFO: [BIND 205-101] Performing variable lifetime analysis.
INFO: [BIND 205-101] Exploring resource sharing.
INFO: [BIND 205-101] Binding ...
INFO: [BIND 205-100] Finished micro-architecture generation.
INFO: [HLS 200-111] Finished Binding: CPU user time: 1 seconds. CPU system time: 0 seconds. Elapsed time: 0.215 seconds; current allocated memory: 3.551 GB.
INFO: [HLS 200-10] ----------------------------------------------------------------
INFO: [HLS 200-42] -- Implementing module 'run_dwconv_Pipeline_VITIS_LOOP_89_8_VITIS_LOOP_90_9101' 
INFO: [HLS 200-10] ----------------------------------------------------------------
INFO: [SCHED 204-11] Starting scheduling ...
INFO: [HLS 200-486] Changing DSP latency (root=acc_250) to 3 in order to utilize available DSP registers.
INFO: [SCHED 204-61] Pipelining loop 'VITIS_LOOP_89_8_VITIS_LOOP_90_9'.
INFO: [HLS 200-1470] Pipelining result : Target II = NA, Final II = 1, Depth = 8, loop 'VITIS_LOOP_89_8_VITIS_LOOP_90_9'
INFO: [SCHED 204-11] Finished scheduling.
INFO: [HLS 200-111] Finished Scheduling: CPU user time: 0 seconds. CPU system time: 0 seconds. Elapsed time: 0.437 seconds; current allocated memory: 3.560 GB.
INFO: [BIND 205-100] Starting micro-architecture generation ...
INFO: [BIND 205-101] Performing variable lifetime analysis.
INFO: [BIND 205-101] Exploring resource sharing.
INFO: [BIND 205-101] Binding ...
INFO: [BIND 205-100] Finished micro-architecture generation.
INFO: [HLS 200-111] Finished Binding: CPU user time: 0 seconds. CPU system time: 0 seconds. Elapsed time: 0.206 seconds; current allocated memory: 3.561 GB.
INFO: [HLS 200-10] ----------------------------------------------------------------
INFO: [HLS 200-42] -- Implementing module 'run_dwconv_Pipeline_VITIS_LOOP_89_8_VITIS_LOOP_90_9102' 
INFO: [HLS 200-10] ----------------------------------------------------------------
INFO: [SCHED 204-11] Starting scheduling ...
INFO: [HLS 200-486] Changing DSP latency (root=acc_248) to 3 in order to utilize available DSP registers.
INFO: [SCHED 204-61] Pipelining loop 'VITIS_LOOP_89_8_VITIS_LOOP_90_9'.
INFO: [HLS 200-1470] Pipelining result : Target II = NA, Final II = 1, Depth = 8, loop 'VITIS_LOOP_89_8_VITIS_LOOP_90_9'
INFO: [SCHED 204-11] Finished scheduling.
INFO: [HLS 200-111] Finished Scheduling: CPU user time: 0 seconds. CPU system time: 1 seconds. Elapsed time: 0.428 seconds; current allocated memory: 3.569 GB.
INFO: [BIND 205-100] Starting micro-architecture generation ...
INFO: [BIND 205-101] Performing variable lifetime analysis.
INFO: [BIND 205-101] Exploring resource sharing.
INFO: [BIND 205-101] Binding ...
INFO: [BIND 205-100] Finished micro-architecture generation.
INFO: [HLS 200-111] Finished Binding: CPU user time: 1 seconds. CPU system time: 0 seconds. Elapsed time: 0.214 seconds; current allocated memory: 3.571 GB.
INFO: [HLS 200-10] ----------------------------------------------------------------
INFO: [HLS 200-42] -- Implementing module 'run_dwconv_Pipeline_VITIS_LOOP_89_8_VITIS_LOOP_90_9103' 
INFO: [HLS 200-10] ----------------------------------------------------------------
INFO: [SCHED 204-11] Starting scheduling ...
INFO: [HLS 200-486] Changing DSP latency (root=acc_246) to 3 in order to utilize available DSP registers.
INFO: [SCHED 204-61] Pipelining loop 'VITIS_LOOP_89_8_VITIS_LOOP_90_9'.
INFO: [HLS 200-1470] Pipelining result : Target II = NA, Final II = 1, Depth = 7, loop 'VITIS_LOOP_89_8_VITIS_LOOP_90_9'
INFO: [SCHED 204-11] Finished scheduling.
INFO: [HLS 200-111] Finished Scheduling: CPU user time: 0 seconds. CPU system time: 0 seconds. Elapsed time: 0.438 seconds; current allocated memory: 3.580 GB.
INFO: [BIND 205-100] Starting micro-architecture generation ...
INFO: [BIND 205-101] Performing variable lifetime analysis.
INFO: [BIND 205-101] Exploring resource sharing.
INFO: [BIND 205-101] Binding ...
INFO: [BIND 205-100] Finished micro-architecture generation.
INFO: [HLS 200-111] Finished Binding: CPU user time: 0 seconds. CPU system time: 0 seconds. Elapsed time: 0.218 seconds; current allocated memory: 3.582 GB.
INFO: [HLS 200-10] ----------------------------------------------------------------
INFO: [HLS 200-42] -- Implementing module 'run_dwconv_Pipeline_VITIS_LOOP_89_8_VITIS_LOOP_90_9104' 
INFO: [HLS 200-10] ----------------------------------------------------------------
INFO: [SCHED 204-11] Starting scheduling ...
INFO: [HLS 200-486] Changing DSP latency (root=acc_244) to 3 in order to utilize available DSP registers.
INFO: [SCHED 204-61] Pipelining loop 'VITIS_LOOP_89_8_VITIS_LOOP_90_9'.
INFO: [HLS 200-1470] Pipelining result : Target II = NA, Final II = 1, Depth = 8, loop 'VITIS_LOOP_89_8_VITIS_LOOP_90_9'
INFO: [SCHED 204-11] Finished scheduling.
INFO: [HLS 200-111] Finished Scheduling: CPU user time: 0 seconds. CPU system time: 0 seconds. Elapsed time: 0.431 seconds; current allocated memory: 3.591 GB.
INFO: [BIND 205-100] Starting micro-architecture generation ...
INFO: [BIND 205-101] Performing variable lifetime analysis.
INFO: [BIND 205-101] Exploring resource sharing.
INFO: [BIND 205-101] Binding ...
INFO: [BIND 205-100] Finished micro-architecture generation.
INFO: [HLS 200-111] Finished Binding: CPU user time: 1 seconds. CPU system time: 0 seconds. Elapsed time: 0.216 seconds; current allocated memory: 3.592 GB.
INFO: [HLS 200-10] ----------------------------------------------------------------
INFO: [HLS 200-42] -- Implementing module 'run_dwconv_Pipeline_VITIS_LOOP_89_8_VITIS_LOOP_90_9105' 
INFO: [HLS 200-10] ----------------------------------------------------------------
INFO: [SCHED 204-11] Starting scheduling ...
INFO: [HLS 200-486] Changing DSP latency (root=acc_242) to 3 in order to utilize available DSP registers.
INFO: [SCHED 204-61] Pipelining loop 'VITIS_LOOP_89_8_VITIS_LOOP_90_9'.
INFO: [HLS 200-1470] Pipelining result : Target II = NA, Final II = 1, Depth = 8, loop 'VITIS_LOOP_89_8_VITIS_LOOP_90_9'
INFO: [SCHED 204-11] Finished scheduling.
INFO: [HLS 200-111] Finished Scheduling: CPU user time: 0 seconds. CPU system time: 0 seconds. Elapsed time: 0.429 seconds; current allocated memory: 3.600 GB.
INFO: [BIND 205-100] Starting micro-architecture generation ...
INFO: [BIND 205-101] Performing variable lifetime analysis.
INFO: [BIND 205-101] Exploring resource sharing.
INFO: [BIND 205-101] Binding ...
INFO: [BIND 205-100] Finished micro-architecture generation.
INFO: [HLS 200-111] Finished Binding: CPU user time: 0 seconds. CPU system time: 0 seconds. Elapsed time: 0.216 seconds; current allocated memory: 3.602 GB.
INFO: [HLS 200-10] ----------------------------------------------------------------
INFO: [HLS 200-42] -- Implementing module 'run_dwconv_Pipeline_VITIS_LOOP_89_8_VITIS_LOOP_90_9106' 
INFO: [HLS 200-10] ----------------------------------------------------------------
INFO: [SCHED 204-11] Starting scheduling ...
INFO: [HLS 200-486] Changing DSP latency (root=acc_240) to 3 in order to utilize available DSP registers.
INFO: [SCHED 204-61] Pipelining loop 'VITIS_LOOP_89_8_VITIS_LOOP_90_9'.
INFO: [HLS 200-1470] Pipelining result : Target II = NA, Final II = 1, Depth = 8, loop 'VITIS_LOOP_89_8_VITIS_LOOP_90_9'
INFO: [SCHED 204-11] Finished scheduling.
INFO: [HLS 200-111] Finished Scheduling: CPU user time: 1 seconds. CPU system time: 0 seconds. Elapsed time: 0.448 seconds; current allocated memory: 3.611 GB.
INFO: [BIND 205-100] Starting micro-architecture generation ...
INFO: [BIND 205-101] Performing variable lifetime analysis.
INFO: [BIND 205-101] Exploring resource sharing.
INFO: [BIND 205-101] Binding ...
INFO: [BIND 205-100] Finished micro-architecture generation.
INFO: [HLS 200-111] Finished Binding: CPU user time: 0 seconds. CPU system time: 0 seconds. Elapsed time: 0.209 seconds; current allocated memory: 3.612 GB.
INFO: [HLS 200-10] ----------------------------------------------------------------
INFO: [HLS 200-42] -- Implementing module 'run_dwconv_Pipeline_VITIS_LOOP_89_8_VITIS_LOOP_90_9107' 
INFO: [HLS 200-10] ----------------------------------------------------------------
INFO: [SCHED 204-11] Starting scheduling ...
INFO: [HLS 200-486] Changing DSP latency (root=acc_238) to 3 in order to utilize available DSP registers.
INFO: [SCHED 204-61] Pipelining loop 'VITIS_LOOP_89_8_VITIS_LOOP_90_9'.
INFO: [HLS 200-1470] Pipelining result : Target II = NA, Final II = 1, Depth = 8, loop 'VITIS_LOOP_89_8_VITIS_LOOP_90_9'
INFO: [SCHED 204-11] Finished scheduling.
INFO: [HLS 200-111] Finished Scheduling: CPU user time: 0 seconds. CPU system time: 0 seconds. Elapsed time: 0.451 seconds; current allocated memory: 3.620 GB.
INFO: [BIND 205-100] Starting micro-architecture generation ...
INFO: [BIND 205-101] Performing variable lifetime analysis.
INFO: [BIND 205-101] Exploring resource sharing.
INFO: [BIND 205-101] Binding ...
INFO: [BIND 205-100] Finished micro-architecture generation.
INFO: [HLS 200-111] Finished Binding: CPU user time: 1 seconds. CPU system time: 0 seconds. Elapsed time: 0.213 seconds; current allocated memory: 3.622 GB.
INFO: [HLS 200-10] ----------------------------------------------------------------
INFO: [HLS 200-42] -- Implementing module 'run_dwconv_Pipeline_VITIS_LOOP_89_8_VITIS_LOOP_90_9108' 
INFO: [HLS 200-10] ----------------------------------------------------------------
INFO: [SCHED 204-11] Starting scheduling ...
INFO: [HLS 200-486] Changing DSP latency (root=acc_236) to 3 in order to utilize available DSP registers.
INFO: [SCHED 204-61] Pipelining loop 'VITIS_LOOP_89_8_VITIS_LOOP_90_9'.
INFO: [HLS 200-1470] Pipelining result : Target II = NA, Final II = 1, Depth = 8, loop 'VITIS_LOOP_89_8_VITIS_LOOP_90_9'
INFO: [SCHED 204-11] Finished scheduling.
INFO: [HLS 200-111] Finished Scheduling: CPU user time: 0 seconds. CPU system time: 0 seconds. Elapsed time: 0.446 seconds; current allocated memory: 3.631 GB.
INFO: [BIND 205-100] Starting micro-architecture generation ...
INFO: [BIND 205-101] Performing variable lifetime analysis.
INFO: [BIND 205-101] Exploring resource sharing.
INFO: [BIND 205-101] Binding ...
INFO: [BIND 205-100] Finished micro-architecture generation.
INFO: [HLS 200-111] Finished Binding: CPU user time: 0 seconds. CPU system time: 0 seconds. Elapsed time: 0.215 seconds; current allocated memory: 3.633 GB.
INFO: [HLS 200-10] ----------------------------------------------------------------
INFO: [HLS 200-42] -- Implementing module 'run_dwconv_Pipeline_VITIS_LOOP_89_8_VITIS_LOOP_90_9109' 
INFO: [HLS 200-10] ----------------------------------------------------------------
INFO: [SCHED 204-11] Starting scheduling ...
INFO: [HLS 200-486] Changing DSP latency (root=acc_234) to 3 in order to utilize available DSP registers.
INFO: [SCHED 204-61] Pipelining loop 'VITIS_LOOP_89_8_VITIS_LOOP_90_9'.
INFO: [HLS 200-1470] Pipelining result : Target II = NA, Final II = 1, Depth = 8, loop 'VITIS_LOOP_89_8_VITIS_LOOP_90_9'
INFO: [SCHED 204-11] Finished scheduling.
INFO: [HLS 200-111] Finished Scheduling: CPU user time: 0 seconds. CPU system time: 0 seconds. Elapsed time: 0.449 seconds; current allocated memory: 3.641 GB.
INFO: [BIND 205-100] Starting micro-architecture generation ...
INFO: [BIND 205-101] Performing variable lifetime analysis.
INFO: [BIND 205-101] Exploring resource sharing.
INFO: [BIND 205-101] Binding ...
INFO: [BIND 205-100] Finished micro-architecture generation.
INFO: [HLS 200-111] Finished Binding: CPU user time: 1 seconds. CPU system time: 0 seconds. Elapsed time: 0.219 seconds; current allocated memory: 3.643 GB.
INFO: [HLS 200-10] ----------------------------------------------------------------
INFO: [HLS 200-42] -- Implementing module 'run_dwconv_Pipeline_VITIS_LOOP_89_8_VITIS_LOOP_90_9110' 
INFO: [HLS 200-10] ----------------------------------------------------------------
INFO: [SCHED 204-11] Starting scheduling ...
INFO: [HLS 200-486] Changing DSP latency (root=acc_232) to 3 in order to utilize available DSP registers.
INFO: [SCHED 204-61] Pipelining loop 'VITIS_LOOP_89_8_VITIS_LOOP_90_9'.
INFO: [HLS 200-1470] Pipelining result : Target II = NA, Final II = 1, Depth = 8, loop 'VITIS_LOOP_89_8_VITIS_LOOP_90_9'
INFO: [SCHED 204-11] Finished scheduling.
INFO: [HLS 200-111] Finished Scheduling: CPU user time: 0 seconds. CPU system time: 0 seconds. Elapsed time: 0.436 seconds; current allocated memory: 3.652 GB.
INFO: [BIND 205-100] Starting micro-architecture generation ...
INFO: [BIND 205-101] Performing variable lifetime analysis.
INFO: [BIND 205-101] Exploring resource sharing.
INFO: [BIND 205-101] Binding ...
INFO: [BIND 205-100] Finished micro-architecture generation.
INFO: [HLS 200-111] Finished Binding: CPU user time: 0 seconds. CPU system time: 0 seconds. Elapsed time: 0.217 seconds; current allocated memory: 3.653 GB.
INFO: [HLS 200-10] ----------------------------------------------------------------
INFO: [HLS 200-42] -- Implementing module 'run_dwconv_Pipeline_VITIS_LOOP_89_8_VITIS_LOOP_90_9111' 
INFO: [HLS 200-10] ----------------------------------------------------------------
INFO: [SCHED 204-11] Starting scheduling ...
INFO: [HLS 200-486] Changing DSP latency (root=acc_230) to 3 in order to utilize available DSP registers.
INFO: [SCHED 204-61] Pipelining loop 'VITIS_LOOP_89_8_VITIS_LOOP_90_9'.
INFO: [HLS 200-1470] Pipelining result : Target II = NA, Final II = 1, Depth = 7, loop 'VITIS_LOOP_89_8_VITIS_LOOP_90_9'
INFO: [SCHED 204-11] Finished scheduling.
INFO: [HLS 200-111] Finished Scheduling: CPU user time: 1 seconds. CPU system time: 0 seconds. Elapsed time: 0.441 seconds; current allocated memory: 3.662 GB.
INFO: [BIND 205-100] Starting micro-architecture generation ...
INFO: [BIND 205-101] Performing variable lifetime analysis.
INFO: [BIND 205-101] Exploring resource sharing.
INFO: [BIND 205-101] Binding ...
INFO: [BIND 205-100] Finished micro-architecture generation.
INFO: [HLS 200-111] Finished Binding: CPU user time: 0 seconds. CPU system time: 0 seconds. Elapsed time: 0.217 seconds; current allocated memory: 3.663 GB.
INFO: [HLS 200-10] ----------------------------------------------------------------
INFO: [HLS 200-42] -- Implementing module 'run_dwconv_Pipeline_VITIS_LOOP_89_8_VITIS_LOOP_90_9112' 
INFO: [HLS 200-10] ----------------------------------------------------------------
INFO: [SCHED 204-11] Starting scheduling ...
INFO: [HLS 200-486] Changing DSP latency (root=acc_228) to 3 in order to utilize available DSP registers.
INFO: [SCHED 204-61] Pipelining loop 'VITIS_LOOP_89_8_VITIS_LOOP_90_9'.
INFO: [HLS 200-1470] Pipelining result : Target II = NA, Final II = 1, Depth = 8, loop 'VITIS_LOOP_89_8_VITIS_LOOP_90_9'
INFO: [SCHED 204-11] Finished scheduling.
INFO: [HLS 200-111] Finished Scheduling: CPU user time: 0 seconds. CPU system time: 0 seconds. Elapsed time: 0.435 seconds; current allocated memory: 3.672 GB.
INFO: [BIND 205-100] Starting micro-architecture generation ...
INFO: [BIND 205-101] Performing variable lifetime analysis.
INFO: [BIND 205-101] Exploring resource sharing.
INFO: [BIND 205-101] Binding ...
INFO: [BIND 205-100] Finished micro-architecture generation.
INFO: [HLS 200-111] Finished Binding: CPU user time: 0 seconds. CPU system time: 0 seconds. Elapsed time: 0.216 seconds; current allocated memory: 3.674 GB.
INFO: [HLS 200-10] ----------------------------------------------------------------
INFO: [HLS 200-42] -- Implementing module 'run_dwconv_Pipeline_VITIS_LOOP_89_8_VITIS_LOOP_90_9113' 
INFO: [HLS 200-10] ----------------------------------------------------------------
INFO: [SCHED 204-11] Starting scheduling ...
INFO: [HLS 200-486] Changing DSP latency (root=acc_226) to 3 in order to utilize available DSP registers.
INFO: [SCHED 204-61] Pipelining loop 'VITIS_LOOP_89_8_VITIS_LOOP_90_9'.
INFO: [HLS 200-1470] Pipelining result : Target II = NA, Final II = 1, Depth = 8, loop 'VITIS_LOOP_89_8_VITIS_LOOP_90_9'
INFO: [SCHED 204-11] Finished scheduling.
INFO: [HLS 200-111] Finished Scheduling: CPU user time: 1 seconds. CPU system time: 0 seconds. Elapsed time: 0.439 seconds; current allocated memory: 3.682 GB.
INFO: [BIND 205-100] Starting micro-architecture generation ...
INFO: [BIND 205-101] Performing variable lifetime analysis.
INFO: [BIND 205-101] Exploring resource sharing.
INFO: [BIND 205-101] Binding ...
INFO: [BIND 205-100] Finished micro-architecture generation.
INFO: [HLS 200-111] Finished Binding: CPU user time: 0 seconds. CPU system time: 0 seconds. Elapsed time: 0.226 seconds; current allocated memory: 3.684 GB.
INFO: [HLS 200-10] ----------------------------------------------------------------
INFO: [HLS 200-42] -- Implementing module 'run_dwconv_Pipeline_VITIS_LOOP_89_8_VITIS_LOOP_90_9114' 
INFO: [HLS 200-10] ----------------------------------------------------------------
INFO: [SCHED 204-11] Starting scheduling ...
INFO: [HLS 200-486] Changing DSP latency (root=acc_224) to 3 in order to utilize available DSP registers.
INFO: [SCHED 204-61] Pipelining loop 'VITIS_LOOP_89_8_VITIS_LOOP_90_9'.
INFO: [HLS 200-1470] Pipelining result : Target II = NA, Final II = 1, Depth = 8, loop 'VITIS_LOOP_89_8_VITIS_LOOP_90_9'
INFO: [SCHED 204-11] Finished scheduling.
INFO: [HLS 200-111] Finished Scheduling: CPU user time: 0 seconds. CPU system time: 0 seconds. Elapsed time: 0.471 seconds; current allocated memory: 3.692 GB.
INFO: [BIND 205-100] Starting micro-architecture generation ...
INFO: [BIND 205-101] Performing variable lifetime analysis.
INFO: [BIND 205-101] Exploring resource sharing.
INFO: [BIND 205-101] Binding ...
INFO: [BIND 205-100] Finished micro-architecture generation.
INFO: [HLS 200-111] Finished Binding: CPU user time: 1 seconds. CPU system time: 0 seconds. Elapsed time: 0.217 seconds; current allocated memory: 3.694 GB.
INFO: [HLS 200-10] ----------------------------------------------------------------
INFO: [HLS 200-42] -- Implementing module 'run_dwconv_Pipeline_VITIS_LOOP_89_8_VITIS_LOOP_90_9115' 
INFO: [HLS 200-10] ----------------------------------------------------------------
INFO: [SCHED 204-11] Starting scheduling ...
INFO: [HLS 200-486] Changing DSP latency (root=acc_222) to 3 in order to utilize available DSP registers.
INFO: [SCHED 204-61] Pipelining loop 'VITIS_LOOP_89_8_VITIS_LOOP_90_9'.
INFO: [HLS 200-1470] Pipelining result : Target II = NA, Final II = 1, Depth = 8, loop 'VITIS_LOOP_89_8_VITIS_LOOP_90_9'
INFO: [SCHED 204-11] Finished scheduling.
INFO: [HLS 200-111] Finished Scheduling: CPU user time: 0 seconds. CPU system time: 0 seconds. Elapsed time: 0.453 seconds; current allocated memory: 3.702 GB.
INFO: [BIND 205-100] Starting micro-architecture generation ...
INFO: [BIND 205-101] Performing variable lifetime analysis.
INFO: [BIND 205-101] Exploring resource sharing.
INFO: [BIND 205-101] Binding ...
INFO: [BIND 205-100] Finished micro-architecture generation.
INFO: [HLS 200-111] Finished Binding: CPU user time: 0 seconds. CPU system time: 0 seconds. Elapsed time: 0.224 seconds; current allocated memory: 3.704 GB.
INFO: [HLS 200-10] ----------------------------------------------------------------
INFO: [HLS 200-42] -- Implementing module 'run_dwconv_Pipeline_VITIS_LOOP_89_8_VITIS_LOOP_90_9116' 
INFO: [HLS 200-10] ----------------------------------------------------------------
INFO: [SCHED 204-11] Starting scheduling ...
INFO: [HLS 200-486] Changing DSP latency (root=acc_220) to 3 in order to utilize available DSP registers.
INFO: [SCHED 204-61] Pipelining loop 'VITIS_LOOP_89_8_VITIS_LOOP_90_9'.
INFO: [HLS 200-1470] Pipelining result : Target II = NA, Final II = 1, Depth = 8, loop 'VITIS_LOOP_89_8_VITIS_LOOP_90_9'
INFO: [SCHED 204-11] Finished scheduling.
INFO: [HLS 200-111] Finished Scheduling: CPU user time: 1 seconds. CPU system time: 0 seconds. Elapsed time: 0.473 seconds; current allocated memory: 3.713 GB.
INFO: [BIND 205-100] Starting micro-architecture generation ...
INFO: [BIND 205-101] Performing variable lifetime analysis.
INFO: [BIND 205-101] Exploring resource sharing.
INFO: [BIND 205-101] Binding ...
INFO: [BIND 205-100] Finished micro-architecture generation.
INFO: [HLS 200-111] Finished Binding: CPU user time: 0 seconds. CPU system time: 0 seconds. Elapsed time: 0.225 seconds; current allocated memory: 3.715 GB.
INFO: [HLS 200-10] ----------------------------------------------------------------
INFO: [HLS 200-42] -- Implementing module 'run_dwconv_Pipeline_VITIS_LOOP_89_8_VITIS_LOOP_90_9117' 
INFO: [HLS 200-10] ----------------------------------------------------------------
INFO: [SCHED 204-11] Starting scheduling ...
INFO: [HLS 200-486] Changing DSP latency (root=acc_218) to 3 in order to utilize available DSP registers.
INFO: [SCHED 204-61] Pipelining loop 'VITIS_LOOP_89_8_VITIS_LOOP_90_9'.
INFO: [HLS 200-1470] Pipelining result : Target II = NA, Final II = 1, Depth = 8, loop 'VITIS_LOOP_89_8_VITIS_LOOP_90_9'
INFO: [SCHED 204-11] Finished scheduling.
INFO: [HLS 200-111] Finished Scheduling: CPU user time: 0 seconds. CPU system time: 0 seconds. Elapsed time: 0.463 seconds; current allocated memory: 3.723 GB.
INFO: [BIND 205-100] Starting micro-architecture generation ...
INFO: [BIND 205-101] Performing variable lifetime analysis.
INFO: [BIND 205-101] Exploring resource sharing.
INFO: [BIND 205-101] Binding ...
INFO: [BIND 205-100] Finished micro-architecture generation.
INFO: [HLS 200-111] Finished Binding: CPU user time: 0 seconds. CPU system time: 0 seconds. Elapsed time: 0.22 seconds; current allocated memory: 3.725 GB.
INFO: [HLS 200-10] ----------------------------------------------------------------
INFO: [HLS 200-42] -- Implementing module 'run_dwconv_Pipeline_VITIS_LOOP_89_8_VITIS_LOOP_90_9118' 
INFO: [HLS 200-10] ----------------------------------------------------------------
INFO: [SCHED 204-11] Starting scheduling ...
INFO: [HLS 200-486] Changing DSP latency (root=acc_216) to 3 in order to utilize available DSP registers.
INFO: [SCHED 204-61] Pipelining loop 'VITIS_LOOP_89_8_VITIS_LOOP_90_9'.
INFO: [HLS 200-1470] Pipelining result : Target II = NA, Final II = 1, Depth = 8, loop 'VITIS_LOOP_89_8_VITIS_LOOP_90_9'
INFO: [SCHED 204-11] Finished scheduling.
INFO: [HLS 200-111] Finished Scheduling: CPU user time: 1 seconds. CPU system time: 0 seconds. Elapsed time: 0.442 seconds; current allocated memory: 3.734 GB.
INFO: [BIND 205-100] Starting micro-architecture generation ...
INFO: [BIND 205-101] Performing variable lifetime analysis.
INFO: [BIND 205-101] Exploring resource sharing.
INFO: [BIND 205-101] Binding ...
INFO: [BIND 205-100] Finished micro-architecture generation.
INFO: [HLS 200-111] Finished Binding: CPU user time: 0 seconds. CPU system time: 0 seconds. Elapsed time: 0.223 seconds; current allocated memory: 3.735 GB.
INFO: [HLS 200-10] ----------------------------------------------------------------
INFO: [HLS 200-42] -- Implementing module 'run_dwconv_Pipeline_VITIS_LOOP_89_8_VITIS_LOOP_90_9119' 
INFO: [HLS 200-10] ----------------------------------------------------------------
INFO: [SCHED 204-11] Starting scheduling ...
INFO: [HLS 200-486] Changing DSP latency (root=acc_214) to 3 in order to utilize available DSP registers.
INFO: [SCHED 204-61] Pipelining loop 'VITIS_LOOP_89_8_VITIS_LOOP_90_9'.
INFO: [HLS 200-1470] Pipelining result : Target II = NA, Final II = 1, Depth = 7, loop 'VITIS_LOOP_89_8_VITIS_LOOP_90_9'
INFO: [SCHED 204-11] Finished scheduling.
INFO: [HLS 200-111] Finished Scheduling: CPU user time: 0 seconds. CPU system time: 0 seconds. Elapsed time: 0.447 seconds; current allocated memory: 3.743 GB.
INFO: [BIND 205-100] Starting micro-architecture generation ...
INFO: [BIND 205-101] Performing variable lifetime analysis.
INFO: [BIND 205-101] Exploring resource sharing.
INFO: [BIND 205-101] Binding ...
INFO: [BIND 205-100] Finished micro-architecture generation.
INFO: [HLS 200-111] Finished Binding: CPU user time: 1 seconds. CPU system time: 0 seconds. Elapsed time: 0.226 seconds; current allocated memory: 3.745 GB.
INFO: [HLS 200-10] ----------------------------------------------------------------
INFO: [HLS 200-42] -- Implementing module 'run_dwconv_Pipeline_VITIS_LOOP_89_8_VITIS_LOOP_90_9120' 
INFO: [HLS 200-10] ----------------------------------------------------------------
INFO: [SCHED 204-11] Starting scheduling ...
INFO: [HLS 200-486] Changing DSP latency (root=acc_212) to 3 in order to utilize available DSP registers.
INFO: [SCHED 204-61] Pipelining loop 'VITIS_LOOP_89_8_VITIS_LOOP_90_9'.
INFO: [HLS 200-1470] Pipelining result : Target II = NA, Final II = 1, Depth = 8, loop 'VITIS_LOOP_89_8_VITIS_LOOP_90_9'
INFO: [SCHED 204-11] Finished scheduling.
INFO: [HLS 200-111] Finished Scheduling: CPU user time: 0 seconds. CPU system time: 0 seconds. Elapsed time: 0.45 seconds; current allocated memory: 3.754 GB.
INFO: [BIND 205-100] Starting micro-architecture generation ...
INFO: [BIND 205-101] Performing variable lifetime analysis.
INFO: [BIND 205-101] Exploring resource sharing.
INFO: [BIND 205-101] Binding ...
INFO: [BIND 205-100] Finished micro-architecture generation.
INFO: [HLS 200-111] Finished Binding: CPU user time: 0 seconds. CPU system time: 0 seconds. Elapsed time: 0.221 seconds; current allocated memory: 3.755 GB.
INFO: [HLS 200-10] ----------------------------------------------------------------
INFO: [HLS 200-42] -- Implementing module 'run_dwconv_Pipeline_VITIS_LOOP_89_8_VITIS_LOOP_90_9121' 
INFO: [HLS 200-10] ----------------------------------------------------------------
INFO: [SCHED 204-11] Starting scheduling ...
INFO: [HLS 200-486] Changing DSP latency (root=acc_210) to 3 in order to utilize available DSP registers.
INFO: [SCHED 204-61] Pipelining loop 'VITIS_LOOP_89_8_VITIS_LOOP_90_9'.
INFO: [HLS 200-1470] Pipelining result : Target II = NA, Final II = 1, Depth = 8, loop 'VITIS_LOOP_89_8_VITIS_LOOP_90_9'
INFO: [SCHED 204-11] Finished scheduling.
INFO: [HLS 200-111] Finished Scheduling: CPU user time: 1 seconds. CPU system time: 0 seconds. Elapsed time: 0.45 seconds; current allocated memory: 3.764 GB.
INFO: [BIND 205-100] Starting micro-architecture generation ...
INFO: [BIND 205-101] Performing variable lifetime analysis.
INFO: [BIND 205-101] Exploring resource sharing.
INFO: [BIND 205-101] Binding ...
INFO: [BIND 205-100] Finished micro-architecture generation.
INFO: [HLS 200-111] Finished Binding: CPU user time: 0 seconds. CPU system time: 0 seconds. Elapsed time: 0.221 seconds; current allocated memory: 3.765 GB.
INFO: [HLS 200-10] ----------------------------------------------------------------
INFO: [HLS 200-42] -- Implementing module 'run_dwconv_Pipeline_VITIS_LOOP_89_8_VITIS_LOOP_90_9122' 
INFO: [HLS 200-10] ----------------------------------------------------------------
INFO: [SCHED 204-11] Starting scheduling ...
INFO: [HLS 200-486] Changing DSP latency (root=acc_208) to 3 in order to utilize available DSP registers.
INFO: [SCHED 204-61] Pipelining loop 'VITIS_LOOP_89_8_VITIS_LOOP_90_9'.
INFO: [HLS 200-1470] Pipelining result : Target II = NA, Final II = 1, Depth = 8, loop 'VITIS_LOOP_89_8_VITIS_LOOP_90_9'
INFO: [SCHED 204-11] Finished scheduling.
INFO: [HLS 200-111] Finished Scheduling: CPU user time: 0 seconds. CPU system time: 0 seconds. Elapsed time: 0.456 seconds; current allocated memory: 3.775 GB.
INFO: [BIND 205-100] Starting micro-architecture generation ...
INFO: [BIND 205-101] Performing variable lifetime analysis.
INFO: [BIND 205-101] Exploring resource sharing.
INFO: [BIND 205-101] Binding ...
INFO: [BIND 205-100] Finished micro-architecture generation.
INFO: [HLS 200-111] Finished Binding: CPU user time: 0 seconds. CPU system time: 0 seconds. Elapsed time: 0.22 seconds; current allocated memory: 3.777 GB.
INFO: [HLS 200-10] ----------------------------------------------------------------
INFO: [HLS 200-42] -- Implementing module 'run_dwconv_Pipeline_VITIS_LOOP_89_8_VITIS_LOOP_90_9123' 
INFO: [HLS 200-10] ----------------------------------------------------------------
INFO: [SCHED 204-11] Starting scheduling ...
INFO: [HLS 200-486] Changing DSP latency (root=acc_206) to 3 in order to utilize available DSP registers.
INFO: [SCHED 204-61] Pipelining loop 'VITIS_LOOP_89_8_VITIS_LOOP_90_9'.
INFO: [HLS 200-1470] Pipelining result : Target II = NA, Final II = 1, Depth = 8, loop 'VITIS_LOOP_89_8_VITIS_LOOP_90_9'
INFO: [SCHED 204-11] Finished scheduling.
INFO: [HLS 200-111] Finished Scheduling: CPU user time: 1 seconds. CPU system time: 0 seconds. Elapsed time: 0.46 seconds; current allocated memory: 3.785 GB.
INFO: [BIND 205-100] Starting micro-architecture generation ...
INFO: [BIND 205-101] Performing variable lifetime analysis.
INFO: [BIND 205-101] Exploring resource sharing.
INFO: [BIND 205-101] Binding ...
INFO: [BIND 205-100] Finished micro-architecture generation.
INFO: [HLS 200-111] Finished Binding: CPU user time: 0 seconds. CPU system time: 0 seconds. Elapsed time: 0.224 seconds; current allocated memory: 3.787 GB.
INFO: [HLS 200-10] ----------------------------------------------------------------
INFO: [HLS 200-42] -- Implementing module 'run_dwconv_Pipeline_VITIS_LOOP_89_8_VITIS_LOOP_90_9124' 
INFO: [HLS 200-10] ----------------------------------------------------------------
INFO: [SCHED 204-11] Starting scheduling ...
INFO: [HLS 200-486] Changing DSP latency (root=acc_204) to 3 in order to utilize available DSP registers.
INFO: [SCHED 204-61] Pipelining loop 'VITIS_LOOP_89_8_VITIS_LOOP_90_9'.
INFO: [HLS 200-1470] Pipelining result : Target II = NA, Final II = 1, Depth = 8, loop 'VITIS_LOOP_89_8_VITIS_LOOP_90_9'
INFO: [SCHED 204-11] Finished scheduling.
INFO: [HLS 200-111] Finished Scheduling: CPU user time: 0 seconds. CPU system time: 1 seconds. Elapsed time: 0.455 seconds; current allocated memory: 3.796 GB.
INFO: [BIND 205-100] Starting micro-architecture generation ...
INFO: [BIND 205-101] Performing variable lifetime analysis.
INFO: [BIND 205-101] Exploring resource sharing.
INFO: [BIND 205-101] Binding ...
INFO: [BIND 205-100] Finished micro-architecture generation.
INFO: [HLS 200-111] Finished Binding: CPU user time: 1 seconds. CPU system time: 0 seconds. Elapsed time: 0.215 seconds; current allocated memory: 3.797 GB.
INFO: [HLS 200-10] ----------------------------------------------------------------
INFO: [HLS 200-42] -- Implementing module 'run_dwconv_Pipeline_VITIS_LOOP_89_8_VITIS_LOOP_90_9125' 
INFO: [HLS 200-10] ----------------------------------------------------------------
INFO: [SCHED 204-11] Starting scheduling ...
INFO: [HLS 200-486] Changing DSP latency (root=acc_202) to 3 in order to utilize available DSP registers.
INFO: [SCHED 204-61] Pipelining loop 'VITIS_LOOP_89_8_VITIS_LOOP_90_9'.
INFO: [HLS 200-1470] Pipelining result : Target II = NA, Final II = 1, Depth = 8, loop 'VITIS_LOOP_89_8_VITIS_LOOP_90_9'
INFO: [SCHED 204-11] Finished scheduling.
INFO: [HLS 200-111] Finished Scheduling: CPU user time: 0 seconds. CPU system time: 0 seconds. Elapsed time: 0.452 seconds; current allocated memory: 3.805 GB.
INFO: [BIND 205-100] Starting micro-architecture generation ...
INFO: [BIND 205-101] Performing variable lifetime analysis.
INFO: [BIND 205-101] Exploring resource sharing.
INFO: [BIND 205-101] Binding ...
INFO: [BIND 205-100] Finished micro-architecture generation.
INFO: [HLS 200-111] Finished Binding: CPU user time: 0 seconds. CPU system time: 0 seconds. Elapsed time: 0.222 seconds; current allocated memory: 3.807 GB.
INFO: [HLS 200-10] ----------------------------------------------------------------
INFO: [HLS 200-42] -- Implementing module 'run_dwconv_Pipeline_VITIS_LOOP_89_8_VITIS_LOOP_90_9126' 
INFO: [HLS 200-10] ----------------------------------------------------------------
INFO: [SCHED 204-11] Starting scheduling ...
INFO: [HLS 200-486] Changing DSP latency (root=acc_200) to 3 in order to utilize available DSP registers.
INFO: [SCHED 204-61] Pipelining loop 'VITIS_LOOP_89_8_VITIS_LOOP_90_9'.
INFO: [HLS 200-1470] Pipelining result : Target II = NA, Final II = 1, Depth = 8, loop 'VITIS_LOOP_89_8_VITIS_LOOP_90_9'
INFO: [SCHED 204-11] Finished scheduling.
INFO: [HLS 200-111] Finished Scheduling: CPU user time: 1 seconds. CPU system time: 0 seconds. Elapsed time: 0.442 seconds; current allocated memory: 3.816 GB.
INFO: [BIND 205-100] Starting micro-architecture generation ...
INFO: [BIND 205-101] Performing variable lifetime analysis.
INFO: [BIND 205-101] Exploring resource sharing.
INFO: [BIND 205-101] Binding ...
INFO: [BIND 205-100] Finished micro-architecture generation.
INFO: [HLS 200-111] Finished Binding: CPU user time: 0 seconds. CPU system time: 0 seconds. Elapsed time: 0.223 seconds; current allocated memory: 3.817 GB.
INFO: [HLS 200-10] ----------------------------------------------------------------
INFO: [HLS 200-42] -- Implementing module 'run_dwconv' 
INFO: [HLS 200-10] ----------------------------------------------------------------
INFO: [SCHED 204-11] Starting scheduling ...
INFO: [SCHED 204-11] Finished scheduling.
INFO: [HLS 200-111] Finished Scheduling: CPU user time: 6 seconds. CPU system time: 0 seconds. Elapsed time: 6.622 seconds; current allocated memory: 3.950 GB.
INFO: [BIND 205-100] Starting micro-architecture generation ...
INFO: [BIND 205-101] Performing variable lifetime analysis.
INFO: [BIND 205-101] Exploring resource sharing.
INFO: [BIND 205-101] Binding ...
INFO: [BIND 205-100] Finished micro-architecture generation.
INFO: [HLS 200-111] Finished Binding: CPU user time: 2 seconds. CPU system time: 0 seconds. Elapsed time: 2.223 seconds; current allocated memory: 3.950 GB.
INFO: [HLS 200-10] ----------------------------------------------------------------
INFO: [HLS 200-42] -- Implementing module 'mac_array_top' 
INFO: [HLS 200-10] ----------------------------------------------------------------
INFO: [SCHED 204-11] Starting scheduling ...
INFO: [SCHED 204-11] Finished scheduling.
INFO: [HLS 200-111] Finished Scheduling: CPU user time: 2 seconds. CPU system time: 0 seconds. Elapsed time: 1.997 seconds; current allocated memory: 3.950 GB.
INFO: [BIND 205-100] Starting micro-architecture generation ...
INFO: [BIND 205-101] Performing variable lifetime analysis.
INFO: [BIND 205-101] Exploring resource sharing.
INFO: [BIND 205-101] Binding ...
INFO: [BIND 205-100] Finished micro-architecture generation.
INFO: [HLS 200-111] Finished Binding: CPU user time: 0 seconds. CPU system time: 0 seconds. Elapsed time: 0.545 seconds; current allocated memory: 3.950 GB.
INFO: [HLS 200-10] ----------------------------------------------------------------
INFO: [HLS 200-10] -- Generating RTL for module 'run_pwconv_Pipeline_STAGE_VITIS_LOOP_128_4_VITIS_LOOP_130_5' 
INFO: [HLS 200-10] ----------------------------------------------------------------
INFO: [HLS 200-1030] Apply Unified Pipeline Control on module 'run_pwconv_Pipeline_STAGE_VITIS_LOOP_128_4_VITIS_LOOP_130_5' pipeline 'STAGE_VITIS_LOOP_128_4_VITIS_LOOP_130_5' pipeline type 'loop pipeline'
INFO: [RTGEN 206-104] Estimated max fanout for 'run_pwconv_Pipeline_STAGE_VITIS_LOOP_128_4_VITIS_LOOP_130_5' is 16384 from HDL expression: ((1'b0 == ap_block_pp0_stage0_01001) & (ap_loop_exit_ready_pp0_iter2_reg == 1'b1) & (icmp_ln120_reg_57762 == 1'd1))
INFO: [RTGEN 206-100] Finished creating RTL model for 'run_pwconv_Pipeline_STAGE_VITIS_LOOP_128_4_VITIS_LOOP_130_5'.
INFO: [HLS 200-111] Finished Creating RTL model: CPU user time: 3 seconds. CPU system time: 0 seconds. Elapsed time: 3.038 seconds; current allocated memory: 3.983 GB.
INFO: [HLS 200-10] ----------------------------------------------------------------
INFO: [HLS 200-10] -- Generating RTL for module 'run_pwconv_Pipeline_VITIS_LOOP_136_6_VITIS_LOOP_139_7' 
INFO: [HLS 200-10] ----------------------------------------------------------------
INFO: [HLS 200-1030] Apply Unified Pipeline Control on module 'run_pwconv_Pipeline_VITIS_LOOP_136_6_VITIS_LOOP_139_7' pipeline 'VITIS_LOOP_136_6_VITIS_LOOP_139_7' pipeline type 'loop pipeline'
INFO: [RTGEN 206-100] Finished creating RTL model for 'run_pwconv_Pipeline_VITIS_LOOP_136_6_VITIS_LOOP_139_7'.
INFO: [HLS 200-111] Finished Creating RTL model: CPU user time: 2 seconds. CPU system time: 2 seconds. Elapsed time: 4.337 seconds; current allocated memory: 4.136 GB.
INFO: [HLS 200-10] ----------------------------------------------------------------
INFO: [HLS 200-10] -- Generating RTL for module 'run_pwconv_Pipeline_VITIS_LOOP_155_8' 
INFO: [HLS 200-10] ----------------------------------------------------------------
INFO: [HLS 200-1030] Apply Unified Pipeline Control on module 'run_pwconv_Pipeline_VITIS_LOOP_155_8' pipeline 'VITIS_LOOP_155_8' pipeline type 'loop pipeline'
INFO: [RTGEN 206-100] Generating core module 'mac_muladd_8s_8s_32s_32_4_1': 1 instance(s).
INFO: [RTGEN 206-100] Generating core module 'sparsemux_17_3_8_1_1': 1 instance(s).
INFO: [RTGEN 206-100] Generating core module 'sparsemux_65_5_8_1_1': 9 instance(s).
INFO: [RTGEN 206-100] Finished creating RTL model for 'run_pwconv_Pipeline_VITIS_LOOP_155_8'.
INFO: [HLS 200-111] Finished Creating RTL model: CPU user time: 1 seconds. CPU system time: 1 seconds. Elapsed time: 0.865 seconds; current allocated memory: 4.136 GB.
INFO: [HLS 200-10] ----------------------------------------------------------------
INFO: [HLS 200-10] -- Generating RTL for module 'clip_shift' 
INFO: [HLS 200-10] ----------------------------------------------------------------
INFO: [RTGEN 206-100] Finished creating RTL model for 'clip_shift'.
INFO: [HLS 200-111] Finished Creating RTL model: CPU user time: 0 seconds. CPU system time: 0 seconds. Elapsed time: 0.188 seconds; current allocated memory: 4.136 GB.
INFO: [HLS 200-10] ----------------------------------------------------------------
INFO: [HLS 200-10] -- Generating RTL for module 'run_pwconv_Pipeline_VITIS_LOOP_155_81' 
INFO: [HLS 200-10] ----------------------------------------------------------------
INFO: [HLS 200-1030] Apply Unified Pipeline Control on module 'run_pwconv_Pipeline_VITIS_LOOP_155_81' pipeline 'VITIS_LOOP_155_8' pipeline type 'loop pipeline'
INFO: [RTGEN 206-100] Generating core module 'mac_muladd_8s_8s_32s_32_4_1': 1 instance(s).
INFO: [RTGEN 206-100] Generating core module 'sparsemux_17_3_8_1_1': 1 instance(s).
INFO: [RTGEN 206-100] Generating core module 'sparsemux_65_5_8_1_1': 9 instance(s).
INFO: [RTGEN 206-100] Finished creating RTL model for 'run_pwconv_Pipeline_VITIS_LOOP_155_81'.
INFO: [HLS 200-111] Finished Creating RTL model: CPU user time: 0 seconds. CPU system time: 0 seconds. Elapsed time: 0.322 seconds; current allocated memory: 4.138 GB.
INFO: [HLS 200-10] ----------------------------------------------------------------
INFO: [HLS 200-10] -- Generating RTL for module 'run_pwconv_Pipeline_VITIS_LOOP_155_82' 
INFO: [HLS 200-10] ----------------------------------------------------------------
INFO: [HLS 200-1030] Apply Unified Pipeline Control on module 'run_pwconv_Pipeline_VITIS_LOOP_155_82' pipeline 'VITIS_LOOP_155_8' pipeline type 'loop pipeline'
INFO: [RTGEN 206-100] Generating core module 'mac_muladd_8s_8s_32s_32_4_1': 1 instance(s).
INFO: [RTGEN 206-100] Generating core module 'sparsemux_17_3_8_1_1': 1 instance(s).
INFO: [RTGEN 206-100] Generating core module 'sparsemux_65_5_8_1_1': 9 instance(s).
INFO: [RTGEN 206-100] Finished creating RTL model for 'run_pwconv_Pipeline_VITIS_LOOP_155_82'.
INFO: [HLS 200-111] Finished Creating RTL model: CPU user time: 1 seconds. CPU system time: 0 seconds. Elapsed time: 0.423 seconds; current allocated memory: 4.145 GB.
INFO: [HLS 200-10] ----------------------------------------------------------------
INFO: [HLS 200-10] -- Generating RTL for module 'run_pwconv_Pipeline_VITIS_LOOP_155_83' 
INFO: [HLS 200-10] ----------------------------------------------------------------
INFO: [HLS 200-1030] Apply Unified Pipeline Control on module 'run_pwconv_Pipeline_VITIS_LOOP_155_83' pipeline 'VITIS_LOOP_155_8' pipeline type 'loop pipeline'
INFO: [RTGEN 206-100] Generating core module 'mac_muladd_8s_8s_32s_32_4_1': 1 instance(s).
INFO: [RTGEN 206-100] Generating core module 'sparsemux_17_3_8_1_1': 1 instance(s).
INFO: [RTGEN 206-100] Generating core module 'sparsemux_65_5_8_1_1': 9 instance(s).
INFO: [RTGEN 206-100] Finished creating RTL model for 'run_pwconv_Pipeline_VITIS_LOOP_155_83'.
INFO: [HLS 200-111] Finished Creating RTL model: CPU user time: 0 seconds. CPU system time: 0 seconds. Elapsed time: 0.423 seconds; current allocated memory: 4.153 GB.
INFO: [HLS 200-10] ----------------------------------------------------------------
INFO: [HLS 200-10] -- Generating RTL for module 'run_pwconv_Pipeline_VITIS_LOOP_155_84' 
INFO: [HLS 200-10] ----------------------------------------------------------------
INFO: [HLS 200-1030] Apply Unified Pipeline Control on module 'run_pwconv_Pipeline_VITIS_LOOP_155_84' pipeline 'VITIS_LOOP_155_8' pipeline type 'loop pipeline'
INFO: [RTGEN 206-100] Generating core module 'mac_muladd_8s_8s_32s_32_4_1': 1 instance(s).
INFO: [RTGEN 206-100] Generating core module 'sparsemux_17_3_8_1_1': 1 instance(s).
INFO: [RTGEN 206-100] Generating core module 'sparsemux_65_5_8_1_1': 9 instance(s).
INFO: [RTGEN 206-100] Finished creating RTL model for 'run_pwconv_Pipeline_VITIS_LOOP_155_84'.
INFO: [HLS 200-111] Finished Creating RTL model: CPU user time: 0 seconds. CPU system time: 0 seconds. Elapsed time: 0.414 seconds; current allocated memory: 4.162 GB.
INFO: [HLS 200-10] ----------------------------------------------------------------
INFO: [HLS 200-10] -- Generating RTL for module 'run_pwconv_Pipeline_VITIS_LOOP_155_85' 
INFO: [HLS 200-10] ----------------------------------------------------------------
INFO: [HLS 200-1030] Apply Unified Pipeline Control on module 'run_pwconv_Pipeline_VITIS_LOOP_155_85' pipeline 'VITIS_LOOP_155_8' pipeline type 'loop pipeline'
INFO: [RTGEN 206-100] Generating core module 'mac_muladd_8s_8s_32s_32_4_1': 1 instance(s).
INFO: [RTGEN 206-100] Generating core module 'sparsemux_17_3_8_1_1': 1 instance(s).
INFO: [RTGEN 206-100] Generating core module 'sparsemux_65_5_8_1_1': 9 instance(s).
INFO: [RTGEN 206-100] Finished creating RTL model for 'run_pwconv_Pipeline_VITIS_LOOP_155_85'.
INFO: [HLS 200-111] Finished Creating RTL model: CPU user time: 1 seconds. CPU system time: 0 seconds. Elapsed time: 0.426 seconds; current allocated memory: 4.171 GB.
INFO: [HLS 200-10] ----------------------------------------------------------------
INFO: [HLS 200-10] -- Generating RTL for module 'run_pwconv_Pipeline_VITIS_LOOP_155_86' 
INFO: [HLS 200-10] ----------------------------------------------------------------
INFO: [HLS 200-1030] Apply Unified Pipeline Control on module 'run_pwconv_Pipeline_VITIS_LOOP_155_86' pipeline 'VITIS_LOOP_155_8' pipeline type 'loop pipeline'
INFO: [RTGEN 206-100] Generating core module 'mac_muladd_8s_8s_32s_32_4_1': 1 instance(s).
INFO: [RTGEN 206-100] Generating core module 'sparsemux_17_3_8_1_1': 1 instance(s).
INFO: [RTGEN 206-100] Generating core module 'sparsemux_65_5_8_1_1': 9 instance(s).
INFO: [RTGEN 206-100] Finished creating RTL model for 'run_pwconv_Pipeline_VITIS_LOOP_155_86'.
INFO: [HLS 200-111] Finished Creating RTL model: CPU user time: 0 seconds. CPU system time: 0 seconds. Elapsed time: 0.724 seconds; current allocated memory: 4.181 GB.
INFO: [HLS 200-10] ----------------------------------------------------------------
INFO: [HLS 200-10] -- Generating RTL for module 'run_pwconv_Pipeline_VITIS_LOOP_155_87' 
INFO: [HLS 200-10] ----------------------------------------------------------------
INFO: [HLS 200-1030] Apply Unified Pipeline Control on module 'run_pwconv_Pipeline_VITIS_LOOP_155_87' pipeline 'VITIS_LOOP_155_8' pipeline type 'loop pipeline'
INFO: [RTGEN 206-100] Generating core module 'mac_muladd_8s_8s_32s_32_4_1': 1 instance(s).
INFO: [RTGEN 206-100] Generating core module 'sparsemux_17_3_8_1_1': 1 instance(s).
INFO: [RTGEN 206-100] Generating core module 'sparsemux_65_5_8_1_1': 9 instance(s).
INFO: [RTGEN 206-100] Finished creating RTL model for 'run_pwconv_Pipeline_VITIS_LOOP_155_87'.
INFO: [HLS 200-111] Finished Creating RTL model: CPU user time: 1 seconds. CPU system time: 0 seconds. Elapsed time: 0.421 seconds; current allocated memory: 4.190 GB.
INFO: [HLS 200-10] ----------------------------------------------------------------
INFO: [HLS 200-10] -- Generating RTL for module 'run_pwconv_Pipeline_VITIS_LOOP_155_88' 
INFO: [HLS 200-10] ----------------------------------------------------------------
INFO: [HLS 200-1030] Apply Unified Pipeline Control on module 'run_pwconv_Pipeline_VITIS_LOOP_155_88' pipeline 'VITIS_LOOP_155_8' pipeline type 'loop pipeline'
INFO: [RTGEN 206-100] Generating core module 'mac_muladd_8s_8s_32s_32_4_1': 1 instance(s).
INFO: [RTGEN 206-100] Generating core module 'sparsemux_17_3_8_1_1': 1 instance(s).
INFO: [RTGEN 206-100] Generating core module 'sparsemux_65_5_8_1_1': 9 instance(s).
INFO: [RTGEN 206-100] Finished creating RTL model for 'run_pwconv_Pipeline_VITIS_LOOP_155_88'.
INFO: [HLS 200-111] Finished Creating RTL model: CPU user time: 0 seconds. CPU system time: 0 seconds. Elapsed time: 0.414 seconds; current allocated memory: 4.199 GB.
INFO: [HLS 200-10] ----------------------------------------------------------------
INFO: [HLS 200-10] -- Generating RTL for module 'run_pwconv_Pipeline_VITIS_LOOP_155_89' 
INFO: [HLS 200-10] ----------------------------------------------------------------
INFO: [HLS 200-1030] Apply Unified Pipeline Control on module 'run_pwconv_Pipeline_VITIS_LOOP_155_89' pipeline 'VITIS_LOOP_155_8' pipeline type 'loop pipeline'
INFO: [RTGEN 206-100] Generating core module 'mac_muladd_8s_8s_32s_32_4_1': 1 instance(s).
INFO: [RTGEN 206-100] Generating core module 'sparsemux_17_3_8_1_1': 1 instance(s).
INFO: [RTGEN 206-100] Generating core module 'sparsemux_65_5_8_1_1': 9 instance(s).
INFO: [RTGEN 206-100] Finished creating RTL model for 'run_pwconv_Pipeline_VITIS_LOOP_155_89'.
INFO: [HLS 200-111] Finished Creating RTL model: CPU user time: 0 seconds. CPU system time: 0 seconds. Elapsed time: 0.417 seconds; current allocated memory: 4.208 GB.
INFO: [HLS 200-10] ----------------------------------------------------------------
INFO: [HLS 200-10] -- Generating RTL for module 'run_pwconv_Pipeline_VITIS_LOOP_155_810' 
INFO: [HLS 200-10] ----------------------------------------------------------------
INFO: [HLS 200-1030] Apply Unified Pipeline Control on module 'run_pwconv_Pipeline_VITIS_LOOP_155_810' pipeline 'VITIS_LOOP_155_8' pipeline type 'loop pipeline'
INFO: [RTGEN 206-100] Generating core module 'mac_muladd_8s_8s_32s_32_4_1': 1 instance(s).
INFO: [RTGEN 206-100] Generating core module 'sparsemux_17_3_8_1_1': 1 instance(s).
INFO: [RTGEN 206-100] Generating core module 'sparsemux_65_5_8_1_1': 9 instance(s).
INFO: [RTGEN 206-100] Finished creating RTL model for 'run_pwconv_Pipeline_VITIS_LOOP_155_810'.
INFO: [HLS 200-111] Finished Creating RTL model: CPU user time: 1 seconds. CPU system time: 0 seconds. Elapsed time: 0.408 seconds; current allocated memory: 4.217 GB.
INFO: [HLS 200-10] ----------------------------------------------------------------
INFO: [HLS 200-10] -- Generating RTL for module 'run_pwconv_Pipeline_VITIS_LOOP_155_811' 
INFO: [HLS 200-10] ----------------------------------------------------------------
INFO: [HLS 200-1030] Apply Unified Pipeline Control on module 'run_pwconv_Pipeline_VITIS_LOOP_155_811' pipeline 'VITIS_LOOP_155_8' pipeline type 'loop pipeline'
INFO: [RTGEN 206-100] Generating core module 'mac_muladd_8s_8s_32s_32_4_1': 1 instance(s).
INFO: [RTGEN 206-100] Generating core module 'sparsemux_17_3_8_1_1': 1 instance(s).
INFO: [RTGEN 206-100] Generating core module 'sparsemux_65_5_8_1_1': 9 instance(s).
INFO: [RTGEN 206-100] Finished creating RTL model for 'run_pwconv_Pipeline_VITIS_LOOP_155_811'.
INFO: [HLS 200-111] Finished Creating RTL model: CPU user time: 0 seconds. CPU system time: 0 seconds. Elapsed time: 0.42 seconds; current allocated memory: 4.226 GB.
INFO: [HLS 200-10] ----------------------------------------------------------------
INFO: [HLS 200-10] -- Generating RTL for module 'run_pwconv_Pipeline_VITIS_LOOP_155_812' 
INFO: [HLS 200-10] ----------------------------------------------------------------
INFO: [HLS 200-1030] Apply Unified Pipeline Control on module 'run_pwconv_Pipeline_VITIS_LOOP_155_812' pipeline 'VITIS_LOOP_155_8' pipeline type 'loop pipeline'
INFO: [RTGEN 206-100] Generating core module 'mac_muladd_8s_8s_32s_32_4_1': 1 instance(s).
INFO: [RTGEN 206-100] Generating core module 'sparsemux_17_3_8_1_1': 1 instance(s).
INFO: [RTGEN 206-100] Generating core module 'sparsemux_65_5_8_1_1': 9 instance(s).
INFO: [RTGEN 206-100] Finished creating RTL model for 'run_pwconv_Pipeline_VITIS_LOOP_155_812'.
INFO: [HLS 200-111] Finished Creating RTL model: CPU user time: 0 seconds. CPU system time: 0 seconds. Elapsed time: 0.423 seconds; current allocated memory: 4.236 GB.
INFO: [HLS 200-10] ----------------------------------------------------------------
INFO: [HLS 200-10] -- Generating RTL for module 'run_pwconv_Pipeline_VITIS_LOOP_155_813' 
INFO: [HLS 200-10] ----------------------------------------------------------------
INFO: [HLS 200-1030] Apply Unified Pipeline Control on module 'run_pwconv_Pipeline_VITIS_LOOP_155_813' pipeline 'VITIS_LOOP_155_8' pipeline type 'loop pipeline'
INFO: [RTGEN 206-100] Generating core module 'mac_muladd_8s_8s_32s_32_4_1': 1 instance(s).
INFO: [RTGEN 206-100] Generating core module 'sparsemux_17_3_8_1_1': 1 instance(s).
INFO: [RTGEN 206-100] Generating core module 'sparsemux_65_5_8_1_1': 9 instance(s).
INFO: [RTGEN 206-100] Finished creating RTL model for 'run_pwconv_Pipeline_VITIS_LOOP_155_813'.
INFO: [HLS 200-111] Finished Creating RTL model: CPU user time: 1 seconds. CPU system time: 0 seconds. Elapsed time: 0.418 seconds; current allocated memory: 4.245 GB.
INFO: [HLS 200-10] ----------------------------------------------------------------
INFO: [HLS 200-10] -- Generating RTL for module 'run_pwconv_Pipeline_VITIS_LOOP_155_814' 
INFO: [HLS 200-10] ----------------------------------------------------------------
INFO: [HLS 200-1030] Apply Unified Pipeline Control on module 'run_pwconv_Pipeline_VITIS_LOOP_155_814' pipeline 'VITIS_LOOP_155_8' pipeline type 'loop pipeline'
INFO: [RTGEN 206-100] Generating core module 'mac_muladd_8s_8s_32s_32_4_1': 1 instance(s).
INFO: [RTGEN 206-100] Generating core module 'sparsemux_17_3_8_1_1': 1 instance(s).
INFO: [RTGEN 206-100] Generating core module 'sparsemux_65_5_8_1_1': 9 instance(s).
INFO: [RTGEN 206-100] Finished creating RTL model for 'run_pwconv_Pipeline_VITIS_LOOP_155_814'.
INFO: [HLS 200-111] Finished Creating RTL model: CPU user time: 0 seconds. CPU system time: 0 seconds. Elapsed time: 0.714 seconds; current allocated memory: 4.255 GB.
INFO: [HLS 200-10] ----------------------------------------------------------------
INFO: [HLS 200-10] -- Generating RTL for module 'run_pwconv_Pipeline_VITIS_LOOP_155_815' 
INFO: [HLS 200-10] ----------------------------------------------------------------
INFO: [HLS 200-1030] Apply Unified Pipeline Control on module 'run_pwconv_Pipeline_VITIS_LOOP_155_815' pipeline 'VITIS_LOOP_155_8' pipeline type 'loop pipeline'
INFO: [RTGEN 206-100] Generating core module 'mac_muladd_8s_8s_32s_32_4_1': 1 instance(s).
INFO: [RTGEN 206-100] Generating core module 'sparsemux_17_3_8_1_1': 1 instance(s).
INFO: [RTGEN 206-100] Generating core module 'sparsemux_65_5_8_1_1': 9 instance(s).
INFO: [RTGEN 206-100] Finished creating RTL model for 'run_pwconv_Pipeline_VITIS_LOOP_155_815'.
INFO: [HLS 200-111] Finished Creating RTL model: CPU user time: 1 seconds. CPU system time: 0 seconds. Elapsed time: 0.413 seconds; current allocated memory: 4.264 GB.
INFO: [HLS 200-10] ----------------------------------------------------------------
INFO: [HLS 200-10] -- Generating RTL for module 'run_pwconv_Pipeline_VITIS_LOOP_155_816' 
INFO: [HLS 200-10] ----------------------------------------------------------------
INFO: [HLS 200-1030] Apply Unified Pipeline Control on module 'run_pwconv_Pipeline_VITIS_LOOP_155_816' pipeline 'VITIS_LOOP_155_8' pipeline type 'loop pipeline'
INFO: [RTGEN 206-100] Generating core module 'mac_muladd_8s_8s_32s_32_4_1': 1 instance(s).
INFO: [RTGEN 206-100] Generating core module 'sparsemux_17_3_8_1_1': 1 instance(s).
INFO: [RTGEN 206-100] Generating core module 'sparsemux_65_5_8_1_1': 9 instance(s).
INFO: [RTGEN 206-100] Finished creating RTL model for 'run_pwconv_Pipeline_VITIS_LOOP_155_816'.
INFO: [HLS 200-111] Finished Creating RTL model: CPU user time: 0 seconds. CPU system time: 0 seconds. Elapsed time: 0.42 seconds; current allocated memory: 4.273 GB.
INFO: [HLS 200-10] ----------------------------------------------------------------
INFO: [HLS 200-10] -- Generating RTL for module 'run_pwconv_Pipeline_VITIS_LOOP_155_817' 
INFO: [HLS 200-10] ----------------------------------------------------------------
INFO: [HLS 200-1030] Apply Unified Pipeline Control on module 'run_pwconv_Pipeline_VITIS_LOOP_155_817' pipeline 'VITIS_LOOP_155_8' pipeline type 'loop pipeline'
INFO: [RTGEN 206-100] Generating core module 'mac_muladd_8s_8s_32s_32_4_1': 1 instance(s).
INFO: [RTGEN 206-100] Generating core module 'sparsemux_17_3_8_1_1': 1 instance(s).
INFO: [RTGEN 206-100] Generating core module 'sparsemux_65_5_8_1_1': 9 instance(s).
INFO: [RTGEN 206-100] Finished creating RTL model for 'run_pwconv_Pipeline_VITIS_LOOP_155_817'.
INFO: [HLS 200-111] Finished Creating RTL model: CPU user time: 0 seconds. CPU system time: 0 seconds. Elapsed time: 0.423 seconds; current allocated memory: 4.283 GB.
INFO: [HLS 200-10] ----------------------------------------------------------------
INFO: [HLS 200-10] -- Generating RTL for module 'run_pwconv_Pipeline_VITIS_LOOP_155_818' 
INFO: [HLS 200-10] ----------------------------------------------------------------
INFO: [HLS 200-1030] Apply Unified Pipeline Control on module 'run_pwconv_Pipeline_VITIS_LOOP_155_818' pipeline 'VITIS_LOOP_155_8' pipeline type 'loop pipeline'
INFO: [RTGEN 206-100] Generating core module 'mac_muladd_8s_8s_32s_32_4_1': 1 instance(s).
INFO: [RTGEN 206-100] Generating core module 'sparsemux_17_3_8_1_1': 1 instance(s).
INFO: [RTGEN 206-100] Generating core module 'sparsemux_65_5_8_1_1': 9 instance(s).
INFO: [RTGEN 206-100] Finished creating RTL model for 'run_pwconv_Pipeline_VITIS_LOOP_155_818'.
INFO: [HLS 200-111] Finished Creating RTL model: CPU user time: 1 seconds. CPU system time: 1 seconds. Elapsed time: 0.422 seconds; current allocated memory: 4.292 GB.
INFO: [HLS 200-10] ----------------------------------------------------------------
INFO: [HLS 200-10] -- Generating RTL for module 'run_pwconv_Pipeline_VITIS_LOOP_155_819' 
INFO: [HLS 200-10] ----------------------------------------------------------------
INFO: [HLS 200-1030] Apply Unified Pipeline Control on module 'run_pwconv_Pipeline_VITIS_LOOP_155_819' pipeline 'VITIS_LOOP_155_8' pipeline type 'loop pipeline'
INFO: [RTGEN 206-100] Generating core module 'mac_muladd_8s_8s_32s_32_4_1': 1 instance(s).
INFO: [RTGEN 206-100] Generating core module 'sparsemux_17_3_8_1_1': 1 instance(s).
INFO: [RTGEN 206-100] Generating core module 'sparsemux_65_5_8_1_1': 9 instance(s).
INFO: [RTGEN 206-100] Finished creating RTL model for 'run_pwconv_Pipeline_VITIS_LOOP_155_819'.
INFO: [HLS 200-111] Finished Creating RTL model: CPU user time: 0 seconds. CPU system time: 0 seconds. Elapsed time: 0.421 seconds; current allocated memory: 4.301 GB.
INFO: [HLS 200-10] ----------------------------------------------------------------
INFO: [HLS 200-10] -- Generating RTL for module 'run_pwconv_Pipeline_VITIS_LOOP_155_820' 
INFO: [HLS 200-10] ----------------------------------------------------------------
INFO: [HLS 200-1030] Apply Unified Pipeline Control on module 'run_pwconv_Pipeline_VITIS_LOOP_155_820' pipeline 'VITIS_LOOP_155_8' pipeline type 'loop pipeline'
INFO: [RTGEN 206-100] Generating core module 'mac_muladd_8s_8s_32s_32_4_1': 1 instance(s).
INFO: [RTGEN 206-100] Generating core module 'sparsemux_17_3_8_1_1': 1 instance(s).
INFO: [RTGEN 206-100] Generating core module 'sparsemux_65_5_8_1_1': 9 instance(s).
INFO: [RTGEN 206-100] Finished creating RTL model for 'run_pwconv_Pipeline_VITIS_LOOP_155_820'.
INFO: [HLS 200-111] Finished Creating RTL model: CPU user time: 0 seconds. CPU system time: 0 seconds. Elapsed time: 0.425 seconds; current allocated memory: 4.310 GB.
INFO: [HLS 200-10] ----------------------------------------------------------------
INFO: [HLS 200-10] -- Generating RTL for module 'run_pwconv_Pipeline_VITIS_LOOP_155_821' 
INFO: [HLS 200-10] ----------------------------------------------------------------
INFO: [HLS 200-1030] Apply Unified Pipeline Control on module 'run_pwconv_Pipeline_VITIS_LOOP_155_821' pipeline 'VITIS_LOOP_155_8' pipeline type 'loop pipeline'
INFO: [RTGEN 206-100] Generating core module 'mac_muladd_8s_8s_32s_32_4_1': 1 instance(s).
INFO: [RTGEN 206-100] Generating core module 'sparsemux_17_3_8_1_1': 1 instance(s).
INFO: [RTGEN 206-100] Generating core module 'sparsemux_65_5_8_1_1': 9 instance(s).
INFO: [RTGEN 206-100] Finished creating RTL model for 'run_pwconv_Pipeline_VITIS_LOOP_155_821'.
INFO: [HLS 200-111] Finished Creating RTL model: CPU user time: 1 seconds. CPU system time: 0 seconds. Elapsed time: 0.42 seconds; current allocated memory: 4.319 GB.
INFO: [HLS 200-10] ----------------------------------------------------------------
INFO: [HLS 200-10] -- Generating RTL for module 'run_pwconv_Pipeline_VITIS_LOOP_155_822' 
INFO: [HLS 200-10] ----------------------------------------------------------------
INFO: [HLS 200-1030] Apply Unified Pipeline Control on module 'run_pwconv_Pipeline_VITIS_LOOP_155_822' pipeline 'VITIS_LOOP_155_8' pipeline type 'loop pipeline'
INFO: [RTGEN 206-100] Generating core module 'mac_muladd_8s_8s_32s_32_4_1': 1 instance(s).
INFO: [RTGEN 206-100] Generating core module 'sparsemux_17_3_8_1_1': 1 instance(s).
INFO: [RTGEN 206-100] Generating core module 'sparsemux_65_5_8_1_1': 9 instance(s).
INFO: [RTGEN 206-100] Finished creating RTL model for 'run_pwconv_Pipeline_VITIS_LOOP_155_822'.
INFO: [HLS 200-111] Finished Creating RTL model: CPU user time: 0 seconds. CPU system time: 0 seconds. Elapsed time: 0.717 seconds; current allocated memory: 4.329 GB.
INFO: [HLS 200-10] ----------------------------------------------------------------
INFO: [HLS 200-10] -- Generating RTL for module 'run_pwconv_Pipeline_VITIS_LOOP_155_823' 
INFO: [HLS 200-10] ----------------------------------------------------------------
INFO: [HLS 200-1030] Apply Unified Pipeline Control on module 'run_pwconv_Pipeline_VITIS_LOOP_155_823' pipeline 'VITIS_LOOP_155_8' pipeline type 'loop pipeline'
INFO: [RTGEN 206-100] Generating core module 'mac_muladd_8s_8s_32s_32_4_1': 1 instance(s).
INFO: [RTGEN 206-100] Generating core module 'sparsemux_17_3_8_1_1': 1 instance(s).
INFO: [RTGEN 206-100] Generating core module 'sparsemux_65_5_8_1_1': 9 instance(s).
INFO: [RTGEN 206-100] Finished creating RTL model for 'run_pwconv_Pipeline_VITIS_LOOP_155_823'.
INFO: [HLS 200-111] Finished Creating RTL model: CPU user time: 1 seconds. CPU system time: 0 seconds. Elapsed time: 0.423 seconds; current allocated memory: 4.338 GB.
INFO: [HLS 200-10] ----------------------------------------------------------------
INFO: [HLS 200-10] -- Generating RTL for module 'run_pwconv_Pipeline_VITIS_LOOP_155_824' 
INFO: [HLS 200-10] ----------------------------------------------------------------
INFO: [HLS 200-1030] Apply Unified Pipeline Control on module 'run_pwconv_Pipeline_VITIS_LOOP_155_824' pipeline 'VITIS_LOOP_155_8' pipeline type 'loop pipeline'
INFO: [RTGEN 206-100] Generating core module 'mac_muladd_8s_8s_32s_32_4_1': 1 instance(s).
INFO: [RTGEN 206-100] Generating core module 'sparsemux_17_3_8_1_1': 1 instance(s).
INFO: [RTGEN 206-100] Generating core module 'sparsemux_65_5_8_1_1': 9 instance(s).
INFO: [RTGEN 206-100] Finished creating RTL model for 'run_pwconv_Pipeline_VITIS_LOOP_155_824'.
INFO: [HLS 200-111] Finished Creating RTL model: CPU user time: 0 seconds. CPU system time: 0 seconds. Elapsed time: 0.42 seconds; current allocated memory: 4.347 GB.
INFO: [HLS 200-10] ----------------------------------------------------------------
INFO: [HLS 200-10] -- Generating RTL for module 'run_pwconv_Pipeline_VITIS_LOOP_155_825' 
INFO: [HLS 200-10] ----------------------------------------------------------------
INFO: [HLS 200-1030] Apply Unified Pipeline Control on module 'run_pwconv_Pipeline_VITIS_LOOP_155_825' pipeline 'VITIS_LOOP_155_8' pipeline type 'loop pipeline'
INFO: [RTGEN 206-100] Generating core module 'mac_muladd_8s_8s_32s_32_4_1': 1 instance(s).
INFO: [RTGEN 206-100] Generating core module 'sparsemux_17_3_8_1_1': 1 instance(s).
INFO: [RTGEN 206-100] Generating core module 'sparsemux_65_5_8_1_1': 9 instance(s).
INFO: [RTGEN 206-100] Finished creating RTL model for 'run_pwconv_Pipeline_VITIS_LOOP_155_825'.
INFO: [HLS 200-111] Finished Creating RTL model: CPU user time: 0 seconds. CPU system time: 0 seconds. Elapsed time: 0.428 seconds; current allocated memory: 4.357 GB.
INFO: [HLS 200-10] ----------------------------------------------------------------
INFO: [HLS 200-10] -- Generating RTL for module 'run_pwconv_Pipeline_VITIS_LOOP_155_826' 
INFO: [HLS 200-10] ----------------------------------------------------------------
INFO: [HLS 200-1030] Apply Unified Pipeline Control on module 'run_pwconv_Pipeline_VITIS_LOOP_155_826' pipeline 'VITIS_LOOP_155_8' pipeline type 'loop pipeline'
INFO: [RTGEN 206-100] Generating core module 'mac_muladd_8s_8s_32s_32_4_1': 1 instance(s).
INFO: [RTGEN 206-100] Generating core module 'sparsemux_17_3_8_1_1': 1 instance(s).
INFO: [RTGEN 206-100] Generating core module 'sparsemux_65_5_8_1_1': 9 instance(s).
INFO: [RTGEN 206-100] Finished creating RTL model for 'run_pwconv_Pipeline_VITIS_LOOP_155_826'.
INFO: [HLS 200-111] Finished Creating RTL model: CPU user time: 1 seconds. CPU system time: 0 seconds. Elapsed time: 0.426 seconds; current allocated memory: 4.366 GB.
INFO: [HLS 200-10] ----------------------------------------------------------------
INFO: [HLS 200-10] -- Generating RTL for module 'run_pwconv_Pipeline_VITIS_LOOP_155_827' 
INFO: [HLS 200-10] ----------------------------------------------------------------
INFO: [HLS 200-1030] Apply Unified Pipeline Control on module 'run_pwconv_Pipeline_VITIS_LOOP_155_827' pipeline 'VITIS_LOOP_155_8' pipeline type 'loop pipeline'
INFO: [RTGEN 206-100] Generating core module 'mac_muladd_8s_8s_32s_32_4_1': 1 instance(s).
INFO: [RTGEN 206-100] Generating core module 'sparsemux_17_3_8_1_1': 1 instance(s).
INFO: [RTGEN 206-100] Generating core module 'sparsemux_65_5_8_1_1': 9 instance(s).
INFO: [RTGEN 206-100] Finished creating RTL model for 'run_pwconv_Pipeline_VITIS_LOOP_155_827'.
INFO: [HLS 200-111] Finished Creating RTL model: CPU user time: 0 seconds. CPU system time: 0 seconds. Elapsed time: 0.418 seconds; current allocated memory: 4.376 GB.
INFO: [HLS 200-10] ----------------------------------------------------------------
INFO: [HLS 200-10] -- Generating RTL for module 'run_pwconv_Pipeline_VITIS_LOOP_155_828' 
INFO: [HLS 200-10] ----------------------------------------------------------------
INFO: [HLS 200-1030] Apply Unified Pipeline Control on module 'run_pwconv_Pipeline_VITIS_LOOP_155_828' pipeline 'VITIS_LOOP_155_8' pipeline type 'loop pipeline'
INFO: [RTGEN 206-100] Generating core module 'mac_muladd_8s_8s_32s_32_4_1': 1 instance(s).
INFO: [RTGEN 206-100] Generating core module 'sparsemux_17_3_8_1_1': 1 instance(s).
INFO: [RTGEN 206-100] Generating core module 'sparsemux_65_5_8_1_1': 9 instance(s).
INFO: [RTGEN 206-100] Finished creating RTL model for 'run_pwconv_Pipeline_VITIS_LOOP_155_828'.
INFO: [HLS 200-111] Finished Creating RTL model: CPU user time: 0 seconds. CPU system time: 0 seconds. Elapsed time: 0.428 seconds; current allocated memory: 4.385 GB.
INFO: [HLS 200-10] ----------------------------------------------------------------
INFO: [HLS 200-10] -- Generating RTL for module 'run_pwconv_Pipeline_VITIS_LOOP_155_829' 
INFO: [HLS 200-10] ----------------------------------------------------------------
INFO: [HLS 200-1030] Apply Unified Pipeline Control on module 'run_pwconv_Pipeline_VITIS_LOOP_155_829' pipeline 'VITIS_LOOP_155_8' pipeline type 'loop pipeline'
INFO: [RTGEN 206-100] Generating core module 'mac_muladd_8s_8s_32s_32_4_1': 1 instance(s).
INFO: [RTGEN 206-100] Generating core module 'sparsemux_17_3_8_1_1': 1 instance(s).
INFO: [RTGEN 206-100] Generating core module 'sparsemux_65_5_8_1_1': 9 instance(s).
INFO: [RTGEN 206-100] Finished creating RTL model for 'run_pwconv_Pipeline_VITIS_LOOP_155_829'.
INFO: [HLS 200-111] Finished Creating RTL model: CPU user time: 1 seconds. CPU system time: 0 seconds. Elapsed time: 0.427 seconds; current allocated memory: 4.394 GB.
INFO: [HLS 200-10] ----------------------------------------------------------------
INFO: [HLS 200-10] -- Generating RTL for module 'run_pwconv_Pipeline_VITIS_LOOP_155_830' 
INFO: [HLS 200-10] ----------------------------------------------------------------
INFO: [HLS 200-1030] Apply Unified Pipeline Control on module 'run_pwconv_Pipeline_VITIS_LOOP_155_830' pipeline 'VITIS_LOOP_155_8' pipeline type 'loop pipeline'
INFO: [RTGEN 206-100] Generating core module 'mac_muladd_8s_8s_32s_32_4_1': 1 instance(s).
INFO: [RTGEN 206-100] Generating core module 'sparsemux_17_3_8_1_1': 1 instance(s).
INFO: [RTGEN 206-100] Generating core module 'sparsemux_65_5_8_1_1': 9 instance(s).
INFO: [RTGEN 206-100] Finished creating RTL model for 'run_pwconv_Pipeline_VITIS_LOOP_155_830'.
INFO: [HLS 200-111] Finished Creating RTL model: CPU user time: 0 seconds. CPU system time: 0 seconds. Elapsed time: 0.716 seconds; current allocated memory: 4.404 GB.
INFO: [HLS 200-10] ----------------------------------------------------------------
INFO: [HLS 200-10] -- Generating RTL for module 'run_pwconv_Pipeline_VITIS_LOOP_155_831' 
INFO: [HLS 200-10] ----------------------------------------------------------------
INFO: [HLS 200-1030] Apply Unified Pipeline Control on module 'run_pwconv_Pipeline_VITIS_LOOP_155_831' pipeline 'VITIS_LOOP_155_8' pipeline type 'loop pipeline'
INFO: [RTGEN 206-100] Generating core module 'mac_muladd_8s_8s_32s_32_4_1': 1 instance(s).
INFO: [RTGEN 206-100] Generating core module 'sparsemux_17_3_8_1_1': 1 instance(s).
INFO: [RTGEN 206-100] Generating core module 'sparsemux_65_5_8_1_1': 9 instance(s).
INFO: [RTGEN 206-100] Finished creating RTL model for 'run_pwconv_Pipeline_VITIS_LOOP_155_831'.
INFO: [HLS 200-111] Finished Creating RTL model: CPU user time: 1 seconds. CPU system time: 0 seconds. Elapsed time: 0.426 seconds; current allocated memory: 4.413 GB.
INFO: [HLS 200-10] ----------------------------------------------------------------
INFO: [HLS 200-10] -- Generating RTL for module 'run_pwconv_Pipeline_VITIS_LOOP_155_832' 
INFO: [HLS 200-10] ----------------------------------------------------------------
INFO: [HLS 200-1030] Apply Unified Pipeline Control on module 'run_pwconv_Pipeline_VITIS_LOOP_155_832' pipeline 'VITIS_LOOP_155_8' pipeline type 'loop pipeline'
INFO: [RTGEN 206-100] Generating core module 'mac_muladd_8s_8s_32s_32_4_1': 1 instance(s).
INFO: [RTGEN 206-100] Generating core module 'sparsemux_17_3_8_1_1': 1 instance(s).
INFO: [RTGEN 206-100] Generating core module 'sparsemux_65_5_8_1_1': 9 instance(s).
INFO: [RTGEN 206-100] Finished creating RTL model for 'run_pwconv_Pipeline_VITIS_LOOP_155_832'.
INFO: [HLS 200-111] Finished Creating RTL model: CPU user time: 0 seconds. CPU system time: 0 seconds. Elapsed time: 0.427 seconds; current allocated memory: 4.422 GB.
INFO: [HLS 200-10] ----------------------------------------------------------------
INFO: [HLS 200-10] -- Generating RTL for module 'run_pwconv_Pipeline_VITIS_LOOP_155_833' 
INFO: [HLS 200-10] ----------------------------------------------------------------
INFO: [HLS 200-1030] Apply Unified Pipeline Control on module 'run_pwconv_Pipeline_VITIS_LOOP_155_833' pipeline 'VITIS_LOOP_155_8' pipeline type 'loop pipeline'
INFO: [RTGEN 206-100] Generating core module 'mac_muladd_8s_8s_32s_32_4_1': 1 instance(s).
INFO: [RTGEN 206-100] Generating core module 'sparsemux_17_3_8_1_1': 1 instance(s).
INFO: [RTGEN 206-100] Generating core module 'sparsemux_65_5_8_1_1': 9 instance(s).
INFO: [RTGEN 206-100] Finished creating RTL model for 'run_pwconv_Pipeline_VITIS_LOOP_155_833'.
INFO: [HLS 200-111] Finished Creating RTL model: CPU user time: 0 seconds. CPU system time: 0 seconds. Elapsed time: 0.423 seconds; current allocated memory: 4.432 GB.
INFO: [HLS 200-10] ----------------------------------------------------------------
INFO: [HLS 200-10] -- Generating RTL for module 'run_pwconv_Pipeline_VITIS_LOOP_155_834' 
INFO: [HLS 200-10] ----------------------------------------------------------------
INFO: [HLS 200-1030] Apply Unified Pipeline Control on module 'run_pwconv_Pipeline_VITIS_LOOP_155_834' pipeline 'VITIS_LOOP_155_8' pipeline type 'loop pipeline'
INFO: [RTGEN 206-100] Generating core module 'mac_muladd_8s_8s_32s_32_4_1': 1 instance(s).
INFO: [RTGEN 206-100] Generating core module 'sparsemux_17_3_8_1_1': 1 instance(s).
INFO: [RTGEN 206-100] Generating core module 'sparsemux_65_5_8_1_1': 9 instance(s).
INFO: [RTGEN 206-100] Finished creating RTL model for 'run_pwconv_Pipeline_VITIS_LOOP_155_834'.
INFO: [HLS 200-111] Finished Creating RTL model: CPU user time: 1 seconds. CPU system time: 0 seconds. Elapsed time: 0.426 seconds; current allocated memory: 4.442 GB.
INFO: [HLS 200-10] ----------------------------------------------------------------
INFO: [HLS 200-10] -- Generating RTL for module 'run_pwconv_Pipeline_VITIS_LOOP_155_835' 
INFO: [HLS 200-10] ----------------------------------------------------------------
INFO: [HLS 200-1030] Apply Unified Pipeline Control on module 'run_pwconv_Pipeline_VITIS_LOOP_155_835' pipeline 'VITIS_LOOP_155_8' pipeline type 'loop pipeline'
INFO: [RTGEN 206-100] Generating core module 'mac_muladd_8s_8s_32s_32_4_1': 1 instance(s).
INFO: [RTGEN 206-100] Generating core module 'sparsemux_17_3_8_1_1': 1 instance(s).
INFO: [RTGEN 206-100] Generating core module 'sparsemux_65_5_8_1_1': 9 instance(s).
INFO: [RTGEN 206-100] Finished creating RTL model for 'run_pwconv_Pipeline_VITIS_LOOP_155_835'.
INFO: [HLS 200-111] Finished Creating RTL model: CPU user time: 0 seconds. CPU system time: 0 seconds. Elapsed time: 0.432 seconds; current allocated memory: 4.451 GB.
INFO: [HLS 200-10] ----------------------------------------------------------------
INFO: [HLS 200-10] -- Generating RTL for module 'run_pwconv_Pipeline_VITIS_LOOP_155_836' 
INFO: [HLS 200-10] ----------------------------------------------------------------
INFO: [HLS 200-1030] Apply Unified Pipeline Control on module 'run_pwconv_Pipeline_VITIS_LOOP_155_836' pipeline 'VITIS_LOOP_155_8' pipeline type 'loop pipeline'
INFO: [RTGEN 206-100] Generating core module 'mac_muladd_8s_8s_32s_32_4_1': 1 instance(s).
INFO: [RTGEN 206-100] Generating core module 'sparsemux_17_3_8_1_1': 1 instance(s).
INFO: [RTGEN 206-100] Generating core module 'sparsemux_65_5_8_1_1': 9 instance(s).
INFO: [RTGEN 206-100] Finished creating RTL model for 'run_pwconv_Pipeline_VITIS_LOOP_155_836'.
INFO: [HLS 200-111] Finished Creating RTL model: CPU user time: 0 seconds. CPU system time: 0 seconds. Elapsed time: 0.43 seconds; current allocated memory: 4.459 GB.
INFO: [HLS 200-10] ----------------------------------------------------------------
INFO: [HLS 200-10] -- Generating RTL for module 'run_pwconv_Pipeline_VITIS_LOOP_155_837' 
INFO: [HLS 200-10] ----------------------------------------------------------------
INFO: [HLS 200-1030] Apply Unified Pipeline Control on module 'run_pwconv_Pipeline_VITIS_LOOP_155_837' pipeline 'VITIS_LOOP_155_8' pipeline type 'loop pipeline'
INFO: [RTGEN 206-100] Generating core module 'mac_muladd_8s_8s_32s_32_4_1': 1 instance(s).
INFO: [RTGEN 206-100] Generating core module 'sparsemux_17_3_8_1_1': 1 instance(s).
INFO: [RTGEN 206-100] Generating core module 'sparsemux_65_5_8_1_1': 9 instance(s).
INFO: [RTGEN 206-100] Finished creating RTL model for 'run_pwconv_Pipeline_VITIS_LOOP_155_837'.
INFO: [HLS 200-111] Finished Creating RTL model: CPU user time: 1 seconds. CPU system time: 0 seconds. Elapsed time: 0.43 seconds; current allocated memory: 4.469 GB.
INFO: [HLS 200-10] ----------------------------------------------------------------
INFO: [HLS 200-10] -- Generating RTL for module 'run_pwconv_Pipeline_VITIS_LOOP_155_838' 
INFO: [HLS 200-10] ----------------------------------------------------------------
INFO: [HLS 200-1030] Apply Unified Pipeline Control on module 'run_pwconv_Pipeline_VITIS_LOOP_155_838' pipeline 'VITIS_LOOP_155_8' pipeline type 'loop pipeline'
INFO: [RTGEN 206-100] Generating core module 'mac_muladd_8s_8s_32s_32_4_1': 1 instance(s).
INFO: [RTGEN 206-100] Generating core module 'sparsemux_17_3_8_1_1': 1 instance(s).
INFO: [RTGEN 206-100] Generating core module 'sparsemux_65_5_8_1_1': 9 instance(s).
INFO: [RTGEN 206-100] Finished creating RTL model for 'run_pwconv_Pipeline_VITIS_LOOP_155_838'.
INFO: [HLS 200-111] Finished Creating RTL model: CPU user time: 1 seconds. CPU system time: 0 seconds. Elapsed time: 0.728 seconds; current allocated memory: 4.479 GB.
INFO: [HLS 200-10] ----------------------------------------------------------------
INFO: [HLS 200-10] -- Generating RTL for module 'run_pwconv_Pipeline_VITIS_LOOP_155_839' 
INFO: [HLS 200-10] ----------------------------------------------------------------
INFO: [HLS 200-1030] Apply Unified Pipeline Control on module 'run_pwconv_Pipeline_VITIS_LOOP_155_839' pipeline 'VITIS_LOOP_155_8' pipeline type 'loop pipeline'
INFO: [RTGEN 206-100] Generating core module 'mac_muladd_8s_8s_32s_32_4_1': 1 instance(s).
INFO: [RTGEN 206-100] Generating core module 'sparsemux_17_3_8_1_1': 1 instance(s).
INFO: [RTGEN 206-100] Generating core module 'sparsemux_65_5_8_1_1': 9 instance(s).
INFO: [RTGEN 206-100] Finished creating RTL model for 'run_pwconv_Pipeline_VITIS_LOOP_155_839'.
INFO: [HLS 200-111] Finished Creating RTL model: CPU user time: 0 seconds. CPU system time: 0 seconds. Elapsed time: 0.43 seconds; current allocated memory: 4.488 GB.
INFO: [HLS 200-10] ----------------------------------------------------------------
INFO: [HLS 200-10] -- Generating RTL for module 'run_pwconv_Pipeline_VITIS_LOOP_155_840' 
INFO: [HLS 200-10] ----------------------------------------------------------------
INFO: [HLS 200-1030] Apply Unified Pipeline Control on module 'run_pwconv_Pipeline_VITIS_LOOP_155_840' pipeline 'VITIS_LOOP_155_8' pipeline type 'loop pipeline'
INFO: [RTGEN 206-100] Generating core module 'mac_muladd_8s_8s_32s_32_4_1': 1 instance(s).
INFO: [RTGEN 206-100] Generating core module 'sparsemux_17_3_8_1_1': 1 instance(s).
INFO: [RTGEN 206-100] Generating core module 'sparsemux_65_5_8_1_1': 9 instance(s).
INFO: [RTGEN 206-100] Finished creating RTL model for 'run_pwconv_Pipeline_VITIS_LOOP_155_840'.
INFO: [HLS 200-111] Finished Creating RTL model: CPU user time: 0 seconds. CPU system time: 0 seconds. Elapsed time: 0.437 seconds; current allocated memory: 4.498 GB.
INFO: [HLS 200-10] ----------------------------------------------------------------
INFO: [HLS 200-10] -- Generating RTL for module 'run_pwconv_Pipeline_VITIS_LOOP_155_841' 
INFO: [HLS 200-10] ----------------------------------------------------------------
INFO: [HLS 200-1030] Apply Unified Pipeline Control on module 'run_pwconv_Pipeline_VITIS_LOOP_155_841' pipeline 'VITIS_LOOP_155_8' pipeline type 'loop pipeline'
INFO: [RTGEN 206-100] Generating core module 'mac_muladd_8s_8s_32s_32_4_1': 1 instance(s).
INFO: [RTGEN 206-100] Generating core module 'sparsemux_17_3_8_1_1': 1 instance(s).
INFO: [RTGEN 206-100] Generating core module 'sparsemux_65_5_8_1_1': 9 instance(s).
INFO: [RTGEN 206-100] Finished creating RTL model for 'run_pwconv_Pipeline_VITIS_LOOP_155_841'.
INFO: [HLS 200-111] Finished Creating RTL model: CPU user time: 1 seconds. CPU system time: 0 seconds. Elapsed time: 0.432 seconds; current allocated memory: 4.506 GB.
INFO: [HLS 200-10] ----------------------------------------------------------------
INFO: [HLS 200-10] -- Generating RTL for module 'run_pwconv_Pipeline_VITIS_LOOP_155_842' 
INFO: [HLS 200-10] ----------------------------------------------------------------
INFO: [HLS 200-1030] Apply Unified Pipeline Control on module 'run_pwconv_Pipeline_VITIS_LOOP_155_842' pipeline 'VITIS_LOOP_155_8' pipeline type 'loop pipeline'
INFO: [RTGEN 206-100] Generating core module 'mac_muladd_8s_8s_32s_32_4_1': 1 instance(s).
INFO: [RTGEN 206-100] Generating core module 'sparsemux_17_3_8_1_1': 1 instance(s).
INFO: [RTGEN 206-100] Generating core module 'sparsemux_65_5_8_1_1': 9 instance(s).
INFO: [RTGEN 206-100] Finished creating RTL model for 'run_pwconv_Pipeline_VITIS_LOOP_155_842'.
INFO: [HLS 200-111] Finished Creating RTL model: CPU user time: 0 seconds. CPU system time: 0 seconds. Elapsed time: 0.43 seconds; current allocated memory: 4.515 GB.
INFO: [HLS 200-10] ----------------------------------------------------------------
INFO: [HLS 200-10] -- Generating RTL for module 'run_pwconv_Pipeline_VITIS_LOOP_155_843' 
INFO: [HLS 200-10] ----------------------------------------------------------------
INFO: [HLS 200-1030] Apply Unified Pipeline Control on module 'run_pwconv_Pipeline_VITIS_LOOP_155_843' pipeline 'VITIS_LOOP_155_8' pipeline type 'loop pipeline'
INFO: [RTGEN 206-100] Generating core module 'mac_muladd_8s_8s_32s_32_4_1': 1 instance(s).
INFO: [RTGEN 206-100] Generating core module 'sparsemux_17_3_8_1_1': 1 instance(s).
INFO: [RTGEN 206-100] Generating core module 'sparsemux_65_5_8_1_1': 9 instance(s).
INFO: [RTGEN 206-100] Finished creating RTL model for 'run_pwconv_Pipeline_VITIS_LOOP_155_843'.
INFO: [HLS 200-111] Finished Creating RTL model: CPU user time: 0 seconds. CPU system time: 1 seconds. Elapsed time: 0.721 seconds; current allocated memory: 4.525 GB.
INFO: [HLS 200-10] ----------------------------------------------------------------
INFO: [HLS 200-10] -- Generating RTL for module 'run_pwconv_Pipeline_VITIS_LOOP_155_844' 
INFO: [HLS 200-10] ----------------------------------------------------------------
INFO: [HLS 200-1030] Apply Unified Pipeline Control on module 'run_pwconv_Pipeline_VITIS_LOOP_155_844' pipeline 'VITIS_LOOP_155_8' pipeline type 'loop pipeline'
INFO: [RTGEN 206-100] Generating core module 'mac_muladd_8s_8s_32s_32_4_1': 1 instance(s).
INFO: [RTGEN 206-100] Generating core module 'sparsemux_17_3_8_1_1': 1 instance(s).
INFO: [RTGEN 206-100] Generating core module 'sparsemux_65_5_8_1_1': 9 instance(s).
INFO: [RTGEN 206-100] Finished creating RTL model for 'run_pwconv_Pipeline_VITIS_LOOP_155_844'.
INFO: [HLS 200-111] Finished Creating RTL model: CPU user time: 1 seconds. CPU system time: 0 seconds. Elapsed time: 0.434 seconds; current allocated memory: 4.534 GB.
INFO: [HLS 200-10] ----------------------------------------------------------------
INFO: [HLS 200-10] -- Generating RTL for module 'run_pwconv_Pipeline_VITIS_LOOP_155_845' 
INFO: [HLS 200-10] ----------------------------------------------------------------
INFO: [HLS 200-1030] Apply Unified Pipeline Control on module 'run_pwconv_Pipeline_VITIS_LOOP_155_845' pipeline 'VITIS_LOOP_155_8' pipeline type 'loop pipeline'
INFO: [RTGEN 206-100] Generating core module 'mac_muladd_8s_8s_32s_32_4_1': 1 instance(s).
INFO: [RTGEN 206-100] Generating core module 'sparsemux_17_3_8_1_1': 1 instance(s).
INFO: [RTGEN 206-100] Generating core module 'sparsemux_65_5_8_1_1': 9 instance(s).
INFO: [RTGEN 206-100] Finished creating RTL model for 'run_pwconv_Pipeline_VITIS_LOOP_155_845'.
INFO: [HLS 200-111] Finished Creating RTL model: CPU user time: 0 seconds. CPU system time: 0 seconds. Elapsed time: 0.439 seconds; current allocated memory: 4.543 GB.
INFO: [HLS 200-10] ----------------------------------------------------------------
INFO: [HLS 200-10] -- Generating RTL for module 'run_pwconv_Pipeline_VITIS_LOOP_155_846' 
INFO: [HLS 200-10] ----------------------------------------------------------------
INFO: [HLS 200-1030] Apply Unified Pipeline Control on module 'run_pwconv_Pipeline_VITIS_LOOP_155_846' pipeline 'VITIS_LOOP_155_8' pipeline type 'loop pipeline'
INFO: [RTGEN 206-100] Generating core module 'mac_muladd_8s_8s_32s_32_4_1': 1 instance(s).
INFO: [RTGEN 206-100] Generating core module 'sparsemux_17_3_8_1_1': 1 instance(s).
INFO: [RTGEN 206-100] Generating core module 'sparsemux_65_5_8_1_1': 9 instance(s).
INFO: [RTGEN 206-100] Finished creating RTL model for 'run_pwconv_Pipeline_VITIS_LOOP_155_846'.
INFO: [HLS 200-111] Finished Creating RTL model: CPU user time: 1 seconds. CPU system time: 0 seconds. Elapsed time: 0.421 seconds; current allocated memory: 4.552 GB.
INFO: [HLS 200-10] ----------------------------------------------------------------
INFO: [HLS 200-10] -- Generating RTL for module 'run_pwconv_Pipeline_VITIS_LOOP_155_847' 
INFO: [HLS 200-10] ----------------------------------------------------------------
INFO: [HLS 200-1030] Apply Unified Pipeline Control on module 'run_pwconv_Pipeline_VITIS_LOOP_155_847' pipeline 'VITIS_LOOP_155_8' pipeline type 'loop pipeline'
INFO: [RTGEN 206-100] Generating core module 'mac_muladd_8s_8s_32s_32_4_1': 1 instance(s).
INFO: [RTGEN 206-100] Generating core module 'sparsemux_17_3_8_1_1': 1 instance(s).
INFO: [RTGEN 206-100] Generating core module 'sparsemux_65_5_8_1_1': 9 instance(s).
INFO: [RTGEN 206-100] Finished creating RTL model for 'run_pwconv_Pipeline_VITIS_LOOP_155_847'.
INFO: [HLS 200-111] Finished Creating RTL model: CPU user time: 0 seconds. CPU system time: 0 seconds. Elapsed time: 0.44 seconds; current allocated memory: 4.562 GB.
INFO: [HLS 200-10] ----------------------------------------------------------------
INFO: [HLS 200-10] -- Generating RTL for module 'run_pwconv_Pipeline_VITIS_LOOP_155_848' 
INFO: [HLS 200-10] ----------------------------------------------------------------
INFO: [HLS 200-1030] Apply Unified Pipeline Control on module 'run_pwconv_Pipeline_VITIS_LOOP_155_848' pipeline 'VITIS_LOOP_155_8' pipeline type 'loop pipeline'
INFO: [RTGEN 206-100] Generating core module 'mac_muladd_8s_8s_32s_32_4_1': 1 instance(s).
INFO: [RTGEN 206-100] Generating core module 'sparsemux_17_3_8_1_1': 1 instance(s).
INFO: [RTGEN 206-100] Generating core module 'sparsemux_65_5_8_1_1': 9 instance(s).
INFO: [RTGEN 206-100] Finished creating RTL model for 'run_pwconv_Pipeline_VITIS_LOOP_155_848'.
INFO: [HLS 200-111] Finished Creating RTL model: CPU user time: 0 seconds. CPU system time: 0 seconds. Elapsed time: 0.434 seconds; current allocated memory: 4.571 GB.
INFO: [HLS 200-10] ----------------------------------------------------------------
INFO: [HLS 200-10] -- Generating RTL for module 'run_pwconv_Pipeline_VITIS_LOOP_155_849' 
INFO: [HLS 200-10] ----------------------------------------------------------------
INFO: [HLS 200-1030] Apply Unified Pipeline Control on module 'run_pwconv_Pipeline_VITIS_LOOP_155_849' pipeline 'VITIS_LOOP_155_8' pipeline type 'loop pipeline'
INFO: [RTGEN 206-100] Generating core module 'mac_muladd_8s_8s_32s_32_4_1': 1 instance(s).
INFO: [RTGEN 206-100] Generating core module 'sparsemux_17_3_8_1_1': 1 instance(s).
INFO: [RTGEN 206-100] Generating core module 'sparsemux_65_5_8_1_1': 9 instance(s).
INFO: [RTGEN 206-100] Finished creating RTL model for 'run_pwconv_Pipeline_VITIS_LOOP_155_849'.
INFO: [HLS 200-111] Finished Creating RTL model: CPU user time: 1 seconds. CPU system time: 0 seconds. Elapsed time: 0.432 seconds; current allocated memory: 4.581 GB.
INFO: [HLS 200-10] ----------------------------------------------------------------
INFO: [HLS 200-10] -- Generating RTL for module 'run_pwconv_Pipeline_VITIS_LOOP_155_850' 
INFO: [HLS 200-10] ----------------------------------------------------------------
INFO: [HLS 200-1030] Apply Unified Pipeline Control on module 'run_pwconv_Pipeline_VITIS_LOOP_155_850' pipeline 'VITIS_LOOP_155_8' pipeline type 'loop pipeline'
INFO: [RTGEN 206-100] Generating core module 'mac_muladd_8s_8s_32s_32_4_1': 1 instance(s).
INFO: [RTGEN 206-100] Generating core module 'sparsemux_17_3_8_1_1': 1 instance(s).
INFO: [RTGEN 206-100] Generating core module 'sparsemux_65_5_8_1_1': 9 instance(s).
INFO: [RTGEN 206-100] Finished creating RTL model for 'run_pwconv_Pipeline_VITIS_LOOP_155_850'.
INFO: [HLS 200-111] Finished Creating RTL model: CPU user time: 0 seconds. CPU system time: 0 seconds. Elapsed time: 0.436 seconds; current allocated memory: 4.589 GB.
INFO: [HLS 200-10] ----------------------------------------------------------------
INFO: [HLS 200-10] -- Generating RTL for module 'run_pwconv_Pipeline_VITIS_LOOP_155_851' 
INFO: [HLS 200-10] ----------------------------------------------------------------
INFO: [HLS 200-1030] Apply Unified Pipeline Control on module 'run_pwconv_Pipeline_VITIS_LOOP_155_851' pipeline 'VITIS_LOOP_155_8' pipeline type 'loop pipeline'
INFO: [RTGEN 206-100] Generating core module 'mac_muladd_8s_8s_32s_32_4_1': 1 instance(s).
INFO: [RTGEN 206-100] Generating core module 'sparsemux_17_3_8_1_1': 1 instance(s).
INFO: [RTGEN 206-100] Generating core module 'sparsemux_65_5_8_1_1': 9 instance(s).
INFO: [RTGEN 206-100] Finished creating RTL model for 'run_pwconv_Pipeline_VITIS_LOOP_155_851'.
INFO: [HLS 200-111] Finished Creating RTL model: CPU user time: 1 seconds. CPU system time: 0 seconds. Elapsed time: 0.735 seconds; current allocated memory: 4.599 GB.
INFO: [HLS 200-10] ----------------------------------------------------------------
INFO: [HLS 200-10] -- Generating RTL for module 'run_pwconv_Pipeline_VITIS_LOOP_155_852' 
INFO: [HLS 200-10] ----------------------------------------------------------------
INFO: [HLS 200-1030] Apply Unified Pipeline Control on module 'run_pwconv_Pipeline_VITIS_LOOP_155_852' pipeline 'VITIS_LOOP_155_8' pipeline type 'loop pipeline'
INFO: [RTGEN 206-100] Generating core module 'mac_muladd_8s_8s_32s_32_4_1': 1 instance(s).
INFO: [RTGEN 206-100] Generating core module 'sparsemux_17_3_8_1_1': 1 instance(s).
INFO: [RTGEN 206-100] Generating core module 'sparsemux_65_5_8_1_1': 9 instance(s).
INFO: [RTGEN 206-100] Finished creating RTL model for 'run_pwconv_Pipeline_VITIS_LOOP_155_852'.
INFO: [HLS 200-111] Finished Creating RTL model: CPU user time: 0 seconds. CPU system time: 0 seconds. Elapsed time: 0.437 seconds; current allocated memory: 4.609 GB.
INFO: [HLS 200-10] ----------------------------------------------------------------
INFO: [HLS 200-10] -- Generating RTL for module 'run_pwconv_Pipeline_VITIS_LOOP_155_853' 
INFO: [HLS 200-10] ----------------------------------------------------------------
INFO: [HLS 200-1030] Apply Unified Pipeline Control on module 'run_pwconv_Pipeline_VITIS_LOOP_155_853' pipeline 'VITIS_LOOP_155_8' pipeline type 'loop pipeline'
INFO: [RTGEN 206-100] Generating core module 'mac_muladd_8s_8s_32s_32_4_1': 1 instance(s).
INFO: [RTGEN 206-100] Generating core module 'sparsemux_17_3_8_1_1': 1 instance(s).
INFO: [RTGEN 206-100] Generating core module 'sparsemux_65_5_8_1_1': 9 instance(s).
INFO: [RTGEN 206-100] Finished creating RTL model for 'run_pwconv_Pipeline_VITIS_LOOP_155_853'.
INFO: [HLS 200-111] Finished Creating RTL model: CPU user time: 0 seconds. CPU system time: 0 seconds. Elapsed time: 0.436 seconds; current allocated memory: 4.619 GB.
INFO: [HLS 200-10] ----------------------------------------------------------------
INFO: [HLS 200-10] -- Generating RTL for module 'run_pwconv_Pipeline_VITIS_LOOP_155_854' 
INFO: [HLS 200-10] ----------------------------------------------------------------
INFO: [HLS 200-1030] Apply Unified Pipeline Control on module 'run_pwconv_Pipeline_VITIS_LOOP_155_854' pipeline 'VITIS_LOOP_155_8' pipeline type 'loop pipeline'
INFO: [RTGEN 206-100] Generating core module 'mac_muladd_8s_8s_32s_32_4_1': 1 instance(s).
INFO: [RTGEN 206-100] Generating core module 'sparsemux_17_3_8_1_1': 1 instance(s).
INFO: [RTGEN 206-100] Generating core module 'sparsemux_65_5_8_1_1': 9 instance(s).
INFO: [RTGEN 206-100] Finished creating RTL model for 'run_pwconv_Pipeline_VITIS_LOOP_155_854'.
INFO: [HLS 200-111] Finished Creating RTL model: CPU user time: 1 seconds. CPU system time: 0 seconds. Elapsed time: 0.45 seconds; current allocated memory: 4.628 GB.
INFO: [HLS 200-10] ----------------------------------------------------------------
INFO: [HLS 200-10] -- Generating RTL for module 'run_pwconv_Pipeline_VITIS_LOOP_155_855' 
INFO: [HLS 200-10] ----------------------------------------------------------------
INFO: [HLS 200-1030] Apply Unified Pipeline Control on module 'run_pwconv_Pipeline_VITIS_LOOP_155_855' pipeline 'VITIS_LOOP_155_8' pipeline type 'loop pipeline'
INFO: [RTGEN 206-100] Generating core module 'mac_muladd_8s_8s_32s_32_4_1': 1 instance(s).
INFO: [RTGEN 206-100] Generating core module 'sparsemux_17_3_8_1_1': 1 instance(s).
INFO: [RTGEN 206-100] Generating core module 'sparsemux_65_5_8_1_1': 9 instance(s).
INFO: [RTGEN 206-100] Finished creating RTL model for 'run_pwconv_Pipeline_VITIS_LOOP_155_855'.
INFO: [HLS 200-111] Finished Creating RTL model: CPU user time: 0 seconds. CPU system time: 0 seconds. Elapsed time: 0.443 seconds; current allocated memory: 4.637 GB.
INFO: [HLS 200-10] ----------------------------------------------------------------
INFO: [HLS 200-10] -- Generating RTL for module 'run_pwconv_Pipeline_VITIS_LOOP_155_856' 
INFO: [HLS 200-10] ----------------------------------------------------------------
INFO: [HLS 200-1030] Apply Unified Pipeline Control on module 'run_pwconv_Pipeline_VITIS_LOOP_155_856' pipeline 'VITIS_LOOP_155_8' pipeline type 'loop pipeline'
INFO: [RTGEN 206-100] Generating core module 'mac_muladd_8s_8s_32s_32_4_1': 1 instance(s).
INFO: [RTGEN 206-100] Generating core module 'sparsemux_17_3_8_1_1': 1 instance(s).
INFO: [RTGEN 206-100] Generating core module 'sparsemux_65_5_8_1_1': 9 instance(s).
INFO: [RTGEN 206-100] Finished creating RTL model for 'run_pwconv_Pipeline_VITIS_LOOP_155_856'.
INFO: [HLS 200-111] Finished Creating RTL model: CPU user time: 1 seconds. CPU system time: 0 seconds. Elapsed time: 0.441 seconds; current allocated memory: 4.646 GB.
INFO: [HLS 200-10] ----------------------------------------------------------------
INFO: [HLS 200-10] -- Generating RTL for module 'run_pwconv_Pipeline_VITIS_LOOP_155_857' 
INFO: [HLS 200-10] ----------------------------------------------------------------
INFO: [HLS 200-1030] Apply Unified Pipeline Control on module 'run_pwconv_Pipeline_VITIS_LOOP_155_857' pipeline 'VITIS_LOOP_155_8' pipeline type 'loop pipeline'
INFO: [RTGEN 206-100] Generating core module 'mac_muladd_8s_8s_32s_32_4_1': 1 instance(s).
INFO: [RTGEN 206-100] Generating core module 'sparsemux_17_3_8_1_1': 1 instance(s).
INFO: [RTGEN 206-100] Generating core module 'sparsemux_65_5_8_1_1': 9 instance(s).
INFO: [RTGEN 206-100] Finished creating RTL model for 'run_pwconv_Pipeline_VITIS_LOOP_155_857'.
INFO: [HLS 200-111] Finished Creating RTL model: CPU user time: 0 seconds. CPU system time: 0 seconds. Elapsed time: 0.443 seconds; current allocated memory: 4.655 GB.
INFO: [HLS 200-10] ----------------------------------------------------------------
INFO: [HLS 200-10] -- Generating RTL for module 'run_pwconv_Pipeline_VITIS_LOOP_155_858' 
INFO: [HLS 200-10] ----------------------------------------------------------------
INFO: [HLS 200-1030] Apply Unified Pipeline Control on module 'run_pwconv_Pipeline_VITIS_LOOP_155_858' pipeline 'VITIS_LOOP_155_8' pipeline type 'loop pipeline'
INFO: [RTGEN 206-100] Generating core module 'mac_muladd_8s_8s_32s_32_4_1': 1 instance(s).
INFO: [RTGEN 206-100] Generating core module 'sparsemux_17_3_8_1_1': 1 instance(s).
INFO: [RTGEN 206-100] Generating core module 'sparsemux_65_5_8_1_1': 9 instance(s).
INFO: [RTGEN 206-100] Finished creating RTL model for 'run_pwconv_Pipeline_VITIS_LOOP_155_858'.
INFO: [HLS 200-111] Finished Creating RTL model: CPU user time: 0 seconds. CPU system time: 0 seconds. Elapsed time: 0.444 seconds; current allocated memory: 4.665 GB.
INFO: [HLS 200-10] ----------------------------------------------------------------
INFO: [HLS 200-10] -- Generating RTL for module 'run_pwconv_Pipeline_VITIS_LOOP_155_859' 
INFO: [HLS 200-10] ----------------------------------------------------------------
INFO: [HLS 200-1030] Apply Unified Pipeline Control on module 'run_pwconv_Pipeline_VITIS_LOOP_155_859' pipeline 'VITIS_LOOP_155_8' pipeline type 'loop pipeline'
INFO: [RTGEN 206-100] Generating core module 'mac_muladd_8s_8s_32s_32_4_1': 1 instance(s).
INFO: [RTGEN 206-100] Generating core module 'sparsemux_17_3_8_1_1': 1 instance(s).
INFO: [RTGEN 206-100] Generating core module 'sparsemux_65_5_8_1_1': 9 instance(s).
INFO: [RTGEN 206-100] Finished creating RTL model for 'run_pwconv_Pipeline_VITIS_LOOP_155_859'.
INFO: [HLS 200-111] Finished Creating RTL model: CPU user time: 1 seconds. CPU system time: 0 seconds. Elapsed time: 0.447 seconds; current allocated memory: 4.674 GB.
INFO: [HLS 200-10] ----------------------------------------------------------------
INFO: [HLS 200-10] -- Generating RTL for module 'run_pwconv_Pipeline_VITIS_LOOP_155_860' 
INFO: [HLS 200-10] ----------------------------------------------------------------
INFO: [HLS 200-1030] Apply Unified Pipeline Control on module 'run_pwconv_Pipeline_VITIS_LOOP_155_860' pipeline 'VITIS_LOOP_155_8' pipeline type 'loop pipeline'
INFO: [RTGEN 206-100] Generating core module 'mac_muladd_8s_8s_32s_32_4_1': 1 instance(s).
INFO: [RTGEN 206-100] Generating core module 'sparsemux_17_3_8_1_1': 1 instance(s).
INFO: [RTGEN 206-100] Generating core module 'sparsemux_65_5_8_1_1': 9 instance(s).
INFO: [RTGEN 206-100] Finished creating RTL model for 'run_pwconv_Pipeline_VITIS_LOOP_155_860'.
INFO: [HLS 200-111] Finished Creating RTL model: CPU user time: 0 seconds. CPU system time: 0 seconds. Elapsed time: 0.449 seconds; current allocated memory: 4.683 GB.
INFO: [HLS 200-10] ----------------------------------------------------------------
INFO: [HLS 200-10] -- Generating RTL for module 'run_pwconv_Pipeline_VITIS_LOOP_155_861' 
INFO: [HLS 200-10] ----------------------------------------------------------------
INFO: [HLS 200-1030] Apply Unified Pipeline Control on module 'run_pwconv_Pipeline_VITIS_LOOP_155_861' pipeline 'VITIS_LOOP_155_8' pipeline type 'loop pipeline'
INFO: [RTGEN 206-100] Generating core module 'mac_muladd_8s_8s_32s_32_4_1': 1 instance(s).
INFO: [RTGEN 206-100] Generating core module 'sparsemux_17_3_8_1_1': 1 instance(s).
INFO: [RTGEN 206-100] Generating core module 'sparsemux_65_5_8_1_1': 9 instance(s).
INFO: [RTGEN 206-100] Finished creating RTL model for 'run_pwconv_Pipeline_VITIS_LOOP_155_861'.
INFO: [HLS 200-111] Finished Creating RTL model: CPU user time: 0 seconds. CPU system time: 0 seconds. Elapsed time: 0.454 seconds; current allocated memory: 4.692 GB.
INFO: [HLS 200-10] ----------------------------------------------------------------
INFO: [HLS 200-10] -- Generating RTL for module 'run_pwconv_Pipeline_VITIS_LOOP_155_862' 
INFO: [HLS 200-10] ----------------------------------------------------------------
INFO: [HLS 200-1030] Apply Unified Pipeline Control on module 'run_pwconv_Pipeline_VITIS_LOOP_155_862' pipeline 'VITIS_LOOP_155_8' pipeline type 'loop pipeline'
INFO: [RTGEN 206-100] Generating core module 'mac_muladd_8s_8s_32s_32_4_1': 1 instance(s).
INFO: [RTGEN 206-100] Generating core module 'sparsemux_17_3_8_1_1': 1 instance(s).
INFO: [RTGEN 206-100] Generating core module 'sparsemux_65_5_8_1_1': 9 instance(s).
INFO: [RTGEN 206-100] Finished creating RTL model for 'run_pwconv_Pipeline_VITIS_LOOP_155_862'.
INFO: [HLS 200-111] Finished Creating RTL model: CPU user time: 1 seconds. CPU system time: 0 seconds. Elapsed time: 0.445 seconds; current allocated memory: 4.702 GB.
INFO: [HLS 200-10] ----------------------------------------------------------------
INFO: [HLS 200-10] -- Generating RTL for module 'run_pwconv_Pipeline_VITIS_LOOP_155_863' 
INFO: [HLS 200-10] ----------------------------------------------------------------
INFO: [HLS 200-1030] Apply Unified Pipeline Control on module 'run_pwconv_Pipeline_VITIS_LOOP_155_863' pipeline 'VITIS_LOOP_155_8' pipeline type 'loop pipeline'
INFO: [RTGEN 206-100] Generating core module 'mac_muladd_8s_8s_32s_32_4_1': 1 instance(s).
INFO: [RTGEN 206-100] Generating core module 'sparsemux_17_3_8_1_1': 1 instance(s).
INFO: [RTGEN 206-100] Generating core module 'sparsemux_65_5_8_1_1': 9 instance(s).
INFO: [RTGEN 206-100] Finished creating RTL model for 'run_pwconv_Pipeline_VITIS_LOOP_155_863'.
INFO: [HLS 200-111] Finished Creating RTL model: CPU user time: 0 seconds. CPU system time: 0 seconds. Elapsed time: 0.455 seconds; current allocated memory: 4.711 GB.
INFO: [HLS 200-10] ----------------------------------------------------------------
INFO: [HLS 200-10] -- Generating RTL for module 'run_pwconv' 
INFO: [HLS 200-10] ----------------------------------------------------------------
INFO: [RTGEN 206-100] Generating core module 'mul_31ns_31ns_62_2_1': 1 instance(s).
INFO: [RTGEN 206-100] Generating core module 'mul_31ns_62ns_93_5_1': 1 instance(s).
INFO: [RTGEN 206-100] Generating core module 'sparsemux_17_3_32_1_1': 2 instance(s).
INFO: [RTGEN 206-100] Finished creating RTL model for 'run_pwconv'.
INFO: [HLS 200-111] Finished Creating RTL model: CPU user time: 2 seconds. CPU system time: 0 seconds. Elapsed time: 2.197 seconds; current allocated memory: 4.848 GB.
INFO: [HLS 200-10] ----------------------------------------------------------------
INFO: [HLS 200-10] -- Generating RTL for module 'run_dwconv_Pipeline_VITIS_LOOP_62_4_VITIS_LOOP_63_5' 
INFO: [HLS 200-10] ----------------------------------------------------------------
INFO: [HLS 200-1030] Apply Unified Pipeline Control on module 'run_dwconv_Pipeline_VITIS_LOOP_62_4_VITIS_LOOP_63_5' pipeline 'VITIS_LOOP_62_4_VITIS_LOOP_63_5' pipeline type 'loop pipeline'
INFO: [RTGEN 206-100] Finished creating RTL model for 'run_dwconv_Pipeline_VITIS_LOOP_62_4_VITIS_LOOP_63_5'.
INFO: [HLS 200-111] Finished Creating RTL model: CPU user time: 2 seconds. CPU system time: 1 seconds. Elapsed time: 1.876 seconds; current allocated memory: 4.938 GB.
INFO: [HLS 200-10] ----------------------------------------------------------------
INFO: [HLS 200-10] -- Generating RTL for module 'run_dwconv_Pipeline_VITIS_LOOP_65_6_VITIS_LOOP_67_7' 
INFO: [HLS 200-10] ----------------------------------------------------------------
INFO: [HLS 200-1030] Apply Unified Pipeline Control on module 'run_dwconv_Pipeline_VITIS_LOOP_65_6_VITIS_LOOP_67_7' pipeline 'VITIS_LOOP_65_6_VITIS_LOOP_67_7' pipeline type 'loop pipeline'
INFO: [RTGEN 206-104] Estimated max fanout for 'run_dwconv_Pipeline_VITIS_LOOP_65_6_VITIS_LOOP_67_7' is 6509 from HDL expression: (1'b0 == ap_block_pp0_stage0_11001)
INFO: [RTGEN 206-100] Finished creating RTL model for 'run_dwconv_Pipeline_VITIS_LOOP_65_6_VITIS_LOOP_67_7'.
INFO: [HLS 200-111] Finished Creating RTL model: CPU user time: 2 seconds. CPU system time: 0 seconds. Elapsed time: 2.247 seconds; current allocated memory: 4.955 GB.
INFO: [HLS 200-10] ----------------------------------------------------------------
INFO: [HLS 200-10] -- Generating RTL for module 'run_dwconv_Pipeline_VITIS_LOOP_89_8_VITIS_LOOP_90_9' 
INFO: [HLS 200-10] ----------------------------------------------------------------
INFO: [HLS 200-1030] Apply Unified Pipeline Control on module 'run_dwconv_Pipeline_VITIS_LOOP_89_8_VITIS_LOOP_90_9' pipeline 'VITIS_LOOP_89_8_VITIS_LOOP_90_9' pipeline type 'loop pipeline'
INFO: [RTGEN 206-100] Generating core module 'mac_muladd_8s_8s_32s_32_4_1': 1 instance(s).
INFO: [RTGEN 206-100] Generating core module 'sparsemux_17_3_8_1_1': 2 instance(s).
INFO: [RTGEN 206-100] Generating core module 'sparsemux_21_4_8_1_1': 88 instance(s).
INFO: [RTGEN 206-100] Generating core module 'sparsemux_7_2_8_1_1': 32 instance(s).
INFO: [RTGEN 206-100] Finished creating RTL model for 'run_dwconv_Pipeline_VITIS_LOOP_89_8_VITIS_LOOP_90_9'.
INFO: [HLS 200-111] Finished Creating RTL model: CPU user time: 5 seconds. CPU system time: 1 seconds. Elapsed time: 6.563 seconds; current allocated memory: 5.053 GB.
INFO: [HLS 200-10] ----------------------------------------------------------------
INFO: [HLS 200-10] -- Generating RTL for module 'run_dwconv_Pipeline_VITIS_LOOP_89_8_VITIS_LOOP_90_964' 
INFO: [HLS 200-10] ----------------------------------------------------------------
INFO: [HLS 200-1030] Apply Unified Pipeline Control on module 'run_dwconv_Pipeline_VITIS_LOOP_89_8_VITIS_LOOP_90_964' pipeline 'VITIS_LOOP_89_8_VITIS_LOOP_90_9' pipeline type 'loop pipeline'
INFO: [RTGEN 206-100] Generating core module 'mac_muladd_8s_8s_32s_32_4_1': 1 instance(s).
INFO: [RTGEN 206-100] Generating core module 'sparsemux_17_3_8_1_1': 2 instance(s).
INFO: [RTGEN 206-100] Generating core module 'sparsemux_21_4_8_1_1': 88 instance(s).
INFO: [RTGEN 206-100] Generating core module 'sparsemux_7_2_8_1_1': 32 instance(s).
INFO: [RTGEN 206-100] Finished creating RTL model for 'run_dwconv_Pipeline_VITIS_LOOP_89_8_VITIS_LOOP_90_964'.
INFO: [HLS 200-111] Finished Creating RTL model: CPU user time: 2 seconds. CPU system time: 0 seconds. Elapsed time: 1.786 seconds; current allocated memory: 5.086 GB.
INFO: [HLS 200-10] ----------------------------------------------------------------
INFO: [HLS 200-10] -- Generating RTL for module 'run_dwconv_Pipeline_VITIS_LOOP_89_8_VITIS_LOOP_90_965' 
INFO: [HLS 200-10] ----------------------------------------------------------------
INFO: [HLS 200-1030] Apply Unified Pipeline Control on module 'run_dwconv_Pipeline_VITIS_LOOP_89_8_VITIS_LOOP_90_965' pipeline 'VITIS_LOOP_89_8_VITIS_LOOP_90_9' pipeline type 'loop pipeline'
INFO: [RTGEN 206-100] Generating core module 'mac_muladd_8s_8s_32s_32_4_1': 1 instance(s).
INFO: [RTGEN 206-100] Generating core module 'sparsemux_17_3_8_1_1': 2 instance(s).
INFO: [RTGEN 206-100] Generating core module 'sparsemux_21_4_8_1_1': 88 instance(s).
INFO: [RTGEN 206-100] Generating core module 'sparsemux_7_2_8_1_1': 32 instance(s).
INFO: [RTGEN 206-100] Finished creating RTL model for 'run_dwconv_Pipeline_VITIS_LOOP_89_8_VITIS_LOOP_90_965'.
INFO: [HLS 200-111] Finished Creating RTL model: CPU user time: 1 seconds. CPU system time: 0 seconds. Elapsed time: 1.765 seconds; current allocated memory: 5.121 GB.
INFO: [HLS 200-10] ----------------------------------------------------------------
INFO: [HLS 200-10] -- Generating RTL for module 'run_dwconv_Pipeline_VITIS_LOOP_89_8_VITIS_LOOP_90_966' 
INFO: [HLS 200-10] ----------------------------------------------------------------
INFO: [HLS 200-1030] Apply Unified Pipeline Control on module 'run_dwconv_Pipeline_VITIS_LOOP_89_8_VITIS_LOOP_90_966' pipeline 'VITIS_LOOP_89_8_VITIS_LOOP_90_9' pipeline type 'loop pipeline'
INFO: [RTGEN 206-100] Generating core module 'mac_muladd_8s_8s_32s_32_4_1': 1 instance(s).
INFO: [RTGEN 206-100] Generating core module 'sparsemux_17_3_8_1_1': 2 instance(s).
INFO: [RTGEN 206-100] Generating core module 'sparsemux_21_4_8_1_1': 88 instance(s).
INFO: [RTGEN 206-100] Generating core module 'sparsemux_7_2_8_1_1': 32 instance(s).
INFO: [RTGEN 206-100] Finished creating RTL model for 'run_dwconv_Pipeline_VITIS_LOOP_89_8_VITIS_LOOP_90_966'.
INFO: [HLS 200-111] Finished Creating RTL model: CPU user time: 2 seconds. CPU system time: 0 seconds. Elapsed time: 1.76 seconds; current allocated memory: 5.157 GB.
INFO: [HLS 200-10] ----------------------------------------------------------------
INFO: [HLS 200-10] -- Generating RTL for module 'run_dwconv_Pipeline_VITIS_LOOP_89_8_VITIS_LOOP_90_967' 
INFO: [HLS 200-10] ----------------------------------------------------------------
INFO: [HLS 200-1030] Apply Unified Pipeline Control on module 'run_dwconv_Pipeline_VITIS_LOOP_89_8_VITIS_LOOP_90_967' pipeline 'VITIS_LOOP_89_8_VITIS_LOOP_90_9' pipeline type 'loop pipeline'
INFO: [RTGEN 206-100] Generating core module 'mac_muladd_8s_8s_32s_32_4_1': 1 instance(s).
INFO: [RTGEN 206-100] Generating core module 'sparsemux_17_3_8_1_1': 2 instance(s).
INFO: [RTGEN 206-100] Generating core module 'sparsemux_21_4_8_1_1': 88 instance(s).
INFO: [RTGEN 206-100] Generating core module 'sparsemux_7_2_8_1_1': 32 instance(s).
INFO: [RTGEN 206-100] Finished creating RTL model for 'run_dwconv_Pipeline_VITIS_LOOP_89_8_VITIS_LOOP_90_967'.
INFO: [HLS 200-111] Finished Creating RTL model: CPU user time: 2 seconds. CPU system time: 0 seconds. Elapsed time: 1.777 seconds; current allocated memory: 5.194 GB.
INFO: [HLS 200-10] ----------------------------------------------------------------
INFO: [HLS 200-10] -- Generating RTL for module 'run_dwconv_Pipeline_VITIS_LOOP_89_8_VITIS_LOOP_90_968' 
INFO: [HLS 200-10] ----------------------------------------------------------------
INFO: [HLS 200-1030] Apply Unified Pipeline Control on module 'run_dwconv_Pipeline_VITIS_LOOP_89_8_VITIS_LOOP_90_968' pipeline 'VITIS_LOOP_89_8_VITIS_LOOP_90_9' pipeline type 'loop pipeline'
INFO: [RTGEN 206-100] Generating core module 'mac_muladd_8s_8s_32s_32_4_1': 1 instance(s).
INFO: [RTGEN 206-100] Generating core module 'sparsemux_17_3_8_1_1': 2 instance(s).
INFO: [RTGEN 206-100] Generating core module 'sparsemux_21_4_8_1_1': 88 instance(s).
INFO: [RTGEN 206-100] Generating core module 'sparsemux_7_2_8_1_1': 32 instance(s).
INFO: [RTGEN 206-100] Finished creating RTL model for 'run_dwconv_Pipeline_VITIS_LOOP_89_8_VITIS_LOOP_90_968'.
INFO: [HLS 200-111] Finished Creating RTL model: CPU user time: 1 seconds. CPU system time: 1 seconds. Elapsed time: 1.764 seconds; current allocated memory: 5.230 GB.
INFO: [HLS 200-10] ----------------------------------------------------------------
INFO: [HLS 200-10] -- Generating RTL for module 'run_dwconv_Pipeline_VITIS_LOOP_89_8_VITIS_LOOP_90_969' 
INFO: [HLS 200-10] ----------------------------------------------------------------
INFO: [HLS 200-1030] Apply Unified Pipeline Control on module 'run_dwconv_Pipeline_VITIS_LOOP_89_8_VITIS_LOOP_90_969' pipeline 'VITIS_LOOP_89_8_VITIS_LOOP_90_9' pipeline type 'loop pipeline'
INFO: [RTGEN 206-100] Generating core module 'mac_muladd_8s_8s_32s_32_4_1': 1 instance(s).
INFO: [RTGEN 206-100] Generating core module 'sparsemux_17_3_8_1_1': 2 instance(s).
INFO: [RTGEN 206-100] Generating core module 'sparsemux_21_4_8_1_1': 88 instance(s).
INFO: [RTGEN 206-100] Generating core module 'sparsemux_7_2_8_1_1': 32 instance(s).
INFO: [RTGEN 206-100] Finished creating RTL model for 'run_dwconv_Pipeline_VITIS_LOOP_89_8_VITIS_LOOP_90_969'.
INFO: [HLS 200-111] Finished Creating RTL model: CPU user time: 4 seconds. CPU system time: 0 seconds. Elapsed time: 4.476 seconds; current allocated memory: 5.266 GB.
INFO: [HLS 200-10] ----------------------------------------------------------------
INFO: [HLS 200-10] -- Generating RTL for module 'run_dwconv_Pipeline_VITIS_LOOP_89_8_VITIS_LOOP_90_970' 
INFO: [HLS 200-10] ----------------------------------------------------------------
INFO: [HLS 200-1030] Apply Unified Pipeline Control on module 'run_dwconv_Pipeline_VITIS_LOOP_89_8_VITIS_LOOP_90_970' pipeline 'VITIS_LOOP_89_8_VITIS_LOOP_90_9' pipeline type 'loop pipeline'
INFO: [RTGEN 206-100] Generating core module 'mac_muladd_8s_8s_32s_32_4_1': 1 instance(s).
INFO: [RTGEN 206-100] Generating core module 'sparsemux_17_3_8_1_1': 2 instance(s).
INFO: [RTGEN 206-100] Generating core module 'sparsemux_21_4_8_1_1': 88 instance(s).
INFO: [RTGEN 206-100] Generating core module 'sparsemux_7_2_8_1_1': 32 instance(s).
INFO: [RTGEN 206-100] Finished creating RTL model for 'run_dwconv_Pipeline_VITIS_LOOP_89_8_VITIS_LOOP_90_970'.
INFO: [HLS 200-111] Finished Creating RTL model: CPU user time: 1 seconds. CPU system time: 1 seconds. Elapsed time: 1.812 seconds; current allocated memory: 5.301 GB.
INFO: [HLS 200-10] ----------------------------------------------------------------
INFO: [HLS 200-10] -- Generating RTL for module 'run_dwconv_Pipeline_VITIS_LOOP_89_8_VITIS_LOOP_90_971' 
INFO: [HLS 200-10] ----------------------------------------------------------------
INFO: [HLS 200-1030] Apply Unified Pipeline Control on module 'run_dwconv_Pipeline_VITIS_LOOP_89_8_VITIS_LOOP_90_971' pipeline 'VITIS_LOOP_89_8_VITIS_LOOP_90_9' pipeline type 'loop pipeline'
INFO: [RTGEN 206-100] Generating core module 'mac_muladd_8s_8s_32s_32_4_1': 1 instance(s).
INFO: [RTGEN 206-100] Generating core module 'sparsemux_17_3_8_1_1': 2 instance(s).
INFO: [RTGEN 206-100] Generating core module 'sparsemux_21_4_8_1_1': 88 instance(s).
INFO: [RTGEN 206-100] Generating core module 'sparsemux_7_2_8_1_1': 32 instance(s).
INFO: [RTGEN 206-100] Finished creating RTL model for 'run_dwconv_Pipeline_VITIS_LOOP_89_8_VITIS_LOOP_90_971'.
INFO: [HLS 200-111] Finished Creating RTL model: CPU user time: 5 seconds. CPU system time: 0 seconds. Elapsed time: 4.493 seconds; current allocated memory: 5.337 GB.
INFO: [HLS 200-10] ----------------------------------------------------------------
INFO: [HLS 200-10] -- Generating RTL for module 'run_dwconv_Pipeline_VITIS_LOOP_89_8_VITIS_LOOP_90_972' 
INFO: [HLS 200-10] ----------------------------------------------------------------
INFO: [HLS 200-1030] Apply Unified Pipeline Control on module 'run_dwconv_Pipeline_VITIS_LOOP_89_8_VITIS_LOOP_90_972' pipeline 'VITIS_LOOP_89_8_VITIS_LOOP_90_9' pipeline type 'loop pipeline'
INFO: [RTGEN 206-100] Generating core module 'mac_muladd_8s_8s_32s_32_4_1': 1 instance(s).
INFO: [RTGEN 206-100] Generating core module 'sparsemux_17_3_8_1_1': 2 instance(s).
INFO: [RTGEN 206-100] Generating core module 'sparsemux_21_4_8_1_1': 88 instance(s).
INFO: [RTGEN 206-100] Generating core module 'sparsemux_7_2_8_1_1': 32 instance(s).
INFO: [RTGEN 206-100] Finished creating RTL model for 'run_dwconv_Pipeline_VITIS_LOOP_89_8_VITIS_LOOP_90_972'.
INFO: [HLS 200-111] Finished Creating RTL model: CPU user time: 1 seconds. CPU system time: 0 seconds. Elapsed time: 1.796 seconds; current allocated memory: 5.373 GB.
INFO: [HLS 200-10] ----------------------------------------------------------------
INFO: [HLS 200-10] -- Generating RTL for module 'run_dwconv_Pipeline_VITIS_LOOP_89_8_VITIS_LOOP_90_973' 
INFO: [HLS 200-10] ----------------------------------------------------------------
INFO: [HLS 200-1030] Apply Unified Pipeline Control on module 'run_dwconv_Pipeline_VITIS_LOOP_89_8_VITIS_LOOP_90_973' pipeline 'VITIS_LOOP_89_8_VITIS_LOOP_90_9' pipeline type 'loop pipeline'
INFO: [RTGEN 206-100] Generating core module 'mac_muladd_8s_8s_32s_32_4_1': 1 instance(s).
INFO: [RTGEN 206-100] Generating core module 'sparsemux_17_3_8_1_1': 2 instance(s).
INFO: [RTGEN 206-100] Generating core module 'sparsemux_21_4_8_1_1': 88 instance(s).
INFO: [RTGEN 206-100] Generating core module 'sparsemux_7_2_8_1_1': 32 instance(s).
INFO: [RTGEN 206-100] Finished creating RTL model for 'run_dwconv_Pipeline_VITIS_LOOP_89_8_VITIS_LOOP_90_973'.
INFO: [HLS 200-111] Finished Creating RTL model: CPU user time: 4 seconds. CPU system time: 0 seconds. Elapsed time: 4.502 seconds; current allocated memory: 5.409 GB.
INFO: [HLS 200-10] ----------------------------------------------------------------
INFO: [HLS 200-10] -- Generating RTL for module 'run_dwconv_Pipeline_VITIS_LOOP_89_8_VITIS_LOOP_90_974' 
INFO: [HLS 200-10] ----------------------------------------------------------------
INFO: [HLS 200-1030] Apply Unified Pipeline Control on module 'run_dwconv_Pipeline_VITIS_LOOP_89_8_VITIS_LOOP_90_974' pipeline 'VITIS_LOOP_89_8_VITIS_LOOP_90_9' pipeline type 'loop pipeline'
INFO: [RTGEN 206-100] Generating core module 'mac_muladd_8s_8s_32s_32_4_1': 1 instance(s).
INFO: [RTGEN 206-100] Generating core module 'sparsemux_17_3_8_1_1': 2 instance(s).
INFO: [RTGEN 206-100] Generating core module 'sparsemux_21_4_8_1_1': 88 instance(s).
INFO: [RTGEN 206-100] Generating core module 'sparsemux_7_2_8_1_1': 32 instance(s).
INFO: [RTGEN 206-100] Finished creating RTL model for 'run_dwconv_Pipeline_VITIS_LOOP_89_8_VITIS_LOOP_90_974'.
INFO: [HLS 200-111] Finished Creating RTL model: CPU user time: 2 seconds. CPU system time: 0 seconds. Elapsed time: 1.807 seconds; current allocated memory: 5.446 GB.
INFO: [HLS 200-10] ----------------------------------------------------------------
INFO: [HLS 200-10] -- Generating RTL for module 'run_dwconv_Pipeline_VITIS_LOOP_89_8_VITIS_LOOP_90_975' 
INFO: [HLS 200-10] ----------------------------------------------------------------
INFO: [HLS 200-1030] Apply Unified Pipeline Control on module 'run_dwconv_Pipeline_VITIS_LOOP_89_8_VITIS_LOOP_90_975' pipeline 'VITIS_LOOP_89_8_VITIS_LOOP_90_9' pipeline type 'loop pipeline'
INFO: [RTGEN 206-100] Generating core module 'mac_muladd_8s_8s_32s_32_4_1': 1 instance(s).
INFO: [RTGEN 206-100] Generating core module 'sparsemux_17_3_8_1_1': 2 instance(s).
INFO: [RTGEN 206-100] Generating core module 'sparsemux_21_4_8_1_1': 88 instance(s).
INFO: [RTGEN 206-100] Generating core module 'sparsemux_7_2_8_1_1': 32 instance(s).
INFO: [RTGEN 206-100] Finished creating RTL model for 'run_dwconv_Pipeline_VITIS_LOOP_89_8_VITIS_LOOP_90_975'.
INFO: [HLS 200-111] Finished Creating RTL model: CPU user time: 4 seconds. CPU system time: 0 seconds. Elapsed time: 4.513 seconds; current allocated memory: 5.481 GB.
INFO: [HLS 200-10] ----------------------------------------------------------------
INFO: [HLS 200-10] -- Generating RTL for module 'run_dwconv_Pipeline_VITIS_LOOP_89_8_VITIS_LOOP_90_976' 
INFO: [HLS 200-10] ----------------------------------------------------------------
INFO: [HLS 200-1030] Apply Unified Pipeline Control on module 'run_dwconv_Pipeline_VITIS_LOOP_89_8_VITIS_LOOP_90_976' pipeline 'VITIS_LOOP_89_8_VITIS_LOOP_90_9' pipeline type 'loop pipeline'
INFO: [RTGEN 206-100] Generating core module 'mac_muladd_8s_8s_32s_32_4_1': 1 instance(s).
INFO: [RTGEN 206-100] Generating core module 'sparsemux_17_3_8_1_1': 2 instance(s).
INFO: [RTGEN 206-100] Generating core module 'sparsemux_21_4_8_1_1': 88 instance(s).
INFO: [RTGEN 206-100] Generating core module 'sparsemux_7_2_8_1_1': 32 instance(s).
INFO: [RTGEN 206-100] Finished creating RTL model for 'run_dwconv_Pipeline_VITIS_LOOP_89_8_VITIS_LOOP_90_976'.
INFO: [HLS 200-111] Finished Creating RTL model: CPU user time: 2 seconds. CPU system time: 0 seconds. Elapsed time: 1.804 seconds; current allocated memory: 5.518 GB.
INFO: [HLS 200-10] ----------------------------------------------------------------
INFO: [HLS 200-10] -- Generating RTL for module 'run_dwconv_Pipeline_VITIS_LOOP_89_8_VITIS_LOOP_90_977' 
INFO: [HLS 200-10] ----------------------------------------------------------------
INFO: [HLS 200-1030] Apply Unified Pipeline Control on module 'run_dwconv_Pipeline_VITIS_LOOP_89_8_VITIS_LOOP_90_977' pipeline 'VITIS_LOOP_89_8_VITIS_LOOP_90_9' pipeline type 'loop pipeline'
INFO: [RTGEN 206-100] Generating core module 'mac_muladd_8s_8s_32s_32_4_1': 1 instance(s).
INFO: [RTGEN 206-100] Generating core module 'sparsemux_17_3_8_1_1': 2 instance(s).
INFO: [RTGEN 206-100] Generating core module 'sparsemux_21_4_8_1_1': 88 instance(s).
INFO: [RTGEN 206-100] Generating core module 'sparsemux_7_2_8_1_1': 32 instance(s).
INFO: [RTGEN 206-100] Finished creating RTL model for 'run_dwconv_Pipeline_VITIS_LOOP_89_8_VITIS_LOOP_90_977'.
INFO: [HLS 200-111] Finished Creating RTL model: CPU user time: 4 seconds. CPU system time: 0 seconds. Elapsed time: 4.51 seconds; current allocated memory: 5.555 GB.
INFO: [HLS 200-10] ----------------------------------------------------------------
INFO: [HLS 200-10] -- Generating RTL for module 'run_dwconv_Pipeline_VITIS_LOOP_89_8_VITIS_LOOP_90_978' 
INFO: [HLS 200-10] ----------------------------------------------------------------
INFO: [HLS 200-1030] Apply Unified Pipeline Control on module 'run_dwconv_Pipeline_VITIS_LOOP_89_8_VITIS_LOOP_90_978' pipeline 'VITIS_LOOP_89_8_VITIS_LOOP_90_9' pipeline type 'loop pipeline'
INFO: [RTGEN 206-100] Generating core module 'mac_muladd_8s_8s_32s_32_4_1': 1 instance(s).
INFO: [RTGEN 206-100] Generating core module 'sparsemux_17_3_8_1_1': 2 instance(s).
INFO: [RTGEN 206-100] Generating core module 'sparsemux_21_4_8_1_1': 88 instance(s).
INFO: [RTGEN 206-100] Generating core module 'sparsemux_7_2_8_1_1': 32 instance(s).
INFO: [RTGEN 206-100] Finished creating RTL model for 'run_dwconv_Pipeline_VITIS_LOOP_89_8_VITIS_LOOP_90_978'.
INFO: [HLS 200-111] Finished Creating RTL model: CPU user time: 2 seconds. CPU system time: 1 seconds. Elapsed time: 1.817 seconds; current allocated memory: 5.592 GB.
INFO: [HLS 200-10] ----------------------------------------------------------------
INFO: [HLS 200-10] -- Generating RTL for module 'run_dwconv_Pipeline_VITIS_LOOP_89_8_VITIS_LOOP_90_979' 
INFO: [HLS 200-10] ----------------------------------------------------------------
INFO: [HLS 200-1030] Apply Unified Pipeline Control on module 'run_dwconv_Pipeline_VITIS_LOOP_89_8_VITIS_LOOP_90_979' pipeline 'VITIS_LOOP_89_8_VITIS_LOOP_90_9' pipeline type 'loop pipeline'
INFO: [RTGEN 206-100] Generating core module 'mac_muladd_8s_8s_32s_32_4_1': 1 instance(s).
INFO: [RTGEN 206-100] Generating core module 'sparsemux_17_3_8_1_1': 2 instance(s).
INFO: [RTGEN 206-100] Generating core module 'sparsemux_21_4_8_1_1': 88 instance(s).
INFO: [RTGEN 206-100] Generating core module 'sparsemux_7_2_8_1_1': 32 instance(s).
INFO: [RTGEN 206-100] Finished creating RTL model for 'run_dwconv_Pipeline_VITIS_LOOP_89_8_VITIS_LOOP_90_979'.
INFO: [HLS 200-111] Finished Creating RTL model: CPU user time: 4 seconds. CPU system time: 0 seconds. Elapsed time: 4.5 seconds; current allocated memory: 5.627 GB.
INFO: [HLS 200-10] ----------------------------------------------------------------
INFO: [HLS 200-10] -- Generating RTL for module 'run_dwconv_Pipeline_VITIS_LOOP_89_8_VITIS_LOOP_90_980' 
INFO: [HLS 200-10] ----------------------------------------------------------------
INFO: [HLS 200-1030] Apply Unified Pipeline Control on module 'run_dwconv_Pipeline_VITIS_LOOP_89_8_VITIS_LOOP_90_980' pipeline 'VITIS_LOOP_89_8_VITIS_LOOP_90_9' pipeline type 'loop pipeline'
INFO: [RTGEN 206-100] Generating core module 'mac_muladd_8s_8s_32s_32_4_1': 1 instance(s).
INFO: [RTGEN 206-100] Generating core module 'sparsemux_17_3_8_1_1': 2 instance(s).
INFO: [RTGEN 206-100] Generating core module 'sparsemux_21_4_8_1_1': 88 instance(s).
INFO: [RTGEN 206-100] Generating core module 'sparsemux_7_2_8_1_1': 32 instance(s).
INFO: [RTGEN 206-100] Finished creating RTL model for 'run_dwconv_Pipeline_VITIS_LOOP_89_8_VITIS_LOOP_90_980'.
INFO: [HLS 200-111] Finished Creating RTL model: CPU user time: 2 seconds. CPU system time: 0 seconds. Elapsed time: 1.838 seconds; current allocated memory: 5.664 GB.
INFO: [HLS 200-10] ----------------------------------------------------------------
INFO: [HLS 200-10] -- Generating RTL for module 'run_dwconv_Pipeline_VITIS_LOOP_89_8_VITIS_LOOP_90_981' 
INFO: [HLS 200-10] ----------------------------------------------------------------
INFO: [HLS 200-1030] Apply Unified Pipeline Control on module 'run_dwconv_Pipeline_VITIS_LOOP_89_8_VITIS_LOOP_90_981' pipeline 'VITIS_LOOP_89_8_VITIS_LOOP_90_9' pipeline type 'loop pipeline'
INFO: [RTGEN 206-100] Generating core module 'mac_muladd_8s_8s_32s_32_4_1': 1 instance(s).
INFO: [RTGEN 206-100] Generating core module 'sparsemux_17_3_8_1_1': 2 instance(s).
INFO: [RTGEN 206-100] Generating core module 'sparsemux_21_4_8_1_1': 88 instance(s).
INFO: [RTGEN 206-100] Generating core module 'sparsemux_7_2_8_1_1': 32 instance(s).
INFO: [RTGEN 206-100] Finished creating RTL model for 'run_dwconv_Pipeline_VITIS_LOOP_89_8_VITIS_LOOP_90_981'.
INFO: [HLS 200-111] Finished Creating RTL model: CPU user time: 4 seconds. CPU system time: 0 seconds. Elapsed time: 4.508 seconds; current allocated memory: 5.701 GB.
INFO: [HLS 200-10] ----------------------------------------------------------------
INFO: [HLS 200-10] -- Generating RTL for module 'run_dwconv_Pipeline_VITIS_LOOP_89_8_VITIS_LOOP_90_982' 
INFO: [HLS 200-10] ----------------------------------------------------------------
INFO: [HLS 200-1030] Apply Unified Pipeline Control on module 'run_dwconv_Pipeline_VITIS_LOOP_89_8_VITIS_LOOP_90_982' pipeline 'VITIS_LOOP_89_8_VITIS_LOOP_90_9' pipeline type 'loop pipeline'
INFO: [RTGEN 206-100] Generating core module 'mac_muladd_8s_8s_32s_32_4_1': 1 instance(s).
INFO: [RTGEN 206-100] Generating core module 'sparsemux_17_3_8_1_1': 2 instance(s).
INFO: [RTGEN 206-100] Generating core module 'sparsemux_21_4_8_1_1': 88 instance(s).
INFO: [RTGEN 206-100] Generating core module 'sparsemux_7_2_8_1_1': 32 instance(s).
INFO: [RTGEN 206-100] Finished creating RTL model for 'run_dwconv_Pipeline_VITIS_LOOP_89_8_VITIS_LOOP_90_982'.
INFO: [HLS 200-111] Finished Creating RTL model: CPU user time: 2 seconds. CPU system time: 0 seconds. Elapsed time: 1.825 seconds; current allocated memory: 5.738 GB.
INFO: [HLS 200-10] ----------------------------------------------------------------
INFO: [HLS 200-10] -- Generating RTL for module 'run_dwconv_Pipeline_VITIS_LOOP_89_8_VITIS_LOOP_90_983' 
INFO: [HLS 200-10] ----------------------------------------------------------------
INFO: [HLS 200-1030] Apply Unified Pipeline Control on module 'run_dwconv_Pipeline_VITIS_LOOP_89_8_VITIS_LOOP_90_983' pipeline 'VITIS_LOOP_89_8_VITIS_LOOP_90_9' pipeline type 'loop pipeline'
INFO: [RTGEN 206-100] Generating core module 'mac_muladd_8s_8s_32s_32_4_1': 1 instance(s).
INFO: [RTGEN 206-100] Generating core module 'sparsemux_17_3_8_1_1': 2 instance(s).
INFO: [RTGEN 206-100] Generating core module 'sparsemux_21_4_8_1_1': 88 instance(s).
INFO: [RTGEN 206-100] Generating core module 'sparsemux_7_2_8_1_1': 32 instance(s).
INFO: [RTGEN 206-100] Finished creating RTL model for 'run_dwconv_Pipeline_VITIS_LOOP_89_8_VITIS_LOOP_90_983'.
INFO: [HLS 200-111] Finished Creating RTL model: CPU user time: 4 seconds. CPU system time: 0 seconds. Elapsed time: 4.497 seconds; current allocated memory: 5.774 GB.
INFO: [HLS 200-10] ----------------------------------------------------------------
INFO: [HLS 200-10] -- Generating RTL for module 'run_dwconv_Pipeline_VITIS_LOOP_89_8_VITIS_LOOP_90_984' 
INFO: [HLS 200-10] ----------------------------------------------------------------
INFO: [HLS 200-1030] Apply Unified Pipeline Control on module 'run_dwconv_Pipeline_VITIS_LOOP_89_8_VITIS_LOOP_90_984' pipeline 'VITIS_LOOP_89_8_VITIS_LOOP_90_9' pipeline type 'loop pipeline'
INFO: [RTGEN 206-100] Generating core module 'mac_muladd_8s_8s_32s_32_4_1': 1 instance(s).
INFO: [RTGEN 206-100] Generating core module 'sparsemux_17_3_8_1_1': 2 instance(s).
INFO: [RTGEN 206-100] Generating core module 'sparsemux_21_4_8_1_1': 88 instance(s).
INFO: [RTGEN 206-100] Generating core module 'sparsemux_7_2_8_1_1': 32 instance(s).
INFO: [RTGEN 206-100] Finished creating RTL model for 'run_dwconv_Pipeline_VITIS_LOOP_89_8_VITIS_LOOP_90_984'.
INFO: [HLS 200-111] Finished Creating RTL model: CPU user time: 2 seconds. CPU system time: 1 seconds. Elapsed time: 1.846 seconds; current allocated memory: 5.812 GB.
INFO: [HLS 200-10] ----------------------------------------------------------------
INFO: [HLS 200-10] -- Generating RTL for module 'run_dwconv_Pipeline_VITIS_LOOP_89_8_VITIS_LOOP_90_985' 
INFO: [HLS 200-10] ----------------------------------------------------------------
INFO: [HLS 200-1030] Apply Unified Pipeline Control on module 'run_dwconv_Pipeline_VITIS_LOOP_89_8_VITIS_LOOP_90_985' pipeline 'VITIS_LOOP_89_8_VITIS_LOOP_90_9' pipeline type 'loop pipeline'
INFO: [RTGEN 206-100] Generating core module 'mac_muladd_8s_8s_32s_32_4_1': 1 instance(s).
INFO: [RTGEN 206-100] Generating core module 'sparsemux_17_3_8_1_1': 2 instance(s).
INFO: [RTGEN 206-100] Generating core module 'sparsemux_21_4_8_1_1': 88 instance(s).
INFO: [RTGEN 206-100] Generating core module 'sparsemux_7_2_8_1_1': 32 instance(s).
INFO: [RTGEN 206-100] Finished creating RTL model for 'run_dwconv_Pipeline_VITIS_LOOP_89_8_VITIS_LOOP_90_985'.
INFO: [HLS 200-111] Finished Creating RTL model: CPU user time: 4 seconds. CPU system time: 0 seconds. Elapsed time: 4.533 seconds; current allocated memory: 5.849 GB.
INFO: [HLS 200-10] ----------------------------------------------------------------
INFO: [HLS 200-10] -- Generating RTL for module 'run_dwconv_Pipeline_VITIS_LOOP_89_8_VITIS_LOOP_90_986' 
INFO: [HLS 200-10] ----------------------------------------------------------------
INFO: [HLS 200-1030] Apply Unified Pipeline Control on module 'run_dwconv_Pipeline_VITIS_LOOP_89_8_VITIS_LOOP_90_986' pipeline 'VITIS_LOOP_89_8_VITIS_LOOP_90_9' pipeline type 'loop pipeline'
INFO: [RTGEN 206-100] Generating core module 'mac_muladd_8s_8s_32s_32_4_1': 1 instance(s).
INFO: [RTGEN 206-100] Generating core module 'sparsemux_17_3_8_1_1': 2 instance(s).
INFO: [RTGEN 206-100] Generating core module 'sparsemux_21_4_8_1_1': 88 instance(s).
INFO: [RTGEN 206-100] Generating core module 'sparsemux_7_2_8_1_1': 32 instance(s).
INFO: [RTGEN 206-100] Finished creating RTL model for 'run_dwconv_Pipeline_VITIS_LOOP_89_8_VITIS_LOOP_90_986'.
INFO: [HLS 200-111] Finished Creating RTL model: CPU user time: 4 seconds. CPU system time: 0 seconds. Elapsed time: 4.512 seconds; current allocated memory: 5.887 GB.
INFO: [HLS 200-10] ----------------------------------------------------------------
INFO: [HLS 200-10] -- Generating RTL for module 'run_dwconv_Pipeline_VITIS_LOOP_89_8_VITIS_LOOP_90_987' 
INFO: [HLS 200-10] ----------------------------------------------------------------
INFO: [HLS 200-1030] Apply Unified Pipeline Control on module 'run_dwconv_Pipeline_VITIS_LOOP_89_8_VITIS_LOOP_90_987' pipeline 'VITIS_LOOP_89_8_VITIS_LOOP_90_9' pipeline type 'loop pipeline'
INFO: [RTGEN 206-100] Generating core module 'mac_muladd_8s_8s_32s_32_4_1': 1 instance(s).
INFO: [RTGEN 206-100] Generating core module 'sparsemux_17_3_8_1_1': 2 instance(s).
INFO: [RTGEN 206-100] Generating core module 'sparsemux_21_4_8_1_1': 88 instance(s).
INFO: [RTGEN 206-100] Generating core module 'sparsemux_7_2_8_1_1': 32 instance(s).
INFO: [RTGEN 206-100] Finished creating RTL model for 'run_dwconv_Pipeline_VITIS_LOOP_89_8_VITIS_LOOP_90_987'.
INFO: [HLS 200-111] Finished Creating RTL model: CPU user time: 2 seconds. CPU system time: 0 seconds. Elapsed time: 1.823 seconds; current allocated memory: 5.923 GB.
INFO: [HLS 200-10] ----------------------------------------------------------------
INFO: [HLS 200-10] -- Generating RTL for module 'run_dwconv_Pipeline_VITIS_LOOP_89_8_VITIS_LOOP_90_988' 
INFO: [HLS 200-10] ----------------------------------------------------------------
INFO: [HLS 200-1030] Apply Unified Pipeline Control on module 'run_dwconv_Pipeline_VITIS_LOOP_89_8_VITIS_LOOP_90_988' pipeline 'VITIS_LOOP_89_8_VITIS_LOOP_90_9' pipeline type 'loop pipeline'
INFO: [RTGEN 206-100] Generating core module 'mac_muladd_8s_8s_32s_32_4_1': 1 instance(s).
INFO: [RTGEN 206-100] Generating core module 'sparsemux_17_3_8_1_1': 2 instance(s).
INFO: [RTGEN 206-100] Generating core module 'sparsemux_21_4_8_1_1': 88 instance(s).
INFO: [RTGEN 206-100] Generating core module 'sparsemux_7_2_8_1_1': 32 instance(s).
INFO: [RTGEN 206-100] Finished creating RTL model for 'run_dwconv_Pipeline_VITIS_LOOP_89_8_VITIS_LOOP_90_988'.
INFO: [HLS 200-111] Finished Creating RTL model: CPU user time: 4 seconds. CPU system time: 0 seconds. Elapsed time: 4.553 seconds; current allocated memory: 5.962 GB.
INFO: [HLS 200-10] ----------------------------------------------------------------
INFO: [HLS 200-10] -- Generating RTL for module 'run_dwconv_Pipeline_VITIS_LOOP_89_8_VITIS_LOOP_90_989' 
INFO: [HLS 200-10] ----------------------------------------------------------------
INFO: [HLS 200-1030] Apply Unified Pipeline Control on module 'run_dwconv_Pipeline_VITIS_LOOP_89_8_VITIS_LOOP_90_989' pipeline 'VITIS_LOOP_89_8_VITIS_LOOP_90_9' pipeline type 'loop pipeline'
INFO: [RTGEN 206-100] Generating core module 'mac_muladd_8s_8s_32s_32_4_1': 1 instance(s).
INFO: [RTGEN 206-100] Generating core module 'sparsemux_17_3_8_1_1': 2 instance(s).
INFO: [RTGEN 206-100] Generating core module 'sparsemux_21_4_8_1_1': 88 instance(s).
INFO: [RTGEN 206-100] Generating core module 'sparsemux_7_2_8_1_1': 32 instance(s).
INFO: [RTGEN 206-100] Finished creating RTL model for 'run_dwconv_Pipeline_VITIS_LOOP_89_8_VITIS_LOOP_90_989'.
INFO: [HLS 200-111] Finished Creating RTL model: CPU user time: 2 seconds. CPU system time: 0 seconds. Elapsed time: 1.833 seconds; current allocated memory: 5.998 GB.
INFO: [HLS 200-10] ----------------------------------------------------------------
INFO: [HLS 200-10] -- Generating RTL for module 'run_dwconv_Pipeline_VITIS_LOOP_89_8_VITIS_LOOP_90_990' 
INFO: [HLS 200-10] ----------------------------------------------------------------
INFO: [HLS 200-1030] Apply Unified Pipeline Control on module 'run_dwconv_Pipeline_VITIS_LOOP_89_8_VITIS_LOOP_90_990' pipeline 'VITIS_LOOP_89_8_VITIS_LOOP_90_9' pipeline type 'loop pipeline'
INFO: [RTGEN 206-100] Generating core module 'mac_muladd_8s_8s_32s_32_4_1': 1 instance(s).
INFO: [RTGEN 206-100] Generating core module 'sparsemux_17_3_8_1_1': 2 instance(s).
INFO: [RTGEN 206-100] Generating core module 'sparsemux_21_4_8_1_1': 88 instance(s).
INFO: [RTGEN 206-100] Generating core module 'sparsemux_7_2_8_1_1': 32 instance(s).
INFO: [RTGEN 206-100] Finished creating RTL model for 'run_dwconv_Pipeline_VITIS_LOOP_89_8_VITIS_LOOP_90_990'.
INFO: [HLS 200-111] Finished Creating RTL model: CPU user time: 4 seconds. CPU system time: 1 seconds. Elapsed time: 4.559 seconds; current allocated memory: 6.035 GB.
INFO: [HLS 200-10] ----------------------------------------------------------------
INFO: [HLS 200-10] -- Generating RTL for module 'run_dwconv_Pipeline_VITIS_LOOP_89_8_VITIS_LOOP_90_991' 
INFO: [HLS 200-10] ----------------------------------------------------------------
INFO: [HLS 200-1030] Apply Unified Pipeline Control on module 'run_dwconv_Pipeline_VITIS_LOOP_89_8_VITIS_LOOP_90_991' pipeline 'VITIS_LOOP_89_8_VITIS_LOOP_90_9' pipeline type 'loop pipeline'
INFO: [RTGEN 206-100] Generating core module 'mac_muladd_8s_8s_32s_32_4_1': 1 instance(s).
INFO: [RTGEN 206-100] Generating core module 'sparsemux_17_3_8_1_1': 2 instance(s).
INFO: [RTGEN 206-100] Generating core module 'sparsemux_21_4_8_1_1': 88 instance(s).
INFO: [RTGEN 206-100] Generating core module 'sparsemux_7_2_8_1_1': 32 instance(s).
INFO: [RTGEN 206-100] Finished creating RTL model for 'run_dwconv_Pipeline_VITIS_LOOP_89_8_VITIS_LOOP_90_991'.
INFO: [HLS 200-111] Finished Creating RTL model: CPU user time: 2 seconds. CPU system time: 0 seconds. Elapsed time: 1.832 seconds; current allocated memory: 6.072 GB.
INFO: [HLS 200-10] ----------------------------------------------------------------
INFO: [HLS 200-10] -- Generating RTL for module 'run_dwconv_Pipeline_VITIS_LOOP_89_8_VITIS_LOOP_90_992' 
INFO: [HLS 200-10] ----------------------------------------------------------------
INFO: [HLS 200-1030] Apply Unified Pipeline Control on module 'run_dwconv_Pipeline_VITIS_LOOP_89_8_VITIS_LOOP_90_992' pipeline 'VITIS_LOOP_89_8_VITIS_LOOP_90_9' pipeline type 'loop pipeline'
INFO: [RTGEN 206-100] Generating core module 'mac_muladd_8s_8s_32s_32_4_1': 1 instance(s).
INFO: [RTGEN 206-100] Generating core module 'sparsemux_17_3_8_1_1': 2 instance(s).
INFO: [RTGEN 206-100] Generating core module 'sparsemux_21_4_8_1_1': 88 instance(s).
INFO: [RTGEN 206-100] Generating core module 'sparsemux_7_2_8_1_1': 32 instance(s).
INFO: [RTGEN 206-100] Finished creating RTL model for 'run_dwconv_Pipeline_VITIS_LOOP_89_8_VITIS_LOOP_90_992'.
INFO: [HLS 200-111] Finished Creating RTL model: CPU user time: 1 seconds. CPU system time: 0 seconds. Elapsed time: 1.852 seconds; current allocated memory: 6.109 GB.
INFO: [HLS 200-10] ----------------------------------------------------------------
INFO: [HLS 200-10] -- Generating RTL for module 'run_dwconv_Pipeline_VITIS_LOOP_89_8_VITIS_LOOP_90_993' 
INFO: [HLS 200-10] ----------------------------------------------------------------
INFO: [HLS 200-1030] Apply Unified Pipeline Control on module 'run_dwconv_Pipeline_VITIS_LOOP_89_8_VITIS_LOOP_90_993' pipeline 'VITIS_LOOP_89_8_VITIS_LOOP_90_9' pipeline type 'loop pipeline'
INFO: [RTGEN 206-100] Generating core module 'mac_muladd_8s_8s_32s_32_4_1': 1 instance(s).
INFO: [RTGEN 206-100] Generating core module 'sparsemux_17_3_8_1_1': 2 instance(s).
INFO: [RTGEN 206-100] Generating core module 'sparsemux_21_4_8_1_1': 88 instance(s).
INFO: [RTGEN 206-100] Generating core module 'sparsemux_7_2_8_1_1': 32 instance(s).
INFO: [RTGEN 206-100] Finished creating RTL model for 'run_dwconv_Pipeline_VITIS_LOOP_89_8_VITIS_LOOP_90_993'.
INFO: [HLS 200-111] Finished Creating RTL model: CPU user time: 2 seconds. CPU system time: 0 seconds. Elapsed time: 1.863 seconds; current allocated memory: 6.146 GB.
INFO: [HLS 200-10] ----------------------------------------------------------------
INFO: [HLS 200-10] -- Generating RTL for module 'run_dwconv_Pipeline_VITIS_LOOP_89_8_VITIS_LOOP_90_994' 
INFO: [HLS 200-10] ----------------------------------------------------------------
INFO: [HLS 200-1030] Apply Unified Pipeline Control on module 'run_dwconv_Pipeline_VITIS_LOOP_89_8_VITIS_LOOP_90_994' pipeline 'VITIS_LOOP_89_8_VITIS_LOOP_90_9' pipeline type 'loop pipeline'
INFO: [RTGEN 206-100] Generating core module 'mac_muladd_8s_8s_32s_32_4_1': 1 instance(s).
INFO: [RTGEN 206-100] Generating core module 'sparsemux_17_3_8_1_1': 2 instance(s).
INFO: [RTGEN 206-100] Generating core module 'sparsemux_21_4_8_1_1': 88 instance(s).
INFO: [RTGEN 206-100] Generating core module 'sparsemux_7_2_8_1_1': 32 instance(s).
INFO: [RTGEN 206-100] Finished creating RTL model for 'run_dwconv_Pipeline_VITIS_LOOP_89_8_VITIS_LOOP_90_994'.
INFO: [HLS 200-111] Finished Creating RTL model: CPU user time: 4 seconds. CPU system time: 0 seconds. Elapsed time: 4.575 seconds; current allocated memory: 6.184 GB.
INFO: [HLS 200-10] ----------------------------------------------------------------
INFO: [HLS 200-10] -- Generating RTL for module 'run_dwconv_Pipeline_VITIS_LOOP_89_8_VITIS_LOOP_90_995' 
INFO: [HLS 200-10] ----------------------------------------------------------------
INFO: [HLS 200-1030] Apply Unified Pipeline Control on module 'run_dwconv_Pipeline_VITIS_LOOP_89_8_VITIS_LOOP_90_995' pipeline 'VITIS_LOOP_89_8_VITIS_LOOP_90_9' pipeline type 'loop pipeline'
INFO: [RTGEN 206-100] Generating core module 'mac_muladd_8s_8s_32s_32_4_1': 1 instance(s).
INFO: [RTGEN 206-100] Generating core module 'sparsemux_17_3_8_1_1': 2 instance(s).
INFO: [RTGEN 206-100] Generating core module 'sparsemux_21_4_8_1_1': 88 instance(s).
INFO: [RTGEN 206-100] Generating core module 'sparsemux_7_2_8_1_1': 32 instance(s).
INFO: [RTGEN 206-100] Finished creating RTL model for 'run_dwconv_Pipeline_VITIS_LOOP_89_8_VITIS_LOOP_90_995'.
INFO: [HLS 200-111] Finished Creating RTL model: CPU user time: 2 seconds. CPU system time: 1 seconds. Elapsed time: 1.846 seconds; current allocated memory: 6.219 GB.
INFO: [HLS 200-10] ----------------------------------------------------------------
INFO: [HLS 200-10] -- Generating RTL for module 'run_dwconv_Pipeline_VITIS_LOOP_89_8_VITIS_LOOP_90_996' 
INFO: [HLS 200-10] ----------------------------------------------------------------
INFO: [HLS 200-1030] Apply Unified Pipeline Control on module 'run_dwconv_Pipeline_VITIS_LOOP_89_8_VITIS_LOOP_90_996' pipeline 'VITIS_LOOP_89_8_VITIS_LOOP_90_9' pipeline type 'loop pipeline'
INFO: [RTGEN 206-100] Generating core module 'mac_muladd_8s_8s_32s_32_4_1': 1 instance(s).
INFO: [RTGEN 206-100] Generating core module 'sparsemux_17_3_8_1_1': 2 instance(s).
INFO: [RTGEN 206-100] Generating core module 'sparsemux_21_4_8_1_1': 88 instance(s).
INFO: [RTGEN 206-100] Generating core module 'sparsemux_7_2_8_1_1': 32 instance(s).
INFO: [RTGEN 206-100] Finished creating RTL model for 'run_dwconv_Pipeline_VITIS_LOOP_89_8_VITIS_LOOP_90_996'.
INFO: [HLS 200-111] Finished Creating RTL model: CPU user time: 4 seconds. CPU system time: 0 seconds. Elapsed time: 4.586 seconds; current allocated memory: 6.256 GB.
INFO: [HLS 200-10] ----------------------------------------------------------------
INFO: [HLS 200-10] -- Generating RTL for module 'run_dwconv_Pipeline_VITIS_LOOP_89_8_VITIS_LOOP_90_997' 
INFO: [HLS 200-10] ----------------------------------------------------------------
INFO: [HLS 200-1030] Apply Unified Pipeline Control on module 'run_dwconv_Pipeline_VITIS_LOOP_89_8_VITIS_LOOP_90_997' pipeline 'VITIS_LOOP_89_8_VITIS_LOOP_90_9' pipeline type 'loop pipeline'
INFO: [RTGEN 206-100] Generating core module 'mac_muladd_8s_8s_32s_32_4_1': 1 instance(s).
INFO: [RTGEN 206-100] Generating core module 'sparsemux_17_3_8_1_1': 2 instance(s).
INFO: [RTGEN 206-100] Generating core module 'sparsemux_21_4_8_1_1': 88 instance(s).
INFO: [RTGEN 206-100] Generating core module 'sparsemux_7_2_8_1_1': 32 instance(s).
INFO: [RTGEN 206-100] Finished creating RTL model for 'run_dwconv_Pipeline_VITIS_LOOP_89_8_VITIS_LOOP_90_997'.
INFO: [HLS 200-111] Finished Creating RTL model: CPU user time: 2 seconds. CPU system time: 0 seconds. Elapsed time: 1.887 seconds; current allocated memory: 6.293 GB.
INFO: [HLS 200-10] ----------------------------------------------------------------
INFO: [HLS 200-10] -- Generating RTL for module 'run_dwconv_Pipeline_VITIS_LOOP_89_8_VITIS_LOOP_90_998' 
INFO: [HLS 200-10] ----------------------------------------------------------------
INFO: [HLS 200-1030] Apply Unified Pipeline Control on module 'run_dwconv_Pipeline_VITIS_LOOP_89_8_VITIS_LOOP_90_998' pipeline 'VITIS_LOOP_89_8_VITIS_LOOP_90_9' pipeline type 'loop pipeline'
INFO: [RTGEN 206-100] Generating core module 'mac_muladd_8s_8s_32s_32_4_1': 1 instance(s).
INFO: [RTGEN 206-100] Generating core module 'sparsemux_17_3_8_1_1': 2 instance(s).
INFO: [RTGEN 206-100] Generating core module 'sparsemux_21_4_8_1_1': 88 instance(s).
INFO: [RTGEN 206-100] Generating core module 'sparsemux_7_2_8_1_1': 32 instance(s).
INFO: [RTGEN 206-100] Finished creating RTL model for 'run_dwconv_Pipeline_VITIS_LOOP_89_8_VITIS_LOOP_90_998'.
INFO: [HLS 200-111] Finished Creating RTL model: CPU user time: 4 seconds. CPU system time: 0 seconds. Elapsed time: 4.564 seconds; current allocated memory: 6.329 GB.
INFO: [HLS 200-10] ----------------------------------------------------------------
INFO: [HLS 200-10] -- Generating RTL for module 'run_dwconv_Pipeline_VITIS_LOOP_89_8_VITIS_LOOP_90_999' 
INFO: [HLS 200-10] ----------------------------------------------------------------
INFO: [HLS 200-1030] Apply Unified Pipeline Control on module 'run_dwconv_Pipeline_VITIS_LOOP_89_8_VITIS_LOOP_90_999' pipeline 'VITIS_LOOP_89_8_VITIS_LOOP_90_9' pipeline type 'loop pipeline'
INFO: [RTGEN 206-100] Generating core module 'mac_muladd_8s_8s_32s_32_4_1': 1 instance(s).
INFO: [RTGEN 206-100] Generating core module 'sparsemux_17_3_8_1_1': 2 instance(s).
INFO: [RTGEN 206-100] Generating core module 'sparsemux_21_4_8_1_1': 88 instance(s).
INFO: [RTGEN 206-100] Generating core module 'sparsemux_7_2_8_1_1': 32 instance(s).
INFO: [RTGEN 206-100] Finished creating RTL model for 'run_dwconv_Pipeline_VITIS_LOOP_89_8_VITIS_LOOP_90_999'.
INFO: [HLS 200-111] Finished Creating RTL model: CPU user time: 2 seconds. CPU system time: 0 seconds. Elapsed time: 1.875 seconds; current allocated memory: 6.367 GB.
INFO: [HLS 200-10] ----------------------------------------------------------------
INFO: [HLS 200-10] -- Generating RTL for module 'run_dwconv_Pipeline_VITIS_LOOP_89_8_VITIS_LOOP_90_9100' 
INFO: [HLS 200-10] ----------------------------------------------------------------
INFO: [HLS 200-1030] Apply Unified Pipeline Control on module 'run_dwconv_Pipeline_VITIS_LOOP_89_8_VITIS_LOOP_90_9100' pipeline 'VITIS_LOOP_89_8_VITIS_LOOP_90_9' pipeline type 'loop pipeline'
INFO: [RTGEN 206-100] Generating core module 'mac_muladd_8s_8s_32s_32_4_1': 1 instance(s).
INFO: [RTGEN 206-100] Generating core module 'sparsemux_17_3_8_1_1': 2 instance(s).
INFO: [RTGEN 206-100] Generating core module 'sparsemux_21_4_8_1_1': 88 instance(s).
INFO: [RTGEN 206-100] Generating core module 'sparsemux_7_2_8_1_1': 32 instance(s).
INFO: [RTGEN 206-100] Finished creating RTL model for 'run_dwconv_Pipeline_VITIS_LOOP_89_8_VITIS_LOOP_90_9100'.
INFO: [HLS 200-111] Finished Creating RTL model: CPU user time: 4 seconds. CPU system time: 1 seconds. Elapsed time: 4.567 seconds; current allocated memory: 6.404 GB.
INFO: [HLS 200-10] ----------------------------------------------------------------
INFO: [HLS 200-10] -- Generating RTL for module 'run_dwconv_Pipeline_VITIS_LOOP_89_8_VITIS_LOOP_90_9101' 
INFO: [HLS 200-10] ----------------------------------------------------------------
INFO: [HLS 200-1030] Apply Unified Pipeline Control on module 'run_dwconv_Pipeline_VITIS_LOOP_89_8_VITIS_LOOP_90_9101' pipeline 'VITIS_LOOP_89_8_VITIS_LOOP_90_9' pipeline type 'loop pipeline'
INFO: [RTGEN 206-100] Generating core module 'mac_muladd_8s_8s_32s_32_4_1': 1 instance(s).
INFO: [RTGEN 206-100] Generating core module 'sparsemux_17_3_8_1_1': 2 instance(s).
INFO: [RTGEN 206-100] Generating core module 'sparsemux_21_4_8_1_1': 88 instance(s).
INFO: [RTGEN 206-100] Generating core module 'sparsemux_7_2_8_1_1': 32 instance(s).
INFO: [RTGEN 206-100] Finished creating RTL model for 'run_dwconv_Pipeline_VITIS_LOOP_89_8_VITIS_LOOP_90_9101'.
INFO: [HLS 200-111] Finished Creating RTL model: CPU user time: 2 seconds. CPU system time: 0 seconds. Elapsed time: 1.92 seconds; current allocated memory: 6.441 GB.
INFO: [HLS 200-10] ----------------------------------------------------------------
INFO: [HLS 200-10] -- Generating RTL for module 'run_dwconv_Pipeline_VITIS_LOOP_89_8_VITIS_LOOP_90_9102' 
INFO: [HLS 200-10] ----------------------------------------------------------------
INFO: [HLS 200-1030] Apply Unified Pipeline Control on module 'run_dwconv_Pipeline_VITIS_LOOP_89_8_VITIS_LOOP_90_9102' pipeline 'VITIS_LOOP_89_8_VITIS_LOOP_90_9' pipeline type 'loop pipeline'
INFO: [RTGEN 206-100] Generating core module 'mac_muladd_8s_8s_32s_32_4_1': 1 instance(s).
INFO: [RTGEN 206-100] Generating core module 'sparsemux_17_3_8_1_1': 2 instance(s).
INFO: [RTGEN 206-100] Generating core module 'sparsemux_21_4_8_1_1': 88 instance(s).
INFO: [RTGEN 206-100] Generating core module 'sparsemux_7_2_8_1_1': 32 instance(s).
INFO: [RTGEN 206-100] Finished creating RTL model for 'run_dwconv_Pipeline_VITIS_LOOP_89_8_VITIS_LOOP_90_9102'.
INFO: [HLS 200-111] Finished Creating RTL model: CPU user time: 4 seconds. CPU system time: 0 seconds. Elapsed time: 4.597 seconds; current allocated memory: 6.477 GB.
INFO: [HLS 200-10] ----------------------------------------------------------------
INFO: [HLS 200-10] -- Generating RTL for module 'run_dwconv_Pipeline_VITIS_LOOP_89_8_VITIS_LOOP_90_9103' 
INFO: [HLS 200-10] ----------------------------------------------------------------
INFO: [HLS 200-1030] Apply Unified Pipeline Control on module 'run_dwconv_Pipeline_VITIS_LOOP_89_8_VITIS_LOOP_90_9103' pipeline 'VITIS_LOOP_89_8_VITIS_LOOP_90_9' pipeline type 'loop pipeline'
INFO: [RTGEN 206-100] Generating core module 'mac_muladd_8s_8s_32s_32_4_1': 1 instance(s).
INFO: [RTGEN 206-100] Generating core module 'sparsemux_17_3_8_1_1': 2 instance(s).
INFO: [RTGEN 206-100] Generating core module 'sparsemux_21_4_8_1_1': 88 instance(s).
INFO: [RTGEN 206-100] Generating core module 'sparsemux_7_2_8_1_1': 32 instance(s).
INFO: [RTGEN 206-100] Finished creating RTL model for 'run_dwconv_Pipeline_VITIS_LOOP_89_8_VITIS_LOOP_90_9103'.
INFO: [HLS 200-111] Finished Creating RTL model: CPU user time: 2 seconds. CPU system time: 0 seconds. Elapsed time: 1.86 seconds; current allocated memory: 6.513 GB.
INFO: [HLS 200-10] ----------------------------------------------------------------
INFO: [HLS 200-10] -- Generating RTL for module 'run_dwconv_Pipeline_VITIS_LOOP_89_8_VITIS_LOOP_90_9104' 
INFO: [HLS 200-10] ----------------------------------------------------------------
INFO: [HLS 200-1030] Apply Unified Pipeline Control on module 'run_dwconv_Pipeline_VITIS_LOOP_89_8_VITIS_LOOP_90_9104' pipeline 'VITIS_LOOP_89_8_VITIS_LOOP_90_9' pipeline type 'loop pipeline'
INFO: [RTGEN 206-100] Generating core module 'mac_muladd_8s_8s_32s_32_4_1': 1 instance(s).
INFO: [RTGEN 206-100] Generating core module 'sparsemux_17_3_8_1_1': 2 instance(s).
INFO: [RTGEN 206-100] Generating core module 'sparsemux_21_4_8_1_1': 88 instance(s).
INFO: [RTGEN 206-100] Generating core module 'sparsemux_7_2_8_1_1': 32 instance(s).
INFO: [RTGEN 206-100] Finished creating RTL model for 'run_dwconv_Pipeline_VITIS_LOOP_89_8_VITIS_LOOP_90_9104'.
INFO: [HLS 200-111] Finished Creating RTL model: CPU user time: 4 seconds. CPU system time: 0 seconds. Elapsed time: 4.602 seconds; current allocated memory: 6.551 GB.
INFO: [HLS 200-10] ----------------------------------------------------------------
INFO: [HLS 200-10] -- Generating RTL for module 'run_dwconv_Pipeline_VITIS_LOOP_89_8_VITIS_LOOP_90_9105' 
INFO: [HLS 200-10] ----------------------------------------------------------------
INFO: [HLS 200-1030] Apply Unified Pipeline Control on module 'run_dwconv_Pipeline_VITIS_LOOP_89_8_VITIS_LOOP_90_9105' pipeline 'VITIS_LOOP_89_8_VITIS_LOOP_90_9' pipeline type 'loop pipeline'
INFO: [RTGEN 206-100] Generating core module 'mac_muladd_8s_8s_32s_32_4_1': 1 instance(s).
INFO: [RTGEN 206-100] Generating core module 'sparsemux_17_3_8_1_1': 2 instance(s).
INFO: [RTGEN 206-100] Generating core module 'sparsemux_21_4_8_1_1': 88 instance(s).
INFO: [RTGEN 206-100] Generating core module 'sparsemux_7_2_8_1_1': 32 instance(s).
INFO: [RTGEN 206-100] Finished creating RTL model for 'run_dwconv_Pipeline_VITIS_LOOP_89_8_VITIS_LOOP_90_9105'.
INFO: [HLS 200-111] Finished Creating RTL model: CPU user time: 2 seconds. CPU system time: 0 seconds. Elapsed time: 1.883 seconds; current allocated memory: 6.587 GB.
INFO: [HLS 200-10] ----------------------------------------------------------------
INFO: [HLS 200-10] -- Generating RTL for module 'run_dwconv_Pipeline_VITIS_LOOP_89_8_VITIS_LOOP_90_9106' 
INFO: [HLS 200-10] ----------------------------------------------------------------
INFO: [HLS 200-1030] Apply Unified Pipeline Control on module 'run_dwconv_Pipeline_VITIS_LOOP_89_8_VITIS_LOOP_90_9106' pipeline 'VITIS_LOOP_89_8_VITIS_LOOP_90_9' pipeline type 'loop pipeline'
INFO: [RTGEN 206-100] Generating core module 'mac_muladd_8s_8s_32s_32_4_1': 1 instance(s).
INFO: [RTGEN 206-100] Generating core module 'sparsemux_17_3_8_1_1': 2 instance(s).
INFO: [RTGEN 206-100] Generating core module 'sparsemux_21_4_8_1_1': 88 instance(s).
INFO: [RTGEN 206-100] Generating core module 'sparsemux_7_2_8_1_1': 32 instance(s).
INFO: [RTGEN 206-100] Finished creating RTL model for 'run_dwconv_Pipeline_VITIS_LOOP_89_8_VITIS_LOOP_90_9106'.
INFO: [HLS 200-111] Finished Creating RTL model: CPU user time: 4 seconds. CPU system time: 1 seconds. Elapsed time: 4.625 seconds; current allocated memory: 6.624 GB.
INFO: [HLS 200-10] ----------------------------------------------------------------
INFO: [HLS 200-10] -- Generating RTL for module 'run_dwconv_Pipeline_VITIS_LOOP_89_8_VITIS_LOOP_90_9107' 
INFO: [HLS 200-10] ----------------------------------------------------------------
INFO: [HLS 200-1030] Apply Unified Pipeline Control on module 'run_dwconv_Pipeline_VITIS_LOOP_89_8_VITIS_LOOP_90_9107' pipeline 'VITIS_LOOP_89_8_VITIS_LOOP_90_9' pipeline type 'loop pipeline'
INFO: [RTGEN 206-100] Generating core module 'mac_muladd_8s_8s_32s_32_4_1': 1 instance(s).
INFO: [RTGEN 206-100] Generating core module 'sparsemux_17_3_8_1_1': 2 instance(s).
INFO: [RTGEN 206-100] Generating core module 'sparsemux_21_4_8_1_1': 88 instance(s).
INFO: [RTGEN 206-100] Generating core module 'sparsemux_7_2_8_1_1': 32 instance(s).
INFO: [RTGEN 206-100] Finished creating RTL model for 'run_dwconv_Pipeline_VITIS_LOOP_89_8_VITIS_LOOP_90_9107'.
INFO: [HLS 200-111] Finished Creating RTL model: CPU user time: 2 seconds. CPU system time: 0 seconds. Elapsed time: 1.891 seconds; current allocated memory: 6.661 GB.
INFO: [HLS 200-10] ----------------------------------------------------------------
INFO: [HLS 200-10] -- Generating RTL for module 'run_dwconv_Pipeline_VITIS_LOOP_89_8_VITIS_LOOP_90_9108' 
INFO: [HLS 200-10] ----------------------------------------------------------------
INFO: [HLS 200-1030] Apply Unified Pipeline Control on module 'run_dwconv_Pipeline_VITIS_LOOP_89_8_VITIS_LOOP_90_9108' pipeline 'VITIS_LOOP_89_8_VITIS_LOOP_90_9' pipeline type 'loop pipeline'
INFO: [RTGEN 206-100] Generating core module 'mac_muladd_8s_8s_32s_32_4_1': 1 instance(s).
INFO: [RTGEN 206-100] Generating core module 'sparsemux_17_3_8_1_1': 2 instance(s).
INFO: [RTGEN 206-100] Generating core module 'sparsemux_21_4_8_1_1': 88 instance(s).
INFO: [RTGEN 206-100] Generating core module 'sparsemux_7_2_8_1_1': 32 instance(s).
INFO: [RTGEN 206-100] Finished creating RTL model for 'run_dwconv_Pipeline_VITIS_LOOP_89_8_VITIS_LOOP_90_9108'.
INFO: [HLS 200-111] Finished Creating RTL model: CPU user time: 4 seconds. CPU system time: 0 seconds. Elapsed time: 4.614 seconds; current allocated memory: 6.698 GB.
INFO: [HLS 200-10] ----------------------------------------------------------------
INFO: [HLS 200-10] -- Generating RTL for module 'run_dwconv_Pipeline_VITIS_LOOP_89_8_VITIS_LOOP_90_9109' 
INFO: [HLS 200-10] ----------------------------------------------------------------
INFO: [HLS 200-1030] Apply Unified Pipeline Control on module 'run_dwconv_Pipeline_VITIS_LOOP_89_8_VITIS_LOOP_90_9109' pipeline 'VITIS_LOOP_89_8_VITIS_LOOP_90_9' pipeline type 'loop pipeline'
INFO: [RTGEN 206-100] Generating core module 'mac_muladd_8s_8s_32s_32_4_1': 1 instance(s).
INFO: [RTGEN 206-100] Generating core module 'sparsemux_17_3_8_1_1': 2 instance(s).
INFO: [RTGEN 206-100] Generating core module 'sparsemux_21_4_8_1_1': 88 instance(s).
INFO: [RTGEN 206-100] Generating core module 'sparsemux_7_2_8_1_1': 32 instance(s).
INFO: [RTGEN 206-100] Finished creating RTL model for 'run_dwconv_Pipeline_VITIS_LOOP_89_8_VITIS_LOOP_90_9109'.
INFO: [HLS 200-111] Finished Creating RTL model: CPU user time: 1 seconds. CPU system time: 1 seconds. Elapsed time: 1.925 seconds; current allocated memory: 6.736 GB.
INFO: [HLS 200-10] ----------------------------------------------------------------
INFO: [HLS 200-10] -- Generating RTL for module 'run_dwconv_Pipeline_VITIS_LOOP_89_8_VITIS_LOOP_90_9110' 
INFO: [HLS 200-10] ----------------------------------------------------------------
INFO: [HLS 200-1030] Apply Unified Pipeline Control on module 'run_dwconv_Pipeline_VITIS_LOOP_89_8_VITIS_LOOP_90_9110' pipeline 'VITIS_LOOP_89_8_VITIS_LOOP_90_9' pipeline type 'loop pipeline'
INFO: [RTGEN 206-100] Generating core module 'mac_muladd_8s_8s_32s_32_4_1': 1 instance(s).
INFO: [RTGEN 206-100] Generating core module 'sparsemux_17_3_8_1_1': 2 instance(s).
INFO: [RTGEN 206-100] Generating core module 'sparsemux_21_4_8_1_1': 88 instance(s).
INFO: [RTGEN 206-100] Generating core module 'sparsemux_7_2_8_1_1': 32 instance(s).
INFO: [RTGEN 206-100] Finished creating RTL model for 'run_dwconv_Pipeline_VITIS_LOOP_89_8_VITIS_LOOP_90_9110'.
INFO: [HLS 200-111] Finished Creating RTL model: CPU user time: 5 seconds. CPU system time: 0 seconds. Elapsed time: 4.631 seconds; current allocated memory: 6.773 GB.
INFO: [HLS 200-10] ----------------------------------------------------------------
INFO: [HLS 200-10] -- Generating RTL for module 'run_dwconv_Pipeline_VITIS_LOOP_89_8_VITIS_LOOP_90_9111' 
INFO: [HLS 200-10] ----------------------------------------------------------------
INFO: [HLS 200-1030] Apply Unified Pipeline Control on module 'run_dwconv_Pipeline_VITIS_LOOP_89_8_VITIS_LOOP_90_9111' pipeline 'VITIS_LOOP_89_8_VITIS_LOOP_90_9' pipeline type 'loop pipeline'
INFO: [RTGEN 206-100] Generating core module 'mac_muladd_8s_8s_32s_32_4_1': 1 instance(s).
INFO: [RTGEN 206-100] Generating core module 'sparsemux_17_3_8_1_1': 2 instance(s).
INFO: [RTGEN 206-100] Generating core module 'sparsemux_21_4_8_1_1': 88 instance(s).
INFO: [RTGEN 206-100] Generating core module 'sparsemux_7_2_8_1_1': 32 instance(s).
INFO: [RTGEN 206-100] Finished creating RTL model for 'run_dwconv_Pipeline_VITIS_LOOP_89_8_VITIS_LOOP_90_9111'.
INFO: [HLS 200-111] Finished Creating RTL model: CPU user time: 1 seconds. CPU system time: 0 seconds. Elapsed time: 1.886 seconds; current allocated memory: 6.810 GB.
INFO: [HLS 200-10] ----------------------------------------------------------------
INFO: [HLS 200-10] -- Generating RTL for module 'run_dwconv_Pipeline_VITIS_LOOP_89_8_VITIS_LOOP_90_9112' 
INFO: [HLS 200-10] ----------------------------------------------------------------
INFO: [HLS 200-1030] Apply Unified Pipeline Control on module 'run_dwconv_Pipeline_VITIS_LOOP_89_8_VITIS_LOOP_90_9112' pipeline 'VITIS_LOOP_89_8_VITIS_LOOP_90_9' pipeline type 'loop pipeline'
INFO: [RTGEN 206-100] Generating core module 'mac_muladd_8s_8s_32s_32_4_1': 1 instance(s).
INFO: [RTGEN 206-100] Generating core module 'sparsemux_17_3_8_1_1': 2 instance(s).
INFO: [RTGEN 206-100] Generating core module 'sparsemux_21_4_8_1_1': 88 instance(s).
INFO: [RTGEN 206-100] Generating core module 'sparsemux_7_2_8_1_1': 32 instance(s).
INFO: [RTGEN 206-100] Finished creating RTL model for 'run_dwconv_Pipeline_VITIS_LOOP_89_8_VITIS_LOOP_90_9112'.
INFO: [HLS 200-111] Finished Creating RTL model: CPU user time: 5 seconds. CPU system time: 0 seconds. Elapsed time: 4.617 seconds; current allocated memory: 6.847 GB.
INFO: [HLS 200-10] ----------------------------------------------------------------
INFO: [HLS 200-10] -- Generating RTL for module 'run_dwconv_Pipeline_VITIS_LOOP_89_8_VITIS_LOOP_90_9113' 
INFO: [HLS 200-10] ----------------------------------------------------------------
INFO: [HLS 200-1030] Apply Unified Pipeline Control on module 'run_dwconv_Pipeline_VITIS_LOOP_89_8_VITIS_LOOP_90_9113' pipeline 'VITIS_LOOP_89_8_VITIS_LOOP_90_9' pipeline type 'loop pipeline'
INFO: [RTGEN 206-100] Generating core module 'mac_muladd_8s_8s_32s_32_4_1': 1 instance(s).
INFO: [RTGEN 206-100] Generating core module 'sparsemux_17_3_8_1_1': 2 instance(s).
INFO: [RTGEN 206-100] Generating core module 'sparsemux_21_4_8_1_1': 88 instance(s).
INFO: [RTGEN 206-100] Generating core module 'sparsemux_7_2_8_1_1': 32 instance(s).
INFO: [RTGEN 206-100] Finished creating RTL model for 'run_dwconv_Pipeline_VITIS_LOOP_89_8_VITIS_LOOP_90_9113'.
INFO: [HLS 200-111] Finished Creating RTL model: CPU user time: 1 seconds. CPU system time: 0 seconds. Elapsed time: 1.925 seconds; current allocated memory: 6.884 GB.
INFO: [HLS 200-10] ----------------------------------------------------------------
INFO: [HLS 200-10] -- Generating RTL for module 'run_dwconv_Pipeline_VITIS_LOOP_89_8_VITIS_LOOP_90_9114' 
INFO: [HLS 200-10] ----------------------------------------------------------------
INFO: [HLS 200-1030] Apply Unified Pipeline Control on module 'run_dwconv_Pipeline_VITIS_LOOP_89_8_VITIS_LOOP_90_9114' pipeline 'VITIS_LOOP_89_8_VITIS_LOOP_90_9' pipeline type 'loop pipeline'
INFO: [RTGEN 206-100] Generating core module 'mac_muladd_8s_8s_32s_32_4_1': 1 instance(s).
INFO: [RTGEN 206-100] Generating core module 'sparsemux_17_3_8_1_1': 2 instance(s).
INFO: [RTGEN 206-100] Generating core module 'sparsemux_21_4_8_1_1': 88 instance(s).
INFO: [RTGEN 206-100] Generating core module 'sparsemux_7_2_8_1_1': 32 instance(s).
INFO: [RTGEN 206-100] Finished creating RTL model for 'run_dwconv_Pipeline_VITIS_LOOP_89_8_VITIS_LOOP_90_9114'.
INFO: [HLS 200-111] Finished Creating RTL model: CPU user time: 4 seconds. CPU system time: 1 seconds. Elapsed time: 4.624 seconds; current allocated memory: 6.922 GB.
INFO: [HLS 200-10] ----------------------------------------------------------------
INFO: [HLS 200-10] -- Generating RTL for module 'run_dwconv_Pipeline_VITIS_LOOP_89_8_VITIS_LOOP_90_9115' 
INFO: [HLS 200-10] ----------------------------------------------------------------
INFO: [HLS 200-1030] Apply Unified Pipeline Control on module 'run_dwconv_Pipeline_VITIS_LOOP_89_8_VITIS_LOOP_90_9115' pipeline 'VITIS_LOOP_89_8_VITIS_LOOP_90_9' pipeline type 'loop pipeline'
INFO: [RTGEN 206-100] Generating core module 'mac_muladd_8s_8s_32s_32_4_1': 1 instance(s).
INFO: [RTGEN 206-100] Generating core module 'sparsemux_17_3_8_1_1': 2 instance(s).
INFO: [RTGEN 206-100] Generating core module 'sparsemux_21_4_8_1_1': 88 instance(s).
INFO: [RTGEN 206-100] Generating core module 'sparsemux_7_2_8_1_1': 32 instance(s).
INFO: [RTGEN 206-100] Finished creating RTL model for 'run_dwconv_Pipeline_VITIS_LOOP_89_8_VITIS_LOOP_90_9115'.
INFO: [HLS 200-111] Finished Creating RTL model: CPU user time: 2 seconds. CPU system time: 0 seconds. Elapsed time: 1.946 seconds; current allocated memory: 6.958 GB.
INFO: [HLS 200-10] ----------------------------------------------------------------
INFO: [HLS 200-10] -- Generating RTL for module 'run_dwconv_Pipeline_VITIS_LOOP_89_8_VITIS_LOOP_90_9116' 
INFO: [HLS 200-10] ----------------------------------------------------------------
INFO: [HLS 200-1030] Apply Unified Pipeline Control on module 'run_dwconv_Pipeline_VITIS_LOOP_89_8_VITIS_LOOP_90_9116' pipeline 'VITIS_LOOP_89_8_VITIS_LOOP_90_9' pipeline type 'loop pipeline'
INFO: [RTGEN 206-100] Generating core module 'mac_muladd_8s_8s_32s_32_4_1': 1 instance(s).
INFO: [RTGEN 206-100] Generating core module 'sparsemux_17_3_8_1_1': 2 instance(s).
INFO: [RTGEN 206-100] Generating core module 'sparsemux_21_4_8_1_1': 88 instance(s).
INFO: [RTGEN 206-100] Generating core module 'sparsemux_7_2_8_1_1': 32 instance(s).
INFO: [RTGEN 206-100] Finished creating RTL model for 'run_dwconv_Pipeline_VITIS_LOOP_89_8_VITIS_LOOP_90_9116'.
INFO: [HLS 200-111] Finished Creating RTL model: CPU user time: 5 seconds. CPU system time: 0 seconds. Elapsed time: 4.647 seconds; current allocated memory: 6.995 GB.
INFO: [HLS 200-10] ----------------------------------------------------------------
INFO: [HLS 200-10] -- Generating RTL for module 'run_dwconv_Pipeline_VITIS_LOOP_89_8_VITIS_LOOP_90_9117' 
INFO: [HLS 200-10] ----------------------------------------------------------------
INFO: [HLS 200-1030] Apply Unified Pipeline Control on module 'run_dwconv_Pipeline_VITIS_LOOP_89_8_VITIS_LOOP_90_9117' pipeline 'VITIS_LOOP_89_8_VITIS_LOOP_90_9' pipeline type 'loop pipeline'
INFO: [RTGEN 206-100] Generating core module 'mac_muladd_8s_8s_32s_32_4_1': 1 instance(s).
INFO: [RTGEN 206-100] Generating core module 'sparsemux_17_3_8_1_1': 2 instance(s).
INFO: [RTGEN 206-100] Generating core module 'sparsemux_21_4_8_1_1': 88 instance(s).
INFO: [RTGEN 206-100] Generating core module 'sparsemux_7_2_8_1_1': 32 instance(s).
INFO: [RTGEN 206-100] Finished creating RTL model for 'run_dwconv_Pipeline_VITIS_LOOP_89_8_VITIS_LOOP_90_9117'.
INFO: [HLS 200-111] Finished Creating RTL model: CPU user time: 1 seconds. CPU system time: 0 seconds. Elapsed time: 1.917 seconds; current allocated memory: 7.032 GB.
INFO: [HLS 200-10] ----------------------------------------------------------------
INFO: [HLS 200-10] -- Generating RTL for module 'run_dwconv_Pipeline_VITIS_LOOP_89_8_VITIS_LOOP_90_9118' 
INFO: [HLS 200-10] ----------------------------------------------------------------
INFO: [HLS 200-1030] Apply Unified Pipeline Control on module 'run_dwconv_Pipeline_VITIS_LOOP_89_8_VITIS_LOOP_90_9118' pipeline 'VITIS_LOOP_89_8_VITIS_LOOP_90_9' pipeline type 'loop pipeline'
INFO: [RTGEN 206-100] Generating core module 'mac_muladd_8s_8s_32s_32_4_1': 1 instance(s).
INFO: [RTGEN 206-100] Generating core module 'sparsemux_17_3_8_1_1': 2 instance(s).
INFO: [RTGEN 206-100] Generating core module 'sparsemux_21_4_8_1_1': 88 instance(s).
INFO: [RTGEN 206-100] Generating core module 'sparsemux_7_2_8_1_1': 32 instance(s).
INFO: [RTGEN 206-100] Finished creating RTL model for 'run_dwconv_Pipeline_VITIS_LOOP_89_8_VITIS_LOOP_90_9118'.
INFO: [HLS 200-111] Finished Creating RTL model: CPU user time: 5 seconds. CPU system time: 1 seconds. Elapsed time: 4.687 seconds; current allocated memory: 7.069 GB.
INFO: [HLS 200-10] ----------------------------------------------------------------
INFO: [HLS 200-10] -- Generating RTL for module 'run_dwconv_Pipeline_VITIS_LOOP_89_8_VITIS_LOOP_90_9119' 
INFO: [HLS 200-10] ----------------------------------------------------------------
INFO: [HLS 200-1030] Apply Unified Pipeline Control on module 'run_dwconv_Pipeline_VITIS_LOOP_89_8_VITIS_LOOP_90_9119' pipeline 'VITIS_LOOP_89_8_VITIS_LOOP_90_9' pipeline type 'loop pipeline'
INFO: [RTGEN 206-100] Generating core module 'mac_muladd_8s_8s_32s_32_4_1': 1 instance(s).
INFO: [RTGEN 206-100] Generating core module 'sparsemux_17_3_8_1_1': 2 instance(s).
INFO: [RTGEN 206-100] Generating core module 'sparsemux_21_4_8_1_1': 88 instance(s).
INFO: [RTGEN 206-100] Generating core module 'sparsemux_7_2_8_1_1': 32 instance(s).
INFO: [RTGEN 206-100] Finished creating RTL model for 'run_dwconv_Pipeline_VITIS_LOOP_89_8_VITIS_LOOP_90_9119'.
INFO: [HLS 200-111] Finished Creating RTL model: CPU user time: 1 seconds. CPU system time: 0 seconds. Elapsed time: 1.946 seconds; current allocated memory: 7.106 GB.
INFO: [HLS 200-10] ----------------------------------------------------------------
INFO: [HLS 200-10] -- Generating RTL for module 'run_dwconv_Pipeline_VITIS_LOOP_89_8_VITIS_LOOP_90_9120' 
INFO: [HLS 200-10] ----------------------------------------------------------------
INFO: [HLS 200-1030] Apply Unified Pipeline Control on module 'run_dwconv_Pipeline_VITIS_LOOP_89_8_VITIS_LOOP_90_9120' pipeline 'VITIS_LOOP_89_8_VITIS_LOOP_90_9' pipeline type 'loop pipeline'
INFO: [RTGEN 206-100] Generating core module 'mac_muladd_8s_8s_32s_32_4_1': 1 instance(s).
INFO: [RTGEN 206-100] Generating core module 'sparsemux_17_3_8_1_1': 2 instance(s).
INFO: [RTGEN 206-100] Generating core module 'sparsemux_21_4_8_1_1': 88 instance(s).
INFO: [RTGEN 206-100] Generating core module 'sparsemux_7_2_8_1_1': 32 instance(s).
INFO: [RTGEN 206-100] Finished creating RTL model for 'run_dwconv_Pipeline_VITIS_LOOP_89_8_VITIS_LOOP_90_9120'.
INFO: [HLS 200-111] Finished Creating RTL model: CPU user time: 5 seconds. CPU system time: 0 seconds. Elapsed time: 4.69 seconds; current allocated memory: 7.142 GB.
INFO: [HLS 200-10] ----------------------------------------------------------------
INFO: [HLS 200-10] -- Generating RTL for module 'run_dwconv_Pipeline_VITIS_LOOP_89_8_VITIS_LOOP_90_9121' 
INFO: [HLS 200-10] ----------------------------------------------------------------
INFO: [HLS 200-1030] Apply Unified Pipeline Control on module 'run_dwconv_Pipeline_VITIS_LOOP_89_8_VITIS_LOOP_90_9121' pipeline 'VITIS_LOOP_89_8_VITIS_LOOP_90_9' pipeline type 'loop pipeline'
INFO: [RTGEN 206-100] Generating core module 'mac_muladd_8s_8s_32s_32_4_1': 1 instance(s).
INFO: [RTGEN 206-100] Generating core module 'sparsemux_17_3_8_1_1': 2 instance(s).
INFO: [RTGEN 206-100] Generating core module 'sparsemux_21_4_8_1_1': 88 instance(s).
INFO: [RTGEN 206-100] Generating core module 'sparsemux_7_2_8_1_1': 32 instance(s).
INFO: [RTGEN 206-100] Finished creating RTL model for 'run_dwconv_Pipeline_VITIS_LOOP_89_8_VITIS_LOOP_90_9121'.
INFO: [HLS 200-111] Finished Creating RTL model: CPU user time: 2 seconds. CPU system time: 0 seconds. Elapsed time: 1.965 seconds; current allocated memory: 7.180 GB.
INFO: [HLS 200-10] ----------------------------------------------------------------
INFO: [HLS 200-10] -- Generating RTL for module 'run_dwconv_Pipeline_VITIS_LOOP_89_8_VITIS_LOOP_90_9122' 
INFO: [HLS 200-10] ----------------------------------------------------------------
INFO: [HLS 200-1030] Apply Unified Pipeline Control on module 'run_dwconv_Pipeline_VITIS_LOOP_89_8_VITIS_LOOP_90_9122' pipeline 'VITIS_LOOP_89_8_VITIS_LOOP_90_9' pipeline type 'loop pipeline'
INFO: [RTGEN 206-100] Generating core module 'mac_muladd_8s_8s_32s_32_4_1': 1 instance(s).
INFO: [RTGEN 206-100] Generating core module 'sparsemux_17_3_8_1_1': 2 instance(s).
INFO: [RTGEN 206-100] Generating core module 'sparsemux_21_4_8_1_1': 88 instance(s).
INFO: [RTGEN 206-100] Generating core module 'sparsemux_7_2_8_1_1': 32 instance(s).
INFO: [RTGEN 206-100] Finished creating RTL model for 'run_dwconv_Pipeline_VITIS_LOOP_89_8_VITIS_LOOP_90_9122'.
INFO: [HLS 200-111] Finished Creating RTL model: CPU user time: 4 seconds. CPU system time: 0 seconds. Elapsed time: 4.687 seconds; current allocated memory: 7.217 GB.
INFO: [HLS 200-10] ----------------------------------------------------------------
INFO: [HLS 200-10] -- Generating RTL for module 'run_dwconv_Pipeline_VITIS_LOOP_89_8_VITIS_LOOP_90_9123' 
INFO: [HLS 200-10] ----------------------------------------------------------------
INFO: [HLS 200-1030] Apply Unified Pipeline Control on module 'run_dwconv_Pipeline_VITIS_LOOP_89_8_VITIS_LOOP_90_9123' pipeline 'VITIS_LOOP_89_8_VITIS_LOOP_90_9' pipeline type 'loop pipeline'
INFO: [RTGEN 206-100] Generating core module 'mac_muladd_8s_8s_32s_32_4_1': 1 instance(s).
INFO: [RTGEN 206-100] Generating core module 'sparsemux_17_3_8_1_1': 2 instance(s).
INFO: [RTGEN 206-100] Generating core module 'sparsemux_21_4_8_1_1': 88 instance(s).
INFO: [RTGEN 206-100] Generating core module 'sparsemux_7_2_8_1_1': 32 instance(s).
INFO: [RTGEN 206-100] Finished creating RTL model for 'run_dwconv_Pipeline_VITIS_LOOP_89_8_VITIS_LOOP_90_9123'.
INFO: [HLS 200-111] Finished Creating RTL model: CPU user time: 2 seconds. CPU system time: 0 seconds. Elapsed time: 1.979 seconds; current allocated memory: 7.255 GB.
INFO: [HLS 200-10] ----------------------------------------------------------------
INFO: [HLS 200-10] -- Generating RTL for module 'run_dwconv_Pipeline_VITIS_LOOP_89_8_VITIS_LOOP_90_9124' 
INFO: [HLS 200-10] ----------------------------------------------------------------
INFO: [HLS 200-1030] Apply Unified Pipeline Control on module 'run_dwconv_Pipeline_VITIS_LOOP_89_8_VITIS_LOOP_90_9124' pipeline 'VITIS_LOOP_89_8_VITIS_LOOP_90_9' pipeline type 'loop pipeline'
INFO: [RTGEN 206-100] Generating core module 'mac_muladd_8s_8s_32s_32_4_1': 1 instance(s).
INFO: [RTGEN 206-100] Generating core module 'sparsemux_17_3_8_1_1': 2 instance(s).
INFO: [RTGEN 206-100] Generating core module 'sparsemux_21_4_8_1_1': 88 instance(s).
INFO: [RTGEN 206-100] Generating core module 'sparsemux_7_2_8_1_1': 32 instance(s).
INFO: [RTGEN 206-100] Finished creating RTL model for 'run_dwconv_Pipeline_VITIS_LOOP_89_8_VITIS_LOOP_90_9124'.
INFO: [HLS 200-111] Finished Creating RTL model: CPU user time: 4 seconds. CPU system time: 1 seconds. Elapsed time: 4.711 seconds; current allocated memory: 7.292 GB.
INFO: [HLS 200-10] ----------------------------------------------------------------
INFO: [HLS 200-10] -- Generating RTL for module 'run_dwconv_Pipeline_VITIS_LOOP_89_8_VITIS_LOOP_90_9125' 
INFO: [HLS 200-10] ----------------------------------------------------------------
INFO: [HLS 200-1030] Apply Unified Pipeline Control on module 'run_dwconv_Pipeline_VITIS_LOOP_89_8_VITIS_LOOP_90_9125' pipeline 'VITIS_LOOP_89_8_VITIS_LOOP_90_9' pipeline type 'loop pipeline'
INFO: [RTGEN 206-100] Generating core module 'mac_muladd_8s_8s_32s_32_4_1': 1 instance(s).
INFO: [RTGEN 206-100] Generating core module 'sparsemux_17_3_8_1_1': 2 instance(s).
INFO: [RTGEN 206-100] Generating core module 'sparsemux_21_4_8_1_1': 88 instance(s).
INFO: [RTGEN 206-100] Generating core module 'sparsemux_7_2_8_1_1': 32 instance(s).
INFO: [RTGEN 206-100] Finished creating RTL model for 'run_dwconv_Pipeline_VITIS_LOOP_89_8_VITIS_LOOP_90_9125'.
INFO: [HLS 200-111] Finished Creating RTL model: CPU user time: 2 seconds. CPU system time: 0 seconds. Elapsed time: 1.989 seconds; current allocated memory: 7.331 GB.
INFO: [HLS 200-10] ----------------------------------------------------------------
INFO: [HLS 200-10] -- Generating RTL for module 'run_dwconv_Pipeline_VITIS_LOOP_89_8_VITIS_LOOP_90_9126' 
INFO: [HLS 200-10] ----------------------------------------------------------------
INFO: [HLS 200-1030] Apply Unified Pipeline Control on module 'run_dwconv_Pipeline_VITIS_LOOP_89_8_VITIS_LOOP_90_9126' pipeline 'VITIS_LOOP_89_8_VITIS_LOOP_90_9' pipeline type 'loop pipeline'
INFO: [RTGEN 206-100] Generating core module 'mac_muladd_8s_8s_32s_32_4_1': 1 instance(s).
INFO: [RTGEN 206-100] Generating core module 'sparsemux_17_3_8_1_1': 2 instance(s).
INFO: [RTGEN 206-100] Generating core module 'sparsemux_21_4_8_1_1': 88 instance(s).
INFO: [RTGEN 206-100] Generating core module 'sparsemux_7_2_8_1_1': 32 instance(s).
INFO: [RTGEN 206-100] Finished creating RTL model for 'run_dwconv_Pipeline_VITIS_LOOP_89_8_VITIS_LOOP_90_9126'.
INFO: [HLS 200-111] Finished Creating RTL model: CPU user time: 5 seconds. CPU system time: 0 seconds. Elapsed time: 4.68 seconds; current allocated memory: 7.367 GB.
INFO: [HLS 200-10] ----------------------------------------------------------------
INFO: [HLS 200-10] -- Generating RTL for module 'run_dwconv' 
INFO: [HLS 200-10] ----------------------------------------------------------------
INFO: [RTGEN 206-104] Estimated max fanout for 'run_dwconv' is 7236 from HDL expression: (1'b1 == ap_CS_fsm_state15)
INFO: [RTGEN 206-100] Generating core module 'mul_31ns_32ns_63_2_1': 2 instance(s).
INFO: [RTGEN 206-100] Generating core module 'mul_31ns_32s_32_2_1': 1 instance(s).
INFO: [RTGEN 206-100] Generating core module 'sparsemux_17_3_32_1_1': 2 instance(s).
INFO: [RTGEN 206-100] Finished creating RTL model for 'run_dwconv'.
INFO: [HLS 200-111] Finished Creating RTL model: CPU user time: 4 seconds. CPU system time: 0 seconds. Elapsed time: 5.307 seconds; current allocated memory: 7.622 GB.
INFO: [HLS 200-10] ----------------------------------------------------------------
INFO: [HLS 200-10] -- Generating RTL for module 'mac_array_top' 
INFO: [HLS 200-10] ----------------------------------------------------------------
INFO: [RTGEN 206-500] Setting interface mode on port 'mac_array_top/desc' to 'ap_none'.
INFO: [RTGEN 206-500] Setting interface mode on port 'mac_array_top/n_layers' to 'ap_none'.
INFO: [RTGEN 206-500] Setting interface mode on port 'mac_array_top/in_base' to 'ap_none'.
INFO: [RTGEN 206-500] Setting interface mode on port 'mac_array_top/w_base' to 'ap_none'.
INFO: [RTGEN 206-500] Setting interface mode on port 'mac_array_top/b_base' to 'ap_none'.
INFO: [RTGEN 206-500] Setting interface mode on port 'mac_array_top/out_base' to 'ap_vld'.
INFO: [RTGEN 206-500] Setting interface mode on port 'mac_array_top/out_written' to 'ap_vld'.
INFO: [RTGEN 206-500] Setting interface mode on function 'mac_array_top' to 'ap_ctrl_hs'.
INFO: [RTGEN 206-100] Finished creating RTL model for 'mac_array_top'.
INFO: [HLS 200-111] Finished Creating RTL model: CPU user time: 4 seconds. CPU system time: 1 seconds. Elapsed time: 4.284 seconds; current allocated memory: 7.785 GB.
INFO: [HLS 200-111] Finished Generating all RTL models: CPU user time: 4 seconds. CPU system time: 1 seconds. Elapsed time: 4.681 seconds; current allocated memory: 7.895 GB.
INFO: [HLS 200-111] Finished Updating report files: CPU user time: 26 seconds. CPU system time: 2 seconds. Elapsed time: 29.46 seconds; current allocated memory: 8.118 GB.
INFO: [VHDL 208-304] Generating VHDL RTL for mac_array_top.
INFO: [VLOG 209-307] Generating Verilog RTL for mac_array_top.
INFO: [HLS 200-790] **** Loop Constraint Status: All loop constraints were satisfied.
INFO: [HLS 200-789] **** Estimated Fmax: 119.70 MHz
INFO: [HLS 200-2161] Finished Command csynth_design Elapsed time: 00:08:54; Allocated memory: 6.823 GB.
INFO: [HLS 200-1510] Running: open_project -reset mac_array_poc_u128 
